event_id,parcel_id,timestamp,event_type,previous_version,resulting_version,source,actor_type,reason,related_parcel_ids
EVT-000001,IN-DL-110054-1-101,1989-01-01 09:00:00,PARCEL_CREATED,,V1,HISTORICAL_CADASTRE,SYSTEM,Historical parcel created,
EVT-000002,IN-DL-110054-1-101,2009-03-15 11:00:00,SPLIT,V1,RETIRED,MUTATION_REGISTER_SYNTH,AUTHORITY,Subdivision mutation in CELL-01,IN-DL-110054-1-91
EVT-000003,IN-DL-110054-1-101,2009-03-15 11:00:00,SPLIT,V1,RETIRED,MUTATION_REGISTER_SYNTH,AUTHORITY,Subdivision mutation in CELL-01,IN-DL-110054-1-92
EVT-000004,IN-DL-110054-1-102,1991-01-01 09:00:00,PARCEL_CREATED,,V1,HISTORICAL_CADASTRE,SYSTEM,Historical parcel created,
EVT-000005,IN-DL-110054-1-102,2011-07-10 11:00:00,MERGE,V1,RETIRED,MUTATION_REGISTER_SYNTH,AUTHORITY,Plot consolidation in CELL-01,IN-DL-110054-1-93
EVT-000006,IN-DL-110054-1-103,1991-01-01 09:00:00,PARCEL_CREATED,,V1,HISTORICAL_CADASTRE,SYSTEM,Historical parcel created,
EVT-000007,IN-DL-110054-1-103,2011-07-10 11:00:00,MERGE,V1,RETIRED,MUTATION_REGISTER_SYNTH,AUTHORITY,Plot consolidation in CELL-01,IN-DL-110054-1-93
EVT-000008,IN-DL-110054-1-104,1997-01-01 09:00:00,PARCEL_CREATED,,V1,HISTORICAL_CADASTRE,SYSTEM,Historical parcel created,
EVT-000009,IN-DL-110054-1-104,2017-11-05 11:00:00,MERGE,V1,RETIRED,MUTATION_REGISTER_SYNTH,AUTHORITY,Redevelopment consolidation in CELL-01,IN-DL-110054-1-94
EVT-000010,IN-DL-110054-1-105,1997-01-01 09:00:00,PARCEL_CREATED,,V1,HISTORICAL_CADASTRE,SYSTEM,Historical parcel created,
EVT-000011,IN-DL-110054-1-105,2017-11-05 11:00:00,MERGE,V1,RETIRED,MUTATION_REGISTER_SYNTH,AUTHORITY,Redevelopment consolidation in CELL-01,IN-DL-110054-1-94
EVT-000012,IN-DL-110054-1-106,1999-01-01 09:00:00,PARCEL_CREATED,,V1,HISTORICAL_CADASTRE,SYSTEM,Historical parcel created,
EVT-000013,IN-DL-110054-1-106,2019-04-12 11:00:00,SPLIT,V1,RETIRED,MUTATION_REGISTER_SYNTH,AUTHORITY,Late corner-plot subdivision,IN-DL-110054-1-95
EVT-000014,IN-DL-110054-1-106,2019-04-12 11:00:00,SPLIT,V1,RETIRED,MUTATION_REGISTER_SYNTH,AUTHORITY,Late corner-plot subdivision,IN-DL-110054-1-96
EVT-000015,IN-DL-110054-2-101,1990-01-01 09:00:00,PARCEL_CREATED,,V1,HISTORICAL_CADASTRE,SYSTEM,Historical parcel created,
EVT-000016,IN-DL-110054-2-101,2010-03-15 11:00:00,SPLIT,V1,RETIRED,MUTATION_REGISTER_SYNTH,AUTHORITY,Subdivision mutation in CELL-02,IN-DL-110054-2-91
EVT-000017,IN-DL-110054-2-101,2010-03-15 11:00:00,SPLIT,V1,RETIRED,MUTATION_REGISTER_SYNTH,AUTHORITY,Subdivision mutation in CELL-02,IN-DL-110054-2-92
EVT-000018,IN-DL-110054-2-102,1992-01-01 09:00:00,PARCEL_CREATED,,V1,HISTORICAL_CADASTRE,SYSTEM,Historical parcel created,
EVT-000019,IN-DL-110054-2-102,2012-07-10 11:00:00,MERGE,V1,RETIRED,MUTATION_REGISTER_SYNTH,AUTHORITY,Plot consolidation in CELL-02,IN-DL-110054-2-93
EVT-000020,IN-DL-110054-2-103,1992-01-01 09:00:00,PARCEL_CREATED,,V1,HISTORICAL_CADASTRE,SYSTEM,Historical parcel created,
EVT-000021,IN-DL-110054-2-103,2012-07-10 11:00:00,MERGE,V1,RETIRED,MUTATION_REGISTER_SYNTH,AUTHORITY,Plot consolidation in CELL-02,IN-DL-110054-2-93
EVT-000022,IN-DL-110054-2-104,1998-01-01 09:00:00,PARCEL_CREATED,,V1,HISTORICAL_CADASTRE,SYSTEM,Historical parcel created,
EVT-000023,IN-DL-110054-2-104,2018-11-05 11:00:00,MERGE,V1,RETIRED,MUTATION_REGISTER_SYNTH,AUTHORITY,Redevelopment consolidation in CELL-02,IN-DL-110054-2-94
EVT-000024,IN-DL-110054-2-105,1998-01-01 09:00:00,PARCEL_CREATED,,V1,HISTORICAL_CADASTRE,SYSTEM,Historical parcel created,
EVT-000025,IN-DL-110054-2-105,2018-11-05 11:00:00,MERGE,V1,RETIRED,MUTATION_REGISTER_SYNTH,AUTHORITY,Redevelopment consolidation in CELL-02,IN-DL-110054-2-94
EVT-000026,IN-DL-110054-2-106,2001-01-01 09:00:00,PARCEL_CREATED,,V1,HISTORICAL_CADASTRE,SYSTEM,Historical parcel created,
EVT-000027,IN-DL-110054-2-106,2021-02-18 11:00:00,SPLIT,V1,RETIRED,MUTATION_REGISTER_SYNTH,AUTHORITY,Cell-boundary reindexing after subdivision,IN-DL-110054-2-100
EVT-000028,IN-DL-110054-2-106,2021-02-18 11:00:00,SPLIT,V1,RETIRED,MUTATION_REGISTER_SYNTH,AUTHORITY,Cell-boundary reindexing after subdivision,IN-DL-110054-3-1
EVT-000029,IN-DL-110054-3-101,1991-01-01 09:00:00,PARCEL_CREATED,,V1,HISTORICAL_CADASTRE,SYSTEM,Historical parcel created,
EVT-000030,IN-DL-110054-3-101,2011-03-15 11:00:00,SPLIT,V1,RETIRED,MUTATION_REGISTER_SYNTH,AUTHORITY,Subdivision mutation in CELL-03,IN-DL-110054-3-91
EVT-000031,IN-DL-110054-3-101,2011-03-15 11:00:00,SPLIT,V1,RETIRED,MUTATION_REGISTER_SYNTH,AUTHORITY,Subdivision mutation in CELL-03,IN-DL-110054-3-92
EVT-000032,IN-DL-110054-3-102,1993-01-01 09:00:00,PARCEL_CREATED,,V1,HISTORICAL_CADASTRE,SYSTEM,Historical parcel created,
EVT-000033,IN-DL-110054-3-102,2013-07-10 11:00:00,MERGE,V1,RETIRED,MUTATION_REGISTER_SYNTH,AUTHORITY,Plot consolidation in CELL-03,IN-DL-110054-3-93
EVT-000034,IN-DL-110054-3-103,1993-01-01 09:00:00,PARCEL_CREATED,,V1,HISTORICAL_CADASTRE,SYSTEM,Historical parcel created,
EVT-000035,IN-DL-110054-3-103,2013-07-10 11:00:00,MERGE,V1,RETIRED,MUTATION_REGISTER_SYNTH,AUTHORITY,Plot consolidation in CELL-03,IN-DL-110054-3-93
EVT-000036,IN-DL-110054-3-104,1999-01-01 09:00:00,PARCEL_CREATED,,V1,HISTORICAL_CADASTRE,SYSTEM,Historical parcel created,
EVT-000037,IN-DL-110054-3-104,2019-11-05 11:00:00,MERGE,V1,RETIRED,MUTATION_REGISTER_SYNTH,AUTHORITY,Redevelopment consolidation in CELL-03,IN-DL-110054-3-94
EVT-000038,IN-DL-110054-3-105,1999-01-01 09:00:00,PARCEL_CREATED,,V1,HISTORICAL_CADASTRE,SYSTEM,Historical parcel created,
EVT-000039,IN-DL-110054-3-105,2019-11-05 11:00:00,MERGE,V1,RETIRED,MUTATION_REGISTER_SYNTH,AUTHORITY,Redevelopment consolidation in CELL-03,IN-DL-110054-3-94
EVT-000040,IN-DL-110054-3-106,2000-01-01 09:00:00,PARCEL_CREATED,,V1,HISTORICAL_CADASTRE,SYSTEM,Historical parcel created,
EVT-000041,IN-DL-110054-3-106,2020-09-03 11:00:00,SPLIT,V1,RETIRED,MUTATION_REGISTER_SYNTH,AUTHORITY,Builder-floor subdivision,IN-DL-110054-3-95
EVT-000042,IN-DL-110054-3-106,2020-09-03 11:00:00,SPLIT,V1,RETIRED,MUTATION_REGISTER_SYNTH,AUTHORITY,Builder-floor subdivision,IN-DL-110054-3-96
EVT-000043,IN-DL-110054-4-101,1992-01-01 09:00:00,PARCEL_CREATED,,V1,HISTORICAL_CADASTRE,SYSTEM,Historical parcel created,
EVT-000044,IN-DL-110054-4-101,2012-03-15 11:00:00,SPLIT,V1,RETIRED,MUTATION_REGISTER_SYNTH,AUTHORITY,Subdivision mutation in CELL-04,IN-DL-110054-4-91
EVT-000045,IN-DL-110054-4-101,2012-03-15 11:00:00,SPLIT,V1,RETIRED,MUTATION_REGISTER_SYNTH,AUTHORITY,Subdivision mutation in CELL-04,IN-DL-110054-4-92
EVT-000046,IN-DL-110054-4-102,1994-01-01 09:00:00,PARCEL_CREATED,,V1,HISTORICAL_CADASTRE,SYSTEM,Historical parcel created,
EVT-000047,IN-DL-110054-4-102,2014-07-10 11:00:00,MERGE,V1,RETIRED,MUTATION_REGISTER_SYNTH,AUTHORITY,Plot consolidation in CELL-04,IN-DL-110054-4-93
EVT-000048,IN-DL-110054-4-103,1994-01-01 09:00:00,PARCEL_CREATED,,V1,HISTORICAL_CADASTRE,SYSTEM,Historical parcel created,
EVT-000049,IN-DL-110054-4-103,2014-07-10 11:00:00,MERGE,V1,RETIRED,MUTATION_REGISTER_SYNTH,AUTHORITY,Plot consolidation in CELL-04,IN-DL-110054-4-93
EVT-000050,IN-DL-110054-4-104,2000-01-01 09:00:00,PARCEL_CREATED,,V1,HISTORICAL_CADASTRE,SYSTEM,Historical parcel created,
EVT-000051,IN-DL-110054-4-104,2020-11-05 11:00:00,MERGE,V1,RETIRED,MUTATION_REGISTER_SYNTH,AUTHORITY,Redevelopment consolidation in CELL-04,IN-DL-110054-4-94
EVT-000052,IN-DL-110054-4-105,2000-01-01 09:00:00,PARCEL_CREATED,,V1,HISTORICAL_CADASTRE,SYSTEM,Historical parcel created,
EVT-000053,IN-DL-110054-4-105,2020-11-05 11:00:00,MERGE,V1,RETIRED,MUTATION_REGISTER_SYNTH,AUTHORITY,Redevelopment consolidation in CELL-04,IN-DL-110054-4-94
EVT-000054,IN-DL-110054-4-106,2002-01-01 09:00:00,PARCEL_CREATED,,V1,HISTORICAL_CADASTRE,SYSTEM,Historical parcel created,
EVT-000055,IN-DL-110054-4-106,2022-06-27 11:00:00,MERGE,V1,RETIRED,MUTATION_REGISTER_SYNTH,AUTHORITY,Cross-cell consolidation after grid correction,IN-DL-110054-5-100
EVT-000056,IN-DL-110054-5-101,1993-01-01 09:00:00,PARCEL_CREATED,,V1,HISTORICAL_CADASTRE,SYSTEM,Historical parcel created,
EVT-000057,IN-DL-110054-5-101,2013-03-15 11:00:00,SPLIT,V1,RETIRED,MUTATION_REGISTER_SYNTH,AUTHORITY,Subdivision mutation in CELL-05,IN-DL-110054-5-91
EVT-000058,IN-DL-110054-5-101,2013-03-15 11:00:00,SPLIT,V1,RETIRED,MUTATION_REGISTER_SYNTH,AUTHORITY,Subdivision mutation in CELL-05,IN-DL-110054-5-92
EVT-000059,IN-DL-110054-5-102,1995-01-01 09:00:00,PARCEL_CREATED,,V1,HISTORICAL_CADASTRE,SYSTEM,Historical parcel created,
EVT-000060,IN-DL-110054-5-102,2015-07-10 11:00:00,MERGE,V1,RETIRED,MUTATION_REGISTER_SYNTH,AUTHORITY,Plot consolidation in CELL-05,IN-DL-110054-5-93
EVT-000061,IN-DL-110054-5-103,1995-01-01 09:00:00,PARCEL_CREATED,,V1,HISTORICAL_CADASTRE,SYSTEM,Historical parcel created,
EVT-000062,IN-DL-110054-5-103,2015-07-10 11:00:00,MERGE,V1,RETIRED,MUTATION_REGISTER_SYNTH,AUTHORITY,Plot consolidation in CELL-05,IN-DL-110054-5-93
EVT-000063,IN-DL-110054-5-104,1996-01-01 09:00:00,PARCEL_CREATED,,V1,HISTORICAL_CADASTRE,SYSTEM,Historical parcel created,
EVT-000064,IN-DL-110054-5-104,2016-11-05 11:00:00,MERGE,V1,RETIRED,MUTATION_REGISTER_SYNTH,AUTHORITY,Redevelopment consolidation in CELL-05,IN-DL-110054-5-94
EVT-000065,IN-DL-110054-5-105,1996-01-01 09:00:00,PARCEL_CREATED,,V1,HISTORICAL_CADASTRE,SYSTEM,Historical parcel created,
EVT-000066,IN-DL-110054-5-105,2016-11-05 11:00:00,MERGE,V1,RETIRED,MUTATION_REGISTER_SYNTH,AUTHORITY,Redevelopment consolidation in CELL-05,IN-DL-110054-5-94
EVT-000067,IN-DL-110054-5-106,2002-01-01 09:00:00,PARCEL_CREATED,,V1,HISTORICAL_CADASTRE,SYSTEM,Historical parcel created,
EVT-000068,IN-DL-110054-5-106,2022-06-27 11:00:00,MERGE,V1,RETIRED,MUTATION_REGISTER_SYNTH,AUTHORITY,Cross-cell consolidation after grid correction,IN-DL-110054-5-100
EVT-000069,IN-DL-110054-6-101,1994-01-01 09:00:00,PARCEL_CREATED,,V1,HISTORICAL_CADASTRE,SYSTEM,Historical parcel created,
EVT-000070,IN-DL-110054-6-101,2014-03-15 11:00:00,SPLIT,V1,RETIRED,MUTATION_REGISTER_SYNTH,AUTHORITY,Subdivision mutation in CELL-06,IN-DL-110054-6-91
EVT-000071,IN-DL-110054-6-101,2014-03-15 11:00:00,SPLIT,V1,RETIRED,MUTATION_REGISTER_SYNTH,AUTHORITY,Subdivision mutation in CELL-06,IN-DL-110054-6-92
EVT-000072,IN-DL-110054-6-102,1996-01-01 09:00:00,PARCEL_CREATED,,V1,HISTORICAL_CADASTRE,SYSTEM,Historical parcel created,
EVT-000073,IN-DL-110054-6-102,2016-07-10 11:00:00,MERGE,V1,RETIRED,MUTATION_REGISTER_SYNTH,AUTHORITY,Plot consolidation in CELL-06,IN-DL-110054-6-93
EVT-000074,IN-DL-110054-6-103,1996-01-01 09:00:00,PARCEL_CREATED,,V1,HISTORICAL_CADASTRE,SYSTEM,Historical parcel created,
EVT-000075,IN-DL-110054-6-103,2016-07-10 11:00:00,MERGE,V1,RETIRED,MUTATION_REGISTER_SYNTH,AUTHORITY,Plot consolidation in CELL-06,IN-DL-110054-6-93
EVT-000076,IN-DL-110054-6-104,1997-01-01 09:00:00,PARCEL_CREATED,,V1,HISTORICAL_CADASTRE,SYSTEM,Historical parcel created,
EVT-000077,IN-DL-110054-6-104,2017-11-05 11:00:00,MERGE,V1,RETIRED,MUTATION_REGISTER_SYNTH,AUTHORITY,Redevelopment consolidation in CELL-06,IN-DL-110054-6-94
EVT-000078,IN-DL-110054-6-105,1997-01-01 09:00:00,PARCEL_CREATED,,V1,HISTORICAL_CADASTRE,SYSTEM,Historical parcel created,
EVT-000079,IN-DL-110054-6-105,2017-11-05 11:00:00,MERGE,V1,RETIRED,MUTATION_REGISTER_SYNTH,AUTHORITY,Redevelopment consolidation in CELL-06,IN-DL-110054-6-94
EVT-000080,IN-DL-110054-6-106,1997-01-01 09:00:00,PARCEL_CREATED,,V1,HISTORICAL_CADASTRE,SYSTEM,Historical parcel created,
EVT-000081,IN-DL-110054-6-106,2017-11-05 11:00:00,MERGE,V1,RETIRED,MUTATION_REGISTER_SYNTH,AUTHORITY,Redevelopment consolidation in CELL-06,IN-DL-110054-6-94
EVT-000082,IN-DL-110054-7-101,1995-01-01 09:00:00,PARCEL_CREATED,,V1,HISTORICAL_CADASTRE,SYSTEM,Historical parcel created,
EVT-000083,IN-DL-110054-7-101,2015-03-15 11:00:00,SPLIT,V1,RETIRED,MUTATION_REGISTER_SYNTH,AUTHORITY,Subdivision mutation in CELL-07,IN-DL-110054-7-91
EVT-000084,IN-DL-110054-7-101,2015-03-15 11:00:00,SPLIT,V1,RETIRED,MUTATION_REGISTER_SYNTH,AUTHORITY,Subdivision mutation in CELL-07,IN-DL-110054-7-92
EVT-000085,IN-DL-110054-7-102,1990-01-01 09:00:00,PARCEL_CREATED,,V1,HISTORICAL_CADASTRE,SYSTEM,Historical parcel created,
EVT-000086,IN-DL-110054-7-102,2010-07-10 11:00:00,MERGE,V1,RETIRED,MUTATION_REGISTER_SYNTH,AUTHORITY,Plot consolidation in CELL-07,IN-DL-110054-7-93
EVT-000087,IN-DL-110054-7-103,1990-01-01 09:00:00,PARCEL_CREATED,,V1,HISTORICAL_CADASTRE,SYSTEM,Historical parcel created,
EVT-000088,IN-DL-110054-7-103,2010-07-10 11:00:00,MERGE,V1,RETIRED,MUTATION_REGISTER_SYNTH,AUTHORITY,Plot consolidation in CELL-07,IN-DL-110054-7-93
EVT-000089,IN-DL-110054-7-104,1998-01-01 09:00:00,PARCEL_CREATED,,V1,HISTORICAL_CADASTRE,SYSTEM,Historical parcel created,
EVT-000090,IN-DL-110054-7-104,2018-11-05 11:00:00,MERGE,V1,RETIRED,MUTATION_REGISTER_SYNTH,AUTHORITY,Redevelopment consolidation in CELL-07,IN-DL-110054-7-94
EVT-000091,IN-DL-110054-7-105,1998-01-01 09:00:00,PARCEL_CREATED,,V1,HISTORICAL_CADASTRE,SYSTEM,Historical parcel created,
EVT-000092,IN-DL-110054-7-105,2018-11-05 11:00:00,MERGE,V1,RETIRED,MUTATION_REGISTER_SYNTH,AUTHORITY,Redevelopment consolidation in CELL-07,IN-DL-110054-7-94
EVT-000093,IN-DL-110054-7-106,2003-01-01 09:00:00,PARCEL_CREATED,,V1,HISTORICAL_CADASTRE,SYSTEM,Historical parcel created,
EVT-000094,IN-DL-110054-7-106,2023-01-16 11:00:00,SPLIT,V1,RETIRED,MUTATION_REGISTER_SYNTH,AUTHORITY,Cross-cell split after revised cell boundary,IN-DL-110054-7-100
EVT-000095,IN-DL-110054-7-106,2023-01-16 11:00:00,SPLIT,V1,RETIRED,MUTATION_REGISTER_SYNTH,AUTHORITY,Cross-cell split after revised cell boundary,IN-DL-110054-8-1
EVT-000096,IN-DL-110054-8-101,1988-01-01 09:00:00,PARCEL_CREATED,,V1,HISTORICAL_CADASTRE,SYSTEM,Historical parcel created,
EVT-000097,IN-DL-110054-8-101,2008-03-15 11:00:00,SPLIT,V1,RETIRED,MUTATION_REGISTER_SYNTH,AUTHORITY,Subdivision mutation in CELL-08,IN-DL-110054-8-91
EVT-000098,IN-DL-110054-8-101,2008-03-15 11:00:00,SPLIT,V1,RETIRED,MUTATION_REGISTER_SYNTH,AUTHORITY,Subdivision mutation in CELL-08,IN-DL-110054-8-92
EVT-000099,IN-DL-110054-8-102,1991-01-01 09:00:00,PARCEL_CREATED,,V1,HISTORICAL_CADASTRE,SYSTEM,Historical parcel created,
EVT-000100,IN-DL-110054-8-102,2011-07-10 11:00:00,MERGE,V1,RETIRED,MUTATION_REGISTER_SYNTH,AUTHORITY,Plot consolidation in CELL-08,IN-DL-110054-8-93
EVT-000101,IN-DL-110054-8-103,1991-01-01 09:00:00,PARCEL_CREATED,,V1,HISTORICAL_CADASTRE,SYSTEM,Historical parcel created,
EVT-000102,IN-DL-110054-8-103,2011-07-10 11:00:00,MERGE,V1,RETIRED,MUTATION_REGISTER_SYNTH,AUTHORITY,Plot consolidation in CELL-08,IN-DL-110054-8-93
EVT-000103,IN-DL-110054-8-104,1999-01-01 09:00:00,PARCEL_CREATED,,V1,HISTORICAL_CADASTRE,SYSTEM,Historical parcel created,
EVT-000104,IN-DL-110054-8-104,2019-11-05 11:00:00,MERGE,V1,RETIRED,MUTATION_REGISTER_SYNTH,AUTHORITY,Redevelopment consolidation in CELL-08,IN-DL-110054-8-94
EVT-000105,IN-DL-110054-8-105,1999-01-01 09:00:00,PARCEL_CREATED,,V1,HISTORICAL_CADASTRE,SYSTEM,Historical parcel created,
EVT-000106,IN-DL-110054-8-105,2019-11-05 11:00:00,MERGE,V1,RETIRED,MUTATION_REGISTER_SYNTH,AUTHORITY,Redevelopment consolidation in CELL-08,IN-DL-110054-8-94
EVT-000107,IN-DL-110054-8-106,2002-01-01 09:00:00,PARCEL_CREATED,,V1,HISTORICAL_CADASTRE,SYSTEM,Historical parcel created,
EVT-000108,IN-DL-110054-8-106,2022-12-08 11:00:00,MERGE,V1,RETIRED,MUTATION_REGISTER_SYNTH,AUTHORITY,Cross-cell merge for access regularisation,IN-DL-110054-9-100
EVT-000109,IN-DL-110054-9-101,1989-01-01 09:00:00,PARCEL_CREATED,,V1,HISTORICAL_CADASTRE,SYSTEM,Historical parcel created,
EVT-000110,IN-DL-110054-9-101,2009-03-15 11:00:00,SPLIT,V1,RETIRED,MUTATION_REGISTER_SYNTH,AUTHORITY,Subdivision mutation in CELL-09,IN-DL-110054-9-91
EVT-000111,IN-DL-110054-9-101,2009-03-15 11:00:00,SPLIT,V1,RETIRED,MUTATION_REGISTER_SYNTH,AUTHORITY,Subdivision mutation in CELL-09,IN-DL-110054-9-92
EVT-000112,IN-DL-110054-9-102,1992-01-01 09:00:00,PARCEL_CREATED,,V1,HISTORICAL_CADASTRE,SYSTEM,Historical parcel created,
EVT-000113,IN-DL-110054-9-102,2012-07-10 11:00:00,MERGE,V1,RETIRED,MUTATION_REGISTER_SYNTH,AUTHORITY,Plot consolidation in CELL-09,IN-DL-110054-9-93
EVT-000114,IN-DL-110054-9-103,1992-01-01 09:00:00,PARCEL_CREATED,,V1,HISTORICAL_CADASTRE,SYSTEM,Historical parcel created,
EVT-000115,IN-DL-110054-9-103,2012-07-10 11:00:00,MERGE,V1,RETIRED,MUTATION_REGISTER_SYNTH,AUTHORITY,Plot consolidation in CELL-09,IN-DL-110054-9-93
EVT-000116,IN-DL-110054-9-104,2000-01-01 09:00:00,PARCEL_CREATED,,V1,HISTORICAL_CADASTRE,SYSTEM,Historical parcel created,
EVT-000117,IN-DL-110054-9-104,2020-11-05 11:00:00,MERGE,V1,RETIRED,MUTATION_REGISTER_SYNTH,AUTHORITY,Redevelopment consolidation in CELL-09,IN-DL-110054-9-94
EVT-000118,IN-DL-110054-9-105,2000-01-01 09:00:00,PARCEL_CREATED,,V1,HISTORICAL_CADASTRE,SYSTEM,Historical parcel created,
EVT-000119,IN-DL-110054-9-105,2020-11-05 11:00:00,MERGE,V1,RETIRED,MUTATION_REGISTER_SYNTH,AUTHORITY,Redevelopment consolidation in CELL-09,IN-DL-110054-9-94
EVT-000120,IN-DL-110054-9-106,2002-01-01 09:00:00,PARCEL_CREATED,,V1,HISTORICAL_CADASTRE,SYSTEM,Historical parcel created,
EVT-000121,IN-DL-110054-9-106,2022-12-08 11:00:00,MERGE,V1,RETIRED,MUTATION_REGISTER_SYNTH,AUTHORITY,Cross-cell merge for access regularisation,IN-DL-110054-9-100
EVT-000122,IN-DL-110054-10-101,1990-01-01 09:00:00,PARCEL_CREATED,,V1,HISTORICAL_CADASTRE,SYSTEM,Historical parcel created,
EVT-000123,IN-DL-110054-10-101,2010-03-15 11:00:00,SPLIT,V1,RETIRED,MUTATION_REGISTER_SYNTH,AUTHORITY,Subdivision mutation in CELL-10,IN-DL-110054-10-91
EVT-000124,IN-DL-110054-10-101,2010-03-15 11:00:00,SPLIT,V1,RETIRED,MUTATION_REGISTER_SYNTH,AUTHORITY,Subdivision mutation in CELL-10,IN-DL-110054-10-92
EVT-000125,IN-DL-110054-10-102,1993-01-01 09:00:00,PARCEL_CREATED,,V1,HISTORICAL_CADASTRE,SYSTEM,Historical parcel created,
EVT-000126,IN-DL-110054-10-102,2013-07-10 11:00:00,MERGE,V1,RETIRED,MUTATION_REGISTER_SYNTH,AUTHORITY,Plot consolidation in CELL-10,IN-DL-110054-10-93
EVT-000127,IN-DL-110054-10-103,1993-01-01 09:00:00,PARCEL_CREATED,,V1,HISTORICAL_CADASTRE,SYSTEM,Historical parcel created,
EVT-000128,IN-DL-110054-10-103,2013-07-10 11:00:00,MERGE,V1,RETIRED,MUTATION_REGISTER_SYNTH,AUTHORITY,Plot consolidation in CELL-10,IN-DL-110054-10-93
EVT-000129,IN-DL-110054-10-104,1996-01-01 09:00:00,PARCEL_CREATED,,V1,HISTORICAL_CADASTRE,SYSTEM,Historical parcel created,
EVT-000130,IN-DL-110054-10-104,2016-11-05 11:00:00,MERGE,V1,RETIRED,MUTATION_REGISTER_SYNTH,AUTHORITY,Redevelopment consolidation in CELL-10,IN-DL-110054-10-94
EVT-000131,IN-DL-110054-10-105,1996-01-01 09:00:00,PARCEL_CREATED,,V1,HISTORICAL_CADASTRE,SYSTEM,Historical parcel created,
EVT-000132,IN-DL-110054-10-105,2016-11-05 11:00:00,MERGE,V1,RETIRED,MUTATION_REGISTER_SYNTH,AUTHORITY,Redevelopment consolidation in CELL-10,IN-DL-110054-10-94
EVT-000133,IN-DL-110054-10-106,1996-01-01 09:00:00,PARCEL_CREATED,,V1,HISTORICAL_CADASTRE,SYSTEM,Historical parcel created,
EVT-000134,IN-DL-110054-10-106,2016-11-05 11:00:00,MERGE,V1,RETIRED,MUTATION_REGISTER_SYNTH,AUTHORITY,Redevelopment consolidation in CELL-10,IN-DL-110054-10-94
EVT-000135,IN-DL-110054-1-1,1979-01-01 12:00:00,PARCEL_CREATED,,V1,CANONICAL_SEED,SYSTEM,Initial cadastral creation,
EVT-000136,IN-DL-110054-1-1,2026-06-20 09:00:00,SOURCE_IMPORTED,V1,V1,INGESTION_PIPELINE,SYSTEM,4 observations linked,
EVT-000137,IN-DL-110054-1-1,2026-07-08 14:00:00,MATCH_PROPOSED,V1,P1,MATCHING_ENGINE,SYSTEM,Cross-source match proposed,
EVT-000138,IN-DL-110054-1-1,2026-09-10 14:00:00,PROPOSAL_ACCEPTED,P1,V2,POLICY_GATE,AUTHORITY,Proposed state accepted,
EVT-000139,IN-DL-110054-1-1,2026-09-10 14:05:00,CANONICAL_STATE_UPDATED,V1,V2,CANONICAL_REGISTRY,SYSTEM,Authoritative state updated,
EVT-000140,IN-DL-110054-1-2,1980-01-01 12:00:00,PARCEL_CREATED,,V1,CANONICAL_SEED,SYSTEM,Initial cadastral creation,
EVT-000141,IN-DL-110054-1-2,2026-06-20 09:00:00,SOURCE_IMPORTED,V1,V1,INGESTION_PIPELINE,SYSTEM,4 observations linked,
EVT-000142,IN-DL-110054-1-2,2026-07-08 14:00:00,MATCH_PROPOSED,V1,P1,MATCHING_ENGINE,SYSTEM,Cross-source match proposed,
EVT-000143,IN-DL-110054-1-2,2026-09-10 14:00:00,PROPOSAL_ACCEPTED,P1,V2,POLICY_GATE,AUTHORITY,Proposed state accepted,
EVT-000144,IN-DL-110054-1-2,2026-09-10 14:05:00,CANONICAL_STATE_UPDATED,V1,V2,CANONICAL_REGISTRY,SYSTEM,Authoritative state updated,
EVT-000145,IN-DL-110054-1-3,1981-01-01 12:00:00,PARCEL_CREATED,,V1,CANONICAL_SEED,SYSTEM,Initial cadastral creation,
EVT-000146,IN-DL-110054-1-3,2026-06-20 09:00:00,SOURCE_IMPORTED,V1,V1,INGESTION_PIPELINE,SYSTEM,4 observations linked,
EVT-000147,IN-DL-110054-1-3,2026-07-08 14:00:00,MATCH_PROPOSED,V1,P1,MATCHING_ENGINE,SYSTEM,Cross-source match proposed,
EVT-000148,IN-DL-110054-1-3,2026-09-10 14:00:00,PROPOSAL_ACCEPTED,P1,V2,POLICY_GATE,AUTHORITY,Proposed state accepted,
EVT-000149,IN-DL-110054-1-3,2026-09-10 14:05:00,CANONICAL_STATE_UPDATED,V1,V2,CANONICAL_REGISTRY,SYSTEM,Authoritative state updated,
EVT-000150,IN-DL-110054-1-4,1982-01-01 12:00:00,PARCEL_CREATED,,V1,CANONICAL_SEED,SYSTEM,Initial cadastral creation,
EVT-000151,IN-DL-110054-1-4,2026-06-20 09:00:00,SOURCE_IMPORTED,V1,V1,INGESTION_PIPELINE,SYSTEM,5 observations linked,
EVT-000152,IN-DL-110054-1-4,2026-07-01 11:00:00,CONFLICT_DETECTED,V1,V1,CONFLICT_ENGINE,SYSTEM,2 conflicts detected,
EVT-000153,IN-DL-110054-1-4,2026-07-08 14:00:00,MATCH_PROPOSED,V1,P1,MATCHING_ENGINE,SYSTEM,Cross-source match proposed,
EVT-000154,IN-DL-110054-1-4,2026-09-05 11:00:00,HUMAN_REVIEW,P1,P2,REVIEW_WORKSPACE,HUMAN_REVIEWER,Legal/operational conflict requires decision,
EVT-000155,IN-DL-110054-1-5,1983-01-01 12:00:00,PARCEL_CREATED,,V1,CANONICAL_SEED,SYSTEM,Initial cadastral creation,
EVT-000156,IN-DL-110054-1-5,2026-06-20 09:00:00,SOURCE_IMPORTED,V1,V1,INGESTION_PIPELINE,SYSTEM,4 observations linked,
EVT-000157,IN-DL-110054-1-5,2026-07-08 14:00:00,MATCH_PROPOSED,V1,P1,MATCHING_ENGINE,SYSTEM,Cross-source match proposed,
EVT-000158,IN-DL-110054-1-5,2026-09-10 14:00:00,PROPOSAL_ACCEPTED,P1,V2,POLICY_GATE,AUTHORITY,Proposed state accepted,
EVT-000159,IN-DL-110054-1-5,2026-09-10 14:05:00,CANONICAL_STATE_UPDATED,V1,V2,CANONICAL_REGISTRY,SYSTEM,Authoritative state updated,
EVT-000160,IN-DL-110054-1-6,1984-01-01 12:00:00,PARCEL_CREATED,,V1,CANONICAL_SEED,SYSTEM,Initial cadastral creation,
EVT-000161,IN-DL-110054-1-6,2026-06-20 09:00:00,SOURCE_IMPORTED,V1,V1,INGESTION_PIPELINE,SYSTEM,5 observations linked,
EVT-000162,IN-DL-110054-1-6,2026-07-08 14:00:00,MATCH_PROPOSED,V1,P1,MATCHING_ENGINE,SYSTEM,Cross-source match proposed,
EVT-000163,IN-DL-110054-1-6,2026-09-10 14:00:00,PROPOSAL_ACCEPTED,P1,V2,POLICY_GATE,AUTHORITY,Proposed state accepted,
EVT-000164,IN-DL-110054-1-6,2026-09-10 14:05:00,CANONICAL_STATE_UPDATED,V1,V2,CANONICAL_REGISTRY,SYSTEM,Authoritative state updated,
EVT-000165,IN-DL-110054-1-7,1978-01-01 12:00:00,PARCEL_CREATED,,V1,CANONICAL_SEED,SYSTEM,Initial cadastral creation,
EVT-000166,IN-DL-110054-1-7,2026-06-20 09:00:00,SOURCE_IMPORTED,V1,V1,INGESTION_PIPELINE,SYSTEM,4 observations linked,
EVT-000167,IN-DL-110054-1-7,2026-07-08 14:00:00,MATCH_PROPOSED,V1,P1,MATCHING_ENGINE,SYSTEM,Cross-source match proposed,
EVT-000168,IN-DL-110054-1-7,2026-09-10 14:00:00,PROPOSAL_ACCEPTED,P1,V2,POLICY_GATE,AUTHORITY,Proposed state accepted,
EVT-000169,IN-DL-110054-1-7,2026-09-10 14:05:00,CANONICAL_STATE_UPDATED,V1,V2,CANONICAL_REGISTRY,SYSTEM,Authoritative state updated,
EVT-000170,IN-DL-110054-1-8,1979-01-01 12:00:00,PARCEL_CREATED,,V1,CANONICAL_SEED,SYSTEM,Initial cadastral creation,
EVT-000171,IN-DL-110054-1-8,2026-06-20 09:00:00,SOURCE_IMPORTED,V1,V1,INGESTION_PIPELINE,SYSTEM,5 observations linked,
EVT-000172,IN-DL-110054-1-8,2026-07-08 14:00:00,MATCH_PROPOSED,V1,P1,MATCHING_ENGINE,SYSTEM,Cross-source match proposed,
EVT-000173,IN-DL-110054-1-8,2026-08-06 10:00:00,EVIDENCE_ADDED,P1,P2,FIELD_SURVEY,SURVEYOR,GNSS/CORS evidence attached,
EVT-000174,IN-DL-110054-1-8,2026-09-10 14:00:00,PROPOSAL_ACCEPTED,P2,V2,POLICY_GATE,AUTHORITY,Proposed state accepted,
EVT-000175,IN-DL-110054-1-8,2026-09-10 14:05:00,CANONICAL_STATE_UPDATED,V1,V2,CANONICAL_REGISTRY,SYSTEM,Authoritative state updated,
EVT-000176,IN-DL-110054-1-9,1980-01-01 12:00:00,PARCEL_CREATED,,V1,CANONICAL_SEED,SYSTEM,Initial cadastral creation,
EVT-000177,IN-DL-110054-1-9,2026-06-20 09:00:00,SOURCE_IMPORTED,V1,V1,INGESTION_PIPELINE,SYSTEM,5 observations linked,
EVT-000178,IN-DL-110054-1-9,2026-07-08 14:00:00,MATCH_PROPOSED,V1,P1,MATCHING_ENGINE,SYSTEM,Cross-source match proposed,
EVT-000179,IN-DL-110054-1-9,2026-08-06 10:00:00,EVIDENCE_ADDED,P1,P2,FIELD_SURVEY,SURVEYOR,GNSS/CORS evidence attached,
EVT-000180,IN-DL-110054-1-9,2026-09-10 14:00:00,PROPOSAL_ACCEPTED,P2,V2,POLICY_GATE,AUTHORITY,Proposed state accepted,
EVT-000181,IN-DL-110054-1-9,2026-09-10 14:05:00,CANONICAL_STATE_UPDATED,V1,V2,CANONICAL_REGISTRY,SYSTEM,Authoritative state updated,
EVT-000182,IN-DL-110054-1-10,1981-01-01 12:00:00,PARCEL_CREATED,,V1,CANONICAL_SEED,SYSTEM,Initial cadastral creation,
EVT-000183,IN-DL-110054-1-10,2026-06-20 09:00:00,SOURCE_IMPORTED,V1,V1,INGESTION_PIPELINE,SYSTEM,4 observations linked,
EVT-000184,IN-DL-110054-1-10,2026-07-01 11:00:00,CONFLICT_DETECTED,V1,V1,CONFLICT_ENGINE,SYSTEM,1 conflicts detected,
EVT-000185,IN-DL-110054-1-10,2026-07-08 14:00:00,MATCH_PROPOSED,V1,P1,MATCHING_ENGINE,SYSTEM,Cross-source match proposed,
EVT-000186,IN-DL-110054-1-10,2026-09-10 14:00:00,PROPOSAL_ACCEPTED,P1,V2,POLICY_GATE,AUTHORITY,Proposed state accepted,
EVT-000187,IN-DL-110054-1-10,2026-09-10 14:05:00,CANONICAL_STATE_UPDATED,V1,V2,CANONICAL_REGISTRY,SYSTEM,Authoritative state updated,
EVT-000188,IN-DL-110054-1-11,1982-01-01 12:00:00,PARCEL_CREATED,,V1,CANONICAL_SEED,SYSTEM,Initial cadastral creation,
EVT-000189,IN-DL-110054-1-11,2026-06-20 09:00:00,SOURCE_IMPORTED,V1,V1,INGESTION_PIPELINE,SYSTEM,4 observations linked,
EVT-000190,IN-DL-110054-1-11,2026-07-08 14:00:00,MATCH_PROPOSED,V1,P1,MATCHING_ENGINE,SYSTEM,Cross-source match proposed,
EVT-000191,IN-DL-110054-1-11,2026-09-10 14:00:00,PROPOSAL_ACCEPTED,P1,V2,POLICY_GATE,AUTHORITY,Proposed state accepted,
EVT-000192,IN-DL-110054-1-11,2026-09-10 14:05:00,CANONICAL_STATE_UPDATED,V1,V2,CANONICAL_REGISTRY,SYSTEM,Authoritative state updated,
EVT-000193,IN-DL-110054-1-12,1983-01-01 12:00:00,PARCEL_CREATED,,V1,CANONICAL_SEED,SYSTEM,Initial cadastral creation,
EVT-000194,IN-DL-110054-1-12,2026-06-20 09:00:00,SOURCE_IMPORTED,V1,V1,INGESTION_PIPELINE,SYSTEM,4 observations linked,
EVT-000195,IN-DL-110054-1-12,2026-07-01 11:00:00,CONFLICT_DETECTED,V1,V1,CONFLICT_ENGINE,SYSTEM,1 conflicts detected,
EVT-000196,IN-DL-110054-1-12,2026-07-08 14:00:00,MATCH_PROPOSED,V1,P1,MATCHING_ENGINE,SYSTEM,Cross-source match proposed,
EVT-000197,IN-DL-110054-1-12,2026-09-10 14:00:00,PROPOSAL_ACCEPTED,P1,V2,POLICY_GATE,AUTHORITY,Proposed state accepted,
EVT-000198,IN-DL-110054-1-12,2026-09-10 14:05:00,CANONICAL_STATE_UPDATED,V1,V2,CANONICAL_REGISTRY,SYSTEM,Authoritative state updated,
EVT-000199,IN-DL-110054-1-13,1984-01-01 12:00:00,PARCEL_CREATED,,V1,CANONICAL_SEED,SYSTEM,Initial cadastral creation,
EVT-000200,IN-DL-110054-1-13,2026-06-20 09:00:00,SOURCE_IMPORTED,V1,V1,INGESTION_PIPELINE,SYSTEM,3 observations linked,
EVT-000201,IN-DL-110054-1-13,2026-07-08 14:00:00,MATCH_PROPOSED,V1,P1,MATCHING_ENGINE,SYSTEM,Cross-source match proposed,
EVT-000202,IN-DL-110054-1-13,2026-09-10 14:00:00,PROPOSAL_ACCEPTED,P1,V2,POLICY_GATE,AUTHORITY,Proposed state accepted,
EVT-000203,IN-DL-110054-1-13,2026-09-10 14:05:00,CANONICAL_STATE_UPDATED,V1,V2,CANONICAL_REGISTRY,SYSTEM,Authoritative state updated,
EVT-000204,IN-DL-110054-1-14,1978-01-01 12:00:00,PARCEL_CREATED,,V1,CANONICAL_SEED,SYSTEM,Initial cadastral creation,
EVT-000205,IN-DL-110054-1-14,2026-06-20 09:00:00,SOURCE_IMPORTED,V1,V1,INGESTION_PIPELINE,SYSTEM,4 observations linked,
EVT-000206,IN-DL-110054-1-14,2026-07-08 14:00:00,MATCH_PROPOSED,V1,P1,MATCHING_ENGINE,SYSTEM,Cross-source match proposed,
EVT-000207,IN-DL-110054-1-14,2026-09-10 14:00:00,PROPOSAL_ACCEPTED,P1,V2,POLICY_GATE,AUTHORITY,Proposed state accepted,
EVT-000208,IN-DL-110054-1-14,2026-09-10 14:05:00,CANONICAL_STATE_UPDATED,V1,V2,CANONICAL_REGISTRY,SYSTEM,Authoritative state updated,
EVT-000209,IN-DL-110054-1-15,1979-01-01 12:00:00,PARCEL_CREATED,,V1,CANONICAL_SEED,SYSTEM,Initial cadastral creation,
EVT-000210,IN-DL-110054-1-15,2026-06-20 09:00:00,SOURCE_IMPORTED,V1,V1,INGESTION_PIPELINE,SYSTEM,3 observations linked,
EVT-000211,IN-DL-110054-1-15,2026-07-01 11:00:00,CONFLICT_DETECTED,V1,V1,CONFLICT_ENGINE,SYSTEM,1 conflicts detected,
EVT-000212,IN-DL-110054-1-15,2026-07-08 14:00:00,MATCH_PROPOSED,V1,P1,MATCHING_ENGINE,SYSTEM,Cross-source match proposed,
EVT-000213,IN-DL-110054-1-15,2026-09-10 14:00:00,PROPOSAL_ACCEPTED,P1,V2,POLICY_GATE,AUTHORITY,Proposed state accepted,
EVT-000214,IN-DL-110054-1-15,2026-09-10 14:05:00,CANONICAL_STATE_UPDATED,V1,V2,CANONICAL_REGISTRY,SYSTEM,Authoritative state updated,
EVT-000215,IN-DL-110054-1-16,1980-01-01 12:00:00,PARCEL_CREATED,,V1,CANONICAL_SEED,SYSTEM,Initial cadastral creation,
EVT-000216,IN-DL-110054-1-16,2026-06-20 09:00:00,SOURCE_IMPORTED,V1,V1,INGESTION_PIPELINE,SYSTEM,4 observations linked,
EVT-000217,IN-DL-110054-1-16,2026-07-08 14:00:00,MATCH_PROPOSED,V1,P1,MATCHING_ENGINE,SYSTEM,Cross-source match proposed,
EVT-000218,IN-DL-110054-1-16,2026-09-10 14:00:00,PROPOSAL_ACCEPTED,P1,V2,POLICY_GATE,AUTHORITY,Proposed state accepted,
EVT-000219,IN-DL-110054-1-16,2026-09-10 14:05:00,CANONICAL_STATE_UPDATED,V1,V2,CANONICAL_REGISTRY,SYSTEM,Authoritative state updated,
EVT-000220,IN-DL-110054-1-17,1981-01-01 12:00:00,PARCEL_CREATED,,V1,CANONICAL_SEED,SYSTEM,Initial cadastral creation,
EVT-000221,IN-DL-110054-1-17,2026-06-20 09:00:00,SOURCE_IMPORTED,V1,V1,INGESTION_PIPELINE,SYSTEM,6 observations linked,
EVT-000222,IN-DL-110054-1-17,2026-07-01 11:00:00,CONFLICT_DETECTED,V1,V1,CONFLICT_ENGINE,SYSTEM,1 conflicts detected,
EVT-000223,IN-DL-110054-1-17,2026-07-08 14:00:00,MATCH_PROPOSED,V1,P1,MATCHING_ENGINE,SYSTEM,Cross-source match proposed,
EVT-000224,IN-DL-110054-1-17,2026-09-10 14:00:00,PROPOSAL_ACCEPTED,P1,V2,POLICY_GATE,AUTHORITY,Proposed state accepted,
EVT-000225,IN-DL-110054-1-17,2026-09-10 14:05:00,CANONICAL_STATE_UPDATED,V1,V2,CANONICAL_REGISTRY,SYSTEM,Authoritative state updated,
EVT-000226,IN-DL-110054-1-18,1982-01-01 12:00:00,PARCEL_CREATED,,V1,CANONICAL_SEED,SYSTEM,Initial cadastral creation,
EVT-000227,IN-DL-110054-1-18,2026-06-20 09:00:00,SOURCE_IMPORTED,V1,V1,INGESTION_PIPELINE,SYSTEM,4 observations linked,
EVT-000228,IN-DL-110054-1-18,2026-07-01 11:00:00,CONFLICT_DETECTED,V1,V1,CONFLICT_ENGINE,SYSTEM,1 conflicts detected,
EVT-000229,IN-DL-110054-1-18,2026-07-08 14:00:00,MATCH_PROPOSED,V1,P1,MATCHING_ENGINE,SYSTEM,Cross-source match proposed,
EVT-000230,IN-DL-110054-1-18,2026-09-05 12:00:00,HUMAN_REVIEW,P1,P1,REVIEW_WORKSPACE,HUMAN_REVIEWER,Additional evidence requested,
EVT-000231,IN-DL-110054-1-19,1983-01-01 12:00:00,PARCEL_CREATED,,V1,CANONICAL_SEED,SYSTEM,Initial cadastral creation,
EVT-000232,IN-DL-110054-1-19,2026-06-20 09:00:00,SOURCE_IMPORTED,V1,V1,INGESTION_PIPELINE,SYSTEM,4 observations linked,
EVT-000233,IN-DL-110054-1-19,2026-07-08 14:00:00,MATCH_PROPOSED,V1,P1,MATCHING_ENGINE,SYSTEM,Cross-source match proposed,
EVT-000234,IN-DL-110054-1-19,2026-09-10 14:00:00,PROPOSAL_ACCEPTED,P1,V2,POLICY_GATE,AUTHORITY,Proposed state accepted,
EVT-000235,IN-DL-110054-1-19,2026-09-10 14:05:00,CANONICAL_STATE_UPDATED,V1,V2,CANONICAL_REGISTRY,SYSTEM,Authoritative state updated,
EVT-000236,IN-DL-110054-1-20,1984-01-01 12:00:00,PARCEL_CREATED,,V1,CANONICAL_SEED,SYSTEM,Initial cadastral creation,
EVT-000237,IN-DL-110054-1-20,2026-06-20 09:00:00,SOURCE_IMPORTED,V1,V1,INGESTION_PIPELINE,SYSTEM,4 observations linked,
EVT-000238,IN-DL-110054-1-20,2026-07-01 11:00:00,CONFLICT_DETECTED,V1,V1,CONFLICT_ENGINE,SYSTEM,2 conflicts detected,
EVT-000239,IN-DL-110054-1-20,2026-07-08 14:00:00,MATCH_PROPOSED,V1,P1,MATCHING_ENGINE,SYSTEM,Cross-source match proposed,
EVT-000240,IN-DL-110054-1-20,2026-09-07 15:00:00,PROPOSAL_REJECTED,P1,V1,REVIEW_WORKSPACE,HUMAN_REVIEWER,Candidate match rejected,
EVT-000241,IN-DL-110054-1-21,1978-01-01 12:00:00,PARCEL_CREATED,,V1,CANONICAL_SEED,SYSTEM,Initial cadastral creation,
EVT-000242,IN-DL-110054-1-21,2026-06-20 09:00:00,SOURCE_IMPORTED,V1,V1,INGESTION_PIPELINE,SYSTEM,3 observations linked,
EVT-000243,IN-DL-110054-1-21,2026-07-08 14:00:00,MATCH_PROPOSED,V1,P1,MATCHING_ENGINE,SYSTEM,Cross-source match proposed,
EVT-000244,IN-DL-110054-1-21,2026-09-10 14:00:00,PROPOSAL_ACCEPTED,P1,V2,POLICY_GATE,AUTHORITY,Proposed state accepted,
EVT-000245,IN-DL-110054-1-21,2026-09-10 14:05:00,CANONICAL_STATE_UPDATED,V1,V2,CANONICAL_REGISTRY,SYSTEM,Authoritative state updated,
EVT-000246,IN-DL-110054-1-22,1979-01-01 12:00:00,PARCEL_CREATED,,V1,CANONICAL_SEED,SYSTEM,Initial cadastral creation,
EVT-000247,IN-DL-110054-1-22,2026-06-20 09:00:00,SOURCE_IMPORTED,V1,V1,INGESTION_PIPELINE,SYSTEM,4 observations linked,
EVT-000248,IN-DL-110054-1-22,2026-07-08 14:00:00,MATCH_PROPOSED,V1,P1,MATCHING_ENGINE,SYSTEM,Cross-source match proposed,
EVT-000249,IN-DL-110054-1-22,2026-09-10 14:00:00,PROPOSAL_ACCEPTED,P1,V2,POLICY_GATE,AUTHORITY,Proposed state accepted,
EVT-000250,IN-DL-110054-1-22,2026-09-10 14:05:00,CANONICAL_STATE_UPDATED,V1,V2,CANONICAL_REGISTRY,SYSTEM,Authoritative state updated,
EVT-000251,IN-DL-110054-1-23,1980-01-01 12:00:00,PARCEL_CREATED,,V1,CANONICAL_SEED,SYSTEM,Initial cadastral creation,
EVT-000252,IN-DL-110054-1-23,2026-06-20 09:00:00,SOURCE_IMPORTED,V1,V1,INGESTION_PIPELINE,SYSTEM,7 observations linked,
EVT-000253,IN-DL-110054-1-23,2026-07-01 11:00:00,CONFLICT_DETECTED,V1,V1,CONFLICT_ENGINE,SYSTEM,3 conflicts detected,
EVT-000254,IN-DL-110054-1-23,2026-07-08 14:00:00,MATCH_PROPOSED,V1,P1,MATCHING_ENGINE,SYSTEM,Cross-source match proposed,
EVT-000255,IN-DL-110054-1-23,2026-08-06 10:00:00,EVIDENCE_ADDED,P1,P2,FIELD_SURVEY,SURVEYOR,GNSS/CORS evidence attached,
EVT-000256,IN-DL-110054-1-23,2026-09-05 11:00:00,HUMAN_REVIEW,P2,P2,REVIEW_WORKSPACE,HUMAN_REVIEWER,Legal/operational conflict requires decision,
EVT-000257,IN-DL-110054-1-24,1981-01-01 12:00:00,PARCEL_CREATED,,V1,CANONICAL_SEED,SYSTEM,Initial cadastral creation,
EVT-000258,IN-DL-110054-1-24,2026-06-20 09:00:00,SOURCE_IMPORTED,V1,V1,INGESTION_PIPELINE,SYSTEM,3 observations linked,
EVT-000259,IN-DL-110054-1-24,2026-07-01 11:00:00,CONFLICT_DETECTED,V1,V1,CONFLICT_ENGINE,SYSTEM,1 conflicts detected,
EVT-000260,IN-DL-110054-1-24,2026-07-08 14:00:00,MATCH_PROPOSED,V1,P1,MATCHING_ENGINE,SYSTEM,Cross-source match proposed,
EVT-000261,IN-DL-110054-1-24,2026-08-06 10:00:00,EVIDENCE_ADDED,P1,P2,FIELD_SURVEY,SURVEYOR,GNSS/CORS evidence attached,
EVT-000262,IN-DL-110054-1-24,2026-09-10 14:00:00,PROPOSAL_ACCEPTED,P2,V2,POLICY_GATE,AUTHORITY,Proposed state accepted,
EVT-000263,IN-DL-110054-1-24,2026-09-10 14:05:00,CANONICAL_STATE_UPDATED,V1,V2,CANONICAL_REGISTRY,SYSTEM,Authoritative state updated,
EVT-000264,IN-DL-110054-1-25,1982-01-01 12:00:00,PARCEL_CREATED,,V1,CANONICAL_SEED,SYSTEM,Initial cadastral creation,
EVT-000265,IN-DL-110054-1-25,2026-06-20 09:00:00,SOURCE_IMPORTED,V1,V1,INGESTION_PIPELINE,SYSTEM,4 observations linked,
EVT-000266,IN-DL-110054-1-25,2026-07-08 14:00:00,MATCH_PROPOSED,V1,P1,MATCHING_ENGINE,SYSTEM,Cross-source match proposed,
EVT-000267,IN-DL-110054-1-25,2026-09-10 14:00:00,PROPOSAL_ACCEPTED,P1,V2,POLICY_GATE,AUTHORITY,Proposed state accepted,
EVT-000268,IN-DL-110054-1-25,2026-09-10 14:05:00,CANONICAL_STATE_UPDATED,V1,V2,CANONICAL_REGISTRY,SYSTEM,Authoritative state updated,
EVT-000269,IN-DL-110054-1-26,1983-01-01 12:00:00,PARCEL_CREATED,,V1,CANONICAL_SEED,SYSTEM,Initial cadastral creation,
EVT-000270,IN-DL-110054-1-26,2026-06-20 09:00:00,SOURCE_IMPORTED,V1,V1,INGESTION_PIPELINE,SYSTEM,2 observations linked,
EVT-000271,IN-DL-110054-1-26,2026-07-01 11:00:00,CONFLICT_DETECTED,V1,V1,CONFLICT_ENGINE,SYSTEM,2 conflicts detected,
EVT-000272,IN-DL-110054-1-26,2026-07-08 14:00:00,MATCH_PROPOSED,V1,P1,MATCHING_ENGINE,SYSTEM,Cross-source match proposed,
EVT-000273,IN-DL-110054-1-26,2026-09-05 12:00:00,HUMAN_REVIEW,P1,P1,REVIEW_WORKSPACE,HUMAN_REVIEWER,Additional evidence requested,
EVT-000274,IN-DL-110054-1-27,1984-01-01 12:00:00,PARCEL_CREATED,,V1,CANONICAL_SEED,SYSTEM,Initial cadastral creation,
EVT-000275,IN-DL-110054-1-27,2026-06-20 09:00:00,SOURCE_IMPORTED,V1,V1,INGESTION_PIPELINE,SYSTEM,4 observations linked,
EVT-000276,IN-DL-110054-1-27,2026-07-08 14:00:00,MATCH_PROPOSED,V1,P1,MATCHING_ENGINE,SYSTEM,Cross-source match proposed,
EVT-000277,IN-DL-110054-1-27,2026-09-10 14:00:00,PROPOSAL_ACCEPTED,P1,V2,POLICY_GATE,AUTHORITY,Proposed state accepted,
EVT-000278,IN-DL-110054-1-27,2026-09-10 14:05:00,CANONICAL_STATE_UPDATED,V1,V2,CANONICAL_REGISTRY,SYSTEM,Authoritative state updated,
EVT-000279,IN-DL-110054-1-28,1978-01-01 12:00:00,PARCEL_CREATED,,V1,CANONICAL_SEED,SYSTEM,Initial cadastral creation,
EVT-000280,IN-DL-110054-1-28,2026-06-20 09:00:00,SOURCE_IMPORTED,V1,V1,INGESTION_PIPELINE,SYSTEM,2 observations linked,
EVT-000281,IN-DL-110054-1-28,2026-07-08 14:00:00,MATCH_PROPOSED,V1,P1,MATCHING_ENGINE,SYSTEM,Cross-source match proposed,
EVT-000282,IN-DL-110054-1-28,2026-09-10 14:00:00,PROPOSAL_ACCEPTED,P1,V2,POLICY_GATE,AUTHORITY,Proposed state accepted,
EVT-000283,IN-DL-110054-1-28,2026-09-10 14:05:00,CANONICAL_STATE_UPDATED,V1,V2,CANONICAL_REGISTRY,SYSTEM,Authoritative state updated,
EVT-000284,IN-DL-110054-1-29,1979-01-01 12:00:00,PARCEL_CREATED,,V1,CANONICAL_SEED,SYSTEM,Initial cadastral creation,
EVT-000285,IN-DL-110054-1-29,2026-06-20 09:00:00,SOURCE_IMPORTED,V1,V1,INGESTION_PIPELINE,SYSTEM,4 observations linked,
EVT-000286,IN-DL-110054-1-29,2026-07-08 14:00:00,MATCH_PROPOSED,V1,P1,MATCHING_ENGINE,SYSTEM,Cross-source match proposed,
EVT-000287,IN-DL-110054-1-29,2026-08-06 10:00:00,EVIDENCE_ADDED,P1,P2,FIELD_SURVEY,SURVEYOR,GNSS/CORS evidence attached,
EVT-000288,IN-DL-110054-1-29,2026-09-10 14:00:00,PROPOSAL_ACCEPTED,P2,V2,POLICY_GATE,AUTHORITY,Proposed state accepted,
EVT-000289,IN-DL-110054-1-29,2026-09-10 14:05:00,CANONICAL_STATE_UPDATED,V1,V2,CANONICAL_REGISTRY,SYSTEM,Authoritative state updated,
EVT-000290,IN-DL-110054-1-30,1980-01-01 12:00:00,PARCEL_CREATED,,V1,CANONICAL_SEED,SYSTEM,Initial cadastral creation,
EVT-000291,IN-DL-110054-1-30,2026-06-20 09:00:00,SOURCE_IMPORTED,V1,V1,INGESTION_PIPELINE,SYSTEM,4 observations linked,
EVT-000292,IN-DL-110054-1-30,2026-07-01 11:00:00,CONFLICT_DETECTED,V1,V1,CONFLICT_ENGINE,SYSTEM,2 conflicts detected,
EVT-000293,IN-DL-110054-1-30,2026-07-08 14:00:00,MATCH_PROPOSED,V1,P1,MATCHING_ENGINE,SYSTEM,Cross-source match proposed,
EVT-000294,IN-DL-110054-1-30,2026-09-10 14:00:00,PROPOSAL_ACCEPTED,P1,V2,POLICY_GATE,AUTHORITY,Proposed state accepted,
EVT-000295,IN-DL-110054-1-30,2026-09-10 14:05:00,CANONICAL_STATE_UPDATED,V1,V2,CANONICAL_REGISTRY,SYSTEM,Authoritative state updated,
EVT-000296,IN-DL-110054-1-31,1981-01-01 12:00:00,PARCEL_CREATED,,V1,CANONICAL_SEED,SYSTEM,Initial cadastral creation,
EVT-000297,IN-DL-110054-1-31,2026-06-20 09:00:00,SOURCE_IMPORTED,V1,V1,INGESTION_PIPELINE,SYSTEM,4 observations linked,
EVT-000298,IN-DL-110054-1-31,2026-07-08 14:00:00,MATCH_PROPOSED,V1,P1,MATCHING_ENGINE,SYSTEM,Cross-source match proposed,
EVT-000299,IN-DL-110054-1-31,2026-09-10 14:00:00,PROPOSAL_ACCEPTED,P1,V2,POLICY_GATE,AUTHORITY,Proposed state accepted,
EVT-000300,IN-DL-110054-1-31,2026-09-10 14:05:00,CANONICAL_STATE_UPDATED,V1,V2,CANONICAL_REGISTRY,SYSTEM,Authoritative state updated,
EVT-000301,IN-DL-110054-1-32,1982-01-01 12:00:00,PARCEL_CREATED,,V1,CANONICAL_SEED,SYSTEM,Initial cadastral creation,
EVT-000302,IN-DL-110054-1-32,2026-06-20 09:00:00,SOURCE_IMPORTED,V1,V1,INGESTION_PIPELINE,SYSTEM,5 observations linked,
EVT-000303,IN-DL-110054-1-32,2026-07-01 11:00:00,CONFLICT_DETECTED,V1,V1,CONFLICT_ENGINE,SYSTEM,1 conflicts detected,
EVT-000304,IN-DL-110054-1-32,2026-07-08 14:00:00,MATCH_PROPOSED,V1,P1,MATCHING_ENGINE,SYSTEM,Cross-source match proposed,
EVT-000305,IN-DL-110054-1-32,2026-09-05 11:00:00,HUMAN_REVIEW,P1,P2,REVIEW_WORKSPACE,HUMAN_REVIEWER,Legal/operational conflict requires decision,
EVT-000306,IN-DL-110054-1-33,1983-01-01 12:00:00,PARCEL_CREATED,,V1,CANONICAL_SEED,SYSTEM,Initial cadastral creation,
EVT-000307,IN-DL-110054-1-33,2026-06-20 09:00:00,SOURCE_IMPORTED,V1,V1,INGESTION_PIPELINE,SYSTEM,4 observations linked,
EVT-000308,IN-DL-110054-1-33,2026-07-08 14:00:00,MATCH_PROPOSED,V1,P1,MATCHING_ENGINE,SYSTEM,Cross-source match proposed,
EVT-000309,IN-DL-110054-1-33,2026-09-10 14:00:00,PROPOSAL_ACCEPTED,P1,V2,POLICY_GATE,AUTHORITY,Proposed state accepted,
EVT-000310,IN-DL-110054-1-33,2026-09-10 14:05:00,CANONICAL_STATE_UPDATED,V1,V2,CANONICAL_REGISTRY,SYSTEM,Authoritative state updated,
EVT-000311,IN-DL-110054-1-34,1984-01-01 12:00:00,PARCEL_CREATED,,V1,CANONICAL_SEED,SYSTEM,Initial cadastral creation,
EVT-000312,IN-DL-110054-1-34,2026-06-20 09:00:00,SOURCE_IMPORTED,V1,V1,INGESTION_PIPELINE,SYSTEM,3 observations linked,
EVT-000313,IN-DL-110054-1-34,2026-07-08 14:00:00,MATCH_PROPOSED,V1,P1,MATCHING_ENGINE,SYSTEM,Cross-source match proposed,
EVT-000314,IN-DL-110054-1-34,2026-09-10 14:00:00,PROPOSAL_ACCEPTED,P1,V2,POLICY_GATE,AUTHORITY,Proposed state accepted,
EVT-000315,IN-DL-110054-1-34,2026-09-10 14:05:00,CANONICAL_STATE_UPDATED,V1,V2,CANONICAL_REGISTRY,SYSTEM,Authoritative state updated,
EVT-000316,IN-DL-110054-1-35,1978-01-01 12:00:00,PARCEL_CREATED,,V1,CANONICAL_SEED,SYSTEM,Initial cadastral creation,
EVT-000317,IN-DL-110054-1-35,2026-06-20 09:00:00,SOURCE_IMPORTED,V1,V1,INGESTION_PIPELINE,SYSTEM,4 observations linked,
EVT-000318,IN-DL-110054-1-35,2026-07-01 11:00:00,CONFLICT_DETECTED,V1,V1,CONFLICT_ENGINE,SYSTEM,1 conflicts detected,
EVT-000319,IN-DL-110054-1-35,2026-07-08 14:00:00,MATCH_PROPOSED,V1,P1,MATCHING_ENGINE,SYSTEM,Cross-source match proposed,
EVT-000320,IN-DL-110054-1-35,2026-09-05 12:00:00,HUMAN_REVIEW,P1,P1,REVIEW_WORKSPACE,HUMAN_REVIEWER,Additional evidence requested,
EVT-000321,IN-DL-110054-1-36,1979-01-01 12:00:00,PARCEL_CREATED,,V1,CANONICAL_SEED,SYSTEM,Initial cadastral creation,
EVT-000322,IN-DL-110054-1-36,2026-06-20 09:00:00,SOURCE_IMPORTED,V1,V1,INGESTION_PIPELINE,SYSTEM,2 observations linked,
EVT-000323,IN-DL-110054-1-36,2026-07-01 11:00:00,CONFLICT_DETECTED,V1,V1,CONFLICT_ENGINE,SYSTEM,1 conflicts detected,
EVT-000324,IN-DL-110054-1-36,2026-07-08 14:00:00,MATCH_PROPOSED,V1,P1,MATCHING_ENGINE,SYSTEM,Cross-source match proposed,
EVT-000325,IN-DL-110054-1-36,2026-09-10 14:00:00,PROPOSAL_ACCEPTED,P1,V2,POLICY_GATE,AUTHORITY,Proposed state accepted,
EVT-000326,IN-DL-110054-1-36,2026-09-10 14:05:00,CANONICAL_STATE_UPDATED,V1,V2,CANONICAL_REGISTRY,SYSTEM,Authoritative state updated,
EVT-000327,IN-DL-110054-1-37,1980-01-01 12:00:00,PARCEL_CREATED,,V1,CANONICAL_SEED,SYSTEM,Initial cadastral creation,
EVT-000328,IN-DL-110054-1-37,2026-06-20 09:00:00,SOURCE_IMPORTED,V1,V1,INGESTION_PIPELINE,SYSTEM,4 observations linked,
EVT-000329,IN-DL-110054-1-37,2026-07-08 14:00:00,MATCH_PROPOSED,V1,P1,MATCHING_ENGINE,SYSTEM,Cross-source match proposed,
EVT-000330,IN-DL-110054-1-37,2026-09-10 14:00:00,PROPOSAL_ACCEPTED,P1,V2,POLICY_GATE,AUTHORITY,Proposed state accepted,
EVT-000331,IN-DL-110054-1-37,2026-09-10 14:05:00,CANONICAL_STATE_UPDATED,V1,V2,CANONICAL_REGISTRY,SYSTEM,Authoritative state updated,
EVT-000332,IN-DL-110054-1-38,1981-01-01 12:00:00,PARCEL_CREATED,,V1,CANONICAL_SEED,SYSTEM,Initial cadastral creation,
EVT-000333,IN-DL-110054-1-38,2026-06-20 09:00:00,SOURCE_IMPORTED,V1,V1,INGESTION_PIPELINE,SYSTEM,3 observations linked,
EVT-000334,IN-DL-110054-1-38,2026-07-08 14:00:00,MATCH_PROPOSED,V1,P1,MATCHING_ENGINE,SYSTEM,Cross-source match proposed,
EVT-000335,IN-DL-110054-1-38,2026-09-10 14:00:00,PROPOSAL_ACCEPTED,P1,V2,POLICY_GATE,AUTHORITY,Proposed state accepted,
EVT-000336,IN-DL-110054-1-38,2026-09-10 14:05:00,CANONICAL_STATE_UPDATED,V1,V2,CANONICAL_REGISTRY,SYSTEM,Authoritative state updated,
EVT-000337,IN-DL-110054-1-39,1982-01-01 12:00:00,PARCEL_CREATED,,V1,CANONICAL_SEED,SYSTEM,Initial cadastral creation,
EVT-000338,IN-DL-110054-1-39,2026-06-20 09:00:00,SOURCE_IMPORTED,V1,V1,INGESTION_PIPELINE,SYSTEM,3 observations linked,
EVT-000339,IN-DL-110054-1-39,2026-07-08 14:00:00,MATCH_PROPOSED,V1,P1,MATCHING_ENGINE,SYSTEM,Cross-source match proposed,
EVT-000340,IN-DL-110054-1-39,2026-09-10 14:00:00,PROPOSAL_ACCEPTED,P1,V2,POLICY_GATE,AUTHORITY,Proposed state accepted,
EVT-000341,IN-DL-110054-1-39,2026-09-10 14:05:00,CANONICAL_STATE_UPDATED,V1,V2,CANONICAL_REGISTRY,SYSTEM,Authoritative state updated,
EVT-000342,IN-DL-110054-1-40,1983-01-01 12:00:00,PARCEL_CREATED,,V1,CANONICAL_SEED,SYSTEM,Initial cadastral creation,
EVT-000343,IN-DL-110054-1-40,2026-06-20 09:00:00,SOURCE_IMPORTED,V1,V1,INGESTION_PIPELINE,SYSTEM,3 observations linked,
EVT-000344,IN-DL-110054-1-40,2026-07-01 11:00:00,CONFLICT_DETECTED,V1,V1,CONFLICT_ENGINE,SYSTEM,1 conflicts detected,
EVT-000345,IN-DL-110054-1-40,2026-07-08 14:00:00,MATCH_PROPOSED,V1,P1,MATCHING_ENGINE,SYSTEM,Cross-source match proposed,
EVT-000346,IN-DL-110054-1-40,2026-09-10 14:00:00,PROPOSAL_ACCEPTED,P1,V2,POLICY_GATE,AUTHORITY,Proposed state accepted,
EVT-000347,IN-DL-110054-1-40,2026-09-10 14:05:00,CANONICAL_STATE_UPDATED,V1,V2,CANONICAL_REGISTRY,SYSTEM,Authoritative state updated,
EVT-000348,IN-DL-110054-1-41,1984-01-01 12:00:00,PARCEL_CREATED,,V1,CANONICAL_SEED,SYSTEM,Initial cadastral creation,
EVT-000349,IN-DL-110054-1-41,2026-06-20 09:00:00,SOURCE_IMPORTED,V1,V1,INGESTION_PIPELINE,SYSTEM,3 observations linked,
EVT-000350,IN-DL-110054-1-41,2026-07-01 11:00:00,CONFLICT_DETECTED,V1,V1,CONFLICT_ENGINE,SYSTEM,1 conflicts detected,
EVT-000351,IN-DL-110054-1-41,2026-07-08 14:00:00,MATCH_PROPOSED,V1,P1,MATCHING_ENGINE,SYSTEM,Cross-source match proposed,
EVT-000352,IN-DL-110054-1-41,2026-09-07 15:00:00,PROPOSAL_REJECTED,P1,V1,REVIEW_WORKSPACE,HUMAN_REVIEWER,Candidate match rejected,
EVT-000353,IN-DL-110054-1-42,1978-01-01 12:00:00,PARCEL_CREATED,,V1,CANONICAL_SEED,SYSTEM,Initial cadastral creation,
EVT-000354,IN-DL-110054-1-42,2026-06-20 09:00:00,SOURCE_IMPORTED,V1,V1,INGESTION_PIPELINE,SYSTEM,3 observations linked,
EVT-000355,IN-DL-110054-1-42,2026-07-08 14:00:00,MATCH_PROPOSED,V1,P1,MATCHING_ENGINE,SYSTEM,Cross-source match proposed,
EVT-000356,IN-DL-110054-1-42,2026-09-10 14:00:00,PROPOSAL_ACCEPTED,P1,V2,POLICY_GATE,AUTHORITY,Proposed state accepted,
EVT-000357,IN-DL-110054-1-42,2026-09-10 14:05:00,CANONICAL_STATE_UPDATED,V1,V2,CANONICAL_REGISTRY,SYSTEM,Authoritative state updated,
EVT-000358,IN-DL-110054-1-43,1979-01-01 12:00:00,PARCEL_CREATED,,V1,CANONICAL_SEED,SYSTEM,Initial cadastral creation,
EVT-000359,IN-DL-110054-1-43,2026-06-20 09:00:00,SOURCE_IMPORTED,V1,V1,INGESTION_PIPELINE,SYSTEM,2 observations linked,
EVT-000360,IN-DL-110054-1-43,2026-07-01 11:00:00,CONFLICT_DETECTED,V1,V1,CONFLICT_ENGINE,SYSTEM,1 conflicts detected,
EVT-000361,IN-DL-110054-1-43,2026-07-08 14:00:00,MATCH_PROPOSED,V1,P1,MATCHING_ENGINE,SYSTEM,Cross-source match proposed,
EVT-000362,IN-DL-110054-1-43,2026-09-05 11:00:00,HUMAN_REVIEW,P1,P2,REVIEW_WORKSPACE,HUMAN_REVIEWER,Legal/operational conflict requires decision,
EVT-000363,IN-DL-110054-1-44,1980-01-01 12:00:00,PARCEL_CREATED,,V1,CANONICAL_SEED,SYSTEM,Initial cadastral creation,
EVT-000364,IN-DL-110054-1-44,2026-06-20 09:00:00,SOURCE_IMPORTED,V1,V1,INGESTION_PIPELINE,SYSTEM,4 observations linked,
EVT-000365,IN-DL-110054-1-44,2026-07-08 14:00:00,MATCH_PROPOSED,V1,P1,MATCHING_ENGINE,SYSTEM,Cross-source match proposed,
EVT-000366,IN-DL-110054-1-44,2026-09-10 14:00:00,PROPOSAL_ACCEPTED,P1,V2,POLICY_GATE,AUTHORITY,Proposed state accepted,
EVT-000367,IN-DL-110054-1-44,2026-09-10 14:05:00,CANONICAL_STATE_UPDATED,V1,V2,CANONICAL_REGISTRY,SYSTEM,Authoritative state updated,
EVT-000368,IN-DL-110054-1-45,1981-01-01 12:00:00,PARCEL_CREATED,,V1,CANONICAL_SEED,SYSTEM,Initial cadastral creation,
EVT-000369,IN-DL-110054-1-45,2026-06-20 09:00:00,SOURCE_IMPORTED,V1,V1,INGESTION_PIPELINE,SYSTEM,4 observations linked,
EVT-000370,IN-DL-110054-1-45,2026-07-01 11:00:00,CONFLICT_DETECTED,V1,V1,CONFLICT_ENGINE,SYSTEM,1 conflicts detected,
EVT-000371,IN-DL-110054-1-45,2026-07-08 14:00:00,MATCH_PROPOSED,V1,P1,MATCHING_ENGINE,SYSTEM,Cross-source match proposed,
EVT-000372,IN-DL-110054-1-45,2026-09-10 14:00:00,PROPOSAL_ACCEPTED,P1,V2,POLICY_GATE,AUTHORITY,Proposed state accepted,
EVT-000373,IN-DL-110054-1-45,2026-09-10 14:05:00,CANONICAL_STATE_UPDATED,V1,V2,CANONICAL_REGISTRY,SYSTEM,Authoritative state updated,
EVT-000374,IN-DL-110054-1-46,1982-01-01 12:00:00,PARCEL_CREATED,,V1,CANONICAL_SEED,SYSTEM,Initial cadastral creation,
EVT-000375,IN-DL-110054-1-46,2026-06-20 09:00:00,SOURCE_IMPORTED,V1,V1,INGESTION_PIPELINE,SYSTEM,4 observations linked,
EVT-000376,IN-DL-110054-1-46,2026-07-01 11:00:00,CONFLICT_DETECTED,V1,V1,CONFLICT_ENGINE,SYSTEM,1 conflicts detected,
EVT-000377,IN-DL-110054-1-46,2026-07-08 14:00:00,MATCH_PROPOSED,V1,P1,MATCHING_ENGINE,SYSTEM,Cross-source match proposed,
EVT-000378,IN-DL-110054-1-46,2026-09-10 14:00:00,PROPOSAL_ACCEPTED,P1,V2,POLICY_GATE,AUTHORITY,Proposed state accepted,
EVT-000379,IN-DL-110054-1-46,2026-09-10 14:05:00,CANONICAL_STATE_UPDATED,V1,V2,CANONICAL_REGISTRY,SYSTEM,Authoritative state updated,
EVT-000380,IN-DL-110054-1-47,1983-01-01 12:00:00,PARCEL_CREATED,,V1,CANONICAL_SEED,SYSTEM,Initial cadastral creation,
EVT-000381,IN-DL-110054-1-47,2026-06-20 09:00:00,SOURCE_IMPORTED,V1,V1,INGESTION_PIPELINE,SYSTEM,4 observations linked,
EVT-000382,IN-DL-110054-1-47,2026-07-01 11:00:00,CONFLICT_DETECTED,V1,V1,CONFLICT_ENGINE,SYSTEM,2 conflicts detected,
EVT-000383,IN-DL-110054-1-47,2026-07-08 14:00:00,MATCH_PROPOSED,V1,P1,MATCHING_ENGINE,SYSTEM,Cross-source match proposed,
EVT-000384,IN-DL-110054-1-47,2026-09-05 12:00:00,HUMAN_REVIEW,P1,P1,REVIEW_WORKSPACE,HUMAN_REVIEWER,Additional evidence requested,
EVT-000385,IN-DL-110054-1-48,1984-01-01 12:00:00,PARCEL_CREATED,,V1,CANONICAL_SEED,SYSTEM,Initial cadastral creation,
EVT-000386,IN-DL-110054-1-48,2026-06-20 09:00:00,SOURCE_IMPORTED,V1,V1,INGESTION_PIPELINE,SYSTEM,3 observations linked,
EVT-000387,IN-DL-110054-1-48,2026-07-01 11:00:00,CONFLICT_DETECTED,V1,V1,CONFLICT_ENGINE,SYSTEM,1 conflicts detected,
EVT-000388,IN-DL-110054-1-48,2026-07-08 14:00:00,MATCH_PROPOSED,V1,P1,MATCHING_ENGINE,SYSTEM,Cross-source match proposed,
EVT-000389,IN-DL-110054-1-48,2026-09-10 14:00:00,PROPOSAL_ACCEPTED,P1,V2,POLICY_GATE,AUTHORITY,Proposed state accepted,
EVT-000390,IN-DL-110054-1-48,2026-09-10 14:05:00,CANONICAL_STATE_UPDATED,V1,V2,CANONICAL_REGISTRY,SYSTEM,Authoritative state updated,
EVT-000391,IN-DL-110054-1-49,1978-01-01 12:00:00,PARCEL_CREATED,,V1,CANONICAL_SEED,SYSTEM,Initial cadastral creation,
EVT-000392,IN-DL-110054-1-49,2026-06-20 09:00:00,SOURCE_IMPORTED,V1,V1,INGESTION_PIPELINE,SYSTEM,5 observations linked,
EVT-000393,IN-DL-110054-1-49,2026-07-08 14:00:00,MATCH_PROPOSED,V1,P1,MATCHING_ENGINE,SYSTEM,Cross-source match proposed,
EVT-000394,IN-DL-110054-1-49,2026-09-10 14:00:00,PROPOSAL_ACCEPTED,P1,V2,POLICY_GATE,AUTHORITY,Proposed state accepted,
EVT-000395,IN-DL-110054-1-49,2026-09-10 14:05:00,CANONICAL_STATE_UPDATED,V1,V2,CANONICAL_REGISTRY,SYSTEM,Authoritative state updated,
EVT-000396,IN-DL-110054-1-50,1979-01-01 12:00:00,PARCEL_CREATED,,V1,CANONICAL_SEED,SYSTEM,Initial cadastral creation,
EVT-000397,IN-DL-110054-1-50,2026-06-20 09:00:00,SOURCE_IMPORTED,V1,V1,INGESTION_PIPELINE,SYSTEM,3 observations linked,
EVT-000398,IN-DL-110054-1-50,2026-07-01 11:00:00,CONFLICT_DETECTED,V1,V1,CONFLICT_ENGINE,SYSTEM,1 conflicts detected,
EVT-000399,IN-DL-110054-1-50,2026-07-08 14:00:00,MATCH_PROPOSED,V1,P1,MATCHING_ENGINE,SYSTEM,Cross-source match proposed,
EVT-000400,IN-DL-110054-1-50,2026-09-10 14:00:00,PROPOSAL_ACCEPTED,P1,V2,POLICY_GATE,AUTHORITY,Proposed state accepted,
EVT-000401,IN-DL-110054-1-50,2026-09-10 14:05:00,CANONICAL_STATE_UPDATED,V1,V2,CANONICAL_REGISTRY,SYSTEM,Authoritative state updated,
EVT-000402,IN-DL-110054-1-51,1980-01-01 12:00:00,PARCEL_CREATED,,V1,CANONICAL_SEED,SYSTEM,Initial cadastral creation,
EVT-000403,IN-DL-110054-1-51,2026-06-20 09:00:00,SOURCE_IMPORTED,V1,V1,INGESTION_PIPELINE,SYSTEM,4 observations linked,
EVT-000404,IN-DL-110054-1-51,2026-07-08 14:00:00,MATCH_PROPOSED,V1,P1,MATCHING_ENGINE,SYSTEM,Cross-source match proposed,
EVT-000405,IN-DL-110054-1-51,2026-09-10 14:00:00,PROPOSAL_ACCEPTED,P1,V2,POLICY_GATE,AUTHORITY,Proposed state accepted,
EVT-000406,IN-DL-110054-1-51,2026-09-10 14:05:00,CANONICAL_STATE_UPDATED,V1,V2,CANONICAL_REGISTRY,SYSTEM,Authoritative state updated,
EVT-000407,IN-DL-110054-1-52,1981-01-01 12:00:00,PARCEL_CREATED,,V1,CANONICAL_SEED,SYSTEM,Initial cadastral creation,
EVT-000408,IN-DL-110054-1-52,2026-06-20 09:00:00,SOURCE_IMPORTED,V1,V1,INGESTION_PIPELINE,SYSTEM,4 observations linked,
EVT-000409,IN-DL-110054-1-52,2026-07-08 14:00:00,MATCH_PROPOSED,V1,P1,MATCHING_ENGINE,SYSTEM,Cross-source match proposed,
EVT-000410,IN-DL-110054-1-52,2026-09-10 14:00:00,PROPOSAL_ACCEPTED,P1,V2,POLICY_GATE,AUTHORITY,Proposed state accepted,
EVT-000411,IN-DL-110054-1-52,2026-09-10 14:05:00,CANONICAL_STATE_UPDATED,V1,V2,CANONICAL_REGISTRY,SYSTEM,Authoritative state updated,
EVT-000412,IN-DL-110054-1-53,1982-01-01 12:00:00,PARCEL_CREATED,,V1,CANONICAL_SEED,SYSTEM,Initial cadastral creation,
EVT-000413,IN-DL-110054-1-53,2026-06-20 09:00:00,SOURCE_IMPORTED,V1,V1,INGESTION_PIPELINE,SYSTEM,5 observations linked,
EVT-000414,IN-DL-110054-1-53,2026-07-08 14:00:00,MATCH_PROPOSED,V1,P1,MATCHING_ENGINE,SYSTEM,Cross-source match proposed,
EVT-000415,IN-DL-110054-1-53,2026-09-10 14:00:00,PROPOSAL_ACCEPTED,P1,V2,POLICY_GATE,AUTHORITY,Proposed state accepted,
EVT-000416,IN-DL-110054-1-53,2026-09-10 14:05:00,CANONICAL_STATE_UPDATED,V1,V2,CANONICAL_REGISTRY,SYSTEM,Authoritative state updated,
EVT-000417,IN-DL-110054-1-54,1983-01-01 12:00:00,PARCEL_CREATED,,V1,CANONICAL_SEED,SYSTEM,Initial cadastral creation,
EVT-000418,IN-DL-110054-1-54,2026-06-20 09:00:00,SOURCE_IMPORTED,V1,V1,INGESTION_PIPELINE,SYSTEM,3 observations linked,
EVT-000419,IN-DL-110054-1-54,2026-07-08 14:00:00,MATCH_PROPOSED,V1,P1,MATCHING_ENGINE,SYSTEM,Cross-source match proposed,
EVT-000420,IN-DL-110054-1-54,2026-09-10 14:00:00,PROPOSAL_ACCEPTED,P1,V2,POLICY_GATE,AUTHORITY,Proposed state accepted,
EVT-000421,IN-DL-110054-1-54,2026-09-10 14:05:00,CANONICAL_STATE_UPDATED,V1,V2,CANONICAL_REGISTRY,SYSTEM,Authoritative state updated,
EVT-000422,IN-DL-110054-1-55,1984-01-01 12:00:00,PARCEL_CREATED,,V1,CANONICAL_SEED,SYSTEM,Initial cadastral creation,
EVT-000423,IN-DL-110054-1-55,2026-06-20 09:00:00,SOURCE_IMPORTED,V1,V1,INGESTION_PIPELINE,SYSTEM,3 observations linked,
EVT-000424,IN-DL-110054-1-55,2026-07-08 14:00:00,MATCH_PROPOSED,V1,P1,MATCHING_ENGINE,SYSTEM,Cross-source match proposed,
EVT-000425,IN-DL-110054-1-55,2026-08-06 10:00:00,EVIDENCE_ADDED,P1,P2,FIELD_SURVEY,SURVEYOR,GNSS/CORS evidence attached,
EVT-000426,IN-DL-110054-1-55,2026-09-10 14:00:00,PROPOSAL_ACCEPTED,P2,V2,POLICY_GATE,AUTHORITY,Proposed state accepted,
EVT-000427,IN-DL-110054-1-55,2026-09-10 14:05:00,CANONICAL_STATE_UPDATED,V1,V2,CANONICAL_REGISTRY,SYSTEM,Authoritative state updated,
EVT-000428,IN-DL-110054-1-56,1978-01-01 12:00:00,PARCEL_CREATED,,V1,CANONICAL_SEED,SYSTEM,Initial cadastral creation,
EVT-000429,IN-DL-110054-1-56,2026-06-20 09:00:00,SOURCE_IMPORTED,V1,V1,INGESTION_PIPELINE,SYSTEM,4 observations linked,
EVT-000430,IN-DL-110054-1-56,2026-07-01 11:00:00,CONFLICT_DETECTED,V1,V1,CONFLICT_ENGINE,SYSTEM,2 conflicts detected,
EVT-000431,IN-DL-110054-1-56,2026-07-08 14:00:00,MATCH_PROPOSED,V1,P1,MATCHING_ENGINE,SYSTEM,Cross-source match proposed,
EVT-000432,IN-DL-110054-1-56,2026-09-05 12:00:00,HUMAN_REVIEW,P1,P1,REVIEW_WORKSPACE,HUMAN_REVIEWER,Additional evidence requested,
EVT-000433,IN-DL-110054-1-57,1979-01-01 12:00:00,PARCEL_CREATED,,V1,CANONICAL_SEED,SYSTEM,Initial cadastral creation,
EVT-000434,IN-DL-110054-1-57,2026-06-20 09:00:00,SOURCE_IMPORTED,V1,V1,INGESTION_PIPELINE,SYSTEM,2 observations linked,
EVT-000435,IN-DL-110054-1-57,2026-07-08 14:00:00,MATCH_PROPOSED,V1,P1,MATCHING_ENGINE,SYSTEM,Cross-source match proposed,
EVT-000436,IN-DL-110054-1-57,2026-09-10 14:00:00,PROPOSAL_ACCEPTED,P1,V2,POLICY_GATE,AUTHORITY,Proposed state accepted,
EVT-000437,IN-DL-110054-1-57,2026-09-10 14:05:00,CANONICAL_STATE_UPDATED,V1,V2,CANONICAL_REGISTRY,SYSTEM,Authoritative state updated,
EVT-000438,IN-DL-110054-1-58,1980-01-01 12:00:00,PARCEL_CREATED,,V1,CANONICAL_SEED,SYSTEM,Initial cadastral creation,
EVT-000439,IN-DL-110054-1-58,2026-06-20 09:00:00,SOURCE_IMPORTED,V1,V1,INGESTION_PIPELINE,SYSTEM,3 observations linked,
EVT-000440,IN-DL-110054-1-58,2026-07-08 14:00:00,MATCH_PROPOSED,V1,P1,MATCHING_ENGINE,SYSTEM,Cross-source match proposed,
EVT-000441,IN-DL-110054-1-58,2026-09-10 14:00:00,PROPOSAL_ACCEPTED,P1,V2,POLICY_GATE,AUTHORITY,Proposed state accepted,
EVT-000442,IN-DL-110054-1-58,2026-09-10 14:05:00,CANONICAL_STATE_UPDATED,V1,V2,CANONICAL_REGISTRY,SYSTEM,Authoritative state updated,
EVT-000443,IN-DL-110054-1-59,1981-01-01 12:00:00,PARCEL_CREATED,,V1,CANONICAL_SEED,SYSTEM,Initial cadastral creation,
EVT-000444,IN-DL-110054-1-59,2026-06-20 09:00:00,SOURCE_IMPORTED,V1,V1,INGESTION_PIPELINE,SYSTEM,5 observations linked,
EVT-000445,IN-DL-110054-1-59,2026-07-08 14:00:00,MATCH_PROPOSED,V1,P1,MATCHING_ENGINE,SYSTEM,Cross-source match proposed,
EVT-000446,IN-DL-110054-1-59,2026-08-06 10:00:00,EVIDENCE_ADDED,P1,P2,FIELD_SURVEY,SURVEYOR,GNSS/CORS evidence attached,
EVT-000447,IN-DL-110054-1-59,2026-09-10 14:00:00,PROPOSAL_ACCEPTED,P2,V2,POLICY_GATE,AUTHORITY,Proposed state accepted,
EVT-000448,IN-DL-110054-1-59,2026-09-10 14:05:00,CANONICAL_STATE_UPDATED,V1,V2,CANONICAL_REGISTRY,SYSTEM,Authoritative state updated,
EVT-000449,IN-DL-110054-1-60,1982-01-01 12:00:00,PARCEL_CREATED,,V1,CANONICAL_SEED,SYSTEM,Initial cadastral creation,
EVT-000450,IN-DL-110054-1-60,2026-06-20 09:00:00,SOURCE_IMPORTED,V1,V1,INGESTION_PIPELINE,SYSTEM,4 observations linked,
EVT-000451,IN-DL-110054-1-60,2026-07-01 11:00:00,CONFLICT_DETECTED,V1,V1,CONFLICT_ENGINE,SYSTEM,3 conflicts detected,
EVT-000452,IN-DL-110054-1-60,2026-07-08 14:00:00,MATCH_PROPOSED,V1,P1,MATCHING_ENGINE,SYSTEM,Cross-source match proposed,
EVT-000453,IN-DL-110054-1-60,2026-09-10 14:00:00,PROPOSAL_ACCEPTED,P1,V2,POLICY_GATE,AUTHORITY,Proposed state accepted,
EVT-000454,IN-DL-110054-1-60,2026-09-10 14:05:00,CANONICAL_STATE_UPDATED,V1,V2,CANONICAL_REGISTRY,SYSTEM,Authoritative state updated,
EVT-000455,IN-DL-110054-1-61,1983-01-01 12:00:00,PARCEL_CREATED,,V1,CANONICAL_SEED,SYSTEM,Initial cadastral creation,
EVT-000456,IN-DL-110054-1-61,2026-06-20 09:00:00,SOURCE_IMPORTED,V1,V1,INGESTION_PIPELINE,SYSTEM,4 observations linked,
EVT-000457,IN-DL-110054-1-61,2026-07-08 14:00:00,MATCH_PROPOSED,V1,P1,MATCHING_ENGINE,SYSTEM,Cross-source match proposed,
EVT-000458,IN-DL-110054-1-61,2026-09-10 14:00:00,PROPOSAL_ACCEPTED,P1,V2,POLICY_GATE,AUTHORITY,Proposed state accepted,
EVT-000459,IN-DL-110054-1-61,2026-09-10 14:05:00,CANONICAL_STATE_UPDATED,V1,V2,CANONICAL_REGISTRY,SYSTEM,Authoritative state updated,
EVT-000460,IN-DL-110054-1-62,1984-01-01 12:00:00,PARCEL_CREATED,,V1,CANONICAL_SEED,SYSTEM,Initial cadastral creation,
EVT-000461,IN-DL-110054-1-62,2026-06-20 09:00:00,SOURCE_IMPORTED,V1,V1,INGESTION_PIPELINE,SYSTEM,3 observations linked,
EVT-000462,IN-DL-110054-1-62,2026-07-08 14:00:00,MATCH_PROPOSED,V1,P1,MATCHING_ENGINE,SYSTEM,Cross-source match proposed,
EVT-000463,IN-DL-110054-1-62,2026-09-10 14:00:00,PROPOSAL_ACCEPTED,P1,V2,POLICY_GATE,AUTHORITY,Proposed state accepted,
EVT-000464,IN-DL-110054-1-62,2026-09-10 14:05:00,CANONICAL_STATE_UPDATED,V1,V2,CANONICAL_REGISTRY,SYSTEM,Authoritative state updated,
EVT-000465,IN-DL-110054-1-63,1978-01-01 12:00:00,PARCEL_CREATED,,V1,CANONICAL_SEED,SYSTEM,Initial cadastral creation,
EVT-000466,IN-DL-110054-1-63,2026-06-20 09:00:00,SOURCE_IMPORTED,V1,V1,INGESTION_PIPELINE,SYSTEM,3 observations linked,
EVT-000467,IN-DL-110054-1-63,2026-07-08 14:00:00,MATCH_PROPOSED,V1,P1,MATCHING_ENGINE,SYSTEM,Cross-source match proposed,
EVT-000468,IN-DL-110054-1-63,2026-09-10 14:00:00,PROPOSAL_ACCEPTED,P1,V2,POLICY_GATE,AUTHORITY,Proposed state accepted,
EVT-000469,IN-DL-110054-1-63,2026-09-10 14:05:00,CANONICAL_STATE_UPDATED,V1,V2,CANONICAL_REGISTRY,SYSTEM,Authoritative state updated,
EVT-000470,IN-DL-110054-1-64,1979-01-01 12:00:00,PARCEL_CREATED,,V1,CANONICAL_SEED,SYSTEM,Initial cadastral creation,
EVT-000471,IN-DL-110054-1-64,2026-06-20 09:00:00,SOURCE_IMPORTED,V1,V1,INGESTION_PIPELINE,SYSTEM,5 observations linked,
EVT-000472,IN-DL-110054-1-64,2026-07-01 11:00:00,CONFLICT_DETECTED,V1,V1,CONFLICT_ENGINE,SYSTEM,1 conflicts detected,
EVT-000473,IN-DL-110054-1-64,2026-07-08 14:00:00,MATCH_PROPOSED,V1,P1,MATCHING_ENGINE,SYSTEM,Cross-source match proposed,
EVT-000474,IN-DL-110054-1-64,2026-09-10 14:00:00,PROPOSAL_ACCEPTED,P1,V2,POLICY_GATE,AUTHORITY,Proposed state accepted,
EVT-000475,IN-DL-110054-1-64,2026-09-10 14:05:00,CANONICAL_STATE_UPDATED,V1,V2,CANONICAL_REGISTRY,SYSTEM,Authoritative state updated,
EVT-000476,IN-DL-110054-1-65,1980-01-01 12:00:00,PARCEL_CREATED,,V1,CANONICAL_SEED,SYSTEM,Initial cadastral creation,
EVT-000477,IN-DL-110054-1-65,2026-06-20 09:00:00,SOURCE_IMPORTED,V1,V1,INGESTION_PIPELINE,SYSTEM,4 observations linked,
EVT-000478,IN-DL-110054-1-65,2026-07-08 14:00:00,MATCH_PROPOSED,V1,P1,MATCHING_ENGINE,SYSTEM,Cross-source match proposed,
EVT-000479,IN-DL-110054-1-65,2026-08-06 10:00:00,EVIDENCE_ADDED,P1,P2,FIELD_SURVEY,SURVEYOR,GNSS/CORS evidence attached,
EVT-000480,IN-DL-110054-1-65,2026-09-10 14:00:00,PROPOSAL_ACCEPTED,P2,V2,POLICY_GATE,AUTHORITY,Proposed state accepted,
EVT-000481,IN-DL-110054-1-65,2026-09-10 14:05:00,CANONICAL_STATE_UPDATED,V1,V2,CANONICAL_REGISTRY,SYSTEM,Authoritative state updated,
EVT-000482,IN-DL-110054-1-66,1981-01-01 12:00:00,PARCEL_CREATED,,V1,CANONICAL_SEED,SYSTEM,Initial cadastral creation,
EVT-000483,IN-DL-110054-1-66,2026-06-20 09:00:00,SOURCE_IMPORTED,V1,V1,INGESTION_PIPELINE,SYSTEM,4 observations linked,
EVT-000484,IN-DL-110054-1-66,2026-07-08 14:00:00,MATCH_PROPOSED,V1,P1,MATCHING_ENGINE,SYSTEM,Cross-source match proposed,
EVT-000485,IN-DL-110054-1-66,2026-09-10 14:00:00,PROPOSAL_ACCEPTED,P1,V2,POLICY_GATE,AUTHORITY,Proposed state accepted,
EVT-000486,IN-DL-110054-1-66,2026-09-10 14:05:00,CANONICAL_STATE_UPDATED,V1,V2,CANONICAL_REGISTRY,SYSTEM,Authoritative state updated,
EVT-000487,IN-DL-110054-1-67,1982-01-01 12:00:00,PARCEL_CREATED,,V1,CANONICAL_SEED,SYSTEM,Initial cadastral creation,
EVT-000488,IN-DL-110054-1-67,2026-06-20 09:00:00,SOURCE_IMPORTED,V1,V1,INGESTION_PIPELINE,SYSTEM,4 observations linked,
EVT-000489,IN-DL-110054-1-67,2026-07-08 14:00:00,MATCH_PROPOSED,V1,P1,MATCHING_ENGINE,SYSTEM,Cross-source match proposed,
EVT-000490,IN-DL-110054-1-67,2026-09-10 14:00:00,PROPOSAL_ACCEPTED,P1,V2,POLICY_GATE,AUTHORITY,Proposed state accepted,
EVT-000491,IN-DL-110054-1-67,2026-09-10 14:05:00,CANONICAL_STATE_UPDATED,V1,V2,CANONICAL_REGISTRY,SYSTEM,Authoritative state updated,
EVT-000492,IN-DL-110054-1-68,1983-01-01 12:00:00,PARCEL_CREATED,,V1,CANONICAL_SEED,SYSTEM,Initial cadastral creation,
EVT-000493,IN-DL-110054-1-68,2026-06-20 09:00:00,SOURCE_IMPORTED,V1,V1,INGESTION_PIPELINE,SYSTEM,4 observations linked,
EVT-000494,IN-DL-110054-1-68,2026-07-01 11:00:00,CONFLICT_DETECTED,V1,V1,CONFLICT_ENGINE,SYSTEM,1 conflicts detected,
EVT-000495,IN-DL-110054-1-68,2026-07-08 14:00:00,MATCH_PROPOSED,V1,P1,MATCHING_ENGINE,SYSTEM,Cross-source match proposed,
EVT-000496,IN-DL-110054-1-68,2026-09-05 12:00:00,HUMAN_REVIEW,P1,P1,REVIEW_WORKSPACE,HUMAN_REVIEWER,Additional evidence requested,
EVT-000497,IN-DL-110054-1-69,1984-01-01 12:00:00,PARCEL_CREATED,,V1,CANONICAL_SEED,SYSTEM,Initial cadastral creation,
EVT-000498,IN-DL-110054-1-69,2026-06-20 09:00:00,SOURCE_IMPORTED,V1,V1,INGESTION_PIPELINE,SYSTEM,4 observations linked,
EVT-000499,IN-DL-110054-1-69,2026-07-08 14:00:00,MATCH_PROPOSED,V1,P1,MATCHING_ENGINE,SYSTEM,Cross-source match proposed,
EVT-000500,IN-DL-110054-1-69,2026-09-10 14:00:00,PROPOSAL_ACCEPTED,P1,V2,POLICY_GATE,AUTHORITY,Proposed state accepted,
EVT-000501,IN-DL-110054-1-69,2026-09-10 14:05:00,CANONICAL_STATE_UPDATED,V1,V2,CANONICAL_REGISTRY,SYSTEM,Authoritative state updated,
EVT-000502,IN-DL-110054-1-70,1978-01-01 12:00:00,PARCEL_CREATED,,V1,CANONICAL_SEED,SYSTEM,Initial cadastral creation,
EVT-000503,IN-DL-110054-1-70,2026-06-20 09:00:00,SOURCE_IMPORTED,V1,V1,INGESTION_PIPELINE,SYSTEM,4 observations linked,
EVT-000504,IN-DL-110054-1-70,2026-07-01 11:00:00,CONFLICT_DETECTED,V1,V1,CONFLICT_ENGINE,SYSTEM,2 conflicts detected,
EVT-000505,IN-DL-110054-1-70,2026-07-08 14:00:00,MATCH_PROPOSED,V1,P1,MATCHING_ENGINE,SYSTEM,Cross-source match proposed,
EVT-000506,IN-DL-110054-1-70,2026-09-10 14:00:00,PROPOSAL_ACCEPTED,P1,V2,POLICY_GATE,AUTHORITY,Proposed state accepted,
EVT-000507,IN-DL-110054-1-70,2026-09-10 14:05:00,CANONICAL_STATE_UPDATED,V1,V2,CANONICAL_REGISTRY,SYSTEM,Authoritative state updated,
EVT-000508,IN-DL-110054-1-71,1979-01-01 12:00:00,PARCEL_CREATED,,V1,CANONICAL_SEED,SYSTEM,Initial cadastral creation,
EVT-000509,IN-DL-110054-1-71,2026-06-20 09:00:00,SOURCE_IMPORTED,V1,V1,INGESTION_PIPELINE,SYSTEM,4 observations linked,
EVT-000510,IN-DL-110054-1-71,2026-07-08 14:00:00,MATCH_PROPOSED,V1,P1,MATCHING_ENGINE,SYSTEM,Cross-source match proposed,
EVT-000511,IN-DL-110054-1-71,2026-09-10 14:00:00,PROPOSAL_ACCEPTED,P1,V2,POLICY_GATE,AUTHORITY,Proposed state accepted,
EVT-000512,IN-DL-110054-1-71,2026-09-10 14:05:00,CANONICAL_STATE_UPDATED,V1,V2,CANONICAL_REGISTRY,SYSTEM,Authoritative state updated,
EVT-000513,IN-DL-110054-1-72,1980-01-01 12:00:00,PARCEL_CREATED,,V1,CANONICAL_SEED,SYSTEM,Initial cadastral creation,
EVT-000514,IN-DL-110054-1-72,2026-06-20 09:00:00,SOURCE_IMPORTED,V1,V1,INGESTION_PIPELINE,SYSTEM,4 observations linked,
EVT-000515,IN-DL-110054-1-72,2026-07-01 11:00:00,CONFLICT_DETECTED,V1,V1,CONFLICT_ENGINE,SYSTEM,2 conflicts detected,
EVT-000516,IN-DL-110054-1-72,2026-07-08 14:00:00,MATCH_PROPOSED,V1,P1,MATCHING_ENGINE,SYSTEM,Cross-source match proposed,
EVT-000517,IN-DL-110054-1-72,2026-09-10 14:00:00,PROPOSAL_ACCEPTED,P1,V2,POLICY_GATE,AUTHORITY,Proposed state accepted,
EVT-000518,IN-DL-110054-1-72,2026-09-10 14:05:00,CANONICAL_STATE_UPDATED,V1,V2,CANONICAL_REGISTRY,SYSTEM,Authoritative state updated,
EVT-000519,IN-DL-110054-1-73,1981-01-01 12:00:00,PARCEL_CREATED,,V1,CANONICAL_SEED,SYSTEM,Initial cadastral creation,
EVT-000520,IN-DL-110054-1-73,2026-06-20 09:00:00,SOURCE_IMPORTED,V1,V1,INGESTION_PIPELINE,SYSTEM,3 observations linked,
EVT-000521,IN-DL-110054-1-73,2026-07-08 14:00:00,MATCH_PROPOSED,V1,P1,MATCHING_ENGINE,SYSTEM,Cross-source match proposed,
EVT-000522,IN-DL-110054-1-73,2026-09-10 14:00:00,PROPOSAL_ACCEPTED,P1,V2,POLICY_GATE,AUTHORITY,Proposed state accepted,
EVT-000523,IN-DL-110054-1-73,2026-09-10 14:05:00,CANONICAL_STATE_UPDATED,V1,V2,CANONICAL_REGISTRY,SYSTEM,Authoritative state updated,
EVT-000524,IN-DL-110054-1-74,1982-01-01 12:00:00,PARCEL_CREATED,,V1,CANONICAL_SEED,SYSTEM,Initial cadastral creation,
EVT-000525,IN-DL-110054-1-74,2026-06-20 09:00:00,SOURCE_IMPORTED,V1,V1,INGESTION_PIPELINE,SYSTEM,3 observations linked,
EVT-000526,IN-DL-110054-1-74,2026-07-01 11:00:00,CONFLICT_DETECTED,V1,V1,CONFLICT_ENGINE,SYSTEM,1 conflicts detected,
EVT-000527,IN-DL-110054-1-74,2026-07-08 14:00:00,MATCH_PROPOSED,V1,P1,MATCHING_ENGINE,SYSTEM,Cross-source match proposed,
EVT-000528,IN-DL-110054-1-74,2026-08-10 12:00:00,MUTATION_RECORDED,P1,V2_BAD,MUTATION_REGISTER,AUTHORITY,Incorrect mutation temporarily accepted,
EVT-000529,IN-DL-110054-1-74,2026-08-18 16:00:00,ROLLBACK,V2_BAD,V1,GEOGIT_AUDIT,AUTHORITY,Incorrect mutation rolled back,
EVT-000530,IN-DL-110054-1-74,2026-09-10 14:00:00,PROPOSAL_ACCEPTED,P1,V2,POLICY_GATE,AUTHORITY,Proposed state accepted,
EVT-000531,IN-DL-110054-1-74,2026-09-10 14:05:00,CANONICAL_STATE_UPDATED,V1,V2,CANONICAL_REGISTRY,SYSTEM,Authoritative state updated,
EVT-000532,IN-DL-110054-1-75,1983-01-01 12:00:00,PARCEL_CREATED,,V1,CANONICAL_SEED,SYSTEM,Initial cadastral creation,
EVT-000533,IN-DL-110054-1-75,2026-06-20 09:00:00,SOURCE_IMPORTED,V1,V1,INGESTION_PIPELINE,SYSTEM,2 observations linked,
EVT-000534,IN-DL-110054-1-75,2026-07-01 11:00:00,CONFLICT_DETECTED,V1,V1,CONFLICT_ENGINE,SYSTEM,2 conflicts detected,
EVT-000535,IN-DL-110054-1-75,2026-07-08 14:00:00,MATCH_PROPOSED,V1,P1,MATCHING_ENGINE,SYSTEM,Cross-source match proposed,
EVT-000536,IN-DL-110054-1-75,2026-09-05 12:00:00,HUMAN_REVIEW,P1,P1,REVIEW_WORKSPACE,HUMAN_REVIEWER,Additional evidence requested,
EVT-000537,IN-DL-110054-1-76,1984-01-01 12:00:00,PARCEL_CREATED,,V1,CANONICAL_SEED,SYSTEM,Initial cadastral creation,
EVT-000538,IN-DL-110054-1-76,2026-06-20 09:00:00,SOURCE_IMPORTED,V1,V1,INGESTION_PIPELINE,SYSTEM,4 observations linked,
EVT-000539,IN-DL-110054-1-76,2026-07-08 14:00:00,MATCH_PROPOSED,V1,P1,MATCHING_ENGINE,SYSTEM,Cross-source match proposed,
EVT-000540,IN-DL-110054-1-76,2026-09-10 14:00:00,PROPOSAL_ACCEPTED,P1,V2,POLICY_GATE,AUTHORITY,Proposed state accepted,
EVT-000541,IN-DL-110054-1-76,2026-09-10 14:05:00,CANONICAL_STATE_UPDATED,V1,V2,CANONICAL_REGISTRY,SYSTEM,Authoritative state updated,
EVT-000542,IN-DL-110054-1-77,1978-01-01 12:00:00,PARCEL_CREATED,,V1,CANONICAL_SEED,SYSTEM,Initial cadastral creation,
EVT-000543,IN-DL-110054-1-77,2026-06-20 09:00:00,SOURCE_IMPORTED,V1,V1,INGESTION_PIPELINE,SYSTEM,5 observations linked,
EVT-000544,IN-DL-110054-1-77,2026-07-08 14:00:00,MATCH_PROPOSED,V1,P1,MATCHING_ENGINE,SYSTEM,Cross-source match proposed,
EVT-000545,IN-DL-110054-1-77,2026-09-10 14:00:00,PROPOSAL_ACCEPTED,P1,V2,POLICY_GATE,AUTHORITY,Proposed state accepted,
EVT-000546,IN-DL-110054-1-77,2026-09-10 14:05:00,CANONICAL_STATE_UPDATED,V1,V2,CANONICAL_REGISTRY,SYSTEM,Authoritative state updated,
EVT-000547,IN-DL-110054-1-78,1979-01-01 12:00:00,PARCEL_CREATED,,V1,CANONICAL_SEED,SYSTEM,Initial cadastral creation,
EVT-000548,IN-DL-110054-1-78,2026-06-20 09:00:00,SOURCE_IMPORTED,V1,V1,INGESTION_PIPELINE,SYSTEM,4 observations linked,
EVT-000549,IN-DL-110054-1-78,2026-07-08 14:00:00,MATCH_PROPOSED,V1,P1,MATCHING_ENGINE,SYSTEM,Cross-source match proposed,
EVT-000550,IN-DL-110054-1-78,2026-09-10 14:00:00,PROPOSAL_ACCEPTED,P1,V2,POLICY_GATE,AUTHORITY,Proposed state accepted,
EVT-000551,IN-DL-110054-1-78,2026-09-10 14:05:00,CANONICAL_STATE_UPDATED,V1,V2,CANONICAL_REGISTRY,SYSTEM,Authoritative state updated,
EVT-000552,IN-DL-110054-1-79,1980-01-01 12:00:00,PARCEL_CREATED,,V1,CANONICAL_SEED,SYSTEM,Initial cadastral creation,
EVT-000553,IN-DL-110054-1-79,2026-06-20 09:00:00,SOURCE_IMPORTED,V1,V1,INGESTION_PIPELINE,SYSTEM,5 observations linked,
EVT-000554,IN-DL-110054-1-79,2026-07-08 14:00:00,MATCH_PROPOSED,V1,P1,MATCHING_ENGINE,SYSTEM,Cross-source match proposed,
EVT-000555,IN-DL-110054-1-79,2026-09-10 14:00:00,PROPOSAL_ACCEPTED,P1,V2,POLICY_GATE,AUTHORITY,Proposed state accepted,
EVT-000556,IN-DL-110054-1-79,2026-09-10 14:05:00,CANONICAL_STATE_UPDATED,V1,V2,CANONICAL_REGISTRY,SYSTEM,Authoritative state updated,
EVT-000557,IN-DL-110054-1-80,1981-01-01 12:00:00,PARCEL_CREATED,,V1,CANONICAL_SEED,SYSTEM,Initial cadastral creation,
EVT-000558,IN-DL-110054-1-80,2026-06-20 09:00:00,SOURCE_IMPORTED,V1,V1,INGESTION_PIPELINE,SYSTEM,4 observations linked,
EVT-000559,IN-DL-110054-1-80,2026-07-01 11:00:00,CONFLICT_DETECTED,V1,V1,CONFLICT_ENGINE,SYSTEM,1 conflicts detected,
EVT-000560,IN-DL-110054-1-80,2026-07-08 14:00:00,MATCH_PROPOSED,V1,P1,MATCHING_ENGINE,SYSTEM,Cross-source match proposed,
EVT-000561,IN-DL-110054-1-80,2026-09-10 14:00:00,PROPOSAL_ACCEPTED,P1,V2,POLICY_GATE,AUTHORITY,Proposed state accepted,
EVT-000562,IN-DL-110054-1-80,2026-09-10 14:05:00,CANONICAL_STATE_UPDATED,V1,V2,CANONICAL_REGISTRY,SYSTEM,Authoritative state updated,
EVT-000563,IN-DL-110054-1-81,1982-01-01 12:00:00,PARCEL_CREATED,,V1,CANONICAL_SEED,SYSTEM,Initial cadastral creation,
EVT-000564,IN-DL-110054-1-81,2026-06-20 09:00:00,SOURCE_IMPORTED,V1,V1,INGESTION_PIPELINE,SYSTEM,4 observations linked,
EVT-000565,IN-DL-110054-1-81,2026-07-01 11:00:00,CONFLICT_DETECTED,V1,V1,CONFLICT_ENGINE,SYSTEM,1 conflicts detected,
EVT-000566,IN-DL-110054-1-81,2026-07-08 14:00:00,MATCH_PROPOSED,V1,P1,MATCHING_ENGINE,SYSTEM,Cross-source match proposed,
EVT-000567,IN-DL-110054-1-81,2026-09-05 11:00:00,HUMAN_REVIEW,P1,P2,REVIEW_WORKSPACE,HUMAN_REVIEWER,Legal/operational conflict requires decision,
EVT-000568,IN-DL-110054-1-82,1983-01-01 12:00:00,PARCEL_CREATED,,V1,CANONICAL_SEED,SYSTEM,Initial cadastral creation,
EVT-000569,IN-DL-110054-1-82,2026-06-20 09:00:00,SOURCE_IMPORTED,V1,V1,INGESTION_PIPELINE,SYSTEM,4 observations linked,
EVT-000570,IN-DL-110054-1-82,2026-07-08 14:00:00,MATCH_PROPOSED,V1,P1,MATCHING_ENGINE,SYSTEM,Cross-source match proposed,
EVT-000571,IN-DL-110054-1-82,2026-09-10 14:00:00,PROPOSAL_ACCEPTED,P1,V2,POLICY_GATE,AUTHORITY,Proposed state accepted,
EVT-000572,IN-DL-110054-1-82,2026-09-10 14:05:00,CANONICAL_STATE_UPDATED,V1,V2,CANONICAL_REGISTRY,SYSTEM,Authoritative state updated,
EVT-000573,IN-DL-110054-1-83,1984-01-01 12:00:00,PARCEL_CREATED,,V1,CANONICAL_SEED,SYSTEM,Initial cadastral creation,
EVT-000574,IN-DL-110054-1-83,2026-06-20 09:00:00,SOURCE_IMPORTED,V1,V1,INGESTION_PIPELINE,SYSTEM,4 observations linked,
EVT-000575,IN-DL-110054-1-83,2026-07-01 11:00:00,CONFLICT_DETECTED,V1,V1,CONFLICT_ENGINE,SYSTEM,1 conflicts detected,
EVT-000576,IN-DL-110054-1-83,2026-07-08 14:00:00,MATCH_PROPOSED,V1,P1,MATCHING_ENGINE,SYSTEM,Cross-source match proposed,
EVT-000577,IN-DL-110054-1-83,2026-09-05 12:00:00,HUMAN_REVIEW,P1,P1,REVIEW_WORKSPACE,HUMAN_REVIEWER,Additional evidence requested,
EVT-000578,IN-DL-110054-1-84,1978-01-01 12:00:00,PARCEL_CREATED,,V1,CANONICAL_SEED,SYSTEM,Initial cadastral creation,
EVT-000579,IN-DL-110054-1-84,2026-06-20 09:00:00,SOURCE_IMPORTED,V1,V1,INGESTION_PIPELINE,SYSTEM,4 observations linked,
EVT-000580,IN-DL-110054-1-84,2026-07-01 11:00:00,CONFLICT_DETECTED,V1,V1,CONFLICT_ENGINE,SYSTEM,2 conflicts detected,
EVT-000581,IN-DL-110054-1-84,2026-07-08 14:00:00,MATCH_PROPOSED,V1,P1,MATCHING_ENGINE,SYSTEM,Cross-source match proposed,
EVT-000582,IN-DL-110054-1-84,2026-09-07 15:00:00,PROPOSAL_REJECTED,P1,V1,REVIEW_WORKSPACE,HUMAN_REVIEWER,Candidate match rejected,
EVT-000583,IN-DL-110054-1-85,1979-01-01 12:00:00,PARCEL_CREATED,,V1,CANONICAL_SEED,SYSTEM,Initial cadastral creation,
EVT-000584,IN-DL-110054-1-85,2026-06-20 09:00:00,SOURCE_IMPORTED,V1,V1,INGESTION_PIPELINE,SYSTEM,4 observations linked,
EVT-000585,IN-DL-110054-1-85,2026-07-08 14:00:00,MATCH_PROPOSED,V1,P1,MATCHING_ENGINE,SYSTEM,Cross-source match proposed,
EVT-000586,IN-DL-110054-1-85,2026-09-10 14:00:00,PROPOSAL_ACCEPTED,P1,V2,POLICY_GATE,AUTHORITY,Proposed state accepted,
EVT-000587,IN-DL-110054-1-85,2026-09-10 14:05:00,CANONICAL_STATE_UPDATED,V1,V2,CANONICAL_REGISTRY,SYSTEM,Authoritative state updated,
EVT-000588,IN-DL-110054-1-86,1980-01-01 12:00:00,PARCEL_CREATED,,V1,CANONICAL_SEED,SYSTEM,Initial cadastral creation,
EVT-000589,IN-DL-110054-1-86,2026-06-20 09:00:00,SOURCE_IMPORTED,V1,V1,INGESTION_PIPELINE,SYSTEM,4 observations linked,
EVT-000590,IN-DL-110054-1-86,2026-07-08 14:00:00,MATCH_PROPOSED,V1,P1,MATCHING_ENGINE,SYSTEM,Cross-source match proposed,
EVT-000591,IN-DL-110054-1-86,2026-08-06 10:00:00,EVIDENCE_ADDED,P1,P2,FIELD_SURVEY,SURVEYOR,GNSS/CORS evidence attached,
EVT-000592,IN-DL-110054-1-86,2026-09-10 14:00:00,PROPOSAL_ACCEPTED,P2,V2,POLICY_GATE,AUTHORITY,Proposed state accepted,
EVT-000593,IN-DL-110054-1-86,2026-09-10 14:05:00,CANONICAL_STATE_UPDATED,V1,V2,CANONICAL_REGISTRY,SYSTEM,Authoritative state updated,
EVT-000594,IN-DL-110054-1-87,1981-01-01 12:00:00,PARCEL_CREATED,,V1,CANONICAL_SEED,SYSTEM,Initial cadastral creation,
EVT-000595,IN-DL-110054-1-87,2026-06-20 09:00:00,SOURCE_IMPORTED,V1,V1,INGESTION_PIPELINE,SYSTEM,2 observations linked,
EVT-000596,IN-DL-110054-1-87,2026-07-08 14:00:00,MATCH_PROPOSED,V1,P1,MATCHING_ENGINE,SYSTEM,Cross-source match proposed,
EVT-000597,IN-DL-110054-1-87,2026-09-10 14:00:00,PROPOSAL_ACCEPTED,P1,V2,POLICY_GATE,AUTHORITY,Proposed state accepted,
EVT-000598,IN-DL-110054-1-87,2026-09-10 14:05:00,CANONICAL_STATE_UPDATED,V1,V2,CANONICAL_REGISTRY,SYSTEM,Authoritative state updated,
EVT-000599,IN-DL-110054-1-88,1982-01-01 12:00:00,PARCEL_CREATED,,V1,CANONICAL_SEED,SYSTEM,Initial cadastral creation,
EVT-000600,IN-DL-110054-1-88,2026-06-20 09:00:00,SOURCE_IMPORTED,V1,V1,INGESTION_PIPELINE,SYSTEM,5 observations linked,
EVT-000601,IN-DL-110054-1-88,2026-07-08 14:00:00,MATCH_PROPOSED,V1,P1,MATCHING_ENGINE,SYSTEM,Cross-source match proposed,
EVT-000602,IN-DL-110054-1-88,2026-09-10 14:00:00,PROPOSAL_ACCEPTED,P1,V2,POLICY_GATE,AUTHORITY,Proposed state accepted,
EVT-000603,IN-DL-110054-1-88,2026-09-10 14:05:00,CANONICAL_STATE_UPDATED,V1,V2,CANONICAL_REGISTRY,SYSTEM,Authoritative state updated,
EVT-000604,IN-DL-110054-1-89,1983-01-01 12:00:00,PARCEL_CREATED,,V1,CANONICAL_SEED,SYSTEM,Initial cadastral creation,
EVT-000605,IN-DL-110054-1-89,2026-06-20 09:00:00,SOURCE_IMPORTED,V1,V1,INGESTION_PIPELINE,SYSTEM,3 observations linked,
EVT-000606,IN-DL-110054-1-89,2026-07-08 14:00:00,MATCH_PROPOSED,V1,P1,MATCHING_ENGINE,SYSTEM,Cross-source match proposed,
EVT-000607,IN-DL-110054-1-89,2026-09-10 14:00:00,PROPOSAL_ACCEPTED,P1,V2,POLICY_GATE,AUTHORITY,Proposed state accepted,
EVT-000608,IN-DL-110054-1-89,2026-09-10 14:05:00,CANONICAL_STATE_UPDATED,V1,V2,CANONICAL_REGISTRY,SYSTEM,Authoritative state updated,
EVT-000609,IN-DL-110054-1-90,1984-01-01 12:00:00,PARCEL_CREATED,,V1,CANONICAL_SEED,SYSTEM,Initial cadastral creation,
EVT-000610,IN-DL-110054-1-90,2026-06-20 09:00:00,SOURCE_IMPORTED,V1,V1,INGESTION_PIPELINE,SYSTEM,5 observations linked,
EVT-000611,IN-DL-110054-1-90,2026-07-01 11:00:00,CONFLICT_DETECTED,V1,V1,CONFLICT_ENGINE,SYSTEM,3 conflicts detected,
EVT-000612,IN-DL-110054-1-90,2026-07-08 14:00:00,MATCH_PROPOSED,V1,P1,MATCHING_ENGINE,SYSTEM,Cross-source match proposed,
EVT-000613,IN-DL-110054-1-90,2026-08-06 10:00:00,EVIDENCE_ADDED,P1,P2,FIELD_SURVEY,SURVEYOR,GNSS/CORS evidence attached,
EVT-000614,IN-DL-110054-1-90,2026-09-10 14:00:00,PROPOSAL_ACCEPTED,P2,V2,POLICY_GATE,AUTHORITY,Proposed state accepted,
EVT-000615,IN-DL-110054-1-90,2026-09-10 14:05:00,CANONICAL_STATE_UPDATED,V1,V2,CANONICAL_REGISTRY,SYSTEM,Authoritative state updated,
EVT-000616,IN-DL-110054-1-91,2009-03-15 12:00:00,PARCEL_CREATED,,V1,CANONICAL_SEED,SYSTEM,Created from lineage,IN-DL-110054-1-101
EVT-000617,IN-DL-110054-1-91,2026-06-20 09:00:00,SOURCE_IMPORTED,V1,V1,INGESTION_PIPELINE,SYSTEM,5 observations linked,
EVT-000618,IN-DL-110054-1-91,2026-07-01 11:00:00,CONFLICT_DETECTED,V1,V1,CONFLICT_ENGINE,SYSTEM,1 conflicts detected,
EVT-000619,IN-DL-110054-1-91,2026-07-08 14:00:00,MATCH_PROPOSED,V1,P1,MATCHING_ENGINE,SYSTEM,Cross-source match proposed,
EVT-000620,IN-DL-110054-1-91,2026-08-06 10:00:00,EVIDENCE_ADDED,P1,P2,FIELD_SURVEY,SURVEYOR,GNSS/CORS evidence attached,
EVT-000621,IN-DL-110054-1-91,2026-09-05 11:00:00,HUMAN_REVIEW,P2,P2,REVIEW_WORKSPACE,HUMAN_REVIEWER,Legal/operational conflict requires decision,
EVT-000622,IN-DL-110054-1-92,2009-03-15 12:00:00,PARCEL_CREATED,,V1,CANONICAL_SEED,SYSTEM,Created from lineage,IN-DL-110054-1-101
EVT-000623,IN-DL-110054-1-92,2026-06-20 09:00:00,SOURCE_IMPORTED,V1,V1,INGESTION_PIPELINE,SYSTEM,3 observations linked,
EVT-000624,IN-DL-110054-1-92,2026-07-01 11:00:00,CONFLICT_DETECTED,V1,V1,CONFLICT_ENGINE,SYSTEM,1 conflicts detected,
EVT-000625,IN-DL-110054-1-92,2026-07-08 14:00:00,MATCH_PROPOSED,V1,P1,MATCHING_ENGINE,SYSTEM,Cross-source match proposed,
EVT-000626,IN-DL-110054-1-92,2026-09-05 12:00:00,HUMAN_REVIEW,P1,P1,REVIEW_WORKSPACE,HUMAN_REVIEWER,Additional evidence requested,
EVT-000627,IN-DL-110054-1-93,2011-07-10 12:00:00,PARCEL_CREATED,,V1,CANONICAL_SEED,SYSTEM,Created from lineage,IN-DL-110054-1-102;IN-DL-110054-1-103
EVT-000628,IN-DL-110054-1-93,2026-06-20 09:00:00,SOURCE_IMPORTED,V1,V1,INGESTION_PIPELINE,SYSTEM,5 observations linked,
EVT-000629,IN-DL-110054-1-93,2026-07-01 11:00:00,CONFLICT_DETECTED,V1,V1,CONFLICT_ENGINE,SYSTEM,1 conflicts detected,
EVT-000630,IN-DL-110054-1-93,2026-07-08 14:00:00,MATCH_PROPOSED,V1,P1,MATCHING_ENGINE,SYSTEM,Cross-source match proposed,
EVT-000631,IN-DL-110054-1-93,2026-09-05 12:00:00,HUMAN_REVIEW,P1,P1,REVIEW_WORKSPACE,HUMAN_REVIEWER,Additional evidence requested,
EVT-000632,IN-DL-110054-1-94,2017-11-05 12:00:00,PARCEL_CREATED,,V1,CANONICAL_SEED,SYSTEM,Created from lineage,IN-DL-110054-1-104;IN-DL-110054-1-105
EVT-000633,IN-DL-110054-1-94,2026-06-20 09:00:00,SOURCE_IMPORTED,V1,V1,INGESTION_PIPELINE,SYSTEM,3 observations linked,
EVT-000634,IN-DL-110054-1-94,2026-07-01 11:00:00,CONFLICT_DETECTED,V1,V1,CONFLICT_ENGINE,SYSTEM,2 conflicts detected,
EVT-000635,IN-DL-110054-1-94,2026-07-08 14:00:00,MATCH_PROPOSED,V1,P1,MATCHING_ENGINE,SYSTEM,Cross-source match proposed,
EVT-000636,IN-DL-110054-1-94,2026-09-05 12:00:00,HUMAN_REVIEW,P1,P1,REVIEW_WORKSPACE,HUMAN_REVIEWER,Additional evidence requested,
EVT-000637,IN-DL-110054-1-95,2019-04-12 12:00:00,PARCEL_CREATED,,V1,CANONICAL_SEED,SYSTEM,Created from lineage,IN-DL-110054-1-106
EVT-000638,IN-DL-110054-1-95,2026-06-20 09:00:00,SOURCE_IMPORTED,V1,V1,INGESTION_PIPELINE,SYSTEM,5 observations linked,
EVT-000639,IN-DL-110054-1-95,2026-07-01 11:00:00,CONFLICT_DETECTED,V1,V1,CONFLICT_ENGINE,SYSTEM,2 conflicts detected,
EVT-000640,IN-DL-110054-1-95,2026-07-08 14:00:00,MATCH_PROPOSED,V1,P1,MATCHING_ENGINE,SYSTEM,Cross-source match proposed,
EVT-000641,IN-DL-110054-1-95,2026-09-05 11:00:00,HUMAN_REVIEW,P1,P2,REVIEW_WORKSPACE,HUMAN_REVIEWER,Legal/operational conflict requires decision,
EVT-000642,IN-DL-110054-1-96,2019-04-12 12:00:00,PARCEL_CREATED,,V1,CANONICAL_SEED,SYSTEM,Created from lineage,IN-DL-110054-1-106
EVT-000643,IN-DL-110054-1-96,2026-06-20 09:00:00,SOURCE_IMPORTED,V1,V1,INGESTION_PIPELINE,SYSTEM,3 observations linked,
EVT-000644,IN-DL-110054-1-96,2026-07-01 11:00:00,CONFLICT_DETECTED,V1,V1,CONFLICT_ENGINE,SYSTEM,1 conflicts detected,
EVT-000645,IN-DL-110054-1-96,2026-07-08 14:00:00,MATCH_PROPOSED,V1,P1,MATCHING_ENGINE,SYSTEM,Cross-source match proposed,
EVT-000646,IN-DL-110054-1-96,2026-09-10 14:00:00,PROPOSAL_ACCEPTED,P1,V2,POLICY_GATE,AUTHORITY,Proposed state accepted,
EVT-000647,IN-DL-110054-1-96,2026-09-10 14:05:00,CANONICAL_STATE_UPDATED,V1,V2,CANONICAL_REGISTRY,SYSTEM,Authoritative state updated,
EVT-000648,IN-DL-110054-1-97,1984-01-01 12:00:00,PARCEL_CREATED,,V1,CANONICAL_SEED,SYSTEM,Initial cadastral creation,
EVT-000649,IN-DL-110054-1-97,2026-06-20 09:00:00,SOURCE_IMPORTED,V1,V1,INGESTION_PIPELINE,SYSTEM,5 observations linked,
EVT-000650,IN-DL-110054-1-97,2026-07-08 14:00:00,MATCH_PROPOSED,V1,P1,MATCHING_ENGINE,SYSTEM,Cross-source match proposed,
EVT-000651,IN-DL-110054-1-97,2026-08-06 10:00:00,EVIDENCE_ADDED,P1,P2,FIELD_SURVEY,SURVEYOR,GNSS/CORS evidence attached,
EVT-000652,IN-DL-110054-1-97,2026-09-10 14:00:00,PROPOSAL_ACCEPTED,P2,V2,POLICY_GATE,AUTHORITY,Proposed state accepted,
EVT-000653,IN-DL-110054-1-97,2026-09-10 14:05:00,CANONICAL_STATE_UPDATED,V1,V2,CANONICAL_REGISTRY,SYSTEM,Authoritative state updated,
EVT-000654,IN-DL-110054-1-98,1978-01-01 12:00:00,PARCEL_CREATED,,V1,CANONICAL_SEED,SYSTEM,Initial cadastral creation,
EVT-000655,IN-DL-110054-1-98,2026-06-20 09:00:00,SOURCE_IMPORTED,V1,V1,INGESTION_PIPELINE,SYSTEM,6 observations linked,
EVT-000656,IN-DL-110054-1-98,2026-07-08 14:00:00,MATCH_PROPOSED,V1,P1,MATCHING_ENGINE,SYSTEM,Cross-source match proposed,
EVT-000657,IN-DL-110054-1-98,2026-09-10 14:00:00,PROPOSAL_ACCEPTED,P1,V2,POLICY_GATE,AUTHORITY,Proposed state accepted,
EVT-000658,IN-DL-110054-1-98,2026-09-10 14:05:00,CANONICAL_STATE_UPDATED,V1,V2,CANONICAL_REGISTRY,SYSTEM,Authoritative state updated,
EVT-000659,IN-DL-110054-1-99,1979-01-01 12:00:00,PARCEL_CREATED,,V1,CANONICAL_SEED,SYSTEM,Initial cadastral creation,
EVT-000660,IN-DL-110054-1-99,2026-06-20 09:00:00,SOURCE_IMPORTED,V1,V1,INGESTION_PIPELINE,SYSTEM,5 observations linked,
EVT-000661,IN-DL-110054-1-99,2026-07-01 11:00:00,CONFLICT_DETECTED,V1,V1,CONFLICT_ENGINE,SYSTEM,1 conflicts detected,
EVT-000662,IN-DL-110054-1-99,2026-07-08 14:00:00,MATCH_PROPOSED,V1,P1,MATCHING_ENGINE,SYSTEM,Cross-source match proposed,
EVT-000663,IN-DL-110054-1-99,2026-09-05 12:00:00,HUMAN_REVIEW,P1,P1,REVIEW_WORKSPACE,HUMAN_REVIEWER,Additional evidence requested,
EVT-000664,IN-DL-110054-1-100,1980-01-01 12:00:00,PARCEL_CREATED,,V1,CANONICAL_SEED,SYSTEM,Initial cadastral creation,
EVT-000665,IN-DL-110054-1-100,2026-06-20 09:00:00,SOURCE_IMPORTED,V1,V1,INGESTION_PIPELINE,SYSTEM,4 observations linked,
EVT-000666,IN-DL-110054-1-100,2026-07-01 11:00:00,CONFLICT_DETECTED,V1,V1,CONFLICT_ENGINE,SYSTEM,1 conflicts detected,
EVT-000667,IN-DL-110054-1-100,2026-07-08 14:00:00,MATCH_PROPOSED,V1,P1,MATCHING_ENGINE,SYSTEM,Cross-source match proposed,
EVT-000668,IN-DL-110054-1-100,2026-09-10 14:00:00,PROPOSAL_ACCEPTED,P1,V2,POLICY_GATE,AUTHORITY,Proposed state accepted,
EVT-000669,IN-DL-110054-1-100,2026-09-10 14:05:00,CANONICAL_STATE_UPDATED,V1,V2,CANONICAL_REGISTRY,SYSTEM,Authoritative state updated,
EVT-000670,IN-DL-110054-2-1,1987-01-01 12:00:00,PARCEL_CREATED,,V1,CANONICAL_SEED,SYSTEM,Initial cadastral creation,
EVT-000671,IN-DL-110054-2-1,2026-06-20 09:00:00,SOURCE_IMPORTED,V1,V1,INGESTION_PIPELINE,SYSTEM,7 observations linked,
EVT-000672,IN-DL-110054-2-1,2026-07-01 11:00:00,CONFLICT_DETECTED,V1,V1,CONFLICT_ENGINE,SYSTEM,1 conflicts detected,
EVT-000673,IN-DL-110054-2-1,2026-07-08 14:00:00,MATCH_PROPOSED,V1,P1,MATCHING_ENGINE,SYSTEM,Cross-source match proposed,
EVT-000674,IN-DL-110054-2-1,2026-08-06 10:00:00,EVIDENCE_ADDED,P1,P2,FIELD_SURVEY,SURVEYOR,GNSS/CORS evidence attached,
EVT-000675,IN-DL-110054-2-1,2026-09-10 14:00:00,PROPOSAL_ACCEPTED,P2,V2,POLICY_GATE,AUTHORITY,Proposed state accepted,
EVT-000676,IN-DL-110054-2-1,2026-09-10 14:05:00,CANONICAL_STATE_UPDATED,V1,V2,CANONICAL_REGISTRY,SYSTEM,Authoritative state updated,
EVT-000677,IN-DL-110054-2-2,1988-01-01 12:00:00,PARCEL_CREATED,,V1,CANONICAL_SEED,SYSTEM,Initial cadastral creation,
EVT-000678,IN-DL-110054-2-2,2026-06-20 09:00:00,SOURCE_IMPORTED,V1,V1,INGESTION_PIPELINE,SYSTEM,4 observations linked,
EVT-000679,IN-DL-110054-2-2,2026-07-01 11:00:00,CONFLICT_DETECTED,V1,V1,CONFLICT_ENGINE,SYSTEM,1 conflicts detected,
EVT-000680,IN-DL-110054-2-2,2026-07-08 14:00:00,MATCH_PROPOSED,V1,P1,MATCHING_ENGINE,SYSTEM,Cross-source match proposed,
EVT-000681,IN-DL-110054-2-2,2026-09-07 15:00:00,PROPOSAL_REJECTED,P1,V1,REVIEW_WORKSPACE,HUMAN_REVIEWER,Candidate match rejected,
EVT-000682,IN-DL-110054-2-3,1989-01-01 12:00:00,PARCEL_CREATED,,V1,CANONICAL_SEED,SYSTEM,Initial cadastral creation,
EVT-000683,IN-DL-110054-2-3,2026-06-20 09:00:00,SOURCE_IMPORTED,V1,V1,INGESTION_PIPELINE,SYSTEM,4 observations linked,
EVT-000684,IN-DL-110054-2-3,2026-07-08 14:00:00,MATCH_PROPOSED,V1,P1,MATCHING_ENGINE,SYSTEM,Cross-source match proposed,
EVT-000685,IN-DL-110054-2-3,2026-09-10 14:00:00,PROPOSAL_ACCEPTED,P1,V2,POLICY_GATE,AUTHORITY,Proposed state accepted,
EVT-000686,IN-DL-110054-2-3,2026-09-10 14:05:00,CANONICAL_STATE_UPDATED,V1,V2,CANONICAL_REGISTRY,SYSTEM,Authoritative state updated,
EVT-000687,IN-DL-110054-2-4,1990-01-01 12:00:00,PARCEL_CREATED,,V1,CANONICAL_SEED,SYSTEM,Initial cadastral creation,
EVT-000688,IN-DL-110054-2-4,2026-06-20 09:00:00,SOURCE_IMPORTED,V1,V1,INGESTION_PIPELINE,SYSTEM,4 observations linked,
EVT-000689,IN-DL-110054-2-4,2026-07-08 14:00:00,MATCH_PROPOSED,V1,P1,MATCHING_ENGINE,SYSTEM,Cross-source match proposed,
EVT-000690,IN-DL-110054-2-4,2026-09-10 14:00:00,PROPOSAL_ACCEPTED,P1,V2,POLICY_GATE,AUTHORITY,Proposed state accepted,
EVT-000691,IN-DL-110054-2-4,2026-09-10 14:05:00,CANONICAL_STATE_UPDATED,V1,V2,CANONICAL_REGISTRY,SYSTEM,Authoritative state updated,
EVT-000692,IN-DL-110054-2-5,1991-01-01 12:00:00,PARCEL_CREATED,,V1,CANONICAL_SEED,SYSTEM,Initial cadastral creation,
EVT-000693,IN-DL-110054-2-5,2026-06-20 09:00:00,SOURCE_IMPORTED,V1,V1,INGESTION_PIPELINE,SYSTEM,3 observations linked,
EVT-000694,IN-DL-110054-2-5,2026-07-08 14:00:00,MATCH_PROPOSED,V1,P1,MATCHING_ENGINE,SYSTEM,Cross-source match proposed,
EVT-000695,IN-DL-110054-2-5,2026-09-10 14:00:00,PROPOSAL_ACCEPTED,P1,V2,POLICY_GATE,AUTHORITY,Proposed state accepted,
EVT-000696,IN-DL-110054-2-5,2026-09-10 14:05:00,CANONICAL_STATE_UPDATED,V1,V2,CANONICAL_REGISTRY,SYSTEM,Authoritative state updated,
EVT-000697,IN-DL-110054-2-6,1992-01-01 12:00:00,PARCEL_CREATED,,V1,CANONICAL_SEED,SYSTEM,Initial cadastral creation,
EVT-000698,IN-DL-110054-2-6,2026-06-20 09:00:00,SOURCE_IMPORTED,V1,V1,INGESTION_PIPELINE,SYSTEM,3 observations linked,
EVT-000699,IN-DL-110054-2-6,2026-07-08 14:00:00,MATCH_PROPOSED,V1,P1,MATCHING_ENGINE,SYSTEM,Cross-source match proposed,
EVT-000700,IN-DL-110054-2-6,2026-09-10 14:00:00,PROPOSAL_ACCEPTED,P1,V2,POLICY_GATE,AUTHORITY,Proposed state accepted,
EVT-000701,IN-DL-110054-2-6,2026-09-10 14:05:00,CANONICAL_STATE_UPDATED,V1,V2,CANONICAL_REGISTRY,SYSTEM,Authoritative state updated,
EVT-000702,IN-DL-110054-2-7,1986-01-01 12:00:00,PARCEL_CREATED,,V1,CANONICAL_SEED,SYSTEM,Initial cadastral creation,
EVT-000703,IN-DL-110054-2-7,2026-06-20 09:00:00,SOURCE_IMPORTED,V1,V1,INGESTION_PIPELINE,SYSTEM,4 observations linked,
EVT-000704,IN-DL-110054-2-7,2026-07-08 14:00:00,MATCH_PROPOSED,V1,P1,MATCHING_ENGINE,SYSTEM,Cross-source match proposed,
EVT-000705,IN-DL-110054-2-7,2026-09-10 14:00:00,PROPOSAL_ACCEPTED,P1,V2,POLICY_GATE,AUTHORITY,Proposed state accepted,
EVT-000706,IN-DL-110054-2-7,2026-09-10 14:05:00,CANONICAL_STATE_UPDATED,V1,V2,CANONICAL_REGISTRY,SYSTEM,Authoritative state updated,
EVT-000707,IN-DL-110054-2-8,1987-01-01 12:00:00,PARCEL_CREATED,,V1,CANONICAL_SEED,SYSTEM,Initial cadastral creation,
EVT-000708,IN-DL-110054-2-8,2026-06-20 09:00:00,SOURCE_IMPORTED,V1,V1,INGESTION_PIPELINE,SYSTEM,3 observations linked,
EVT-000709,IN-DL-110054-2-8,2026-07-08 14:00:00,MATCH_PROPOSED,V1,P1,MATCHING_ENGINE,SYSTEM,Cross-source match proposed,
EVT-000710,IN-DL-110054-2-8,2026-09-10 14:00:00,PROPOSAL_ACCEPTED,P1,V2,POLICY_GATE,AUTHORITY,Proposed state accepted,
EVT-000711,IN-DL-110054-2-8,2026-09-10 14:05:00,CANONICAL_STATE_UPDATED,V1,V2,CANONICAL_REGISTRY,SYSTEM,Authoritative state updated,
EVT-000712,IN-DL-110054-2-9,1988-01-01 12:00:00,PARCEL_CREATED,,V1,CANONICAL_SEED,SYSTEM,Initial cadastral creation,
EVT-000713,IN-DL-110054-2-9,2026-06-20 09:00:00,SOURCE_IMPORTED,V1,V1,INGESTION_PIPELINE,SYSTEM,4 observations linked,
EVT-000714,IN-DL-110054-2-9,2026-07-01 11:00:00,CONFLICT_DETECTED,V1,V1,CONFLICT_ENGINE,SYSTEM,1 conflicts detected,
EVT-000715,IN-DL-110054-2-9,2026-07-08 14:00:00,MATCH_PROPOSED,V1,P1,MATCHING_ENGINE,SYSTEM,Cross-source match proposed,
EVT-000716,IN-DL-110054-2-9,2026-09-05 12:00:00,HUMAN_REVIEW,P1,P1,REVIEW_WORKSPACE,HUMAN_REVIEWER,Additional evidence requested,
EVT-000717,IN-DL-110054-2-10,1989-01-01 12:00:00,PARCEL_CREATED,,V1,CANONICAL_SEED,SYSTEM,Initial cadastral creation,
EVT-000718,IN-DL-110054-2-10,2026-06-20 09:00:00,SOURCE_IMPORTED,V1,V1,INGESTION_PIPELINE,SYSTEM,5 observations linked,
EVT-000719,IN-DL-110054-2-10,2026-07-01 11:00:00,CONFLICT_DETECTED,V1,V1,CONFLICT_ENGINE,SYSTEM,1 conflicts detected,
EVT-000720,IN-DL-110054-2-10,2026-07-08 14:00:00,MATCH_PROPOSED,V1,P1,MATCHING_ENGINE,SYSTEM,Cross-source match proposed,
EVT-000721,IN-DL-110054-2-10,2026-08-06 10:00:00,EVIDENCE_ADDED,P1,P2,FIELD_SURVEY,SURVEYOR,GNSS/CORS evidence attached,
EVT-000722,IN-DL-110054-2-10,2026-09-10 14:00:00,PROPOSAL_ACCEPTED,P2,V2,POLICY_GATE,AUTHORITY,Proposed state accepted,
EVT-000723,IN-DL-110054-2-10,2026-09-10 14:05:00,CANONICAL_STATE_UPDATED,V1,V2,CANONICAL_REGISTRY,SYSTEM,Authoritative state updated,
EVT-000724,IN-DL-110054-2-11,1990-01-01 12:00:00,PARCEL_CREATED,,V1,CANONICAL_SEED,SYSTEM,Initial cadastral creation,
EVT-000725,IN-DL-110054-2-11,2026-06-20 09:00:00,SOURCE_IMPORTED,V1,V1,INGESTION_PIPELINE,SYSTEM,5 observations linked,
EVT-000726,IN-DL-110054-2-11,2026-07-08 14:00:00,MATCH_PROPOSED,V1,P1,MATCHING_ENGINE,SYSTEM,Cross-source match proposed,
EVT-000727,IN-DL-110054-2-11,2026-09-10 14:00:00,PROPOSAL_ACCEPTED,P1,V2,POLICY_GATE,AUTHORITY,Proposed state accepted,
EVT-000728,IN-DL-110054-2-11,2026-09-10 14:05:00,CANONICAL_STATE_UPDATED,V1,V2,CANONICAL_REGISTRY,SYSTEM,Authoritative state updated,
EVT-000729,IN-DL-110054-2-12,1991-01-01 12:00:00,PARCEL_CREATED,,V1,CANONICAL_SEED,SYSTEM,Initial cadastral creation,
EVT-000730,IN-DL-110054-2-12,2026-06-20 09:00:00,SOURCE_IMPORTED,V1,V1,INGESTION_PIPELINE,SYSTEM,4 observations linked,
EVT-000731,IN-DL-110054-2-12,2026-07-01 11:00:00,CONFLICT_DETECTED,V1,V1,CONFLICT_ENGINE,SYSTEM,1 conflicts detected,
EVT-000732,IN-DL-110054-2-12,2026-07-08 14:00:00,MATCH_PROPOSED,V1,P1,MATCHING_ENGINE,SYSTEM,Cross-source match proposed,
EVT-000733,IN-DL-110054-2-12,2026-09-10 14:00:00,PROPOSAL_ACCEPTED,P1,V2,POLICY_GATE,AUTHORITY,Proposed state accepted,
EVT-000734,IN-DL-110054-2-12,2026-09-10 14:05:00,CANONICAL_STATE_UPDATED,V1,V2,CANONICAL_REGISTRY,SYSTEM,Authoritative state updated,
EVT-000735,IN-DL-110054-2-13,1992-01-01 12:00:00,PARCEL_CREATED,,V1,CANONICAL_SEED,SYSTEM,Initial cadastral creation,
EVT-000736,IN-DL-110054-2-13,2026-06-20 09:00:00,SOURCE_IMPORTED,V1,V1,INGESTION_PIPELINE,SYSTEM,4 observations linked,
EVT-000737,IN-DL-110054-2-13,2026-07-08 14:00:00,MATCH_PROPOSED,V1,P1,MATCHING_ENGINE,SYSTEM,Cross-source match proposed,
EVT-000738,IN-DL-110054-2-13,2026-09-10 14:00:00,PROPOSAL_ACCEPTED,P1,V2,POLICY_GATE,AUTHORITY,Proposed state accepted,
EVT-000739,IN-DL-110054-2-13,2026-09-10 14:05:00,CANONICAL_STATE_UPDATED,V1,V2,CANONICAL_REGISTRY,SYSTEM,Authoritative state updated,
EVT-000740,IN-DL-110054-2-14,1986-01-01 12:00:00,PARCEL_CREATED,,V1,CANONICAL_SEED,SYSTEM,Initial cadastral creation,
EVT-000741,IN-DL-110054-2-14,2026-06-20 09:00:00,SOURCE_IMPORTED,V1,V1,INGESTION_PIPELINE,SYSTEM,4 observations linked,
EVT-000742,IN-DL-110054-2-14,2026-07-01 11:00:00,CONFLICT_DETECTED,V1,V1,CONFLICT_ENGINE,SYSTEM,1 conflicts detected,
EVT-000743,IN-DL-110054-2-14,2026-07-08 14:00:00,MATCH_PROPOSED,V1,P1,MATCHING_ENGINE,SYSTEM,Cross-source match proposed,
EVT-000744,IN-DL-110054-2-14,2026-08-06 10:00:00,EVIDENCE_ADDED,P1,P2,FIELD_SURVEY,SURVEYOR,GNSS/CORS evidence attached,
EVT-000745,IN-DL-110054-2-14,2026-09-05 11:00:00,HUMAN_REVIEW,P2,P2,REVIEW_WORKSPACE,HUMAN_REVIEWER,Legal/operational conflict requires decision,
EVT-000746,IN-DL-110054-2-15,1987-01-01 12:00:00,PARCEL_CREATED,,V1,CANONICAL_SEED,SYSTEM,Initial cadastral creation,
EVT-000747,IN-DL-110054-2-15,2026-06-20 09:00:00,SOURCE_IMPORTED,V1,V1,INGESTION_PIPELINE,SYSTEM,2 observations linked,
EVT-000748,IN-DL-110054-2-15,2026-07-01 11:00:00,CONFLICT_DETECTED,V1,V1,CONFLICT_ENGINE,SYSTEM,2 conflicts detected,
EVT-000749,IN-DL-110054-2-15,2026-07-08 14:00:00,MATCH_PROPOSED,V1,P1,MATCHING_ENGINE,SYSTEM,Cross-source match proposed,
EVT-000750,IN-DL-110054-2-15,2026-09-05 12:00:00,HUMAN_REVIEW,P1,P1,REVIEW_WORKSPACE,HUMAN_REVIEWER,Additional evidence requested,
EVT-000751,IN-DL-110054-2-16,1988-01-01 12:00:00,PARCEL_CREATED,,V1,CANONICAL_SEED,SYSTEM,Initial cadastral creation,
EVT-000752,IN-DL-110054-2-16,2026-06-20 09:00:00,SOURCE_IMPORTED,V1,V1,INGESTION_PIPELINE,SYSTEM,3 observations linked,
EVT-000753,IN-DL-110054-2-16,2026-07-08 14:00:00,MATCH_PROPOSED,V1,P1,MATCHING_ENGINE,SYSTEM,Cross-source match proposed,
EVT-000754,IN-DL-110054-2-16,2026-09-10 14:00:00,PROPOSAL_ACCEPTED,P1,V2,POLICY_GATE,AUTHORITY,Proposed state accepted,
EVT-000755,IN-DL-110054-2-16,2026-09-10 14:05:00,CANONICAL_STATE_UPDATED,V1,V2,CANONICAL_REGISTRY,SYSTEM,Authoritative state updated,
EVT-000756,IN-DL-110054-2-17,1989-01-01 12:00:00,PARCEL_CREATED,,V1,CANONICAL_SEED,SYSTEM,Initial cadastral creation,
EVT-000757,IN-DL-110054-2-17,2026-06-20 09:00:00,SOURCE_IMPORTED,V1,V1,INGESTION_PIPELINE,SYSTEM,4 observations linked,
EVT-000758,IN-DL-110054-2-17,2026-07-08 14:00:00,MATCH_PROPOSED,V1,P1,MATCHING_ENGINE,SYSTEM,Cross-source match proposed,
EVT-000759,IN-DL-110054-2-17,2026-09-10 14:00:00,PROPOSAL_ACCEPTED,P1,V2,POLICY_GATE,AUTHORITY,Proposed state accepted,
EVT-000760,IN-DL-110054-2-17,2026-09-10 14:05:00,CANONICAL_STATE_UPDATED,V1,V2,CANONICAL_REGISTRY,SYSTEM,Authoritative state updated,
EVT-000761,IN-DL-110054-2-18,1990-01-01 12:00:00,PARCEL_CREATED,,V1,CANONICAL_SEED,SYSTEM,Initial cadastral creation,
EVT-000762,IN-DL-110054-2-18,2026-06-20 09:00:00,SOURCE_IMPORTED,V1,V1,INGESTION_PIPELINE,SYSTEM,3 observations linked,
EVT-000763,IN-DL-110054-2-18,2026-07-01 11:00:00,CONFLICT_DETECTED,V1,V1,CONFLICT_ENGINE,SYSTEM,3 conflicts detected,
EVT-000764,IN-DL-110054-2-18,2026-07-08 14:00:00,MATCH_PROPOSED,V1,P1,MATCHING_ENGINE,SYSTEM,Cross-source match proposed,
EVT-000765,IN-DL-110054-2-18,2026-09-05 11:00:00,HUMAN_REVIEW,P1,P2,REVIEW_WORKSPACE,HUMAN_REVIEWER,Legal/operational conflict requires decision,
EVT-000766,IN-DL-110054-2-19,1991-01-01 12:00:00,PARCEL_CREATED,,V1,CANONICAL_SEED,SYSTEM,Initial cadastral creation,
EVT-000767,IN-DL-110054-2-19,2026-06-20 09:00:00,SOURCE_IMPORTED,V1,V1,INGESTION_PIPELINE,SYSTEM,5 observations linked,
EVT-000768,IN-DL-110054-2-19,2026-07-08 14:00:00,MATCH_PROPOSED,V1,P1,MATCHING_ENGINE,SYSTEM,Cross-source match proposed,
EVT-000769,IN-DL-110054-2-19,2026-08-06 10:00:00,EVIDENCE_ADDED,P1,P2,FIELD_SURVEY,SURVEYOR,GNSS/CORS evidence attached,
EVT-000770,IN-DL-110054-2-19,2026-09-10 14:00:00,PROPOSAL_ACCEPTED,P2,V2,POLICY_GATE,AUTHORITY,Proposed state accepted,
EVT-000771,IN-DL-110054-2-19,2026-09-10 14:05:00,CANONICAL_STATE_UPDATED,V1,V2,CANONICAL_REGISTRY,SYSTEM,Authoritative state updated,
EVT-000772,IN-DL-110054-2-20,1992-01-01 12:00:00,PARCEL_CREATED,,V1,CANONICAL_SEED,SYSTEM,Initial cadastral creation,
EVT-000773,IN-DL-110054-2-20,2026-06-20 09:00:00,SOURCE_IMPORTED,V1,V1,INGESTION_PIPELINE,SYSTEM,5 observations linked,
EVT-000774,IN-DL-110054-2-20,2026-07-01 11:00:00,CONFLICT_DETECTED,V1,V1,CONFLICT_ENGINE,SYSTEM,1 conflicts detected,
EVT-000775,IN-DL-110054-2-20,2026-07-08 14:00:00,MATCH_PROPOSED,V1,P1,MATCHING_ENGINE,SYSTEM,Cross-source match proposed,
EVT-000776,IN-DL-110054-2-20,2026-08-06 10:00:00,EVIDENCE_ADDED,P1,P2,FIELD_SURVEY,SURVEYOR,GNSS/CORS evidence attached,
EVT-000777,IN-DL-110054-2-20,2026-09-10 14:00:00,PROPOSAL_ACCEPTED,P2,V2,POLICY_GATE,AUTHORITY,Proposed state accepted,
EVT-000778,IN-DL-110054-2-20,2026-09-10 14:05:00,CANONICAL_STATE_UPDATED,V1,V2,CANONICAL_REGISTRY,SYSTEM,Authoritative state updated,
EVT-000779,IN-DL-110054-2-21,1986-01-01 12:00:00,PARCEL_CREATED,,V1,CANONICAL_SEED,SYSTEM,Initial cadastral creation,
EVT-000780,IN-DL-110054-2-21,2026-06-20 09:00:00,SOURCE_IMPORTED,V1,V1,INGESTION_PIPELINE,SYSTEM,4 observations linked,
EVT-000781,IN-DL-110054-2-21,2026-07-08 14:00:00,MATCH_PROPOSED,V1,P1,MATCHING_ENGINE,SYSTEM,Cross-source match proposed,
EVT-000782,IN-DL-110054-2-21,2026-09-10 14:00:00,PROPOSAL_ACCEPTED,P1,V2,POLICY_GATE,AUTHORITY,Proposed state accepted,
EVT-000783,IN-DL-110054-2-21,2026-09-10 14:05:00,CANONICAL_STATE_UPDATED,V1,V2,CANONICAL_REGISTRY,SYSTEM,Authoritative state updated,
EVT-000784,IN-DL-110054-2-22,1987-01-01 12:00:00,PARCEL_CREATED,,V1,CANONICAL_SEED,SYSTEM,Initial cadastral creation,
EVT-000785,IN-DL-110054-2-22,2026-06-20 09:00:00,SOURCE_IMPORTED,V1,V1,INGESTION_PIPELINE,SYSTEM,4 observations linked,
EVT-000786,IN-DL-110054-2-22,2026-07-01 11:00:00,CONFLICT_DETECTED,V1,V1,CONFLICT_ENGINE,SYSTEM,1 conflicts detected,
EVT-000787,IN-DL-110054-2-22,2026-07-08 14:00:00,MATCH_PROPOSED,V1,P1,MATCHING_ENGINE,SYSTEM,Cross-source match proposed,
EVT-000788,IN-DL-110054-2-22,2026-09-05 12:00:00,HUMAN_REVIEW,P1,P1,REVIEW_WORKSPACE,HUMAN_REVIEWER,Additional evidence requested,
EVT-000789,IN-DL-110054-2-23,1988-01-01 12:00:00,PARCEL_CREATED,,V1,CANONICAL_SEED,SYSTEM,Initial cadastral creation,
EVT-000790,IN-DL-110054-2-23,2026-06-20 09:00:00,SOURCE_IMPORTED,V1,V1,INGESTION_PIPELINE,SYSTEM,3 observations linked,
EVT-000791,IN-DL-110054-2-23,2026-07-01 11:00:00,CONFLICT_DETECTED,V1,V1,CONFLICT_ENGINE,SYSTEM,1 conflicts detected,
EVT-000792,IN-DL-110054-2-23,2026-07-08 14:00:00,MATCH_PROPOSED,V1,P1,MATCHING_ENGINE,SYSTEM,Cross-source match proposed,
EVT-000793,IN-DL-110054-2-23,2026-09-05 12:00:00,HUMAN_REVIEW,P1,P1,REVIEW_WORKSPACE,HUMAN_REVIEWER,Additional evidence requested,
EVT-000794,IN-DL-110054-2-24,1989-01-01 12:00:00,PARCEL_CREATED,,V1,CANONICAL_SEED,SYSTEM,Initial cadastral creation,
EVT-000795,IN-DL-110054-2-24,2026-06-20 09:00:00,SOURCE_IMPORTED,V1,V1,INGESTION_PIPELINE,SYSTEM,4 observations linked,
EVT-000796,IN-DL-110054-2-24,2026-07-01 11:00:00,CONFLICT_DETECTED,V1,V1,CONFLICT_ENGINE,SYSTEM,1 conflicts detected,
EVT-000797,IN-DL-110054-2-24,2026-07-08 14:00:00,MATCH_PROPOSED,V1,P1,MATCHING_ENGINE,SYSTEM,Cross-source match proposed,
EVT-000798,IN-DL-110054-2-24,2026-09-10 14:00:00,PROPOSAL_ACCEPTED,P1,V2,POLICY_GATE,AUTHORITY,Proposed state accepted,
EVT-000799,IN-DL-110054-2-24,2026-09-10 14:05:00,CANONICAL_STATE_UPDATED,V1,V2,CANONICAL_REGISTRY,SYSTEM,Authoritative state updated,
EVT-000800,IN-DL-110054-2-25,1990-01-01 12:00:00,PARCEL_CREATED,,V1,CANONICAL_SEED,SYSTEM,Initial cadastral creation,
EVT-000801,IN-DL-110054-2-25,2026-06-20 09:00:00,SOURCE_IMPORTED,V1,V1,INGESTION_PIPELINE,SYSTEM,4 observations linked,
EVT-000802,IN-DL-110054-2-25,2026-07-08 14:00:00,MATCH_PROPOSED,V1,P1,MATCHING_ENGINE,SYSTEM,Cross-source match proposed,
EVT-000803,IN-DL-110054-2-25,2026-09-10 14:00:00,PROPOSAL_ACCEPTED,P1,V2,POLICY_GATE,AUTHORITY,Proposed state accepted,
EVT-000804,IN-DL-110054-2-25,2026-09-10 14:05:00,CANONICAL_STATE_UPDATED,V1,V2,CANONICAL_REGISTRY,SYSTEM,Authoritative state updated,
EVT-000805,IN-DL-110054-2-26,1991-01-01 12:00:00,PARCEL_CREATED,,V1,CANONICAL_SEED,SYSTEM,Initial cadastral creation,
EVT-000806,IN-DL-110054-2-26,2026-06-20 09:00:00,SOURCE_IMPORTED,V1,V1,INGESTION_PIPELINE,SYSTEM,4 observations linked,
EVT-000807,IN-DL-110054-2-26,2026-07-08 14:00:00,MATCH_PROPOSED,V1,P1,MATCHING_ENGINE,SYSTEM,Cross-source match proposed,
EVT-000808,IN-DL-110054-2-26,2026-09-10 14:00:00,PROPOSAL_ACCEPTED,P1,V2,POLICY_GATE,AUTHORITY,Proposed state accepted,
EVT-000809,IN-DL-110054-2-26,2026-09-10 14:05:00,CANONICAL_STATE_UPDATED,V1,V2,CANONICAL_REGISTRY,SYSTEM,Authoritative state updated,
EVT-000810,IN-DL-110054-2-27,1992-01-01 12:00:00,PARCEL_CREATED,,V1,CANONICAL_SEED,SYSTEM,Initial cadastral creation,
EVT-000811,IN-DL-110054-2-27,2026-06-20 09:00:00,SOURCE_IMPORTED,V1,V1,INGESTION_PIPELINE,SYSTEM,4 observations linked,
EVT-000812,IN-DL-110054-2-27,2026-07-01 11:00:00,CONFLICT_DETECTED,V1,V1,CONFLICT_ENGINE,SYSTEM,1 conflicts detected,
EVT-000813,IN-DL-110054-2-27,2026-07-08 14:00:00,MATCH_PROPOSED,V1,P1,MATCHING_ENGINE,SYSTEM,Cross-source match proposed,
EVT-000814,IN-DL-110054-2-27,2026-09-05 12:00:00,HUMAN_REVIEW,P1,P1,REVIEW_WORKSPACE,HUMAN_REVIEWER,Additional evidence requested,
EVT-000815,IN-DL-110054-2-28,1986-01-01 12:00:00,PARCEL_CREATED,,V1,CANONICAL_SEED,SYSTEM,Initial cadastral creation,
EVT-000816,IN-DL-110054-2-28,2026-06-20 09:00:00,SOURCE_IMPORTED,V1,V1,INGESTION_PIPELINE,SYSTEM,4 observations linked,
EVT-000817,IN-DL-110054-2-28,2026-07-08 14:00:00,MATCH_PROPOSED,V1,P1,MATCHING_ENGINE,SYSTEM,Cross-source match proposed,
EVT-000818,IN-DL-110054-2-28,2026-09-10 14:00:00,PROPOSAL_ACCEPTED,P1,V2,POLICY_GATE,AUTHORITY,Proposed state accepted,
EVT-000819,IN-DL-110054-2-28,2026-09-10 14:05:00,CANONICAL_STATE_UPDATED,V1,V2,CANONICAL_REGISTRY,SYSTEM,Authoritative state updated,
EVT-000820,IN-DL-110054-2-29,1987-01-01 12:00:00,PARCEL_CREATED,,V1,CANONICAL_SEED,SYSTEM,Initial cadastral creation,
EVT-000821,IN-DL-110054-2-29,2026-06-20 09:00:00,SOURCE_IMPORTED,V1,V1,INGESTION_PIPELINE,SYSTEM,4 observations linked,
EVT-000822,IN-DL-110054-2-29,2026-07-01 11:00:00,CONFLICT_DETECTED,V1,V1,CONFLICT_ENGINE,SYSTEM,1 conflicts detected,
EVT-000823,IN-DL-110054-2-29,2026-07-08 14:00:00,MATCH_PROPOSED,V1,P1,MATCHING_ENGINE,SYSTEM,Cross-source match proposed,
EVT-000824,IN-DL-110054-2-29,2026-09-05 12:00:00,HUMAN_REVIEW,P1,P1,REVIEW_WORKSPACE,HUMAN_REVIEWER,Additional evidence requested,
EVT-000825,IN-DL-110054-2-30,1988-01-01 12:00:00,PARCEL_CREATED,,V1,CANONICAL_SEED,SYSTEM,Initial cadastral creation,
EVT-000826,IN-DL-110054-2-30,2026-06-20 09:00:00,SOURCE_IMPORTED,V1,V1,INGESTION_PIPELINE,SYSTEM,4 observations linked,
EVT-000827,IN-DL-110054-2-30,2026-07-01 11:00:00,CONFLICT_DETECTED,V1,V1,CONFLICT_ENGINE,SYSTEM,2 conflicts detected,
EVT-000828,IN-DL-110054-2-30,2026-07-08 14:00:00,MATCH_PROPOSED,V1,P1,MATCHING_ENGINE,SYSTEM,Cross-source match proposed,
EVT-000829,IN-DL-110054-2-30,2026-09-10 14:00:00,PROPOSAL_ACCEPTED,P1,V2,POLICY_GATE,AUTHORITY,Proposed state accepted,
EVT-000830,IN-DL-110054-2-30,2026-09-10 14:05:00,CANONICAL_STATE_UPDATED,V1,V2,CANONICAL_REGISTRY,SYSTEM,Authoritative state updated,
EVT-000831,IN-DL-110054-2-31,1989-01-01 12:00:00,PARCEL_CREATED,,V1,CANONICAL_SEED,SYSTEM,Initial cadastral creation,
EVT-000832,IN-DL-110054-2-31,2026-06-20 09:00:00,SOURCE_IMPORTED,V1,V1,INGESTION_PIPELINE,SYSTEM,3 observations linked,
EVT-000833,IN-DL-110054-2-31,2026-07-01 11:00:00,CONFLICT_DETECTED,V1,V1,CONFLICT_ENGINE,SYSTEM,1 conflicts detected,
EVT-000834,IN-DL-110054-2-31,2026-07-08 14:00:00,MATCH_PROPOSED,V1,P1,MATCHING_ENGINE,SYSTEM,Cross-source match proposed,
EVT-000835,IN-DL-110054-2-31,2026-08-10 12:00:00,MUTATION_RECORDED,P1,V2_BAD,MUTATION_REGISTER,AUTHORITY,Incorrect mutation temporarily accepted,
EVT-000836,IN-DL-110054-2-31,2026-08-18 16:00:00,ROLLBACK,V2_BAD,V1,GEOGIT_AUDIT,AUTHORITY,Incorrect mutation rolled back,
EVT-000837,IN-DL-110054-2-31,2026-09-10 14:00:00,PROPOSAL_ACCEPTED,P1,V2,POLICY_GATE,AUTHORITY,Proposed state accepted,
EVT-000838,IN-DL-110054-2-31,2026-09-10 14:05:00,CANONICAL_STATE_UPDATED,V1,V2,CANONICAL_REGISTRY,SYSTEM,Authoritative state updated,
EVT-000839,IN-DL-110054-2-32,1990-01-01 12:00:00,PARCEL_CREATED,,V1,CANONICAL_SEED,SYSTEM,Initial cadastral creation,
EVT-000840,IN-DL-110054-2-32,2026-06-20 09:00:00,SOURCE_IMPORTED,V1,V1,INGESTION_PIPELINE,SYSTEM,5 observations linked,
EVT-000841,IN-DL-110054-2-32,2026-07-08 14:00:00,MATCH_PROPOSED,V1,P1,MATCHING_ENGINE,SYSTEM,Cross-source match proposed,
EVT-000842,IN-DL-110054-2-32,2026-08-06 10:00:00,EVIDENCE_ADDED,P1,P2,FIELD_SURVEY,SURVEYOR,GNSS/CORS evidence attached,
EVT-000843,IN-DL-110054-2-32,2026-09-10 14:00:00,PROPOSAL_ACCEPTED,P2,V2,POLICY_GATE,AUTHORITY,Proposed state accepted,
EVT-000844,IN-DL-110054-2-32,2026-09-10 14:05:00,CANONICAL_STATE_UPDATED,V1,V2,CANONICAL_REGISTRY,SYSTEM,Authoritative state updated,
EVT-000845,IN-DL-110054-2-33,1991-01-01 12:00:00,PARCEL_CREATED,,V1,CANONICAL_SEED,SYSTEM,Initial cadastral creation,
EVT-000846,IN-DL-110054-2-33,2026-06-20 09:00:00,SOURCE_IMPORTED,V1,V1,INGESTION_PIPELINE,SYSTEM,4 observations linked,
EVT-000847,IN-DL-110054-2-33,2026-07-08 14:00:00,MATCH_PROPOSED,V1,P1,MATCHING_ENGINE,SYSTEM,Cross-source match proposed,
EVT-000848,IN-DL-110054-2-33,2026-09-10 14:00:00,PROPOSAL_ACCEPTED,P1,V2,POLICY_GATE,AUTHORITY,Proposed state accepted,
EVT-000849,IN-DL-110054-2-33,2026-09-10 14:05:00,CANONICAL_STATE_UPDATED,V1,V2,CANONICAL_REGISTRY,SYSTEM,Authoritative state updated,
EVT-000850,IN-DL-110054-2-34,1992-01-01 12:00:00,PARCEL_CREATED,,V1,CANONICAL_SEED,SYSTEM,Initial cadastral creation,
EVT-000851,IN-DL-110054-2-34,2026-06-20 09:00:00,SOURCE_IMPORTED,V1,V1,INGESTION_PIPELINE,SYSTEM,5 observations linked,
EVT-000852,IN-DL-110054-2-34,2026-07-01 11:00:00,CONFLICT_DETECTED,V1,V1,CONFLICT_ENGINE,SYSTEM,1 conflicts detected,
EVT-000853,IN-DL-110054-2-34,2026-07-08 14:00:00,MATCH_PROPOSED,V1,P1,MATCHING_ENGINE,SYSTEM,Cross-source match proposed,
EVT-000854,IN-DL-110054-2-34,2026-09-10 14:00:00,PROPOSAL_ACCEPTED,P1,V2,POLICY_GATE,AUTHORITY,Proposed state accepted,
EVT-000855,IN-DL-110054-2-34,2026-09-10 14:05:00,CANONICAL_STATE_UPDATED,V1,V2,CANONICAL_REGISTRY,SYSTEM,Authoritative state updated,
EVT-000856,IN-DL-110054-2-35,1986-01-01 12:00:00,PARCEL_CREATED,,V1,CANONICAL_SEED,SYSTEM,Initial cadastral creation,
EVT-000857,IN-DL-110054-2-35,2026-06-20 09:00:00,SOURCE_IMPORTED,V1,V1,INGESTION_PIPELINE,SYSTEM,2 observations linked,
EVT-000858,IN-DL-110054-2-35,2026-07-08 14:00:00,MATCH_PROPOSED,V1,P1,MATCHING_ENGINE,SYSTEM,Cross-source match proposed,
EVT-000859,IN-DL-110054-2-35,2026-09-10 14:00:00,PROPOSAL_ACCEPTED,P1,V2,POLICY_GATE,AUTHORITY,Proposed state accepted,
EVT-000860,IN-DL-110054-2-35,2026-09-10 14:05:00,CANONICAL_STATE_UPDATED,V1,V2,CANONICAL_REGISTRY,SYSTEM,Authoritative state updated,
EVT-000861,IN-DL-110054-2-36,1987-01-01 12:00:00,PARCEL_CREATED,,V1,CANONICAL_SEED,SYSTEM,Initial cadastral creation,
EVT-000862,IN-DL-110054-2-36,2026-06-20 09:00:00,SOURCE_IMPORTED,V1,V1,INGESTION_PIPELINE,SYSTEM,3 observations linked,
EVT-000863,IN-DL-110054-2-36,2026-07-01 11:00:00,CONFLICT_DETECTED,V1,V1,CONFLICT_ENGINE,SYSTEM,2 conflicts detected,
EVT-000864,IN-DL-110054-2-36,2026-07-08 14:00:00,MATCH_PROPOSED,V1,P1,MATCHING_ENGINE,SYSTEM,Cross-source match proposed,
EVT-000865,IN-DL-110054-2-36,2026-09-10 14:00:00,PROPOSAL_ACCEPTED,P1,V2,POLICY_GATE,AUTHORITY,Proposed state accepted,
EVT-000866,IN-DL-110054-2-36,2026-09-10 14:05:00,CANONICAL_STATE_UPDATED,V1,V2,CANONICAL_REGISTRY,SYSTEM,Authoritative state updated,
EVT-000867,IN-DL-110054-2-37,1988-01-01 12:00:00,PARCEL_CREATED,,V1,CANONICAL_SEED,SYSTEM,Initial cadastral creation,
EVT-000868,IN-DL-110054-2-37,2026-06-20 09:00:00,SOURCE_IMPORTED,V1,V1,INGESTION_PIPELINE,SYSTEM,3 observations linked,
EVT-000869,IN-DL-110054-2-37,2026-07-08 14:00:00,MATCH_PROPOSED,V1,P1,MATCHING_ENGINE,SYSTEM,Cross-source match proposed,
EVT-000870,IN-DL-110054-2-37,2026-09-10 14:00:00,PROPOSAL_ACCEPTED,P1,V2,POLICY_GATE,AUTHORITY,Proposed state accepted,
EVT-000871,IN-DL-110054-2-37,2026-09-10 14:05:00,CANONICAL_STATE_UPDATED,V1,V2,CANONICAL_REGISTRY,SYSTEM,Authoritative state updated,
EVT-000872,IN-DL-110054-2-38,1989-01-01 12:00:00,PARCEL_CREATED,,V1,CANONICAL_SEED,SYSTEM,Initial cadastral creation,
EVT-000873,IN-DL-110054-2-38,2026-06-20 09:00:00,SOURCE_IMPORTED,V1,V1,INGESTION_PIPELINE,SYSTEM,4 observations linked,
EVT-000874,IN-DL-110054-2-38,2026-07-01 11:00:00,CONFLICT_DETECTED,V1,V1,CONFLICT_ENGINE,SYSTEM,1 conflicts detected,
EVT-000875,IN-DL-110054-2-38,2026-07-08 14:00:00,MATCH_PROPOSED,V1,P1,MATCHING_ENGINE,SYSTEM,Cross-source match proposed,
EVT-000876,IN-DL-110054-2-38,2026-09-05 12:00:00,HUMAN_REVIEW,P1,P1,REVIEW_WORKSPACE,HUMAN_REVIEWER,Additional evidence requested,
EVT-000877,IN-DL-110054-2-39,1990-01-01 12:00:00,PARCEL_CREATED,,V1,CANONICAL_SEED,SYSTEM,Initial cadastral creation,
EVT-000878,IN-DL-110054-2-39,2026-06-20 09:00:00,SOURCE_IMPORTED,V1,V1,INGESTION_PIPELINE,SYSTEM,4 observations linked,
EVT-000879,IN-DL-110054-2-39,2026-07-08 14:00:00,MATCH_PROPOSED,V1,P1,MATCHING_ENGINE,SYSTEM,Cross-source match proposed,
EVT-000880,IN-DL-110054-2-39,2026-09-10 14:00:00,PROPOSAL_ACCEPTED,P1,V2,POLICY_GATE,AUTHORITY,Proposed state accepted,
EVT-000881,IN-DL-110054-2-39,2026-09-10 14:05:00,CANONICAL_STATE_UPDATED,V1,V2,CANONICAL_REGISTRY,SYSTEM,Authoritative state updated,
EVT-000882,IN-DL-110054-2-40,1991-01-01 12:00:00,PARCEL_CREATED,,V1,CANONICAL_SEED,SYSTEM,Initial cadastral creation,
EVT-000883,IN-DL-110054-2-40,2026-06-20 09:00:00,SOURCE_IMPORTED,V1,V1,INGESTION_PIPELINE,SYSTEM,5 observations linked,
EVT-000884,IN-DL-110054-2-40,2026-07-01 11:00:00,CONFLICT_DETECTED,V1,V1,CONFLICT_ENGINE,SYSTEM,1 conflicts detected,
EVT-000885,IN-DL-110054-2-40,2026-07-08 14:00:00,MATCH_PROPOSED,V1,P1,MATCHING_ENGINE,SYSTEM,Cross-source match proposed,
EVT-000886,IN-DL-110054-2-40,2026-08-06 10:00:00,EVIDENCE_ADDED,P1,P2,FIELD_SURVEY,SURVEYOR,GNSS/CORS evidence attached,
EVT-000887,IN-DL-110054-2-40,2026-09-10 14:00:00,PROPOSAL_ACCEPTED,P2,V2,POLICY_GATE,AUTHORITY,Proposed state accepted,
EVT-000888,IN-DL-110054-2-40,2026-09-10 14:05:00,CANONICAL_STATE_UPDATED,V1,V2,CANONICAL_REGISTRY,SYSTEM,Authoritative state updated,
EVT-000889,IN-DL-110054-2-41,1992-01-01 12:00:00,PARCEL_CREATED,,V1,CANONICAL_SEED,SYSTEM,Initial cadastral creation,
EVT-000890,IN-DL-110054-2-41,2026-06-20 09:00:00,SOURCE_IMPORTED,V1,V1,INGESTION_PIPELINE,SYSTEM,4 observations linked,
EVT-000891,IN-DL-110054-2-41,2026-07-01 11:00:00,CONFLICT_DETECTED,V1,V1,CONFLICT_ENGINE,SYSTEM,1 conflicts detected,
EVT-000892,IN-DL-110054-2-41,2026-07-08 14:00:00,MATCH_PROPOSED,V1,P1,MATCHING_ENGINE,SYSTEM,Cross-source match proposed,
EVT-000893,IN-DL-110054-2-41,2026-08-06 10:00:00,EVIDENCE_ADDED,P1,P2,FIELD_SURVEY,SURVEYOR,GNSS/CORS evidence attached,
EVT-000894,IN-DL-110054-2-41,2026-09-10 14:00:00,PROPOSAL_ACCEPTED,P2,V2,POLICY_GATE,AUTHORITY,Proposed state accepted,
EVT-000895,IN-DL-110054-2-41,2026-09-10 14:05:00,CANONICAL_STATE_UPDATED,V1,V2,CANONICAL_REGISTRY,SYSTEM,Authoritative state updated,
EVT-000896,IN-DL-110054-2-42,1986-01-01 12:00:00,PARCEL_CREATED,,V1,CANONICAL_SEED,SYSTEM,Initial cadastral creation,
EVT-000897,IN-DL-110054-2-42,2026-06-20 09:00:00,SOURCE_IMPORTED,V1,V1,INGESTION_PIPELINE,SYSTEM,4 observations linked,
EVT-000898,IN-DL-110054-2-42,2026-07-08 14:00:00,MATCH_PROPOSED,V1,P1,MATCHING_ENGINE,SYSTEM,Cross-source match proposed,
EVT-000899,IN-DL-110054-2-42,2026-09-10 14:00:00,PROPOSAL_ACCEPTED,P1,V2,POLICY_GATE,AUTHORITY,Proposed state accepted,
EVT-000900,IN-DL-110054-2-42,2026-09-10 14:05:00,CANONICAL_STATE_UPDATED,V1,V2,CANONICAL_REGISTRY,SYSTEM,Authoritative state updated,
EVT-000901,IN-DL-110054-2-43,1987-01-01 12:00:00,PARCEL_CREATED,,V1,CANONICAL_SEED,SYSTEM,Initial cadastral creation,
EVT-000902,IN-DL-110054-2-43,2026-06-20 09:00:00,SOURCE_IMPORTED,V1,V1,INGESTION_PIPELINE,SYSTEM,4 observations linked,
EVT-000903,IN-DL-110054-2-43,2026-07-08 14:00:00,MATCH_PROPOSED,V1,P1,MATCHING_ENGINE,SYSTEM,Cross-source match proposed,
EVT-000904,IN-DL-110054-2-43,2026-09-10 14:00:00,PROPOSAL_ACCEPTED,P1,V2,POLICY_GATE,AUTHORITY,Proposed state accepted,
EVT-000905,IN-DL-110054-2-43,2026-09-10 14:05:00,CANONICAL_STATE_UPDATED,V1,V2,CANONICAL_REGISTRY,SYSTEM,Authoritative state updated,
EVT-000906,IN-DL-110054-2-44,1988-01-01 12:00:00,PARCEL_CREATED,,V1,CANONICAL_SEED,SYSTEM,Initial cadastral creation,
EVT-000907,IN-DL-110054-2-44,2026-06-20 09:00:00,SOURCE_IMPORTED,V1,V1,INGESTION_PIPELINE,SYSTEM,4 observations linked,
EVT-000908,IN-DL-110054-2-44,2026-07-08 14:00:00,MATCH_PROPOSED,V1,P1,MATCHING_ENGINE,SYSTEM,Cross-source match proposed,
EVT-000909,IN-DL-110054-2-44,2026-09-10 14:00:00,PROPOSAL_ACCEPTED,P1,V2,POLICY_GATE,AUTHORITY,Proposed state accepted,
EVT-000910,IN-DL-110054-2-44,2026-09-10 14:05:00,CANONICAL_STATE_UPDATED,V1,V2,CANONICAL_REGISTRY,SYSTEM,Authoritative state updated,
EVT-000911,IN-DL-110054-2-45,1989-01-01 12:00:00,PARCEL_CREATED,,V1,CANONICAL_SEED,SYSTEM,Initial cadastral creation,
EVT-000912,IN-DL-110054-2-45,2026-06-20 09:00:00,SOURCE_IMPORTED,V1,V1,INGESTION_PIPELINE,SYSTEM,4 observations linked,
EVT-000913,IN-DL-110054-2-45,2026-07-01 11:00:00,CONFLICT_DETECTED,V1,V1,CONFLICT_ENGINE,SYSTEM,1 conflicts detected,
EVT-000914,IN-DL-110054-2-45,2026-07-08 14:00:00,MATCH_PROPOSED,V1,P1,MATCHING_ENGINE,SYSTEM,Cross-source match proposed,
EVT-000915,IN-DL-110054-2-45,2026-09-10 14:00:00,PROPOSAL_ACCEPTED,P1,V2,POLICY_GATE,AUTHORITY,Proposed state accepted,
EVT-000916,IN-DL-110054-2-45,2026-09-10 14:05:00,CANONICAL_STATE_UPDATED,V1,V2,CANONICAL_REGISTRY,SYSTEM,Authoritative state updated,
EVT-000917,IN-DL-110054-2-46,1990-01-01 12:00:00,PARCEL_CREATED,,V1,CANONICAL_SEED,SYSTEM,Initial cadastral creation,
EVT-000918,IN-DL-110054-2-46,2026-06-20 09:00:00,SOURCE_IMPORTED,V1,V1,INGESTION_PIPELINE,SYSTEM,5 observations linked,
EVT-000919,IN-DL-110054-2-46,2026-07-08 14:00:00,MATCH_PROPOSED,V1,P1,MATCHING_ENGINE,SYSTEM,Cross-source match proposed,
EVT-000920,IN-DL-110054-2-46,2026-08-06 10:00:00,EVIDENCE_ADDED,P1,P2,FIELD_SURVEY,SURVEYOR,GNSS/CORS evidence attached,
EVT-000921,IN-DL-110054-2-46,2026-09-10 14:00:00,PROPOSAL_ACCEPTED,P2,V2,POLICY_GATE,AUTHORITY,Proposed state accepted,
EVT-000922,IN-DL-110054-2-46,2026-09-10 14:05:00,CANONICAL_STATE_UPDATED,V1,V2,CANONICAL_REGISTRY,SYSTEM,Authoritative state updated,
EVT-000923,IN-DL-110054-2-47,1991-01-01 12:00:00,PARCEL_CREATED,,V1,CANONICAL_SEED,SYSTEM,Initial cadastral creation,
EVT-000924,IN-DL-110054-2-47,2026-06-20 09:00:00,SOURCE_IMPORTED,V1,V1,INGESTION_PIPELINE,SYSTEM,4 observations linked,
EVT-000925,IN-DL-110054-2-47,2026-07-08 14:00:00,MATCH_PROPOSED,V1,P1,MATCHING_ENGINE,SYSTEM,Cross-source match proposed,
EVT-000926,IN-DL-110054-2-47,2026-09-10 14:00:00,PROPOSAL_ACCEPTED,P1,V2,POLICY_GATE,AUTHORITY,Proposed state accepted,
EVT-000927,IN-DL-110054-2-47,2026-09-10 14:05:00,CANONICAL_STATE_UPDATED,V1,V2,CANONICAL_REGISTRY,SYSTEM,Authoritative state updated,
EVT-000928,IN-DL-110054-2-48,1992-01-01 12:00:00,PARCEL_CREATED,,V1,CANONICAL_SEED,SYSTEM,Initial cadastral creation,
EVT-000929,IN-DL-110054-2-48,2026-06-20 09:00:00,SOURCE_IMPORTED,V1,V1,INGESTION_PIPELINE,SYSTEM,3 observations linked,
EVT-000930,IN-DL-110054-2-48,2026-07-01 11:00:00,CONFLICT_DETECTED,V1,V1,CONFLICT_ENGINE,SYSTEM,1 conflicts detected,
EVT-000931,IN-DL-110054-2-48,2026-07-08 14:00:00,MATCH_PROPOSED,V1,P1,MATCHING_ENGINE,SYSTEM,Cross-source match proposed,
EVT-000932,IN-DL-110054-2-48,2026-09-10 14:00:00,PROPOSAL_ACCEPTED,P1,V2,POLICY_GATE,AUTHORITY,Proposed state accepted,
EVT-000933,IN-DL-110054-2-48,2026-09-10 14:05:00,CANONICAL_STATE_UPDATED,V1,V2,CANONICAL_REGISTRY,SYSTEM,Authoritative state updated,
EVT-000934,IN-DL-110054-2-49,1986-01-01 12:00:00,PARCEL_CREATED,,V1,CANONICAL_SEED,SYSTEM,Initial cadastral creation,
EVT-000935,IN-DL-110054-2-49,2026-06-20 09:00:00,SOURCE_IMPORTED,V1,V1,INGESTION_PIPELINE,SYSTEM,3 observations linked,
EVT-000936,IN-DL-110054-2-49,2026-07-01 11:00:00,CONFLICT_DETECTED,V1,V1,CONFLICT_ENGINE,SYSTEM,1 conflicts detected,
EVT-000937,IN-DL-110054-2-49,2026-07-08 14:00:00,MATCH_PROPOSED,V1,P1,MATCHING_ENGINE,SYSTEM,Cross-source match proposed,
EVT-000938,IN-DL-110054-2-49,2026-09-10 14:00:00,PROPOSAL_ACCEPTED,P1,V2,POLICY_GATE,AUTHORITY,Proposed state accepted,
EVT-000939,IN-DL-110054-2-49,2026-09-10 14:05:00,CANONICAL_STATE_UPDATED,V1,V2,CANONICAL_REGISTRY,SYSTEM,Authoritative state updated,
EVT-000940,IN-DL-110054-2-50,1987-01-01 12:00:00,PARCEL_CREATED,,V1,CANONICAL_SEED,SYSTEM,Initial cadastral creation,
EVT-000941,IN-DL-110054-2-50,2026-06-20 09:00:00,SOURCE_IMPORTED,V1,V1,INGESTION_PIPELINE,SYSTEM,5 observations linked,
EVT-000942,IN-DL-110054-2-50,2026-07-01 11:00:00,CONFLICT_DETECTED,V1,V1,CONFLICT_ENGINE,SYSTEM,1 conflicts detected,
EVT-000943,IN-DL-110054-2-50,2026-07-08 14:00:00,MATCH_PROPOSED,V1,P1,MATCHING_ENGINE,SYSTEM,Cross-source match proposed,
EVT-000944,IN-DL-110054-2-50,2026-09-10 14:00:00,PROPOSAL_ACCEPTED,P1,V2,POLICY_GATE,AUTHORITY,Proposed state accepted,
EVT-000945,IN-DL-110054-2-50,2026-09-10 14:05:00,CANONICAL_STATE_UPDATED,V1,V2,CANONICAL_REGISTRY,SYSTEM,Authoritative state updated,
EVT-000946,IN-DL-110054-2-51,1988-01-01 12:00:00,PARCEL_CREATED,,V1,CANONICAL_SEED,SYSTEM,Initial cadastral creation,
EVT-000947,IN-DL-110054-2-51,2026-06-20 09:00:00,SOURCE_IMPORTED,V1,V1,INGESTION_PIPELINE,SYSTEM,4 observations linked,
EVT-000948,IN-DL-110054-2-51,2026-07-08 14:00:00,MATCH_PROPOSED,V1,P1,MATCHING_ENGINE,SYSTEM,Cross-source match proposed,
EVT-000949,IN-DL-110054-2-51,2026-09-10 14:00:00,PROPOSAL_ACCEPTED,P1,V2,POLICY_GATE,AUTHORITY,Proposed state accepted,
EVT-000950,IN-DL-110054-2-51,2026-09-10 14:05:00,CANONICAL_STATE_UPDATED,V1,V2,CANONICAL_REGISTRY,SYSTEM,Authoritative state updated,
EVT-000951,IN-DL-110054-2-52,1989-01-01 12:00:00,PARCEL_CREATED,,V1,CANONICAL_SEED,SYSTEM,Initial cadastral creation,
EVT-000952,IN-DL-110054-2-52,2026-06-20 09:00:00,SOURCE_IMPORTED,V1,V1,INGESTION_PIPELINE,SYSTEM,4 observations linked,
EVT-000953,IN-DL-110054-2-52,2026-07-08 14:00:00,MATCH_PROPOSED,V1,P1,MATCHING_ENGINE,SYSTEM,Cross-source match proposed,
EVT-000954,IN-DL-110054-2-52,2026-09-10 14:00:00,PROPOSAL_ACCEPTED,P1,V2,POLICY_GATE,AUTHORITY,Proposed state accepted,
EVT-000955,IN-DL-110054-2-52,2026-09-10 14:05:00,CANONICAL_STATE_UPDATED,V1,V2,CANONICAL_REGISTRY,SYSTEM,Authoritative state updated,
EVT-000956,IN-DL-110054-2-53,1990-01-01 12:00:00,PARCEL_CREATED,,V1,CANONICAL_SEED,SYSTEM,Initial cadastral creation,
EVT-000957,IN-DL-110054-2-53,2026-06-20 09:00:00,SOURCE_IMPORTED,V1,V1,INGESTION_PIPELINE,SYSTEM,5 observations linked,
EVT-000958,IN-DL-110054-2-53,2026-07-08 14:00:00,MATCH_PROPOSED,V1,P1,MATCHING_ENGINE,SYSTEM,Cross-source match proposed,
EVT-000959,IN-DL-110054-2-53,2026-08-06 10:00:00,EVIDENCE_ADDED,P1,P2,FIELD_SURVEY,SURVEYOR,GNSS/CORS evidence attached,
EVT-000960,IN-DL-110054-2-53,2026-09-10 14:00:00,PROPOSAL_ACCEPTED,P2,V2,POLICY_GATE,AUTHORITY,Proposed state accepted,
EVT-000961,IN-DL-110054-2-53,2026-09-10 14:05:00,CANONICAL_STATE_UPDATED,V1,V2,CANONICAL_REGISTRY,SYSTEM,Authoritative state updated,
EVT-000962,IN-DL-110054-2-54,1991-01-01 12:00:00,PARCEL_CREATED,,V1,CANONICAL_SEED,SYSTEM,Initial cadastral creation,
EVT-000963,IN-DL-110054-2-54,2026-06-20 09:00:00,SOURCE_IMPORTED,V1,V1,INGESTION_PIPELINE,SYSTEM,4 observations linked,
EVT-000964,IN-DL-110054-2-54,2026-07-01 11:00:00,CONFLICT_DETECTED,V1,V1,CONFLICT_ENGINE,SYSTEM,1 conflicts detected,
EVT-000965,IN-DL-110054-2-54,2026-07-08 14:00:00,MATCH_PROPOSED,V1,P1,MATCHING_ENGINE,SYSTEM,Cross-source match proposed,
EVT-000966,IN-DL-110054-2-54,2026-09-07 15:00:00,PROPOSAL_REJECTED,P1,V1,REVIEW_WORKSPACE,HUMAN_REVIEWER,Candidate match rejected,
EVT-000967,IN-DL-110054-2-55,1992-01-01 12:00:00,PARCEL_CREATED,,V1,CANONICAL_SEED,SYSTEM,Initial cadastral creation,
EVT-000968,IN-DL-110054-2-55,2026-06-20 09:00:00,SOURCE_IMPORTED,V1,V1,INGESTION_PIPELINE,SYSTEM,3 observations linked,
EVT-000969,IN-DL-110054-2-55,2026-07-01 11:00:00,CONFLICT_DETECTED,V1,V1,CONFLICT_ENGINE,SYSTEM,1 conflicts detected,
EVT-000970,IN-DL-110054-2-55,2026-07-08 14:00:00,MATCH_PROPOSED,V1,P1,MATCHING_ENGINE,SYSTEM,Cross-source match proposed,
EVT-000971,IN-DL-110054-2-55,2026-09-10 14:00:00,PROPOSAL_ACCEPTED,P1,V2,POLICY_GATE,AUTHORITY,Proposed state accepted,
EVT-000972,IN-DL-110054-2-55,2026-09-10 14:05:00,CANONICAL_STATE_UPDATED,V1,V2,CANONICAL_REGISTRY,SYSTEM,Authoritative state updated,
EVT-000973,IN-DL-110054-2-56,1986-01-01 12:00:00,PARCEL_CREATED,,V1,CANONICAL_SEED,SYSTEM,Initial cadastral creation,
EVT-000974,IN-DL-110054-2-56,2026-06-20 09:00:00,SOURCE_IMPORTED,V1,V1,INGESTION_PIPELINE,SYSTEM,4 observations linked,
EVT-000975,IN-DL-110054-2-56,2026-07-08 14:00:00,MATCH_PROPOSED,V1,P1,MATCHING_ENGINE,SYSTEM,Cross-source match proposed,
EVT-000976,IN-DL-110054-2-56,2026-09-10 14:00:00,PROPOSAL_ACCEPTED,P1,V2,POLICY_GATE,AUTHORITY,Proposed state accepted,
EVT-000977,IN-DL-110054-2-56,2026-09-10 14:05:00,CANONICAL_STATE_UPDATED,V1,V2,CANONICAL_REGISTRY,SYSTEM,Authoritative state updated,
EVT-000978,IN-DL-110054-2-57,1987-01-01 12:00:00,PARCEL_CREATED,,V1,CANONICAL_SEED,SYSTEM,Initial cadastral creation,
EVT-000979,IN-DL-110054-2-57,2026-06-20 09:00:00,SOURCE_IMPORTED,V1,V1,INGESTION_PIPELINE,SYSTEM,5 observations linked,
EVT-000980,IN-DL-110054-2-57,2026-07-08 14:00:00,MATCH_PROPOSED,V1,P1,MATCHING_ENGINE,SYSTEM,Cross-source match proposed,
EVT-000981,IN-DL-110054-2-57,2026-09-10 14:00:00,PROPOSAL_ACCEPTED,P1,V2,POLICY_GATE,AUTHORITY,Proposed state accepted,
EVT-000982,IN-DL-110054-2-57,2026-09-10 14:05:00,CANONICAL_STATE_UPDATED,V1,V2,CANONICAL_REGISTRY,SYSTEM,Authoritative state updated,
EVT-000983,IN-DL-110054-2-58,1988-01-01 12:00:00,PARCEL_CREATED,,V1,CANONICAL_SEED,SYSTEM,Initial cadastral creation,
EVT-000984,IN-DL-110054-2-58,2026-06-20 09:00:00,SOURCE_IMPORTED,V1,V1,INGESTION_PIPELINE,SYSTEM,4 observations linked,
EVT-000985,IN-DL-110054-2-58,2026-07-08 14:00:00,MATCH_PROPOSED,V1,P1,MATCHING_ENGINE,SYSTEM,Cross-source match proposed,
EVT-000986,IN-DL-110054-2-58,2026-09-10 14:00:00,PROPOSAL_ACCEPTED,P1,V2,POLICY_GATE,AUTHORITY,Proposed state accepted,
EVT-000987,IN-DL-110054-2-58,2026-09-10 14:05:00,CANONICAL_STATE_UPDATED,V1,V2,CANONICAL_REGISTRY,SYSTEM,Authoritative state updated,
EVT-000988,IN-DL-110054-2-59,1989-01-01 12:00:00,PARCEL_CREATED,,V1,CANONICAL_SEED,SYSTEM,Initial cadastral creation,
EVT-000989,IN-DL-110054-2-59,2026-06-20 09:00:00,SOURCE_IMPORTED,V1,V1,INGESTION_PIPELINE,SYSTEM,6 observations linked,
EVT-000990,IN-DL-110054-2-59,2026-07-08 14:00:00,MATCH_PROPOSED,V1,P1,MATCHING_ENGINE,SYSTEM,Cross-source match proposed,
EVT-000991,IN-DL-110054-2-59,2026-08-06 10:00:00,EVIDENCE_ADDED,P1,P2,FIELD_SURVEY,SURVEYOR,GNSS/CORS evidence attached,
EVT-000992,IN-DL-110054-2-59,2026-09-10 14:00:00,PROPOSAL_ACCEPTED,P2,V2,POLICY_GATE,AUTHORITY,Proposed state accepted,
EVT-000993,IN-DL-110054-2-59,2026-09-10 14:05:00,CANONICAL_STATE_UPDATED,V1,V2,CANONICAL_REGISTRY,SYSTEM,Authoritative state updated,
EVT-000994,IN-DL-110054-2-60,1990-01-01 12:00:00,PARCEL_CREATED,,V1,CANONICAL_SEED,SYSTEM,Initial cadastral creation,
EVT-000995,IN-DL-110054-2-60,2026-06-20 09:00:00,SOURCE_IMPORTED,V1,V1,INGESTION_PIPELINE,SYSTEM,3 observations linked,
EVT-000996,IN-DL-110054-2-60,2026-07-01 11:00:00,CONFLICT_DETECTED,V1,V1,CONFLICT_ENGINE,SYSTEM,3 conflicts detected,
EVT-000997,IN-DL-110054-2-60,2026-07-08 14:00:00,MATCH_PROPOSED,V1,P1,MATCHING_ENGINE,SYSTEM,Cross-source match proposed,
EVT-000998,IN-DL-110054-2-60,2026-09-05 12:00:00,HUMAN_REVIEW,P1,P1,REVIEW_WORKSPACE,HUMAN_REVIEWER,Additional evidence requested,
EVT-000999,IN-DL-110054-2-61,1991-01-01 12:00:00,PARCEL_CREATED,,V1,CANONICAL_SEED,SYSTEM,Initial cadastral creation,
EVT-001000,IN-DL-110054-2-61,2026-06-20 09:00:00,SOURCE_IMPORTED,V1,V1,INGESTION_PIPELINE,SYSTEM,5 observations linked,
EVT-001001,IN-DL-110054-2-61,2026-07-01 11:00:00,CONFLICT_DETECTED,V1,V1,CONFLICT_ENGINE,SYSTEM,1 conflicts detected,
EVT-001002,IN-DL-110054-2-61,2026-07-08 14:00:00,MATCH_PROPOSED,V1,P1,MATCHING_ENGINE,SYSTEM,Cross-source match proposed,
EVT-001003,IN-DL-110054-2-61,2026-08-06 10:00:00,EVIDENCE_ADDED,P1,P2,FIELD_SURVEY,SURVEYOR,GNSS/CORS evidence attached,
EVT-001004,IN-DL-110054-2-61,2026-09-10 14:00:00,PROPOSAL_ACCEPTED,P2,V2,POLICY_GATE,AUTHORITY,Proposed state accepted,
EVT-001005,IN-DL-110054-2-61,2026-09-10 14:05:00,CANONICAL_STATE_UPDATED,V1,V2,CANONICAL_REGISTRY,SYSTEM,Authoritative state updated,
EVT-001006,IN-DL-110054-2-62,1992-01-01 12:00:00,PARCEL_CREATED,,V1,CANONICAL_SEED,SYSTEM,Initial cadastral creation,
EVT-001007,IN-DL-110054-2-62,2026-06-20 09:00:00,SOURCE_IMPORTED,V1,V1,INGESTION_PIPELINE,SYSTEM,5 observations linked,
EVT-001008,IN-DL-110054-2-62,2026-07-08 14:00:00,MATCH_PROPOSED,V1,P1,MATCHING_ENGINE,SYSTEM,Cross-source match proposed,
EVT-001009,IN-DL-110054-2-62,2026-08-06 10:00:00,EVIDENCE_ADDED,P1,P2,FIELD_SURVEY,SURVEYOR,GNSS/CORS evidence attached,
EVT-001010,IN-DL-110054-2-62,2026-09-10 14:00:00,PROPOSAL_ACCEPTED,P2,V2,POLICY_GATE,AUTHORITY,Proposed state accepted,
EVT-001011,IN-DL-110054-2-62,2026-09-10 14:05:00,CANONICAL_STATE_UPDATED,V1,V2,CANONICAL_REGISTRY,SYSTEM,Authoritative state updated,
EVT-001012,IN-DL-110054-2-63,1986-01-01 12:00:00,PARCEL_CREATED,,V1,CANONICAL_SEED,SYSTEM,Initial cadastral creation,
EVT-001013,IN-DL-110054-2-63,2026-06-20 09:00:00,SOURCE_IMPORTED,V1,V1,INGESTION_PIPELINE,SYSTEM,3 observations linked,
EVT-001014,IN-DL-110054-2-63,2026-07-08 14:00:00,MATCH_PROPOSED,V1,P1,MATCHING_ENGINE,SYSTEM,Cross-source match proposed,
EVT-001015,IN-DL-110054-2-63,2026-09-10 14:00:00,PROPOSAL_ACCEPTED,P1,V2,POLICY_GATE,AUTHORITY,Proposed state accepted,
EVT-001016,IN-DL-110054-2-63,2026-09-10 14:05:00,CANONICAL_STATE_UPDATED,V1,V2,CANONICAL_REGISTRY,SYSTEM,Authoritative state updated,
EVT-001017,IN-DL-110054-2-64,1987-01-01 12:00:00,PARCEL_CREATED,,V1,CANONICAL_SEED,SYSTEM,Initial cadastral creation,
EVT-001018,IN-DL-110054-2-64,2026-06-20 09:00:00,SOURCE_IMPORTED,V1,V1,INGESTION_PIPELINE,SYSTEM,4 observations linked,
EVT-001019,IN-DL-110054-2-64,2026-07-01 11:00:00,CONFLICT_DETECTED,V1,V1,CONFLICT_ENGINE,SYSTEM,1 conflicts detected,
EVT-001020,IN-DL-110054-2-64,2026-07-08 14:00:00,MATCH_PROPOSED,V1,P1,MATCHING_ENGINE,SYSTEM,Cross-source match proposed,
EVT-001021,IN-DL-110054-2-64,2026-09-10 14:00:00,PROPOSAL_ACCEPTED,P1,V2,POLICY_GATE,AUTHORITY,Proposed state accepted,
EVT-001022,IN-DL-110054-2-64,2026-09-10 14:05:00,CANONICAL_STATE_UPDATED,V1,V2,CANONICAL_REGISTRY,SYSTEM,Authoritative state updated,
EVT-001023,IN-DL-110054-2-65,1988-01-01 12:00:00,PARCEL_CREATED,,V1,CANONICAL_SEED,SYSTEM,Initial cadastral creation,
EVT-001024,IN-DL-110054-2-65,2026-06-20 09:00:00,SOURCE_IMPORTED,V1,V1,INGESTION_PIPELINE,SYSTEM,4 observations linked,
EVT-001025,IN-DL-110054-2-65,2026-07-08 14:00:00,MATCH_PROPOSED,V1,P1,MATCHING_ENGINE,SYSTEM,Cross-source match proposed,
EVT-001026,IN-DL-110054-2-65,2026-09-10 14:00:00,PROPOSAL_ACCEPTED,P1,V2,POLICY_GATE,AUTHORITY,Proposed state accepted,
EVT-001027,IN-DL-110054-2-65,2026-09-10 14:05:00,CANONICAL_STATE_UPDATED,V1,V2,CANONICAL_REGISTRY,SYSTEM,Authoritative state updated,
EVT-001028,IN-DL-110054-2-66,1989-01-01 12:00:00,PARCEL_CREATED,,V1,CANONICAL_SEED,SYSTEM,Initial cadastral creation,
EVT-001029,IN-DL-110054-2-66,2026-06-20 09:00:00,SOURCE_IMPORTED,V1,V1,INGESTION_PIPELINE,SYSTEM,4 observations linked,
EVT-001030,IN-DL-110054-2-66,2026-07-08 14:00:00,MATCH_PROPOSED,V1,P1,MATCHING_ENGINE,SYSTEM,Cross-source match proposed,
EVT-001031,IN-DL-110054-2-66,2026-09-10 14:00:00,PROPOSAL_ACCEPTED,P1,V2,POLICY_GATE,AUTHORITY,Proposed state accepted,
EVT-001032,IN-DL-110054-2-66,2026-09-10 14:05:00,CANONICAL_STATE_UPDATED,V1,V2,CANONICAL_REGISTRY,SYSTEM,Authoritative state updated,
EVT-001033,IN-DL-110054-2-67,1990-01-01 12:00:00,PARCEL_CREATED,,V1,CANONICAL_SEED,SYSTEM,Initial cadastral creation,
EVT-001034,IN-DL-110054-2-67,2026-06-20 09:00:00,SOURCE_IMPORTED,V1,V1,INGESTION_PIPELINE,SYSTEM,3 observations linked,
EVT-001035,IN-DL-110054-2-67,2026-07-01 11:00:00,CONFLICT_DETECTED,V1,V1,CONFLICT_ENGINE,SYSTEM,1 conflicts detected,
EVT-001036,IN-DL-110054-2-67,2026-07-08 14:00:00,MATCH_PROPOSED,V1,P1,MATCHING_ENGINE,SYSTEM,Cross-source match proposed,
EVT-001037,IN-DL-110054-2-67,2026-08-06 10:00:00,EVIDENCE_ADDED,P1,P2,FIELD_SURVEY,SURVEYOR,GNSS/CORS evidence attached,
EVT-001038,IN-DL-110054-2-67,2026-09-05 12:00:00,HUMAN_REVIEW,P2,P2,REVIEW_WORKSPACE,HUMAN_REVIEWER,Additional evidence requested,
EVT-001039,IN-DL-110054-2-68,1991-01-01 12:00:00,PARCEL_CREATED,,V1,CANONICAL_SEED,SYSTEM,Initial cadastral creation,
EVT-001040,IN-DL-110054-2-68,2026-06-20 09:00:00,SOURCE_IMPORTED,V1,V1,INGESTION_PIPELINE,SYSTEM,5 observations linked,
EVT-001041,IN-DL-110054-2-68,2026-07-01 11:00:00,CONFLICT_DETECTED,V1,V1,CONFLICT_ENGINE,SYSTEM,1 conflicts detected,
EVT-001042,IN-DL-110054-2-68,2026-07-08 14:00:00,MATCH_PROPOSED,V1,P1,MATCHING_ENGINE,SYSTEM,Cross-source match proposed,
EVT-001043,IN-DL-110054-2-68,2026-08-06 10:00:00,EVIDENCE_ADDED,P1,P2,FIELD_SURVEY,SURVEYOR,GNSS/CORS evidence attached,
EVT-001044,IN-DL-110054-2-68,2026-09-05 11:00:00,HUMAN_REVIEW,P2,P2,REVIEW_WORKSPACE,HUMAN_REVIEWER,Legal/operational conflict requires decision,
EVT-001045,IN-DL-110054-2-69,1992-01-01 12:00:00,PARCEL_CREATED,,V1,CANONICAL_SEED,SYSTEM,Initial cadastral creation,
EVT-001046,IN-DL-110054-2-69,2026-06-20 09:00:00,SOURCE_IMPORTED,V1,V1,INGESTION_PIPELINE,SYSTEM,4 observations linked,
EVT-001047,IN-DL-110054-2-69,2026-07-01 11:00:00,CONFLICT_DETECTED,V1,V1,CONFLICT_ENGINE,SYSTEM,1 conflicts detected,
EVT-001048,IN-DL-110054-2-69,2026-07-08 14:00:00,MATCH_PROPOSED,V1,P1,MATCHING_ENGINE,SYSTEM,Cross-source match proposed,
EVT-001049,IN-DL-110054-2-69,2026-08-06 10:00:00,EVIDENCE_ADDED,P1,P2,FIELD_SURVEY,SURVEYOR,GNSS/CORS evidence attached,
EVT-001050,IN-DL-110054-2-69,2026-09-05 12:00:00,HUMAN_REVIEW,P2,P2,REVIEW_WORKSPACE,HUMAN_REVIEWER,Additional evidence requested,
EVT-001051,IN-DL-110054-2-70,1986-01-01 12:00:00,PARCEL_CREATED,,V1,CANONICAL_SEED,SYSTEM,Initial cadastral creation,
EVT-001052,IN-DL-110054-2-70,2026-06-20 09:00:00,SOURCE_IMPORTED,V1,V1,INGESTION_PIPELINE,SYSTEM,4 observations linked,
EVT-001053,IN-DL-110054-2-70,2026-07-01 11:00:00,CONFLICT_DETECTED,V1,V1,CONFLICT_ENGINE,SYSTEM,1 conflicts detected,
EVT-001054,IN-DL-110054-2-70,2026-07-08 14:00:00,MATCH_PROPOSED,V1,P1,MATCHING_ENGINE,SYSTEM,Cross-source match proposed,
EVT-001055,IN-DL-110054-2-70,2026-09-10 14:00:00,PROPOSAL_ACCEPTED,P1,V2,POLICY_GATE,AUTHORITY,Proposed state accepted,
EVT-001056,IN-DL-110054-2-70,2026-09-10 14:05:00,CANONICAL_STATE_UPDATED,V1,V2,CANONICAL_REGISTRY,SYSTEM,Authoritative state updated,
EVT-001057,IN-DL-110054-2-71,1987-01-01 12:00:00,PARCEL_CREATED,,V1,CANONICAL_SEED,SYSTEM,Initial cadastral creation,
EVT-001058,IN-DL-110054-2-71,2026-06-20 09:00:00,SOURCE_IMPORTED,V1,V1,INGESTION_PIPELINE,SYSTEM,5 observations linked,
EVT-001059,IN-DL-110054-2-71,2026-07-08 14:00:00,MATCH_PROPOSED,V1,P1,MATCHING_ENGINE,SYSTEM,Cross-source match proposed,
EVT-001060,IN-DL-110054-2-71,2026-09-10 14:00:00,PROPOSAL_ACCEPTED,P1,V2,POLICY_GATE,AUTHORITY,Proposed state accepted,
EVT-001061,IN-DL-110054-2-71,2026-09-10 14:05:00,CANONICAL_STATE_UPDATED,V1,V2,CANONICAL_REGISTRY,SYSTEM,Authoritative state updated,
EVT-001062,IN-DL-110054-2-72,1988-01-01 12:00:00,PARCEL_CREATED,,V1,CANONICAL_SEED,SYSTEM,Initial cadastral creation,
EVT-001063,IN-DL-110054-2-72,2026-06-20 09:00:00,SOURCE_IMPORTED,V1,V1,INGESTION_PIPELINE,SYSTEM,4 observations linked,
EVT-001064,IN-DL-110054-2-72,2026-07-01 11:00:00,CONFLICT_DETECTED,V1,V1,CONFLICT_ENGINE,SYSTEM,1 conflicts detected,
EVT-001065,IN-DL-110054-2-72,2026-07-08 14:00:00,MATCH_PROPOSED,V1,P1,MATCHING_ENGINE,SYSTEM,Cross-source match proposed,
EVT-001066,IN-DL-110054-2-72,2026-09-10 14:00:00,PROPOSAL_ACCEPTED,P1,V2,POLICY_GATE,AUTHORITY,Proposed state accepted,
EVT-001067,IN-DL-110054-2-72,2026-09-10 14:05:00,CANONICAL_STATE_UPDATED,V1,V2,CANONICAL_REGISTRY,SYSTEM,Authoritative state updated,
EVT-001068,IN-DL-110054-2-73,1989-01-01 12:00:00,PARCEL_CREATED,,V1,CANONICAL_SEED,SYSTEM,Initial cadastral creation,
EVT-001069,IN-DL-110054-2-73,2026-06-20 09:00:00,SOURCE_IMPORTED,V1,V1,INGESTION_PIPELINE,SYSTEM,5 observations linked,
EVT-001070,IN-DL-110054-2-73,2026-07-01 11:00:00,CONFLICT_DETECTED,V1,V1,CONFLICT_ENGINE,SYSTEM,1 conflicts detected,
EVT-001071,IN-DL-110054-2-73,2026-07-08 14:00:00,MATCH_PROPOSED,V1,P1,MATCHING_ENGINE,SYSTEM,Cross-source match proposed,
EVT-001072,IN-DL-110054-2-73,2026-08-06 10:00:00,EVIDENCE_ADDED,P1,P2,FIELD_SURVEY,SURVEYOR,GNSS/CORS evidence attached,
EVT-001073,IN-DL-110054-2-73,2026-08-10 12:00:00,MUTATION_RECORDED,P2,V2_BAD,MUTATION_REGISTER,AUTHORITY,Incorrect mutation temporarily accepted,
EVT-001074,IN-DL-110054-2-73,2026-08-18 16:00:00,ROLLBACK,V2_BAD,V1,GEOGIT_AUDIT,AUTHORITY,Incorrect mutation rolled back,
EVT-001075,IN-DL-110054-2-73,2026-09-10 14:00:00,PROPOSAL_ACCEPTED,P2,V2,POLICY_GATE,AUTHORITY,Proposed state accepted,
EVT-001076,IN-DL-110054-2-73,2026-09-10 14:05:00,CANONICAL_STATE_UPDATED,V1,V2,CANONICAL_REGISTRY,SYSTEM,Authoritative state updated,
EVT-001077,IN-DL-110054-2-74,1990-01-01 12:00:00,PARCEL_CREATED,,V1,CANONICAL_SEED,SYSTEM,Initial cadastral creation,
EVT-001078,IN-DL-110054-2-74,2026-06-20 09:00:00,SOURCE_IMPORTED,V1,V1,INGESTION_PIPELINE,SYSTEM,4 observations linked,
EVT-001079,IN-DL-110054-2-74,2026-07-08 14:00:00,MATCH_PROPOSED,V1,P1,MATCHING_ENGINE,SYSTEM,Cross-source match proposed,
EVT-001080,IN-DL-110054-2-74,2026-09-10 14:00:00,PROPOSAL_ACCEPTED,P1,V2,POLICY_GATE,AUTHORITY,Proposed state accepted,
EVT-001081,IN-DL-110054-2-74,2026-09-10 14:05:00,CANONICAL_STATE_UPDATED,V1,V2,CANONICAL_REGISTRY,SYSTEM,Authoritative state updated,
EVT-001082,IN-DL-110054-2-75,1991-01-01 12:00:00,PARCEL_CREATED,,V1,CANONICAL_SEED,SYSTEM,Initial cadastral creation,
EVT-001083,IN-DL-110054-2-75,2026-06-20 09:00:00,SOURCE_IMPORTED,V1,V1,INGESTION_PIPELINE,SYSTEM,3 observations linked,
EVT-001084,IN-DL-110054-2-75,2026-07-01 11:00:00,CONFLICT_DETECTED,V1,V1,CONFLICT_ENGINE,SYSTEM,1 conflicts detected,
EVT-001085,IN-DL-110054-2-75,2026-07-08 14:00:00,MATCH_PROPOSED,V1,P1,MATCHING_ENGINE,SYSTEM,Cross-source match proposed,
EVT-001086,IN-DL-110054-2-75,2026-09-10 14:00:00,PROPOSAL_ACCEPTED,P1,V2,POLICY_GATE,AUTHORITY,Proposed state accepted,
EVT-001087,IN-DL-110054-2-75,2026-09-10 14:05:00,CANONICAL_STATE_UPDATED,V1,V2,CANONICAL_REGISTRY,SYSTEM,Authoritative state updated,
EVT-001088,IN-DL-110054-2-76,1992-01-01 12:00:00,PARCEL_CREATED,,V1,CANONICAL_SEED,SYSTEM,Initial cadastral creation,
EVT-001089,IN-DL-110054-2-76,2026-06-20 09:00:00,SOURCE_IMPORTED,V1,V1,INGESTION_PIPELINE,SYSTEM,5 observations linked,
EVT-001090,IN-DL-110054-2-76,2026-07-01 11:00:00,CONFLICT_DETECTED,V1,V1,CONFLICT_ENGINE,SYSTEM,1 conflicts detected,
EVT-001091,IN-DL-110054-2-76,2026-07-08 14:00:00,MATCH_PROPOSED,V1,P1,MATCHING_ENGINE,SYSTEM,Cross-source match proposed,
EVT-001092,IN-DL-110054-2-76,2026-09-10 14:00:00,PROPOSAL_ACCEPTED,P1,V2,POLICY_GATE,AUTHORITY,Proposed state accepted,
EVT-001093,IN-DL-110054-2-76,2026-09-10 14:05:00,CANONICAL_STATE_UPDATED,V1,V2,CANONICAL_REGISTRY,SYSTEM,Authoritative state updated,
EVT-001094,IN-DL-110054-2-77,1986-01-01 12:00:00,PARCEL_CREATED,,V1,CANONICAL_SEED,SYSTEM,Initial cadastral creation,
EVT-001095,IN-DL-110054-2-77,2026-06-20 09:00:00,SOURCE_IMPORTED,V1,V1,INGESTION_PIPELINE,SYSTEM,5 observations linked,
EVT-001096,IN-DL-110054-2-77,2026-07-08 14:00:00,MATCH_PROPOSED,V1,P1,MATCHING_ENGINE,SYSTEM,Cross-source match proposed,
EVT-001097,IN-DL-110054-2-77,2026-08-06 10:00:00,EVIDENCE_ADDED,P1,P2,FIELD_SURVEY,SURVEYOR,GNSS/CORS evidence attached,
EVT-001098,IN-DL-110054-2-77,2026-09-10 14:00:00,PROPOSAL_ACCEPTED,P2,V2,POLICY_GATE,AUTHORITY,Proposed state accepted,
EVT-001099,IN-DL-110054-2-77,2026-09-10 14:05:00,CANONICAL_STATE_UPDATED,V1,V2,CANONICAL_REGISTRY,SYSTEM,Authoritative state updated,
EVT-001100,IN-DL-110054-2-78,1987-01-01 12:00:00,PARCEL_CREATED,,V1,CANONICAL_SEED,SYSTEM,Initial cadastral creation,
EVT-001101,IN-DL-110054-2-78,2026-06-20 09:00:00,SOURCE_IMPORTED,V1,V1,INGESTION_PIPELINE,SYSTEM,4 observations linked,
EVT-001102,IN-DL-110054-2-78,2026-07-01 11:00:00,CONFLICT_DETECTED,V1,V1,CONFLICT_ENGINE,SYSTEM,1 conflicts detected,
EVT-001103,IN-DL-110054-2-78,2026-07-08 14:00:00,MATCH_PROPOSED,V1,P1,MATCHING_ENGINE,SYSTEM,Cross-source match proposed,
EVT-001104,IN-DL-110054-2-78,2026-09-05 12:00:00,HUMAN_REVIEW,P1,P1,REVIEW_WORKSPACE,HUMAN_REVIEWER,Additional evidence requested,
EVT-001105,IN-DL-110054-2-79,1988-01-01 12:00:00,PARCEL_CREATED,,V1,CANONICAL_SEED,SYSTEM,Initial cadastral creation,
EVT-001106,IN-DL-110054-2-79,2026-06-20 09:00:00,SOURCE_IMPORTED,V1,V1,INGESTION_PIPELINE,SYSTEM,4 observations linked,
EVT-001107,IN-DL-110054-2-79,2026-07-08 14:00:00,MATCH_PROPOSED,V1,P1,MATCHING_ENGINE,SYSTEM,Cross-source match proposed,
EVT-001108,IN-DL-110054-2-79,2026-09-10 14:00:00,PROPOSAL_ACCEPTED,P1,V2,POLICY_GATE,AUTHORITY,Proposed state accepted,
EVT-001109,IN-DL-110054-2-79,2026-09-10 14:05:00,CANONICAL_STATE_UPDATED,V1,V2,CANONICAL_REGISTRY,SYSTEM,Authoritative state updated,
EVT-001110,IN-DL-110054-2-80,1989-01-01 12:00:00,PARCEL_CREATED,,V1,CANONICAL_SEED,SYSTEM,Initial cadastral creation,
EVT-001111,IN-DL-110054-2-80,2026-06-20 09:00:00,SOURCE_IMPORTED,V1,V1,INGESTION_PIPELINE,SYSTEM,4 observations linked,
EVT-001112,IN-DL-110054-2-80,2026-07-01 11:00:00,CONFLICT_DETECTED,V1,V1,CONFLICT_ENGINE,SYSTEM,2 conflicts detected,
EVT-001113,IN-DL-110054-2-80,2026-07-08 14:00:00,MATCH_PROPOSED,V1,P1,MATCHING_ENGINE,SYSTEM,Cross-source match proposed,
EVT-001114,IN-DL-110054-2-80,2026-08-10 12:00:00,MUTATION_RECORDED,P1,V2_BAD,MUTATION_REGISTER,AUTHORITY,Incorrect mutation temporarily accepted,
EVT-001115,IN-DL-110054-2-80,2026-08-18 16:00:00,ROLLBACK,V2_BAD,V1,GEOGIT_AUDIT,AUTHORITY,Incorrect mutation rolled back,
EVT-001116,IN-DL-110054-2-80,2026-09-10 14:00:00,PROPOSAL_ACCEPTED,P1,V2,POLICY_GATE,AUTHORITY,Proposed state accepted,
EVT-001117,IN-DL-110054-2-80,2026-09-10 14:05:00,CANONICAL_STATE_UPDATED,V1,V2,CANONICAL_REGISTRY,SYSTEM,Authoritative state updated,
EVT-001118,IN-DL-110054-2-81,1990-01-01 12:00:00,PARCEL_CREATED,,V1,CANONICAL_SEED,SYSTEM,Initial cadastral creation,
EVT-001119,IN-DL-110054-2-81,2026-06-20 09:00:00,SOURCE_IMPORTED,V1,V1,INGESTION_PIPELINE,SYSTEM,4 observations linked,
EVT-001120,IN-DL-110054-2-81,2026-07-01 11:00:00,CONFLICT_DETECTED,V1,V1,CONFLICT_ENGINE,SYSTEM,1 conflicts detected,
EVT-001121,IN-DL-110054-2-81,2026-07-08 14:00:00,MATCH_PROPOSED,V1,P1,MATCHING_ENGINE,SYSTEM,Cross-source match proposed,
EVT-001122,IN-DL-110054-2-81,2026-09-05 11:00:00,HUMAN_REVIEW,P1,P2,REVIEW_WORKSPACE,HUMAN_REVIEWER,Legal/operational conflict requires decision,
EVT-001123,IN-DL-110054-2-82,1991-01-01 12:00:00,PARCEL_CREATED,,V1,CANONICAL_SEED,SYSTEM,Initial cadastral creation,
EVT-001124,IN-DL-110054-2-82,2026-06-20 09:00:00,SOURCE_IMPORTED,V1,V1,INGESTION_PIPELINE,SYSTEM,4 observations linked,
EVT-001125,IN-DL-110054-2-82,2026-07-08 14:00:00,MATCH_PROPOSED,V1,P1,MATCHING_ENGINE,SYSTEM,Cross-source match proposed,
EVT-001126,IN-DL-110054-2-82,2026-09-10 14:00:00,PROPOSAL_ACCEPTED,P1,V2,POLICY_GATE,AUTHORITY,Proposed state accepted,
EVT-001127,IN-DL-110054-2-82,2026-09-10 14:05:00,CANONICAL_STATE_UPDATED,V1,V2,CANONICAL_REGISTRY,SYSTEM,Authoritative state updated,
EVT-001128,IN-DL-110054-2-83,1992-01-01 12:00:00,PARCEL_CREATED,,V1,CANONICAL_SEED,SYSTEM,Initial cadastral creation,
EVT-001129,IN-DL-110054-2-83,2026-06-20 09:00:00,SOURCE_IMPORTED,V1,V1,INGESTION_PIPELINE,SYSTEM,5 observations linked,
EVT-001130,IN-DL-110054-2-83,2026-07-01 11:00:00,CONFLICT_DETECTED,V1,V1,CONFLICT_ENGINE,SYSTEM,1 conflicts detected,
EVT-001131,IN-DL-110054-2-83,2026-07-08 14:00:00,MATCH_PROPOSED,V1,P1,MATCHING_ENGINE,SYSTEM,Cross-source match proposed,
EVT-001132,IN-DL-110054-2-83,2026-09-05 11:00:00,HUMAN_REVIEW,P1,P2,REVIEW_WORKSPACE,HUMAN_REVIEWER,Legal/operational conflict requires decision,
EVT-001133,IN-DL-110054-2-84,1986-01-01 12:00:00,PARCEL_CREATED,,V1,CANONICAL_SEED,SYSTEM,Initial cadastral creation,
EVT-001134,IN-DL-110054-2-84,2026-06-20 09:00:00,SOURCE_IMPORTED,V1,V1,INGESTION_PIPELINE,SYSTEM,3 observations linked,
EVT-001135,IN-DL-110054-2-84,2026-07-01 11:00:00,CONFLICT_DETECTED,V1,V1,CONFLICT_ENGINE,SYSTEM,2 conflicts detected,
EVT-001136,IN-DL-110054-2-84,2026-07-08 14:00:00,MATCH_PROPOSED,V1,P1,MATCHING_ENGINE,SYSTEM,Cross-source match proposed,
EVT-001137,IN-DL-110054-2-84,2026-09-05 12:00:00,HUMAN_REVIEW,P1,P1,REVIEW_WORKSPACE,HUMAN_REVIEWER,Additional evidence requested,
EVT-001138,IN-DL-110054-2-85,1987-01-01 12:00:00,PARCEL_CREATED,,V1,CANONICAL_SEED,SYSTEM,Initial cadastral creation,
EVT-001139,IN-DL-110054-2-85,2026-06-20 09:00:00,SOURCE_IMPORTED,V1,V1,INGESTION_PIPELINE,SYSTEM,5 observations linked,
EVT-001140,IN-DL-110054-2-85,2026-07-08 14:00:00,MATCH_PROPOSED,V1,P1,MATCHING_ENGINE,SYSTEM,Cross-source match proposed,
EVT-001141,IN-DL-110054-2-85,2026-08-06 10:00:00,EVIDENCE_ADDED,P1,P2,FIELD_SURVEY,SURVEYOR,GNSS/CORS evidence attached,
EVT-001142,IN-DL-110054-2-85,2026-09-10 14:00:00,PROPOSAL_ACCEPTED,P2,V2,POLICY_GATE,AUTHORITY,Proposed state accepted,
EVT-001143,IN-DL-110054-2-85,2026-09-10 14:05:00,CANONICAL_STATE_UPDATED,V1,V2,CANONICAL_REGISTRY,SYSTEM,Authoritative state updated,
EVT-001144,IN-DL-110054-2-86,1988-01-01 12:00:00,PARCEL_CREATED,,V1,CANONICAL_SEED,SYSTEM,Initial cadastral creation,
EVT-001145,IN-DL-110054-2-86,2026-06-20 09:00:00,SOURCE_IMPORTED,V1,V1,INGESTION_PIPELINE,SYSTEM,4 observations linked,
EVT-001146,IN-DL-110054-2-86,2026-07-08 14:00:00,MATCH_PROPOSED,V1,P1,MATCHING_ENGINE,SYSTEM,Cross-source match proposed,
EVT-001147,IN-DL-110054-2-86,2026-09-10 14:00:00,PROPOSAL_ACCEPTED,P1,V2,POLICY_GATE,AUTHORITY,Proposed state accepted,
EVT-001148,IN-DL-110054-2-86,2026-09-10 14:05:00,CANONICAL_STATE_UPDATED,V1,V2,CANONICAL_REGISTRY,SYSTEM,Authoritative state updated,
EVT-001149,IN-DL-110054-2-87,1989-01-01 12:00:00,PARCEL_CREATED,,V1,CANONICAL_SEED,SYSTEM,Initial cadastral creation,
EVT-001150,IN-DL-110054-2-87,2026-06-20 09:00:00,SOURCE_IMPORTED,V1,V1,INGESTION_PIPELINE,SYSTEM,3 observations linked,
EVT-001151,IN-DL-110054-2-87,2026-07-08 14:00:00,MATCH_PROPOSED,V1,P1,MATCHING_ENGINE,SYSTEM,Cross-source match proposed,
EVT-001152,IN-DL-110054-2-87,2026-09-10 14:00:00,PROPOSAL_ACCEPTED,P1,V2,POLICY_GATE,AUTHORITY,Proposed state accepted,
EVT-001153,IN-DL-110054-2-87,2026-09-10 14:05:00,CANONICAL_STATE_UPDATED,V1,V2,CANONICAL_REGISTRY,SYSTEM,Authoritative state updated,
EVT-001154,IN-DL-110054-2-88,1990-01-01 12:00:00,PARCEL_CREATED,,V1,CANONICAL_SEED,SYSTEM,Initial cadastral creation,
EVT-001155,IN-DL-110054-2-88,2026-06-20 09:00:00,SOURCE_IMPORTED,V1,V1,INGESTION_PIPELINE,SYSTEM,4 observations linked,
EVT-001156,IN-DL-110054-2-88,2026-07-01 11:00:00,CONFLICT_DETECTED,V1,V1,CONFLICT_ENGINE,SYSTEM,2 conflicts detected,
EVT-001157,IN-DL-110054-2-88,2026-07-08 14:00:00,MATCH_PROPOSED,V1,P1,MATCHING_ENGINE,SYSTEM,Cross-source match proposed,
EVT-001158,IN-DL-110054-2-88,2026-09-07 15:00:00,PROPOSAL_REJECTED,P1,V1,REVIEW_WORKSPACE,HUMAN_REVIEWER,Candidate match rejected,
EVT-001159,IN-DL-110054-2-89,1991-01-01 12:00:00,PARCEL_CREATED,,V1,CANONICAL_SEED,SYSTEM,Initial cadastral creation,
EVT-001160,IN-DL-110054-2-89,2026-06-20 09:00:00,SOURCE_IMPORTED,V1,V1,INGESTION_PIPELINE,SYSTEM,5 observations linked,
EVT-001161,IN-DL-110054-2-89,2026-07-08 14:00:00,MATCH_PROPOSED,V1,P1,MATCHING_ENGINE,SYSTEM,Cross-source match proposed,
EVT-001162,IN-DL-110054-2-89,2026-08-06 10:00:00,EVIDENCE_ADDED,P1,P2,FIELD_SURVEY,SURVEYOR,GNSS/CORS evidence attached,
EVT-001163,IN-DL-110054-2-89,2026-09-10 14:00:00,PROPOSAL_ACCEPTED,P2,V2,POLICY_GATE,AUTHORITY,Proposed state accepted,
EVT-001164,IN-DL-110054-2-89,2026-09-10 14:05:00,CANONICAL_STATE_UPDATED,V1,V2,CANONICAL_REGISTRY,SYSTEM,Authoritative state updated,
EVT-001165,IN-DL-110054-2-90,1992-01-01 12:00:00,PARCEL_CREATED,,V1,CANONICAL_SEED,SYSTEM,Initial cadastral creation,
EVT-001166,IN-DL-110054-2-90,2026-06-20 09:00:00,SOURCE_IMPORTED,V1,V1,INGESTION_PIPELINE,SYSTEM,6 observations linked,
EVT-001167,IN-DL-110054-2-90,2026-07-01 11:00:00,CONFLICT_DETECTED,V1,V1,CONFLICT_ENGINE,SYSTEM,2 conflicts detected,
EVT-001168,IN-DL-110054-2-90,2026-07-08 14:00:00,MATCH_PROPOSED,V1,P1,MATCHING_ENGINE,SYSTEM,Cross-source match proposed,
EVT-001169,IN-DL-110054-2-90,2026-09-05 11:00:00,HUMAN_REVIEW,P1,P2,REVIEW_WORKSPACE,HUMAN_REVIEWER,Legal/operational conflict requires decision,
EVT-001170,IN-DL-110054-2-91,2010-03-15 12:00:00,PARCEL_CREATED,,V1,CANONICAL_SEED,SYSTEM,Created from lineage,IN-DL-110054-2-101
EVT-001171,IN-DL-110054-2-91,2026-06-20 09:00:00,SOURCE_IMPORTED,V1,V1,INGESTION_PIPELINE,SYSTEM,5 observations linked,
EVT-001172,IN-DL-110054-2-91,2026-07-01 11:00:00,CONFLICT_DETECTED,V1,V1,CONFLICT_ENGINE,SYSTEM,3 conflicts detected,
EVT-001173,IN-DL-110054-2-91,2026-07-08 14:00:00,MATCH_PROPOSED,V1,P1,MATCHING_ENGINE,SYSTEM,Cross-source match proposed,
EVT-001174,IN-DL-110054-2-91,2026-08-06 10:00:00,EVIDENCE_ADDED,P1,P2,FIELD_SURVEY,SURVEYOR,GNSS/CORS evidence attached,
EVT-001175,IN-DL-110054-2-91,2026-09-05 12:00:00,HUMAN_REVIEW,P2,P2,REVIEW_WORKSPACE,HUMAN_REVIEWER,Additional evidence requested,
EVT-001176,IN-DL-110054-2-92,2010-03-15 12:00:00,PARCEL_CREATED,,V1,CANONICAL_SEED,SYSTEM,Created from lineage,IN-DL-110054-2-101
EVT-001177,IN-DL-110054-2-92,2026-06-20 09:00:00,SOURCE_IMPORTED,V1,V1,INGESTION_PIPELINE,SYSTEM,3 observations linked,
EVT-001178,IN-DL-110054-2-92,2026-07-08 14:00:00,MATCH_PROPOSED,V1,P1,MATCHING_ENGINE,SYSTEM,Cross-source match proposed,
EVT-001179,IN-DL-110054-2-92,2026-09-10 14:00:00,PROPOSAL_ACCEPTED,P1,V2,POLICY_GATE,AUTHORITY,Proposed state accepted,
EVT-001180,IN-DL-110054-2-92,2026-09-10 14:05:00,CANONICAL_STATE_UPDATED,V1,V2,CANONICAL_REGISTRY,SYSTEM,Authoritative state updated,
EVT-001181,IN-DL-110054-2-93,2012-07-10 12:00:00,PARCEL_CREATED,,V1,CANONICAL_SEED,SYSTEM,Created from lineage,IN-DL-110054-2-102;IN-DL-110054-2-103
EVT-001182,IN-DL-110054-2-93,2026-06-20 09:00:00,SOURCE_IMPORTED,V1,V1,INGESTION_PIPELINE,SYSTEM,6 observations linked,
EVT-001183,IN-DL-110054-2-93,2026-07-01 11:00:00,CONFLICT_DETECTED,V1,V1,CONFLICT_ENGINE,SYSTEM,3 conflicts detected,
EVT-001184,IN-DL-110054-2-93,2026-07-08 14:00:00,MATCH_PROPOSED,V1,P1,MATCHING_ENGINE,SYSTEM,Cross-source match proposed,
EVT-001185,IN-DL-110054-2-93,2026-08-06 10:00:00,EVIDENCE_ADDED,P1,P2,FIELD_SURVEY,SURVEYOR,GNSS/CORS evidence attached,
EVT-001186,IN-DL-110054-2-93,2026-09-05 11:00:00,HUMAN_REVIEW,P2,P2,REVIEW_WORKSPACE,HUMAN_REVIEWER,Legal/operational conflict requires decision,
EVT-001187,IN-DL-110054-2-94,2018-11-05 12:00:00,PARCEL_CREATED,,V1,CANONICAL_SEED,SYSTEM,Created from lineage,IN-DL-110054-2-104;IN-DL-110054-2-105
EVT-001188,IN-DL-110054-2-94,2026-06-20 09:00:00,SOURCE_IMPORTED,V1,V1,INGESTION_PIPELINE,SYSTEM,4 observations linked,
EVT-001189,IN-DL-110054-2-94,2026-07-01 11:00:00,CONFLICT_DETECTED,V1,V1,CONFLICT_ENGINE,SYSTEM,1 conflicts detected,
EVT-001190,IN-DL-110054-2-94,2026-07-08 14:00:00,MATCH_PROPOSED,V1,P1,MATCHING_ENGINE,SYSTEM,Cross-source match proposed,
EVT-001191,IN-DL-110054-2-94,2026-09-05 12:00:00,HUMAN_REVIEW,P1,P1,REVIEW_WORKSPACE,HUMAN_REVIEWER,Additional evidence requested,
EVT-001192,IN-DL-110054-2-95,1990-01-01 12:00:00,PARCEL_CREATED,,V1,CANONICAL_SEED,SYSTEM,Initial cadastral creation,
EVT-001193,IN-DL-110054-2-95,2026-06-20 09:00:00,SOURCE_IMPORTED,V1,V1,INGESTION_PIPELINE,SYSTEM,4 observations linked,
EVT-001194,IN-DL-110054-2-95,2026-07-08 14:00:00,MATCH_PROPOSED,V1,P1,MATCHING_ENGINE,SYSTEM,Cross-source match proposed,
EVT-001195,IN-DL-110054-2-95,2026-09-10 14:00:00,PROPOSAL_ACCEPTED,P1,V2,POLICY_GATE,AUTHORITY,Proposed state accepted,
EVT-001196,IN-DL-110054-2-95,2026-09-10 14:05:00,CANONICAL_STATE_UPDATED,V1,V2,CANONICAL_REGISTRY,SYSTEM,Authoritative state updated,
EVT-001197,IN-DL-110054-2-96,1991-01-01 12:00:00,PARCEL_CREATED,,V1,CANONICAL_SEED,SYSTEM,Initial cadastral creation,
EVT-001198,IN-DL-110054-2-96,2026-06-20 09:00:00,SOURCE_IMPORTED,V1,V1,INGESTION_PIPELINE,SYSTEM,4 observations linked,
EVT-001199,IN-DL-110054-2-96,2026-07-01 11:00:00,CONFLICT_DETECTED,V1,V1,CONFLICT_ENGINE,SYSTEM,1 conflicts detected,
EVT-001200,IN-DL-110054-2-96,2026-07-08 14:00:00,MATCH_PROPOSED,V1,P1,MATCHING_ENGINE,SYSTEM,Cross-source match proposed,
EVT-001201,IN-DL-110054-2-96,2026-09-10 14:00:00,PROPOSAL_ACCEPTED,P1,V2,POLICY_GATE,AUTHORITY,Proposed state accepted,
EVT-001202,IN-DL-110054-2-96,2026-09-10 14:05:00,CANONICAL_STATE_UPDATED,V1,V2,CANONICAL_REGISTRY,SYSTEM,Authoritative state updated,
EVT-001203,IN-DL-110054-2-97,1992-01-01 12:00:00,PARCEL_CREATED,,V1,CANONICAL_SEED,SYSTEM,Initial cadastral creation,
EVT-001204,IN-DL-110054-2-97,2026-06-20 09:00:00,SOURCE_IMPORTED,V1,V1,INGESTION_PIPELINE,SYSTEM,3 observations linked,
EVT-001205,IN-DL-110054-2-97,2026-07-08 14:00:00,MATCH_PROPOSED,V1,P1,MATCHING_ENGINE,SYSTEM,Cross-source match proposed,
EVT-001206,IN-DL-110054-2-97,2026-09-10 14:00:00,PROPOSAL_ACCEPTED,P1,V2,POLICY_GATE,AUTHORITY,Proposed state accepted,
EVT-001207,IN-DL-110054-2-97,2026-09-10 14:05:00,CANONICAL_STATE_UPDATED,V1,V2,CANONICAL_REGISTRY,SYSTEM,Authoritative state updated,
EVT-001208,IN-DL-110054-2-98,1986-01-01 12:00:00,PARCEL_CREATED,,V1,CANONICAL_SEED,SYSTEM,Initial cadastral creation,
EVT-001209,IN-DL-110054-2-98,2026-06-20 09:00:00,SOURCE_IMPORTED,V1,V1,INGESTION_PIPELINE,SYSTEM,5 observations linked,
EVT-001210,IN-DL-110054-2-98,2026-07-08 14:00:00,MATCH_PROPOSED,V1,P1,MATCHING_ENGINE,SYSTEM,Cross-source match proposed,
EVT-001211,IN-DL-110054-2-98,2026-08-06 10:00:00,EVIDENCE_ADDED,P1,P2,FIELD_SURVEY,SURVEYOR,GNSS/CORS evidence attached,
EVT-001212,IN-DL-110054-2-98,2026-09-10 14:00:00,PROPOSAL_ACCEPTED,P2,V2,POLICY_GATE,AUTHORITY,Proposed state accepted,
EVT-001213,IN-DL-110054-2-98,2026-09-10 14:05:00,CANONICAL_STATE_UPDATED,V1,V2,CANONICAL_REGISTRY,SYSTEM,Authoritative state updated,
EVT-001214,IN-DL-110054-2-99,1987-01-01 12:00:00,PARCEL_CREATED,,V1,CANONICAL_SEED,SYSTEM,Initial cadastral creation,
EVT-001215,IN-DL-110054-2-99,2026-06-20 09:00:00,SOURCE_IMPORTED,V1,V1,INGESTION_PIPELINE,SYSTEM,5 observations linked,
EVT-001216,IN-DL-110054-2-99,2026-07-08 14:00:00,MATCH_PROPOSED,V1,P1,MATCHING_ENGINE,SYSTEM,Cross-source match proposed,
EVT-001217,IN-DL-110054-2-99,2026-09-10 14:00:00,PROPOSAL_ACCEPTED,P1,V2,POLICY_GATE,AUTHORITY,Proposed state accepted,
EVT-001218,IN-DL-110054-2-99,2026-09-10 14:05:00,CANONICAL_STATE_UPDATED,V1,V2,CANONICAL_REGISTRY,SYSTEM,Authoritative state updated,
EVT-001219,IN-DL-110054-2-100,2021-02-18 12:00:00,PARCEL_CREATED,,V1,CANONICAL_SEED,SYSTEM,Created from lineage,IN-DL-110054-2-106
EVT-001220,IN-DL-110054-2-100,2026-06-20 09:00:00,SOURCE_IMPORTED,V1,V1,INGESTION_PIPELINE,SYSTEM,4 observations linked,
EVT-001221,IN-DL-110054-2-100,2026-07-01 11:00:00,CONFLICT_DETECTED,V1,V1,CONFLICT_ENGINE,SYSTEM,1 conflicts detected,
EVT-001222,IN-DL-110054-2-100,2026-07-08 14:00:00,MATCH_PROPOSED,V1,P1,MATCHING_ENGINE,SYSTEM,Cross-source match proposed,
EVT-001223,IN-DL-110054-2-100,2026-09-05 12:00:00,HUMAN_REVIEW,P1,P1,REVIEW_WORKSPACE,HUMAN_REVIEWER,Additional evidence requested,
EVT-001224,IN-DL-110054-3-1,2021-02-18 12:00:00,PARCEL_CREATED,,V1,CANONICAL_SEED,SYSTEM,Created from lineage,IN-DL-110054-2-106
EVT-001225,IN-DL-110054-3-1,2026-06-20 09:00:00,SOURCE_IMPORTED,V1,V1,INGESTION_PIPELINE,SYSTEM,5 observations linked,
EVT-001226,IN-DL-110054-3-1,2026-07-01 11:00:00,CONFLICT_DETECTED,V1,V1,CONFLICT_ENGINE,SYSTEM,1 conflicts detected,
EVT-001227,IN-DL-110054-3-1,2026-07-08 14:00:00,MATCH_PROPOSED,V1,P1,MATCHING_ENGINE,SYSTEM,Cross-source match proposed,
EVT-001228,IN-DL-110054-3-1,2026-09-05 12:00:00,HUMAN_REVIEW,P1,P1,REVIEW_WORKSPACE,HUMAN_REVIEWER,Additional evidence requested,
EVT-001229,IN-DL-110054-3-2,1997-01-01 12:00:00,PARCEL_CREATED,,V1,CANONICAL_SEED,SYSTEM,Initial cadastral creation,
EVT-001230,IN-DL-110054-3-2,2026-06-20 09:00:00,SOURCE_IMPORTED,V1,V1,INGESTION_PIPELINE,SYSTEM,5 observations linked,
EVT-001231,IN-DL-110054-3-2,2026-07-01 11:00:00,CONFLICT_DETECTED,V1,V1,CONFLICT_ENGINE,SYSTEM,1 conflicts detected,
EVT-001232,IN-DL-110054-3-2,2026-07-08 14:00:00,MATCH_PROPOSED,V1,P1,MATCHING_ENGINE,SYSTEM,Cross-source match proposed,
EVT-001233,IN-DL-110054-3-2,2026-08-06 10:00:00,EVIDENCE_ADDED,P1,P2,FIELD_SURVEY,SURVEYOR,GNSS/CORS evidence attached,
EVT-001234,IN-DL-110054-3-2,2026-09-05 12:00:00,HUMAN_REVIEW,P2,P2,REVIEW_WORKSPACE,HUMAN_REVIEWER,Additional evidence requested,
EVT-001235,IN-DL-110054-3-3,1998-01-01 12:00:00,PARCEL_CREATED,,V1,CANONICAL_SEED,SYSTEM,Initial cadastral creation,
EVT-001236,IN-DL-110054-3-3,2026-06-20 09:00:00,SOURCE_IMPORTED,V1,V1,INGESTION_PIPELINE,SYSTEM,8 observations linked,
EVT-001237,IN-DL-110054-3-3,2026-07-01 11:00:00,CONFLICT_DETECTED,V1,V1,CONFLICT_ENGINE,SYSTEM,1 conflicts detected,
EVT-001238,IN-DL-110054-3-3,2026-07-08 14:00:00,MATCH_PROPOSED,V1,P1,MATCHING_ENGINE,SYSTEM,Cross-source match proposed,
EVT-001239,IN-DL-110054-3-3,2026-08-06 10:00:00,EVIDENCE_ADDED,P1,P2,FIELD_SURVEY,SURVEYOR,GNSS/CORS evidence attached,
EVT-001240,IN-DL-110054-3-3,2026-09-10 14:00:00,PROPOSAL_ACCEPTED,P2,V2,POLICY_GATE,AUTHORITY,Proposed state accepted,
EVT-001241,IN-DL-110054-3-3,2026-09-10 14:05:00,CANONICAL_STATE_UPDATED,V1,V2,CANONICAL_REGISTRY,SYSTEM,Authoritative state updated,
EVT-001242,IN-DL-110054-3-4,1999-01-01 12:00:00,PARCEL_CREATED,,V1,CANONICAL_SEED,SYSTEM,Initial cadastral creation,
EVT-001243,IN-DL-110054-3-4,2026-06-20 09:00:00,SOURCE_IMPORTED,V1,V1,INGESTION_PIPELINE,SYSTEM,4 observations linked,
EVT-001244,IN-DL-110054-3-4,2026-07-08 14:00:00,MATCH_PROPOSED,V1,P1,MATCHING_ENGINE,SYSTEM,Cross-source match proposed,
EVT-001245,IN-DL-110054-3-4,2026-09-10 14:00:00,PROPOSAL_ACCEPTED,P1,V2,POLICY_GATE,AUTHORITY,Proposed state accepted,
EVT-001246,IN-DL-110054-3-4,2026-09-10 14:05:00,CANONICAL_STATE_UPDATED,V1,V2,CANONICAL_REGISTRY,SYSTEM,Authoritative state updated,
EVT-001247,IN-DL-110054-3-5,2000-01-01 12:00:00,PARCEL_CREATED,,V1,CANONICAL_SEED,SYSTEM,Initial cadastral creation,
EVT-001248,IN-DL-110054-3-5,2026-06-20 09:00:00,SOURCE_IMPORTED,V1,V1,INGESTION_PIPELINE,SYSTEM,4 observations linked,
EVT-001249,IN-DL-110054-3-5,2026-07-01 11:00:00,CONFLICT_DETECTED,V1,V1,CONFLICT_ENGINE,SYSTEM,2 conflicts detected,
EVT-001250,IN-DL-110054-3-5,2026-07-08 14:00:00,MATCH_PROPOSED,V1,P1,MATCHING_ENGINE,SYSTEM,Cross-source match proposed,
EVT-001251,IN-DL-110054-3-5,2026-09-05 11:00:00,HUMAN_REVIEW,P1,P2,REVIEW_WORKSPACE,HUMAN_REVIEWER,Legal/operational conflict requires decision,
EVT-001252,IN-DL-110054-3-6,2001-01-01 12:00:00,PARCEL_CREATED,,V1,CANONICAL_SEED,SYSTEM,Initial cadastral creation,
EVT-001253,IN-DL-110054-3-6,2026-06-20 09:00:00,SOURCE_IMPORTED,V1,V1,INGESTION_PIPELINE,SYSTEM,5 observations linked,
EVT-001254,IN-DL-110054-3-6,2026-07-01 11:00:00,CONFLICT_DETECTED,V1,V1,CONFLICT_ENGINE,SYSTEM,1 conflicts detected,
EVT-001255,IN-DL-110054-3-6,2026-07-08 14:00:00,MATCH_PROPOSED,V1,P1,MATCHING_ENGINE,SYSTEM,Cross-source match proposed,
EVT-001256,IN-DL-110054-3-6,2026-09-05 12:00:00,HUMAN_REVIEW,P1,P1,REVIEW_WORKSPACE,HUMAN_REVIEWER,Additional evidence requested,
EVT-001257,IN-DL-110054-3-7,1995-01-01 12:00:00,PARCEL_CREATED,,V1,CANONICAL_SEED,SYSTEM,Initial cadastral creation,
EVT-001258,IN-DL-110054-3-7,2026-06-20 09:00:00,SOURCE_IMPORTED,V1,V1,INGESTION_PIPELINE,SYSTEM,4 observations linked,
EVT-001259,IN-DL-110054-3-7,2026-07-08 14:00:00,MATCH_PROPOSED,V1,P1,MATCHING_ENGINE,SYSTEM,Cross-source match proposed,
EVT-001260,IN-DL-110054-3-7,2026-09-10 14:00:00,PROPOSAL_ACCEPTED,P1,V2,POLICY_GATE,AUTHORITY,Proposed state accepted,
EVT-001261,IN-DL-110054-3-7,2026-09-10 14:05:00,CANONICAL_STATE_UPDATED,V1,V2,CANONICAL_REGISTRY,SYSTEM,Authoritative state updated,
EVT-001262,IN-DL-110054-3-8,1996-01-01 12:00:00,PARCEL_CREATED,,V1,CANONICAL_SEED,SYSTEM,Initial cadastral creation,
EVT-001263,IN-DL-110054-3-8,2026-06-20 09:00:00,SOURCE_IMPORTED,V1,V1,INGESTION_PIPELINE,SYSTEM,6 observations linked,
EVT-001264,IN-DL-110054-3-8,2026-07-08 14:00:00,MATCH_PROPOSED,V1,P1,MATCHING_ENGINE,SYSTEM,Cross-source match proposed,
EVT-001265,IN-DL-110054-3-8,2026-09-10 14:00:00,PROPOSAL_ACCEPTED,P1,V2,POLICY_GATE,AUTHORITY,Proposed state accepted,
EVT-001266,IN-DL-110054-3-8,2026-09-10 14:05:00,CANONICAL_STATE_UPDATED,V1,V2,CANONICAL_REGISTRY,SYSTEM,Authoritative state updated,
EVT-001267,IN-DL-110054-3-9,1997-01-01 12:00:00,PARCEL_CREATED,,V1,CANONICAL_SEED,SYSTEM,Initial cadastral creation,
EVT-001268,IN-DL-110054-3-9,2026-06-20 09:00:00,SOURCE_IMPORTED,V1,V1,INGESTION_PIPELINE,SYSTEM,5 observations linked,
EVT-001269,IN-DL-110054-3-9,2026-07-01 11:00:00,CONFLICT_DETECTED,V1,V1,CONFLICT_ENGINE,SYSTEM,2 conflicts detected,
EVT-001270,IN-DL-110054-3-9,2026-07-08 14:00:00,MATCH_PROPOSED,V1,P1,MATCHING_ENGINE,SYSTEM,Cross-source match proposed,
EVT-001271,IN-DL-110054-3-9,2026-09-05 12:00:00,HUMAN_REVIEW,P1,P1,REVIEW_WORKSPACE,HUMAN_REVIEWER,Additional evidence requested,
EVT-001272,IN-DL-110054-3-10,1998-01-01 12:00:00,PARCEL_CREATED,,V1,CANONICAL_SEED,SYSTEM,Initial cadastral creation,
EVT-001273,IN-DL-110054-3-10,2026-06-20 09:00:00,SOURCE_IMPORTED,V1,V1,INGESTION_PIPELINE,SYSTEM,5 observations linked,
EVT-001274,IN-DL-110054-3-10,2026-07-08 14:00:00,MATCH_PROPOSED,V1,P1,MATCHING_ENGINE,SYSTEM,Cross-source match proposed,
EVT-001275,IN-DL-110054-3-10,2026-09-10 14:00:00,PROPOSAL_ACCEPTED,P1,V2,POLICY_GATE,AUTHORITY,Proposed state accepted,
EVT-001276,IN-DL-110054-3-10,2026-09-10 14:05:00,CANONICAL_STATE_UPDATED,V1,V2,CANONICAL_REGISTRY,SYSTEM,Authoritative state updated,
EVT-001277,IN-DL-110054-3-11,1999-01-01 12:00:00,PARCEL_CREATED,,V1,CANONICAL_SEED,SYSTEM,Initial cadastral creation,
EVT-001278,IN-DL-110054-3-11,2026-06-20 09:00:00,SOURCE_IMPORTED,V1,V1,INGESTION_PIPELINE,SYSTEM,5 observations linked,
EVT-001279,IN-DL-110054-3-11,2026-07-01 11:00:00,CONFLICT_DETECTED,V1,V1,CONFLICT_ENGINE,SYSTEM,1 conflicts detected,
EVT-001280,IN-DL-110054-3-11,2026-07-08 14:00:00,MATCH_PROPOSED,V1,P1,MATCHING_ENGINE,SYSTEM,Cross-source match proposed,
EVT-001281,IN-DL-110054-3-11,2026-09-05 12:00:00,HUMAN_REVIEW,P1,P1,REVIEW_WORKSPACE,HUMAN_REVIEWER,Additional evidence requested,
EVT-001282,IN-DL-110054-3-12,2000-01-01 12:00:00,PARCEL_CREATED,,V1,CANONICAL_SEED,SYSTEM,Initial cadastral creation,
EVT-001283,IN-DL-110054-3-12,2026-06-20 09:00:00,SOURCE_IMPORTED,V1,V1,INGESTION_PIPELINE,SYSTEM,4 observations linked,
EVT-001284,IN-DL-110054-3-12,2026-07-01 11:00:00,CONFLICT_DETECTED,V1,V1,CONFLICT_ENGINE,SYSTEM,2 conflicts detected,
EVT-001285,IN-DL-110054-3-12,2026-07-08 14:00:00,MATCH_PROPOSED,V1,P1,MATCHING_ENGINE,SYSTEM,Cross-source match proposed,
EVT-001286,IN-DL-110054-3-12,2026-09-05 12:00:00,HUMAN_REVIEW,P1,P1,REVIEW_WORKSPACE,HUMAN_REVIEWER,Additional evidence requested,
EVT-001287,IN-DL-110054-3-13,2001-01-01 12:00:00,PARCEL_CREATED,,V1,CANONICAL_SEED,SYSTEM,Initial cadastral creation,
EVT-001288,IN-DL-110054-3-13,2026-06-20 09:00:00,SOURCE_IMPORTED,V1,V1,INGESTION_PIPELINE,SYSTEM,6 observations linked,
EVT-001289,IN-DL-110054-3-13,2026-07-01 11:00:00,CONFLICT_DETECTED,V1,V1,CONFLICT_ENGINE,SYSTEM,1 conflicts detected,
EVT-001290,IN-DL-110054-3-13,2026-07-08 14:00:00,MATCH_PROPOSED,V1,P1,MATCHING_ENGINE,SYSTEM,Cross-source match proposed,
EVT-001291,IN-DL-110054-3-13,2026-08-06 10:00:00,EVIDENCE_ADDED,P1,P2,FIELD_SURVEY,SURVEYOR,GNSS/CORS evidence attached,
EVT-001292,IN-DL-110054-3-13,2026-09-05 11:00:00,HUMAN_REVIEW,P2,P2,REVIEW_WORKSPACE,HUMAN_REVIEWER,Legal/operational conflict requires decision,
EVT-001293,IN-DL-110054-3-14,1995-01-01 12:00:00,PARCEL_CREATED,,V1,CANONICAL_SEED,SYSTEM,Initial cadastral creation,
EVT-001294,IN-DL-110054-3-14,2026-06-20 09:00:00,SOURCE_IMPORTED,V1,V1,INGESTION_PIPELINE,SYSTEM,5 observations linked,
EVT-001295,IN-DL-110054-3-14,2026-07-08 14:00:00,MATCH_PROPOSED,V1,P1,MATCHING_ENGINE,SYSTEM,Cross-source match proposed,
EVT-001296,IN-DL-110054-3-14,2026-09-10 14:00:00,PROPOSAL_ACCEPTED,P1,V2,POLICY_GATE,AUTHORITY,Proposed state accepted,
EVT-001297,IN-DL-110054-3-14,2026-09-10 14:05:00,CANONICAL_STATE_UPDATED,V1,V2,CANONICAL_REGISTRY,SYSTEM,Authoritative state updated,
EVT-001298,IN-DL-110054-3-15,1996-01-01 12:00:00,PARCEL_CREATED,,V1,CANONICAL_SEED,SYSTEM,Initial cadastral creation,
EVT-001299,IN-DL-110054-3-15,2026-06-20 09:00:00,SOURCE_IMPORTED,V1,V1,INGESTION_PIPELINE,SYSTEM,6 observations linked,
EVT-001300,IN-DL-110054-3-15,2026-07-01 11:00:00,CONFLICT_DETECTED,V1,V1,CONFLICT_ENGINE,SYSTEM,1 conflicts detected,
EVT-001301,IN-DL-110054-3-15,2026-07-08 14:00:00,MATCH_PROPOSED,V1,P1,MATCHING_ENGINE,SYSTEM,Cross-source match proposed,
EVT-001302,IN-DL-110054-3-15,2026-09-10 14:00:00,PROPOSAL_ACCEPTED,P1,V2,POLICY_GATE,AUTHORITY,Proposed state accepted,
EVT-001303,IN-DL-110054-3-15,2026-09-10 14:05:00,CANONICAL_STATE_UPDATED,V1,V2,CANONICAL_REGISTRY,SYSTEM,Authoritative state updated,
EVT-001304,IN-DL-110054-3-16,1997-01-01 12:00:00,PARCEL_CREATED,,V1,CANONICAL_SEED,SYSTEM,Initial cadastral creation,
EVT-001305,IN-DL-110054-3-16,2026-06-20 09:00:00,SOURCE_IMPORTED,V1,V1,INGESTION_PIPELINE,SYSTEM,4 observations linked,
EVT-001306,IN-DL-110054-3-16,2026-07-08 14:00:00,MATCH_PROPOSED,V1,P1,MATCHING_ENGINE,SYSTEM,Cross-source match proposed,
EVT-001307,IN-DL-110054-3-16,2026-09-10 14:00:00,PROPOSAL_ACCEPTED,P1,V2,POLICY_GATE,AUTHORITY,Proposed state accepted,
EVT-001308,IN-DL-110054-3-16,2026-09-10 14:05:00,CANONICAL_STATE_UPDATED,V1,V2,CANONICAL_REGISTRY,SYSTEM,Authoritative state updated,
EVT-001309,IN-DL-110054-3-17,1998-01-01 12:00:00,PARCEL_CREATED,,V1,CANONICAL_SEED,SYSTEM,Initial cadastral creation,
EVT-001310,IN-DL-110054-3-17,2026-06-20 09:00:00,SOURCE_IMPORTED,V1,V1,INGESTION_PIPELINE,SYSTEM,4 observations linked,
EVT-001311,IN-DL-110054-3-17,2026-07-01 11:00:00,CONFLICT_DETECTED,V1,V1,CONFLICT_ENGINE,SYSTEM,1 conflicts detected,
EVT-001312,IN-DL-110054-3-17,2026-07-08 14:00:00,MATCH_PROPOSED,V1,P1,MATCHING_ENGINE,SYSTEM,Cross-source match proposed,
EVT-001313,IN-DL-110054-3-17,2026-09-05 12:00:00,HUMAN_REVIEW,P1,P1,REVIEW_WORKSPACE,HUMAN_REVIEWER,Additional evidence requested,
EVT-001314,IN-DL-110054-3-18,1999-01-01 12:00:00,PARCEL_CREATED,,V1,CANONICAL_SEED,SYSTEM,Initial cadastral creation,
EVT-001315,IN-DL-110054-3-18,2026-06-20 09:00:00,SOURCE_IMPORTED,V1,V1,INGESTION_PIPELINE,SYSTEM,5 observations linked,
EVT-001316,IN-DL-110054-3-18,2026-07-01 11:00:00,CONFLICT_DETECTED,V1,V1,CONFLICT_ENGINE,SYSTEM,1 conflicts detected,
EVT-001317,IN-DL-110054-3-18,2026-07-08 14:00:00,MATCH_PROPOSED,V1,P1,MATCHING_ENGINE,SYSTEM,Cross-source match proposed,
EVT-001318,IN-DL-110054-3-18,2026-09-05 11:00:00,HUMAN_REVIEW,P1,P2,REVIEW_WORKSPACE,HUMAN_REVIEWER,Legal/operational conflict requires decision,
EVT-001319,IN-DL-110054-3-19,2000-01-01 12:00:00,PARCEL_CREATED,,V1,CANONICAL_SEED,SYSTEM,Initial cadastral creation,
EVT-001320,IN-DL-110054-3-19,2026-06-20 09:00:00,SOURCE_IMPORTED,V1,V1,INGESTION_PIPELINE,SYSTEM,4 observations linked,
EVT-001321,IN-DL-110054-3-19,2026-07-01 11:00:00,CONFLICT_DETECTED,V1,V1,CONFLICT_ENGINE,SYSTEM,1 conflicts detected,
EVT-001322,IN-DL-110054-3-19,2026-07-08 14:00:00,MATCH_PROPOSED,V1,P1,MATCHING_ENGINE,SYSTEM,Cross-source match proposed,
EVT-001323,IN-DL-110054-3-19,2026-09-05 12:00:00,HUMAN_REVIEW,P1,P1,REVIEW_WORKSPACE,HUMAN_REVIEWER,Additional evidence requested,
EVT-001324,IN-DL-110054-3-20,2001-01-01 12:00:00,PARCEL_CREATED,,V1,CANONICAL_SEED,SYSTEM,Initial cadastral creation,
EVT-001325,IN-DL-110054-3-20,2026-06-20 09:00:00,SOURCE_IMPORTED,V1,V1,INGESTION_PIPELINE,SYSTEM,4 observations linked,
EVT-001326,IN-DL-110054-3-20,2026-07-08 14:00:00,MATCH_PROPOSED,V1,P1,MATCHING_ENGINE,SYSTEM,Cross-source match proposed,
EVT-001327,IN-DL-110054-3-20,2026-09-10 14:00:00,PROPOSAL_ACCEPTED,P1,V2,POLICY_GATE,AUTHORITY,Proposed state accepted,
EVT-001328,IN-DL-110054-3-20,2026-09-10 14:05:00,CANONICAL_STATE_UPDATED,V1,V2,CANONICAL_REGISTRY,SYSTEM,Authoritative state updated,
EVT-001329,IN-DL-110054-3-21,1995-01-01 12:00:00,PARCEL_CREATED,,V1,CANONICAL_SEED,SYSTEM,Initial cadastral creation,
EVT-001330,IN-DL-110054-3-21,2026-06-20 09:00:00,SOURCE_IMPORTED,V1,V1,INGESTION_PIPELINE,SYSTEM,6 observations linked,
EVT-001331,IN-DL-110054-3-21,2026-07-01 11:00:00,CONFLICT_DETECTED,V1,V1,CONFLICT_ENGINE,SYSTEM,2 conflicts detected,
EVT-001332,IN-DL-110054-3-21,2026-07-08 14:00:00,MATCH_PROPOSED,V1,P1,MATCHING_ENGINE,SYSTEM,Cross-source match proposed,
EVT-001333,IN-DL-110054-3-21,2026-08-06 10:00:00,EVIDENCE_ADDED,P1,P2,FIELD_SURVEY,SURVEYOR,GNSS/CORS evidence attached,
EVT-001334,IN-DL-110054-3-21,2026-09-05 11:00:00,HUMAN_REVIEW,P2,P2,REVIEW_WORKSPACE,HUMAN_REVIEWER,Legal/operational conflict requires decision,
EVT-001335,IN-DL-110054-3-22,1996-01-01 12:00:00,PARCEL_CREATED,,V1,CANONICAL_SEED,SYSTEM,Initial cadastral creation,
EVT-001336,IN-DL-110054-3-22,2026-06-20 09:00:00,SOURCE_IMPORTED,V1,V1,INGESTION_PIPELINE,SYSTEM,5 observations linked,
EVT-001337,IN-DL-110054-3-22,2026-07-01 11:00:00,CONFLICT_DETECTED,V1,V1,CONFLICT_ENGINE,SYSTEM,1 conflicts detected,
EVT-001338,IN-DL-110054-3-22,2026-07-08 14:00:00,MATCH_PROPOSED,V1,P1,MATCHING_ENGINE,SYSTEM,Cross-source match proposed,
EVT-001339,IN-DL-110054-3-22,2026-09-05 12:00:00,HUMAN_REVIEW,P1,P1,REVIEW_WORKSPACE,HUMAN_REVIEWER,Additional evidence requested,
EVT-001340,IN-DL-110054-3-23,1997-01-01 12:00:00,PARCEL_CREATED,,V1,CANONICAL_SEED,SYSTEM,Initial cadastral creation,
EVT-001341,IN-DL-110054-3-23,2026-06-20 09:00:00,SOURCE_IMPORTED,V1,V1,INGESTION_PIPELINE,SYSTEM,5 observations linked,
EVT-001342,IN-DL-110054-3-23,2026-07-01 11:00:00,CONFLICT_DETECTED,V1,V1,CONFLICT_ENGINE,SYSTEM,1 conflicts detected,
EVT-001343,IN-DL-110054-3-23,2026-07-08 14:00:00,MATCH_PROPOSED,V1,P1,MATCHING_ENGINE,SYSTEM,Cross-source match proposed,
EVT-001344,IN-DL-110054-3-23,2026-09-05 12:00:00,HUMAN_REVIEW,P1,P1,REVIEW_WORKSPACE,HUMAN_REVIEWER,Additional evidence requested,
EVT-001345,IN-DL-110054-3-24,1998-01-01 12:00:00,PARCEL_CREATED,,V1,CANONICAL_SEED,SYSTEM,Initial cadastral creation,
EVT-001346,IN-DL-110054-3-24,2026-06-20 09:00:00,SOURCE_IMPORTED,V1,V1,INGESTION_PIPELINE,SYSTEM,3 observations linked,
EVT-001347,IN-DL-110054-3-24,2026-07-01 11:00:00,CONFLICT_DETECTED,V1,V1,CONFLICT_ENGINE,SYSTEM,1 conflicts detected,
EVT-001348,IN-DL-110054-3-24,2026-07-08 14:00:00,MATCH_PROPOSED,V1,P1,MATCHING_ENGINE,SYSTEM,Cross-source match proposed,
EVT-001349,IN-DL-110054-3-24,2026-09-10 14:00:00,PROPOSAL_ACCEPTED,P1,V2,POLICY_GATE,AUTHORITY,Proposed state accepted,
EVT-001350,IN-DL-110054-3-24,2026-09-10 14:05:00,CANONICAL_STATE_UPDATED,V1,V2,CANONICAL_REGISTRY,SYSTEM,Authoritative state updated,
EVT-001351,IN-DL-110054-3-25,1999-01-01 12:00:00,PARCEL_CREATED,,V1,CANONICAL_SEED,SYSTEM,Initial cadastral creation,
EVT-001352,IN-DL-110054-3-25,2026-06-20 09:00:00,SOURCE_IMPORTED,V1,V1,INGESTION_PIPELINE,SYSTEM,5 observations linked,
EVT-001353,IN-DL-110054-3-25,2026-07-08 14:00:00,MATCH_PROPOSED,V1,P1,MATCHING_ENGINE,SYSTEM,Cross-source match proposed,
EVT-001354,IN-DL-110054-3-25,2026-09-10 14:00:00,PROPOSAL_ACCEPTED,P1,V2,POLICY_GATE,AUTHORITY,Proposed state accepted,
EVT-001355,IN-DL-110054-3-25,2026-09-10 14:05:00,CANONICAL_STATE_UPDATED,V1,V2,CANONICAL_REGISTRY,SYSTEM,Authoritative state updated,
EVT-001356,IN-DL-110054-3-26,2000-01-01 12:00:00,PARCEL_CREATED,,V1,CANONICAL_SEED,SYSTEM,Initial cadastral creation,
EVT-001357,IN-DL-110054-3-26,2026-06-20 09:00:00,SOURCE_IMPORTED,V1,V1,INGESTION_PIPELINE,SYSTEM,4 observations linked,
EVT-001358,IN-DL-110054-3-26,2026-07-08 14:00:00,MATCH_PROPOSED,V1,P1,MATCHING_ENGINE,SYSTEM,Cross-source match proposed,
EVT-001359,IN-DL-110054-3-26,2026-09-10 14:00:00,PROPOSAL_ACCEPTED,P1,V2,POLICY_GATE,AUTHORITY,Proposed state accepted,
EVT-001360,IN-DL-110054-3-26,2026-09-10 14:05:00,CANONICAL_STATE_UPDATED,V1,V2,CANONICAL_REGISTRY,SYSTEM,Authoritative state updated,
EVT-001361,IN-DL-110054-3-27,2001-01-01 12:00:00,PARCEL_CREATED,,V1,CANONICAL_SEED,SYSTEM,Initial cadastral creation,
EVT-001362,IN-DL-110054-3-27,2026-06-20 09:00:00,SOURCE_IMPORTED,V1,V1,INGESTION_PIPELINE,SYSTEM,6 observations linked,
EVT-001363,IN-DL-110054-3-27,2026-07-08 14:00:00,MATCH_PROPOSED,V1,P1,MATCHING_ENGINE,SYSTEM,Cross-source match proposed,
EVT-001364,IN-DL-110054-3-27,2026-09-10 14:00:00,PROPOSAL_ACCEPTED,P1,V2,POLICY_GATE,AUTHORITY,Proposed state accepted,
EVT-001365,IN-DL-110054-3-27,2026-09-10 14:05:00,CANONICAL_STATE_UPDATED,V1,V2,CANONICAL_REGISTRY,SYSTEM,Authoritative state updated,
EVT-001366,IN-DL-110054-3-28,1995-01-01 12:00:00,PARCEL_CREATED,,V1,CANONICAL_SEED,SYSTEM,Initial cadastral creation,
EVT-001367,IN-DL-110054-3-28,2026-06-20 09:00:00,SOURCE_IMPORTED,V1,V1,INGESTION_PIPELINE,SYSTEM,5 observations linked,
EVT-001368,IN-DL-110054-3-28,2026-07-01 11:00:00,CONFLICT_DETECTED,V1,V1,CONFLICT_ENGINE,SYSTEM,1 conflicts detected,
EVT-001369,IN-DL-110054-3-28,2026-07-08 14:00:00,MATCH_PROPOSED,V1,P1,MATCHING_ENGINE,SYSTEM,Cross-source match proposed,
EVT-001370,IN-DL-110054-3-28,2026-09-05 11:00:00,HUMAN_REVIEW,P1,P2,REVIEW_WORKSPACE,HUMAN_REVIEWER,Legal/operational conflict requires decision,
EVT-001371,IN-DL-110054-3-29,1996-01-01 12:00:00,PARCEL_CREATED,,V1,CANONICAL_SEED,SYSTEM,Initial cadastral creation,
EVT-001372,IN-DL-110054-3-29,2026-06-20 09:00:00,SOURCE_IMPORTED,V1,V1,INGESTION_PIPELINE,SYSTEM,5 observations linked,
EVT-001373,IN-DL-110054-3-29,2026-07-08 14:00:00,MATCH_PROPOSED,V1,P1,MATCHING_ENGINE,SYSTEM,Cross-source match proposed,
EVT-001374,IN-DL-110054-3-29,2026-09-10 14:00:00,PROPOSAL_ACCEPTED,P1,V2,POLICY_GATE,AUTHORITY,Proposed state accepted,
EVT-001375,IN-DL-110054-3-29,2026-09-10 14:05:00,CANONICAL_STATE_UPDATED,V1,V2,CANONICAL_REGISTRY,SYSTEM,Authoritative state updated,
EVT-001376,IN-DL-110054-3-30,1997-01-01 12:00:00,PARCEL_CREATED,,V1,CANONICAL_SEED,SYSTEM,Initial cadastral creation,
EVT-001377,IN-DL-110054-3-30,2026-06-20 09:00:00,SOURCE_IMPORTED,V1,V1,INGESTION_PIPELINE,SYSTEM,5 observations linked,
EVT-001378,IN-DL-110054-3-30,2026-07-01 11:00:00,CONFLICT_DETECTED,V1,V1,CONFLICT_ENGINE,SYSTEM,1 conflicts detected,
EVT-001379,IN-DL-110054-3-30,2026-07-08 14:00:00,MATCH_PROPOSED,V1,P1,MATCHING_ENGINE,SYSTEM,Cross-source match proposed,
EVT-001380,IN-DL-110054-3-30,2026-09-10 14:00:00,PROPOSAL_ACCEPTED,P1,V2,POLICY_GATE,AUTHORITY,Proposed state accepted,
EVT-001381,IN-DL-110054-3-30,2026-09-10 14:05:00,CANONICAL_STATE_UPDATED,V1,V2,CANONICAL_REGISTRY,SYSTEM,Authoritative state updated,
EVT-001382,IN-DL-110054-3-31,1998-01-01 12:00:00,PARCEL_CREATED,,V1,CANONICAL_SEED,SYSTEM,Initial cadastral creation,
EVT-001383,IN-DL-110054-3-31,2026-06-20 09:00:00,SOURCE_IMPORTED,V1,V1,INGESTION_PIPELINE,SYSTEM,5 observations linked,
EVT-001384,IN-DL-110054-3-31,2026-07-08 14:00:00,MATCH_PROPOSED,V1,P1,MATCHING_ENGINE,SYSTEM,Cross-source match proposed,
EVT-001385,IN-DL-110054-3-31,2026-09-10 14:00:00,PROPOSAL_ACCEPTED,P1,V2,POLICY_GATE,AUTHORITY,Proposed state accepted,
EVT-001386,IN-DL-110054-3-31,2026-09-10 14:05:00,CANONICAL_STATE_UPDATED,V1,V2,CANONICAL_REGISTRY,SYSTEM,Authoritative state updated,
EVT-001387,IN-DL-110054-3-32,1999-01-01 12:00:00,PARCEL_CREATED,,V1,CANONICAL_SEED,SYSTEM,Initial cadastral creation,
EVT-001388,IN-DL-110054-3-32,2026-06-20 09:00:00,SOURCE_IMPORTED,V1,V1,INGESTION_PIPELINE,SYSTEM,4 observations linked,
EVT-001389,IN-DL-110054-3-32,2026-07-01 11:00:00,CONFLICT_DETECTED,V1,V1,CONFLICT_ENGINE,SYSTEM,2 conflicts detected,
EVT-001390,IN-DL-110054-3-32,2026-07-08 14:00:00,MATCH_PROPOSED,V1,P1,MATCHING_ENGINE,SYSTEM,Cross-source match proposed,
EVT-001391,IN-DL-110054-3-32,2026-09-05 11:00:00,HUMAN_REVIEW,P1,P2,REVIEW_WORKSPACE,HUMAN_REVIEWER,Legal/operational conflict requires decision,
EVT-001392,IN-DL-110054-3-33,2000-01-01 12:00:00,PARCEL_CREATED,,V1,CANONICAL_SEED,SYSTEM,Initial cadastral creation,
EVT-001393,IN-DL-110054-3-33,2026-06-20 09:00:00,SOURCE_IMPORTED,V1,V1,INGESTION_PIPELINE,SYSTEM,5 observations linked,
EVT-001394,IN-DL-110054-3-33,2026-07-08 14:00:00,MATCH_PROPOSED,V1,P1,MATCHING_ENGINE,SYSTEM,Cross-source match proposed,
EVT-001395,IN-DL-110054-3-33,2026-09-10 14:00:00,PROPOSAL_ACCEPTED,P1,V2,POLICY_GATE,AUTHORITY,Proposed state accepted,
EVT-001396,IN-DL-110054-3-33,2026-09-10 14:05:00,CANONICAL_STATE_UPDATED,V1,V2,CANONICAL_REGISTRY,SYSTEM,Authoritative state updated,
EVT-001397,IN-DL-110054-3-34,2001-01-01 12:00:00,PARCEL_CREATED,,V1,CANONICAL_SEED,SYSTEM,Initial cadastral creation,
EVT-001398,IN-DL-110054-3-34,2026-06-20 09:00:00,SOURCE_IMPORTED,V1,V1,INGESTION_PIPELINE,SYSTEM,4 observations linked,
EVT-001399,IN-DL-110054-3-34,2026-07-01 11:00:00,CONFLICT_DETECTED,V1,V1,CONFLICT_ENGINE,SYSTEM,1 conflicts detected,
EVT-001400,IN-DL-110054-3-34,2026-07-08 14:00:00,MATCH_PROPOSED,V1,P1,MATCHING_ENGINE,SYSTEM,Cross-source match proposed,
EVT-001401,IN-DL-110054-3-34,2026-09-05 12:00:00,HUMAN_REVIEW,P1,P1,REVIEW_WORKSPACE,HUMAN_REVIEWER,Additional evidence requested,
EVT-001402,IN-DL-110054-3-35,1995-01-01 12:00:00,PARCEL_CREATED,,V1,CANONICAL_SEED,SYSTEM,Initial cadastral creation,
EVT-001403,IN-DL-110054-3-35,2026-06-20 09:00:00,SOURCE_IMPORTED,V1,V1,INGESTION_PIPELINE,SYSTEM,5 observations linked,
EVT-001404,IN-DL-110054-3-35,2026-07-08 14:00:00,MATCH_PROPOSED,V1,P1,MATCHING_ENGINE,SYSTEM,Cross-source match proposed,
EVT-001405,IN-DL-110054-3-35,2026-09-10 14:00:00,PROPOSAL_ACCEPTED,P1,V2,POLICY_GATE,AUTHORITY,Proposed state accepted,
EVT-001406,IN-DL-110054-3-35,2026-09-10 14:05:00,CANONICAL_STATE_UPDATED,V1,V2,CANONICAL_REGISTRY,SYSTEM,Authoritative state updated,
EVT-001407,IN-DL-110054-3-36,1996-01-01 12:00:00,PARCEL_CREATED,,V1,CANONICAL_SEED,SYSTEM,Initial cadastral creation,
EVT-001408,IN-DL-110054-3-36,2026-06-20 09:00:00,SOURCE_IMPORTED,V1,V1,INGESTION_PIPELINE,SYSTEM,5 observations linked,
EVT-001409,IN-DL-110054-3-36,2026-07-01 11:00:00,CONFLICT_DETECTED,V1,V1,CONFLICT_ENGINE,SYSTEM,2 conflicts detected,
EVT-001410,IN-DL-110054-3-36,2026-07-08 14:00:00,MATCH_PROPOSED,V1,P1,MATCHING_ENGINE,SYSTEM,Cross-source match proposed,
EVT-001411,IN-DL-110054-3-36,2026-09-05 12:00:00,HUMAN_REVIEW,P1,P1,REVIEW_WORKSPACE,HUMAN_REVIEWER,Additional evidence requested,
EVT-001412,IN-DL-110054-3-37,1997-01-01 12:00:00,PARCEL_CREATED,,V1,CANONICAL_SEED,SYSTEM,Initial cadastral creation,
EVT-001413,IN-DL-110054-3-37,2026-06-20 09:00:00,SOURCE_IMPORTED,V1,V1,INGESTION_PIPELINE,SYSTEM,3 observations linked,
EVT-001414,IN-DL-110054-3-37,2026-07-08 14:00:00,MATCH_PROPOSED,V1,P1,MATCHING_ENGINE,SYSTEM,Cross-source match proposed,
EVT-001415,IN-DL-110054-3-37,2026-09-10 14:00:00,PROPOSAL_ACCEPTED,P1,V2,POLICY_GATE,AUTHORITY,Proposed state accepted,
EVT-001416,IN-DL-110054-3-37,2026-09-10 14:05:00,CANONICAL_STATE_UPDATED,V1,V2,CANONICAL_REGISTRY,SYSTEM,Authoritative state updated,
EVT-001417,IN-DL-110054-3-38,1998-01-01 12:00:00,PARCEL_CREATED,,V1,CANONICAL_SEED,SYSTEM,Initial cadastral creation,
EVT-001418,IN-DL-110054-3-38,2026-06-20 09:00:00,SOURCE_IMPORTED,V1,V1,INGESTION_PIPELINE,SYSTEM,5 observations linked,
EVT-001419,IN-DL-110054-3-38,2026-07-08 14:00:00,MATCH_PROPOSED,V1,P1,MATCHING_ENGINE,SYSTEM,Cross-source match proposed,
EVT-001420,IN-DL-110054-3-38,2026-09-10 14:00:00,PROPOSAL_ACCEPTED,P1,V2,POLICY_GATE,AUTHORITY,Proposed state accepted,
EVT-001421,IN-DL-110054-3-38,2026-09-10 14:05:00,CANONICAL_STATE_UPDATED,V1,V2,CANONICAL_REGISTRY,SYSTEM,Authoritative state updated,
EVT-001422,IN-DL-110054-3-39,1999-01-01 12:00:00,PARCEL_CREATED,,V1,CANONICAL_SEED,SYSTEM,Initial cadastral creation,
EVT-001423,IN-DL-110054-3-39,2026-06-20 09:00:00,SOURCE_IMPORTED,V1,V1,INGESTION_PIPELINE,SYSTEM,6 observations linked,
EVT-001424,IN-DL-110054-3-39,2026-07-01 11:00:00,CONFLICT_DETECTED,V1,V1,CONFLICT_ENGINE,SYSTEM,2 conflicts detected,
EVT-001425,IN-DL-110054-3-39,2026-07-08 14:00:00,MATCH_PROPOSED,V1,P1,MATCHING_ENGINE,SYSTEM,Cross-source match proposed,
EVT-001426,IN-DL-110054-3-39,2026-08-06 10:00:00,EVIDENCE_ADDED,P1,P2,FIELD_SURVEY,SURVEYOR,GNSS/CORS evidence attached,
EVT-001427,IN-DL-110054-3-39,2026-09-05 11:00:00,HUMAN_REVIEW,P2,P2,REVIEW_WORKSPACE,HUMAN_REVIEWER,Legal/operational conflict requires decision,
EVT-001428,IN-DL-110054-3-40,2000-01-01 12:00:00,PARCEL_CREATED,,V1,CANONICAL_SEED,SYSTEM,Initial cadastral creation,
EVT-001429,IN-DL-110054-3-40,2026-06-20 09:00:00,SOURCE_IMPORTED,V1,V1,INGESTION_PIPELINE,SYSTEM,6 observations linked,
EVT-001430,IN-DL-110054-3-40,2026-07-01 11:00:00,CONFLICT_DETECTED,V1,V1,CONFLICT_ENGINE,SYSTEM,1 conflicts detected,
EVT-001431,IN-DL-110054-3-40,2026-07-08 14:00:00,MATCH_PROPOSED,V1,P1,MATCHING_ENGINE,SYSTEM,Cross-source match proposed,
EVT-001432,IN-DL-110054-3-40,2026-08-06 10:00:00,EVIDENCE_ADDED,P1,P2,FIELD_SURVEY,SURVEYOR,GNSS/CORS evidence attached,
EVT-001433,IN-DL-110054-3-40,2026-09-10 14:00:00,PROPOSAL_ACCEPTED,P2,V2,POLICY_GATE,AUTHORITY,Proposed state accepted,
EVT-001434,IN-DL-110054-3-40,2026-09-10 14:05:00,CANONICAL_STATE_UPDATED,V1,V2,CANONICAL_REGISTRY,SYSTEM,Authoritative state updated,
EVT-001435,IN-DL-110054-3-41,2001-01-01 12:00:00,PARCEL_CREATED,,V1,CANONICAL_SEED,SYSTEM,Initial cadastral creation,
EVT-001436,IN-DL-110054-3-41,2026-06-20 09:00:00,SOURCE_IMPORTED,V1,V1,INGESTION_PIPELINE,SYSTEM,5 observations linked,
EVT-001437,IN-DL-110054-3-41,2026-07-08 14:00:00,MATCH_PROPOSED,V1,P1,MATCHING_ENGINE,SYSTEM,Cross-source match proposed,
EVT-001438,IN-DL-110054-3-41,2026-09-10 14:00:00,PROPOSAL_ACCEPTED,P1,V2,POLICY_GATE,AUTHORITY,Proposed state accepted,
EVT-001439,IN-DL-110054-3-41,2026-09-10 14:05:00,CANONICAL_STATE_UPDATED,V1,V2,CANONICAL_REGISTRY,SYSTEM,Authoritative state updated,
EVT-001440,IN-DL-110054-3-42,1995-01-01 12:00:00,PARCEL_CREATED,,V1,CANONICAL_SEED,SYSTEM,Initial cadastral creation,
EVT-001441,IN-DL-110054-3-42,2026-06-20 09:00:00,SOURCE_IMPORTED,V1,V1,INGESTION_PIPELINE,SYSTEM,5 observations linked,
EVT-001442,IN-DL-110054-3-42,2026-07-08 14:00:00,MATCH_PROPOSED,V1,P1,MATCHING_ENGINE,SYSTEM,Cross-source match proposed,
EVT-001443,IN-DL-110054-3-42,2026-09-10 14:00:00,PROPOSAL_ACCEPTED,P1,V2,POLICY_GATE,AUTHORITY,Proposed state accepted,
EVT-001444,IN-DL-110054-3-42,2026-09-10 14:05:00,CANONICAL_STATE_UPDATED,V1,V2,CANONICAL_REGISTRY,SYSTEM,Authoritative state updated,
EVT-001445,IN-DL-110054-3-43,1996-01-01 12:00:00,PARCEL_CREATED,,V1,CANONICAL_SEED,SYSTEM,Initial cadastral creation,
EVT-001446,IN-DL-110054-3-43,2026-06-20 09:00:00,SOURCE_IMPORTED,V1,V1,INGESTION_PIPELINE,SYSTEM,6 observations linked,
EVT-001447,IN-DL-110054-3-43,2026-07-01 11:00:00,CONFLICT_DETECTED,V1,V1,CONFLICT_ENGINE,SYSTEM,2 conflicts detected,
EVT-001448,IN-DL-110054-3-43,2026-07-08 14:00:00,MATCH_PROPOSED,V1,P1,MATCHING_ENGINE,SYSTEM,Cross-source match proposed,
EVT-001449,IN-DL-110054-3-43,2026-08-06 10:00:00,EVIDENCE_ADDED,P1,P2,FIELD_SURVEY,SURVEYOR,GNSS/CORS evidence attached,
EVT-001450,IN-DL-110054-3-43,2026-09-05 11:00:00,HUMAN_REVIEW,P2,P2,REVIEW_WORKSPACE,HUMAN_REVIEWER,Legal/operational conflict requires decision,
EVT-001451,IN-DL-110054-3-44,1997-01-01 12:00:00,PARCEL_CREATED,,V1,CANONICAL_SEED,SYSTEM,Initial cadastral creation,
EVT-001452,IN-DL-110054-3-44,2026-06-20 09:00:00,SOURCE_IMPORTED,V1,V1,INGESTION_PIPELINE,SYSTEM,6 observations linked,
EVT-001453,IN-DL-110054-3-44,2026-07-08 14:00:00,MATCH_PROPOSED,V1,P1,MATCHING_ENGINE,SYSTEM,Cross-source match proposed,
EVT-001454,IN-DL-110054-3-44,2026-09-10 14:00:00,PROPOSAL_ACCEPTED,P1,V2,POLICY_GATE,AUTHORITY,Proposed state accepted,
EVT-001455,IN-DL-110054-3-44,2026-09-10 14:05:00,CANONICAL_STATE_UPDATED,V1,V2,CANONICAL_REGISTRY,SYSTEM,Authoritative state updated,
EVT-001456,IN-DL-110054-3-45,1998-01-01 12:00:00,PARCEL_CREATED,,V1,CANONICAL_SEED,SYSTEM,Initial cadastral creation,
EVT-001457,IN-DL-110054-3-45,2026-06-20 09:00:00,SOURCE_IMPORTED,V1,V1,INGESTION_PIPELINE,SYSTEM,4 observations linked,
EVT-001458,IN-DL-110054-3-45,2026-07-01 11:00:00,CONFLICT_DETECTED,V1,V1,CONFLICT_ENGINE,SYSTEM,2 conflicts detected,
EVT-001459,IN-DL-110054-3-45,2026-07-08 14:00:00,MATCH_PROPOSED,V1,P1,MATCHING_ENGINE,SYSTEM,Cross-source match proposed,
EVT-001460,IN-DL-110054-3-45,2026-09-05 12:00:00,HUMAN_REVIEW,P1,P1,REVIEW_WORKSPACE,HUMAN_REVIEWER,Additional evidence requested,
EVT-001461,IN-DL-110054-3-46,1999-01-01 12:00:00,PARCEL_CREATED,,V1,CANONICAL_SEED,SYSTEM,Initial cadastral creation,
EVT-001462,IN-DL-110054-3-46,2026-06-20 09:00:00,SOURCE_IMPORTED,V1,V1,INGESTION_PIPELINE,SYSTEM,6 observations linked,
EVT-001463,IN-DL-110054-3-46,2026-07-01 11:00:00,CONFLICT_DETECTED,V1,V1,CONFLICT_ENGINE,SYSTEM,1 conflicts detected,
EVT-001464,IN-DL-110054-3-46,2026-07-08 14:00:00,MATCH_PROPOSED,V1,P1,MATCHING_ENGINE,SYSTEM,Cross-source match proposed,
EVT-001465,IN-DL-110054-3-46,2026-08-06 10:00:00,EVIDENCE_ADDED,P1,P2,FIELD_SURVEY,SURVEYOR,GNSS/CORS evidence attached,
EVT-001466,IN-DL-110054-3-46,2026-09-10 14:00:00,PROPOSAL_ACCEPTED,P2,V2,POLICY_GATE,AUTHORITY,Proposed state accepted,
EVT-001467,IN-DL-110054-3-46,2026-09-10 14:05:00,CANONICAL_STATE_UPDATED,V1,V2,CANONICAL_REGISTRY,SYSTEM,Authoritative state updated,
EVT-001468,IN-DL-110054-3-47,2000-01-01 12:00:00,PARCEL_CREATED,,V1,CANONICAL_SEED,SYSTEM,Initial cadastral creation,
EVT-001469,IN-DL-110054-3-47,2026-06-20 09:00:00,SOURCE_IMPORTED,V1,V1,INGESTION_PIPELINE,SYSTEM,4 observations linked,
EVT-001470,IN-DL-110054-3-47,2026-07-08 14:00:00,MATCH_PROPOSED,V1,P1,MATCHING_ENGINE,SYSTEM,Cross-source match proposed,
EVT-001471,IN-DL-110054-3-47,2026-09-10 14:00:00,PROPOSAL_ACCEPTED,P1,V2,POLICY_GATE,AUTHORITY,Proposed state accepted,
EVT-001472,IN-DL-110054-3-47,2026-09-10 14:05:00,CANONICAL_STATE_UPDATED,V1,V2,CANONICAL_REGISTRY,SYSTEM,Authoritative state updated,
EVT-001473,IN-DL-110054-3-48,2001-01-01 12:00:00,PARCEL_CREATED,,V1,CANONICAL_SEED,SYSTEM,Initial cadastral creation,
EVT-001474,IN-DL-110054-3-48,2026-06-20 09:00:00,SOURCE_IMPORTED,V1,V1,INGESTION_PIPELINE,SYSTEM,5 observations linked,
EVT-001475,IN-DL-110054-3-48,2026-07-01 11:00:00,CONFLICT_DETECTED,V1,V1,CONFLICT_ENGINE,SYSTEM,1 conflicts detected,
EVT-001476,IN-DL-110054-3-48,2026-07-08 14:00:00,MATCH_PROPOSED,V1,P1,MATCHING_ENGINE,SYSTEM,Cross-source match proposed,
EVT-001477,IN-DL-110054-3-48,2026-09-10 14:00:00,PROPOSAL_ACCEPTED,P1,V2,POLICY_GATE,AUTHORITY,Proposed state accepted,
EVT-001478,IN-DL-110054-3-48,2026-09-10 14:05:00,CANONICAL_STATE_UPDATED,V1,V2,CANONICAL_REGISTRY,SYSTEM,Authoritative state updated,
EVT-001479,IN-DL-110054-3-49,1995-01-01 12:00:00,PARCEL_CREATED,,V1,CANONICAL_SEED,SYSTEM,Initial cadastral creation,
EVT-001480,IN-DL-110054-3-49,2026-06-20 09:00:00,SOURCE_IMPORTED,V1,V1,INGESTION_PIPELINE,SYSTEM,4 observations linked,
EVT-001481,IN-DL-110054-3-49,2026-07-08 14:00:00,MATCH_PROPOSED,V1,P1,MATCHING_ENGINE,SYSTEM,Cross-source match proposed,
EVT-001482,IN-DL-110054-3-49,2026-09-10 14:00:00,PROPOSAL_ACCEPTED,P1,V2,POLICY_GATE,AUTHORITY,Proposed state accepted,
EVT-001483,IN-DL-110054-3-49,2026-09-10 14:05:00,CANONICAL_STATE_UPDATED,V1,V2,CANONICAL_REGISTRY,SYSTEM,Authoritative state updated,
EVT-001484,IN-DL-110054-3-50,1996-01-01 12:00:00,PARCEL_CREATED,,V1,CANONICAL_SEED,SYSTEM,Initial cadastral creation,
EVT-001485,IN-DL-110054-3-50,2026-06-20 09:00:00,SOURCE_IMPORTED,V1,V1,INGESTION_PIPELINE,SYSTEM,4 observations linked,
EVT-001486,IN-DL-110054-3-50,2026-07-08 14:00:00,MATCH_PROPOSED,V1,P1,MATCHING_ENGINE,SYSTEM,Cross-source match proposed,
EVT-001487,IN-DL-110054-3-50,2026-09-10 14:00:00,PROPOSAL_ACCEPTED,P1,V2,POLICY_GATE,AUTHORITY,Proposed state accepted,
EVT-001488,IN-DL-110054-3-50,2026-09-10 14:05:00,CANONICAL_STATE_UPDATED,V1,V2,CANONICAL_REGISTRY,SYSTEM,Authoritative state updated,
EVT-001489,IN-DL-110054-3-51,1997-01-01 12:00:00,PARCEL_CREATED,,V1,CANONICAL_SEED,SYSTEM,Initial cadastral creation,
EVT-001490,IN-DL-110054-3-51,2026-06-20 09:00:00,SOURCE_IMPORTED,V1,V1,INGESTION_PIPELINE,SYSTEM,4 observations linked,
EVT-001491,IN-DL-110054-3-51,2026-07-08 14:00:00,MATCH_PROPOSED,V1,P1,MATCHING_ENGINE,SYSTEM,Cross-source match proposed,
EVT-001492,IN-DL-110054-3-51,2026-09-10 14:00:00,PROPOSAL_ACCEPTED,P1,V2,POLICY_GATE,AUTHORITY,Proposed state accepted,
EVT-001493,IN-DL-110054-3-51,2026-09-10 14:05:00,CANONICAL_STATE_UPDATED,V1,V2,CANONICAL_REGISTRY,SYSTEM,Authoritative state updated,
EVT-001494,IN-DL-110054-3-52,1998-01-01 12:00:00,PARCEL_CREATED,,V1,CANONICAL_SEED,SYSTEM,Initial cadastral creation,
EVT-001495,IN-DL-110054-3-52,2026-06-20 09:00:00,SOURCE_IMPORTED,V1,V1,INGESTION_PIPELINE,SYSTEM,5 observations linked,
EVT-001496,IN-DL-110054-3-52,2026-07-01 11:00:00,CONFLICT_DETECTED,V1,V1,CONFLICT_ENGINE,SYSTEM,1 conflicts detected,
EVT-001497,IN-DL-110054-3-52,2026-07-08 14:00:00,MATCH_PROPOSED,V1,P1,MATCHING_ENGINE,SYSTEM,Cross-source match proposed,
EVT-001498,IN-DL-110054-3-52,2026-09-10 14:00:00,PROPOSAL_ACCEPTED,P1,V2,POLICY_GATE,AUTHORITY,Proposed state accepted,
EVT-001499,IN-DL-110054-3-52,2026-09-10 14:05:00,CANONICAL_STATE_UPDATED,V1,V2,CANONICAL_REGISTRY,SYSTEM,Authoritative state updated,
EVT-001500,IN-DL-110054-3-53,1999-01-01 12:00:00,PARCEL_CREATED,,V1,CANONICAL_SEED,SYSTEM,Initial cadastral creation,
EVT-001501,IN-DL-110054-3-53,2026-06-20 09:00:00,SOURCE_IMPORTED,V1,V1,INGESTION_PIPELINE,SYSTEM,4 observations linked,
EVT-001502,IN-DL-110054-3-53,2026-07-08 14:00:00,MATCH_PROPOSED,V1,P1,MATCHING_ENGINE,SYSTEM,Cross-source match proposed,
EVT-001503,IN-DL-110054-3-53,2026-09-10 14:00:00,PROPOSAL_ACCEPTED,P1,V2,POLICY_GATE,AUTHORITY,Proposed state accepted,
EVT-001504,IN-DL-110054-3-53,2026-09-10 14:05:00,CANONICAL_STATE_UPDATED,V1,V2,CANONICAL_REGISTRY,SYSTEM,Authoritative state updated,
EVT-001505,IN-DL-110054-3-54,2000-01-01 12:00:00,PARCEL_CREATED,,V1,CANONICAL_SEED,SYSTEM,Initial cadastral creation,
EVT-001506,IN-DL-110054-3-54,2026-06-20 09:00:00,SOURCE_IMPORTED,V1,V1,INGESTION_PIPELINE,SYSTEM,5 observations linked,
EVT-001507,IN-DL-110054-3-54,2026-07-08 14:00:00,MATCH_PROPOSED,V1,P1,MATCHING_ENGINE,SYSTEM,Cross-source match proposed,
EVT-001508,IN-DL-110054-3-54,2026-08-06 10:00:00,EVIDENCE_ADDED,P1,P2,FIELD_SURVEY,SURVEYOR,GNSS/CORS evidence attached,
EVT-001509,IN-DL-110054-3-54,2026-09-10 14:00:00,PROPOSAL_ACCEPTED,P2,V2,POLICY_GATE,AUTHORITY,Proposed state accepted,
EVT-001510,IN-DL-110054-3-54,2026-09-10 14:05:00,CANONICAL_STATE_UPDATED,V1,V2,CANONICAL_REGISTRY,SYSTEM,Authoritative state updated,
EVT-001511,IN-DL-110054-3-55,2001-01-01 12:00:00,PARCEL_CREATED,,V1,CANONICAL_SEED,SYSTEM,Initial cadastral creation,
EVT-001512,IN-DL-110054-3-55,2026-06-20 09:00:00,SOURCE_IMPORTED,V1,V1,INGESTION_PIPELINE,SYSTEM,4 observations linked,
EVT-001513,IN-DL-110054-3-55,2026-07-01 11:00:00,CONFLICT_DETECTED,V1,V1,CONFLICT_ENGINE,SYSTEM,1 conflicts detected,
EVT-001514,IN-DL-110054-3-55,2026-07-08 14:00:00,MATCH_PROPOSED,V1,P1,MATCHING_ENGINE,SYSTEM,Cross-source match proposed,
EVT-001515,IN-DL-110054-3-55,2026-09-10 14:00:00,PROPOSAL_ACCEPTED,P1,V2,POLICY_GATE,AUTHORITY,Proposed state accepted,
EVT-001516,IN-DL-110054-3-55,2026-09-10 14:05:00,CANONICAL_STATE_UPDATED,V1,V2,CANONICAL_REGISTRY,SYSTEM,Authoritative state updated,
EVT-001517,IN-DL-110054-3-56,1995-01-01 12:00:00,PARCEL_CREATED,,V1,CANONICAL_SEED,SYSTEM,Initial cadastral creation,
EVT-001518,IN-DL-110054-3-56,2026-06-20 09:00:00,SOURCE_IMPORTED,V1,V1,INGESTION_PIPELINE,SYSTEM,4 observations linked,
EVT-001519,IN-DL-110054-3-56,2026-07-01 11:00:00,CONFLICT_DETECTED,V1,V1,CONFLICT_ENGINE,SYSTEM,1 conflicts detected,
EVT-001520,IN-DL-110054-3-56,2026-07-08 14:00:00,MATCH_PROPOSED,V1,P1,MATCHING_ENGINE,SYSTEM,Cross-source match proposed,
EVT-001521,IN-DL-110054-3-56,2026-09-05 12:00:00,HUMAN_REVIEW,P1,P1,REVIEW_WORKSPACE,HUMAN_REVIEWER,Additional evidence requested,
EVT-001522,IN-DL-110054-3-57,1996-01-01 12:00:00,PARCEL_CREATED,,V1,CANONICAL_SEED,SYSTEM,Initial cadastral creation,
EVT-001523,IN-DL-110054-3-57,2026-06-20 09:00:00,SOURCE_IMPORTED,V1,V1,INGESTION_PIPELINE,SYSTEM,4 observations linked,
EVT-001524,IN-DL-110054-3-57,2026-07-01 11:00:00,CONFLICT_DETECTED,V1,V1,CONFLICT_ENGINE,SYSTEM,1 conflicts detected,
EVT-001525,IN-DL-110054-3-57,2026-07-08 14:00:00,MATCH_PROPOSED,V1,P1,MATCHING_ENGINE,SYSTEM,Cross-source match proposed,
EVT-001526,IN-DL-110054-3-57,2026-09-10 14:00:00,PROPOSAL_ACCEPTED,P1,V2,POLICY_GATE,AUTHORITY,Proposed state accepted,
EVT-001527,IN-DL-110054-3-57,2026-09-10 14:05:00,CANONICAL_STATE_UPDATED,V1,V2,CANONICAL_REGISTRY,SYSTEM,Authoritative state updated,
EVT-001528,IN-DL-110054-3-58,1997-01-01 12:00:00,PARCEL_CREATED,,V1,CANONICAL_SEED,SYSTEM,Initial cadastral creation,
EVT-001529,IN-DL-110054-3-58,2026-06-20 09:00:00,SOURCE_IMPORTED,V1,V1,INGESTION_PIPELINE,SYSTEM,6 observations linked,
EVT-001530,IN-DL-110054-3-58,2026-07-01 11:00:00,CONFLICT_DETECTED,V1,V1,CONFLICT_ENGINE,SYSTEM,1 conflicts detected,
EVT-001531,IN-DL-110054-3-58,2026-07-08 14:00:00,MATCH_PROPOSED,V1,P1,MATCHING_ENGINE,SYSTEM,Cross-source match proposed,
EVT-001532,IN-DL-110054-3-58,2026-08-06 10:00:00,EVIDENCE_ADDED,P1,P2,FIELD_SURVEY,SURVEYOR,GNSS/CORS evidence attached,
EVT-001533,IN-DL-110054-3-58,2026-09-05 12:00:00,HUMAN_REVIEW,P2,P2,REVIEW_WORKSPACE,HUMAN_REVIEWER,Additional evidence requested,
EVT-001534,IN-DL-110054-3-59,1998-01-01 12:00:00,PARCEL_CREATED,,V1,CANONICAL_SEED,SYSTEM,Initial cadastral creation,
EVT-001535,IN-DL-110054-3-59,2026-06-20 09:00:00,SOURCE_IMPORTED,V1,V1,INGESTION_PIPELINE,SYSTEM,4 observations linked,
EVT-001536,IN-DL-110054-3-59,2026-07-01 11:00:00,CONFLICT_DETECTED,V1,V1,CONFLICT_ENGINE,SYSTEM,2 conflicts detected,
EVT-001537,IN-DL-110054-3-59,2026-07-08 14:00:00,MATCH_PROPOSED,V1,P1,MATCHING_ENGINE,SYSTEM,Cross-source match proposed,
EVT-001538,IN-DL-110054-3-59,2026-09-07 15:00:00,PROPOSAL_REJECTED,P1,V1,REVIEW_WORKSPACE,HUMAN_REVIEWER,Candidate match rejected,
EVT-001539,IN-DL-110054-3-60,1999-01-01 12:00:00,PARCEL_CREATED,,V1,CANONICAL_SEED,SYSTEM,Initial cadastral creation,
EVT-001540,IN-DL-110054-3-60,2026-06-20 09:00:00,SOURCE_IMPORTED,V1,V1,INGESTION_PIPELINE,SYSTEM,4 observations linked,
EVT-001541,IN-DL-110054-3-60,2026-07-01 11:00:00,CONFLICT_DETECTED,V1,V1,CONFLICT_ENGINE,SYSTEM,3 conflicts detected,
EVT-001542,IN-DL-110054-3-60,2026-07-08 14:00:00,MATCH_PROPOSED,V1,P1,MATCHING_ENGINE,SYSTEM,Cross-source match proposed,
EVT-001543,IN-DL-110054-3-60,2026-09-10 14:00:00,PROPOSAL_ACCEPTED,P1,V2,POLICY_GATE,AUTHORITY,Proposed state accepted,
EVT-001544,IN-DL-110054-3-60,2026-09-10 14:05:00,CANONICAL_STATE_UPDATED,V1,V2,CANONICAL_REGISTRY,SYSTEM,Authoritative state updated,
EVT-001545,IN-DL-110054-3-61,2000-01-01 12:00:00,PARCEL_CREATED,,V1,CANONICAL_SEED,SYSTEM,Initial cadastral creation,
EVT-001546,IN-DL-110054-3-61,2026-06-20 09:00:00,SOURCE_IMPORTED,V1,V1,INGESTION_PIPELINE,SYSTEM,4 observations linked,
EVT-001547,IN-DL-110054-3-61,2026-07-01 11:00:00,CONFLICT_DETECTED,V1,V1,CONFLICT_ENGINE,SYSTEM,2 conflicts detected,
EVT-001548,IN-DL-110054-3-61,2026-07-08 14:00:00,MATCH_PROPOSED,V1,P1,MATCHING_ENGINE,SYSTEM,Cross-source match proposed,
EVT-001549,IN-DL-110054-3-61,2026-09-05 12:00:00,HUMAN_REVIEW,P1,P1,REVIEW_WORKSPACE,HUMAN_REVIEWER,Additional evidence requested,
EVT-001550,IN-DL-110054-3-62,2001-01-01 12:00:00,PARCEL_CREATED,,V1,CANONICAL_SEED,SYSTEM,Initial cadastral creation,
EVT-001551,IN-DL-110054-3-62,2026-06-20 09:00:00,SOURCE_IMPORTED,V1,V1,INGESTION_PIPELINE,SYSTEM,4 observations linked,
EVT-001552,IN-DL-110054-3-62,2026-07-08 14:00:00,MATCH_PROPOSED,V1,P1,MATCHING_ENGINE,SYSTEM,Cross-source match proposed,
EVT-001553,IN-DL-110054-3-62,2026-09-10 14:00:00,PROPOSAL_ACCEPTED,P1,V2,POLICY_GATE,AUTHORITY,Proposed state accepted,
EVT-001554,IN-DL-110054-3-62,2026-09-10 14:05:00,CANONICAL_STATE_UPDATED,V1,V2,CANONICAL_REGISTRY,SYSTEM,Authoritative state updated,
EVT-001555,IN-DL-110054-3-63,1995-01-01 12:00:00,PARCEL_CREATED,,V1,CANONICAL_SEED,SYSTEM,Initial cadastral creation,
EVT-001556,IN-DL-110054-3-63,2026-06-20 09:00:00,SOURCE_IMPORTED,V1,V1,INGESTION_PIPELINE,SYSTEM,4 observations linked,
EVT-001557,IN-DL-110054-3-63,2026-07-08 14:00:00,MATCH_PROPOSED,V1,P1,MATCHING_ENGINE,SYSTEM,Cross-source match proposed,
EVT-001558,IN-DL-110054-3-63,2026-09-10 14:00:00,PROPOSAL_ACCEPTED,P1,V2,POLICY_GATE,AUTHORITY,Proposed state accepted,
EVT-001559,IN-DL-110054-3-63,2026-09-10 14:05:00,CANONICAL_STATE_UPDATED,V1,V2,CANONICAL_REGISTRY,SYSTEM,Authoritative state updated,
EVT-001560,IN-DL-110054-3-64,1996-01-01 12:00:00,PARCEL_CREATED,,V1,CANONICAL_SEED,SYSTEM,Initial cadastral creation,
EVT-001561,IN-DL-110054-3-64,2026-06-20 09:00:00,SOURCE_IMPORTED,V1,V1,INGESTION_PIPELINE,SYSTEM,3 observations linked,
EVT-001562,IN-DL-110054-3-64,2026-07-08 14:00:00,MATCH_PROPOSED,V1,P1,MATCHING_ENGINE,SYSTEM,Cross-source match proposed,
EVT-001563,IN-DL-110054-3-64,2026-09-10 14:00:00,PROPOSAL_ACCEPTED,P1,V2,POLICY_GATE,AUTHORITY,Proposed state accepted,
EVT-001564,IN-DL-110054-3-64,2026-09-10 14:05:00,CANONICAL_STATE_UPDATED,V1,V2,CANONICAL_REGISTRY,SYSTEM,Authoritative state updated,
EVT-001565,IN-DL-110054-3-65,1997-01-01 12:00:00,PARCEL_CREATED,,V1,CANONICAL_SEED,SYSTEM,Initial cadastral creation,
EVT-001566,IN-DL-110054-3-65,2026-06-20 09:00:00,SOURCE_IMPORTED,V1,V1,INGESTION_PIPELINE,SYSTEM,5 observations linked,
EVT-001567,IN-DL-110054-3-65,2026-07-08 14:00:00,MATCH_PROPOSED,V1,P1,MATCHING_ENGINE,SYSTEM,Cross-source match proposed,
EVT-001568,IN-DL-110054-3-65,2026-09-10 14:00:00,PROPOSAL_ACCEPTED,P1,V2,POLICY_GATE,AUTHORITY,Proposed state accepted,
EVT-001569,IN-DL-110054-3-65,2026-09-10 14:05:00,CANONICAL_STATE_UPDATED,V1,V2,CANONICAL_REGISTRY,SYSTEM,Authoritative state updated,
EVT-001570,IN-DL-110054-3-66,1998-01-01 12:00:00,PARCEL_CREATED,,V1,CANONICAL_SEED,SYSTEM,Initial cadastral creation,
EVT-001571,IN-DL-110054-3-66,2026-06-20 09:00:00,SOURCE_IMPORTED,V1,V1,INGESTION_PIPELINE,SYSTEM,5 observations linked,
EVT-001572,IN-DL-110054-3-66,2026-07-01 11:00:00,CONFLICT_DETECTED,V1,V1,CONFLICT_ENGINE,SYSTEM,1 conflicts detected,
EVT-001573,IN-DL-110054-3-66,2026-07-08 14:00:00,MATCH_PROPOSED,V1,P1,MATCHING_ENGINE,SYSTEM,Cross-source match proposed,
EVT-001574,IN-DL-110054-3-66,2026-08-06 10:00:00,EVIDENCE_ADDED,P1,P2,FIELD_SURVEY,SURVEYOR,GNSS/CORS evidence attached,
EVT-001575,IN-DL-110054-3-66,2026-09-10 14:00:00,PROPOSAL_ACCEPTED,P2,V2,POLICY_GATE,AUTHORITY,Proposed state accepted,
EVT-001576,IN-DL-110054-3-66,2026-09-10 14:05:00,CANONICAL_STATE_UPDATED,V1,V2,CANONICAL_REGISTRY,SYSTEM,Authoritative state updated,
EVT-001577,IN-DL-110054-3-67,1999-01-01 12:00:00,PARCEL_CREATED,,V1,CANONICAL_SEED,SYSTEM,Initial cadastral creation,
EVT-001578,IN-DL-110054-3-67,2026-06-20 09:00:00,SOURCE_IMPORTED,V1,V1,INGESTION_PIPELINE,SYSTEM,4 observations linked,
EVT-001579,IN-DL-110054-3-67,2026-07-08 14:00:00,MATCH_PROPOSED,V1,P1,MATCHING_ENGINE,SYSTEM,Cross-source match proposed,
EVT-001580,IN-DL-110054-3-67,2026-09-10 14:00:00,PROPOSAL_ACCEPTED,P1,V2,POLICY_GATE,AUTHORITY,Proposed state accepted,
EVT-001581,IN-DL-110054-3-67,2026-09-10 14:05:00,CANONICAL_STATE_UPDATED,V1,V2,CANONICAL_REGISTRY,SYSTEM,Authoritative state updated,
EVT-001582,IN-DL-110054-3-68,2000-01-01 12:00:00,PARCEL_CREATED,,V1,CANONICAL_SEED,SYSTEM,Initial cadastral creation,
EVT-001583,IN-DL-110054-3-68,2026-06-20 09:00:00,SOURCE_IMPORTED,V1,V1,INGESTION_PIPELINE,SYSTEM,4 observations linked,
EVT-001584,IN-DL-110054-3-68,2026-07-08 14:00:00,MATCH_PROPOSED,V1,P1,MATCHING_ENGINE,SYSTEM,Cross-source match proposed,
EVT-001585,IN-DL-110054-3-68,2026-09-10 14:00:00,PROPOSAL_ACCEPTED,P1,V2,POLICY_GATE,AUTHORITY,Proposed state accepted,
EVT-001586,IN-DL-110054-3-68,2026-09-10 14:05:00,CANONICAL_STATE_UPDATED,V1,V2,CANONICAL_REGISTRY,SYSTEM,Authoritative state updated,
EVT-001587,IN-DL-110054-3-69,2001-01-01 12:00:00,PARCEL_CREATED,,V1,CANONICAL_SEED,SYSTEM,Initial cadastral creation,
EVT-001588,IN-DL-110054-3-69,2026-06-20 09:00:00,SOURCE_IMPORTED,V1,V1,INGESTION_PIPELINE,SYSTEM,3 observations linked,
EVT-001589,IN-DL-110054-3-69,2026-07-01 11:00:00,CONFLICT_DETECTED,V1,V1,CONFLICT_ENGINE,SYSTEM,2 conflicts detected,
EVT-001590,IN-DL-110054-3-69,2026-07-08 14:00:00,MATCH_PROPOSED,V1,P1,MATCHING_ENGINE,SYSTEM,Cross-source match proposed,
EVT-001591,IN-DL-110054-3-69,2026-09-05 12:00:00,HUMAN_REVIEW,P1,P1,REVIEW_WORKSPACE,HUMAN_REVIEWER,Additional evidence requested,
EVT-001592,IN-DL-110054-3-70,1995-01-01 12:00:00,PARCEL_CREATED,,V1,CANONICAL_SEED,SYSTEM,Initial cadastral creation,
EVT-001593,IN-DL-110054-3-70,2026-06-20 09:00:00,SOURCE_IMPORTED,V1,V1,INGESTION_PIPELINE,SYSTEM,4 observations linked,
EVT-001594,IN-DL-110054-3-70,2026-07-01 11:00:00,CONFLICT_DETECTED,V1,V1,CONFLICT_ENGINE,SYSTEM,1 conflicts detected,
EVT-001595,IN-DL-110054-3-70,2026-07-08 14:00:00,MATCH_PROPOSED,V1,P1,MATCHING_ENGINE,SYSTEM,Cross-source match proposed,
EVT-001596,IN-DL-110054-3-70,2026-09-10 14:00:00,PROPOSAL_ACCEPTED,P1,V2,POLICY_GATE,AUTHORITY,Proposed state accepted,
EVT-001597,IN-DL-110054-3-70,2026-09-10 14:05:00,CANONICAL_STATE_UPDATED,V1,V2,CANONICAL_REGISTRY,SYSTEM,Authoritative state updated,
EVT-001598,IN-DL-110054-3-71,1996-01-01 12:00:00,PARCEL_CREATED,,V1,CANONICAL_SEED,SYSTEM,Initial cadastral creation,
EVT-001599,IN-DL-110054-3-71,2026-06-20 09:00:00,SOURCE_IMPORTED,V1,V1,INGESTION_PIPELINE,SYSTEM,4 observations linked,
EVT-001600,IN-DL-110054-3-71,2026-07-01 11:00:00,CONFLICT_DETECTED,V1,V1,CONFLICT_ENGINE,SYSTEM,2 conflicts detected,
EVT-001601,IN-DL-110054-3-71,2026-07-08 14:00:00,MATCH_PROPOSED,V1,P1,MATCHING_ENGINE,SYSTEM,Cross-source match proposed,
EVT-001602,IN-DL-110054-3-71,2026-08-06 10:00:00,EVIDENCE_ADDED,P1,P2,FIELD_SURVEY,SURVEYOR,GNSS/CORS evidence attached,
EVT-001603,IN-DL-110054-3-71,2026-09-05 12:00:00,HUMAN_REVIEW,P2,P2,REVIEW_WORKSPACE,HUMAN_REVIEWER,Additional evidence requested,
EVT-001604,IN-DL-110054-3-72,1997-01-01 12:00:00,PARCEL_CREATED,,V1,CANONICAL_SEED,SYSTEM,Initial cadastral creation,
EVT-001605,IN-DL-110054-3-72,2026-06-20 09:00:00,SOURCE_IMPORTED,V1,V1,INGESTION_PIPELINE,SYSTEM,4 observations linked,
EVT-001606,IN-DL-110054-3-72,2026-07-01 11:00:00,CONFLICT_DETECTED,V1,V1,CONFLICT_ENGINE,SYSTEM,1 conflicts detected,
EVT-001607,IN-DL-110054-3-72,2026-07-08 14:00:00,MATCH_PROPOSED,V1,P1,MATCHING_ENGINE,SYSTEM,Cross-source match proposed,
EVT-001608,IN-DL-110054-3-72,2026-09-10 14:00:00,PROPOSAL_ACCEPTED,P1,V2,POLICY_GATE,AUTHORITY,Proposed state accepted,
EVT-001609,IN-DL-110054-3-72,2026-09-10 14:05:00,CANONICAL_STATE_UPDATED,V1,V2,CANONICAL_REGISTRY,SYSTEM,Authoritative state updated,
EVT-001610,IN-DL-110054-3-73,1998-01-01 12:00:00,PARCEL_CREATED,,V1,CANONICAL_SEED,SYSTEM,Initial cadastral creation,
EVT-001611,IN-DL-110054-3-73,2026-06-20 09:00:00,SOURCE_IMPORTED,V1,V1,INGESTION_PIPELINE,SYSTEM,3 observations linked,
EVT-001612,IN-DL-110054-3-73,2026-07-08 14:00:00,MATCH_PROPOSED,V1,P1,MATCHING_ENGINE,SYSTEM,Cross-source match proposed,
EVT-001613,IN-DL-110054-3-73,2026-09-10 14:00:00,PROPOSAL_ACCEPTED,P1,V2,POLICY_GATE,AUTHORITY,Proposed state accepted,
EVT-001614,IN-DL-110054-3-73,2026-09-10 14:05:00,CANONICAL_STATE_UPDATED,V1,V2,CANONICAL_REGISTRY,SYSTEM,Authoritative state updated,
EVT-001615,IN-DL-110054-3-74,1999-01-01 12:00:00,PARCEL_CREATED,,V1,CANONICAL_SEED,SYSTEM,Initial cadastral creation,
EVT-001616,IN-DL-110054-3-74,2026-06-20 09:00:00,SOURCE_IMPORTED,V1,V1,INGESTION_PIPELINE,SYSTEM,5 observations linked,
EVT-001617,IN-DL-110054-3-74,2026-07-01 11:00:00,CONFLICT_DETECTED,V1,V1,CONFLICT_ENGINE,SYSTEM,1 conflicts detected,
EVT-001618,IN-DL-110054-3-74,2026-07-08 14:00:00,MATCH_PROPOSED,V1,P1,MATCHING_ENGINE,SYSTEM,Cross-source match proposed,
EVT-001619,IN-DL-110054-3-74,2026-08-06 10:00:00,EVIDENCE_ADDED,P1,P2,FIELD_SURVEY,SURVEYOR,GNSS/CORS evidence attached,
EVT-001620,IN-DL-110054-3-74,2026-09-05 11:00:00,HUMAN_REVIEW,P2,P2,REVIEW_WORKSPACE,HUMAN_REVIEWER,Legal/operational conflict requires decision,
EVT-001621,IN-DL-110054-3-75,2000-01-01 12:00:00,PARCEL_CREATED,,V1,CANONICAL_SEED,SYSTEM,Initial cadastral creation,
EVT-001622,IN-DL-110054-3-75,2026-06-20 09:00:00,SOURCE_IMPORTED,V1,V1,INGESTION_PIPELINE,SYSTEM,3 observations linked,
EVT-001623,IN-DL-110054-3-75,2026-07-01 11:00:00,CONFLICT_DETECTED,V1,V1,CONFLICT_ENGINE,SYSTEM,2 conflicts detected,
EVT-001624,IN-DL-110054-3-75,2026-07-08 14:00:00,MATCH_PROPOSED,V1,P1,MATCHING_ENGINE,SYSTEM,Cross-source match proposed,
EVT-001625,IN-DL-110054-3-75,2026-09-10 14:00:00,PROPOSAL_ACCEPTED,P1,V2,POLICY_GATE,AUTHORITY,Proposed state accepted,
EVT-001626,IN-DL-110054-3-75,2026-09-10 14:05:00,CANONICAL_STATE_UPDATED,V1,V2,CANONICAL_REGISTRY,SYSTEM,Authoritative state updated,
EVT-001627,IN-DL-110054-3-76,2001-01-01 12:00:00,PARCEL_CREATED,,V1,CANONICAL_SEED,SYSTEM,Initial cadastral creation,
EVT-001628,IN-DL-110054-3-76,2026-06-20 09:00:00,SOURCE_IMPORTED,V1,V1,INGESTION_PIPELINE,SYSTEM,4 observations linked,
EVT-001629,IN-DL-110054-3-76,2026-07-01 11:00:00,CONFLICT_DETECTED,V1,V1,CONFLICT_ENGINE,SYSTEM,1 conflicts detected,
EVT-001630,IN-DL-110054-3-76,2026-07-08 14:00:00,MATCH_PROPOSED,V1,P1,MATCHING_ENGINE,SYSTEM,Cross-source match proposed,
EVT-001631,IN-DL-110054-3-76,2026-09-05 12:00:00,HUMAN_REVIEW,P1,P1,REVIEW_WORKSPACE,HUMAN_REVIEWER,Additional evidence requested,
EVT-001632,IN-DL-110054-3-77,1995-01-01 12:00:00,PARCEL_CREATED,,V1,CANONICAL_SEED,SYSTEM,Initial cadastral creation,
EVT-001633,IN-DL-110054-3-77,2026-06-20 09:00:00,SOURCE_IMPORTED,V1,V1,INGESTION_PIPELINE,SYSTEM,4 observations linked,
EVT-001634,IN-DL-110054-3-77,2026-07-08 14:00:00,MATCH_PROPOSED,V1,P1,MATCHING_ENGINE,SYSTEM,Cross-source match proposed,
EVT-001635,IN-DL-110054-3-77,2026-09-10 14:00:00,PROPOSAL_ACCEPTED,P1,V2,POLICY_GATE,AUTHORITY,Proposed state accepted,
EVT-001636,IN-DL-110054-3-77,2026-09-10 14:05:00,CANONICAL_STATE_UPDATED,V1,V2,CANONICAL_REGISTRY,SYSTEM,Authoritative state updated,
EVT-001637,IN-DL-110054-3-78,1996-01-01 12:00:00,PARCEL_CREATED,,V1,CANONICAL_SEED,SYSTEM,Initial cadastral creation,
EVT-001638,IN-DL-110054-3-78,2026-06-20 09:00:00,SOURCE_IMPORTED,V1,V1,INGESTION_PIPELINE,SYSTEM,4 observations linked,
EVT-001639,IN-DL-110054-3-78,2026-07-01 11:00:00,CONFLICT_DETECTED,V1,V1,CONFLICT_ENGINE,SYSTEM,1 conflicts detected,
EVT-001640,IN-DL-110054-3-78,2026-07-08 14:00:00,MATCH_PROPOSED,V1,P1,MATCHING_ENGINE,SYSTEM,Cross-source match proposed,
EVT-001641,IN-DL-110054-3-78,2026-09-05 11:00:00,HUMAN_REVIEW,P1,P2,REVIEW_WORKSPACE,HUMAN_REVIEWER,Legal/operational conflict requires decision,
EVT-001642,IN-DL-110054-3-79,1997-01-01 12:00:00,PARCEL_CREATED,,V1,CANONICAL_SEED,SYSTEM,Initial cadastral creation,
EVT-001643,IN-DL-110054-3-79,2026-06-20 09:00:00,SOURCE_IMPORTED,V1,V1,INGESTION_PIPELINE,SYSTEM,3 observations linked,
EVT-001644,IN-DL-110054-3-79,2026-07-08 14:00:00,MATCH_PROPOSED,V1,P1,MATCHING_ENGINE,SYSTEM,Cross-source match proposed,
EVT-001645,IN-DL-110054-3-79,2026-09-10 14:00:00,PROPOSAL_ACCEPTED,P1,V2,POLICY_GATE,AUTHORITY,Proposed state accepted,
EVT-001646,IN-DL-110054-3-79,2026-09-10 14:05:00,CANONICAL_STATE_UPDATED,V1,V2,CANONICAL_REGISTRY,SYSTEM,Authoritative state updated,
EVT-001647,IN-DL-110054-3-80,1998-01-01 12:00:00,PARCEL_CREATED,,V1,CANONICAL_SEED,SYSTEM,Initial cadastral creation,
EVT-001648,IN-DL-110054-3-80,2026-06-20 09:00:00,SOURCE_IMPORTED,V1,V1,INGESTION_PIPELINE,SYSTEM,3 observations linked,
EVT-001649,IN-DL-110054-3-80,2026-07-01 11:00:00,CONFLICT_DETECTED,V1,V1,CONFLICT_ENGINE,SYSTEM,1 conflicts detected,
EVT-001650,IN-DL-110054-3-80,2026-07-08 14:00:00,MATCH_PROPOSED,V1,P1,MATCHING_ENGINE,SYSTEM,Cross-source match proposed,
EVT-001651,IN-DL-110054-3-80,2026-08-06 10:00:00,EVIDENCE_ADDED,P1,P2,FIELD_SURVEY,SURVEYOR,GNSS/CORS evidence attached,
EVT-001652,IN-DL-110054-3-80,2026-09-10 14:00:00,PROPOSAL_ACCEPTED,P2,V2,POLICY_GATE,AUTHORITY,Proposed state accepted,
EVT-001653,IN-DL-110054-3-80,2026-09-10 14:05:00,CANONICAL_STATE_UPDATED,V1,V2,CANONICAL_REGISTRY,SYSTEM,Authoritative state updated,
EVT-001654,IN-DL-110054-3-81,1999-01-01 12:00:00,PARCEL_CREATED,,V1,CANONICAL_SEED,SYSTEM,Initial cadastral creation,
EVT-001655,IN-DL-110054-3-81,2026-06-20 09:00:00,SOURCE_IMPORTED,V1,V1,INGESTION_PIPELINE,SYSTEM,4 observations linked,
EVT-001656,IN-DL-110054-3-81,2026-07-01 11:00:00,CONFLICT_DETECTED,V1,V1,CONFLICT_ENGINE,SYSTEM,2 conflicts detected,
EVT-001657,IN-DL-110054-3-81,2026-07-08 14:00:00,MATCH_PROPOSED,V1,P1,MATCHING_ENGINE,SYSTEM,Cross-source match proposed,
EVT-001658,IN-DL-110054-3-81,2026-09-05 12:00:00,HUMAN_REVIEW,P1,P1,REVIEW_WORKSPACE,HUMAN_REVIEWER,Additional evidence requested,
EVT-001659,IN-DL-110054-3-82,2000-01-01 12:00:00,PARCEL_CREATED,,V1,CANONICAL_SEED,SYSTEM,Initial cadastral creation,
EVT-001660,IN-DL-110054-3-82,2026-06-20 09:00:00,SOURCE_IMPORTED,V1,V1,INGESTION_PIPELINE,SYSTEM,4 observations linked,
EVT-001661,IN-DL-110054-3-82,2026-07-01 11:00:00,CONFLICT_DETECTED,V1,V1,CONFLICT_ENGINE,SYSTEM,2 conflicts detected,
EVT-001662,IN-DL-110054-3-82,2026-07-08 14:00:00,MATCH_PROPOSED,V1,P1,MATCHING_ENGINE,SYSTEM,Cross-source match proposed,
EVT-001663,IN-DL-110054-3-82,2026-09-05 11:00:00,HUMAN_REVIEW,P1,P2,REVIEW_WORKSPACE,HUMAN_REVIEWER,Legal/operational conflict requires decision,
EVT-001664,IN-DL-110054-3-83,2001-01-01 12:00:00,PARCEL_CREATED,,V1,CANONICAL_SEED,SYSTEM,Initial cadastral creation,
EVT-001665,IN-DL-110054-3-83,2026-06-20 09:00:00,SOURCE_IMPORTED,V1,V1,INGESTION_PIPELINE,SYSTEM,4 observations linked,
EVT-001666,IN-DL-110054-3-83,2026-07-01 11:00:00,CONFLICT_DETECTED,V1,V1,CONFLICT_ENGINE,SYSTEM,1 conflicts detected,
EVT-001667,IN-DL-110054-3-83,2026-07-08 14:00:00,MATCH_PROPOSED,V1,P1,MATCHING_ENGINE,SYSTEM,Cross-source match proposed,
EVT-001668,IN-DL-110054-3-83,2026-09-07 15:00:00,PROPOSAL_REJECTED,P1,V1,REVIEW_WORKSPACE,HUMAN_REVIEWER,Candidate match rejected,
EVT-001669,IN-DL-110054-3-84,1995-01-01 12:00:00,PARCEL_CREATED,,V1,CANONICAL_SEED,SYSTEM,Initial cadastral creation,
EVT-001670,IN-DL-110054-3-84,2026-06-20 09:00:00,SOURCE_IMPORTED,V1,V1,INGESTION_PIPELINE,SYSTEM,4 observations linked,
EVT-001671,IN-DL-110054-3-84,2026-07-01 11:00:00,CONFLICT_DETECTED,V1,V1,CONFLICT_ENGINE,SYSTEM,1 conflicts detected,
EVT-001672,IN-DL-110054-3-84,2026-07-08 14:00:00,MATCH_PROPOSED,V1,P1,MATCHING_ENGINE,SYSTEM,Cross-source match proposed,
EVT-001673,IN-DL-110054-3-84,2026-09-10 14:00:00,PROPOSAL_ACCEPTED,P1,V2,POLICY_GATE,AUTHORITY,Proposed state accepted,
EVT-001674,IN-DL-110054-3-84,2026-09-10 14:05:00,CANONICAL_STATE_UPDATED,V1,V2,CANONICAL_REGISTRY,SYSTEM,Authoritative state updated,
EVT-001675,IN-DL-110054-3-85,1996-01-01 12:00:00,PARCEL_CREATED,,V1,CANONICAL_SEED,SYSTEM,Initial cadastral creation,
EVT-001676,IN-DL-110054-3-85,2026-06-20 09:00:00,SOURCE_IMPORTED,V1,V1,INGESTION_PIPELINE,SYSTEM,4 observations linked,
EVT-001677,IN-DL-110054-3-85,2026-07-01 11:00:00,CONFLICT_DETECTED,V1,V1,CONFLICT_ENGINE,SYSTEM,1 conflicts detected,
EVT-001678,IN-DL-110054-3-85,2026-07-08 14:00:00,MATCH_PROPOSED,V1,P1,MATCHING_ENGINE,SYSTEM,Cross-source match proposed,
EVT-001679,IN-DL-110054-3-85,2026-09-10 14:00:00,PROPOSAL_ACCEPTED,P1,V2,POLICY_GATE,AUTHORITY,Proposed state accepted,
EVT-001680,IN-DL-110054-3-85,2026-09-10 14:05:00,CANONICAL_STATE_UPDATED,V1,V2,CANONICAL_REGISTRY,SYSTEM,Authoritative state updated,
EVT-001681,IN-DL-110054-3-86,1997-01-01 12:00:00,PARCEL_CREATED,,V1,CANONICAL_SEED,SYSTEM,Initial cadastral creation,
EVT-001682,IN-DL-110054-3-86,2026-06-20 09:00:00,SOURCE_IMPORTED,V1,V1,INGESTION_PIPELINE,SYSTEM,4 observations linked,
EVT-001683,IN-DL-110054-3-86,2026-07-01 11:00:00,CONFLICT_DETECTED,V1,V1,CONFLICT_ENGINE,SYSTEM,1 conflicts detected,
EVT-001684,IN-DL-110054-3-86,2026-07-08 14:00:00,MATCH_PROPOSED,V1,P1,MATCHING_ENGINE,SYSTEM,Cross-source match proposed,
EVT-001685,IN-DL-110054-3-86,2026-09-05 12:00:00,HUMAN_REVIEW,P1,P1,REVIEW_WORKSPACE,HUMAN_REVIEWER,Additional evidence requested,
EVT-001686,IN-DL-110054-3-87,1998-01-01 12:00:00,PARCEL_CREATED,,V1,CANONICAL_SEED,SYSTEM,Initial cadastral creation,
EVT-001687,IN-DL-110054-3-87,2026-06-20 09:00:00,SOURCE_IMPORTED,V1,V1,INGESTION_PIPELINE,SYSTEM,4 observations linked,
EVT-001688,IN-DL-110054-3-87,2026-07-01 11:00:00,CONFLICT_DETECTED,V1,V1,CONFLICT_ENGINE,SYSTEM,1 conflicts detected,
EVT-001689,IN-DL-110054-3-87,2026-07-08 14:00:00,MATCH_PROPOSED,V1,P1,MATCHING_ENGINE,SYSTEM,Cross-source match proposed,
EVT-001690,IN-DL-110054-3-87,2026-09-05 12:00:00,HUMAN_REVIEW,P1,P1,REVIEW_WORKSPACE,HUMAN_REVIEWER,Additional evidence requested,
EVT-001691,IN-DL-110054-3-88,1999-01-01 12:00:00,PARCEL_CREATED,,V1,CANONICAL_SEED,SYSTEM,Initial cadastral creation,
EVT-001692,IN-DL-110054-3-88,2026-06-20 09:00:00,SOURCE_IMPORTED,V1,V1,INGESTION_PIPELINE,SYSTEM,4 observations linked,
EVT-001693,IN-DL-110054-3-88,2026-07-08 14:00:00,MATCH_PROPOSED,V1,P1,MATCHING_ENGINE,SYSTEM,Cross-source match proposed,
EVT-001694,IN-DL-110054-3-88,2026-09-10 14:00:00,PROPOSAL_ACCEPTED,P1,V2,POLICY_GATE,AUTHORITY,Proposed state accepted,
EVT-001695,IN-DL-110054-3-88,2026-09-10 14:05:00,CANONICAL_STATE_UPDATED,V1,V2,CANONICAL_REGISTRY,SYSTEM,Authoritative state updated,
EVT-001696,IN-DL-110054-3-89,2000-01-01 12:00:00,PARCEL_CREATED,,V1,CANONICAL_SEED,SYSTEM,Initial cadastral creation,
EVT-001697,IN-DL-110054-3-89,2026-06-20 09:00:00,SOURCE_IMPORTED,V1,V1,INGESTION_PIPELINE,SYSTEM,3 observations linked,
EVT-001698,IN-DL-110054-3-89,2026-07-08 14:00:00,MATCH_PROPOSED,V1,P1,MATCHING_ENGINE,SYSTEM,Cross-source match proposed,
EVT-001699,IN-DL-110054-3-89,2026-09-10 14:00:00,PROPOSAL_ACCEPTED,P1,V2,POLICY_GATE,AUTHORITY,Proposed state accepted,
EVT-001700,IN-DL-110054-3-89,2026-09-10 14:05:00,CANONICAL_STATE_UPDATED,V1,V2,CANONICAL_REGISTRY,SYSTEM,Authoritative state updated,
EVT-001701,IN-DL-110054-3-90,2001-01-01 12:00:00,PARCEL_CREATED,,V1,CANONICAL_SEED,SYSTEM,Initial cadastral creation,
EVT-001702,IN-DL-110054-3-90,2026-06-20 09:00:00,SOURCE_IMPORTED,V1,V1,INGESTION_PIPELINE,SYSTEM,3 observations linked,
EVT-001703,IN-DL-110054-3-90,2026-07-01 11:00:00,CONFLICT_DETECTED,V1,V1,CONFLICT_ENGINE,SYSTEM,2 conflicts detected,
EVT-001704,IN-DL-110054-3-90,2026-07-08 14:00:00,MATCH_PROPOSED,V1,P1,MATCHING_ENGINE,SYSTEM,Cross-source match proposed,
EVT-001705,IN-DL-110054-3-90,2026-09-10 14:00:00,PROPOSAL_ACCEPTED,P1,V2,POLICY_GATE,AUTHORITY,Proposed state accepted,
EVT-001706,IN-DL-110054-3-90,2026-09-10 14:05:00,CANONICAL_STATE_UPDATED,V1,V2,CANONICAL_REGISTRY,SYSTEM,Authoritative state updated,
EVT-001707,IN-DL-110054-3-91,2011-03-15 12:00:00,PARCEL_CREATED,,V1,CANONICAL_SEED,SYSTEM,Created from lineage,IN-DL-110054-3-101
EVT-001708,IN-DL-110054-3-91,2026-06-20 09:00:00,SOURCE_IMPORTED,V1,V1,INGESTION_PIPELINE,SYSTEM,4 observations linked,
EVT-001709,IN-DL-110054-3-91,2026-07-01 11:00:00,CONFLICT_DETECTED,V1,V1,CONFLICT_ENGINE,SYSTEM,1 conflicts detected,
EVT-001710,IN-DL-110054-3-91,2026-07-08 14:00:00,MATCH_PROPOSED,V1,P1,MATCHING_ENGINE,SYSTEM,Cross-source match proposed,
EVT-001711,IN-DL-110054-3-91,2026-09-05 12:00:00,HUMAN_REVIEW,P1,P1,REVIEW_WORKSPACE,HUMAN_REVIEWER,Additional evidence requested,
EVT-001712,IN-DL-110054-3-92,2011-03-15 12:00:00,PARCEL_CREATED,,V1,CANONICAL_SEED,SYSTEM,Created from lineage,IN-DL-110054-3-101
EVT-001713,IN-DL-110054-3-92,2026-06-20 09:00:00,SOURCE_IMPORTED,V1,V1,INGESTION_PIPELINE,SYSTEM,5 observations linked,
EVT-001714,IN-DL-110054-3-92,2026-07-01 11:00:00,CONFLICT_DETECTED,V1,V1,CONFLICT_ENGINE,SYSTEM,2 conflicts detected,
EVT-001715,IN-DL-110054-3-92,2026-07-08 14:00:00,MATCH_PROPOSED,V1,P1,MATCHING_ENGINE,SYSTEM,Cross-source match proposed,
EVT-001716,IN-DL-110054-3-92,2026-08-06 10:00:00,EVIDENCE_ADDED,P1,P2,FIELD_SURVEY,SURVEYOR,GNSS/CORS evidence attached,
EVT-001717,IN-DL-110054-3-92,2026-09-05 11:00:00,HUMAN_REVIEW,P2,P2,REVIEW_WORKSPACE,HUMAN_REVIEWER,Legal/operational conflict requires decision,
EVT-001718,IN-DL-110054-3-93,2013-07-10 12:00:00,PARCEL_CREATED,,V1,CANONICAL_SEED,SYSTEM,Created from lineage,IN-DL-110054-3-102;IN-DL-110054-3-103
EVT-001719,IN-DL-110054-3-93,2026-06-20 09:00:00,SOURCE_IMPORTED,V1,V1,INGESTION_PIPELINE,SYSTEM,4 observations linked,
EVT-001720,IN-DL-110054-3-93,2026-07-08 14:00:00,MATCH_PROPOSED,V1,P1,MATCHING_ENGINE,SYSTEM,Cross-source match proposed,
EVT-001721,IN-DL-110054-3-93,2026-09-10 14:00:00,PROPOSAL_ACCEPTED,P1,V2,POLICY_GATE,AUTHORITY,Proposed state accepted,
EVT-001722,IN-DL-110054-3-93,2026-09-10 14:05:00,CANONICAL_STATE_UPDATED,V1,V2,CANONICAL_REGISTRY,SYSTEM,Authoritative state updated,
EVT-001723,IN-DL-110054-3-94,2019-11-05 12:00:00,PARCEL_CREATED,,V1,CANONICAL_SEED,SYSTEM,Created from lineage,IN-DL-110054-3-104;IN-DL-110054-3-105
EVT-001724,IN-DL-110054-3-94,2026-06-20 09:00:00,SOURCE_IMPORTED,V1,V1,INGESTION_PIPELINE,SYSTEM,4 observations linked,
EVT-001725,IN-DL-110054-3-94,2026-07-01 11:00:00,CONFLICT_DETECTED,V1,V1,CONFLICT_ENGINE,SYSTEM,2 conflicts detected,
EVT-001726,IN-DL-110054-3-94,2026-07-08 14:00:00,MATCH_PROPOSED,V1,P1,MATCHING_ENGINE,SYSTEM,Cross-source match proposed,
EVT-001727,IN-DL-110054-3-94,2026-09-05 11:00:00,HUMAN_REVIEW,P1,P2,REVIEW_WORKSPACE,HUMAN_REVIEWER,Legal/operational conflict requires decision,
EVT-001728,IN-DL-110054-3-95,2020-09-03 12:00:00,PARCEL_CREATED,,V1,CANONICAL_SEED,SYSTEM,Created from lineage,IN-DL-110054-3-106
EVT-001729,IN-DL-110054-3-95,2026-06-20 09:00:00,SOURCE_IMPORTED,V1,V1,INGESTION_PIPELINE,SYSTEM,5 observations linked,
EVT-001730,IN-DL-110054-3-95,2026-07-08 14:00:00,MATCH_PROPOSED,V1,P1,MATCHING_ENGINE,SYSTEM,Cross-source match proposed,
EVT-001731,IN-DL-110054-3-95,2026-09-10 14:00:00,PROPOSAL_ACCEPTED,P1,V2,POLICY_GATE,AUTHORITY,Proposed state accepted,
EVT-001732,IN-DL-110054-3-95,2026-09-10 14:05:00,CANONICAL_STATE_UPDATED,V1,V2,CANONICAL_REGISTRY,SYSTEM,Authoritative state updated,
EVT-001733,IN-DL-110054-3-96,2020-09-03 12:00:00,PARCEL_CREATED,,V1,CANONICAL_SEED,SYSTEM,Created from lineage,IN-DL-110054-3-106
EVT-001734,IN-DL-110054-3-96,2026-06-20 09:00:00,SOURCE_IMPORTED,V1,V1,INGESTION_PIPELINE,SYSTEM,5 observations linked,
EVT-001735,IN-DL-110054-3-96,2026-07-01 11:00:00,CONFLICT_DETECTED,V1,V1,CONFLICT_ENGINE,SYSTEM,3 conflicts detected,
EVT-001736,IN-DL-110054-3-96,2026-07-08 14:00:00,MATCH_PROPOSED,V1,P1,MATCHING_ENGINE,SYSTEM,Cross-source match proposed,
EVT-001737,IN-DL-110054-3-96,2026-09-05 11:00:00,HUMAN_REVIEW,P1,P2,REVIEW_WORKSPACE,HUMAN_REVIEWER,Legal/operational conflict requires decision,
EVT-001738,IN-DL-110054-3-97,2001-01-01 12:00:00,PARCEL_CREATED,,V1,CANONICAL_SEED,SYSTEM,Initial cadastral creation,
EVT-001739,IN-DL-110054-3-97,2026-06-20 09:00:00,SOURCE_IMPORTED,V1,V1,INGESTION_PIPELINE,SYSTEM,6 observations linked,
EVT-001740,IN-DL-110054-3-97,2026-07-08 14:00:00,MATCH_PROPOSED,V1,P1,MATCHING_ENGINE,SYSTEM,Cross-source match proposed,
EVT-001741,IN-DL-110054-3-97,2026-08-06 10:00:00,EVIDENCE_ADDED,P1,P2,FIELD_SURVEY,SURVEYOR,GNSS/CORS evidence attached,
EVT-001742,IN-DL-110054-3-97,2026-09-10 14:00:00,PROPOSAL_ACCEPTED,P2,V2,POLICY_GATE,AUTHORITY,Proposed state accepted,
EVT-001743,IN-DL-110054-3-97,2026-09-10 14:05:00,CANONICAL_STATE_UPDATED,V1,V2,CANONICAL_REGISTRY,SYSTEM,Authoritative state updated,
EVT-001744,IN-DL-110054-3-98,1995-01-01 12:00:00,PARCEL_CREATED,,V1,CANONICAL_SEED,SYSTEM,Initial cadastral creation,
EVT-001745,IN-DL-110054-3-98,2026-06-20 09:00:00,SOURCE_IMPORTED,V1,V1,INGESTION_PIPELINE,SYSTEM,5 observations linked,
EVT-001746,IN-DL-110054-3-98,2026-07-01 11:00:00,CONFLICT_DETECTED,V1,V1,CONFLICT_ENGINE,SYSTEM,1 conflicts detected,
EVT-001747,IN-DL-110054-3-98,2026-07-08 14:00:00,MATCH_PROPOSED,V1,P1,MATCHING_ENGINE,SYSTEM,Cross-source match proposed,
EVT-001748,IN-DL-110054-3-98,2026-09-05 11:00:00,HUMAN_REVIEW,P1,P2,REVIEW_WORKSPACE,HUMAN_REVIEWER,Legal/operational conflict requires decision,
EVT-001749,IN-DL-110054-3-99,1996-01-01 12:00:00,PARCEL_CREATED,,V1,CANONICAL_SEED,SYSTEM,Initial cadastral creation,
EVT-001750,IN-DL-110054-3-99,2026-06-20 09:00:00,SOURCE_IMPORTED,V1,V1,INGESTION_PIPELINE,SYSTEM,3 observations linked,
EVT-001751,IN-DL-110054-3-99,2026-07-01 11:00:00,CONFLICT_DETECTED,V1,V1,CONFLICT_ENGINE,SYSTEM,1 conflicts detected,
EVT-001752,IN-DL-110054-3-99,2026-07-08 14:00:00,MATCH_PROPOSED,V1,P1,MATCHING_ENGINE,SYSTEM,Cross-source match proposed,
EVT-001753,IN-DL-110054-3-99,2026-09-05 12:00:00,HUMAN_REVIEW,P1,P1,REVIEW_WORKSPACE,HUMAN_REVIEWER,Additional evidence requested,
EVT-001754,IN-DL-110054-3-100,1997-01-01 12:00:00,PARCEL_CREATED,,V1,CANONICAL_SEED,SYSTEM,Initial cadastral creation,
EVT-001755,IN-DL-110054-3-100,2026-06-20 09:00:00,SOURCE_IMPORTED,V1,V1,INGESTION_PIPELINE,SYSTEM,4 observations linked,
EVT-001756,IN-DL-110054-3-100,2026-07-01 11:00:00,CONFLICT_DETECTED,V1,V1,CONFLICT_ENGINE,SYSTEM,1 conflicts detected,
EVT-001757,IN-DL-110054-3-100,2026-07-08 14:00:00,MATCH_PROPOSED,V1,P1,MATCHING_ENGINE,SYSTEM,Cross-source match proposed,
EVT-001758,IN-DL-110054-3-100,2026-09-10 14:00:00,PROPOSAL_ACCEPTED,P1,V2,POLICY_GATE,AUTHORITY,Proposed state accepted,
EVT-001759,IN-DL-110054-3-100,2026-09-10 14:05:00,CANONICAL_STATE_UPDATED,V1,V2,CANONICAL_REGISTRY,SYSTEM,Authoritative state updated,
EVT-001760,IN-DL-110054-4-1,1973-01-01 12:00:00,PARCEL_CREATED,,V1,CANONICAL_SEED,SYSTEM,Initial cadastral creation,
EVT-001761,IN-DL-110054-4-1,2026-06-20 09:00:00,SOURCE_IMPORTED,V1,V1,INGESTION_PIPELINE,SYSTEM,6 observations linked,
EVT-001762,IN-DL-110054-4-1,2026-07-08 14:00:00,MATCH_PROPOSED,V1,P1,MATCHING_ENGINE,SYSTEM,Cross-source match proposed,
EVT-001763,IN-DL-110054-4-1,2026-08-06 10:00:00,EVIDENCE_ADDED,P1,P2,FIELD_SURVEY,SURVEYOR,GNSS/CORS evidence attached,
EVT-001764,IN-DL-110054-4-1,2026-09-10 14:00:00,PROPOSAL_ACCEPTED,P2,V2,POLICY_GATE,AUTHORITY,Proposed state accepted,
EVT-001765,IN-DL-110054-4-1,2026-09-10 14:05:00,CANONICAL_STATE_UPDATED,V1,V2,CANONICAL_REGISTRY,SYSTEM,Authoritative state updated,
EVT-001766,IN-DL-110054-4-2,1974-01-01 12:00:00,PARCEL_CREATED,,V1,CANONICAL_SEED,SYSTEM,Initial cadastral creation,
EVT-001767,IN-DL-110054-4-2,2026-06-20 09:00:00,SOURCE_IMPORTED,V1,V1,INGESTION_PIPELINE,SYSTEM,5 observations linked,
EVT-001768,IN-DL-110054-4-2,2026-07-08 14:00:00,MATCH_PROPOSED,V1,P1,MATCHING_ENGINE,SYSTEM,Cross-source match proposed,
EVT-001769,IN-DL-110054-4-2,2026-09-10 14:00:00,PROPOSAL_ACCEPTED,P1,V2,POLICY_GATE,AUTHORITY,Proposed state accepted,
EVT-001770,IN-DL-110054-4-2,2026-09-10 14:05:00,CANONICAL_STATE_UPDATED,V1,V2,CANONICAL_REGISTRY,SYSTEM,Authoritative state updated,
EVT-001771,IN-DL-110054-4-3,1975-01-01 12:00:00,PARCEL_CREATED,,V1,CANONICAL_SEED,SYSTEM,Initial cadastral creation,
EVT-001772,IN-DL-110054-4-3,2026-06-20 09:00:00,SOURCE_IMPORTED,V1,V1,INGESTION_PIPELINE,SYSTEM,5 observations linked,
EVT-001773,IN-DL-110054-4-3,2026-07-08 14:00:00,MATCH_PROPOSED,V1,P1,MATCHING_ENGINE,SYSTEM,Cross-source match proposed,
EVT-001774,IN-DL-110054-4-3,2026-09-10 14:00:00,PROPOSAL_ACCEPTED,P1,V2,POLICY_GATE,AUTHORITY,Proposed state accepted,
EVT-001775,IN-DL-110054-4-3,2026-09-10 14:05:00,CANONICAL_STATE_UPDATED,V1,V2,CANONICAL_REGISTRY,SYSTEM,Authoritative state updated,
EVT-001776,IN-DL-110054-4-4,1976-01-01 12:00:00,PARCEL_CREATED,,V1,CANONICAL_SEED,SYSTEM,Initial cadastral creation,
EVT-001777,IN-DL-110054-4-4,2026-06-20 09:00:00,SOURCE_IMPORTED,V1,V1,INGESTION_PIPELINE,SYSTEM,5 observations linked,
EVT-001778,IN-DL-110054-4-4,2026-07-01 11:00:00,CONFLICT_DETECTED,V1,V1,CONFLICT_ENGINE,SYSTEM,1 conflicts detected,
EVT-001779,IN-DL-110054-4-4,2026-07-08 14:00:00,MATCH_PROPOSED,V1,P1,MATCHING_ENGINE,SYSTEM,Cross-source match proposed,
EVT-001780,IN-DL-110054-4-4,2026-09-05 11:00:00,HUMAN_REVIEW,P1,P2,REVIEW_WORKSPACE,HUMAN_REVIEWER,Legal/operational conflict requires decision,
EVT-001781,IN-DL-110054-4-5,1977-01-01 12:00:00,PARCEL_CREATED,,V1,CANONICAL_SEED,SYSTEM,Initial cadastral creation,
EVT-001782,IN-DL-110054-4-5,2026-06-20 09:00:00,SOURCE_IMPORTED,V1,V1,INGESTION_PIPELINE,SYSTEM,6 observations linked,
EVT-001783,IN-DL-110054-4-5,2026-07-08 14:00:00,MATCH_PROPOSED,V1,P1,MATCHING_ENGINE,SYSTEM,Cross-source match proposed,
EVT-001784,IN-DL-110054-4-5,2026-09-10 14:00:00,PROPOSAL_ACCEPTED,P1,V2,POLICY_GATE,AUTHORITY,Proposed state accepted,
EVT-001785,IN-DL-110054-4-5,2026-09-10 14:05:00,CANONICAL_STATE_UPDATED,V1,V2,CANONICAL_REGISTRY,SYSTEM,Authoritative state updated,
EVT-001786,IN-DL-110054-4-6,1978-01-01 12:00:00,PARCEL_CREATED,,V1,CANONICAL_SEED,SYSTEM,Initial cadastral creation,
EVT-001787,IN-DL-110054-4-6,2026-06-20 09:00:00,SOURCE_IMPORTED,V1,V1,INGESTION_PIPELINE,SYSTEM,4 observations linked,
EVT-001788,IN-DL-110054-4-6,2026-07-08 14:00:00,MATCH_PROPOSED,V1,P1,MATCHING_ENGINE,SYSTEM,Cross-source match proposed,
EVT-001789,IN-DL-110054-4-6,2026-09-10 14:00:00,PROPOSAL_ACCEPTED,P1,V2,POLICY_GATE,AUTHORITY,Proposed state accepted,
EVT-001790,IN-DL-110054-4-6,2026-09-10 14:05:00,CANONICAL_STATE_UPDATED,V1,V2,CANONICAL_REGISTRY,SYSTEM,Authoritative state updated,
EVT-001791,IN-DL-110054-4-7,1972-01-01 12:00:00,PARCEL_CREATED,,V1,CANONICAL_SEED,SYSTEM,Initial cadastral creation,
EVT-001792,IN-DL-110054-4-7,2026-06-20 09:00:00,SOURCE_IMPORTED,V1,V1,INGESTION_PIPELINE,SYSTEM,4 observations linked,
EVT-001793,IN-DL-110054-4-7,2026-07-08 14:00:00,MATCH_PROPOSED,V1,P1,MATCHING_ENGINE,SYSTEM,Cross-source match proposed,
EVT-001794,IN-DL-110054-4-7,2026-09-10 14:00:00,PROPOSAL_ACCEPTED,P1,V2,POLICY_GATE,AUTHORITY,Proposed state accepted,
EVT-001795,IN-DL-110054-4-7,2026-09-10 14:05:00,CANONICAL_STATE_UPDATED,V1,V2,CANONICAL_REGISTRY,SYSTEM,Authoritative state updated,
EVT-001796,IN-DL-110054-4-8,1973-01-01 12:00:00,PARCEL_CREATED,,V1,CANONICAL_SEED,SYSTEM,Initial cadastral creation,
EVT-001797,IN-DL-110054-4-8,2026-06-20 09:00:00,SOURCE_IMPORTED,V1,V1,INGESTION_PIPELINE,SYSTEM,5 observations linked,
EVT-001798,IN-DL-110054-4-8,2026-07-01 11:00:00,CONFLICT_DETECTED,V1,V1,CONFLICT_ENGINE,SYSTEM,2 conflicts detected,
EVT-001799,IN-DL-110054-4-8,2026-07-08 14:00:00,MATCH_PROPOSED,V1,P1,MATCHING_ENGINE,SYSTEM,Cross-source match proposed,
EVT-001800,IN-DL-110054-4-8,2026-08-06 10:00:00,EVIDENCE_ADDED,P1,P2,FIELD_SURVEY,SURVEYOR,GNSS/CORS evidence attached,
EVT-001801,IN-DL-110054-4-8,2026-09-05 11:00:00,HUMAN_REVIEW,P2,P2,REVIEW_WORKSPACE,HUMAN_REVIEWER,Legal/operational conflict requires decision,
EVT-001802,IN-DL-110054-4-9,1974-01-01 12:00:00,PARCEL_CREATED,,V1,CANONICAL_SEED,SYSTEM,Initial cadastral creation,
EVT-001803,IN-DL-110054-4-9,2026-06-20 09:00:00,SOURCE_IMPORTED,V1,V1,INGESTION_PIPELINE,SYSTEM,5 observations linked,
EVT-001804,IN-DL-110054-4-9,2026-07-08 14:00:00,MATCH_PROPOSED,V1,P1,MATCHING_ENGINE,SYSTEM,Cross-source match proposed,
EVT-001805,IN-DL-110054-4-9,2026-09-10 14:00:00,PROPOSAL_ACCEPTED,P1,V2,POLICY_GATE,AUTHORITY,Proposed state accepted,
EVT-001806,IN-DL-110054-4-9,2026-09-10 14:05:00,CANONICAL_STATE_UPDATED,V1,V2,CANONICAL_REGISTRY,SYSTEM,Authoritative state updated,
EVT-001807,IN-DL-110054-4-10,1975-01-01 12:00:00,PARCEL_CREATED,,V1,CANONICAL_SEED,SYSTEM,Initial cadastral creation,
EVT-001808,IN-DL-110054-4-10,2026-06-20 09:00:00,SOURCE_IMPORTED,V1,V1,INGESTION_PIPELINE,SYSTEM,3 observations linked,
EVT-001809,IN-DL-110054-4-10,2026-07-01 11:00:00,CONFLICT_DETECTED,V1,V1,CONFLICT_ENGINE,SYSTEM,1 conflicts detected,
EVT-001810,IN-DL-110054-4-10,2026-07-08 14:00:00,MATCH_PROPOSED,V1,P1,MATCHING_ENGINE,SYSTEM,Cross-source match proposed,
EVT-001811,IN-DL-110054-4-10,2026-09-10 14:00:00,PROPOSAL_ACCEPTED,P1,V2,POLICY_GATE,AUTHORITY,Proposed state accepted,
EVT-001812,IN-DL-110054-4-10,2026-09-10 14:05:00,CANONICAL_STATE_UPDATED,V1,V2,CANONICAL_REGISTRY,SYSTEM,Authoritative state updated,
EVT-001813,IN-DL-110054-4-11,1976-01-01 12:00:00,PARCEL_CREATED,,V1,CANONICAL_SEED,SYSTEM,Initial cadastral creation,
EVT-001814,IN-DL-110054-4-11,2026-06-20 09:00:00,SOURCE_IMPORTED,V1,V1,INGESTION_PIPELINE,SYSTEM,5 observations linked,
EVT-001815,IN-DL-110054-4-11,2026-07-08 14:00:00,MATCH_PROPOSED,V1,P1,MATCHING_ENGINE,SYSTEM,Cross-source match proposed,
EVT-001816,IN-DL-110054-4-11,2026-09-10 14:00:00,PROPOSAL_ACCEPTED,P1,V2,POLICY_GATE,AUTHORITY,Proposed state accepted,
EVT-001817,IN-DL-110054-4-11,2026-09-10 14:05:00,CANONICAL_STATE_UPDATED,V1,V2,CANONICAL_REGISTRY,SYSTEM,Authoritative state updated,
EVT-001818,IN-DL-110054-4-12,1977-01-01 12:00:00,PARCEL_CREATED,,V1,CANONICAL_SEED,SYSTEM,Initial cadastral creation,
EVT-001819,IN-DL-110054-4-12,2026-06-20 09:00:00,SOURCE_IMPORTED,V1,V1,INGESTION_PIPELINE,SYSTEM,3 observations linked,
EVT-001820,IN-DL-110054-4-12,2026-07-01 11:00:00,CONFLICT_DETECTED,V1,V1,CONFLICT_ENGINE,SYSTEM,1 conflicts detected,
EVT-001821,IN-DL-110054-4-12,2026-07-08 14:00:00,MATCH_PROPOSED,V1,P1,MATCHING_ENGINE,SYSTEM,Cross-source match proposed,
EVT-001822,IN-DL-110054-4-12,2026-09-10 14:00:00,PROPOSAL_ACCEPTED,P1,V2,POLICY_GATE,AUTHORITY,Proposed state accepted,
EVT-001823,IN-DL-110054-4-12,2026-09-10 14:05:00,CANONICAL_STATE_UPDATED,V1,V2,CANONICAL_REGISTRY,SYSTEM,Authoritative state updated,
EVT-001824,IN-DL-110054-4-13,1978-01-01 12:00:00,PARCEL_CREATED,,V1,CANONICAL_SEED,SYSTEM,Initial cadastral creation,
EVT-001825,IN-DL-110054-4-13,2026-06-20 09:00:00,SOURCE_IMPORTED,V1,V1,INGESTION_PIPELINE,SYSTEM,5 observations linked,
EVT-001826,IN-DL-110054-4-13,2026-07-08 14:00:00,MATCH_PROPOSED,V1,P1,MATCHING_ENGINE,SYSTEM,Cross-source match proposed,
EVT-001827,IN-DL-110054-4-13,2026-09-10 14:00:00,PROPOSAL_ACCEPTED,P1,V2,POLICY_GATE,AUTHORITY,Proposed state accepted,
EVT-001828,IN-DL-110054-4-13,2026-09-10 14:05:00,CANONICAL_STATE_UPDATED,V1,V2,CANONICAL_REGISTRY,SYSTEM,Authoritative state updated,
EVT-001829,IN-DL-110054-4-14,1972-01-01 12:00:00,PARCEL_CREATED,,V1,CANONICAL_SEED,SYSTEM,Initial cadastral creation,
EVT-001830,IN-DL-110054-4-14,2026-06-20 09:00:00,SOURCE_IMPORTED,V1,V1,INGESTION_PIPELINE,SYSTEM,5 observations linked,
EVT-001831,IN-DL-110054-4-14,2026-07-08 14:00:00,MATCH_PROPOSED,V1,P1,MATCHING_ENGINE,SYSTEM,Cross-source match proposed,
EVT-001832,IN-DL-110054-4-14,2026-09-10 14:00:00,PROPOSAL_ACCEPTED,P1,V2,POLICY_GATE,AUTHORITY,Proposed state accepted,
EVT-001833,IN-DL-110054-4-14,2026-09-10 14:05:00,CANONICAL_STATE_UPDATED,V1,V2,CANONICAL_REGISTRY,SYSTEM,Authoritative state updated,
EVT-001834,IN-DL-110054-4-15,1973-01-01 12:00:00,PARCEL_CREATED,,V1,CANONICAL_SEED,SYSTEM,Initial cadastral creation,
EVT-001835,IN-DL-110054-4-15,2026-06-20 09:00:00,SOURCE_IMPORTED,V1,V1,INGESTION_PIPELINE,SYSTEM,4 observations linked,
EVT-001836,IN-DL-110054-4-15,2026-07-01 11:00:00,CONFLICT_DETECTED,V1,V1,CONFLICT_ENGINE,SYSTEM,1 conflicts detected,
EVT-001837,IN-DL-110054-4-15,2026-07-08 14:00:00,MATCH_PROPOSED,V1,P1,MATCHING_ENGINE,SYSTEM,Cross-source match proposed,
EVT-001838,IN-DL-110054-4-15,2026-09-10 14:00:00,PROPOSAL_ACCEPTED,P1,V2,POLICY_GATE,AUTHORITY,Proposed state accepted,
EVT-001839,IN-DL-110054-4-15,2026-09-10 14:05:00,CANONICAL_STATE_UPDATED,V1,V2,CANONICAL_REGISTRY,SYSTEM,Authoritative state updated,
EVT-001840,IN-DL-110054-4-16,1974-01-01 12:00:00,PARCEL_CREATED,,V1,CANONICAL_SEED,SYSTEM,Initial cadastral creation,
EVT-001841,IN-DL-110054-4-16,2026-06-20 09:00:00,SOURCE_IMPORTED,V1,V1,INGESTION_PIPELINE,SYSTEM,4 observations linked,
EVT-001842,IN-DL-110054-4-16,2026-07-08 14:00:00,MATCH_PROPOSED,V1,P1,MATCHING_ENGINE,SYSTEM,Cross-source match proposed,
EVT-001843,IN-DL-110054-4-16,2026-09-10 14:00:00,PROPOSAL_ACCEPTED,P1,V2,POLICY_GATE,AUTHORITY,Proposed state accepted,
EVT-001844,IN-DL-110054-4-16,2026-09-10 14:05:00,CANONICAL_STATE_UPDATED,V1,V2,CANONICAL_REGISTRY,SYSTEM,Authoritative state updated,
EVT-001845,IN-DL-110054-4-17,1975-01-01 12:00:00,PARCEL_CREATED,,V1,CANONICAL_SEED,SYSTEM,Initial cadastral creation,
EVT-001846,IN-DL-110054-4-17,2026-06-20 09:00:00,SOURCE_IMPORTED,V1,V1,INGESTION_PIPELINE,SYSTEM,5 observations linked,
EVT-001847,IN-DL-110054-4-17,2026-07-08 14:00:00,MATCH_PROPOSED,V1,P1,MATCHING_ENGINE,SYSTEM,Cross-source match proposed,
EVT-001848,IN-DL-110054-4-17,2026-09-10 14:00:00,PROPOSAL_ACCEPTED,P1,V2,POLICY_GATE,AUTHORITY,Proposed state accepted,
EVT-001849,IN-DL-110054-4-17,2026-09-10 14:05:00,CANONICAL_STATE_UPDATED,V1,V2,CANONICAL_REGISTRY,SYSTEM,Authoritative state updated,
EVT-001850,IN-DL-110054-4-18,1976-01-01 12:00:00,PARCEL_CREATED,,V1,CANONICAL_SEED,SYSTEM,Initial cadastral creation,
EVT-001851,IN-DL-110054-4-18,2026-06-20 09:00:00,SOURCE_IMPORTED,V1,V1,INGESTION_PIPELINE,SYSTEM,4 observations linked,
EVT-001852,IN-DL-110054-4-18,2026-07-01 11:00:00,CONFLICT_DETECTED,V1,V1,CONFLICT_ENGINE,SYSTEM,1 conflicts detected,
EVT-001853,IN-DL-110054-4-18,2026-07-08 14:00:00,MATCH_PROPOSED,V1,P1,MATCHING_ENGINE,SYSTEM,Cross-source match proposed,
EVT-001854,IN-DL-110054-4-18,2026-09-10 14:00:00,PROPOSAL_ACCEPTED,P1,V2,POLICY_GATE,AUTHORITY,Proposed state accepted,
EVT-001855,IN-DL-110054-4-18,2026-09-10 14:05:00,CANONICAL_STATE_UPDATED,V1,V2,CANONICAL_REGISTRY,SYSTEM,Authoritative state updated,
EVT-001856,IN-DL-110054-4-19,1977-01-01 12:00:00,PARCEL_CREATED,,V1,CANONICAL_SEED,SYSTEM,Initial cadastral creation,
EVT-001857,IN-DL-110054-4-19,2026-06-20 09:00:00,SOURCE_IMPORTED,V1,V1,INGESTION_PIPELINE,SYSTEM,5 observations linked,
EVT-001858,IN-DL-110054-4-19,2026-07-08 14:00:00,MATCH_PROPOSED,V1,P1,MATCHING_ENGINE,SYSTEM,Cross-source match proposed,
EVT-001859,IN-DL-110054-4-19,2026-09-10 14:00:00,PROPOSAL_ACCEPTED,P1,V2,POLICY_GATE,AUTHORITY,Proposed state accepted,
EVT-001860,IN-DL-110054-4-19,2026-09-10 14:05:00,CANONICAL_STATE_UPDATED,V1,V2,CANONICAL_REGISTRY,SYSTEM,Authoritative state updated,
EVT-001861,IN-DL-110054-4-20,1978-01-01 12:00:00,PARCEL_CREATED,,V1,CANONICAL_SEED,SYSTEM,Initial cadastral creation,
EVT-001862,IN-DL-110054-4-20,2026-06-20 09:00:00,SOURCE_IMPORTED,V1,V1,INGESTION_PIPELINE,SYSTEM,4 observations linked,
EVT-001863,IN-DL-110054-4-20,2026-07-01 11:00:00,CONFLICT_DETECTED,V1,V1,CONFLICT_ENGINE,SYSTEM,1 conflicts detected,
EVT-001864,IN-DL-110054-4-20,2026-07-08 14:00:00,MATCH_PROPOSED,V1,P1,MATCHING_ENGINE,SYSTEM,Cross-source match proposed,
EVT-001865,IN-DL-110054-4-20,2026-09-10 14:00:00,PROPOSAL_ACCEPTED,P1,V2,POLICY_GATE,AUTHORITY,Proposed state accepted,
EVT-001866,IN-DL-110054-4-20,2026-09-10 14:05:00,CANONICAL_STATE_UPDATED,V1,V2,CANONICAL_REGISTRY,SYSTEM,Authoritative state updated,
EVT-001867,IN-DL-110054-4-21,1972-01-01 12:00:00,PARCEL_CREATED,,V1,CANONICAL_SEED,SYSTEM,Initial cadastral creation,
EVT-001868,IN-DL-110054-4-21,2026-06-20 09:00:00,SOURCE_IMPORTED,V1,V1,INGESTION_PIPELINE,SYSTEM,5 observations linked,
EVT-001869,IN-DL-110054-4-21,2026-07-01 11:00:00,CONFLICT_DETECTED,V1,V1,CONFLICT_ENGINE,SYSTEM,2 conflicts detected,
EVT-001870,IN-DL-110054-4-21,2026-07-08 14:00:00,MATCH_PROPOSED,V1,P1,MATCHING_ENGINE,SYSTEM,Cross-source match proposed,
EVT-001871,IN-DL-110054-4-21,2026-09-05 11:00:00,HUMAN_REVIEW,P1,P2,REVIEW_WORKSPACE,HUMAN_REVIEWER,Legal/operational conflict requires decision,
EVT-001872,IN-DL-110054-4-22,1973-01-01 12:00:00,PARCEL_CREATED,,V1,CANONICAL_SEED,SYSTEM,Initial cadastral creation,
EVT-001873,IN-DL-110054-4-22,2026-06-20 09:00:00,SOURCE_IMPORTED,V1,V1,INGESTION_PIPELINE,SYSTEM,5 observations linked,
EVT-001874,IN-DL-110054-4-22,2026-07-08 14:00:00,MATCH_PROPOSED,V1,P1,MATCHING_ENGINE,SYSTEM,Cross-source match proposed,
EVT-001875,IN-DL-110054-4-22,2026-09-10 14:00:00,PROPOSAL_ACCEPTED,P1,V2,POLICY_GATE,AUTHORITY,Proposed state accepted,
EVT-001876,IN-DL-110054-4-22,2026-09-10 14:05:00,CANONICAL_STATE_UPDATED,V1,V2,CANONICAL_REGISTRY,SYSTEM,Authoritative state updated,
EVT-001877,IN-DL-110054-4-23,1974-01-01 12:00:00,PARCEL_CREATED,,V1,CANONICAL_SEED,SYSTEM,Initial cadastral creation,
EVT-001878,IN-DL-110054-4-23,2026-06-20 09:00:00,SOURCE_IMPORTED,V1,V1,INGESTION_PIPELINE,SYSTEM,3 observations linked,
EVT-001879,IN-DL-110054-4-23,2026-07-08 14:00:00,MATCH_PROPOSED,V1,P1,MATCHING_ENGINE,SYSTEM,Cross-source match proposed,
EVT-001880,IN-DL-110054-4-23,2026-09-10 14:00:00,PROPOSAL_ACCEPTED,P1,V2,POLICY_GATE,AUTHORITY,Proposed state accepted,
EVT-001881,IN-DL-110054-4-23,2026-09-10 14:05:00,CANONICAL_STATE_UPDATED,V1,V2,CANONICAL_REGISTRY,SYSTEM,Authoritative state updated,
EVT-001882,IN-DL-110054-4-24,1975-01-01 12:00:00,PARCEL_CREATED,,V1,CANONICAL_SEED,SYSTEM,Initial cadastral creation,
EVT-001883,IN-DL-110054-4-24,2026-06-20 09:00:00,SOURCE_IMPORTED,V1,V1,INGESTION_PIPELINE,SYSTEM,6 observations linked,
EVT-001884,IN-DL-110054-4-24,2026-07-01 11:00:00,CONFLICT_DETECTED,V1,V1,CONFLICT_ENGINE,SYSTEM,2 conflicts detected,
EVT-001885,IN-DL-110054-4-24,2026-07-08 14:00:00,MATCH_PROPOSED,V1,P1,MATCHING_ENGINE,SYSTEM,Cross-source match proposed,
EVT-001886,IN-DL-110054-4-24,2026-09-05 11:00:00,HUMAN_REVIEW,P1,P2,REVIEW_WORKSPACE,HUMAN_REVIEWER,Legal/operational conflict requires decision,
EVT-001887,IN-DL-110054-4-25,1976-01-01 12:00:00,PARCEL_CREATED,,V1,CANONICAL_SEED,SYSTEM,Initial cadastral creation,
EVT-001888,IN-DL-110054-4-25,2026-06-20 09:00:00,SOURCE_IMPORTED,V1,V1,INGESTION_PIPELINE,SYSTEM,6 observations linked,
EVT-001889,IN-DL-110054-4-25,2026-07-01 11:00:00,CONFLICT_DETECTED,V1,V1,CONFLICT_ENGINE,SYSTEM,1 conflicts detected,
EVT-001890,IN-DL-110054-4-25,2026-07-08 14:00:00,MATCH_PROPOSED,V1,P1,MATCHING_ENGINE,SYSTEM,Cross-source match proposed,
EVT-001891,IN-DL-110054-4-25,2026-08-06 10:00:00,EVIDENCE_ADDED,P1,P2,FIELD_SURVEY,SURVEYOR,GNSS/CORS evidence attached,
EVT-001892,IN-DL-110054-4-25,2026-09-05 11:00:00,HUMAN_REVIEW,P2,P2,REVIEW_WORKSPACE,HUMAN_REVIEWER,Legal/operational conflict requires decision,
EVT-001893,IN-DL-110054-4-26,1977-01-01 12:00:00,PARCEL_CREATED,,V1,CANONICAL_SEED,SYSTEM,Initial cadastral creation,
EVT-001894,IN-DL-110054-4-26,2026-06-20 09:00:00,SOURCE_IMPORTED,V1,V1,INGESTION_PIPELINE,SYSTEM,4 observations linked,
EVT-001895,IN-DL-110054-4-26,2026-07-08 14:00:00,MATCH_PROPOSED,V1,P1,MATCHING_ENGINE,SYSTEM,Cross-source match proposed,
EVT-001896,IN-DL-110054-4-26,2026-08-06 10:00:00,EVIDENCE_ADDED,P1,P2,FIELD_SURVEY,SURVEYOR,GNSS/CORS evidence attached,
EVT-001897,IN-DL-110054-4-26,2026-09-10 14:00:00,PROPOSAL_ACCEPTED,P2,V2,POLICY_GATE,AUTHORITY,Proposed state accepted,
EVT-001898,IN-DL-110054-4-26,2026-09-10 14:05:00,CANONICAL_STATE_UPDATED,V1,V2,CANONICAL_REGISTRY,SYSTEM,Authoritative state updated,
EVT-001899,IN-DL-110054-4-27,1978-01-01 12:00:00,PARCEL_CREATED,,V1,CANONICAL_SEED,SYSTEM,Initial cadastral creation,
EVT-001900,IN-DL-110054-4-27,2026-06-20 09:00:00,SOURCE_IMPORTED,V1,V1,INGESTION_PIPELINE,SYSTEM,4 observations linked,
EVT-001901,IN-DL-110054-4-27,2026-07-08 14:00:00,MATCH_PROPOSED,V1,P1,MATCHING_ENGINE,SYSTEM,Cross-source match proposed,
EVT-001902,IN-DL-110054-4-27,2026-09-10 14:00:00,PROPOSAL_ACCEPTED,P1,V2,POLICY_GATE,AUTHORITY,Proposed state accepted,
EVT-001903,IN-DL-110054-4-27,2026-09-10 14:05:00,CANONICAL_STATE_UPDATED,V1,V2,CANONICAL_REGISTRY,SYSTEM,Authoritative state updated,
EVT-001904,IN-DL-110054-4-28,1972-01-01 12:00:00,PARCEL_CREATED,,V1,CANONICAL_SEED,SYSTEM,Initial cadastral creation,
EVT-001905,IN-DL-110054-4-28,2026-06-20 09:00:00,SOURCE_IMPORTED,V1,V1,INGESTION_PIPELINE,SYSTEM,2 observations linked,
EVT-001906,IN-DL-110054-4-28,2026-07-08 14:00:00,MATCH_PROPOSED,V1,P1,MATCHING_ENGINE,SYSTEM,Cross-source match proposed,
EVT-001907,IN-DL-110054-4-28,2026-09-10 14:00:00,PROPOSAL_ACCEPTED,P1,V2,POLICY_GATE,AUTHORITY,Proposed state accepted,
EVT-001908,IN-DL-110054-4-28,2026-09-10 14:05:00,CANONICAL_STATE_UPDATED,V1,V2,CANONICAL_REGISTRY,SYSTEM,Authoritative state updated,
EVT-001909,IN-DL-110054-4-29,1973-01-01 12:00:00,PARCEL_CREATED,,V1,CANONICAL_SEED,SYSTEM,Initial cadastral creation,
EVT-001910,IN-DL-110054-4-29,2026-06-20 09:00:00,SOURCE_IMPORTED,V1,V1,INGESTION_PIPELINE,SYSTEM,3 observations linked,
EVT-001911,IN-DL-110054-4-29,2026-07-08 14:00:00,MATCH_PROPOSED,V1,P1,MATCHING_ENGINE,SYSTEM,Cross-source match proposed,
EVT-001912,IN-DL-110054-4-29,2026-09-10 14:00:00,PROPOSAL_ACCEPTED,P1,V2,POLICY_GATE,AUTHORITY,Proposed state accepted,
EVT-001913,IN-DL-110054-4-29,2026-09-10 14:05:00,CANONICAL_STATE_UPDATED,V1,V2,CANONICAL_REGISTRY,SYSTEM,Authoritative state updated,
EVT-001914,IN-DL-110054-4-30,1974-01-01 12:00:00,PARCEL_CREATED,,V1,CANONICAL_SEED,SYSTEM,Initial cadastral creation,
EVT-001915,IN-DL-110054-4-30,2026-06-20 09:00:00,SOURCE_IMPORTED,V1,V1,INGESTION_PIPELINE,SYSTEM,5 observations linked,
EVT-001916,IN-DL-110054-4-30,2026-07-01 11:00:00,CONFLICT_DETECTED,V1,V1,CONFLICT_ENGINE,SYSTEM,2 conflicts detected,
EVT-001917,IN-DL-110054-4-30,2026-07-08 14:00:00,MATCH_PROPOSED,V1,P1,MATCHING_ENGINE,SYSTEM,Cross-source match proposed,
EVT-001918,IN-DL-110054-4-30,2026-09-10 14:00:00,PROPOSAL_ACCEPTED,P1,V2,POLICY_GATE,AUTHORITY,Proposed state accepted,
EVT-001919,IN-DL-110054-4-30,2026-09-10 14:05:00,CANONICAL_STATE_UPDATED,V1,V2,CANONICAL_REGISTRY,SYSTEM,Authoritative state updated,
EVT-001920,IN-DL-110054-4-31,1975-01-01 12:00:00,PARCEL_CREATED,,V1,CANONICAL_SEED,SYSTEM,Initial cadastral creation,
EVT-001921,IN-DL-110054-4-31,2026-06-20 09:00:00,SOURCE_IMPORTED,V1,V1,INGESTION_PIPELINE,SYSTEM,5 observations linked,
EVT-001922,IN-DL-110054-4-31,2026-07-08 14:00:00,MATCH_PROPOSED,V1,P1,MATCHING_ENGINE,SYSTEM,Cross-source match proposed,
EVT-001923,IN-DL-110054-4-31,2026-09-10 14:00:00,PROPOSAL_ACCEPTED,P1,V2,POLICY_GATE,AUTHORITY,Proposed state accepted,
EVT-001924,IN-DL-110054-4-31,2026-09-10 14:05:00,CANONICAL_STATE_UPDATED,V1,V2,CANONICAL_REGISTRY,SYSTEM,Authoritative state updated,
EVT-001925,IN-DL-110054-4-32,1976-01-01 12:00:00,PARCEL_CREATED,,V1,CANONICAL_SEED,SYSTEM,Initial cadastral creation,
EVT-001926,IN-DL-110054-4-32,2026-06-20 09:00:00,SOURCE_IMPORTED,V1,V1,INGESTION_PIPELINE,SYSTEM,3 observations linked,
EVT-001927,IN-DL-110054-4-32,2026-07-08 14:00:00,MATCH_PROPOSED,V1,P1,MATCHING_ENGINE,SYSTEM,Cross-source match proposed,
EVT-001928,IN-DL-110054-4-32,2026-09-10 14:00:00,PROPOSAL_ACCEPTED,P1,V2,POLICY_GATE,AUTHORITY,Proposed state accepted,
EVT-001929,IN-DL-110054-4-32,2026-09-10 14:05:00,CANONICAL_STATE_UPDATED,V1,V2,CANONICAL_REGISTRY,SYSTEM,Authoritative state updated,
EVT-001930,IN-DL-110054-4-33,1977-01-01 12:00:00,PARCEL_CREATED,,V1,CANONICAL_SEED,SYSTEM,Initial cadastral creation,
EVT-001931,IN-DL-110054-4-33,2026-06-20 09:00:00,SOURCE_IMPORTED,V1,V1,INGESTION_PIPELINE,SYSTEM,5 observations linked,
EVT-001932,IN-DL-110054-4-33,2026-07-08 14:00:00,MATCH_PROPOSED,V1,P1,MATCHING_ENGINE,SYSTEM,Cross-source match proposed,
EVT-001933,IN-DL-110054-4-33,2026-08-06 10:00:00,EVIDENCE_ADDED,P1,P2,FIELD_SURVEY,SURVEYOR,GNSS/CORS evidence attached,
EVT-001934,IN-DL-110054-4-33,2026-09-10 14:00:00,PROPOSAL_ACCEPTED,P2,V2,POLICY_GATE,AUTHORITY,Proposed state accepted,
EVT-001935,IN-DL-110054-4-33,2026-09-10 14:05:00,CANONICAL_STATE_UPDATED,V1,V2,CANONICAL_REGISTRY,SYSTEM,Authoritative state updated,
EVT-001936,IN-DL-110054-4-34,1978-01-01 12:00:00,PARCEL_CREATED,,V1,CANONICAL_SEED,SYSTEM,Initial cadastral creation,
EVT-001937,IN-DL-110054-4-34,2026-06-20 09:00:00,SOURCE_IMPORTED,V1,V1,INGESTION_PIPELINE,SYSTEM,5 observations linked,
EVT-001938,IN-DL-110054-4-34,2026-07-01 11:00:00,CONFLICT_DETECTED,V1,V1,CONFLICT_ENGINE,SYSTEM,1 conflicts detected,
EVT-001939,IN-DL-110054-4-34,2026-07-08 14:00:00,MATCH_PROPOSED,V1,P1,MATCHING_ENGINE,SYSTEM,Cross-source match proposed,
EVT-001940,IN-DL-110054-4-34,2026-08-06 10:00:00,EVIDENCE_ADDED,P1,P2,FIELD_SURVEY,SURVEYOR,GNSS/CORS evidence attached,
EVT-001941,IN-DL-110054-4-34,2026-09-05 11:00:00,HUMAN_REVIEW,P2,P2,REVIEW_WORKSPACE,HUMAN_REVIEWER,Legal/operational conflict requires decision,
EVT-001942,IN-DL-110054-4-35,1972-01-01 12:00:00,PARCEL_CREATED,,V1,CANONICAL_SEED,SYSTEM,Initial cadastral creation,
EVT-001943,IN-DL-110054-4-35,2026-06-20 09:00:00,SOURCE_IMPORTED,V1,V1,INGESTION_PIPELINE,SYSTEM,5 observations linked,
EVT-001944,IN-DL-110054-4-35,2026-07-01 11:00:00,CONFLICT_DETECTED,V1,V1,CONFLICT_ENGINE,SYSTEM,1 conflicts detected,
EVT-001945,IN-DL-110054-4-35,2026-07-08 14:00:00,MATCH_PROPOSED,V1,P1,MATCHING_ENGINE,SYSTEM,Cross-source match proposed,
EVT-001946,IN-DL-110054-4-35,2026-09-05 11:00:00,HUMAN_REVIEW,P1,P2,REVIEW_WORKSPACE,HUMAN_REVIEWER,Legal/operational conflict requires decision,
EVT-001947,IN-DL-110054-4-36,1973-01-01 12:00:00,PARCEL_CREATED,,V1,CANONICAL_SEED,SYSTEM,Initial cadastral creation,
EVT-001948,IN-DL-110054-4-36,2026-06-20 09:00:00,SOURCE_IMPORTED,V1,V1,INGESTION_PIPELINE,SYSTEM,4 observations linked,
EVT-001949,IN-DL-110054-4-36,2026-07-01 11:00:00,CONFLICT_DETECTED,V1,V1,CONFLICT_ENGINE,SYSTEM,1 conflicts detected,
EVT-001950,IN-DL-110054-4-36,2026-07-08 14:00:00,MATCH_PROPOSED,V1,P1,MATCHING_ENGINE,SYSTEM,Cross-source match proposed,
EVT-001951,IN-DL-110054-4-36,2026-09-10 14:00:00,PROPOSAL_ACCEPTED,P1,V2,POLICY_GATE,AUTHORITY,Proposed state accepted,
EVT-001952,IN-DL-110054-4-36,2026-09-10 14:05:00,CANONICAL_STATE_UPDATED,V1,V2,CANONICAL_REGISTRY,SYSTEM,Authoritative state updated,
EVT-001953,IN-DL-110054-4-37,1974-01-01 12:00:00,PARCEL_CREATED,,V1,CANONICAL_SEED,SYSTEM,Initial cadastral creation,
EVT-001954,IN-DL-110054-4-37,2026-06-20 09:00:00,SOURCE_IMPORTED,V1,V1,INGESTION_PIPELINE,SYSTEM,4 observations linked,
EVT-001955,IN-DL-110054-4-37,2026-07-01 11:00:00,CONFLICT_DETECTED,V1,V1,CONFLICT_ENGINE,SYSTEM,1 conflicts detected,
EVT-001956,IN-DL-110054-4-37,2026-07-08 14:00:00,MATCH_PROPOSED,V1,P1,MATCHING_ENGINE,SYSTEM,Cross-source match proposed,
EVT-001957,IN-DL-110054-4-37,2026-09-05 12:00:00,HUMAN_REVIEW,P1,P1,REVIEW_WORKSPACE,HUMAN_REVIEWER,Additional evidence requested,
EVT-001958,IN-DL-110054-4-38,1975-01-01 12:00:00,PARCEL_CREATED,,V1,CANONICAL_SEED,SYSTEM,Initial cadastral creation,
EVT-001959,IN-DL-110054-4-38,2026-06-20 09:00:00,SOURCE_IMPORTED,V1,V1,INGESTION_PIPELINE,SYSTEM,3 observations linked,
EVT-001960,IN-DL-110054-4-38,2026-07-08 14:00:00,MATCH_PROPOSED,V1,P1,MATCHING_ENGINE,SYSTEM,Cross-source match proposed,
EVT-001961,IN-DL-110054-4-38,2026-09-10 14:00:00,PROPOSAL_ACCEPTED,P1,V2,POLICY_GATE,AUTHORITY,Proposed state accepted,
EVT-001962,IN-DL-110054-4-38,2026-09-10 14:05:00,CANONICAL_STATE_UPDATED,V1,V2,CANONICAL_REGISTRY,SYSTEM,Authoritative state updated,
EVT-001963,IN-DL-110054-4-39,1976-01-01 12:00:00,PARCEL_CREATED,,V1,CANONICAL_SEED,SYSTEM,Initial cadastral creation,
EVT-001964,IN-DL-110054-4-39,2026-06-20 09:00:00,SOURCE_IMPORTED,V1,V1,INGESTION_PIPELINE,SYSTEM,6 observations linked,
EVT-001965,IN-DL-110054-4-39,2026-07-08 14:00:00,MATCH_PROPOSED,V1,P1,MATCHING_ENGINE,SYSTEM,Cross-source match proposed,
EVT-001966,IN-DL-110054-4-39,2026-09-10 14:00:00,PROPOSAL_ACCEPTED,P1,V2,POLICY_GATE,AUTHORITY,Proposed state accepted,
EVT-001967,IN-DL-110054-4-39,2026-09-10 14:05:00,CANONICAL_STATE_UPDATED,V1,V2,CANONICAL_REGISTRY,SYSTEM,Authoritative state updated,
EVT-001968,IN-DL-110054-4-40,1977-01-01 12:00:00,PARCEL_CREATED,,V1,CANONICAL_SEED,SYSTEM,Initial cadastral creation,
EVT-001969,IN-DL-110054-4-40,2026-06-20 09:00:00,SOURCE_IMPORTED,V1,V1,INGESTION_PIPELINE,SYSTEM,5 observations linked,
EVT-001970,IN-DL-110054-4-40,2026-07-01 11:00:00,CONFLICT_DETECTED,V1,V1,CONFLICT_ENGINE,SYSTEM,2 conflicts detected,
EVT-001971,IN-DL-110054-4-40,2026-07-08 14:00:00,MATCH_PROPOSED,V1,P1,MATCHING_ENGINE,SYSTEM,Cross-source match proposed,
EVT-001972,IN-DL-110054-4-40,2026-09-10 14:00:00,PROPOSAL_ACCEPTED,P1,V2,POLICY_GATE,AUTHORITY,Proposed state accepted,
EVT-001973,IN-DL-110054-4-40,2026-09-10 14:05:00,CANONICAL_STATE_UPDATED,V1,V2,CANONICAL_REGISTRY,SYSTEM,Authoritative state updated,
EVT-001974,IN-DL-110054-4-41,1978-01-01 12:00:00,PARCEL_CREATED,,V1,CANONICAL_SEED,SYSTEM,Initial cadastral creation,
EVT-001975,IN-DL-110054-4-41,2026-06-20 09:00:00,SOURCE_IMPORTED,V1,V1,INGESTION_PIPELINE,SYSTEM,4 observations linked,
EVT-001976,IN-DL-110054-4-41,2026-07-08 14:00:00,MATCH_PROPOSED,V1,P1,MATCHING_ENGINE,SYSTEM,Cross-source match proposed,
EVT-001977,IN-DL-110054-4-41,2026-09-10 14:00:00,PROPOSAL_ACCEPTED,P1,V2,POLICY_GATE,AUTHORITY,Proposed state accepted,
EVT-001978,IN-DL-110054-4-41,2026-09-10 14:05:00,CANONICAL_STATE_UPDATED,V1,V2,CANONICAL_REGISTRY,SYSTEM,Authoritative state updated,
EVT-001979,IN-DL-110054-4-42,1972-01-01 12:00:00,PARCEL_CREATED,,V1,CANONICAL_SEED,SYSTEM,Initial cadastral creation,
EVT-001980,IN-DL-110054-4-42,2026-06-20 09:00:00,SOURCE_IMPORTED,V1,V1,INGESTION_PIPELINE,SYSTEM,5 observations linked,
EVT-001981,IN-DL-110054-4-42,2026-07-08 14:00:00,MATCH_PROPOSED,V1,P1,MATCHING_ENGINE,SYSTEM,Cross-source match proposed,
EVT-001982,IN-DL-110054-4-42,2026-09-10 14:00:00,PROPOSAL_ACCEPTED,P1,V2,POLICY_GATE,AUTHORITY,Proposed state accepted,
EVT-001983,IN-DL-110054-4-42,2026-09-10 14:05:00,CANONICAL_STATE_UPDATED,V1,V2,CANONICAL_REGISTRY,SYSTEM,Authoritative state updated,
EVT-001984,IN-DL-110054-4-43,1973-01-01 12:00:00,PARCEL_CREATED,,V1,CANONICAL_SEED,SYSTEM,Initial cadastral creation,
EVT-001985,IN-DL-110054-4-43,2026-06-20 09:00:00,SOURCE_IMPORTED,V1,V1,INGESTION_PIPELINE,SYSTEM,5 observations linked,
EVT-001986,IN-DL-110054-4-43,2026-07-01 11:00:00,CONFLICT_DETECTED,V1,V1,CONFLICT_ENGINE,SYSTEM,1 conflicts detected,
EVT-001987,IN-DL-110054-4-43,2026-07-08 14:00:00,MATCH_PROPOSED,V1,P1,MATCHING_ENGINE,SYSTEM,Cross-source match proposed,
EVT-001988,IN-DL-110054-4-43,2026-09-10 14:00:00,PROPOSAL_ACCEPTED,P1,V2,POLICY_GATE,AUTHORITY,Proposed state accepted,
EVT-001989,IN-DL-110054-4-43,2026-09-10 14:05:00,CANONICAL_STATE_UPDATED,V1,V2,CANONICAL_REGISTRY,SYSTEM,Authoritative state updated,
EVT-001990,IN-DL-110054-4-44,1974-01-01 12:00:00,PARCEL_CREATED,,V1,CANONICAL_SEED,SYSTEM,Initial cadastral creation,
EVT-001991,IN-DL-110054-4-44,2026-06-20 09:00:00,SOURCE_IMPORTED,V1,V1,INGESTION_PIPELINE,SYSTEM,4 observations linked,
EVT-001992,IN-DL-110054-4-44,2026-07-08 14:00:00,MATCH_PROPOSED,V1,P1,MATCHING_ENGINE,SYSTEM,Cross-source match proposed,
EVT-001993,IN-DL-110054-4-44,2026-09-10 14:00:00,PROPOSAL_ACCEPTED,P1,V2,POLICY_GATE,AUTHORITY,Proposed state accepted,
EVT-001994,IN-DL-110054-4-44,2026-09-10 14:05:00,CANONICAL_STATE_UPDATED,V1,V2,CANONICAL_REGISTRY,SYSTEM,Authoritative state updated,
EVT-001995,IN-DL-110054-4-45,1975-01-01 12:00:00,PARCEL_CREATED,,V1,CANONICAL_SEED,SYSTEM,Initial cadastral creation,
EVT-001996,IN-DL-110054-4-45,2026-06-20 09:00:00,SOURCE_IMPORTED,V1,V1,INGESTION_PIPELINE,SYSTEM,5 observations linked,
EVT-001997,IN-DL-110054-4-45,2026-07-01 11:00:00,CONFLICT_DETECTED,V1,V1,CONFLICT_ENGINE,SYSTEM,2 conflicts detected,
EVT-001998,IN-DL-110054-4-45,2026-07-08 14:00:00,MATCH_PROPOSED,V1,P1,MATCHING_ENGINE,SYSTEM,Cross-source match proposed,
EVT-001999,IN-DL-110054-4-45,2026-08-06 10:00:00,EVIDENCE_ADDED,P1,P2,FIELD_SURVEY,SURVEYOR,GNSS/CORS evidence attached,
EVT-002000,IN-DL-110054-4-45,2026-09-05 11:00:00,HUMAN_REVIEW,P2,P2,REVIEW_WORKSPACE,HUMAN_REVIEWER,Legal/operational conflict requires decision,
EVT-002001,IN-DL-110054-4-46,1976-01-01 12:00:00,PARCEL_CREATED,,V1,CANONICAL_SEED,SYSTEM,Initial cadastral creation,
EVT-002002,IN-DL-110054-4-46,2026-06-20 09:00:00,SOURCE_IMPORTED,V1,V1,INGESTION_PIPELINE,SYSTEM,3 observations linked,
EVT-002003,IN-DL-110054-4-46,2026-07-08 14:00:00,MATCH_PROPOSED,V1,P1,MATCHING_ENGINE,SYSTEM,Cross-source match proposed,
EVT-002004,IN-DL-110054-4-46,2026-09-10 14:00:00,PROPOSAL_ACCEPTED,P1,V2,POLICY_GATE,AUTHORITY,Proposed state accepted,
EVT-002005,IN-DL-110054-4-46,2026-09-10 14:05:00,CANONICAL_STATE_UPDATED,V1,V2,CANONICAL_REGISTRY,SYSTEM,Authoritative state updated,
EVT-002006,IN-DL-110054-4-47,1977-01-01 12:00:00,PARCEL_CREATED,,V1,CANONICAL_SEED,SYSTEM,Initial cadastral creation,
EVT-002007,IN-DL-110054-4-47,2026-06-20 09:00:00,SOURCE_IMPORTED,V1,V1,INGESTION_PIPELINE,SYSTEM,3 observations linked,
EVT-002008,IN-DL-110054-4-47,2026-07-08 14:00:00,MATCH_PROPOSED,V1,P1,MATCHING_ENGINE,SYSTEM,Cross-source match proposed,
EVT-002009,IN-DL-110054-4-47,2026-09-10 14:00:00,PROPOSAL_ACCEPTED,P1,V2,POLICY_GATE,AUTHORITY,Proposed state accepted,
EVT-002010,IN-DL-110054-4-47,2026-09-10 14:05:00,CANONICAL_STATE_UPDATED,V1,V2,CANONICAL_REGISTRY,SYSTEM,Authoritative state updated,
EVT-002011,IN-DL-110054-4-48,1978-01-01 12:00:00,PARCEL_CREATED,,V1,CANONICAL_SEED,SYSTEM,Initial cadastral creation,
EVT-002012,IN-DL-110054-4-48,2026-06-20 09:00:00,SOURCE_IMPORTED,V1,V1,INGESTION_PIPELINE,SYSTEM,3 observations linked,
EVT-002013,IN-DL-110054-4-48,2026-07-01 11:00:00,CONFLICT_DETECTED,V1,V1,CONFLICT_ENGINE,SYSTEM,1 conflicts detected,
EVT-002014,IN-DL-110054-4-48,2026-07-08 14:00:00,MATCH_PROPOSED,V1,P1,MATCHING_ENGINE,SYSTEM,Cross-source match proposed,
EVT-002015,IN-DL-110054-4-48,2026-09-10 14:00:00,PROPOSAL_ACCEPTED,P1,V2,POLICY_GATE,AUTHORITY,Proposed state accepted,
EVT-002016,IN-DL-110054-4-48,2026-09-10 14:05:00,CANONICAL_STATE_UPDATED,V1,V2,CANONICAL_REGISTRY,SYSTEM,Authoritative state updated,
EVT-002017,IN-DL-110054-4-49,1972-01-01 12:00:00,PARCEL_CREATED,,V1,CANONICAL_SEED,SYSTEM,Initial cadastral creation,
EVT-002018,IN-DL-110054-4-49,2026-06-20 09:00:00,SOURCE_IMPORTED,V1,V1,INGESTION_PIPELINE,SYSTEM,6 observations linked,
EVT-002019,IN-DL-110054-4-49,2026-07-01 11:00:00,CONFLICT_DETECTED,V1,V1,CONFLICT_ENGINE,SYSTEM,1 conflicts detected,
EVT-002020,IN-DL-110054-4-49,2026-07-08 14:00:00,MATCH_PROPOSED,V1,P1,MATCHING_ENGINE,SYSTEM,Cross-source match proposed,
EVT-002021,IN-DL-110054-4-49,2026-08-06 10:00:00,EVIDENCE_ADDED,P1,P2,FIELD_SURVEY,SURVEYOR,GNSS/CORS evidence attached,
EVT-002022,IN-DL-110054-4-49,2026-09-05 11:00:00,HUMAN_REVIEW,P2,P2,REVIEW_WORKSPACE,HUMAN_REVIEWER,Legal/operational conflict requires decision,
EVT-002023,IN-DL-110054-4-50,1973-01-01 12:00:00,PARCEL_CREATED,,V1,CANONICAL_SEED,SYSTEM,Initial cadastral creation,
EVT-002024,IN-DL-110054-4-50,2026-06-20 09:00:00,SOURCE_IMPORTED,V1,V1,INGESTION_PIPELINE,SYSTEM,4 observations linked,
EVT-002025,IN-DL-110054-4-50,2026-07-01 11:00:00,CONFLICT_DETECTED,V1,V1,CONFLICT_ENGINE,SYSTEM,2 conflicts detected,
EVT-002026,IN-DL-110054-4-50,2026-07-08 14:00:00,MATCH_PROPOSED,V1,P1,MATCHING_ENGINE,SYSTEM,Cross-source match proposed,
EVT-002027,IN-DL-110054-4-50,2026-09-05 11:00:00,HUMAN_REVIEW,P1,P2,REVIEW_WORKSPACE,HUMAN_REVIEWER,Legal/operational conflict requires decision,
EVT-002028,IN-DL-110054-4-51,1974-01-01 12:00:00,PARCEL_CREATED,,V1,CANONICAL_SEED,SYSTEM,Initial cadastral creation,
EVT-002029,IN-DL-110054-4-51,2026-06-20 09:00:00,SOURCE_IMPORTED,V1,V1,INGESTION_PIPELINE,SYSTEM,6 observations linked,
EVT-002030,IN-DL-110054-4-51,2026-07-01 11:00:00,CONFLICT_DETECTED,V1,V1,CONFLICT_ENGINE,SYSTEM,1 conflicts detected,
EVT-002031,IN-DL-110054-4-51,2026-07-08 14:00:00,MATCH_PROPOSED,V1,P1,MATCHING_ENGINE,SYSTEM,Cross-source match proposed,
EVT-002032,IN-DL-110054-4-51,2026-08-06 10:00:00,EVIDENCE_ADDED,P1,P2,FIELD_SURVEY,SURVEYOR,GNSS/CORS evidence attached,
EVT-002033,IN-DL-110054-4-51,2026-09-10 14:00:00,PROPOSAL_ACCEPTED,P2,V2,POLICY_GATE,AUTHORITY,Proposed state accepted,
EVT-002034,IN-DL-110054-4-51,2026-09-10 14:05:00,CANONICAL_STATE_UPDATED,V1,V2,CANONICAL_REGISTRY,SYSTEM,Authoritative state updated,
EVT-002035,IN-DL-110054-4-52,1975-01-01 12:00:00,PARCEL_CREATED,,V1,CANONICAL_SEED,SYSTEM,Initial cadastral creation,
EVT-002036,IN-DL-110054-4-52,2026-06-20 09:00:00,SOURCE_IMPORTED,V1,V1,INGESTION_PIPELINE,SYSTEM,5 observations linked,
EVT-002037,IN-DL-110054-4-52,2026-07-08 14:00:00,MATCH_PROPOSED,V1,P1,MATCHING_ENGINE,SYSTEM,Cross-source match proposed,
EVT-002038,IN-DL-110054-4-52,2026-09-10 14:00:00,PROPOSAL_ACCEPTED,P1,V2,POLICY_GATE,AUTHORITY,Proposed state accepted,
EVT-002039,IN-DL-110054-4-52,2026-09-10 14:05:00,CANONICAL_STATE_UPDATED,V1,V2,CANONICAL_REGISTRY,SYSTEM,Authoritative state updated,
EVT-002040,IN-DL-110054-4-53,1976-01-01 12:00:00,PARCEL_CREATED,,V1,CANONICAL_SEED,SYSTEM,Initial cadastral creation,
EVT-002041,IN-DL-110054-4-53,2026-06-20 09:00:00,SOURCE_IMPORTED,V1,V1,INGESTION_PIPELINE,SYSTEM,4 observations linked,
EVT-002042,IN-DL-110054-4-53,2026-07-08 14:00:00,MATCH_PROPOSED,V1,P1,MATCHING_ENGINE,SYSTEM,Cross-source match proposed,
EVT-002043,IN-DL-110054-4-53,2026-09-10 14:00:00,PROPOSAL_ACCEPTED,P1,V2,POLICY_GATE,AUTHORITY,Proposed state accepted,
EVT-002044,IN-DL-110054-4-53,2026-09-10 14:05:00,CANONICAL_STATE_UPDATED,V1,V2,CANONICAL_REGISTRY,SYSTEM,Authoritative state updated,
EVT-002045,IN-DL-110054-4-54,1977-01-01 12:00:00,PARCEL_CREATED,,V1,CANONICAL_SEED,SYSTEM,Initial cadastral creation,
EVT-002046,IN-DL-110054-4-54,2026-06-20 09:00:00,SOURCE_IMPORTED,V1,V1,INGESTION_PIPELINE,SYSTEM,6 observations linked,
EVT-002047,IN-DL-110054-4-54,2026-07-01 11:00:00,CONFLICT_DETECTED,V1,V1,CONFLICT_ENGINE,SYSTEM,2 conflicts detected,
EVT-002048,IN-DL-110054-4-54,2026-07-08 14:00:00,MATCH_PROPOSED,V1,P1,MATCHING_ENGINE,SYSTEM,Cross-source match proposed,
EVT-002049,IN-DL-110054-4-54,2026-08-06 10:00:00,EVIDENCE_ADDED,P1,P2,FIELD_SURVEY,SURVEYOR,GNSS/CORS evidence attached,
EVT-002050,IN-DL-110054-4-54,2026-09-05 11:00:00,HUMAN_REVIEW,P2,P2,REVIEW_WORKSPACE,HUMAN_REVIEWER,Legal/operational conflict requires decision,
EVT-002051,IN-DL-110054-4-55,1978-01-01 12:00:00,PARCEL_CREATED,,V1,CANONICAL_SEED,SYSTEM,Initial cadastral creation,
EVT-002052,IN-DL-110054-4-55,2026-06-20 09:00:00,SOURCE_IMPORTED,V1,V1,INGESTION_PIPELINE,SYSTEM,5 observations linked,
EVT-002053,IN-DL-110054-4-55,2026-07-08 14:00:00,MATCH_PROPOSED,V1,P1,MATCHING_ENGINE,SYSTEM,Cross-source match proposed,
EVT-002054,IN-DL-110054-4-55,2026-09-10 14:00:00,PROPOSAL_ACCEPTED,P1,V2,POLICY_GATE,AUTHORITY,Proposed state accepted,
EVT-002055,IN-DL-110054-4-55,2026-09-10 14:05:00,CANONICAL_STATE_UPDATED,V1,V2,CANONICAL_REGISTRY,SYSTEM,Authoritative state updated,
EVT-002056,IN-DL-110054-4-56,1972-01-01 12:00:00,PARCEL_CREATED,,V1,CANONICAL_SEED,SYSTEM,Initial cadastral creation,
EVT-002057,IN-DL-110054-4-56,2026-06-20 09:00:00,SOURCE_IMPORTED,V1,V1,INGESTION_PIPELINE,SYSTEM,5 observations linked,
EVT-002058,IN-DL-110054-4-56,2026-07-08 14:00:00,MATCH_PROPOSED,V1,P1,MATCHING_ENGINE,SYSTEM,Cross-source match proposed,
EVT-002059,IN-DL-110054-4-56,2026-08-06 10:00:00,EVIDENCE_ADDED,P1,P2,FIELD_SURVEY,SURVEYOR,GNSS/CORS evidence attached,
EVT-002060,IN-DL-110054-4-56,2026-09-10 14:00:00,PROPOSAL_ACCEPTED,P2,V2,POLICY_GATE,AUTHORITY,Proposed state accepted,
EVT-002061,IN-DL-110054-4-56,2026-09-10 14:05:00,CANONICAL_STATE_UPDATED,V1,V2,CANONICAL_REGISTRY,SYSTEM,Authoritative state updated,
EVT-002062,IN-DL-110054-4-57,1973-01-01 12:00:00,PARCEL_CREATED,,V1,CANONICAL_SEED,SYSTEM,Initial cadastral creation,
EVT-002063,IN-DL-110054-4-57,2026-06-20 09:00:00,SOURCE_IMPORTED,V1,V1,INGESTION_PIPELINE,SYSTEM,3 observations linked,
EVT-002064,IN-DL-110054-4-57,2026-07-08 14:00:00,MATCH_PROPOSED,V1,P1,MATCHING_ENGINE,SYSTEM,Cross-source match proposed,
EVT-002065,IN-DL-110054-4-57,2026-08-06 10:00:00,EVIDENCE_ADDED,P1,P2,FIELD_SURVEY,SURVEYOR,GNSS/CORS evidence attached,
EVT-002066,IN-DL-110054-4-57,2026-09-10 14:00:00,PROPOSAL_ACCEPTED,P2,V2,POLICY_GATE,AUTHORITY,Proposed state accepted,
EVT-002067,IN-DL-110054-4-57,2026-09-10 14:05:00,CANONICAL_STATE_UPDATED,V1,V2,CANONICAL_REGISTRY,SYSTEM,Authoritative state updated,
EVT-002068,IN-DL-110054-4-58,1974-01-01 12:00:00,PARCEL_CREATED,,V1,CANONICAL_SEED,SYSTEM,Initial cadastral creation,
EVT-002069,IN-DL-110054-4-58,2026-06-20 09:00:00,SOURCE_IMPORTED,V1,V1,INGESTION_PIPELINE,SYSTEM,4 observations linked,
EVT-002070,IN-DL-110054-4-58,2026-07-08 14:00:00,MATCH_PROPOSED,V1,P1,MATCHING_ENGINE,SYSTEM,Cross-source match proposed,
EVT-002071,IN-DL-110054-4-58,2026-09-10 14:00:00,PROPOSAL_ACCEPTED,P1,V2,POLICY_GATE,AUTHORITY,Proposed state accepted,
EVT-002072,IN-DL-110054-4-58,2026-09-10 14:05:00,CANONICAL_STATE_UPDATED,V1,V2,CANONICAL_REGISTRY,SYSTEM,Authoritative state updated,
EVT-002073,IN-DL-110054-4-59,1975-01-01 12:00:00,PARCEL_CREATED,,V1,CANONICAL_SEED,SYSTEM,Initial cadastral creation,
EVT-002074,IN-DL-110054-4-59,2026-06-20 09:00:00,SOURCE_IMPORTED,V1,V1,INGESTION_PIPELINE,SYSTEM,5 observations linked,
EVT-002075,IN-DL-110054-4-59,2026-07-08 14:00:00,MATCH_PROPOSED,V1,P1,MATCHING_ENGINE,SYSTEM,Cross-source match proposed,
EVT-002076,IN-DL-110054-4-59,2026-09-10 14:00:00,PROPOSAL_ACCEPTED,P1,V2,POLICY_GATE,AUTHORITY,Proposed state accepted,
EVT-002077,IN-DL-110054-4-59,2026-09-10 14:05:00,CANONICAL_STATE_UPDATED,V1,V2,CANONICAL_REGISTRY,SYSTEM,Authoritative state updated,
EVT-002078,IN-DL-110054-4-60,1976-01-01 12:00:00,PARCEL_CREATED,,V1,CANONICAL_SEED,SYSTEM,Initial cadastral creation,
EVT-002079,IN-DL-110054-4-60,2026-06-20 09:00:00,SOURCE_IMPORTED,V1,V1,INGESTION_PIPELINE,SYSTEM,5 observations linked,
EVT-002080,IN-DL-110054-4-60,2026-07-01 11:00:00,CONFLICT_DETECTED,V1,V1,CONFLICT_ENGINE,SYSTEM,3 conflicts detected,
EVT-002081,IN-DL-110054-4-60,2026-07-08 14:00:00,MATCH_PROPOSED,V1,P1,MATCHING_ENGINE,SYSTEM,Cross-source match proposed,
EVT-002082,IN-DL-110054-4-60,2026-09-10 14:00:00,PROPOSAL_ACCEPTED,P1,V2,POLICY_GATE,AUTHORITY,Proposed state accepted,
EVT-002083,IN-DL-110054-4-60,2026-09-10 14:05:00,CANONICAL_STATE_UPDATED,V1,V2,CANONICAL_REGISTRY,SYSTEM,Authoritative state updated,
EVT-002084,IN-DL-110054-4-61,1977-01-01 12:00:00,PARCEL_CREATED,,V1,CANONICAL_SEED,SYSTEM,Initial cadastral creation,
EVT-002085,IN-DL-110054-4-61,2026-06-20 09:00:00,SOURCE_IMPORTED,V1,V1,INGESTION_PIPELINE,SYSTEM,3 observations linked,
EVT-002086,IN-DL-110054-4-61,2026-07-08 14:00:00,MATCH_PROPOSED,V1,P1,MATCHING_ENGINE,SYSTEM,Cross-source match proposed,
EVT-002087,IN-DL-110054-4-61,2026-09-10 14:00:00,PROPOSAL_ACCEPTED,P1,V2,POLICY_GATE,AUTHORITY,Proposed state accepted,
EVT-002088,IN-DL-110054-4-61,2026-09-10 14:05:00,CANONICAL_STATE_UPDATED,V1,V2,CANONICAL_REGISTRY,SYSTEM,Authoritative state updated,
EVT-002089,IN-DL-110054-4-62,1978-01-01 12:00:00,PARCEL_CREATED,,V1,CANONICAL_SEED,SYSTEM,Initial cadastral creation,
EVT-002090,IN-DL-110054-4-62,2026-06-20 09:00:00,SOURCE_IMPORTED,V1,V1,INGESTION_PIPELINE,SYSTEM,5 observations linked,
EVT-002091,IN-DL-110054-4-62,2026-07-08 14:00:00,MATCH_PROPOSED,V1,P1,MATCHING_ENGINE,SYSTEM,Cross-source match proposed,
EVT-002092,IN-DL-110054-4-62,2026-09-10 14:00:00,PROPOSAL_ACCEPTED,P1,V2,POLICY_GATE,AUTHORITY,Proposed state accepted,
EVT-002093,IN-DL-110054-4-62,2026-09-10 14:05:00,CANONICAL_STATE_UPDATED,V1,V2,CANONICAL_REGISTRY,SYSTEM,Authoritative state updated,
EVT-002094,IN-DL-110054-4-63,1972-01-01 12:00:00,PARCEL_CREATED,,V1,CANONICAL_SEED,SYSTEM,Initial cadastral creation,
EVT-002095,IN-DL-110054-4-63,2026-06-20 09:00:00,SOURCE_IMPORTED,V1,V1,INGESTION_PIPELINE,SYSTEM,5 observations linked,
EVT-002096,IN-DL-110054-4-63,2026-07-01 11:00:00,CONFLICT_DETECTED,V1,V1,CONFLICT_ENGINE,SYSTEM,1 conflicts detected,
EVT-002097,IN-DL-110054-4-63,2026-07-08 14:00:00,MATCH_PROPOSED,V1,P1,MATCHING_ENGINE,SYSTEM,Cross-source match proposed,
EVT-002098,IN-DL-110054-4-63,2026-09-05 12:00:00,HUMAN_REVIEW,P1,P1,REVIEW_WORKSPACE,HUMAN_REVIEWER,Additional evidence requested,
EVT-002099,IN-DL-110054-4-64,1973-01-01 12:00:00,PARCEL_CREATED,,V1,CANONICAL_SEED,SYSTEM,Initial cadastral creation,
EVT-002100,IN-DL-110054-4-64,2026-06-20 09:00:00,SOURCE_IMPORTED,V1,V1,INGESTION_PIPELINE,SYSTEM,6 observations linked,
EVT-002101,IN-DL-110054-4-64,2026-07-08 14:00:00,MATCH_PROPOSED,V1,P1,MATCHING_ENGINE,SYSTEM,Cross-source match proposed,
EVT-002102,IN-DL-110054-4-64,2026-09-10 14:00:00,PROPOSAL_ACCEPTED,P1,V2,POLICY_GATE,AUTHORITY,Proposed state accepted,
EVT-002103,IN-DL-110054-4-64,2026-09-10 14:05:00,CANONICAL_STATE_UPDATED,V1,V2,CANONICAL_REGISTRY,SYSTEM,Authoritative state updated,
EVT-002104,IN-DL-110054-4-65,1974-01-01 12:00:00,PARCEL_CREATED,,V1,CANONICAL_SEED,SYSTEM,Initial cadastral creation,
EVT-002105,IN-DL-110054-4-65,2026-06-20 09:00:00,SOURCE_IMPORTED,V1,V1,INGESTION_PIPELINE,SYSTEM,4 observations linked,
EVT-002106,IN-DL-110054-4-65,2026-07-08 14:00:00,MATCH_PROPOSED,V1,P1,MATCHING_ENGINE,SYSTEM,Cross-source match proposed,
EVT-002107,IN-DL-110054-4-65,2026-09-10 14:00:00,PROPOSAL_ACCEPTED,P1,V2,POLICY_GATE,AUTHORITY,Proposed state accepted,
EVT-002108,IN-DL-110054-4-65,2026-09-10 14:05:00,CANONICAL_STATE_UPDATED,V1,V2,CANONICAL_REGISTRY,SYSTEM,Authoritative state updated,
EVT-002109,IN-DL-110054-4-66,1975-01-01 12:00:00,PARCEL_CREATED,,V1,CANONICAL_SEED,SYSTEM,Initial cadastral creation,
EVT-002110,IN-DL-110054-4-66,2026-06-20 09:00:00,SOURCE_IMPORTED,V1,V1,INGESTION_PIPELINE,SYSTEM,4 observations linked,
EVT-002111,IN-DL-110054-4-66,2026-07-01 11:00:00,CONFLICT_DETECTED,V1,V1,CONFLICT_ENGINE,SYSTEM,1 conflicts detected,
EVT-002112,IN-DL-110054-4-66,2026-07-08 14:00:00,MATCH_PROPOSED,V1,P1,MATCHING_ENGINE,SYSTEM,Cross-source match proposed,
EVT-002113,IN-DL-110054-4-66,2026-09-10 14:00:00,PROPOSAL_ACCEPTED,P1,V2,POLICY_GATE,AUTHORITY,Proposed state accepted,
EVT-002114,IN-DL-110054-4-66,2026-09-10 14:05:00,CANONICAL_STATE_UPDATED,V1,V2,CANONICAL_REGISTRY,SYSTEM,Authoritative state updated,
EVT-002115,IN-DL-110054-4-67,1976-01-01 12:00:00,PARCEL_CREATED,,V1,CANONICAL_SEED,SYSTEM,Initial cadastral creation,
EVT-002116,IN-DL-110054-4-67,2026-06-20 09:00:00,SOURCE_IMPORTED,V1,V1,INGESTION_PIPELINE,SYSTEM,4 observations linked,
EVT-002117,IN-DL-110054-4-67,2026-07-08 14:00:00,MATCH_PROPOSED,V1,P1,MATCHING_ENGINE,SYSTEM,Cross-source match proposed,
EVT-002118,IN-DL-110054-4-67,2026-09-10 14:00:00,PROPOSAL_ACCEPTED,P1,V2,POLICY_GATE,AUTHORITY,Proposed state accepted,
EVT-002119,IN-DL-110054-4-67,2026-09-10 14:05:00,CANONICAL_STATE_UPDATED,V1,V2,CANONICAL_REGISTRY,SYSTEM,Authoritative state updated,
EVT-002120,IN-DL-110054-4-68,1977-01-01 12:00:00,PARCEL_CREATED,,V1,CANONICAL_SEED,SYSTEM,Initial cadastral creation,
EVT-002121,IN-DL-110054-4-68,2026-06-20 09:00:00,SOURCE_IMPORTED,V1,V1,INGESTION_PIPELINE,SYSTEM,4 observations linked,
EVT-002122,IN-DL-110054-4-68,2026-07-08 14:00:00,MATCH_PROPOSED,V1,P1,MATCHING_ENGINE,SYSTEM,Cross-source match proposed,
EVT-002123,IN-DL-110054-4-68,2026-08-06 10:00:00,EVIDENCE_ADDED,P1,P2,FIELD_SURVEY,SURVEYOR,GNSS/CORS evidence attached,
EVT-002124,IN-DL-110054-4-68,2026-09-10 14:00:00,PROPOSAL_ACCEPTED,P2,V2,POLICY_GATE,AUTHORITY,Proposed state accepted,
EVT-002125,IN-DL-110054-4-68,2026-09-10 14:05:00,CANONICAL_STATE_UPDATED,V1,V2,CANONICAL_REGISTRY,SYSTEM,Authoritative state updated,
EVT-002126,IN-DL-110054-4-69,1978-01-01 12:00:00,PARCEL_CREATED,,V1,CANONICAL_SEED,SYSTEM,Initial cadastral creation,
EVT-002127,IN-DL-110054-4-69,2026-06-20 09:00:00,SOURCE_IMPORTED,V1,V1,INGESTION_PIPELINE,SYSTEM,3 observations linked,
EVT-002128,IN-DL-110054-4-69,2026-07-08 14:00:00,MATCH_PROPOSED,V1,P1,MATCHING_ENGINE,SYSTEM,Cross-source match proposed,
EVT-002129,IN-DL-110054-4-69,2026-09-10 14:00:00,PROPOSAL_ACCEPTED,P1,V2,POLICY_GATE,AUTHORITY,Proposed state accepted,
EVT-002130,IN-DL-110054-4-69,2026-09-10 14:05:00,CANONICAL_STATE_UPDATED,V1,V2,CANONICAL_REGISTRY,SYSTEM,Authoritative state updated,
EVT-002131,IN-DL-110054-4-70,1972-01-01 12:00:00,PARCEL_CREATED,,V1,CANONICAL_SEED,SYSTEM,Initial cadastral creation,
EVT-002132,IN-DL-110054-4-70,2026-06-20 09:00:00,SOURCE_IMPORTED,V1,V1,INGESTION_PIPELINE,SYSTEM,6 observations linked,
EVT-002133,IN-DL-110054-4-70,2026-07-01 11:00:00,CONFLICT_DETECTED,V1,V1,CONFLICT_ENGINE,SYSTEM,2 conflicts detected,
EVT-002134,IN-DL-110054-4-70,2026-07-08 14:00:00,MATCH_PROPOSED,V1,P1,MATCHING_ENGINE,SYSTEM,Cross-source match proposed,
EVT-002135,IN-DL-110054-4-70,2026-08-06 10:00:00,EVIDENCE_ADDED,P1,P2,FIELD_SURVEY,SURVEYOR,GNSS/CORS evidence attached,
EVT-002136,IN-DL-110054-4-70,2026-09-05 11:00:00,HUMAN_REVIEW,P2,P2,REVIEW_WORKSPACE,HUMAN_REVIEWER,Legal/operational conflict requires decision,
EVT-002137,IN-DL-110054-4-71,1973-01-01 12:00:00,PARCEL_CREATED,,V1,CANONICAL_SEED,SYSTEM,Initial cadastral creation,
EVT-002138,IN-DL-110054-4-71,2026-06-20 09:00:00,SOURCE_IMPORTED,V1,V1,INGESTION_PIPELINE,SYSTEM,5 observations linked,
EVT-002139,IN-DL-110054-4-71,2026-07-08 14:00:00,MATCH_PROPOSED,V1,P1,MATCHING_ENGINE,SYSTEM,Cross-source match proposed,
EVT-002140,IN-DL-110054-4-71,2026-09-10 14:00:00,PROPOSAL_ACCEPTED,P1,V2,POLICY_GATE,AUTHORITY,Proposed state accepted,
EVT-002141,IN-DL-110054-4-71,2026-09-10 14:05:00,CANONICAL_STATE_UPDATED,V1,V2,CANONICAL_REGISTRY,SYSTEM,Authoritative state updated,
EVT-002142,IN-DL-110054-4-72,1974-01-01 12:00:00,PARCEL_CREATED,,V1,CANONICAL_SEED,SYSTEM,Initial cadastral creation,
EVT-002143,IN-DL-110054-4-72,2026-06-20 09:00:00,SOURCE_IMPORTED,V1,V1,INGESTION_PIPELINE,SYSTEM,5 observations linked,
EVT-002144,IN-DL-110054-4-72,2026-07-01 11:00:00,CONFLICT_DETECTED,V1,V1,CONFLICT_ENGINE,SYSTEM,1 conflicts detected,
EVT-002145,IN-DL-110054-4-72,2026-07-08 14:00:00,MATCH_PROPOSED,V1,P1,MATCHING_ENGINE,SYSTEM,Cross-source match proposed,
EVT-002146,IN-DL-110054-4-72,2026-08-06 10:00:00,EVIDENCE_ADDED,P1,P2,FIELD_SURVEY,SURVEYOR,GNSS/CORS evidence attached,
EVT-002147,IN-DL-110054-4-72,2026-09-10 14:00:00,PROPOSAL_ACCEPTED,P2,V2,POLICY_GATE,AUTHORITY,Proposed state accepted,
EVT-002148,IN-DL-110054-4-72,2026-09-10 14:05:00,CANONICAL_STATE_UPDATED,V1,V2,CANONICAL_REGISTRY,SYSTEM,Authoritative state updated,
EVT-002149,IN-DL-110054-4-73,1975-01-01 12:00:00,PARCEL_CREATED,,V1,CANONICAL_SEED,SYSTEM,Initial cadastral creation,
EVT-002150,IN-DL-110054-4-73,2026-06-20 09:00:00,SOURCE_IMPORTED,V1,V1,INGESTION_PIPELINE,SYSTEM,4 observations linked,
EVT-002151,IN-DL-110054-4-73,2026-07-08 14:00:00,MATCH_PROPOSED,V1,P1,MATCHING_ENGINE,SYSTEM,Cross-source match proposed,
EVT-002152,IN-DL-110054-4-73,2026-09-10 14:00:00,PROPOSAL_ACCEPTED,P1,V2,POLICY_GATE,AUTHORITY,Proposed state accepted,
EVT-002153,IN-DL-110054-4-73,2026-09-10 14:05:00,CANONICAL_STATE_UPDATED,V1,V2,CANONICAL_REGISTRY,SYSTEM,Authoritative state updated,
EVT-002154,IN-DL-110054-4-74,1976-01-01 12:00:00,PARCEL_CREATED,,V1,CANONICAL_SEED,SYSTEM,Initial cadastral creation,
EVT-002155,IN-DL-110054-4-74,2026-06-20 09:00:00,SOURCE_IMPORTED,V1,V1,INGESTION_PIPELINE,SYSTEM,3 observations linked,
EVT-002156,IN-DL-110054-4-74,2026-07-08 14:00:00,MATCH_PROPOSED,V1,P1,MATCHING_ENGINE,SYSTEM,Cross-source match proposed,
EVT-002157,IN-DL-110054-4-74,2026-09-10 14:00:00,PROPOSAL_ACCEPTED,P1,V2,POLICY_GATE,AUTHORITY,Proposed state accepted,
EVT-002158,IN-DL-110054-4-74,2026-09-10 14:05:00,CANONICAL_STATE_UPDATED,V1,V2,CANONICAL_REGISTRY,SYSTEM,Authoritative state updated,
EVT-002159,IN-DL-110054-4-75,1977-01-01 12:00:00,PARCEL_CREATED,,V1,CANONICAL_SEED,SYSTEM,Initial cadastral creation,
EVT-002160,IN-DL-110054-4-75,2026-06-20 09:00:00,SOURCE_IMPORTED,V1,V1,INGESTION_PIPELINE,SYSTEM,4 observations linked,
EVT-002161,IN-DL-110054-4-75,2026-07-01 11:00:00,CONFLICT_DETECTED,V1,V1,CONFLICT_ENGINE,SYSTEM,2 conflicts detected,
EVT-002162,IN-DL-110054-4-75,2026-07-08 14:00:00,MATCH_PROPOSED,V1,P1,MATCHING_ENGINE,SYSTEM,Cross-source match proposed,
EVT-002163,IN-DL-110054-4-75,2026-09-05 11:00:00,HUMAN_REVIEW,P1,P2,REVIEW_WORKSPACE,HUMAN_REVIEWER,Legal/operational conflict requires decision,
EVT-002164,IN-DL-110054-4-76,1978-01-01 12:00:00,PARCEL_CREATED,,V1,CANONICAL_SEED,SYSTEM,Initial cadastral creation,
EVT-002165,IN-DL-110054-4-76,2026-06-20 09:00:00,SOURCE_IMPORTED,V1,V1,INGESTION_PIPELINE,SYSTEM,5 observations linked,
EVT-002166,IN-DL-110054-4-76,2026-07-08 14:00:00,MATCH_PROPOSED,V1,P1,MATCHING_ENGINE,SYSTEM,Cross-source match proposed,
EVT-002167,IN-DL-110054-4-76,2026-08-06 10:00:00,EVIDENCE_ADDED,P1,P2,FIELD_SURVEY,SURVEYOR,GNSS/CORS evidence attached,
EVT-002168,IN-DL-110054-4-76,2026-09-10 14:00:00,PROPOSAL_ACCEPTED,P2,V2,POLICY_GATE,AUTHORITY,Proposed state accepted,
EVT-002169,IN-DL-110054-4-76,2026-09-10 14:05:00,CANONICAL_STATE_UPDATED,V1,V2,CANONICAL_REGISTRY,SYSTEM,Authoritative state updated,
EVT-002170,IN-DL-110054-4-77,1972-01-01 12:00:00,PARCEL_CREATED,,V1,CANONICAL_SEED,SYSTEM,Initial cadastral creation,
EVT-002171,IN-DL-110054-4-77,2026-06-20 09:00:00,SOURCE_IMPORTED,V1,V1,INGESTION_PIPELINE,SYSTEM,4 observations linked,
EVT-002172,IN-DL-110054-4-77,2026-07-08 14:00:00,MATCH_PROPOSED,V1,P1,MATCHING_ENGINE,SYSTEM,Cross-source match proposed,
EVT-002173,IN-DL-110054-4-77,2026-08-06 10:00:00,EVIDENCE_ADDED,P1,P2,FIELD_SURVEY,SURVEYOR,GNSS/CORS evidence attached,
EVT-002174,IN-DL-110054-4-77,2026-09-10 14:00:00,PROPOSAL_ACCEPTED,P2,V2,POLICY_GATE,AUTHORITY,Proposed state accepted,
EVT-002175,IN-DL-110054-4-77,2026-09-10 14:05:00,CANONICAL_STATE_UPDATED,V1,V2,CANONICAL_REGISTRY,SYSTEM,Authoritative state updated,
EVT-002176,IN-DL-110054-4-78,1973-01-01 12:00:00,PARCEL_CREATED,,V1,CANONICAL_SEED,SYSTEM,Initial cadastral creation,
EVT-002177,IN-DL-110054-4-78,2026-06-20 09:00:00,SOURCE_IMPORTED,V1,V1,INGESTION_PIPELINE,SYSTEM,4 observations linked,
EVT-002178,IN-DL-110054-4-78,2026-07-01 11:00:00,CONFLICT_DETECTED,V1,V1,CONFLICT_ENGINE,SYSTEM,2 conflicts detected,
EVT-002179,IN-DL-110054-4-78,2026-07-08 14:00:00,MATCH_PROPOSED,V1,P1,MATCHING_ENGINE,SYSTEM,Cross-source match proposed,
EVT-002180,IN-DL-110054-4-78,2026-08-06 10:00:00,EVIDENCE_ADDED,P1,P2,FIELD_SURVEY,SURVEYOR,GNSS/CORS evidence attached,
EVT-002181,IN-DL-110054-4-78,2026-09-05 12:00:00,HUMAN_REVIEW,P2,P2,REVIEW_WORKSPACE,HUMAN_REVIEWER,Additional evidence requested,
EVT-002182,IN-DL-110054-4-79,1974-01-01 12:00:00,PARCEL_CREATED,,V1,CANONICAL_SEED,SYSTEM,Initial cadastral creation,
EVT-002183,IN-DL-110054-4-79,2026-06-20 09:00:00,SOURCE_IMPORTED,V1,V1,INGESTION_PIPELINE,SYSTEM,3 observations linked,
EVT-002184,IN-DL-110054-4-79,2026-07-08 14:00:00,MATCH_PROPOSED,V1,P1,MATCHING_ENGINE,SYSTEM,Cross-source match proposed,
EVT-002185,IN-DL-110054-4-79,2026-09-10 14:00:00,PROPOSAL_ACCEPTED,P1,V2,POLICY_GATE,AUTHORITY,Proposed state accepted,
EVT-002186,IN-DL-110054-4-79,2026-09-10 14:05:00,CANONICAL_STATE_UPDATED,V1,V2,CANONICAL_REGISTRY,SYSTEM,Authoritative state updated,
EVT-002187,IN-DL-110054-4-80,1975-01-01 12:00:00,PARCEL_CREATED,,V1,CANONICAL_SEED,SYSTEM,Initial cadastral creation,
EVT-002188,IN-DL-110054-4-80,2026-06-20 09:00:00,SOURCE_IMPORTED,V1,V1,INGESTION_PIPELINE,SYSTEM,5 observations linked,
EVT-002189,IN-DL-110054-4-80,2026-07-08 14:00:00,MATCH_PROPOSED,V1,P1,MATCHING_ENGINE,SYSTEM,Cross-source match proposed,
EVT-002190,IN-DL-110054-4-80,2026-08-06 10:00:00,EVIDENCE_ADDED,P1,P2,FIELD_SURVEY,SURVEYOR,GNSS/CORS evidence attached,
EVT-002191,IN-DL-110054-4-80,2026-09-10 14:00:00,PROPOSAL_ACCEPTED,P2,V2,POLICY_GATE,AUTHORITY,Proposed state accepted,
EVT-002192,IN-DL-110054-4-80,2026-09-10 14:05:00,CANONICAL_STATE_UPDATED,V1,V2,CANONICAL_REGISTRY,SYSTEM,Authoritative state updated,
EVT-002193,IN-DL-110054-4-81,1976-01-01 12:00:00,PARCEL_CREATED,,V1,CANONICAL_SEED,SYSTEM,Initial cadastral creation,
EVT-002194,IN-DL-110054-4-81,2026-06-20 09:00:00,SOURCE_IMPORTED,V1,V1,INGESTION_PIPELINE,SYSTEM,3 observations linked,
EVT-002195,IN-DL-110054-4-81,2026-07-01 11:00:00,CONFLICT_DETECTED,V1,V1,CONFLICT_ENGINE,SYSTEM,1 conflicts detected,
EVT-002196,IN-DL-110054-4-81,2026-07-08 14:00:00,MATCH_PROPOSED,V1,P1,MATCHING_ENGINE,SYSTEM,Cross-source match proposed,
EVT-002197,IN-DL-110054-4-81,2026-09-05 11:00:00,HUMAN_REVIEW,P1,P2,REVIEW_WORKSPACE,HUMAN_REVIEWER,Legal/operational conflict requires decision,
EVT-002198,IN-DL-110054-4-82,1977-01-01 12:00:00,PARCEL_CREATED,,V1,CANONICAL_SEED,SYSTEM,Initial cadastral creation,
EVT-002199,IN-DL-110054-4-82,2026-06-20 09:00:00,SOURCE_IMPORTED,V1,V1,INGESTION_PIPELINE,SYSTEM,4 observations linked,
EVT-002200,IN-DL-110054-4-82,2026-07-08 14:00:00,MATCH_PROPOSED,V1,P1,MATCHING_ENGINE,SYSTEM,Cross-source match proposed,
EVT-002201,IN-DL-110054-4-82,2026-09-10 14:00:00,PROPOSAL_ACCEPTED,P1,V2,POLICY_GATE,AUTHORITY,Proposed state accepted,
EVT-002202,IN-DL-110054-4-82,2026-09-10 14:05:00,CANONICAL_STATE_UPDATED,V1,V2,CANONICAL_REGISTRY,SYSTEM,Authoritative state updated,
EVT-002203,IN-DL-110054-4-83,1978-01-01 12:00:00,PARCEL_CREATED,,V1,CANONICAL_SEED,SYSTEM,Initial cadastral creation,
EVT-002204,IN-DL-110054-4-83,2026-06-20 09:00:00,SOURCE_IMPORTED,V1,V1,INGESTION_PIPELINE,SYSTEM,5 observations linked,
EVT-002205,IN-DL-110054-4-83,2026-07-01 11:00:00,CONFLICT_DETECTED,V1,V1,CONFLICT_ENGINE,SYSTEM,1 conflicts detected,
EVT-002206,IN-DL-110054-4-83,2026-07-08 14:00:00,MATCH_PROPOSED,V1,P1,MATCHING_ENGINE,SYSTEM,Cross-source match proposed,
EVT-002207,IN-DL-110054-4-83,2026-08-06 10:00:00,EVIDENCE_ADDED,P1,P2,FIELD_SURVEY,SURVEYOR,GNSS/CORS evidence attached,
EVT-002208,IN-DL-110054-4-83,2026-09-05 11:00:00,HUMAN_REVIEW,P2,P2,REVIEW_WORKSPACE,HUMAN_REVIEWER,Legal/operational conflict requires decision,
EVT-002209,IN-DL-110054-4-84,1972-01-01 12:00:00,PARCEL_CREATED,,V1,CANONICAL_SEED,SYSTEM,Initial cadastral creation,
EVT-002210,IN-DL-110054-4-84,2026-06-20 09:00:00,SOURCE_IMPORTED,V1,V1,INGESTION_PIPELINE,SYSTEM,5 observations linked,
EVT-002211,IN-DL-110054-4-84,2026-07-01 11:00:00,CONFLICT_DETECTED,V1,V1,CONFLICT_ENGINE,SYSTEM,1 conflicts detected,
EVT-002212,IN-DL-110054-4-84,2026-07-08 14:00:00,MATCH_PROPOSED,V1,P1,MATCHING_ENGINE,SYSTEM,Cross-source match proposed,
EVT-002213,IN-DL-110054-4-84,2026-09-10 14:00:00,PROPOSAL_ACCEPTED,P1,V2,POLICY_GATE,AUTHORITY,Proposed state accepted,
EVT-002214,IN-DL-110054-4-84,2026-09-10 14:05:00,CANONICAL_STATE_UPDATED,V1,V2,CANONICAL_REGISTRY,SYSTEM,Authoritative state updated,
EVT-002215,IN-DL-110054-4-85,1973-01-01 12:00:00,PARCEL_CREATED,,V1,CANONICAL_SEED,SYSTEM,Initial cadastral creation,
EVT-002216,IN-DL-110054-4-85,2026-06-20 09:00:00,SOURCE_IMPORTED,V1,V1,INGESTION_PIPELINE,SYSTEM,5 observations linked,
EVT-002217,IN-DL-110054-4-85,2026-07-01 11:00:00,CONFLICT_DETECTED,V1,V1,CONFLICT_ENGINE,SYSTEM,1 conflicts detected,
EVT-002218,IN-DL-110054-4-85,2026-07-08 14:00:00,MATCH_PROPOSED,V1,P1,MATCHING_ENGINE,SYSTEM,Cross-source match proposed,
EVT-002219,IN-DL-110054-4-85,2026-09-10 14:00:00,PROPOSAL_ACCEPTED,P1,V2,POLICY_GATE,AUTHORITY,Proposed state accepted,
EVT-002220,IN-DL-110054-4-85,2026-09-10 14:05:00,CANONICAL_STATE_UPDATED,V1,V2,CANONICAL_REGISTRY,SYSTEM,Authoritative state updated,
EVT-002221,IN-DL-110054-4-86,1974-01-01 12:00:00,PARCEL_CREATED,,V1,CANONICAL_SEED,SYSTEM,Initial cadastral creation,
EVT-002222,IN-DL-110054-4-86,2026-06-20 09:00:00,SOURCE_IMPORTED,V1,V1,INGESTION_PIPELINE,SYSTEM,5 observations linked,
EVT-002223,IN-DL-110054-4-86,2026-07-08 14:00:00,MATCH_PROPOSED,V1,P1,MATCHING_ENGINE,SYSTEM,Cross-source match proposed,
EVT-002224,IN-DL-110054-4-86,2026-09-10 14:00:00,PROPOSAL_ACCEPTED,P1,V2,POLICY_GATE,AUTHORITY,Proposed state accepted,
EVT-002225,IN-DL-110054-4-86,2026-09-10 14:05:00,CANONICAL_STATE_UPDATED,V1,V2,CANONICAL_REGISTRY,SYSTEM,Authoritative state updated,
EVT-002226,IN-DL-110054-4-87,1975-01-01 12:00:00,PARCEL_CREATED,,V1,CANONICAL_SEED,SYSTEM,Initial cadastral creation,
EVT-002227,IN-DL-110054-4-87,2026-06-20 09:00:00,SOURCE_IMPORTED,V1,V1,INGESTION_PIPELINE,SYSTEM,4 observations linked,
EVT-002228,IN-DL-110054-4-87,2026-07-08 14:00:00,MATCH_PROPOSED,V1,P1,MATCHING_ENGINE,SYSTEM,Cross-source match proposed,
EVT-002229,IN-DL-110054-4-87,2026-09-10 14:00:00,PROPOSAL_ACCEPTED,P1,V2,POLICY_GATE,AUTHORITY,Proposed state accepted,
EVT-002230,IN-DL-110054-4-87,2026-09-10 14:05:00,CANONICAL_STATE_UPDATED,V1,V2,CANONICAL_REGISTRY,SYSTEM,Authoritative state updated,
EVT-002231,IN-DL-110054-4-88,1976-01-01 12:00:00,PARCEL_CREATED,,V1,CANONICAL_SEED,SYSTEM,Initial cadastral creation,
EVT-002232,IN-DL-110054-4-88,2026-06-20 09:00:00,SOURCE_IMPORTED,V1,V1,INGESTION_PIPELINE,SYSTEM,4 observations linked,
EVT-002233,IN-DL-110054-4-88,2026-07-08 14:00:00,MATCH_PROPOSED,V1,P1,MATCHING_ENGINE,SYSTEM,Cross-source match proposed,
EVT-002234,IN-DL-110054-4-88,2026-09-10 14:00:00,PROPOSAL_ACCEPTED,P1,V2,POLICY_GATE,AUTHORITY,Proposed state accepted,
EVT-002235,IN-DL-110054-4-88,2026-09-10 14:05:00,CANONICAL_STATE_UPDATED,V1,V2,CANONICAL_REGISTRY,SYSTEM,Authoritative state updated,
EVT-002236,IN-DL-110054-4-89,1977-01-01 12:00:00,PARCEL_CREATED,,V1,CANONICAL_SEED,SYSTEM,Initial cadastral creation,
EVT-002237,IN-DL-110054-4-89,2026-06-20 09:00:00,SOURCE_IMPORTED,V1,V1,INGESTION_PIPELINE,SYSTEM,3 observations linked,
EVT-002238,IN-DL-110054-4-89,2026-07-01 11:00:00,CONFLICT_DETECTED,V1,V1,CONFLICT_ENGINE,SYSTEM,1 conflicts detected,
EVT-002239,IN-DL-110054-4-89,2026-07-08 14:00:00,MATCH_PROPOSED,V1,P1,MATCHING_ENGINE,SYSTEM,Cross-source match proposed,
EVT-002240,IN-DL-110054-4-89,2026-09-10 14:00:00,PROPOSAL_ACCEPTED,P1,V2,POLICY_GATE,AUTHORITY,Proposed state accepted,
EVT-002241,IN-DL-110054-4-89,2026-09-10 14:05:00,CANONICAL_STATE_UPDATED,V1,V2,CANONICAL_REGISTRY,SYSTEM,Authoritative state updated,
EVT-002242,IN-DL-110054-4-90,1978-01-01 12:00:00,PARCEL_CREATED,,V1,CANONICAL_SEED,SYSTEM,Initial cadastral creation,
EVT-002243,IN-DL-110054-4-90,2026-06-20 09:00:00,SOURCE_IMPORTED,V1,V1,INGESTION_PIPELINE,SYSTEM,5 observations linked,
EVT-002244,IN-DL-110054-4-90,2026-07-01 11:00:00,CONFLICT_DETECTED,V1,V1,CONFLICT_ENGINE,SYSTEM,3 conflicts detected,
EVT-002245,IN-DL-110054-4-90,2026-07-08 14:00:00,MATCH_PROPOSED,V1,P1,MATCHING_ENGINE,SYSTEM,Cross-source match proposed,
EVT-002246,IN-DL-110054-4-90,2026-08-06 10:00:00,EVIDENCE_ADDED,P1,P2,FIELD_SURVEY,SURVEYOR,GNSS/CORS evidence attached,
EVT-002247,IN-DL-110054-4-90,2026-09-10 14:00:00,PROPOSAL_ACCEPTED,P2,V2,POLICY_GATE,AUTHORITY,Proposed state accepted,
EVT-002248,IN-DL-110054-4-90,2026-09-10 14:05:00,CANONICAL_STATE_UPDATED,V1,V2,CANONICAL_REGISTRY,SYSTEM,Authoritative state updated,
EVT-002249,IN-DL-110054-4-91,2012-03-15 12:00:00,PARCEL_CREATED,,V1,CANONICAL_SEED,SYSTEM,Created from lineage,IN-DL-110054-4-101
EVT-002250,IN-DL-110054-4-91,2026-06-20 09:00:00,SOURCE_IMPORTED,V1,V1,INGESTION_PIPELINE,SYSTEM,6 observations linked,
EVT-002251,IN-DL-110054-4-91,2026-07-01 11:00:00,CONFLICT_DETECTED,V1,V1,CONFLICT_ENGINE,SYSTEM,3 conflicts detected,
EVT-002252,IN-DL-110054-4-91,2026-07-08 14:00:00,MATCH_PROPOSED,V1,P1,MATCHING_ENGINE,SYSTEM,Cross-source match proposed,
EVT-002253,IN-DL-110054-4-91,2026-08-06 10:00:00,EVIDENCE_ADDED,P1,P2,FIELD_SURVEY,SURVEYOR,GNSS/CORS evidence attached,
EVT-002254,IN-DL-110054-4-91,2026-09-05 11:00:00,HUMAN_REVIEW,P2,P2,REVIEW_WORKSPACE,HUMAN_REVIEWER,Legal/operational conflict requires decision,
EVT-002255,IN-DL-110054-4-92,2012-03-15 12:00:00,PARCEL_CREATED,,V1,CANONICAL_SEED,SYSTEM,Created from lineage,IN-DL-110054-4-101
EVT-002256,IN-DL-110054-4-92,2026-06-20 09:00:00,SOURCE_IMPORTED,V1,V1,INGESTION_PIPELINE,SYSTEM,3 observations linked,
EVT-002257,IN-DL-110054-4-92,2026-07-01 11:00:00,CONFLICT_DETECTED,V1,V1,CONFLICT_ENGINE,SYSTEM,1 conflicts detected,
EVT-002258,IN-DL-110054-4-92,2026-07-08 14:00:00,MATCH_PROPOSED,V1,P1,MATCHING_ENGINE,SYSTEM,Cross-source match proposed,
EVT-002259,IN-DL-110054-4-92,2026-09-05 12:00:00,HUMAN_REVIEW,P1,P1,REVIEW_WORKSPACE,HUMAN_REVIEWER,Additional evidence requested,
EVT-002260,IN-DL-110054-4-93,2014-07-10 12:00:00,PARCEL_CREATED,,V1,CANONICAL_SEED,SYSTEM,Created from lineage,IN-DL-110054-4-102;IN-DL-110054-4-103
EVT-002261,IN-DL-110054-4-93,2026-06-20 09:00:00,SOURCE_IMPORTED,V1,V1,INGESTION_PIPELINE,SYSTEM,5 observations linked,
EVT-002262,IN-DL-110054-4-93,2026-07-01 11:00:00,CONFLICT_DETECTED,V1,V1,CONFLICT_ENGINE,SYSTEM,1 conflicts detected,
EVT-002263,IN-DL-110054-4-93,2026-07-08 14:00:00,MATCH_PROPOSED,V1,P1,MATCHING_ENGINE,SYSTEM,Cross-source match proposed,
EVT-002264,IN-DL-110054-4-93,2026-09-05 12:00:00,HUMAN_REVIEW,P1,P1,REVIEW_WORKSPACE,HUMAN_REVIEWER,Additional evidence requested,
EVT-002265,IN-DL-110054-4-94,2020-11-05 12:00:00,PARCEL_CREATED,,V1,CANONICAL_SEED,SYSTEM,Created from lineage,IN-DL-110054-4-104;IN-DL-110054-4-105
EVT-002266,IN-DL-110054-4-94,2026-06-20 09:00:00,SOURCE_IMPORTED,V1,V1,INGESTION_PIPELINE,SYSTEM,5 observations linked,
EVT-002267,IN-DL-110054-4-94,2026-07-01 11:00:00,CONFLICT_DETECTED,V1,V1,CONFLICT_ENGINE,SYSTEM,1 conflicts detected,
EVT-002268,IN-DL-110054-4-94,2026-07-08 14:00:00,MATCH_PROPOSED,V1,P1,MATCHING_ENGINE,SYSTEM,Cross-source match proposed,
EVT-002269,IN-DL-110054-4-94,2026-09-05 12:00:00,HUMAN_REVIEW,P1,P1,REVIEW_WORKSPACE,HUMAN_REVIEWER,Additional evidence requested,
EVT-002270,IN-DL-110054-4-95,1976-01-01 12:00:00,PARCEL_CREATED,,V1,CANONICAL_SEED,SYSTEM,Initial cadastral creation,
EVT-002271,IN-DL-110054-4-95,2026-06-20 09:00:00,SOURCE_IMPORTED,V1,V1,INGESTION_PIPELINE,SYSTEM,5 observations linked,
EVT-002272,IN-DL-110054-4-95,2026-07-08 14:00:00,MATCH_PROPOSED,V1,P1,MATCHING_ENGINE,SYSTEM,Cross-source match proposed,
EVT-002273,IN-DL-110054-4-95,2026-09-10 14:00:00,PROPOSAL_ACCEPTED,P1,V2,POLICY_GATE,AUTHORITY,Proposed state accepted,
EVT-002274,IN-DL-110054-4-95,2026-09-10 14:05:00,CANONICAL_STATE_UPDATED,V1,V2,CANONICAL_REGISTRY,SYSTEM,Authoritative state updated,
EVT-002275,IN-DL-110054-4-96,1977-01-01 12:00:00,PARCEL_CREATED,,V1,CANONICAL_SEED,SYSTEM,Initial cadastral creation,
EVT-002276,IN-DL-110054-4-96,2026-06-20 09:00:00,SOURCE_IMPORTED,V1,V1,INGESTION_PIPELINE,SYSTEM,3 observations linked,
EVT-002277,IN-DL-110054-4-96,2026-07-01 11:00:00,CONFLICT_DETECTED,V1,V1,CONFLICT_ENGINE,SYSTEM,1 conflicts detected,
EVT-002278,IN-DL-110054-4-96,2026-07-08 14:00:00,MATCH_PROPOSED,V1,P1,MATCHING_ENGINE,SYSTEM,Cross-source match proposed,
EVT-002279,IN-DL-110054-4-96,2026-09-10 14:00:00,PROPOSAL_ACCEPTED,P1,V2,POLICY_GATE,AUTHORITY,Proposed state accepted,
EVT-002280,IN-DL-110054-4-96,2026-09-10 14:05:00,CANONICAL_STATE_UPDATED,V1,V2,CANONICAL_REGISTRY,SYSTEM,Authoritative state updated,
EVT-002281,IN-DL-110054-4-97,1978-01-01 12:00:00,PARCEL_CREATED,,V1,CANONICAL_SEED,SYSTEM,Initial cadastral creation,
EVT-002282,IN-DL-110054-4-97,2026-06-20 09:00:00,SOURCE_IMPORTED,V1,V1,INGESTION_PIPELINE,SYSTEM,3 observations linked,
EVT-002283,IN-DL-110054-4-97,2026-07-08 14:00:00,MATCH_PROPOSED,V1,P1,MATCHING_ENGINE,SYSTEM,Cross-source match proposed,
EVT-002284,IN-DL-110054-4-97,2026-09-10 14:00:00,PROPOSAL_ACCEPTED,P1,V2,POLICY_GATE,AUTHORITY,Proposed state accepted,
EVT-002285,IN-DL-110054-4-97,2026-09-10 14:05:00,CANONICAL_STATE_UPDATED,V1,V2,CANONICAL_REGISTRY,SYSTEM,Authoritative state updated,
EVT-002286,IN-DL-110054-4-98,1972-01-01 12:00:00,PARCEL_CREATED,,V1,CANONICAL_SEED,SYSTEM,Initial cadastral creation,
EVT-002287,IN-DL-110054-4-98,2026-06-20 09:00:00,SOURCE_IMPORTED,V1,V1,INGESTION_PIPELINE,SYSTEM,3 observations linked,
EVT-002288,IN-DL-110054-4-98,2026-07-08 14:00:00,MATCH_PROPOSED,V1,P1,MATCHING_ENGINE,SYSTEM,Cross-source match proposed,
EVT-002289,IN-DL-110054-4-98,2026-09-10 14:00:00,PROPOSAL_ACCEPTED,P1,V2,POLICY_GATE,AUTHORITY,Proposed state accepted,
EVT-002290,IN-DL-110054-4-98,2026-09-10 14:05:00,CANONICAL_STATE_UPDATED,V1,V2,CANONICAL_REGISTRY,SYSTEM,Authoritative state updated,
EVT-002291,IN-DL-110054-4-99,1973-01-01 12:00:00,PARCEL_CREATED,,V1,CANONICAL_SEED,SYSTEM,Initial cadastral creation,
EVT-002292,IN-DL-110054-4-99,2026-06-20 09:00:00,SOURCE_IMPORTED,V1,V1,INGESTION_PIPELINE,SYSTEM,4 observations linked,
EVT-002293,IN-DL-110054-4-99,2026-07-08 14:00:00,MATCH_PROPOSED,V1,P1,MATCHING_ENGINE,SYSTEM,Cross-source match proposed,
EVT-002294,IN-DL-110054-4-99,2026-09-10 14:00:00,PROPOSAL_ACCEPTED,P1,V2,POLICY_GATE,AUTHORITY,Proposed state accepted,
EVT-002295,IN-DL-110054-4-99,2026-09-10 14:05:00,CANONICAL_STATE_UPDATED,V1,V2,CANONICAL_REGISTRY,SYSTEM,Authoritative state updated,
EVT-002296,IN-DL-110054-4-100,1974-01-01 12:00:00,PARCEL_CREATED,,V1,CANONICAL_SEED,SYSTEM,Initial cadastral creation,
EVT-002297,IN-DL-110054-4-100,2026-06-20 09:00:00,SOURCE_IMPORTED,V1,V1,INGESTION_PIPELINE,SYSTEM,4 observations linked,
EVT-002298,IN-DL-110054-4-100,2026-07-01 11:00:00,CONFLICT_DETECTED,V1,V1,CONFLICT_ENGINE,SYSTEM,2 conflicts detected,
EVT-002299,IN-DL-110054-4-100,2026-07-08 14:00:00,MATCH_PROPOSED,V1,P1,MATCHING_ENGINE,SYSTEM,Cross-source match proposed,
EVT-002300,IN-DL-110054-4-100,2026-09-10 14:00:00,PROPOSAL_ACCEPTED,P1,V2,POLICY_GATE,AUTHORITY,Proposed state accepted,
EVT-002301,IN-DL-110054-4-100,2026-09-10 14:05:00,CANONICAL_STATE_UPDATED,V1,V2,CANONICAL_REGISTRY,SYSTEM,Authoritative state updated,
EVT-002302,IN-DL-110054-5-1,2005-01-01 12:00:00,PARCEL_CREATED,,V1,CANONICAL_SEED,SYSTEM,Initial cadastral creation,
EVT-002303,IN-DL-110054-5-1,2026-06-20 09:00:00,SOURCE_IMPORTED,V1,V1,INGESTION_PIPELINE,SYSTEM,6 observations linked,
EVT-002304,IN-DL-110054-5-1,2026-07-08 14:00:00,MATCH_PROPOSED,V1,P1,MATCHING_ENGINE,SYSTEM,Cross-source match proposed,
EVT-002305,IN-DL-110054-5-1,2026-09-10 14:00:00,PROPOSAL_ACCEPTED,P1,V2,POLICY_GATE,AUTHORITY,Proposed state accepted,
EVT-002306,IN-DL-110054-5-1,2026-09-10 14:05:00,CANONICAL_STATE_UPDATED,V1,V2,CANONICAL_REGISTRY,SYSTEM,Authoritative state updated,
EVT-002307,IN-DL-110054-5-2,2006-01-01 12:00:00,PARCEL_CREATED,,V1,CANONICAL_SEED,SYSTEM,Initial cadastral creation,
EVT-002308,IN-DL-110054-5-2,2026-06-20 09:00:00,SOURCE_IMPORTED,V1,V1,INGESTION_PIPELINE,SYSTEM,6 observations linked,
EVT-002309,IN-DL-110054-5-2,2026-07-08 14:00:00,MATCH_PROPOSED,V1,P1,MATCHING_ENGINE,SYSTEM,Cross-source match proposed,
EVT-002310,IN-DL-110054-5-2,2026-09-10 14:00:00,PROPOSAL_ACCEPTED,P1,V2,POLICY_GATE,AUTHORITY,Proposed state accepted,
EVT-002311,IN-DL-110054-5-2,2026-09-10 14:05:00,CANONICAL_STATE_UPDATED,V1,V2,CANONICAL_REGISTRY,SYSTEM,Authoritative state updated,
EVT-002312,IN-DL-110054-5-3,2007-01-01 12:00:00,PARCEL_CREATED,,V1,CANONICAL_SEED,SYSTEM,Initial cadastral creation,
EVT-002313,IN-DL-110054-5-3,2026-06-20 09:00:00,SOURCE_IMPORTED,V1,V1,INGESTION_PIPELINE,SYSTEM,5 observations linked,
EVT-002314,IN-DL-110054-5-3,2026-07-08 14:00:00,MATCH_PROPOSED,V1,P1,MATCHING_ENGINE,SYSTEM,Cross-source match proposed,
EVT-002315,IN-DL-110054-5-3,2026-09-10 14:00:00,PROPOSAL_ACCEPTED,P1,V2,POLICY_GATE,AUTHORITY,Proposed state accepted,
EVT-002316,IN-DL-110054-5-3,2026-09-10 14:05:00,CANONICAL_STATE_UPDATED,V1,V2,CANONICAL_REGISTRY,SYSTEM,Authoritative state updated,
EVT-002317,IN-DL-110054-5-4,2008-01-01 12:00:00,PARCEL_CREATED,,V1,CANONICAL_SEED,SYSTEM,Initial cadastral creation,
EVT-002318,IN-DL-110054-5-4,2026-06-20 09:00:00,SOURCE_IMPORTED,V1,V1,INGESTION_PIPELINE,SYSTEM,5 observations linked,
EVT-002319,IN-DL-110054-5-4,2026-07-08 14:00:00,MATCH_PROPOSED,V1,P1,MATCHING_ENGINE,SYSTEM,Cross-source match proposed,
EVT-002320,IN-DL-110054-5-4,2026-09-10 14:00:00,PROPOSAL_ACCEPTED,P1,V2,POLICY_GATE,AUTHORITY,Proposed state accepted,
EVT-002321,IN-DL-110054-5-4,2026-09-10 14:05:00,CANONICAL_STATE_UPDATED,V1,V2,CANONICAL_REGISTRY,SYSTEM,Authoritative state updated,
EVT-002322,IN-DL-110054-5-5,2009-01-01 12:00:00,PARCEL_CREATED,,V1,CANONICAL_SEED,SYSTEM,Initial cadastral creation,
EVT-002323,IN-DL-110054-5-5,2026-06-20 09:00:00,SOURCE_IMPORTED,V1,V1,INGESTION_PIPELINE,SYSTEM,4 observations linked,
EVT-002324,IN-DL-110054-5-5,2026-07-08 14:00:00,MATCH_PROPOSED,V1,P1,MATCHING_ENGINE,SYSTEM,Cross-source match proposed,
EVT-002325,IN-DL-110054-5-5,2026-09-10 14:00:00,PROPOSAL_ACCEPTED,P1,V2,POLICY_GATE,AUTHORITY,Proposed state accepted,
EVT-002326,IN-DL-110054-5-5,2026-09-10 14:05:00,CANONICAL_STATE_UPDATED,V1,V2,CANONICAL_REGISTRY,SYSTEM,Authoritative state updated,
EVT-002327,IN-DL-110054-5-6,2010-01-01 12:00:00,PARCEL_CREATED,,V1,CANONICAL_SEED,SYSTEM,Initial cadastral creation,
EVT-002328,IN-DL-110054-5-6,2026-06-20 09:00:00,SOURCE_IMPORTED,V1,V1,INGESTION_PIPELINE,SYSTEM,5 observations linked,
EVT-002329,IN-DL-110054-5-6,2026-07-01 11:00:00,CONFLICT_DETECTED,V1,V1,CONFLICT_ENGINE,SYSTEM,1 conflicts detected,
EVT-002330,IN-DL-110054-5-6,2026-07-08 14:00:00,MATCH_PROPOSED,V1,P1,MATCHING_ENGINE,SYSTEM,Cross-source match proposed,
EVT-002331,IN-DL-110054-5-6,2026-09-05 11:00:00,HUMAN_REVIEW,P1,P2,REVIEW_WORKSPACE,HUMAN_REVIEWER,Legal/operational conflict requires decision,
EVT-002332,IN-DL-110054-5-7,2004-01-01 12:00:00,PARCEL_CREATED,,V1,CANONICAL_SEED,SYSTEM,Initial cadastral creation,
EVT-002333,IN-DL-110054-5-7,2026-06-20 09:00:00,SOURCE_IMPORTED,V1,V1,INGESTION_PIPELINE,SYSTEM,3 observations linked,
EVT-002334,IN-DL-110054-5-7,2026-07-08 14:00:00,MATCH_PROPOSED,V1,P1,MATCHING_ENGINE,SYSTEM,Cross-source match proposed,
EVT-002335,IN-DL-110054-5-7,2026-09-10 14:00:00,PROPOSAL_ACCEPTED,P1,V2,POLICY_GATE,AUTHORITY,Proposed state accepted,
EVT-002336,IN-DL-110054-5-7,2026-09-10 14:05:00,CANONICAL_STATE_UPDATED,V1,V2,CANONICAL_REGISTRY,SYSTEM,Authoritative state updated,
EVT-002337,IN-DL-110054-5-8,2005-01-01 12:00:00,PARCEL_CREATED,,V1,CANONICAL_SEED,SYSTEM,Initial cadastral creation,
EVT-002338,IN-DL-110054-5-8,2026-06-20 09:00:00,SOURCE_IMPORTED,V1,V1,INGESTION_PIPELINE,SYSTEM,5 observations linked,
EVT-002339,IN-DL-110054-5-8,2026-07-08 14:00:00,MATCH_PROPOSED,V1,P1,MATCHING_ENGINE,SYSTEM,Cross-source match proposed,
EVT-002340,IN-DL-110054-5-8,2026-09-10 14:00:00,PROPOSAL_ACCEPTED,P1,V2,POLICY_GATE,AUTHORITY,Proposed state accepted,
EVT-002341,IN-DL-110054-5-8,2026-09-10 14:05:00,CANONICAL_STATE_UPDATED,V1,V2,CANONICAL_REGISTRY,SYSTEM,Authoritative state updated,
EVT-002342,IN-DL-110054-5-9,2006-01-01 12:00:00,PARCEL_CREATED,,V1,CANONICAL_SEED,SYSTEM,Initial cadastral creation,
EVT-002343,IN-DL-110054-5-9,2026-06-20 09:00:00,SOURCE_IMPORTED,V1,V1,INGESTION_PIPELINE,SYSTEM,5 observations linked,
EVT-002344,IN-DL-110054-5-9,2026-07-08 14:00:00,MATCH_PROPOSED,V1,P1,MATCHING_ENGINE,SYSTEM,Cross-source match proposed,
EVT-002345,IN-DL-110054-5-9,2026-09-10 14:00:00,PROPOSAL_ACCEPTED,P1,V2,POLICY_GATE,AUTHORITY,Proposed state accepted,
EVT-002346,IN-DL-110054-5-9,2026-09-10 14:05:00,CANONICAL_STATE_UPDATED,V1,V2,CANONICAL_REGISTRY,SYSTEM,Authoritative state updated,
EVT-002347,IN-DL-110054-5-10,2007-01-01 12:00:00,PARCEL_CREATED,,V1,CANONICAL_SEED,SYSTEM,Initial cadastral creation,
EVT-002348,IN-DL-110054-5-10,2026-06-20 09:00:00,SOURCE_IMPORTED,V1,V1,INGESTION_PIPELINE,SYSTEM,4 observations linked,
EVT-002349,IN-DL-110054-5-10,2026-07-01 11:00:00,CONFLICT_DETECTED,V1,V1,CONFLICT_ENGINE,SYSTEM,1 conflicts detected,
EVT-002350,IN-DL-110054-5-10,2026-07-08 14:00:00,MATCH_PROPOSED,V1,P1,MATCHING_ENGINE,SYSTEM,Cross-source match proposed,
EVT-002351,IN-DL-110054-5-10,2026-09-10 14:00:00,PROPOSAL_ACCEPTED,P1,V2,POLICY_GATE,AUTHORITY,Proposed state accepted,
EVT-002352,IN-DL-110054-5-10,2026-09-10 14:05:00,CANONICAL_STATE_UPDATED,V1,V2,CANONICAL_REGISTRY,SYSTEM,Authoritative state updated,
EVT-002353,IN-DL-110054-5-11,2008-01-01 12:00:00,PARCEL_CREATED,,V1,CANONICAL_SEED,SYSTEM,Initial cadastral creation,
EVT-002354,IN-DL-110054-5-11,2026-06-20 09:00:00,SOURCE_IMPORTED,V1,V1,INGESTION_PIPELINE,SYSTEM,4 observations linked,
EVT-002355,IN-DL-110054-5-11,2026-07-01 11:00:00,CONFLICT_DETECTED,V1,V1,CONFLICT_ENGINE,SYSTEM,1 conflicts detected,
EVT-002356,IN-DL-110054-5-11,2026-07-08 14:00:00,MATCH_PROPOSED,V1,P1,MATCHING_ENGINE,SYSTEM,Cross-source match proposed,
EVT-002357,IN-DL-110054-5-11,2026-09-05 11:00:00,HUMAN_REVIEW,P1,P2,REVIEW_WORKSPACE,HUMAN_REVIEWER,Legal/operational conflict requires decision,
EVT-002358,IN-DL-110054-5-12,2009-01-01 12:00:00,PARCEL_CREATED,,V1,CANONICAL_SEED,SYSTEM,Initial cadastral creation,
EVT-002359,IN-DL-110054-5-12,2026-06-20 09:00:00,SOURCE_IMPORTED,V1,V1,INGESTION_PIPELINE,SYSTEM,6 observations linked,
EVT-002360,IN-DL-110054-5-12,2026-07-01 11:00:00,CONFLICT_DETECTED,V1,V1,CONFLICT_ENGINE,SYSTEM,1 conflicts detected,
EVT-002361,IN-DL-110054-5-12,2026-07-08 14:00:00,MATCH_PROPOSED,V1,P1,MATCHING_ENGINE,SYSTEM,Cross-source match proposed,
EVT-002362,IN-DL-110054-5-12,2026-08-06 10:00:00,EVIDENCE_ADDED,P1,P2,FIELD_SURVEY,SURVEYOR,GNSS/CORS evidence attached,
EVT-002363,IN-DL-110054-5-12,2026-09-10 14:00:00,PROPOSAL_ACCEPTED,P2,V2,POLICY_GATE,AUTHORITY,Proposed state accepted,
EVT-002364,IN-DL-110054-5-12,2026-09-10 14:05:00,CANONICAL_STATE_UPDATED,V1,V2,CANONICAL_REGISTRY,SYSTEM,Authoritative state updated,
EVT-002365,IN-DL-110054-5-13,2010-01-01 12:00:00,PARCEL_CREATED,,V1,CANONICAL_SEED,SYSTEM,Initial cadastral creation,
EVT-002366,IN-DL-110054-5-13,2026-06-20 09:00:00,SOURCE_IMPORTED,V1,V1,INGESTION_PIPELINE,SYSTEM,4 observations linked,
EVT-002367,IN-DL-110054-5-13,2026-07-08 14:00:00,MATCH_PROPOSED,V1,P1,MATCHING_ENGINE,SYSTEM,Cross-source match proposed,
EVT-002368,IN-DL-110054-5-13,2026-09-10 14:00:00,PROPOSAL_ACCEPTED,P1,V2,POLICY_GATE,AUTHORITY,Proposed state accepted,
EVT-002369,IN-DL-110054-5-13,2026-09-10 14:05:00,CANONICAL_STATE_UPDATED,V1,V2,CANONICAL_REGISTRY,SYSTEM,Authoritative state updated,
EVT-002370,IN-DL-110054-5-14,2004-01-01 12:00:00,PARCEL_CREATED,,V1,CANONICAL_SEED,SYSTEM,Initial cadastral creation,
EVT-002371,IN-DL-110054-5-14,2026-06-20 09:00:00,SOURCE_IMPORTED,V1,V1,INGESTION_PIPELINE,SYSTEM,5 observations linked,
EVT-002372,IN-DL-110054-5-14,2026-07-08 14:00:00,MATCH_PROPOSED,V1,P1,MATCHING_ENGINE,SYSTEM,Cross-source match proposed,
EVT-002373,IN-DL-110054-5-14,2026-08-06 10:00:00,EVIDENCE_ADDED,P1,P2,FIELD_SURVEY,SURVEYOR,GNSS/CORS evidence attached,
EVT-002374,IN-DL-110054-5-14,2026-09-10 14:00:00,PROPOSAL_ACCEPTED,P2,V2,POLICY_GATE,AUTHORITY,Proposed state accepted,
EVT-002375,IN-DL-110054-5-14,2026-09-10 14:05:00,CANONICAL_STATE_UPDATED,V1,V2,CANONICAL_REGISTRY,SYSTEM,Authoritative state updated,
EVT-002376,IN-DL-110054-5-15,2005-01-01 12:00:00,PARCEL_CREATED,,V1,CANONICAL_SEED,SYSTEM,Initial cadastral creation,
EVT-002377,IN-DL-110054-5-15,2026-06-20 09:00:00,SOURCE_IMPORTED,V1,V1,INGESTION_PIPELINE,SYSTEM,4 observations linked,
EVT-002378,IN-DL-110054-5-15,2026-07-01 11:00:00,CONFLICT_DETECTED,V1,V1,CONFLICT_ENGINE,SYSTEM,1 conflicts detected,
EVT-002379,IN-DL-110054-5-15,2026-07-08 14:00:00,MATCH_PROPOSED,V1,P1,MATCHING_ENGINE,SYSTEM,Cross-source match proposed,
EVT-002380,IN-DL-110054-5-15,2026-08-06 10:00:00,EVIDENCE_ADDED,P1,P2,FIELD_SURVEY,SURVEYOR,GNSS/CORS evidence attached,
EVT-002381,IN-DL-110054-5-15,2026-09-10 14:00:00,PROPOSAL_ACCEPTED,P2,V2,POLICY_GATE,AUTHORITY,Proposed state accepted,
EVT-002382,IN-DL-110054-5-15,2026-09-10 14:05:00,CANONICAL_STATE_UPDATED,V1,V2,CANONICAL_REGISTRY,SYSTEM,Authoritative state updated,
EVT-002383,IN-DL-110054-5-16,2006-01-01 12:00:00,PARCEL_CREATED,,V1,CANONICAL_SEED,SYSTEM,Initial cadastral creation,
EVT-002384,IN-DL-110054-5-16,2026-06-20 09:00:00,SOURCE_IMPORTED,V1,V1,INGESTION_PIPELINE,SYSTEM,3 observations linked,
EVT-002385,IN-DL-110054-5-16,2026-07-01 11:00:00,CONFLICT_DETECTED,V1,V1,CONFLICT_ENGINE,SYSTEM,1 conflicts detected,
EVT-002386,IN-DL-110054-5-16,2026-07-08 14:00:00,MATCH_PROPOSED,V1,P1,MATCHING_ENGINE,SYSTEM,Cross-source match proposed,
EVT-002387,IN-DL-110054-5-16,2026-09-05 12:00:00,HUMAN_REVIEW,P1,P1,REVIEW_WORKSPACE,HUMAN_REVIEWER,Additional evidence requested,
EVT-002388,IN-DL-110054-5-17,2007-01-01 12:00:00,PARCEL_CREATED,,V1,CANONICAL_SEED,SYSTEM,Initial cadastral creation,
EVT-002389,IN-DL-110054-5-17,2026-06-20 09:00:00,SOURCE_IMPORTED,V1,V1,INGESTION_PIPELINE,SYSTEM,5 observations linked,
EVT-002390,IN-DL-110054-5-17,2026-07-08 14:00:00,MATCH_PROPOSED,V1,P1,MATCHING_ENGINE,SYSTEM,Cross-source match proposed,
EVT-002391,IN-DL-110054-5-17,2026-09-10 14:00:00,PROPOSAL_ACCEPTED,P1,V2,POLICY_GATE,AUTHORITY,Proposed state accepted,
EVT-002392,IN-DL-110054-5-17,2026-09-10 14:05:00,CANONICAL_STATE_UPDATED,V1,V2,CANONICAL_REGISTRY,SYSTEM,Authoritative state updated,
EVT-002393,IN-DL-110054-5-18,2008-01-01 12:00:00,PARCEL_CREATED,,V1,CANONICAL_SEED,SYSTEM,Initial cadastral creation,
EVT-002394,IN-DL-110054-5-18,2026-06-20 09:00:00,SOURCE_IMPORTED,V1,V1,INGESTION_PIPELINE,SYSTEM,5 observations linked,
EVT-002395,IN-DL-110054-5-18,2026-07-08 14:00:00,MATCH_PROPOSED,V1,P1,MATCHING_ENGINE,SYSTEM,Cross-source match proposed,
EVT-002396,IN-DL-110054-5-18,2026-09-10 14:00:00,PROPOSAL_ACCEPTED,P1,V2,POLICY_GATE,AUTHORITY,Proposed state accepted,
EVT-002397,IN-DL-110054-5-18,2026-09-10 14:05:00,CANONICAL_STATE_UPDATED,V1,V2,CANONICAL_REGISTRY,SYSTEM,Authoritative state updated,
EVT-002398,IN-DL-110054-5-19,2009-01-01 12:00:00,PARCEL_CREATED,,V1,CANONICAL_SEED,SYSTEM,Initial cadastral creation,
EVT-002399,IN-DL-110054-5-19,2026-06-20 09:00:00,SOURCE_IMPORTED,V1,V1,INGESTION_PIPELINE,SYSTEM,5 observations linked,
EVT-002400,IN-DL-110054-5-19,2026-07-08 14:00:00,MATCH_PROPOSED,V1,P1,MATCHING_ENGINE,SYSTEM,Cross-source match proposed,
EVT-002401,IN-DL-110054-5-19,2026-09-10 14:00:00,PROPOSAL_ACCEPTED,P1,V2,POLICY_GATE,AUTHORITY,Proposed state accepted,
EVT-002402,IN-DL-110054-5-19,2026-09-10 14:05:00,CANONICAL_STATE_UPDATED,V1,V2,CANONICAL_REGISTRY,SYSTEM,Authoritative state updated,
EVT-002403,IN-DL-110054-5-20,2010-01-01 12:00:00,PARCEL_CREATED,,V1,CANONICAL_SEED,SYSTEM,Initial cadastral creation,
EVT-002404,IN-DL-110054-5-20,2026-06-20 09:00:00,SOURCE_IMPORTED,V1,V1,INGESTION_PIPELINE,SYSTEM,6 observations linked,
EVT-002405,IN-DL-110054-5-20,2026-07-01 11:00:00,CONFLICT_DETECTED,V1,V1,CONFLICT_ENGINE,SYSTEM,2 conflicts detected,
EVT-002406,IN-DL-110054-5-20,2026-07-08 14:00:00,MATCH_PROPOSED,V1,P1,MATCHING_ENGINE,SYSTEM,Cross-source match proposed,
EVT-002407,IN-DL-110054-5-20,2026-08-06 10:00:00,EVIDENCE_ADDED,P1,P2,FIELD_SURVEY,SURVEYOR,GNSS/CORS evidence attached,
EVT-002408,IN-DL-110054-5-20,2026-09-10 14:00:00,PROPOSAL_ACCEPTED,P2,V2,POLICY_GATE,AUTHORITY,Proposed state accepted,
EVT-002409,IN-DL-110054-5-20,2026-09-10 14:05:00,CANONICAL_STATE_UPDATED,V1,V2,CANONICAL_REGISTRY,SYSTEM,Authoritative state updated,
EVT-002410,IN-DL-110054-5-21,2004-01-01 12:00:00,PARCEL_CREATED,,V1,CANONICAL_SEED,SYSTEM,Initial cadastral creation,
EVT-002411,IN-DL-110054-5-21,2026-06-20 09:00:00,SOURCE_IMPORTED,V1,V1,INGESTION_PIPELINE,SYSTEM,6 observations linked,
EVT-002412,IN-DL-110054-5-21,2026-07-08 14:00:00,MATCH_PROPOSED,V1,P1,MATCHING_ENGINE,SYSTEM,Cross-source match proposed,
EVT-002413,IN-DL-110054-5-21,2026-08-06 10:00:00,EVIDENCE_ADDED,P1,P2,FIELD_SURVEY,SURVEYOR,GNSS/CORS evidence attached,
EVT-002414,IN-DL-110054-5-21,2026-09-10 14:00:00,PROPOSAL_ACCEPTED,P2,V2,POLICY_GATE,AUTHORITY,Proposed state accepted,
EVT-002415,IN-DL-110054-5-21,2026-09-10 14:05:00,CANONICAL_STATE_UPDATED,V1,V2,CANONICAL_REGISTRY,SYSTEM,Authoritative state updated,
EVT-002416,IN-DL-110054-5-22,2005-01-01 12:00:00,PARCEL_CREATED,,V1,CANONICAL_SEED,SYSTEM,Initial cadastral creation,
EVT-002417,IN-DL-110054-5-22,2026-06-20 09:00:00,SOURCE_IMPORTED,V1,V1,INGESTION_PIPELINE,SYSTEM,3 observations linked,
EVT-002418,IN-DL-110054-5-22,2026-07-08 14:00:00,MATCH_PROPOSED,V1,P1,MATCHING_ENGINE,SYSTEM,Cross-source match proposed,
EVT-002419,IN-DL-110054-5-22,2026-09-10 14:00:00,PROPOSAL_ACCEPTED,P1,V2,POLICY_GATE,AUTHORITY,Proposed state accepted,
EVT-002420,IN-DL-110054-5-22,2026-09-10 14:05:00,CANONICAL_STATE_UPDATED,V1,V2,CANONICAL_REGISTRY,SYSTEM,Authoritative state updated,
EVT-002421,IN-DL-110054-5-23,2006-01-01 12:00:00,PARCEL_CREATED,,V1,CANONICAL_SEED,SYSTEM,Initial cadastral creation,
EVT-002422,IN-DL-110054-5-23,2026-06-20 09:00:00,SOURCE_IMPORTED,V1,V1,INGESTION_PIPELINE,SYSTEM,4 observations linked,
EVT-002423,IN-DL-110054-5-23,2026-07-08 14:00:00,MATCH_PROPOSED,V1,P1,MATCHING_ENGINE,SYSTEM,Cross-source match proposed,
EVT-002424,IN-DL-110054-5-23,2026-09-10 14:00:00,PROPOSAL_ACCEPTED,P1,V2,POLICY_GATE,AUTHORITY,Proposed state accepted,
EVT-002425,IN-DL-110054-5-23,2026-09-10 14:05:00,CANONICAL_STATE_UPDATED,V1,V2,CANONICAL_REGISTRY,SYSTEM,Authoritative state updated,
EVT-002426,IN-DL-110054-5-24,2007-01-01 12:00:00,PARCEL_CREATED,,V1,CANONICAL_SEED,SYSTEM,Initial cadastral creation,
EVT-002427,IN-DL-110054-5-24,2026-06-20 09:00:00,SOURCE_IMPORTED,V1,V1,INGESTION_PIPELINE,SYSTEM,5 observations linked,
EVT-002428,IN-DL-110054-5-24,2026-07-01 11:00:00,CONFLICT_DETECTED,V1,V1,CONFLICT_ENGINE,SYSTEM,1 conflicts detected,
EVT-002429,IN-DL-110054-5-24,2026-07-08 14:00:00,MATCH_PROPOSED,V1,P1,MATCHING_ENGINE,SYSTEM,Cross-source match proposed,
EVT-002430,IN-DL-110054-5-24,2026-09-10 14:00:00,PROPOSAL_ACCEPTED,P1,V2,POLICY_GATE,AUTHORITY,Proposed state accepted,
EVT-002431,IN-DL-110054-5-24,2026-09-10 14:05:00,CANONICAL_STATE_UPDATED,V1,V2,CANONICAL_REGISTRY,SYSTEM,Authoritative state updated,
EVT-002432,IN-DL-110054-5-25,2008-01-01 12:00:00,PARCEL_CREATED,,V1,CANONICAL_SEED,SYSTEM,Initial cadastral creation,
EVT-002433,IN-DL-110054-5-25,2026-06-20 09:00:00,SOURCE_IMPORTED,V1,V1,INGESTION_PIPELINE,SYSTEM,6 observations linked,
EVT-002434,IN-DL-110054-5-25,2026-07-08 14:00:00,MATCH_PROPOSED,V1,P1,MATCHING_ENGINE,SYSTEM,Cross-source match proposed,
EVT-002435,IN-DL-110054-5-25,2026-08-06 10:00:00,EVIDENCE_ADDED,P1,P2,FIELD_SURVEY,SURVEYOR,GNSS/CORS evidence attached,
EVT-002436,IN-DL-110054-5-25,2026-09-10 14:00:00,PROPOSAL_ACCEPTED,P2,V2,POLICY_GATE,AUTHORITY,Proposed state accepted,
EVT-002437,IN-DL-110054-5-25,2026-09-10 14:05:00,CANONICAL_STATE_UPDATED,V1,V2,CANONICAL_REGISTRY,SYSTEM,Authoritative state updated,
EVT-002438,IN-DL-110054-5-26,2009-01-01 12:00:00,PARCEL_CREATED,,V1,CANONICAL_SEED,SYSTEM,Initial cadastral creation,
EVT-002439,IN-DL-110054-5-26,2026-06-20 09:00:00,SOURCE_IMPORTED,V1,V1,INGESTION_PIPELINE,SYSTEM,5 observations linked,
EVT-002440,IN-DL-110054-5-26,2026-07-08 14:00:00,MATCH_PROPOSED,V1,P1,MATCHING_ENGINE,SYSTEM,Cross-source match proposed,
EVT-002441,IN-DL-110054-5-26,2026-08-06 10:00:00,EVIDENCE_ADDED,P1,P2,FIELD_SURVEY,SURVEYOR,GNSS/CORS evidence attached,
EVT-002442,IN-DL-110054-5-26,2026-09-10 14:00:00,PROPOSAL_ACCEPTED,P2,V2,POLICY_GATE,AUTHORITY,Proposed state accepted,
EVT-002443,IN-DL-110054-5-26,2026-09-10 14:05:00,CANONICAL_STATE_UPDATED,V1,V2,CANONICAL_REGISTRY,SYSTEM,Authoritative state updated,
EVT-002444,IN-DL-110054-5-27,2010-01-01 12:00:00,PARCEL_CREATED,,V1,CANONICAL_SEED,SYSTEM,Initial cadastral creation,
EVT-002445,IN-DL-110054-5-27,2026-06-20 09:00:00,SOURCE_IMPORTED,V1,V1,INGESTION_PIPELINE,SYSTEM,3 observations linked,
EVT-002446,IN-DL-110054-5-27,2026-07-08 14:00:00,MATCH_PROPOSED,V1,P1,MATCHING_ENGINE,SYSTEM,Cross-source match proposed,
EVT-002447,IN-DL-110054-5-27,2026-09-10 14:00:00,PROPOSAL_ACCEPTED,P1,V2,POLICY_GATE,AUTHORITY,Proposed state accepted,
EVT-002448,IN-DL-110054-5-27,2026-09-10 14:05:00,CANONICAL_STATE_UPDATED,V1,V2,CANONICAL_REGISTRY,SYSTEM,Authoritative state updated,
EVT-002449,IN-DL-110054-5-28,2004-01-01 12:00:00,PARCEL_CREATED,,V1,CANONICAL_SEED,SYSTEM,Initial cadastral creation,
EVT-002450,IN-DL-110054-5-28,2026-06-20 09:00:00,SOURCE_IMPORTED,V1,V1,INGESTION_PIPELINE,SYSTEM,6 observations linked,
EVT-002451,IN-DL-110054-5-28,2026-07-08 14:00:00,MATCH_PROPOSED,V1,P1,MATCHING_ENGINE,SYSTEM,Cross-source match proposed,
EVT-002452,IN-DL-110054-5-28,2026-09-10 14:00:00,PROPOSAL_ACCEPTED,P1,V2,POLICY_GATE,AUTHORITY,Proposed state accepted,
EVT-002453,IN-DL-110054-5-28,2026-09-10 14:05:00,CANONICAL_STATE_UPDATED,V1,V2,CANONICAL_REGISTRY,SYSTEM,Authoritative state updated,
EVT-002454,IN-DL-110054-5-29,2005-01-01 12:00:00,PARCEL_CREATED,,V1,CANONICAL_SEED,SYSTEM,Initial cadastral creation,
EVT-002455,IN-DL-110054-5-29,2026-06-20 09:00:00,SOURCE_IMPORTED,V1,V1,INGESTION_PIPELINE,SYSTEM,3 observations linked,
EVT-002456,IN-DL-110054-5-29,2026-07-01 11:00:00,CONFLICT_DETECTED,V1,V1,CONFLICT_ENGINE,SYSTEM,1 conflicts detected,
EVT-002457,IN-DL-110054-5-29,2026-07-08 14:00:00,MATCH_PROPOSED,V1,P1,MATCHING_ENGINE,SYSTEM,Cross-source match proposed,
EVT-002458,IN-DL-110054-5-29,2026-09-05 12:00:00,HUMAN_REVIEW,P1,P1,REVIEW_WORKSPACE,HUMAN_REVIEWER,Additional evidence requested,
EVT-002459,IN-DL-110054-5-30,2006-01-01 12:00:00,PARCEL_CREATED,,V1,CANONICAL_SEED,SYSTEM,Initial cadastral creation,
EVT-002460,IN-DL-110054-5-30,2026-06-20 09:00:00,SOURCE_IMPORTED,V1,V1,INGESTION_PIPELINE,SYSTEM,5 observations linked,
EVT-002461,IN-DL-110054-5-30,2026-07-01 11:00:00,CONFLICT_DETECTED,V1,V1,CONFLICT_ENGINE,SYSTEM,2 conflicts detected,
EVT-002462,IN-DL-110054-5-30,2026-07-08 14:00:00,MATCH_PROPOSED,V1,P1,MATCHING_ENGINE,SYSTEM,Cross-source match proposed,
EVT-002463,IN-DL-110054-5-30,2026-09-10 14:00:00,PROPOSAL_ACCEPTED,P1,V2,POLICY_GATE,AUTHORITY,Proposed state accepted,
EVT-002464,IN-DL-110054-5-30,2026-09-10 14:05:00,CANONICAL_STATE_UPDATED,V1,V2,CANONICAL_REGISTRY,SYSTEM,Authoritative state updated,
EVT-002465,IN-DL-110054-5-31,2007-01-01 12:00:00,PARCEL_CREATED,,V1,CANONICAL_SEED,SYSTEM,Initial cadastral creation,
EVT-002466,IN-DL-110054-5-31,2026-06-20 09:00:00,SOURCE_IMPORTED,V1,V1,INGESTION_PIPELINE,SYSTEM,3 observations linked,
EVT-002467,IN-DL-110054-5-31,2026-07-01 11:00:00,CONFLICT_DETECTED,V1,V1,CONFLICT_ENGINE,SYSTEM,1 conflicts detected,
EVT-002468,IN-DL-110054-5-31,2026-07-08 14:00:00,MATCH_PROPOSED,V1,P1,MATCHING_ENGINE,SYSTEM,Cross-source match proposed,
EVT-002469,IN-DL-110054-5-31,2026-09-05 11:00:00,HUMAN_REVIEW,P1,P2,REVIEW_WORKSPACE,HUMAN_REVIEWER,Legal/operational conflict requires decision,
EVT-002470,IN-DL-110054-5-32,2008-01-01 12:00:00,PARCEL_CREATED,,V1,CANONICAL_SEED,SYSTEM,Initial cadastral creation,
EVT-002471,IN-DL-110054-5-32,2026-06-20 09:00:00,SOURCE_IMPORTED,V1,V1,INGESTION_PIPELINE,SYSTEM,5 observations linked,
EVT-002472,IN-DL-110054-5-32,2026-07-08 14:00:00,MATCH_PROPOSED,V1,P1,MATCHING_ENGINE,SYSTEM,Cross-source match proposed,
EVT-002473,IN-DL-110054-5-32,2026-09-10 14:00:00,PROPOSAL_ACCEPTED,P1,V2,POLICY_GATE,AUTHORITY,Proposed state accepted,
EVT-002474,IN-DL-110054-5-32,2026-09-10 14:05:00,CANONICAL_STATE_UPDATED,V1,V2,CANONICAL_REGISTRY,SYSTEM,Authoritative state updated,
EVT-002475,IN-DL-110054-5-33,2009-01-01 12:00:00,PARCEL_CREATED,,V1,CANONICAL_SEED,SYSTEM,Initial cadastral creation,
EVT-002476,IN-DL-110054-5-33,2026-06-20 09:00:00,SOURCE_IMPORTED,V1,V1,INGESTION_PIPELINE,SYSTEM,5 observations linked,
EVT-002477,IN-DL-110054-5-33,2026-07-08 14:00:00,MATCH_PROPOSED,V1,P1,MATCHING_ENGINE,SYSTEM,Cross-source match proposed,
EVT-002478,IN-DL-110054-5-33,2026-09-10 14:00:00,PROPOSAL_ACCEPTED,P1,V2,POLICY_GATE,AUTHORITY,Proposed state accepted,
EVT-002479,IN-DL-110054-5-33,2026-09-10 14:05:00,CANONICAL_STATE_UPDATED,V1,V2,CANONICAL_REGISTRY,SYSTEM,Authoritative state updated,
EVT-002480,IN-DL-110054-5-34,2010-01-01 12:00:00,PARCEL_CREATED,,V1,CANONICAL_SEED,SYSTEM,Initial cadastral creation,
EVT-002481,IN-DL-110054-5-34,2026-06-20 09:00:00,SOURCE_IMPORTED,V1,V1,INGESTION_PIPELINE,SYSTEM,5 observations linked,
EVT-002482,IN-DL-110054-5-34,2026-07-08 14:00:00,MATCH_PROPOSED,V1,P1,MATCHING_ENGINE,SYSTEM,Cross-source match proposed,
EVT-002483,IN-DL-110054-5-34,2026-09-10 14:00:00,PROPOSAL_ACCEPTED,P1,V2,POLICY_GATE,AUTHORITY,Proposed state accepted,
EVT-002484,IN-DL-110054-5-34,2026-09-10 14:05:00,CANONICAL_STATE_UPDATED,V1,V2,CANONICAL_REGISTRY,SYSTEM,Authoritative state updated,
EVT-002485,IN-DL-110054-5-35,2004-01-01 12:00:00,PARCEL_CREATED,,V1,CANONICAL_SEED,SYSTEM,Initial cadastral creation,
EVT-002486,IN-DL-110054-5-35,2026-06-20 09:00:00,SOURCE_IMPORTED,V1,V1,INGESTION_PIPELINE,SYSTEM,4 observations linked,
EVT-002487,IN-DL-110054-5-35,2026-07-08 14:00:00,MATCH_PROPOSED,V1,P1,MATCHING_ENGINE,SYSTEM,Cross-source match proposed,
EVT-002488,IN-DL-110054-5-35,2026-09-10 14:00:00,PROPOSAL_ACCEPTED,P1,V2,POLICY_GATE,AUTHORITY,Proposed state accepted,
EVT-002489,IN-DL-110054-5-35,2026-09-10 14:05:00,CANONICAL_STATE_UPDATED,V1,V2,CANONICAL_REGISTRY,SYSTEM,Authoritative state updated,
EVT-002490,IN-DL-110054-5-36,2005-01-01 12:00:00,PARCEL_CREATED,,V1,CANONICAL_SEED,SYSTEM,Initial cadastral creation,
EVT-002491,IN-DL-110054-5-36,2026-06-20 09:00:00,SOURCE_IMPORTED,V1,V1,INGESTION_PIPELINE,SYSTEM,4 observations linked,
EVT-002492,IN-DL-110054-5-36,2026-07-01 11:00:00,CONFLICT_DETECTED,V1,V1,CONFLICT_ENGINE,SYSTEM,1 conflicts detected,
EVT-002493,IN-DL-110054-5-36,2026-07-08 14:00:00,MATCH_PROPOSED,V1,P1,MATCHING_ENGINE,SYSTEM,Cross-source match proposed,
EVT-002494,IN-DL-110054-5-36,2026-09-10 14:00:00,PROPOSAL_ACCEPTED,P1,V2,POLICY_GATE,AUTHORITY,Proposed state accepted,
EVT-002495,IN-DL-110054-5-36,2026-09-10 14:05:00,CANONICAL_STATE_UPDATED,V1,V2,CANONICAL_REGISTRY,SYSTEM,Authoritative state updated,
EVT-002496,IN-DL-110054-5-37,2006-01-01 12:00:00,PARCEL_CREATED,,V1,CANONICAL_SEED,SYSTEM,Initial cadastral creation,
EVT-002497,IN-DL-110054-5-37,2026-06-20 09:00:00,SOURCE_IMPORTED,V1,V1,INGESTION_PIPELINE,SYSTEM,5 observations linked,
EVT-002498,IN-DL-110054-5-37,2026-07-01 11:00:00,CONFLICT_DETECTED,V1,V1,CONFLICT_ENGINE,SYSTEM,1 conflicts detected,
EVT-002499,IN-DL-110054-5-37,2026-07-08 14:00:00,MATCH_PROPOSED,V1,P1,MATCHING_ENGINE,SYSTEM,Cross-source match proposed,
EVT-002500,IN-DL-110054-5-37,2026-08-06 10:00:00,EVIDENCE_ADDED,P1,P2,FIELD_SURVEY,SURVEYOR,GNSS/CORS evidence attached,
EVT-002501,IN-DL-110054-5-37,2026-09-05 11:00:00,HUMAN_REVIEW,P2,P2,REVIEW_WORKSPACE,HUMAN_REVIEWER,Legal/operational conflict requires decision,
EVT-002502,IN-DL-110054-5-38,2007-01-01 12:00:00,PARCEL_CREATED,,V1,CANONICAL_SEED,SYSTEM,Initial cadastral creation,
EVT-002503,IN-DL-110054-5-38,2026-06-20 09:00:00,SOURCE_IMPORTED,V1,V1,INGESTION_PIPELINE,SYSTEM,4 observations linked,
EVT-002504,IN-DL-110054-5-38,2026-07-08 14:00:00,MATCH_PROPOSED,V1,P1,MATCHING_ENGINE,SYSTEM,Cross-source match proposed,
EVT-002505,IN-DL-110054-5-38,2026-09-10 14:00:00,PROPOSAL_ACCEPTED,P1,V2,POLICY_GATE,AUTHORITY,Proposed state accepted,
EVT-002506,IN-DL-110054-5-38,2026-09-10 14:05:00,CANONICAL_STATE_UPDATED,V1,V2,CANONICAL_REGISTRY,SYSTEM,Authoritative state updated,
EVT-002507,IN-DL-110054-5-39,2008-01-01 12:00:00,PARCEL_CREATED,,V1,CANONICAL_SEED,SYSTEM,Initial cadastral creation,
EVT-002508,IN-DL-110054-5-39,2026-06-20 09:00:00,SOURCE_IMPORTED,V1,V1,INGESTION_PIPELINE,SYSTEM,5 observations linked,
EVT-002509,IN-DL-110054-5-39,2026-07-08 14:00:00,MATCH_PROPOSED,V1,P1,MATCHING_ENGINE,SYSTEM,Cross-source match proposed,
EVT-002510,IN-DL-110054-5-39,2026-09-10 14:00:00,PROPOSAL_ACCEPTED,P1,V2,POLICY_GATE,AUTHORITY,Proposed state accepted,
EVT-002511,IN-DL-110054-5-39,2026-09-10 14:05:00,CANONICAL_STATE_UPDATED,V1,V2,CANONICAL_REGISTRY,SYSTEM,Authoritative state updated,
EVT-002512,IN-DL-110054-5-40,2009-01-01 12:00:00,PARCEL_CREATED,,V1,CANONICAL_SEED,SYSTEM,Initial cadastral creation,
EVT-002513,IN-DL-110054-5-40,2026-06-20 09:00:00,SOURCE_IMPORTED,V1,V1,INGESTION_PIPELINE,SYSTEM,5 observations linked,
EVT-002514,IN-DL-110054-5-40,2026-07-01 11:00:00,CONFLICT_DETECTED,V1,V1,CONFLICT_ENGINE,SYSTEM,1 conflicts detected,
EVT-002515,IN-DL-110054-5-40,2026-07-08 14:00:00,MATCH_PROPOSED,V1,P1,MATCHING_ENGINE,SYSTEM,Cross-source match proposed,
EVT-002516,IN-DL-110054-5-40,2026-09-10 14:00:00,PROPOSAL_ACCEPTED,P1,V2,POLICY_GATE,AUTHORITY,Proposed state accepted,
EVT-002517,IN-DL-110054-5-40,2026-09-10 14:05:00,CANONICAL_STATE_UPDATED,V1,V2,CANONICAL_REGISTRY,SYSTEM,Authoritative state updated,
EVT-002518,IN-DL-110054-5-41,2010-01-01 12:00:00,PARCEL_CREATED,,V1,CANONICAL_SEED,SYSTEM,Initial cadastral creation,
EVT-002519,IN-DL-110054-5-41,2026-06-20 09:00:00,SOURCE_IMPORTED,V1,V1,INGESTION_PIPELINE,SYSTEM,6 observations linked,
EVT-002520,IN-DL-110054-5-41,2026-07-08 14:00:00,MATCH_PROPOSED,V1,P1,MATCHING_ENGINE,SYSTEM,Cross-source match proposed,
EVT-002521,IN-DL-110054-5-41,2026-08-06 10:00:00,EVIDENCE_ADDED,P1,P2,FIELD_SURVEY,SURVEYOR,GNSS/CORS evidence attached,
EVT-002522,IN-DL-110054-5-41,2026-09-10 14:00:00,PROPOSAL_ACCEPTED,P2,V2,POLICY_GATE,AUTHORITY,Proposed state accepted,
EVT-002523,IN-DL-110054-5-41,2026-09-10 14:05:00,CANONICAL_STATE_UPDATED,V1,V2,CANONICAL_REGISTRY,SYSTEM,Authoritative state updated,
EVT-002524,IN-DL-110054-5-42,2004-01-01 12:00:00,PARCEL_CREATED,,V1,CANONICAL_SEED,SYSTEM,Initial cadastral creation,
EVT-002525,IN-DL-110054-5-42,2026-06-20 09:00:00,SOURCE_IMPORTED,V1,V1,INGESTION_PIPELINE,SYSTEM,4 observations linked,
EVT-002526,IN-DL-110054-5-42,2026-07-08 14:00:00,MATCH_PROPOSED,V1,P1,MATCHING_ENGINE,SYSTEM,Cross-source match proposed,
EVT-002527,IN-DL-110054-5-42,2026-09-10 14:00:00,PROPOSAL_ACCEPTED,P1,V2,POLICY_GATE,AUTHORITY,Proposed state accepted,
EVT-002528,IN-DL-110054-5-42,2026-09-10 14:05:00,CANONICAL_STATE_UPDATED,V1,V2,CANONICAL_REGISTRY,SYSTEM,Authoritative state updated,
EVT-002529,IN-DL-110054-5-43,2005-01-01 12:00:00,PARCEL_CREATED,,V1,CANONICAL_SEED,SYSTEM,Initial cadastral creation,
EVT-002530,IN-DL-110054-5-43,2026-06-20 09:00:00,SOURCE_IMPORTED,V1,V1,INGESTION_PIPELINE,SYSTEM,5 observations linked,
EVT-002531,IN-DL-110054-5-43,2026-07-08 14:00:00,MATCH_PROPOSED,V1,P1,MATCHING_ENGINE,SYSTEM,Cross-source match proposed,
EVT-002532,IN-DL-110054-5-43,2026-09-10 14:00:00,PROPOSAL_ACCEPTED,P1,V2,POLICY_GATE,AUTHORITY,Proposed state accepted,
EVT-002533,IN-DL-110054-5-43,2026-09-10 14:05:00,CANONICAL_STATE_UPDATED,V1,V2,CANONICAL_REGISTRY,SYSTEM,Authoritative state updated,
EVT-002534,IN-DL-110054-5-44,2006-01-01 12:00:00,PARCEL_CREATED,,V1,CANONICAL_SEED,SYSTEM,Initial cadastral creation,
EVT-002535,IN-DL-110054-5-44,2026-06-20 09:00:00,SOURCE_IMPORTED,V1,V1,INGESTION_PIPELINE,SYSTEM,5 observations linked,
EVT-002536,IN-DL-110054-5-44,2026-07-08 14:00:00,MATCH_PROPOSED,V1,P1,MATCHING_ENGINE,SYSTEM,Cross-source match proposed,
EVT-002537,IN-DL-110054-5-44,2026-09-10 14:00:00,PROPOSAL_ACCEPTED,P1,V2,POLICY_GATE,AUTHORITY,Proposed state accepted,
EVT-002538,IN-DL-110054-5-44,2026-09-10 14:05:00,CANONICAL_STATE_UPDATED,V1,V2,CANONICAL_REGISTRY,SYSTEM,Authoritative state updated,
EVT-002539,IN-DL-110054-5-45,2007-01-01 12:00:00,PARCEL_CREATED,,V1,CANONICAL_SEED,SYSTEM,Initial cadastral creation,
EVT-002540,IN-DL-110054-5-45,2026-06-20 09:00:00,SOURCE_IMPORTED,V1,V1,INGESTION_PIPELINE,SYSTEM,5 observations linked,
EVT-002541,IN-DL-110054-5-45,2026-07-01 11:00:00,CONFLICT_DETECTED,V1,V1,CONFLICT_ENGINE,SYSTEM,1 conflicts detected,
EVT-002542,IN-DL-110054-5-45,2026-07-08 14:00:00,MATCH_PROPOSED,V1,P1,MATCHING_ENGINE,SYSTEM,Cross-source match proposed,
EVT-002543,IN-DL-110054-5-45,2026-09-10 14:00:00,PROPOSAL_ACCEPTED,P1,V2,POLICY_GATE,AUTHORITY,Proposed state accepted,
EVT-002544,IN-DL-110054-5-45,2026-09-10 14:05:00,CANONICAL_STATE_UPDATED,V1,V2,CANONICAL_REGISTRY,SYSTEM,Authoritative state updated,
EVT-002545,IN-DL-110054-5-46,2008-01-01 12:00:00,PARCEL_CREATED,,V1,CANONICAL_SEED,SYSTEM,Initial cadastral creation,
EVT-002546,IN-DL-110054-5-46,2026-06-20 09:00:00,SOURCE_IMPORTED,V1,V1,INGESTION_PIPELINE,SYSTEM,6 observations linked,
EVT-002547,IN-DL-110054-5-46,2026-07-01 11:00:00,CONFLICT_DETECTED,V1,V1,CONFLICT_ENGINE,SYSTEM,1 conflicts detected,
EVT-002548,IN-DL-110054-5-46,2026-07-08 14:00:00,MATCH_PROPOSED,V1,P1,MATCHING_ENGINE,SYSTEM,Cross-source match proposed,
EVT-002549,IN-DL-110054-5-46,2026-08-06 10:00:00,EVIDENCE_ADDED,P1,P2,FIELD_SURVEY,SURVEYOR,GNSS/CORS evidence attached,
EVT-002550,IN-DL-110054-5-46,2026-09-05 11:00:00,HUMAN_REVIEW,P2,P2,REVIEW_WORKSPACE,HUMAN_REVIEWER,Legal/operational conflict requires decision,
EVT-002551,IN-DL-110054-5-47,2009-01-01 12:00:00,PARCEL_CREATED,,V1,CANONICAL_SEED,SYSTEM,Initial cadastral creation,
EVT-002552,IN-DL-110054-5-47,2026-06-20 09:00:00,SOURCE_IMPORTED,V1,V1,INGESTION_PIPELINE,SYSTEM,6 observations linked,
EVT-002553,IN-DL-110054-5-47,2026-07-08 14:00:00,MATCH_PROPOSED,V1,P1,MATCHING_ENGINE,SYSTEM,Cross-source match proposed,
EVT-002554,IN-DL-110054-5-47,2026-08-06 10:00:00,EVIDENCE_ADDED,P1,P2,FIELD_SURVEY,SURVEYOR,GNSS/CORS evidence attached,
EVT-002555,IN-DL-110054-5-47,2026-09-10 14:00:00,PROPOSAL_ACCEPTED,P2,V2,POLICY_GATE,AUTHORITY,Proposed state accepted,
EVT-002556,IN-DL-110054-5-47,2026-09-10 14:05:00,CANONICAL_STATE_UPDATED,V1,V2,CANONICAL_REGISTRY,SYSTEM,Authoritative state updated,
EVT-002557,IN-DL-110054-5-48,2010-01-01 12:00:00,PARCEL_CREATED,,V1,CANONICAL_SEED,SYSTEM,Initial cadastral creation,
EVT-002558,IN-DL-110054-5-48,2026-06-20 09:00:00,SOURCE_IMPORTED,V1,V1,INGESTION_PIPELINE,SYSTEM,4 observations linked,
EVT-002559,IN-DL-110054-5-48,2026-07-01 11:00:00,CONFLICT_DETECTED,V1,V1,CONFLICT_ENGINE,SYSTEM,1 conflicts detected,
EVT-002560,IN-DL-110054-5-48,2026-07-08 14:00:00,MATCH_PROPOSED,V1,P1,MATCHING_ENGINE,SYSTEM,Cross-source match proposed,
EVT-002561,IN-DL-110054-5-48,2026-09-10 14:00:00,PROPOSAL_ACCEPTED,P1,V2,POLICY_GATE,AUTHORITY,Proposed state accepted,
EVT-002562,IN-DL-110054-5-48,2026-09-10 14:05:00,CANONICAL_STATE_UPDATED,V1,V2,CANONICAL_REGISTRY,SYSTEM,Authoritative state updated,
EVT-002563,IN-DL-110054-5-49,2004-01-01 12:00:00,PARCEL_CREATED,,V1,CANONICAL_SEED,SYSTEM,Initial cadastral creation,
EVT-002564,IN-DL-110054-5-49,2026-06-20 09:00:00,SOURCE_IMPORTED,V1,V1,INGESTION_PIPELINE,SYSTEM,5 observations linked,
EVT-002565,IN-DL-110054-5-49,2026-07-01 11:00:00,CONFLICT_DETECTED,V1,V1,CONFLICT_ENGINE,SYSTEM,1 conflicts detected,
EVT-002566,IN-DL-110054-5-49,2026-07-08 14:00:00,MATCH_PROPOSED,V1,P1,MATCHING_ENGINE,SYSTEM,Cross-source match proposed,
EVT-002567,IN-DL-110054-5-49,2026-08-06 10:00:00,EVIDENCE_ADDED,P1,P2,FIELD_SURVEY,SURVEYOR,GNSS/CORS evidence attached,
EVT-002568,IN-DL-110054-5-49,2026-09-05 11:00:00,HUMAN_REVIEW,P2,P2,REVIEW_WORKSPACE,HUMAN_REVIEWER,Legal/operational conflict requires decision,
EVT-002569,IN-DL-110054-5-50,2005-01-01 12:00:00,PARCEL_CREATED,,V1,CANONICAL_SEED,SYSTEM,Initial cadastral creation,
EVT-002570,IN-DL-110054-5-50,2026-06-20 09:00:00,SOURCE_IMPORTED,V1,V1,INGESTION_PIPELINE,SYSTEM,5 observations linked,
EVT-002571,IN-DL-110054-5-50,2026-07-01 11:00:00,CONFLICT_DETECTED,V1,V1,CONFLICT_ENGINE,SYSTEM,2 conflicts detected,
EVT-002572,IN-DL-110054-5-50,2026-07-08 14:00:00,MATCH_PROPOSED,V1,P1,MATCHING_ENGINE,SYSTEM,Cross-source match proposed,
EVT-002573,IN-DL-110054-5-50,2026-08-06 10:00:00,EVIDENCE_ADDED,P1,P2,FIELD_SURVEY,SURVEYOR,GNSS/CORS evidence attached,
EVT-002574,IN-DL-110054-5-50,2026-09-10 14:00:00,PROPOSAL_ACCEPTED,P2,V2,POLICY_GATE,AUTHORITY,Proposed state accepted,
EVT-002575,IN-DL-110054-5-50,2026-09-10 14:05:00,CANONICAL_STATE_UPDATED,V1,V2,CANONICAL_REGISTRY,SYSTEM,Authoritative state updated,
EVT-002576,IN-DL-110054-5-51,2006-01-01 12:00:00,PARCEL_CREATED,,V1,CANONICAL_SEED,SYSTEM,Initial cadastral creation,
EVT-002577,IN-DL-110054-5-51,2026-06-20 09:00:00,SOURCE_IMPORTED,V1,V1,INGESTION_PIPELINE,SYSTEM,4 observations linked,
EVT-002578,IN-DL-110054-5-51,2026-07-01 11:00:00,CONFLICT_DETECTED,V1,V1,CONFLICT_ENGINE,SYSTEM,1 conflicts detected,
EVT-002579,IN-DL-110054-5-51,2026-07-08 14:00:00,MATCH_PROPOSED,V1,P1,MATCHING_ENGINE,SYSTEM,Cross-source match proposed,
EVT-002580,IN-DL-110054-5-51,2026-09-10 14:00:00,PROPOSAL_ACCEPTED,P1,V2,POLICY_GATE,AUTHORITY,Proposed state accepted,
EVT-002581,IN-DL-110054-5-51,2026-09-10 14:05:00,CANONICAL_STATE_UPDATED,V1,V2,CANONICAL_REGISTRY,SYSTEM,Authoritative state updated,
EVT-002582,IN-DL-110054-5-52,2007-01-01 12:00:00,PARCEL_CREATED,,V1,CANONICAL_SEED,SYSTEM,Initial cadastral creation,
EVT-002583,IN-DL-110054-5-52,2026-06-20 09:00:00,SOURCE_IMPORTED,V1,V1,INGESTION_PIPELINE,SYSTEM,4 observations linked,
EVT-002584,IN-DL-110054-5-52,2026-07-08 14:00:00,MATCH_PROPOSED,V1,P1,MATCHING_ENGINE,SYSTEM,Cross-source match proposed,
EVT-002585,IN-DL-110054-5-52,2026-09-10 14:00:00,PROPOSAL_ACCEPTED,P1,V2,POLICY_GATE,AUTHORITY,Proposed state accepted,
EVT-002586,IN-DL-110054-5-52,2026-09-10 14:05:00,CANONICAL_STATE_UPDATED,V1,V2,CANONICAL_REGISTRY,SYSTEM,Authoritative state updated,
EVT-002587,IN-DL-110054-5-53,2008-01-01 12:00:00,PARCEL_CREATED,,V1,CANONICAL_SEED,SYSTEM,Initial cadastral creation,
EVT-002588,IN-DL-110054-5-53,2026-06-20 09:00:00,SOURCE_IMPORTED,V1,V1,INGESTION_PIPELINE,SYSTEM,5 observations linked,
EVT-002589,IN-DL-110054-5-53,2026-07-01 11:00:00,CONFLICT_DETECTED,V1,V1,CONFLICT_ENGINE,SYSTEM,1 conflicts detected,
EVT-002590,IN-DL-110054-5-53,2026-07-08 14:00:00,MATCH_PROPOSED,V1,P1,MATCHING_ENGINE,SYSTEM,Cross-source match proposed,
EVT-002591,IN-DL-110054-5-53,2026-08-06 10:00:00,EVIDENCE_ADDED,P1,P2,FIELD_SURVEY,SURVEYOR,GNSS/CORS evidence attached,
EVT-002592,IN-DL-110054-5-53,2026-09-07 15:00:00,PROPOSAL_REJECTED,P2,V1,REVIEW_WORKSPACE,HUMAN_REVIEWER,Candidate match rejected,
EVT-002593,IN-DL-110054-5-54,2009-01-01 12:00:00,PARCEL_CREATED,,V1,CANONICAL_SEED,SYSTEM,Initial cadastral creation,
EVT-002594,IN-DL-110054-5-54,2026-06-20 09:00:00,SOURCE_IMPORTED,V1,V1,INGESTION_PIPELINE,SYSTEM,4 observations linked,
EVT-002595,IN-DL-110054-5-54,2026-07-08 14:00:00,MATCH_PROPOSED,V1,P1,MATCHING_ENGINE,SYSTEM,Cross-source match proposed,
EVT-002596,IN-DL-110054-5-54,2026-09-10 14:00:00,PROPOSAL_ACCEPTED,P1,V2,POLICY_GATE,AUTHORITY,Proposed state accepted,
EVT-002597,IN-DL-110054-5-54,2026-09-10 14:05:00,CANONICAL_STATE_UPDATED,V1,V2,CANONICAL_REGISTRY,SYSTEM,Authoritative state updated,
EVT-002598,IN-DL-110054-5-55,2010-01-01 12:00:00,PARCEL_CREATED,,V1,CANONICAL_SEED,SYSTEM,Initial cadastral creation,
EVT-002599,IN-DL-110054-5-55,2026-06-20 09:00:00,SOURCE_IMPORTED,V1,V1,INGESTION_PIPELINE,SYSTEM,3 observations linked,
EVT-002600,IN-DL-110054-5-55,2026-07-08 14:00:00,MATCH_PROPOSED,V1,P1,MATCHING_ENGINE,SYSTEM,Cross-source match proposed,
EVT-002601,IN-DL-110054-5-55,2026-09-10 14:00:00,PROPOSAL_ACCEPTED,P1,V2,POLICY_GATE,AUTHORITY,Proposed state accepted,
EVT-002602,IN-DL-110054-5-55,2026-09-10 14:05:00,CANONICAL_STATE_UPDATED,V1,V2,CANONICAL_REGISTRY,SYSTEM,Authoritative state updated,
EVT-002603,IN-DL-110054-5-56,2004-01-01 12:00:00,PARCEL_CREATED,,V1,CANONICAL_SEED,SYSTEM,Initial cadastral creation,
EVT-002604,IN-DL-110054-5-56,2026-06-20 09:00:00,SOURCE_IMPORTED,V1,V1,INGESTION_PIPELINE,SYSTEM,4 observations linked,
EVT-002605,IN-DL-110054-5-56,2026-07-08 14:00:00,MATCH_PROPOSED,V1,P1,MATCHING_ENGINE,SYSTEM,Cross-source match proposed,
EVT-002606,IN-DL-110054-5-56,2026-09-10 14:00:00,PROPOSAL_ACCEPTED,P1,V2,POLICY_GATE,AUTHORITY,Proposed state accepted,
EVT-002607,IN-DL-110054-5-56,2026-09-10 14:05:00,CANONICAL_STATE_UPDATED,V1,V2,CANONICAL_REGISTRY,SYSTEM,Authoritative state updated,
EVT-002608,IN-DL-110054-5-57,2005-01-01 12:00:00,PARCEL_CREATED,,V1,CANONICAL_SEED,SYSTEM,Initial cadastral creation,
EVT-002609,IN-DL-110054-5-57,2026-06-20 09:00:00,SOURCE_IMPORTED,V1,V1,INGESTION_PIPELINE,SYSTEM,3 observations linked,
EVT-002610,IN-DL-110054-5-57,2026-07-08 14:00:00,MATCH_PROPOSED,V1,P1,MATCHING_ENGINE,SYSTEM,Cross-source match proposed,
EVT-002611,IN-DL-110054-5-57,2026-09-10 14:00:00,PROPOSAL_ACCEPTED,P1,V2,POLICY_GATE,AUTHORITY,Proposed state accepted,
EVT-002612,IN-DL-110054-5-57,2026-09-10 14:05:00,CANONICAL_STATE_UPDATED,V1,V2,CANONICAL_REGISTRY,SYSTEM,Authoritative state updated,
EVT-002613,IN-DL-110054-5-58,2006-01-01 12:00:00,PARCEL_CREATED,,V1,CANONICAL_SEED,SYSTEM,Initial cadastral creation,
EVT-002614,IN-DL-110054-5-58,2026-06-20 09:00:00,SOURCE_IMPORTED,V1,V1,INGESTION_PIPELINE,SYSTEM,5 observations linked,
EVT-002615,IN-DL-110054-5-58,2026-07-01 11:00:00,CONFLICT_DETECTED,V1,V1,CONFLICT_ENGINE,SYSTEM,1 conflicts detected,
EVT-002616,IN-DL-110054-5-58,2026-07-08 14:00:00,MATCH_PROPOSED,V1,P1,MATCHING_ENGINE,SYSTEM,Cross-source match proposed,
EVT-002617,IN-DL-110054-5-58,2026-09-05 12:00:00,HUMAN_REVIEW,P1,P1,REVIEW_WORKSPACE,HUMAN_REVIEWER,Additional evidence requested,
EVT-002618,IN-DL-110054-5-59,2007-01-01 12:00:00,PARCEL_CREATED,,V1,CANONICAL_SEED,SYSTEM,Initial cadastral creation,
EVT-002619,IN-DL-110054-5-59,2026-06-20 09:00:00,SOURCE_IMPORTED,V1,V1,INGESTION_PIPELINE,SYSTEM,4 observations linked,
EVT-002620,IN-DL-110054-5-59,2026-07-08 14:00:00,MATCH_PROPOSED,V1,P1,MATCHING_ENGINE,SYSTEM,Cross-source match proposed,
EVT-002621,IN-DL-110054-5-59,2026-09-10 14:00:00,PROPOSAL_ACCEPTED,P1,V2,POLICY_GATE,AUTHORITY,Proposed state accepted,
EVT-002622,IN-DL-110054-5-59,2026-09-10 14:05:00,CANONICAL_STATE_UPDATED,V1,V2,CANONICAL_REGISTRY,SYSTEM,Authoritative state updated,
EVT-002623,IN-DL-110054-5-60,2008-01-01 12:00:00,PARCEL_CREATED,,V1,CANONICAL_SEED,SYSTEM,Initial cadastral creation,
EVT-002624,IN-DL-110054-5-60,2026-06-20 09:00:00,SOURCE_IMPORTED,V1,V1,INGESTION_PIPELINE,SYSTEM,5 observations linked,
EVT-002625,IN-DL-110054-5-60,2026-07-01 11:00:00,CONFLICT_DETECTED,V1,V1,CONFLICT_ENGINE,SYSTEM,3 conflicts detected,
EVT-002626,IN-DL-110054-5-60,2026-07-08 14:00:00,MATCH_PROPOSED,V1,P1,MATCHING_ENGINE,SYSTEM,Cross-source match proposed,
EVT-002627,IN-DL-110054-5-60,2026-08-06 10:00:00,EVIDENCE_ADDED,P1,P2,FIELD_SURVEY,SURVEYOR,GNSS/CORS evidence attached,
EVT-002628,IN-DL-110054-5-60,2026-09-10 14:00:00,PROPOSAL_ACCEPTED,P2,V2,POLICY_GATE,AUTHORITY,Proposed state accepted,
EVT-002629,IN-DL-110054-5-60,2026-09-10 14:05:00,CANONICAL_STATE_UPDATED,V1,V2,CANONICAL_REGISTRY,SYSTEM,Authoritative state updated,
EVT-002630,IN-DL-110054-5-61,2009-01-01 12:00:00,PARCEL_CREATED,,V1,CANONICAL_SEED,SYSTEM,Initial cadastral creation,
EVT-002631,IN-DL-110054-5-61,2026-06-20 09:00:00,SOURCE_IMPORTED,V1,V1,INGESTION_PIPELINE,SYSTEM,5 observations linked,
EVT-002632,IN-DL-110054-5-61,2026-07-01 11:00:00,CONFLICT_DETECTED,V1,V1,CONFLICT_ENGINE,SYSTEM,1 conflicts detected,
EVT-002633,IN-DL-110054-5-61,2026-07-08 14:00:00,MATCH_PROPOSED,V1,P1,MATCHING_ENGINE,SYSTEM,Cross-source match proposed,
EVT-002634,IN-DL-110054-5-61,2026-09-05 12:00:00,HUMAN_REVIEW,P1,P1,REVIEW_WORKSPACE,HUMAN_REVIEWER,Additional evidence requested,
EVT-002635,IN-DL-110054-5-62,2010-01-01 12:00:00,PARCEL_CREATED,,V1,CANONICAL_SEED,SYSTEM,Initial cadastral creation,
EVT-002636,IN-DL-110054-5-62,2026-06-20 09:00:00,SOURCE_IMPORTED,V1,V1,INGESTION_PIPELINE,SYSTEM,4 observations linked,
EVT-002637,IN-DL-110054-5-62,2026-07-08 14:00:00,MATCH_PROPOSED,V1,P1,MATCHING_ENGINE,SYSTEM,Cross-source match proposed,
EVT-002638,IN-DL-110054-5-62,2026-09-10 14:00:00,PROPOSAL_ACCEPTED,P1,V2,POLICY_GATE,AUTHORITY,Proposed state accepted,
EVT-002639,IN-DL-110054-5-62,2026-09-10 14:05:00,CANONICAL_STATE_UPDATED,V1,V2,CANONICAL_REGISTRY,SYSTEM,Authoritative state updated,
EVT-002640,IN-DL-110054-5-63,2004-01-01 12:00:00,PARCEL_CREATED,,V1,CANONICAL_SEED,SYSTEM,Initial cadastral creation,
EVT-002641,IN-DL-110054-5-63,2026-06-20 09:00:00,SOURCE_IMPORTED,V1,V1,INGESTION_PIPELINE,SYSTEM,4 observations linked,
EVT-002642,IN-DL-110054-5-63,2026-07-08 14:00:00,MATCH_PROPOSED,V1,P1,MATCHING_ENGINE,SYSTEM,Cross-source match proposed,
EVT-002643,IN-DL-110054-5-63,2026-08-06 10:00:00,EVIDENCE_ADDED,P1,P2,FIELD_SURVEY,SURVEYOR,GNSS/CORS evidence attached,
EVT-002644,IN-DL-110054-5-63,2026-09-10 14:00:00,PROPOSAL_ACCEPTED,P2,V2,POLICY_GATE,AUTHORITY,Proposed state accepted,
EVT-002645,IN-DL-110054-5-63,2026-09-10 14:05:00,CANONICAL_STATE_UPDATED,V1,V2,CANONICAL_REGISTRY,SYSTEM,Authoritative state updated,
EVT-002646,IN-DL-110054-5-64,2005-01-01 12:00:00,PARCEL_CREATED,,V1,CANONICAL_SEED,SYSTEM,Initial cadastral creation,
EVT-002647,IN-DL-110054-5-64,2026-06-20 09:00:00,SOURCE_IMPORTED,V1,V1,INGESTION_PIPELINE,SYSTEM,4 observations linked,
EVT-002648,IN-DL-110054-5-64,2026-07-08 14:00:00,MATCH_PROPOSED,V1,P1,MATCHING_ENGINE,SYSTEM,Cross-source match proposed,
EVT-002649,IN-DL-110054-5-64,2026-09-10 14:00:00,PROPOSAL_ACCEPTED,P1,V2,POLICY_GATE,AUTHORITY,Proposed state accepted,
EVT-002650,IN-DL-110054-5-64,2026-09-10 14:05:00,CANONICAL_STATE_UPDATED,V1,V2,CANONICAL_REGISTRY,SYSTEM,Authoritative state updated,
EVT-002651,IN-DL-110054-5-65,2006-01-01 12:00:00,PARCEL_CREATED,,V1,CANONICAL_SEED,SYSTEM,Initial cadastral creation,
EVT-002652,IN-DL-110054-5-65,2026-06-20 09:00:00,SOURCE_IMPORTED,V1,V1,INGESTION_PIPELINE,SYSTEM,4 observations linked,
EVT-002653,IN-DL-110054-5-65,2026-07-01 11:00:00,CONFLICT_DETECTED,V1,V1,CONFLICT_ENGINE,SYSTEM,2 conflicts detected,
EVT-002654,IN-DL-110054-5-65,2026-07-08 14:00:00,MATCH_PROPOSED,V1,P1,MATCHING_ENGINE,SYSTEM,Cross-source match proposed,
EVT-002655,IN-DL-110054-5-65,2026-09-05 12:00:00,HUMAN_REVIEW,P1,P1,REVIEW_WORKSPACE,HUMAN_REVIEWER,Additional evidence requested,
EVT-002656,IN-DL-110054-5-66,2007-01-01 12:00:00,PARCEL_CREATED,,V1,CANONICAL_SEED,SYSTEM,Initial cadastral creation,
EVT-002657,IN-DL-110054-5-66,2026-06-20 09:00:00,SOURCE_IMPORTED,V1,V1,INGESTION_PIPELINE,SYSTEM,3 observations linked,
EVT-002658,IN-DL-110054-5-66,2026-07-08 14:00:00,MATCH_PROPOSED,V1,P1,MATCHING_ENGINE,SYSTEM,Cross-source match proposed,
EVT-002659,IN-DL-110054-5-66,2026-09-10 14:00:00,PROPOSAL_ACCEPTED,P1,V2,POLICY_GATE,AUTHORITY,Proposed state accepted,
EVT-002660,IN-DL-110054-5-66,2026-09-10 14:05:00,CANONICAL_STATE_UPDATED,V1,V2,CANONICAL_REGISTRY,SYSTEM,Authoritative state updated,
EVT-002661,IN-DL-110054-5-67,2008-01-01 12:00:00,PARCEL_CREATED,,V1,CANONICAL_SEED,SYSTEM,Initial cadastral creation,
EVT-002662,IN-DL-110054-5-67,2026-06-20 09:00:00,SOURCE_IMPORTED,V1,V1,INGESTION_PIPELINE,SYSTEM,5 observations linked,
EVT-002663,IN-DL-110054-5-67,2026-07-08 14:00:00,MATCH_PROPOSED,V1,P1,MATCHING_ENGINE,SYSTEM,Cross-source match proposed,
EVT-002664,IN-DL-110054-5-67,2026-08-06 10:00:00,EVIDENCE_ADDED,P1,P2,FIELD_SURVEY,SURVEYOR,GNSS/CORS evidence attached,
EVT-002665,IN-DL-110054-5-67,2026-09-10 14:00:00,PROPOSAL_ACCEPTED,P2,V2,POLICY_GATE,AUTHORITY,Proposed state accepted,
EVT-002666,IN-DL-110054-5-67,2026-09-10 14:05:00,CANONICAL_STATE_UPDATED,V1,V2,CANONICAL_REGISTRY,SYSTEM,Authoritative state updated,
EVT-002667,IN-DL-110054-5-68,2009-01-01 12:00:00,PARCEL_CREATED,,V1,CANONICAL_SEED,SYSTEM,Initial cadastral creation,
EVT-002668,IN-DL-110054-5-68,2026-06-20 09:00:00,SOURCE_IMPORTED,V1,V1,INGESTION_PIPELINE,SYSTEM,6 observations linked,
EVT-002669,IN-DL-110054-5-68,2026-07-01 11:00:00,CONFLICT_DETECTED,V1,V1,CONFLICT_ENGINE,SYSTEM,1 conflicts detected,
EVT-002670,IN-DL-110054-5-68,2026-07-08 14:00:00,MATCH_PROPOSED,V1,P1,MATCHING_ENGINE,SYSTEM,Cross-source match proposed,
EVT-002671,IN-DL-110054-5-68,2026-08-06 10:00:00,EVIDENCE_ADDED,P1,P2,FIELD_SURVEY,SURVEYOR,GNSS/CORS evidence attached,
EVT-002672,IN-DL-110054-5-68,2026-08-10 12:00:00,MUTATION_RECORDED,P2,V2_BAD,MUTATION_REGISTER,AUTHORITY,Incorrect mutation temporarily accepted,
EVT-002673,IN-DL-110054-5-68,2026-08-18 16:00:00,ROLLBACK,V2_BAD,V1,GEOGIT_AUDIT,AUTHORITY,Incorrect mutation rolled back,
EVT-002674,IN-DL-110054-5-68,2026-09-10 14:00:00,PROPOSAL_ACCEPTED,P2,V2,POLICY_GATE,AUTHORITY,Proposed state accepted,
EVT-002675,IN-DL-110054-5-68,2026-09-10 14:05:00,CANONICAL_STATE_UPDATED,V1,V2,CANONICAL_REGISTRY,SYSTEM,Authoritative state updated,
EVT-002676,IN-DL-110054-5-69,2010-01-01 12:00:00,PARCEL_CREATED,,V1,CANONICAL_SEED,SYSTEM,Initial cadastral creation,
EVT-002677,IN-DL-110054-5-69,2026-06-20 09:00:00,SOURCE_IMPORTED,V1,V1,INGESTION_PIPELINE,SYSTEM,5 observations linked,
EVT-002678,IN-DL-110054-5-69,2026-07-08 14:00:00,MATCH_PROPOSED,V1,P1,MATCHING_ENGINE,SYSTEM,Cross-source match proposed,
EVT-002679,IN-DL-110054-5-69,2026-09-10 14:00:00,PROPOSAL_ACCEPTED,P1,V2,POLICY_GATE,AUTHORITY,Proposed state accepted,
EVT-002680,IN-DL-110054-5-69,2026-09-10 14:05:00,CANONICAL_STATE_UPDATED,V1,V2,CANONICAL_REGISTRY,SYSTEM,Authoritative state updated,
EVT-002681,IN-DL-110054-5-70,2004-01-01 12:00:00,PARCEL_CREATED,,V1,CANONICAL_SEED,SYSTEM,Initial cadastral creation,
EVT-002682,IN-DL-110054-5-70,2026-06-20 09:00:00,SOURCE_IMPORTED,V1,V1,INGESTION_PIPELINE,SYSTEM,4 observations linked,
EVT-002683,IN-DL-110054-5-70,2026-07-01 11:00:00,CONFLICT_DETECTED,V1,V1,CONFLICT_ENGINE,SYSTEM,2 conflicts detected,
EVT-002684,IN-DL-110054-5-70,2026-07-08 14:00:00,MATCH_PROPOSED,V1,P1,MATCHING_ENGINE,SYSTEM,Cross-source match proposed,
EVT-002685,IN-DL-110054-5-70,2026-08-10 12:00:00,MUTATION_RECORDED,P1,V2_BAD,MUTATION_REGISTER,AUTHORITY,Incorrect mutation temporarily accepted,
EVT-002686,IN-DL-110054-5-70,2026-08-18 16:00:00,ROLLBACK,V2_BAD,V1,GEOGIT_AUDIT,AUTHORITY,Incorrect mutation rolled back,
EVT-002687,IN-DL-110054-5-70,2026-09-10 14:00:00,PROPOSAL_ACCEPTED,P1,V2,POLICY_GATE,AUTHORITY,Proposed state accepted,
EVT-002688,IN-DL-110054-5-70,2026-09-10 14:05:00,CANONICAL_STATE_UPDATED,V1,V2,CANONICAL_REGISTRY,SYSTEM,Authoritative state updated,
EVT-002689,IN-DL-110054-5-71,2005-01-01 12:00:00,PARCEL_CREATED,,V1,CANONICAL_SEED,SYSTEM,Initial cadastral creation,
EVT-002690,IN-DL-110054-5-71,2026-06-20 09:00:00,SOURCE_IMPORTED,V1,V1,INGESTION_PIPELINE,SYSTEM,6 observations linked,
EVT-002691,IN-DL-110054-5-71,2026-07-01 11:00:00,CONFLICT_DETECTED,V1,V1,CONFLICT_ENGINE,SYSTEM,2 conflicts detected,
EVT-002692,IN-DL-110054-5-71,2026-07-08 14:00:00,MATCH_PROPOSED,V1,P1,MATCHING_ENGINE,SYSTEM,Cross-source match proposed,
EVT-002693,IN-DL-110054-5-71,2026-09-05 12:00:00,HUMAN_REVIEW,P1,P1,REVIEW_WORKSPACE,HUMAN_REVIEWER,Additional evidence requested,
EVT-002694,IN-DL-110054-5-72,2006-01-01 12:00:00,PARCEL_CREATED,,V1,CANONICAL_SEED,SYSTEM,Initial cadastral creation,
EVT-002695,IN-DL-110054-5-72,2026-06-20 09:00:00,SOURCE_IMPORTED,V1,V1,INGESTION_PIPELINE,SYSTEM,5 observations linked,
EVT-002696,IN-DL-110054-5-72,2026-07-01 11:00:00,CONFLICT_DETECTED,V1,V1,CONFLICT_ENGINE,SYSTEM,1 conflicts detected,
EVT-002697,IN-DL-110054-5-72,2026-07-08 14:00:00,MATCH_PROPOSED,V1,P1,MATCHING_ENGINE,SYSTEM,Cross-source match proposed,
EVT-002698,IN-DL-110054-5-72,2026-08-06 10:00:00,EVIDENCE_ADDED,P1,P2,FIELD_SURVEY,SURVEYOR,GNSS/CORS evidence attached,
EVT-002699,IN-DL-110054-5-72,2026-09-05 11:00:00,HUMAN_REVIEW,P2,P2,REVIEW_WORKSPACE,HUMAN_REVIEWER,Legal/operational conflict requires decision,
EVT-002700,IN-DL-110054-5-73,2007-01-01 12:00:00,PARCEL_CREATED,,V1,CANONICAL_SEED,SYSTEM,Initial cadastral creation,
EVT-002701,IN-DL-110054-5-73,2026-06-20 09:00:00,SOURCE_IMPORTED,V1,V1,INGESTION_PIPELINE,SYSTEM,5 observations linked,
EVT-002702,IN-DL-110054-5-73,2026-07-08 14:00:00,MATCH_PROPOSED,V1,P1,MATCHING_ENGINE,SYSTEM,Cross-source match proposed,
EVT-002703,IN-DL-110054-5-73,2026-09-10 14:00:00,PROPOSAL_ACCEPTED,P1,V2,POLICY_GATE,AUTHORITY,Proposed state accepted,
EVT-002704,IN-DL-110054-5-73,2026-09-10 14:05:00,CANONICAL_STATE_UPDATED,V1,V2,CANONICAL_REGISTRY,SYSTEM,Authoritative state updated,
EVT-002705,IN-DL-110054-5-74,2008-01-01 12:00:00,PARCEL_CREATED,,V1,CANONICAL_SEED,SYSTEM,Initial cadastral creation,
EVT-002706,IN-DL-110054-5-74,2026-06-20 09:00:00,SOURCE_IMPORTED,V1,V1,INGESTION_PIPELINE,SYSTEM,4 observations linked,
EVT-002707,IN-DL-110054-5-74,2026-07-01 11:00:00,CONFLICT_DETECTED,V1,V1,CONFLICT_ENGINE,SYSTEM,1 conflicts detected,
EVT-002708,IN-DL-110054-5-74,2026-07-08 14:00:00,MATCH_PROPOSED,V1,P1,MATCHING_ENGINE,SYSTEM,Cross-source match proposed,
EVT-002709,IN-DL-110054-5-74,2026-09-10 14:00:00,PROPOSAL_ACCEPTED,P1,V2,POLICY_GATE,AUTHORITY,Proposed state accepted,
EVT-002710,IN-DL-110054-5-74,2026-09-10 14:05:00,CANONICAL_STATE_UPDATED,V1,V2,CANONICAL_REGISTRY,SYSTEM,Authoritative state updated,
EVT-002711,IN-DL-110054-5-75,2009-01-01 12:00:00,PARCEL_CREATED,,V1,CANONICAL_SEED,SYSTEM,Initial cadastral creation,
EVT-002712,IN-DL-110054-5-75,2026-06-20 09:00:00,SOURCE_IMPORTED,V1,V1,INGESTION_PIPELINE,SYSTEM,6 observations linked,
EVT-002713,IN-DL-110054-5-75,2026-07-01 11:00:00,CONFLICT_DETECTED,V1,V1,CONFLICT_ENGINE,SYSTEM,3 conflicts detected,
EVT-002714,IN-DL-110054-5-75,2026-07-08 14:00:00,MATCH_PROPOSED,V1,P1,MATCHING_ENGINE,SYSTEM,Cross-source match proposed,
EVT-002715,IN-DL-110054-5-75,2026-09-07 15:00:00,PROPOSAL_REJECTED,P1,V1,REVIEW_WORKSPACE,HUMAN_REVIEWER,Candidate match rejected,
EVT-002716,IN-DL-110054-5-76,2010-01-01 12:00:00,PARCEL_CREATED,,V1,CANONICAL_SEED,SYSTEM,Initial cadastral creation,
EVT-002717,IN-DL-110054-5-76,2026-06-20 09:00:00,SOURCE_IMPORTED,V1,V1,INGESTION_PIPELINE,SYSTEM,3 observations linked,
EVT-002718,IN-DL-110054-5-76,2026-07-08 14:00:00,MATCH_PROPOSED,V1,P1,MATCHING_ENGINE,SYSTEM,Cross-source match proposed,
EVT-002719,IN-DL-110054-5-76,2026-09-10 14:00:00,PROPOSAL_ACCEPTED,P1,V2,POLICY_GATE,AUTHORITY,Proposed state accepted,
EVT-002720,IN-DL-110054-5-76,2026-09-10 14:05:00,CANONICAL_STATE_UPDATED,V1,V2,CANONICAL_REGISTRY,SYSTEM,Authoritative state updated,
EVT-002721,IN-DL-110054-5-77,2004-01-01 12:00:00,PARCEL_CREATED,,V1,CANONICAL_SEED,SYSTEM,Initial cadastral creation,
EVT-002722,IN-DL-110054-5-77,2026-06-20 09:00:00,SOURCE_IMPORTED,V1,V1,INGESTION_PIPELINE,SYSTEM,4 observations linked,
EVT-002723,IN-DL-110054-5-77,2026-07-08 14:00:00,MATCH_PROPOSED,V1,P1,MATCHING_ENGINE,SYSTEM,Cross-source match proposed,
EVT-002724,IN-DL-110054-5-77,2026-09-10 14:00:00,PROPOSAL_ACCEPTED,P1,V2,POLICY_GATE,AUTHORITY,Proposed state accepted,
EVT-002725,IN-DL-110054-5-77,2026-09-10 14:05:00,CANONICAL_STATE_UPDATED,V1,V2,CANONICAL_REGISTRY,SYSTEM,Authoritative state updated,
EVT-002726,IN-DL-110054-5-78,2005-01-01 12:00:00,PARCEL_CREATED,,V1,CANONICAL_SEED,SYSTEM,Initial cadastral creation,
EVT-002727,IN-DL-110054-5-78,2026-06-20 09:00:00,SOURCE_IMPORTED,V1,V1,INGESTION_PIPELINE,SYSTEM,4 observations linked,
EVT-002728,IN-DL-110054-5-78,2026-07-08 14:00:00,MATCH_PROPOSED,V1,P1,MATCHING_ENGINE,SYSTEM,Cross-source match proposed,
EVT-002729,IN-DL-110054-5-78,2026-09-10 14:00:00,PROPOSAL_ACCEPTED,P1,V2,POLICY_GATE,AUTHORITY,Proposed state accepted,
EVT-002730,IN-DL-110054-5-78,2026-09-10 14:05:00,CANONICAL_STATE_UPDATED,V1,V2,CANONICAL_REGISTRY,SYSTEM,Authoritative state updated,
EVT-002731,IN-DL-110054-5-79,2006-01-01 12:00:00,PARCEL_CREATED,,V1,CANONICAL_SEED,SYSTEM,Initial cadastral creation,
EVT-002732,IN-DL-110054-5-79,2026-06-20 09:00:00,SOURCE_IMPORTED,V1,V1,INGESTION_PIPELINE,SYSTEM,4 observations linked,
EVT-002733,IN-DL-110054-5-79,2026-07-08 14:00:00,MATCH_PROPOSED,V1,P1,MATCHING_ENGINE,SYSTEM,Cross-source match proposed,
EVT-002734,IN-DL-110054-5-79,2026-09-10 14:00:00,PROPOSAL_ACCEPTED,P1,V2,POLICY_GATE,AUTHORITY,Proposed state accepted,
EVT-002735,IN-DL-110054-5-79,2026-09-10 14:05:00,CANONICAL_STATE_UPDATED,V1,V2,CANONICAL_REGISTRY,SYSTEM,Authoritative state updated,
EVT-002736,IN-DL-110054-5-80,2007-01-01 12:00:00,PARCEL_CREATED,,V1,CANONICAL_SEED,SYSTEM,Initial cadastral creation,
EVT-002737,IN-DL-110054-5-80,2026-06-20 09:00:00,SOURCE_IMPORTED,V1,V1,INGESTION_PIPELINE,SYSTEM,5 observations linked,
EVT-002738,IN-DL-110054-5-80,2026-07-01 11:00:00,CONFLICT_DETECTED,V1,V1,CONFLICT_ENGINE,SYSTEM,2 conflicts detected,
EVT-002739,IN-DL-110054-5-80,2026-07-08 14:00:00,MATCH_PROPOSED,V1,P1,MATCHING_ENGINE,SYSTEM,Cross-source match proposed,
EVT-002740,IN-DL-110054-5-80,2026-08-06 10:00:00,EVIDENCE_ADDED,P1,P2,FIELD_SURVEY,SURVEYOR,GNSS/CORS evidence attached,
EVT-002741,IN-DL-110054-5-80,2026-09-07 15:00:00,PROPOSAL_REJECTED,P2,V1,REVIEW_WORKSPACE,HUMAN_REVIEWER,Candidate match rejected,
EVT-002742,IN-DL-110054-5-81,2008-01-01 12:00:00,PARCEL_CREATED,,V1,CANONICAL_SEED,SYSTEM,Initial cadastral creation,
EVT-002743,IN-DL-110054-5-81,2026-06-20 09:00:00,SOURCE_IMPORTED,V1,V1,INGESTION_PIPELINE,SYSTEM,4 observations linked,
EVT-002744,IN-DL-110054-5-81,2026-07-01 11:00:00,CONFLICT_DETECTED,V1,V1,CONFLICT_ENGINE,SYSTEM,2 conflicts detected,
EVT-002745,IN-DL-110054-5-81,2026-07-08 14:00:00,MATCH_PROPOSED,V1,P1,MATCHING_ENGINE,SYSTEM,Cross-source match proposed,
EVT-002746,IN-DL-110054-5-81,2026-08-06 10:00:00,EVIDENCE_ADDED,P1,P2,FIELD_SURVEY,SURVEYOR,GNSS/CORS evidence attached,
EVT-002747,IN-DL-110054-5-81,2026-09-05 11:00:00,HUMAN_REVIEW,P2,P2,REVIEW_WORKSPACE,HUMAN_REVIEWER,Legal/operational conflict requires decision,
EVT-002748,IN-DL-110054-5-82,2009-01-01 12:00:00,PARCEL_CREATED,,V1,CANONICAL_SEED,SYSTEM,Initial cadastral creation,
EVT-002749,IN-DL-110054-5-82,2026-06-20 09:00:00,SOURCE_IMPORTED,V1,V1,INGESTION_PIPELINE,SYSTEM,2 observations linked,
EVT-002750,IN-DL-110054-5-82,2026-07-08 14:00:00,MATCH_PROPOSED,V1,P1,MATCHING_ENGINE,SYSTEM,Cross-source match proposed,
EVT-002751,IN-DL-110054-5-82,2026-09-10 14:00:00,PROPOSAL_ACCEPTED,P1,V2,POLICY_GATE,AUTHORITY,Proposed state accepted,
EVT-002752,IN-DL-110054-5-82,2026-09-10 14:05:00,CANONICAL_STATE_UPDATED,V1,V2,CANONICAL_REGISTRY,SYSTEM,Authoritative state updated,
EVT-002753,IN-DL-110054-5-83,2010-01-01 12:00:00,PARCEL_CREATED,,V1,CANONICAL_SEED,SYSTEM,Initial cadastral creation,
EVT-002754,IN-DL-110054-5-83,2026-06-20 09:00:00,SOURCE_IMPORTED,V1,V1,INGESTION_PIPELINE,SYSTEM,3 observations linked,
EVT-002755,IN-DL-110054-5-83,2026-07-08 14:00:00,MATCH_PROPOSED,V1,P1,MATCHING_ENGINE,SYSTEM,Cross-source match proposed,
EVT-002756,IN-DL-110054-5-83,2026-09-10 14:00:00,PROPOSAL_ACCEPTED,P1,V2,POLICY_GATE,AUTHORITY,Proposed state accepted,
EVT-002757,IN-DL-110054-5-83,2026-09-10 14:05:00,CANONICAL_STATE_UPDATED,V1,V2,CANONICAL_REGISTRY,SYSTEM,Authoritative state updated,
EVT-002758,IN-DL-110054-5-84,2004-01-01 12:00:00,PARCEL_CREATED,,V1,CANONICAL_SEED,SYSTEM,Initial cadastral creation,
EVT-002759,IN-DL-110054-5-84,2026-06-20 09:00:00,SOURCE_IMPORTED,V1,V1,INGESTION_PIPELINE,SYSTEM,4 observations linked,
EVT-002760,IN-DL-110054-5-84,2026-07-01 11:00:00,CONFLICT_DETECTED,V1,V1,CONFLICT_ENGINE,SYSTEM,1 conflicts detected,
EVT-002761,IN-DL-110054-5-84,2026-07-08 14:00:00,MATCH_PROPOSED,V1,P1,MATCHING_ENGINE,SYSTEM,Cross-source match proposed,
EVT-002762,IN-DL-110054-5-84,2026-09-10 14:00:00,PROPOSAL_ACCEPTED,P1,V2,POLICY_GATE,AUTHORITY,Proposed state accepted,
EVT-002763,IN-DL-110054-5-84,2026-09-10 14:05:00,CANONICAL_STATE_UPDATED,V1,V2,CANONICAL_REGISTRY,SYSTEM,Authoritative state updated,
EVT-002764,IN-DL-110054-5-85,2005-01-01 12:00:00,PARCEL_CREATED,,V1,CANONICAL_SEED,SYSTEM,Initial cadastral creation,
EVT-002765,IN-DL-110054-5-85,2026-06-20 09:00:00,SOURCE_IMPORTED,V1,V1,INGESTION_PIPELINE,SYSTEM,6 observations linked,
EVT-002766,IN-DL-110054-5-85,2026-07-01 11:00:00,CONFLICT_DETECTED,V1,V1,CONFLICT_ENGINE,SYSTEM,1 conflicts detected,
EVT-002767,IN-DL-110054-5-85,2026-07-08 14:00:00,MATCH_PROPOSED,V1,P1,MATCHING_ENGINE,SYSTEM,Cross-source match proposed,
EVT-002768,IN-DL-110054-5-85,2026-08-06 10:00:00,EVIDENCE_ADDED,P1,P2,FIELD_SURVEY,SURVEYOR,GNSS/CORS evidence attached,
EVT-002769,IN-DL-110054-5-85,2026-09-05 11:00:00,HUMAN_REVIEW,P2,P2,REVIEW_WORKSPACE,HUMAN_REVIEWER,Legal/operational conflict requires decision,
EVT-002770,IN-DL-110054-5-86,2006-01-01 12:00:00,PARCEL_CREATED,,V1,CANONICAL_SEED,SYSTEM,Initial cadastral creation,
EVT-002771,IN-DL-110054-5-86,2026-06-20 09:00:00,SOURCE_IMPORTED,V1,V1,INGESTION_PIPELINE,SYSTEM,6 observations linked,
EVT-002772,IN-DL-110054-5-86,2026-07-01 11:00:00,CONFLICT_DETECTED,V1,V1,CONFLICT_ENGINE,SYSTEM,1 conflicts detected,
EVT-002773,IN-DL-110054-5-86,2026-07-08 14:00:00,MATCH_PROPOSED,V1,P1,MATCHING_ENGINE,SYSTEM,Cross-source match proposed,
EVT-002774,IN-DL-110054-5-86,2026-08-06 10:00:00,EVIDENCE_ADDED,P1,P2,FIELD_SURVEY,SURVEYOR,GNSS/CORS evidence attached,
EVT-002775,IN-DL-110054-5-86,2026-09-10 14:00:00,PROPOSAL_ACCEPTED,P2,V2,POLICY_GATE,AUTHORITY,Proposed state accepted,
EVT-002776,IN-DL-110054-5-86,2026-09-10 14:05:00,CANONICAL_STATE_UPDATED,V1,V2,CANONICAL_REGISTRY,SYSTEM,Authoritative state updated,
EVT-002777,IN-DL-110054-5-87,2007-01-01 12:00:00,PARCEL_CREATED,,V1,CANONICAL_SEED,SYSTEM,Initial cadastral creation,
EVT-002778,IN-DL-110054-5-87,2026-06-20 09:00:00,SOURCE_IMPORTED,V1,V1,INGESTION_PIPELINE,SYSTEM,4 observations linked,
EVT-002779,IN-DL-110054-5-87,2026-07-08 14:00:00,MATCH_PROPOSED,V1,P1,MATCHING_ENGINE,SYSTEM,Cross-source match proposed,
EVT-002780,IN-DL-110054-5-87,2026-09-10 14:00:00,PROPOSAL_ACCEPTED,P1,V2,POLICY_GATE,AUTHORITY,Proposed state accepted,
EVT-002781,IN-DL-110054-5-87,2026-09-10 14:05:00,CANONICAL_STATE_UPDATED,V1,V2,CANONICAL_REGISTRY,SYSTEM,Authoritative state updated,
EVT-002782,IN-DL-110054-5-88,2008-01-01 12:00:00,PARCEL_CREATED,,V1,CANONICAL_SEED,SYSTEM,Initial cadastral creation,
EVT-002783,IN-DL-110054-5-88,2026-06-20 09:00:00,SOURCE_IMPORTED,V1,V1,INGESTION_PIPELINE,SYSTEM,5 observations linked,
EVT-002784,IN-DL-110054-5-88,2026-07-01 11:00:00,CONFLICT_DETECTED,V1,V1,CONFLICT_ENGINE,SYSTEM,2 conflicts detected,
EVT-002785,IN-DL-110054-5-88,2026-07-08 14:00:00,MATCH_PROPOSED,V1,P1,MATCHING_ENGINE,SYSTEM,Cross-source match proposed,
EVT-002786,IN-DL-110054-5-88,2026-08-06 10:00:00,EVIDENCE_ADDED,P1,P2,FIELD_SURVEY,SURVEYOR,GNSS/CORS evidence attached,
EVT-002787,IN-DL-110054-5-88,2026-09-07 15:00:00,PROPOSAL_REJECTED,P2,V1,REVIEW_WORKSPACE,HUMAN_REVIEWER,Candidate match rejected,
EVT-002788,IN-DL-110054-5-89,2009-01-01 12:00:00,PARCEL_CREATED,,V1,CANONICAL_SEED,SYSTEM,Initial cadastral creation,
EVT-002789,IN-DL-110054-5-89,2026-06-20 09:00:00,SOURCE_IMPORTED,V1,V1,INGESTION_PIPELINE,SYSTEM,6 observations linked,
EVT-002790,IN-DL-110054-5-89,2026-07-08 14:00:00,MATCH_PROPOSED,V1,P1,MATCHING_ENGINE,SYSTEM,Cross-source match proposed,
EVT-002791,IN-DL-110054-5-89,2026-08-06 10:00:00,EVIDENCE_ADDED,P1,P2,FIELD_SURVEY,SURVEYOR,GNSS/CORS evidence attached,
EVT-002792,IN-DL-110054-5-89,2026-09-10 14:00:00,PROPOSAL_ACCEPTED,P2,V2,POLICY_GATE,AUTHORITY,Proposed state accepted,
EVT-002793,IN-DL-110054-5-89,2026-09-10 14:05:00,CANONICAL_STATE_UPDATED,V1,V2,CANONICAL_REGISTRY,SYSTEM,Authoritative state updated,
EVT-002794,IN-DL-110054-5-90,2010-01-01 12:00:00,PARCEL_CREATED,,V1,CANONICAL_SEED,SYSTEM,Initial cadastral creation,
EVT-002795,IN-DL-110054-5-90,2026-06-20 09:00:00,SOURCE_IMPORTED,V1,V1,INGESTION_PIPELINE,SYSTEM,5 observations linked,
EVT-002796,IN-DL-110054-5-90,2026-07-01 11:00:00,CONFLICT_DETECTED,V1,V1,CONFLICT_ENGINE,SYSTEM,2 conflicts detected,
EVT-002797,IN-DL-110054-5-90,2026-07-08 14:00:00,MATCH_PROPOSED,V1,P1,MATCHING_ENGINE,SYSTEM,Cross-source match proposed,
EVT-002798,IN-DL-110054-5-90,2026-09-10 14:00:00,PROPOSAL_ACCEPTED,P1,V2,POLICY_GATE,AUTHORITY,Proposed state accepted,
EVT-002799,IN-DL-110054-5-90,2026-09-10 14:05:00,CANONICAL_STATE_UPDATED,V1,V2,CANONICAL_REGISTRY,SYSTEM,Authoritative state updated,
EVT-002800,IN-DL-110054-5-91,2013-03-15 12:00:00,PARCEL_CREATED,,V1,CANONICAL_SEED,SYSTEM,Created from lineage,IN-DL-110054-5-101
EVT-002801,IN-DL-110054-5-91,2026-06-20 09:00:00,SOURCE_IMPORTED,V1,V1,INGESTION_PIPELINE,SYSTEM,4 observations linked,
EVT-002802,IN-DL-110054-5-91,2026-07-01 11:00:00,CONFLICT_DETECTED,V1,V1,CONFLICT_ENGINE,SYSTEM,1 conflicts detected,
EVT-002803,IN-DL-110054-5-91,2026-07-08 14:00:00,MATCH_PROPOSED,V1,P1,MATCHING_ENGINE,SYSTEM,Cross-source match proposed,
EVT-002804,IN-DL-110054-5-91,2026-08-06 10:00:00,EVIDENCE_ADDED,P1,P2,FIELD_SURVEY,SURVEYOR,GNSS/CORS evidence attached,
EVT-002805,IN-DL-110054-5-91,2026-09-05 12:00:00,HUMAN_REVIEW,P2,P2,REVIEW_WORKSPACE,HUMAN_REVIEWER,Additional evidence requested,
EVT-002806,IN-DL-110054-5-92,2013-03-15 12:00:00,PARCEL_CREATED,,V1,CANONICAL_SEED,SYSTEM,Created from lineage,IN-DL-110054-5-101
EVT-002807,IN-DL-110054-5-92,2026-06-20 09:00:00,SOURCE_IMPORTED,V1,V1,INGESTION_PIPELINE,SYSTEM,2 observations linked,
EVT-002808,IN-DL-110054-5-92,2026-07-08 14:00:00,MATCH_PROPOSED,V1,P1,MATCHING_ENGINE,SYSTEM,Cross-source match proposed,
EVT-002809,IN-DL-110054-5-92,2026-09-10 14:00:00,PROPOSAL_ACCEPTED,P1,V2,POLICY_GATE,AUTHORITY,Proposed state accepted,
EVT-002810,IN-DL-110054-5-92,2026-09-10 14:05:00,CANONICAL_STATE_UPDATED,V1,V2,CANONICAL_REGISTRY,SYSTEM,Authoritative state updated,
EVT-002811,IN-DL-110054-5-93,2015-07-10 12:00:00,PARCEL_CREATED,,V1,CANONICAL_SEED,SYSTEM,Created from lineage,IN-DL-110054-5-102;IN-DL-110054-5-103
EVT-002812,IN-DL-110054-5-93,2026-06-20 09:00:00,SOURCE_IMPORTED,V1,V1,INGESTION_PIPELINE,SYSTEM,3 observations linked,
EVT-002813,IN-DL-110054-5-93,2026-07-01 11:00:00,CONFLICT_DETECTED,V1,V1,CONFLICT_ENGINE,SYSTEM,2 conflicts detected,
EVT-002814,IN-DL-110054-5-93,2026-07-08 14:00:00,MATCH_PROPOSED,V1,P1,MATCHING_ENGINE,SYSTEM,Cross-source match proposed,
EVT-002815,IN-DL-110054-5-93,2026-09-07 15:00:00,PROPOSAL_REJECTED,P1,V1,REVIEW_WORKSPACE,HUMAN_REVIEWER,Candidate match rejected,
EVT-002816,IN-DL-110054-5-94,2016-11-05 12:00:00,PARCEL_CREATED,,V1,CANONICAL_SEED,SYSTEM,Created from lineage,IN-DL-110054-5-104;IN-DL-110054-5-105
EVT-002817,IN-DL-110054-5-94,2026-06-20 09:00:00,SOURCE_IMPORTED,V1,V1,INGESTION_PIPELINE,SYSTEM,3 observations linked,
EVT-002818,IN-DL-110054-5-94,2026-07-01 11:00:00,CONFLICT_DETECTED,V1,V1,CONFLICT_ENGINE,SYSTEM,1 conflicts detected,
EVT-002819,IN-DL-110054-5-94,2026-07-08 14:00:00,MATCH_PROPOSED,V1,P1,MATCHING_ENGINE,SYSTEM,Cross-source match proposed,
EVT-002820,IN-DL-110054-5-94,2026-09-05 12:00:00,HUMAN_REVIEW,P1,P1,REVIEW_WORKSPACE,HUMAN_REVIEWER,Additional evidence requested,
EVT-002821,IN-DL-110054-5-95,2008-01-01 12:00:00,PARCEL_CREATED,,V1,CANONICAL_SEED,SYSTEM,Initial cadastral creation,
EVT-002822,IN-DL-110054-5-95,2026-06-20 09:00:00,SOURCE_IMPORTED,V1,V1,INGESTION_PIPELINE,SYSTEM,3 observations linked,
EVT-002823,IN-DL-110054-5-95,2026-07-08 14:00:00,MATCH_PROPOSED,V1,P1,MATCHING_ENGINE,SYSTEM,Cross-source match proposed,
EVT-002824,IN-DL-110054-5-95,2026-09-10 14:00:00,PROPOSAL_ACCEPTED,P1,V2,POLICY_GATE,AUTHORITY,Proposed state accepted,
EVT-002825,IN-DL-110054-5-95,2026-09-10 14:05:00,CANONICAL_STATE_UPDATED,V1,V2,CANONICAL_REGISTRY,SYSTEM,Authoritative state updated,
EVT-002826,IN-DL-110054-5-96,2009-01-01 12:00:00,PARCEL_CREATED,,V1,CANONICAL_SEED,SYSTEM,Initial cadastral creation,
EVT-002827,IN-DL-110054-5-96,2026-06-20 09:00:00,SOURCE_IMPORTED,V1,V1,INGESTION_PIPELINE,SYSTEM,5 observations linked,
EVT-002828,IN-DL-110054-5-96,2026-07-01 11:00:00,CONFLICT_DETECTED,V1,V1,CONFLICT_ENGINE,SYSTEM,2 conflicts detected,
EVT-002829,IN-DL-110054-5-96,2026-07-08 14:00:00,MATCH_PROPOSED,V1,P1,MATCHING_ENGINE,SYSTEM,Cross-source match proposed,
EVT-002830,IN-DL-110054-5-96,2026-09-10 14:00:00,PROPOSAL_ACCEPTED,P1,V2,POLICY_GATE,AUTHORITY,Proposed state accepted,
EVT-002831,IN-DL-110054-5-96,2026-09-10 14:05:00,CANONICAL_STATE_UPDATED,V1,V2,CANONICAL_REGISTRY,SYSTEM,Authoritative state updated,
EVT-002832,IN-DL-110054-5-97,2010-01-01 12:00:00,PARCEL_CREATED,,V1,CANONICAL_SEED,SYSTEM,Initial cadastral creation,
EVT-002833,IN-DL-110054-5-97,2026-06-20 09:00:00,SOURCE_IMPORTED,V1,V1,INGESTION_PIPELINE,SYSTEM,5 observations linked,
EVT-002834,IN-DL-110054-5-97,2026-07-08 14:00:00,MATCH_PROPOSED,V1,P1,MATCHING_ENGINE,SYSTEM,Cross-source match proposed,
EVT-002835,IN-DL-110054-5-97,2026-09-10 14:00:00,PROPOSAL_ACCEPTED,P1,V2,POLICY_GATE,AUTHORITY,Proposed state accepted,
EVT-002836,IN-DL-110054-5-97,2026-09-10 14:05:00,CANONICAL_STATE_UPDATED,V1,V2,CANONICAL_REGISTRY,SYSTEM,Authoritative state updated,
EVT-002837,IN-DL-110054-5-98,2004-01-01 12:00:00,PARCEL_CREATED,,V1,CANONICAL_SEED,SYSTEM,Initial cadastral creation,
EVT-002838,IN-DL-110054-5-98,2026-06-20 09:00:00,SOURCE_IMPORTED,V1,V1,INGESTION_PIPELINE,SYSTEM,5 observations linked,
EVT-002839,IN-DL-110054-5-98,2026-07-01 11:00:00,CONFLICT_DETECTED,V1,V1,CONFLICT_ENGINE,SYSTEM,1 conflicts detected,
EVT-002840,IN-DL-110054-5-98,2026-07-08 14:00:00,MATCH_PROPOSED,V1,P1,MATCHING_ENGINE,SYSTEM,Cross-source match proposed,
EVT-002841,IN-DL-110054-5-98,2026-08-06 10:00:00,EVIDENCE_ADDED,P1,P2,FIELD_SURVEY,SURVEYOR,GNSS/CORS evidence attached,
EVT-002842,IN-DL-110054-5-98,2026-09-05 11:00:00,HUMAN_REVIEW,P2,P2,REVIEW_WORKSPACE,HUMAN_REVIEWER,Legal/operational conflict requires decision,
EVT-002843,IN-DL-110054-5-99,2005-01-01 12:00:00,PARCEL_CREATED,,V1,CANONICAL_SEED,SYSTEM,Initial cadastral creation,
EVT-002844,IN-DL-110054-5-99,2026-06-20 09:00:00,SOURCE_IMPORTED,V1,V1,INGESTION_PIPELINE,SYSTEM,5 observations linked,
EVT-002845,IN-DL-110054-5-99,2026-07-08 14:00:00,MATCH_PROPOSED,V1,P1,MATCHING_ENGINE,SYSTEM,Cross-source match proposed,
EVT-002846,IN-DL-110054-5-99,2026-09-10 14:00:00,PROPOSAL_ACCEPTED,P1,V2,POLICY_GATE,AUTHORITY,Proposed state accepted,
EVT-002847,IN-DL-110054-5-99,2026-09-10 14:05:00,CANONICAL_STATE_UPDATED,V1,V2,CANONICAL_REGISTRY,SYSTEM,Authoritative state updated,
EVT-002848,IN-DL-110054-5-100,2022-06-27 12:00:00,PARCEL_CREATED,,V1,CANONICAL_SEED,SYSTEM,Created from lineage,IN-DL-110054-4-106;IN-DL-110054-5-106
EVT-002849,IN-DL-110054-5-100,2026-06-20 09:00:00,SOURCE_IMPORTED,V1,V1,INGESTION_PIPELINE,SYSTEM,4 observations linked,
EVT-002850,IN-DL-110054-5-100,2026-07-01 11:00:00,CONFLICT_DETECTED,V1,V1,CONFLICT_ENGINE,SYSTEM,1 conflicts detected,
EVT-002851,IN-DL-110054-5-100,2026-07-08 14:00:00,MATCH_PROPOSED,V1,P1,MATCHING_ENGINE,SYSTEM,Cross-source match proposed,
EVT-002852,IN-DL-110054-5-100,2026-09-10 14:00:00,PROPOSAL_ACCEPTED,P1,V2,POLICY_GATE,AUTHORITY,Proposed state accepted,
EVT-002853,IN-DL-110054-5-100,2026-09-10 14:05:00,CANONICAL_STATE_UPDATED,V1,V2,CANONICAL_REGISTRY,SYSTEM,Authoritative state updated,
EVT-002854,IN-DL-110054-6-1,1983-01-01 12:00:00,PARCEL_CREATED,,V1,CANONICAL_SEED,SYSTEM,Initial cadastral creation,
EVT-002855,IN-DL-110054-6-1,2026-06-20 09:00:00,SOURCE_IMPORTED,V1,V1,INGESTION_PIPELINE,SYSTEM,5 observations linked,
EVT-002856,IN-DL-110054-6-1,2026-07-01 11:00:00,CONFLICT_DETECTED,V1,V1,CONFLICT_ENGINE,SYSTEM,1 conflicts detected,
EVT-002857,IN-DL-110054-6-1,2026-07-08 14:00:00,MATCH_PROPOSED,V1,P1,MATCHING_ENGINE,SYSTEM,Cross-source match proposed,
EVT-002858,IN-DL-110054-6-1,2026-08-06 10:00:00,EVIDENCE_ADDED,P1,P2,FIELD_SURVEY,SURVEYOR,GNSS/CORS evidence attached,
EVT-002859,IN-DL-110054-6-1,2026-09-05 11:00:00,HUMAN_REVIEW,P2,P2,REVIEW_WORKSPACE,HUMAN_REVIEWER,Legal/operational conflict requires decision,
EVT-002860,IN-DL-110054-6-2,1984-01-01 12:00:00,PARCEL_CREATED,,V1,CANONICAL_SEED,SYSTEM,Initial cadastral creation,
EVT-002861,IN-DL-110054-6-2,2026-06-20 09:00:00,SOURCE_IMPORTED,V1,V1,INGESTION_PIPELINE,SYSTEM,4 observations linked,
EVT-002862,IN-DL-110054-6-2,2026-07-08 14:00:00,MATCH_PROPOSED,V1,P1,MATCHING_ENGINE,SYSTEM,Cross-source match proposed,
EVT-002863,IN-DL-110054-6-2,2026-09-10 14:00:00,PROPOSAL_ACCEPTED,P1,V2,POLICY_GATE,AUTHORITY,Proposed state accepted,
EVT-002864,IN-DL-110054-6-2,2026-09-10 14:05:00,CANONICAL_STATE_UPDATED,V1,V2,CANONICAL_REGISTRY,SYSTEM,Authoritative state updated,
EVT-002865,IN-DL-110054-6-3,1985-01-01 12:00:00,PARCEL_CREATED,,V1,CANONICAL_SEED,SYSTEM,Initial cadastral creation,
EVT-002866,IN-DL-110054-6-3,2026-06-20 09:00:00,SOURCE_IMPORTED,V1,V1,INGESTION_PIPELINE,SYSTEM,5 observations linked,
EVT-002867,IN-DL-110054-6-3,2026-07-08 14:00:00,MATCH_PROPOSED,V1,P1,MATCHING_ENGINE,SYSTEM,Cross-source match proposed,
EVT-002868,IN-DL-110054-6-3,2026-08-06 10:00:00,EVIDENCE_ADDED,P1,P2,FIELD_SURVEY,SURVEYOR,GNSS/CORS evidence attached,
EVT-002869,IN-DL-110054-6-3,2026-09-10 14:00:00,PROPOSAL_ACCEPTED,P2,V2,POLICY_GATE,AUTHORITY,Proposed state accepted,
EVT-002870,IN-DL-110054-6-3,2026-09-10 14:05:00,CANONICAL_STATE_UPDATED,V1,V2,CANONICAL_REGISTRY,SYSTEM,Authoritative state updated,
EVT-002871,IN-DL-110054-6-4,1986-01-01 12:00:00,PARCEL_CREATED,,V1,CANONICAL_SEED,SYSTEM,Initial cadastral creation,
EVT-002872,IN-DL-110054-6-4,2026-06-20 09:00:00,SOURCE_IMPORTED,V1,V1,INGESTION_PIPELINE,SYSTEM,5 observations linked,
EVT-002873,IN-DL-110054-6-4,2026-07-08 14:00:00,MATCH_PROPOSED,V1,P1,MATCHING_ENGINE,SYSTEM,Cross-source match proposed,
EVT-002874,IN-DL-110054-6-4,2026-08-06 10:00:00,EVIDENCE_ADDED,P1,P2,FIELD_SURVEY,SURVEYOR,GNSS/CORS evidence attached,
EVT-002875,IN-DL-110054-6-4,2026-09-10 14:00:00,PROPOSAL_ACCEPTED,P2,V2,POLICY_GATE,AUTHORITY,Proposed state accepted,
EVT-002876,IN-DL-110054-6-4,2026-09-10 14:05:00,CANONICAL_STATE_UPDATED,V1,V2,CANONICAL_REGISTRY,SYSTEM,Authoritative state updated,
EVT-002877,IN-DL-110054-6-5,1987-01-01 12:00:00,PARCEL_CREATED,,V1,CANONICAL_SEED,SYSTEM,Initial cadastral creation,
EVT-002878,IN-DL-110054-6-5,2026-06-20 09:00:00,SOURCE_IMPORTED,V1,V1,INGESTION_PIPELINE,SYSTEM,5 observations linked,
EVT-002879,IN-DL-110054-6-5,2026-07-08 14:00:00,MATCH_PROPOSED,V1,P1,MATCHING_ENGINE,SYSTEM,Cross-source match proposed,
EVT-002880,IN-DL-110054-6-5,2026-08-06 10:00:00,EVIDENCE_ADDED,P1,P2,FIELD_SURVEY,SURVEYOR,GNSS/CORS evidence attached,
EVT-002881,IN-DL-110054-6-5,2026-09-10 14:00:00,PROPOSAL_ACCEPTED,P2,V2,POLICY_GATE,AUTHORITY,Proposed state accepted,
EVT-002882,IN-DL-110054-6-5,2026-09-10 14:05:00,CANONICAL_STATE_UPDATED,V1,V2,CANONICAL_REGISTRY,SYSTEM,Authoritative state updated,
EVT-002883,IN-DL-110054-6-6,1988-01-01 12:00:00,PARCEL_CREATED,,V1,CANONICAL_SEED,SYSTEM,Initial cadastral creation,
EVT-002884,IN-DL-110054-6-6,2026-06-20 09:00:00,SOURCE_IMPORTED,V1,V1,INGESTION_PIPELINE,SYSTEM,6 observations linked,
EVT-002885,IN-DL-110054-6-6,2026-07-01 11:00:00,CONFLICT_DETECTED,V1,V1,CONFLICT_ENGINE,SYSTEM,1 conflicts detected,
EVT-002886,IN-DL-110054-6-6,2026-07-08 14:00:00,MATCH_PROPOSED,V1,P1,MATCHING_ENGINE,SYSTEM,Cross-source match proposed,
EVT-002887,IN-DL-110054-6-6,2026-08-06 10:00:00,EVIDENCE_ADDED,P1,P2,FIELD_SURVEY,SURVEYOR,GNSS/CORS evidence attached,
EVT-002888,IN-DL-110054-6-6,2026-09-05 12:00:00,HUMAN_REVIEW,P2,P2,REVIEW_WORKSPACE,HUMAN_REVIEWER,Additional evidence requested,
EVT-002889,IN-DL-110054-6-7,1982-01-01 12:00:00,PARCEL_CREATED,,V1,CANONICAL_SEED,SYSTEM,Initial cadastral creation,
EVT-002890,IN-DL-110054-6-7,2026-06-20 09:00:00,SOURCE_IMPORTED,V1,V1,INGESTION_PIPELINE,SYSTEM,4 observations linked,
EVT-002891,IN-DL-110054-6-7,2026-07-08 14:00:00,MATCH_PROPOSED,V1,P1,MATCHING_ENGINE,SYSTEM,Cross-source match proposed,
EVT-002892,IN-DL-110054-6-7,2026-09-10 14:00:00,PROPOSAL_ACCEPTED,P1,V2,POLICY_GATE,AUTHORITY,Proposed state accepted,
EVT-002893,IN-DL-110054-6-7,2026-09-10 14:05:00,CANONICAL_STATE_UPDATED,V1,V2,CANONICAL_REGISTRY,SYSTEM,Authoritative state updated,
EVT-002894,IN-DL-110054-6-8,1983-01-01 12:00:00,PARCEL_CREATED,,V1,CANONICAL_SEED,SYSTEM,Initial cadastral creation,
EVT-002895,IN-DL-110054-6-8,2026-06-20 09:00:00,SOURCE_IMPORTED,V1,V1,INGESTION_PIPELINE,SYSTEM,5 observations linked,
EVT-002896,IN-DL-110054-6-8,2026-07-08 14:00:00,MATCH_PROPOSED,V1,P1,MATCHING_ENGINE,SYSTEM,Cross-source match proposed,
EVT-002897,IN-DL-110054-6-8,2026-09-10 14:00:00,PROPOSAL_ACCEPTED,P1,V2,POLICY_GATE,AUTHORITY,Proposed state accepted,
EVT-002898,IN-DL-110054-6-8,2026-09-10 14:05:00,CANONICAL_STATE_UPDATED,V1,V2,CANONICAL_REGISTRY,SYSTEM,Authoritative state updated,
EVT-002899,IN-DL-110054-6-9,1984-01-01 12:00:00,PARCEL_CREATED,,V1,CANONICAL_SEED,SYSTEM,Initial cadastral creation,
EVT-002900,IN-DL-110054-6-9,2026-06-20 09:00:00,SOURCE_IMPORTED,V1,V1,INGESTION_PIPELINE,SYSTEM,3 observations linked,
EVT-002901,IN-DL-110054-6-9,2026-07-01 11:00:00,CONFLICT_DETECTED,V1,V1,CONFLICT_ENGINE,SYSTEM,1 conflicts detected,
EVT-002902,IN-DL-110054-6-9,2026-07-08 14:00:00,MATCH_PROPOSED,V1,P1,MATCHING_ENGINE,SYSTEM,Cross-source match proposed,
EVT-002903,IN-DL-110054-6-9,2026-09-05 12:00:00,HUMAN_REVIEW,P1,P1,REVIEW_WORKSPACE,HUMAN_REVIEWER,Additional evidence requested,
EVT-002904,IN-DL-110054-6-10,1985-01-01 12:00:00,PARCEL_CREATED,,V1,CANONICAL_SEED,SYSTEM,Initial cadastral creation,
EVT-002905,IN-DL-110054-6-10,2026-06-20 09:00:00,SOURCE_IMPORTED,V1,V1,INGESTION_PIPELINE,SYSTEM,4 observations linked,
EVT-002906,IN-DL-110054-6-10,2026-07-01 11:00:00,CONFLICT_DETECTED,V1,V1,CONFLICT_ENGINE,SYSTEM,2 conflicts detected,
EVT-002907,IN-DL-110054-6-10,2026-07-08 14:00:00,MATCH_PROPOSED,V1,P1,MATCHING_ENGINE,SYSTEM,Cross-source match proposed,
EVT-002908,IN-DL-110054-6-10,2026-09-05 12:00:00,HUMAN_REVIEW,P1,P1,REVIEW_WORKSPACE,HUMAN_REVIEWER,Additional evidence requested,
EVT-002909,IN-DL-110054-6-11,1986-01-01 12:00:00,PARCEL_CREATED,,V1,CANONICAL_SEED,SYSTEM,Initial cadastral creation,
EVT-002910,IN-DL-110054-6-11,2026-06-20 09:00:00,SOURCE_IMPORTED,V1,V1,INGESTION_PIPELINE,SYSTEM,5 observations linked,
EVT-002911,IN-DL-110054-6-11,2026-07-01 11:00:00,CONFLICT_DETECTED,V1,V1,CONFLICT_ENGINE,SYSTEM,1 conflicts detected,
EVT-002912,IN-DL-110054-6-11,2026-07-08 14:00:00,MATCH_PROPOSED,V1,P1,MATCHING_ENGINE,SYSTEM,Cross-source match proposed,
EVT-002913,IN-DL-110054-6-11,2026-08-06 10:00:00,EVIDENCE_ADDED,P1,P2,FIELD_SURVEY,SURVEYOR,GNSS/CORS evidence attached,
EVT-002914,IN-DL-110054-6-11,2026-09-05 11:00:00,HUMAN_REVIEW,P2,P2,REVIEW_WORKSPACE,HUMAN_REVIEWER,Legal/operational conflict requires decision,
EVT-002915,IN-DL-110054-6-12,1987-01-01 12:00:00,PARCEL_CREATED,,V1,CANONICAL_SEED,SYSTEM,Initial cadastral creation,
EVT-002916,IN-DL-110054-6-12,2026-06-20 09:00:00,SOURCE_IMPORTED,V1,V1,INGESTION_PIPELINE,SYSTEM,4 observations linked,
EVT-002917,IN-DL-110054-6-12,2026-07-01 11:00:00,CONFLICT_DETECTED,V1,V1,CONFLICT_ENGINE,SYSTEM,1 conflicts detected,
EVT-002918,IN-DL-110054-6-12,2026-07-08 14:00:00,MATCH_PROPOSED,V1,P1,MATCHING_ENGINE,SYSTEM,Cross-source match proposed,
EVT-002919,IN-DL-110054-6-12,2026-09-10 14:00:00,PROPOSAL_ACCEPTED,P1,V2,POLICY_GATE,AUTHORITY,Proposed state accepted,
EVT-002920,IN-DL-110054-6-12,2026-09-10 14:05:00,CANONICAL_STATE_UPDATED,V1,V2,CANONICAL_REGISTRY,SYSTEM,Authoritative state updated,
EVT-002921,IN-DL-110054-6-13,1988-01-01 12:00:00,PARCEL_CREATED,,V1,CANONICAL_SEED,SYSTEM,Initial cadastral creation,
EVT-002922,IN-DL-110054-6-13,2026-06-20 09:00:00,SOURCE_IMPORTED,V1,V1,INGESTION_PIPELINE,SYSTEM,5 observations linked,
EVT-002923,IN-DL-110054-6-13,2026-07-08 14:00:00,MATCH_PROPOSED,V1,P1,MATCHING_ENGINE,SYSTEM,Cross-source match proposed,
EVT-002924,IN-DL-110054-6-13,2026-09-10 14:00:00,PROPOSAL_ACCEPTED,P1,V2,POLICY_GATE,AUTHORITY,Proposed state accepted,
EVT-002925,IN-DL-110054-6-13,2026-09-10 14:05:00,CANONICAL_STATE_UPDATED,V1,V2,CANONICAL_REGISTRY,SYSTEM,Authoritative state updated,
EVT-002926,IN-DL-110054-6-14,1982-01-01 12:00:00,PARCEL_CREATED,,V1,CANONICAL_SEED,SYSTEM,Initial cadastral creation,
EVT-002927,IN-DL-110054-6-14,2026-06-20 09:00:00,SOURCE_IMPORTED,V1,V1,INGESTION_PIPELINE,SYSTEM,4 observations linked,
EVT-002928,IN-DL-110054-6-14,2026-07-08 14:00:00,MATCH_PROPOSED,V1,P1,MATCHING_ENGINE,SYSTEM,Cross-source match proposed,
EVT-002929,IN-DL-110054-6-14,2026-09-10 14:00:00,PROPOSAL_ACCEPTED,P1,V2,POLICY_GATE,AUTHORITY,Proposed state accepted,
EVT-002930,IN-DL-110054-6-14,2026-09-10 14:05:00,CANONICAL_STATE_UPDATED,V1,V2,CANONICAL_REGISTRY,SYSTEM,Authoritative state updated,
EVT-002931,IN-DL-110054-6-15,1983-01-01 12:00:00,PARCEL_CREATED,,V1,CANONICAL_SEED,SYSTEM,Initial cadastral creation,
EVT-002932,IN-DL-110054-6-15,2026-06-20 09:00:00,SOURCE_IMPORTED,V1,V1,INGESTION_PIPELINE,SYSTEM,5 observations linked,
EVT-002933,IN-DL-110054-6-15,2026-07-01 11:00:00,CONFLICT_DETECTED,V1,V1,CONFLICT_ENGINE,SYSTEM,1 conflicts detected,
EVT-002934,IN-DL-110054-6-15,2026-07-08 14:00:00,MATCH_PROPOSED,V1,P1,MATCHING_ENGINE,SYSTEM,Cross-source match proposed,
EVT-002935,IN-DL-110054-6-15,2026-09-10 14:00:00,PROPOSAL_ACCEPTED,P1,V2,POLICY_GATE,AUTHORITY,Proposed state accepted,
EVT-002936,IN-DL-110054-6-15,2026-09-10 14:05:00,CANONICAL_STATE_UPDATED,V1,V2,CANONICAL_REGISTRY,SYSTEM,Authoritative state updated,
EVT-002937,IN-DL-110054-6-16,1984-01-01 12:00:00,PARCEL_CREATED,,V1,CANONICAL_SEED,SYSTEM,Initial cadastral creation,
EVT-002938,IN-DL-110054-6-16,2026-06-20 09:00:00,SOURCE_IMPORTED,V1,V1,INGESTION_PIPELINE,SYSTEM,4 observations linked,
EVT-002939,IN-DL-110054-6-16,2026-07-08 14:00:00,MATCH_PROPOSED,V1,P1,MATCHING_ENGINE,SYSTEM,Cross-source match proposed,
EVT-002940,IN-DL-110054-6-16,2026-09-10 14:00:00,PROPOSAL_ACCEPTED,P1,V2,POLICY_GATE,AUTHORITY,Proposed state accepted,
EVT-002941,IN-DL-110054-6-16,2026-09-10 14:05:00,CANONICAL_STATE_UPDATED,V1,V2,CANONICAL_REGISTRY,SYSTEM,Authoritative state updated,
EVT-002942,IN-DL-110054-6-17,1985-01-01 12:00:00,PARCEL_CREATED,,V1,CANONICAL_SEED,SYSTEM,Initial cadastral creation,
EVT-002943,IN-DL-110054-6-17,2026-06-20 09:00:00,SOURCE_IMPORTED,V1,V1,INGESTION_PIPELINE,SYSTEM,5 observations linked,
EVT-002944,IN-DL-110054-6-17,2026-07-01 11:00:00,CONFLICT_DETECTED,V1,V1,CONFLICT_ENGINE,SYSTEM,1 conflicts detected,
EVT-002945,IN-DL-110054-6-17,2026-07-08 14:00:00,MATCH_PROPOSED,V1,P1,MATCHING_ENGINE,SYSTEM,Cross-source match proposed,
EVT-002946,IN-DL-110054-6-17,2026-09-05 12:00:00,HUMAN_REVIEW,P1,P1,REVIEW_WORKSPACE,HUMAN_REVIEWER,Additional evidence requested,
EVT-002947,IN-DL-110054-6-18,1986-01-01 12:00:00,PARCEL_CREATED,,V1,CANONICAL_SEED,SYSTEM,Initial cadastral creation,
EVT-002948,IN-DL-110054-6-18,2026-06-20 09:00:00,SOURCE_IMPORTED,V1,V1,INGESTION_PIPELINE,SYSTEM,5 observations linked,
EVT-002949,IN-DL-110054-6-18,2026-07-08 14:00:00,MATCH_PROPOSED,V1,P1,MATCHING_ENGINE,SYSTEM,Cross-source match proposed,
EVT-002950,IN-DL-110054-6-18,2026-08-06 10:00:00,EVIDENCE_ADDED,P1,P2,FIELD_SURVEY,SURVEYOR,GNSS/CORS evidence attached,
EVT-002951,IN-DL-110054-6-18,2026-09-10 14:00:00,PROPOSAL_ACCEPTED,P2,V2,POLICY_GATE,AUTHORITY,Proposed state accepted,
EVT-002952,IN-DL-110054-6-18,2026-09-10 14:05:00,CANONICAL_STATE_UPDATED,V1,V2,CANONICAL_REGISTRY,SYSTEM,Authoritative state updated,
EVT-002953,IN-DL-110054-6-19,1987-01-01 12:00:00,PARCEL_CREATED,,V1,CANONICAL_SEED,SYSTEM,Initial cadastral creation,
EVT-002954,IN-DL-110054-6-19,2026-06-20 09:00:00,SOURCE_IMPORTED,V1,V1,INGESTION_PIPELINE,SYSTEM,3 observations linked,
EVT-002955,IN-DL-110054-6-19,2026-07-08 14:00:00,MATCH_PROPOSED,V1,P1,MATCHING_ENGINE,SYSTEM,Cross-source match proposed,
EVT-002956,IN-DL-110054-6-19,2026-09-10 14:00:00,PROPOSAL_ACCEPTED,P1,V2,POLICY_GATE,AUTHORITY,Proposed state accepted,
EVT-002957,IN-DL-110054-6-19,2026-09-10 14:05:00,CANONICAL_STATE_UPDATED,V1,V2,CANONICAL_REGISTRY,SYSTEM,Authoritative state updated,
EVT-002958,IN-DL-110054-6-20,1988-01-01 12:00:00,PARCEL_CREATED,,V1,CANONICAL_SEED,SYSTEM,Initial cadastral creation,
EVT-002959,IN-DL-110054-6-20,2026-06-20 09:00:00,SOURCE_IMPORTED,V1,V1,INGESTION_PIPELINE,SYSTEM,3 observations linked,
EVT-002960,IN-DL-110054-6-20,2026-07-01 11:00:00,CONFLICT_DETECTED,V1,V1,CONFLICT_ENGINE,SYSTEM,1 conflicts detected,
EVT-002961,IN-DL-110054-6-20,2026-07-08 14:00:00,MATCH_PROPOSED,V1,P1,MATCHING_ENGINE,SYSTEM,Cross-source match proposed,
EVT-002962,IN-DL-110054-6-20,2026-09-10 14:00:00,PROPOSAL_ACCEPTED,P1,V2,POLICY_GATE,AUTHORITY,Proposed state accepted,
EVT-002963,IN-DL-110054-6-20,2026-09-10 14:05:00,CANONICAL_STATE_UPDATED,V1,V2,CANONICAL_REGISTRY,SYSTEM,Authoritative state updated,
EVT-002964,IN-DL-110054-6-21,1982-01-01 12:00:00,PARCEL_CREATED,,V1,CANONICAL_SEED,SYSTEM,Initial cadastral creation,
EVT-002965,IN-DL-110054-6-21,2026-06-20 09:00:00,SOURCE_IMPORTED,V1,V1,INGESTION_PIPELINE,SYSTEM,5 observations linked,
EVT-002966,IN-DL-110054-6-21,2026-07-08 14:00:00,MATCH_PROPOSED,V1,P1,MATCHING_ENGINE,SYSTEM,Cross-source match proposed,
EVT-002967,IN-DL-110054-6-21,2026-08-06 10:00:00,EVIDENCE_ADDED,P1,P2,FIELD_SURVEY,SURVEYOR,GNSS/CORS evidence attached,
EVT-002968,IN-DL-110054-6-21,2026-09-10 14:00:00,PROPOSAL_ACCEPTED,P2,V2,POLICY_GATE,AUTHORITY,Proposed state accepted,
EVT-002969,IN-DL-110054-6-21,2026-09-10 14:05:00,CANONICAL_STATE_UPDATED,V1,V2,CANONICAL_REGISTRY,SYSTEM,Authoritative state updated,
EVT-002970,IN-DL-110054-6-22,1983-01-01 12:00:00,PARCEL_CREATED,,V1,CANONICAL_SEED,SYSTEM,Initial cadastral creation,
EVT-002971,IN-DL-110054-6-22,2026-06-20 09:00:00,SOURCE_IMPORTED,V1,V1,INGESTION_PIPELINE,SYSTEM,4 observations linked,
EVT-002972,IN-DL-110054-6-22,2026-07-08 14:00:00,MATCH_PROPOSED,V1,P1,MATCHING_ENGINE,SYSTEM,Cross-source match proposed,
EVT-002973,IN-DL-110054-6-22,2026-09-10 14:00:00,PROPOSAL_ACCEPTED,P1,V2,POLICY_GATE,AUTHORITY,Proposed state accepted,
EVT-002974,IN-DL-110054-6-22,2026-09-10 14:05:00,CANONICAL_STATE_UPDATED,V1,V2,CANONICAL_REGISTRY,SYSTEM,Authoritative state updated,
EVT-002975,IN-DL-110054-6-23,1984-01-01 12:00:00,PARCEL_CREATED,,V1,CANONICAL_SEED,SYSTEM,Initial cadastral creation,
EVT-002976,IN-DL-110054-6-23,2026-06-20 09:00:00,SOURCE_IMPORTED,V1,V1,INGESTION_PIPELINE,SYSTEM,4 observations linked,
EVT-002977,IN-DL-110054-6-23,2026-07-08 14:00:00,MATCH_PROPOSED,V1,P1,MATCHING_ENGINE,SYSTEM,Cross-source match proposed,
EVT-002978,IN-DL-110054-6-23,2026-09-10 14:00:00,PROPOSAL_ACCEPTED,P1,V2,POLICY_GATE,AUTHORITY,Proposed state accepted,
EVT-002979,IN-DL-110054-6-23,2026-09-10 14:05:00,CANONICAL_STATE_UPDATED,V1,V2,CANONICAL_REGISTRY,SYSTEM,Authoritative state updated,
EVT-002980,IN-DL-110054-6-24,1985-01-01 12:00:00,PARCEL_CREATED,,V1,CANONICAL_SEED,SYSTEM,Initial cadastral creation,
EVT-002981,IN-DL-110054-6-24,2026-06-20 09:00:00,SOURCE_IMPORTED,V1,V1,INGESTION_PIPELINE,SYSTEM,4 observations linked,
EVT-002982,IN-DL-110054-6-24,2026-07-01 11:00:00,CONFLICT_DETECTED,V1,V1,CONFLICT_ENGINE,SYSTEM,1 conflicts detected,
EVT-002983,IN-DL-110054-6-24,2026-07-08 14:00:00,MATCH_PROPOSED,V1,P1,MATCHING_ENGINE,SYSTEM,Cross-source match proposed,
EVT-002984,IN-DL-110054-6-24,2026-09-10 14:00:00,PROPOSAL_ACCEPTED,P1,V2,POLICY_GATE,AUTHORITY,Proposed state accepted,
EVT-002985,IN-DL-110054-6-24,2026-09-10 14:05:00,CANONICAL_STATE_UPDATED,V1,V2,CANONICAL_REGISTRY,SYSTEM,Authoritative state updated,
EVT-002986,IN-DL-110054-6-25,1986-01-01 12:00:00,PARCEL_CREATED,,V1,CANONICAL_SEED,SYSTEM,Initial cadastral creation,
EVT-002987,IN-DL-110054-6-25,2026-06-20 09:00:00,SOURCE_IMPORTED,V1,V1,INGESTION_PIPELINE,SYSTEM,3 observations linked,
EVT-002988,IN-DL-110054-6-25,2026-07-01 11:00:00,CONFLICT_DETECTED,V1,V1,CONFLICT_ENGINE,SYSTEM,2 conflicts detected,
EVT-002989,IN-DL-110054-6-25,2026-07-08 14:00:00,MATCH_PROPOSED,V1,P1,MATCHING_ENGINE,SYSTEM,Cross-source match proposed,
EVT-002990,IN-DL-110054-6-25,2026-09-05 12:00:00,HUMAN_REVIEW,P1,P1,REVIEW_WORKSPACE,HUMAN_REVIEWER,Additional evidence requested,
EVT-002991,IN-DL-110054-6-26,1987-01-01 12:00:00,PARCEL_CREATED,,V1,CANONICAL_SEED,SYSTEM,Initial cadastral creation,
EVT-002992,IN-DL-110054-6-26,2026-06-20 09:00:00,SOURCE_IMPORTED,V1,V1,INGESTION_PIPELINE,SYSTEM,4 observations linked,
EVT-002993,IN-DL-110054-6-26,2026-07-08 14:00:00,MATCH_PROPOSED,V1,P1,MATCHING_ENGINE,SYSTEM,Cross-source match proposed,
EVT-002994,IN-DL-110054-6-26,2026-09-10 14:00:00,PROPOSAL_ACCEPTED,P1,V2,POLICY_GATE,AUTHORITY,Proposed state accepted,
EVT-002995,IN-DL-110054-6-26,2026-09-10 14:05:00,CANONICAL_STATE_UPDATED,V1,V2,CANONICAL_REGISTRY,SYSTEM,Authoritative state updated,
EVT-002996,IN-DL-110054-6-27,1988-01-01 12:00:00,PARCEL_CREATED,,V1,CANONICAL_SEED,SYSTEM,Initial cadastral creation,
EVT-002997,IN-DL-110054-6-27,2026-06-20 09:00:00,SOURCE_IMPORTED,V1,V1,INGESTION_PIPELINE,SYSTEM,4 observations linked,
EVT-002998,IN-DL-110054-6-27,2026-07-08 14:00:00,MATCH_PROPOSED,V1,P1,MATCHING_ENGINE,SYSTEM,Cross-source match proposed,
EVT-002999,IN-DL-110054-6-27,2026-09-10 14:00:00,PROPOSAL_ACCEPTED,P1,V2,POLICY_GATE,AUTHORITY,Proposed state accepted,
EVT-003000,IN-DL-110054-6-27,2026-09-10 14:05:00,CANONICAL_STATE_UPDATED,V1,V2,CANONICAL_REGISTRY,SYSTEM,Authoritative state updated,
EVT-003001,IN-DL-110054-6-28,1982-01-01 12:00:00,PARCEL_CREATED,,V1,CANONICAL_SEED,SYSTEM,Initial cadastral creation,
EVT-003002,IN-DL-110054-6-28,2026-06-20 09:00:00,SOURCE_IMPORTED,V1,V1,INGESTION_PIPELINE,SYSTEM,4 observations linked,
EVT-003003,IN-DL-110054-6-28,2026-07-08 14:00:00,MATCH_PROPOSED,V1,P1,MATCHING_ENGINE,SYSTEM,Cross-source match proposed,
EVT-003004,IN-DL-110054-6-28,2026-09-10 14:00:00,PROPOSAL_ACCEPTED,P1,V2,POLICY_GATE,AUTHORITY,Proposed state accepted,
EVT-003005,IN-DL-110054-6-28,2026-09-10 14:05:00,CANONICAL_STATE_UPDATED,V1,V2,CANONICAL_REGISTRY,SYSTEM,Authoritative state updated,
EVT-003006,IN-DL-110054-6-29,1983-01-01 12:00:00,PARCEL_CREATED,,V1,CANONICAL_SEED,SYSTEM,Initial cadastral creation,
EVT-003007,IN-DL-110054-6-29,2026-06-20 09:00:00,SOURCE_IMPORTED,V1,V1,INGESTION_PIPELINE,SYSTEM,4 observations linked,
EVT-003008,IN-DL-110054-6-29,2026-07-08 14:00:00,MATCH_PROPOSED,V1,P1,MATCHING_ENGINE,SYSTEM,Cross-source match proposed,
EVT-003009,IN-DL-110054-6-29,2026-09-10 14:00:00,PROPOSAL_ACCEPTED,P1,V2,POLICY_GATE,AUTHORITY,Proposed state accepted,
EVT-003010,IN-DL-110054-6-29,2026-09-10 14:05:00,CANONICAL_STATE_UPDATED,V1,V2,CANONICAL_REGISTRY,SYSTEM,Authoritative state updated,
EVT-003011,IN-DL-110054-6-30,1984-01-01 12:00:00,PARCEL_CREATED,,V1,CANONICAL_SEED,SYSTEM,Initial cadastral creation,
EVT-003012,IN-DL-110054-6-30,2026-06-20 09:00:00,SOURCE_IMPORTED,V1,V1,INGESTION_PIPELINE,SYSTEM,3 observations linked,
EVT-003013,IN-DL-110054-6-30,2026-07-01 11:00:00,CONFLICT_DETECTED,V1,V1,CONFLICT_ENGINE,SYSTEM,2 conflicts detected,
EVT-003014,IN-DL-110054-6-30,2026-07-08 14:00:00,MATCH_PROPOSED,V1,P1,MATCHING_ENGINE,SYSTEM,Cross-source match proposed,
EVT-003015,IN-DL-110054-6-30,2026-09-05 12:00:00,HUMAN_REVIEW,P1,P1,REVIEW_WORKSPACE,HUMAN_REVIEWER,Additional evidence requested,
EVT-003016,IN-DL-110054-6-31,1985-01-01 12:00:00,PARCEL_CREATED,,V1,CANONICAL_SEED,SYSTEM,Initial cadastral creation,
EVT-003017,IN-DL-110054-6-31,2026-06-20 09:00:00,SOURCE_IMPORTED,V1,V1,INGESTION_PIPELINE,SYSTEM,2 observations linked,
EVT-003018,IN-DL-110054-6-31,2026-07-08 14:00:00,MATCH_PROPOSED,V1,P1,MATCHING_ENGINE,SYSTEM,Cross-source match proposed,
EVT-003019,IN-DL-110054-6-31,2026-09-10 14:00:00,PROPOSAL_ACCEPTED,P1,V2,POLICY_GATE,AUTHORITY,Proposed state accepted,
EVT-003020,IN-DL-110054-6-31,2026-09-10 14:05:00,CANONICAL_STATE_UPDATED,V1,V2,CANONICAL_REGISTRY,SYSTEM,Authoritative state updated,
EVT-003021,IN-DL-110054-6-32,1986-01-01 12:00:00,PARCEL_CREATED,,V1,CANONICAL_SEED,SYSTEM,Initial cadastral creation,
EVT-003022,IN-DL-110054-6-32,2026-06-20 09:00:00,SOURCE_IMPORTED,V1,V1,INGESTION_PIPELINE,SYSTEM,5 observations linked,
EVT-003023,IN-DL-110054-6-32,2026-07-01 11:00:00,CONFLICT_DETECTED,V1,V1,CONFLICT_ENGINE,SYSTEM,1 conflicts detected,
EVT-003024,IN-DL-110054-6-32,2026-07-08 14:00:00,MATCH_PROPOSED,V1,P1,MATCHING_ENGINE,SYSTEM,Cross-source match proposed,
EVT-003025,IN-DL-110054-6-32,2026-09-07 15:00:00,PROPOSAL_REJECTED,P1,V1,REVIEW_WORKSPACE,HUMAN_REVIEWER,Candidate match rejected,
EVT-003026,IN-DL-110054-6-33,1987-01-01 12:00:00,PARCEL_CREATED,,V1,CANONICAL_SEED,SYSTEM,Initial cadastral creation,
EVT-003027,IN-DL-110054-6-33,2026-06-20 09:00:00,SOURCE_IMPORTED,V1,V1,INGESTION_PIPELINE,SYSTEM,4 observations linked,
EVT-003028,IN-DL-110054-6-33,2026-07-08 14:00:00,MATCH_PROPOSED,V1,P1,MATCHING_ENGINE,SYSTEM,Cross-source match proposed,
EVT-003029,IN-DL-110054-6-33,2026-09-10 14:00:00,PROPOSAL_ACCEPTED,P1,V2,POLICY_GATE,AUTHORITY,Proposed state accepted,
EVT-003030,IN-DL-110054-6-33,2026-09-10 14:05:00,CANONICAL_STATE_UPDATED,V1,V2,CANONICAL_REGISTRY,SYSTEM,Authoritative state updated,
EVT-003031,IN-DL-110054-6-34,1988-01-01 12:00:00,PARCEL_CREATED,,V1,CANONICAL_SEED,SYSTEM,Initial cadastral creation,
EVT-003032,IN-DL-110054-6-34,2026-06-20 09:00:00,SOURCE_IMPORTED,V1,V1,INGESTION_PIPELINE,SYSTEM,3 observations linked,
EVT-003033,IN-DL-110054-6-34,2026-07-08 14:00:00,MATCH_PROPOSED,V1,P1,MATCHING_ENGINE,SYSTEM,Cross-source match proposed,
EVT-003034,IN-DL-110054-6-34,2026-08-06 10:00:00,EVIDENCE_ADDED,P1,P2,FIELD_SURVEY,SURVEYOR,GNSS/CORS evidence attached,
EVT-003035,IN-DL-110054-6-34,2026-09-10 14:00:00,PROPOSAL_ACCEPTED,P2,V2,POLICY_GATE,AUTHORITY,Proposed state accepted,
EVT-003036,IN-DL-110054-6-34,2026-09-10 14:05:00,CANONICAL_STATE_UPDATED,V1,V2,CANONICAL_REGISTRY,SYSTEM,Authoritative state updated,
EVT-003037,IN-DL-110054-6-35,1982-01-01 12:00:00,PARCEL_CREATED,,V1,CANONICAL_SEED,SYSTEM,Initial cadastral creation,
EVT-003038,IN-DL-110054-6-35,2026-06-20 09:00:00,SOURCE_IMPORTED,V1,V1,INGESTION_PIPELINE,SYSTEM,6 observations linked,
EVT-003039,IN-DL-110054-6-35,2026-07-01 11:00:00,CONFLICT_DETECTED,V1,V1,CONFLICT_ENGINE,SYSTEM,1 conflicts detected,
EVT-003040,IN-DL-110054-6-35,2026-07-08 14:00:00,MATCH_PROPOSED,V1,P1,MATCHING_ENGINE,SYSTEM,Cross-source match proposed,
EVT-003041,IN-DL-110054-6-35,2026-09-10 14:00:00,PROPOSAL_ACCEPTED,P1,V2,POLICY_GATE,AUTHORITY,Proposed state accepted,
EVT-003042,IN-DL-110054-6-35,2026-09-10 14:05:00,CANONICAL_STATE_UPDATED,V1,V2,CANONICAL_REGISTRY,SYSTEM,Authoritative state updated,
EVT-003043,IN-DL-110054-6-36,1983-01-01 12:00:00,PARCEL_CREATED,,V1,CANONICAL_SEED,SYSTEM,Initial cadastral creation,
EVT-003044,IN-DL-110054-6-36,2026-06-20 09:00:00,SOURCE_IMPORTED,V1,V1,INGESTION_PIPELINE,SYSTEM,5 observations linked,
EVT-003045,IN-DL-110054-6-36,2026-07-01 11:00:00,CONFLICT_DETECTED,V1,V1,CONFLICT_ENGINE,SYSTEM,1 conflicts detected,
EVT-003046,IN-DL-110054-6-36,2026-07-08 14:00:00,MATCH_PROPOSED,V1,P1,MATCHING_ENGINE,SYSTEM,Cross-source match proposed,
EVT-003047,IN-DL-110054-6-36,2026-09-10 14:00:00,PROPOSAL_ACCEPTED,P1,V2,POLICY_GATE,AUTHORITY,Proposed state accepted,
EVT-003048,IN-DL-110054-6-36,2026-09-10 14:05:00,CANONICAL_STATE_UPDATED,V1,V2,CANONICAL_REGISTRY,SYSTEM,Authoritative state updated,
EVT-003049,IN-DL-110054-6-37,1984-01-01 12:00:00,PARCEL_CREATED,,V1,CANONICAL_SEED,SYSTEM,Initial cadastral creation,
EVT-003050,IN-DL-110054-6-37,2026-06-20 09:00:00,SOURCE_IMPORTED,V1,V1,INGESTION_PIPELINE,SYSTEM,5 observations linked,
EVT-003051,IN-DL-110054-6-37,2026-07-01 11:00:00,CONFLICT_DETECTED,V1,V1,CONFLICT_ENGINE,SYSTEM,1 conflicts detected,
EVT-003052,IN-DL-110054-6-37,2026-07-08 14:00:00,MATCH_PROPOSED,V1,P1,MATCHING_ENGINE,SYSTEM,Cross-source match proposed,
EVT-003053,IN-DL-110054-6-37,2026-08-06 10:00:00,EVIDENCE_ADDED,P1,P2,FIELD_SURVEY,SURVEYOR,GNSS/CORS evidence attached,
EVT-003054,IN-DL-110054-6-37,2026-09-05 11:00:00,HUMAN_REVIEW,P2,P2,REVIEW_WORKSPACE,HUMAN_REVIEWER,Legal/operational conflict requires decision,
EVT-003055,IN-DL-110054-6-38,1985-01-01 12:00:00,PARCEL_CREATED,,V1,CANONICAL_SEED,SYSTEM,Initial cadastral creation,
EVT-003056,IN-DL-110054-6-38,2026-06-20 09:00:00,SOURCE_IMPORTED,V1,V1,INGESTION_PIPELINE,SYSTEM,4 observations linked,
EVT-003057,IN-DL-110054-6-38,2026-07-01 11:00:00,CONFLICT_DETECTED,V1,V1,CONFLICT_ENGINE,SYSTEM,1 conflicts detected,
EVT-003058,IN-DL-110054-6-38,2026-07-08 14:00:00,MATCH_PROPOSED,V1,P1,MATCHING_ENGINE,SYSTEM,Cross-source match proposed,
EVT-003059,IN-DL-110054-6-38,2026-09-10 14:00:00,PROPOSAL_ACCEPTED,P1,V2,POLICY_GATE,AUTHORITY,Proposed state accepted,
EVT-003060,IN-DL-110054-6-38,2026-09-10 14:05:00,CANONICAL_STATE_UPDATED,V1,V2,CANONICAL_REGISTRY,SYSTEM,Authoritative state updated,
EVT-003061,IN-DL-110054-6-39,1986-01-01 12:00:00,PARCEL_CREATED,,V1,CANONICAL_SEED,SYSTEM,Initial cadastral creation,
EVT-003062,IN-DL-110054-6-39,2026-06-20 09:00:00,SOURCE_IMPORTED,V1,V1,INGESTION_PIPELINE,SYSTEM,3 observations linked,
EVT-003063,IN-DL-110054-6-39,2026-07-08 14:00:00,MATCH_PROPOSED,V1,P1,MATCHING_ENGINE,SYSTEM,Cross-source match proposed,
EVT-003064,IN-DL-110054-6-39,2026-09-10 14:00:00,PROPOSAL_ACCEPTED,P1,V2,POLICY_GATE,AUTHORITY,Proposed state accepted,
EVT-003065,IN-DL-110054-6-39,2026-09-10 14:05:00,CANONICAL_STATE_UPDATED,V1,V2,CANONICAL_REGISTRY,SYSTEM,Authoritative state updated,
EVT-003066,IN-DL-110054-6-40,1987-01-01 12:00:00,PARCEL_CREATED,,V1,CANONICAL_SEED,SYSTEM,Initial cadastral creation,
EVT-003067,IN-DL-110054-6-40,2026-06-20 09:00:00,SOURCE_IMPORTED,V1,V1,INGESTION_PIPELINE,SYSTEM,4 observations linked,
EVT-003068,IN-DL-110054-6-40,2026-07-01 11:00:00,CONFLICT_DETECTED,V1,V1,CONFLICT_ENGINE,SYSTEM,1 conflicts detected,
EVT-003069,IN-DL-110054-6-40,2026-07-08 14:00:00,MATCH_PROPOSED,V1,P1,MATCHING_ENGINE,SYSTEM,Cross-source match proposed,
EVT-003070,IN-DL-110054-6-40,2026-09-10 14:00:00,PROPOSAL_ACCEPTED,P1,V2,POLICY_GATE,AUTHORITY,Proposed state accepted,
EVT-003071,IN-DL-110054-6-40,2026-09-10 14:05:00,CANONICAL_STATE_UPDATED,V1,V2,CANONICAL_REGISTRY,SYSTEM,Authoritative state updated,
EVT-003072,IN-DL-110054-6-41,1988-01-01 12:00:00,PARCEL_CREATED,,V1,CANONICAL_SEED,SYSTEM,Initial cadastral creation,
EVT-003073,IN-DL-110054-6-41,2026-06-20 09:00:00,SOURCE_IMPORTED,V1,V1,INGESTION_PIPELINE,SYSTEM,4 observations linked,
EVT-003074,IN-DL-110054-6-41,2026-07-08 14:00:00,MATCH_PROPOSED,V1,P1,MATCHING_ENGINE,SYSTEM,Cross-source match proposed,
EVT-003075,IN-DL-110054-6-41,2026-09-10 14:00:00,PROPOSAL_ACCEPTED,P1,V2,POLICY_GATE,AUTHORITY,Proposed state accepted,
EVT-003076,IN-DL-110054-6-41,2026-09-10 14:05:00,CANONICAL_STATE_UPDATED,V1,V2,CANONICAL_REGISTRY,SYSTEM,Authoritative state updated,
EVT-003077,IN-DL-110054-6-42,1982-01-01 12:00:00,PARCEL_CREATED,,V1,CANONICAL_SEED,SYSTEM,Initial cadastral creation,
EVT-003078,IN-DL-110054-6-42,2026-06-20 09:00:00,SOURCE_IMPORTED,V1,V1,INGESTION_PIPELINE,SYSTEM,4 observations linked,
EVT-003079,IN-DL-110054-6-42,2026-07-08 14:00:00,MATCH_PROPOSED,V1,P1,MATCHING_ENGINE,SYSTEM,Cross-source match proposed,
EVT-003080,IN-DL-110054-6-42,2026-09-10 14:00:00,PROPOSAL_ACCEPTED,P1,V2,POLICY_GATE,AUTHORITY,Proposed state accepted,
EVT-003081,IN-DL-110054-6-42,2026-09-10 14:05:00,CANONICAL_STATE_UPDATED,V1,V2,CANONICAL_REGISTRY,SYSTEM,Authoritative state updated,
EVT-003082,IN-DL-110054-6-43,1983-01-01 12:00:00,PARCEL_CREATED,,V1,CANONICAL_SEED,SYSTEM,Initial cadastral creation,
EVT-003083,IN-DL-110054-6-43,2026-06-20 09:00:00,SOURCE_IMPORTED,V1,V1,INGESTION_PIPELINE,SYSTEM,3 observations linked,
EVT-003084,IN-DL-110054-6-43,2026-07-08 14:00:00,MATCH_PROPOSED,V1,P1,MATCHING_ENGINE,SYSTEM,Cross-source match proposed,
EVT-003085,IN-DL-110054-6-43,2026-09-10 14:00:00,PROPOSAL_ACCEPTED,P1,V2,POLICY_GATE,AUTHORITY,Proposed state accepted,
EVT-003086,IN-DL-110054-6-43,2026-09-10 14:05:00,CANONICAL_STATE_UPDATED,V1,V2,CANONICAL_REGISTRY,SYSTEM,Authoritative state updated,
EVT-003087,IN-DL-110054-6-44,1984-01-01 12:00:00,PARCEL_CREATED,,V1,CANONICAL_SEED,SYSTEM,Initial cadastral creation,
EVT-003088,IN-DL-110054-6-44,2026-06-20 09:00:00,SOURCE_IMPORTED,V1,V1,INGESTION_PIPELINE,SYSTEM,6 observations linked,
EVT-003089,IN-DL-110054-6-44,2026-07-08 14:00:00,MATCH_PROPOSED,V1,P1,MATCHING_ENGINE,SYSTEM,Cross-source match proposed,
EVT-003090,IN-DL-110054-6-44,2026-08-06 10:00:00,EVIDENCE_ADDED,P1,P2,FIELD_SURVEY,SURVEYOR,GNSS/CORS evidence attached,
EVT-003091,IN-DL-110054-6-44,2026-09-10 14:00:00,PROPOSAL_ACCEPTED,P2,V2,POLICY_GATE,AUTHORITY,Proposed state accepted,
EVT-003092,IN-DL-110054-6-44,2026-09-10 14:05:00,CANONICAL_STATE_UPDATED,V1,V2,CANONICAL_REGISTRY,SYSTEM,Authoritative state updated,
EVT-003093,IN-DL-110054-6-45,1985-01-01 12:00:00,PARCEL_CREATED,,V1,CANONICAL_SEED,SYSTEM,Initial cadastral creation,
EVT-003094,IN-DL-110054-6-45,2026-06-20 09:00:00,SOURCE_IMPORTED,V1,V1,INGESTION_PIPELINE,SYSTEM,4 observations linked,
EVT-003095,IN-DL-110054-6-45,2026-07-01 11:00:00,CONFLICT_DETECTED,V1,V1,CONFLICT_ENGINE,SYSTEM,2 conflicts detected,
EVT-003096,IN-DL-110054-6-45,2026-07-08 14:00:00,MATCH_PROPOSED,V1,P1,MATCHING_ENGINE,SYSTEM,Cross-source match proposed,
EVT-003097,IN-DL-110054-6-45,2026-08-06 10:00:00,EVIDENCE_ADDED,P1,P2,FIELD_SURVEY,SURVEYOR,GNSS/CORS evidence attached,
EVT-003098,IN-DL-110054-6-45,2026-09-10 14:00:00,PROPOSAL_ACCEPTED,P2,V2,POLICY_GATE,AUTHORITY,Proposed state accepted,
EVT-003099,IN-DL-110054-6-45,2026-09-10 14:05:00,CANONICAL_STATE_UPDATED,V1,V2,CANONICAL_REGISTRY,SYSTEM,Authoritative state updated,
EVT-003100,IN-DL-110054-6-46,1986-01-01 12:00:00,PARCEL_CREATED,,V1,CANONICAL_SEED,SYSTEM,Initial cadastral creation,
EVT-003101,IN-DL-110054-6-46,2026-06-20 09:00:00,SOURCE_IMPORTED,V1,V1,INGESTION_PIPELINE,SYSTEM,4 observations linked,
EVT-003102,IN-DL-110054-6-46,2026-07-01 11:00:00,CONFLICT_DETECTED,V1,V1,CONFLICT_ENGINE,SYSTEM,3 conflicts detected,
EVT-003103,IN-DL-110054-6-46,2026-07-08 14:00:00,MATCH_PROPOSED,V1,P1,MATCHING_ENGINE,SYSTEM,Cross-source match proposed,
EVT-003104,IN-DL-110054-6-46,2026-08-06 10:00:00,EVIDENCE_ADDED,P1,P2,FIELD_SURVEY,SURVEYOR,GNSS/CORS evidence attached,
EVT-003105,IN-DL-110054-6-46,2026-09-05 11:00:00,HUMAN_REVIEW,P2,P2,REVIEW_WORKSPACE,HUMAN_REVIEWER,Legal/operational conflict requires decision,
EVT-003106,IN-DL-110054-6-47,1987-01-01 12:00:00,PARCEL_CREATED,,V1,CANONICAL_SEED,SYSTEM,Initial cadastral creation,
EVT-003107,IN-DL-110054-6-47,2026-06-20 09:00:00,SOURCE_IMPORTED,V1,V1,INGESTION_PIPELINE,SYSTEM,4 observations linked,
EVT-003108,IN-DL-110054-6-47,2026-07-08 14:00:00,MATCH_PROPOSED,V1,P1,MATCHING_ENGINE,SYSTEM,Cross-source match proposed,
EVT-003109,IN-DL-110054-6-47,2026-09-10 14:00:00,PROPOSAL_ACCEPTED,P1,V2,POLICY_GATE,AUTHORITY,Proposed state accepted,
EVT-003110,IN-DL-110054-6-47,2026-09-10 14:05:00,CANONICAL_STATE_UPDATED,V1,V2,CANONICAL_REGISTRY,SYSTEM,Authoritative state updated,
EVT-003111,IN-DL-110054-6-48,1988-01-01 12:00:00,PARCEL_CREATED,,V1,CANONICAL_SEED,SYSTEM,Initial cadastral creation,
EVT-003112,IN-DL-110054-6-48,2026-06-20 09:00:00,SOURCE_IMPORTED,V1,V1,INGESTION_PIPELINE,SYSTEM,4 observations linked,
EVT-003113,IN-DL-110054-6-48,2026-07-01 11:00:00,CONFLICT_DETECTED,V1,V1,CONFLICT_ENGINE,SYSTEM,2 conflicts detected,
EVT-003114,IN-DL-110054-6-48,2026-07-08 14:00:00,MATCH_PROPOSED,V1,P1,MATCHING_ENGINE,SYSTEM,Cross-source match proposed,
EVT-003115,IN-DL-110054-6-48,2026-08-10 12:00:00,MUTATION_RECORDED,P1,V2_BAD,MUTATION_REGISTER,AUTHORITY,Incorrect mutation temporarily accepted,
EVT-003116,IN-DL-110054-6-48,2026-08-18 16:00:00,ROLLBACK,V2_BAD,V1,GEOGIT_AUDIT,AUTHORITY,Incorrect mutation rolled back,
EVT-003117,IN-DL-110054-6-48,2026-09-10 14:00:00,PROPOSAL_ACCEPTED,P1,V2,POLICY_GATE,AUTHORITY,Proposed state accepted,
EVT-003118,IN-DL-110054-6-48,2026-09-10 14:05:00,CANONICAL_STATE_UPDATED,V1,V2,CANONICAL_REGISTRY,SYSTEM,Authoritative state updated,
EVT-003119,IN-DL-110054-6-49,1982-01-01 12:00:00,PARCEL_CREATED,,V1,CANONICAL_SEED,SYSTEM,Initial cadastral creation,
EVT-003120,IN-DL-110054-6-49,2026-06-20 09:00:00,SOURCE_IMPORTED,V1,V1,INGESTION_PIPELINE,SYSTEM,4 observations linked,
EVT-003121,IN-DL-110054-6-49,2026-07-08 14:00:00,MATCH_PROPOSED,V1,P1,MATCHING_ENGINE,SYSTEM,Cross-source match proposed,
EVT-003122,IN-DL-110054-6-49,2026-09-10 14:00:00,PROPOSAL_ACCEPTED,P1,V2,POLICY_GATE,AUTHORITY,Proposed state accepted,
EVT-003123,IN-DL-110054-6-49,2026-09-10 14:05:00,CANONICAL_STATE_UPDATED,V1,V2,CANONICAL_REGISTRY,SYSTEM,Authoritative state updated,
EVT-003124,IN-DL-110054-6-50,1983-01-01 12:00:00,PARCEL_CREATED,,V1,CANONICAL_SEED,SYSTEM,Initial cadastral creation,
EVT-003125,IN-DL-110054-6-50,2026-06-20 09:00:00,SOURCE_IMPORTED,V1,V1,INGESTION_PIPELINE,SYSTEM,4 observations linked,
EVT-003126,IN-DL-110054-6-50,2026-07-01 11:00:00,CONFLICT_DETECTED,V1,V1,CONFLICT_ENGINE,SYSTEM,1 conflicts detected,
EVT-003127,IN-DL-110054-6-50,2026-07-08 14:00:00,MATCH_PROPOSED,V1,P1,MATCHING_ENGINE,SYSTEM,Cross-source match proposed,
EVT-003128,IN-DL-110054-6-50,2026-08-06 10:00:00,EVIDENCE_ADDED,P1,P2,FIELD_SURVEY,SURVEYOR,GNSS/CORS evidence attached,
EVT-003129,IN-DL-110054-6-50,2026-09-10 14:00:00,PROPOSAL_ACCEPTED,P2,V2,POLICY_GATE,AUTHORITY,Proposed state accepted,
EVT-003130,IN-DL-110054-6-50,2026-09-10 14:05:00,CANONICAL_STATE_UPDATED,V1,V2,CANONICAL_REGISTRY,SYSTEM,Authoritative state updated,
EVT-003131,IN-DL-110054-6-51,1984-01-01 12:00:00,PARCEL_CREATED,,V1,CANONICAL_SEED,SYSTEM,Initial cadastral creation,
EVT-003132,IN-DL-110054-6-51,2026-06-20 09:00:00,SOURCE_IMPORTED,V1,V1,INGESTION_PIPELINE,SYSTEM,4 observations linked,
EVT-003133,IN-DL-110054-6-51,2026-07-08 14:00:00,MATCH_PROPOSED,V1,P1,MATCHING_ENGINE,SYSTEM,Cross-source match proposed,
EVT-003134,IN-DL-110054-6-51,2026-09-10 14:00:00,PROPOSAL_ACCEPTED,P1,V2,POLICY_GATE,AUTHORITY,Proposed state accepted,
EVT-003135,IN-DL-110054-6-51,2026-09-10 14:05:00,CANONICAL_STATE_UPDATED,V1,V2,CANONICAL_REGISTRY,SYSTEM,Authoritative state updated,
EVT-003136,IN-DL-110054-6-52,1985-01-01 12:00:00,PARCEL_CREATED,,V1,CANONICAL_SEED,SYSTEM,Initial cadastral creation,
EVT-003137,IN-DL-110054-6-52,2026-06-20 09:00:00,SOURCE_IMPORTED,V1,V1,INGESTION_PIPELINE,SYSTEM,4 observations linked,
EVT-003138,IN-DL-110054-6-52,2026-07-08 14:00:00,MATCH_PROPOSED,V1,P1,MATCHING_ENGINE,SYSTEM,Cross-source match proposed,
EVT-003139,IN-DL-110054-6-52,2026-09-10 14:00:00,PROPOSAL_ACCEPTED,P1,V2,POLICY_GATE,AUTHORITY,Proposed state accepted,
EVT-003140,IN-DL-110054-6-52,2026-09-10 14:05:00,CANONICAL_STATE_UPDATED,V1,V2,CANONICAL_REGISTRY,SYSTEM,Authoritative state updated,
EVT-003141,IN-DL-110054-6-53,1986-01-01 12:00:00,PARCEL_CREATED,,V1,CANONICAL_SEED,SYSTEM,Initial cadastral creation,
EVT-003142,IN-DL-110054-6-53,2026-06-20 09:00:00,SOURCE_IMPORTED,V1,V1,INGESTION_PIPELINE,SYSTEM,4 observations linked,
EVT-003143,IN-DL-110054-6-53,2026-07-08 14:00:00,MATCH_PROPOSED,V1,P1,MATCHING_ENGINE,SYSTEM,Cross-source match proposed,
EVT-003144,IN-DL-110054-6-53,2026-09-10 14:00:00,PROPOSAL_ACCEPTED,P1,V2,POLICY_GATE,AUTHORITY,Proposed state accepted,
EVT-003145,IN-DL-110054-6-53,2026-09-10 14:05:00,CANONICAL_STATE_UPDATED,V1,V2,CANONICAL_REGISTRY,SYSTEM,Authoritative state updated,
EVT-003146,IN-DL-110054-6-54,1987-01-01 12:00:00,PARCEL_CREATED,,V1,CANONICAL_SEED,SYSTEM,Initial cadastral creation,
EVT-003147,IN-DL-110054-6-54,2026-06-20 09:00:00,SOURCE_IMPORTED,V1,V1,INGESTION_PIPELINE,SYSTEM,4 observations linked,
EVT-003148,IN-DL-110054-6-54,2026-07-01 11:00:00,CONFLICT_DETECTED,V1,V1,CONFLICT_ENGINE,SYSTEM,1 conflicts detected,
EVT-003149,IN-DL-110054-6-54,2026-07-08 14:00:00,MATCH_PROPOSED,V1,P1,MATCHING_ENGINE,SYSTEM,Cross-source match proposed,
EVT-003150,IN-DL-110054-6-54,2026-08-06 10:00:00,EVIDENCE_ADDED,P1,P2,FIELD_SURVEY,SURVEYOR,GNSS/CORS evidence attached,
EVT-003151,IN-DL-110054-6-54,2026-09-05 12:00:00,HUMAN_REVIEW,P2,P2,REVIEW_WORKSPACE,HUMAN_REVIEWER,Additional evidence requested,
EVT-003152,IN-DL-110054-6-55,1988-01-01 12:00:00,PARCEL_CREATED,,V1,CANONICAL_SEED,SYSTEM,Initial cadastral creation,
EVT-003153,IN-DL-110054-6-55,2026-06-20 09:00:00,SOURCE_IMPORTED,V1,V1,INGESTION_PIPELINE,SYSTEM,4 observations linked,
EVT-003154,IN-DL-110054-6-55,2026-07-08 14:00:00,MATCH_PROPOSED,V1,P1,MATCHING_ENGINE,SYSTEM,Cross-source match proposed,
EVT-003155,IN-DL-110054-6-55,2026-08-06 10:00:00,EVIDENCE_ADDED,P1,P2,FIELD_SURVEY,SURVEYOR,GNSS/CORS evidence attached,
EVT-003156,IN-DL-110054-6-55,2026-09-10 14:00:00,PROPOSAL_ACCEPTED,P2,V2,POLICY_GATE,AUTHORITY,Proposed state accepted,
EVT-003157,IN-DL-110054-6-55,2026-09-10 14:05:00,CANONICAL_STATE_UPDATED,V1,V2,CANONICAL_REGISTRY,SYSTEM,Authoritative state updated,
EVT-003158,IN-DL-110054-6-56,1982-01-01 12:00:00,PARCEL_CREATED,,V1,CANONICAL_SEED,SYSTEM,Initial cadastral creation,
EVT-003159,IN-DL-110054-6-56,2026-06-20 09:00:00,SOURCE_IMPORTED,V1,V1,INGESTION_PIPELINE,SYSTEM,4 observations linked,
EVT-003160,IN-DL-110054-6-56,2026-07-08 14:00:00,MATCH_PROPOSED,V1,P1,MATCHING_ENGINE,SYSTEM,Cross-source match proposed,
EVT-003161,IN-DL-110054-6-56,2026-09-10 14:00:00,PROPOSAL_ACCEPTED,P1,V2,POLICY_GATE,AUTHORITY,Proposed state accepted,
EVT-003162,IN-DL-110054-6-56,2026-09-10 14:05:00,CANONICAL_STATE_UPDATED,V1,V2,CANONICAL_REGISTRY,SYSTEM,Authoritative state updated,
EVT-003163,IN-DL-110054-6-57,1983-01-01 12:00:00,PARCEL_CREATED,,V1,CANONICAL_SEED,SYSTEM,Initial cadastral creation,
EVT-003164,IN-DL-110054-6-57,2026-06-20 09:00:00,SOURCE_IMPORTED,V1,V1,INGESTION_PIPELINE,SYSTEM,5 observations linked,
EVT-003165,IN-DL-110054-6-57,2026-07-08 14:00:00,MATCH_PROPOSED,V1,P1,MATCHING_ENGINE,SYSTEM,Cross-source match proposed,
EVT-003166,IN-DL-110054-6-57,2026-08-06 10:00:00,EVIDENCE_ADDED,P1,P2,FIELD_SURVEY,SURVEYOR,GNSS/CORS evidence attached,
EVT-003167,IN-DL-110054-6-57,2026-09-10 14:00:00,PROPOSAL_ACCEPTED,P2,V2,POLICY_GATE,AUTHORITY,Proposed state accepted,
EVT-003168,IN-DL-110054-6-57,2026-09-10 14:05:00,CANONICAL_STATE_UPDATED,V1,V2,CANONICAL_REGISTRY,SYSTEM,Authoritative state updated,
EVT-003169,IN-DL-110054-6-58,1984-01-01 12:00:00,PARCEL_CREATED,,V1,CANONICAL_SEED,SYSTEM,Initial cadastral creation,
EVT-003170,IN-DL-110054-6-58,2026-06-20 09:00:00,SOURCE_IMPORTED,V1,V1,INGESTION_PIPELINE,SYSTEM,3 observations linked,
EVT-003171,IN-DL-110054-6-58,2026-07-01 11:00:00,CONFLICT_DETECTED,V1,V1,CONFLICT_ENGINE,SYSTEM,2 conflicts detected,
EVT-003172,IN-DL-110054-6-58,2026-07-08 14:00:00,MATCH_PROPOSED,V1,P1,MATCHING_ENGINE,SYSTEM,Cross-source match proposed,
EVT-003173,IN-DL-110054-6-58,2026-09-05 12:00:00,HUMAN_REVIEW,P1,P1,REVIEW_WORKSPACE,HUMAN_REVIEWER,Additional evidence requested,
EVT-003174,IN-DL-110054-6-59,1985-01-01 12:00:00,PARCEL_CREATED,,V1,CANONICAL_SEED,SYSTEM,Initial cadastral creation,
EVT-003175,IN-DL-110054-6-59,2026-06-20 09:00:00,SOURCE_IMPORTED,V1,V1,INGESTION_PIPELINE,SYSTEM,4 observations linked,
EVT-003176,IN-DL-110054-6-59,2026-07-08 14:00:00,MATCH_PROPOSED,V1,P1,MATCHING_ENGINE,SYSTEM,Cross-source match proposed,
EVT-003177,IN-DL-110054-6-59,2026-09-10 14:00:00,PROPOSAL_ACCEPTED,P1,V2,POLICY_GATE,AUTHORITY,Proposed state accepted,
EVT-003178,IN-DL-110054-6-59,2026-09-10 14:05:00,CANONICAL_STATE_UPDATED,V1,V2,CANONICAL_REGISTRY,SYSTEM,Authoritative state updated,
EVT-003179,IN-DL-110054-6-60,1986-01-01 12:00:00,PARCEL_CREATED,,V1,CANONICAL_SEED,SYSTEM,Initial cadastral creation,
EVT-003180,IN-DL-110054-6-60,2026-06-20 09:00:00,SOURCE_IMPORTED,V1,V1,INGESTION_PIPELINE,SYSTEM,5 observations linked,
EVT-003181,IN-DL-110054-6-60,2026-07-01 11:00:00,CONFLICT_DETECTED,V1,V1,CONFLICT_ENGINE,SYSTEM,4 conflicts detected,
EVT-003182,IN-DL-110054-6-60,2026-07-08 14:00:00,MATCH_PROPOSED,V1,P1,MATCHING_ENGINE,SYSTEM,Cross-source match proposed,
EVT-003183,IN-DL-110054-6-60,2026-08-06 10:00:00,EVIDENCE_ADDED,P1,P2,FIELD_SURVEY,SURVEYOR,GNSS/CORS evidence attached,
EVT-003184,IN-DL-110054-6-60,2026-09-10 14:00:00,PROPOSAL_ACCEPTED,P2,V2,POLICY_GATE,AUTHORITY,Proposed state accepted,
EVT-003185,IN-DL-110054-6-60,2026-09-10 14:05:00,CANONICAL_STATE_UPDATED,V1,V2,CANONICAL_REGISTRY,SYSTEM,Authoritative state updated,
EVT-003186,IN-DL-110054-6-61,1987-01-01 12:00:00,PARCEL_CREATED,,V1,CANONICAL_SEED,SYSTEM,Initial cadastral creation,
EVT-003187,IN-DL-110054-6-61,2026-06-20 09:00:00,SOURCE_IMPORTED,V1,V1,INGESTION_PIPELINE,SYSTEM,5 observations linked,
EVT-003188,IN-DL-110054-6-61,2026-07-01 11:00:00,CONFLICT_DETECTED,V1,V1,CONFLICT_ENGINE,SYSTEM,1 conflicts detected,
EVT-003189,IN-DL-110054-6-61,2026-07-08 14:00:00,MATCH_PROPOSED,V1,P1,MATCHING_ENGINE,SYSTEM,Cross-source match proposed,
EVT-003190,IN-DL-110054-6-61,2026-08-06 10:00:00,EVIDENCE_ADDED,P1,P2,FIELD_SURVEY,SURVEYOR,GNSS/CORS evidence attached,
EVT-003191,IN-DL-110054-6-61,2026-09-10 14:00:00,PROPOSAL_ACCEPTED,P2,V2,POLICY_GATE,AUTHORITY,Proposed state accepted,
EVT-003192,IN-DL-110054-6-61,2026-09-10 14:05:00,CANONICAL_STATE_UPDATED,V1,V2,CANONICAL_REGISTRY,SYSTEM,Authoritative state updated,
EVT-003193,IN-DL-110054-6-62,1988-01-01 12:00:00,PARCEL_CREATED,,V1,CANONICAL_SEED,SYSTEM,Initial cadastral creation,
EVT-003194,IN-DL-110054-6-62,2026-06-20 09:00:00,SOURCE_IMPORTED,V1,V1,INGESTION_PIPELINE,SYSTEM,4 observations linked,
EVT-003195,IN-DL-110054-6-62,2026-07-08 14:00:00,MATCH_PROPOSED,V1,P1,MATCHING_ENGINE,SYSTEM,Cross-source match proposed,
EVT-003196,IN-DL-110054-6-62,2026-09-10 14:00:00,PROPOSAL_ACCEPTED,P1,V2,POLICY_GATE,AUTHORITY,Proposed state accepted,
EVT-003197,IN-DL-110054-6-62,2026-09-10 14:05:00,CANONICAL_STATE_UPDATED,V1,V2,CANONICAL_REGISTRY,SYSTEM,Authoritative state updated,
EVT-003198,IN-DL-110054-6-63,1982-01-01 12:00:00,PARCEL_CREATED,,V1,CANONICAL_SEED,SYSTEM,Initial cadastral creation,
EVT-003199,IN-DL-110054-6-63,2026-06-20 09:00:00,SOURCE_IMPORTED,V1,V1,INGESTION_PIPELINE,SYSTEM,4 observations linked,
EVT-003200,IN-DL-110054-6-63,2026-07-08 14:00:00,MATCH_PROPOSED,V1,P1,MATCHING_ENGINE,SYSTEM,Cross-source match proposed,
EVT-003201,IN-DL-110054-6-63,2026-09-10 14:00:00,PROPOSAL_ACCEPTED,P1,V2,POLICY_GATE,AUTHORITY,Proposed state accepted,
EVT-003202,IN-DL-110054-6-63,2026-09-10 14:05:00,CANONICAL_STATE_UPDATED,V1,V2,CANONICAL_REGISTRY,SYSTEM,Authoritative state updated,
EVT-003203,IN-DL-110054-6-64,1983-01-01 12:00:00,PARCEL_CREATED,,V1,CANONICAL_SEED,SYSTEM,Initial cadastral creation,
EVT-003204,IN-DL-110054-6-64,2026-06-20 09:00:00,SOURCE_IMPORTED,V1,V1,INGESTION_PIPELINE,SYSTEM,3 observations linked,
EVT-003205,IN-DL-110054-6-64,2026-07-01 11:00:00,CONFLICT_DETECTED,V1,V1,CONFLICT_ENGINE,SYSTEM,1 conflicts detected,
EVT-003206,IN-DL-110054-6-64,2026-07-08 14:00:00,MATCH_PROPOSED,V1,P1,MATCHING_ENGINE,SYSTEM,Cross-source match proposed,
EVT-003207,IN-DL-110054-6-64,2026-09-05 12:00:00,HUMAN_REVIEW,P1,P1,REVIEW_WORKSPACE,HUMAN_REVIEWER,Additional evidence requested,
EVT-003208,IN-DL-110054-6-65,1984-01-01 12:00:00,PARCEL_CREATED,,V1,CANONICAL_SEED,SYSTEM,Initial cadastral creation,
EVT-003209,IN-DL-110054-6-65,2026-06-20 09:00:00,SOURCE_IMPORTED,V1,V1,INGESTION_PIPELINE,SYSTEM,3 observations linked,
EVT-003210,IN-DL-110054-6-65,2026-07-01 11:00:00,CONFLICT_DETECTED,V1,V1,CONFLICT_ENGINE,SYSTEM,1 conflicts detected,
EVT-003211,IN-DL-110054-6-65,2026-07-08 14:00:00,MATCH_PROPOSED,V1,P1,MATCHING_ENGINE,SYSTEM,Cross-source match proposed,
EVT-003212,IN-DL-110054-6-65,2026-09-05 12:00:00,HUMAN_REVIEW,P1,P1,REVIEW_WORKSPACE,HUMAN_REVIEWER,Additional evidence requested,
EVT-003213,IN-DL-110054-6-66,1985-01-01 12:00:00,PARCEL_CREATED,,V1,CANONICAL_SEED,SYSTEM,Initial cadastral creation,
EVT-003214,IN-DL-110054-6-66,2026-06-20 09:00:00,SOURCE_IMPORTED,V1,V1,INGESTION_PIPELINE,SYSTEM,2 observations linked,
EVT-003215,IN-DL-110054-6-66,2026-07-08 14:00:00,MATCH_PROPOSED,V1,P1,MATCHING_ENGINE,SYSTEM,Cross-source match proposed,
EVT-003216,IN-DL-110054-6-66,2026-09-10 14:00:00,PROPOSAL_ACCEPTED,P1,V2,POLICY_GATE,AUTHORITY,Proposed state accepted,
EVT-003217,IN-DL-110054-6-66,2026-09-10 14:05:00,CANONICAL_STATE_UPDATED,V1,V2,CANONICAL_REGISTRY,SYSTEM,Authoritative state updated,
EVT-003218,IN-DL-110054-6-67,1986-01-01 12:00:00,PARCEL_CREATED,,V1,CANONICAL_SEED,SYSTEM,Initial cadastral creation,
EVT-003219,IN-DL-110054-6-67,2026-06-20 09:00:00,SOURCE_IMPORTED,V1,V1,INGESTION_PIPELINE,SYSTEM,4 observations linked,
EVT-003220,IN-DL-110054-6-67,2026-07-08 14:00:00,MATCH_PROPOSED,V1,P1,MATCHING_ENGINE,SYSTEM,Cross-source match proposed,
EVT-003221,IN-DL-110054-6-67,2026-09-10 14:00:00,PROPOSAL_ACCEPTED,P1,V2,POLICY_GATE,AUTHORITY,Proposed state accepted,
EVT-003222,IN-DL-110054-6-67,2026-09-10 14:05:00,CANONICAL_STATE_UPDATED,V1,V2,CANONICAL_REGISTRY,SYSTEM,Authoritative state updated,
EVT-003223,IN-DL-110054-6-68,1987-01-01 12:00:00,PARCEL_CREATED,,V1,CANONICAL_SEED,SYSTEM,Initial cadastral creation,
EVT-003224,IN-DL-110054-6-68,2026-06-20 09:00:00,SOURCE_IMPORTED,V1,V1,INGESTION_PIPELINE,SYSTEM,4 observations linked,
EVT-003225,IN-DL-110054-6-68,2026-07-08 14:00:00,MATCH_PROPOSED,V1,P1,MATCHING_ENGINE,SYSTEM,Cross-source match proposed,
EVT-003226,IN-DL-110054-6-68,2026-09-10 14:00:00,PROPOSAL_ACCEPTED,P1,V2,POLICY_GATE,AUTHORITY,Proposed state accepted,
EVT-003227,IN-DL-110054-6-68,2026-09-10 14:05:00,CANONICAL_STATE_UPDATED,V1,V2,CANONICAL_REGISTRY,SYSTEM,Authoritative state updated,
EVT-003228,IN-DL-110054-6-69,1988-01-01 12:00:00,PARCEL_CREATED,,V1,CANONICAL_SEED,SYSTEM,Initial cadastral creation,
EVT-003229,IN-DL-110054-6-69,2026-06-20 09:00:00,SOURCE_IMPORTED,V1,V1,INGESTION_PIPELINE,SYSTEM,5 observations linked,
EVT-003230,IN-DL-110054-6-69,2026-07-01 11:00:00,CONFLICT_DETECTED,V1,V1,CONFLICT_ENGINE,SYSTEM,1 conflicts detected,
EVT-003231,IN-DL-110054-6-69,2026-07-08 14:00:00,MATCH_PROPOSED,V1,P1,MATCHING_ENGINE,SYSTEM,Cross-source match proposed,
EVT-003232,IN-DL-110054-6-69,2026-08-06 10:00:00,EVIDENCE_ADDED,P1,P2,FIELD_SURVEY,SURVEYOR,GNSS/CORS evidence attached,
EVT-003233,IN-DL-110054-6-69,2026-09-05 11:00:00,HUMAN_REVIEW,P2,P2,REVIEW_WORKSPACE,HUMAN_REVIEWER,Legal/operational conflict requires decision,
EVT-003234,IN-DL-110054-6-70,1982-01-01 12:00:00,PARCEL_CREATED,,V1,CANONICAL_SEED,SYSTEM,Initial cadastral creation,
EVT-003235,IN-DL-110054-6-70,2026-06-20 09:00:00,SOURCE_IMPORTED,V1,V1,INGESTION_PIPELINE,SYSTEM,4 observations linked,
EVT-003236,IN-DL-110054-6-70,2026-07-01 11:00:00,CONFLICT_DETECTED,V1,V1,CONFLICT_ENGINE,SYSTEM,1 conflicts detected,
EVT-003237,IN-DL-110054-6-70,2026-07-08 14:00:00,MATCH_PROPOSED,V1,P1,MATCHING_ENGINE,SYSTEM,Cross-source match proposed,
EVT-003238,IN-DL-110054-6-70,2026-08-06 10:00:00,EVIDENCE_ADDED,P1,P2,FIELD_SURVEY,SURVEYOR,GNSS/CORS evidence attached,
EVT-003239,IN-DL-110054-6-70,2026-09-10 14:00:00,PROPOSAL_ACCEPTED,P2,V2,POLICY_GATE,AUTHORITY,Proposed state accepted,
EVT-003240,IN-DL-110054-6-70,2026-09-10 14:05:00,CANONICAL_STATE_UPDATED,V1,V2,CANONICAL_REGISTRY,SYSTEM,Authoritative state updated,
EVT-003241,IN-DL-110054-6-71,1983-01-01 12:00:00,PARCEL_CREATED,,V1,CANONICAL_SEED,SYSTEM,Initial cadastral creation,
EVT-003242,IN-DL-110054-6-71,2026-06-20 09:00:00,SOURCE_IMPORTED,V1,V1,INGESTION_PIPELINE,SYSTEM,3 observations linked,
EVT-003243,IN-DL-110054-6-71,2026-07-08 14:00:00,MATCH_PROPOSED,V1,P1,MATCHING_ENGINE,SYSTEM,Cross-source match proposed,
EVT-003244,IN-DL-110054-6-71,2026-09-10 14:00:00,PROPOSAL_ACCEPTED,P1,V2,POLICY_GATE,AUTHORITY,Proposed state accepted,
EVT-003245,IN-DL-110054-6-71,2026-09-10 14:05:00,CANONICAL_STATE_UPDATED,V1,V2,CANONICAL_REGISTRY,SYSTEM,Authoritative state updated,
EVT-003246,IN-DL-110054-6-72,1984-01-01 12:00:00,PARCEL_CREATED,,V1,CANONICAL_SEED,SYSTEM,Initial cadastral creation,
EVT-003247,IN-DL-110054-6-72,2026-06-20 09:00:00,SOURCE_IMPORTED,V1,V1,INGESTION_PIPELINE,SYSTEM,3 observations linked,
EVT-003248,IN-DL-110054-6-72,2026-07-01 11:00:00,CONFLICT_DETECTED,V1,V1,CONFLICT_ENGINE,SYSTEM,1 conflicts detected,
EVT-003249,IN-DL-110054-6-72,2026-07-08 14:00:00,MATCH_PROPOSED,V1,P1,MATCHING_ENGINE,SYSTEM,Cross-source match proposed,
EVT-003250,IN-DL-110054-6-72,2026-09-10 14:00:00,PROPOSAL_ACCEPTED,P1,V2,POLICY_GATE,AUTHORITY,Proposed state accepted,
EVT-003251,IN-DL-110054-6-72,2026-09-10 14:05:00,CANONICAL_STATE_UPDATED,V1,V2,CANONICAL_REGISTRY,SYSTEM,Authoritative state updated,
EVT-003252,IN-DL-110054-6-73,1985-01-01 12:00:00,PARCEL_CREATED,,V1,CANONICAL_SEED,SYSTEM,Initial cadastral creation,
EVT-003253,IN-DL-110054-6-73,2026-06-20 09:00:00,SOURCE_IMPORTED,V1,V1,INGESTION_PIPELINE,SYSTEM,4 observations linked,
EVT-003254,IN-DL-110054-6-73,2026-07-01 11:00:00,CONFLICT_DETECTED,V1,V1,CONFLICT_ENGINE,SYSTEM,1 conflicts detected,
EVT-003255,IN-DL-110054-6-73,2026-07-08 14:00:00,MATCH_PROPOSED,V1,P1,MATCHING_ENGINE,SYSTEM,Cross-source match proposed,
EVT-003256,IN-DL-110054-6-73,2026-09-05 11:00:00,HUMAN_REVIEW,P1,P2,REVIEW_WORKSPACE,HUMAN_REVIEWER,Legal/operational conflict requires decision,
EVT-003257,IN-DL-110054-6-74,1986-01-01 12:00:00,PARCEL_CREATED,,V1,CANONICAL_SEED,SYSTEM,Initial cadastral creation,
EVT-003258,IN-DL-110054-6-74,2026-06-20 09:00:00,SOURCE_IMPORTED,V1,V1,INGESTION_PIPELINE,SYSTEM,4 observations linked,
EVT-003259,IN-DL-110054-6-74,2026-07-01 11:00:00,CONFLICT_DETECTED,V1,V1,CONFLICT_ENGINE,SYSTEM,1 conflicts detected,
EVT-003260,IN-DL-110054-6-74,2026-07-08 14:00:00,MATCH_PROPOSED,V1,P1,MATCHING_ENGINE,SYSTEM,Cross-source match proposed,
EVT-003261,IN-DL-110054-6-74,2026-09-05 12:00:00,HUMAN_REVIEW,P1,P1,REVIEW_WORKSPACE,HUMAN_REVIEWER,Additional evidence requested,
EVT-003262,IN-DL-110054-6-75,1987-01-01 12:00:00,PARCEL_CREATED,,V1,CANONICAL_SEED,SYSTEM,Initial cadastral creation,
EVT-003263,IN-DL-110054-6-75,2026-06-20 09:00:00,SOURCE_IMPORTED,V1,V1,INGESTION_PIPELINE,SYSTEM,4 observations linked,
EVT-003264,IN-DL-110054-6-75,2026-07-01 11:00:00,CONFLICT_DETECTED,V1,V1,CONFLICT_ENGINE,SYSTEM,1 conflicts detected,
EVT-003265,IN-DL-110054-6-75,2026-07-08 14:00:00,MATCH_PROPOSED,V1,P1,MATCHING_ENGINE,SYSTEM,Cross-source match proposed,
EVT-003266,IN-DL-110054-6-75,2026-09-10 14:00:00,PROPOSAL_ACCEPTED,P1,V2,POLICY_GATE,AUTHORITY,Proposed state accepted,
EVT-003267,IN-DL-110054-6-75,2026-09-10 14:05:00,CANONICAL_STATE_UPDATED,V1,V2,CANONICAL_REGISTRY,SYSTEM,Authoritative state updated,
EVT-003268,IN-DL-110054-6-76,1988-01-01 12:00:00,PARCEL_CREATED,,V1,CANONICAL_SEED,SYSTEM,Initial cadastral creation,
EVT-003269,IN-DL-110054-6-76,2026-06-20 09:00:00,SOURCE_IMPORTED,V1,V1,INGESTION_PIPELINE,SYSTEM,3 observations linked,
EVT-003270,IN-DL-110054-6-76,2026-07-08 14:00:00,MATCH_PROPOSED,V1,P1,MATCHING_ENGINE,SYSTEM,Cross-source match proposed,
EVT-003271,IN-DL-110054-6-76,2026-09-10 14:00:00,PROPOSAL_ACCEPTED,P1,V2,POLICY_GATE,AUTHORITY,Proposed state accepted,
EVT-003272,IN-DL-110054-6-76,2026-09-10 14:05:00,CANONICAL_STATE_UPDATED,V1,V2,CANONICAL_REGISTRY,SYSTEM,Authoritative state updated,
EVT-003273,IN-DL-110054-6-77,1982-01-01 12:00:00,PARCEL_CREATED,,V1,CANONICAL_SEED,SYSTEM,Initial cadastral creation,
EVT-003274,IN-DL-110054-6-77,2026-06-20 09:00:00,SOURCE_IMPORTED,V1,V1,INGESTION_PIPELINE,SYSTEM,5 observations linked,
EVT-003275,IN-DL-110054-6-77,2026-07-08 14:00:00,MATCH_PROPOSED,V1,P1,MATCHING_ENGINE,SYSTEM,Cross-source match proposed,
EVT-003276,IN-DL-110054-6-77,2026-08-06 10:00:00,EVIDENCE_ADDED,P1,P2,FIELD_SURVEY,SURVEYOR,GNSS/CORS evidence attached,
EVT-003277,IN-DL-110054-6-77,2026-09-10 14:00:00,PROPOSAL_ACCEPTED,P2,V2,POLICY_GATE,AUTHORITY,Proposed state accepted,
EVT-003278,IN-DL-110054-6-77,2026-09-10 14:05:00,CANONICAL_STATE_UPDATED,V1,V2,CANONICAL_REGISTRY,SYSTEM,Authoritative state updated,
EVT-003279,IN-DL-110054-6-78,1983-01-01 12:00:00,PARCEL_CREATED,,V1,CANONICAL_SEED,SYSTEM,Initial cadastral creation,
EVT-003280,IN-DL-110054-6-78,2026-06-20 09:00:00,SOURCE_IMPORTED,V1,V1,INGESTION_PIPELINE,SYSTEM,3 observations linked,
EVT-003281,IN-DL-110054-6-78,2026-07-08 14:00:00,MATCH_PROPOSED,V1,P1,MATCHING_ENGINE,SYSTEM,Cross-source match proposed,
EVT-003282,IN-DL-110054-6-78,2026-09-10 14:00:00,PROPOSAL_ACCEPTED,P1,V2,POLICY_GATE,AUTHORITY,Proposed state accepted,
EVT-003283,IN-DL-110054-6-78,2026-09-10 14:05:00,CANONICAL_STATE_UPDATED,V1,V2,CANONICAL_REGISTRY,SYSTEM,Authoritative state updated,
EVT-003284,IN-DL-110054-6-79,1984-01-01 12:00:00,PARCEL_CREATED,,V1,CANONICAL_SEED,SYSTEM,Initial cadastral creation,
EVT-003285,IN-DL-110054-6-79,2026-06-20 09:00:00,SOURCE_IMPORTED,V1,V1,INGESTION_PIPELINE,SYSTEM,4 observations linked,
EVT-003286,IN-DL-110054-6-79,2026-07-01 11:00:00,CONFLICT_DETECTED,V1,V1,CONFLICT_ENGINE,SYSTEM,3 conflicts detected,
EVT-003287,IN-DL-110054-6-79,2026-07-08 14:00:00,MATCH_PROPOSED,V1,P1,MATCHING_ENGINE,SYSTEM,Cross-source match proposed,
EVT-003288,IN-DL-110054-6-79,2026-09-05 12:00:00,HUMAN_REVIEW,P1,P1,REVIEW_WORKSPACE,HUMAN_REVIEWER,Additional evidence requested,
EVT-003289,IN-DL-110054-6-80,1985-01-01 12:00:00,PARCEL_CREATED,,V1,CANONICAL_SEED,SYSTEM,Initial cadastral creation,
EVT-003290,IN-DL-110054-6-80,2026-06-20 09:00:00,SOURCE_IMPORTED,V1,V1,INGESTION_PIPELINE,SYSTEM,3 observations linked,
EVT-003291,IN-DL-110054-6-80,2026-07-01 11:00:00,CONFLICT_DETECTED,V1,V1,CONFLICT_ENGINE,SYSTEM,1 conflicts detected,
EVT-003292,IN-DL-110054-6-80,2026-07-08 14:00:00,MATCH_PROPOSED,V1,P1,MATCHING_ENGINE,SYSTEM,Cross-source match proposed,
EVT-003293,IN-DL-110054-6-80,2026-09-10 14:00:00,PROPOSAL_ACCEPTED,P1,V2,POLICY_GATE,AUTHORITY,Proposed state accepted,
EVT-003294,IN-DL-110054-6-80,2026-09-10 14:05:00,CANONICAL_STATE_UPDATED,V1,V2,CANONICAL_REGISTRY,SYSTEM,Authoritative state updated,
EVT-003295,IN-DL-110054-6-81,1986-01-01 12:00:00,PARCEL_CREATED,,V1,CANONICAL_SEED,SYSTEM,Initial cadastral creation,
EVT-003296,IN-DL-110054-6-81,2026-06-20 09:00:00,SOURCE_IMPORTED,V1,V1,INGESTION_PIPELINE,SYSTEM,4 observations linked,
EVT-003297,IN-DL-110054-6-81,2026-07-08 14:00:00,MATCH_PROPOSED,V1,P1,MATCHING_ENGINE,SYSTEM,Cross-source match proposed,
EVT-003298,IN-DL-110054-6-81,2026-09-10 14:00:00,PROPOSAL_ACCEPTED,P1,V2,POLICY_GATE,AUTHORITY,Proposed state accepted,
EVT-003299,IN-DL-110054-6-81,2026-09-10 14:05:00,CANONICAL_STATE_UPDATED,V1,V2,CANONICAL_REGISTRY,SYSTEM,Authoritative state updated,
EVT-003300,IN-DL-110054-6-82,1987-01-01 12:00:00,PARCEL_CREATED,,V1,CANONICAL_SEED,SYSTEM,Initial cadastral creation,
EVT-003301,IN-DL-110054-6-82,2026-06-20 09:00:00,SOURCE_IMPORTED,V1,V1,INGESTION_PIPELINE,SYSTEM,3 observations linked,
EVT-003302,IN-DL-110054-6-82,2026-07-08 14:00:00,MATCH_PROPOSED,V1,P1,MATCHING_ENGINE,SYSTEM,Cross-source match proposed,
EVT-003303,IN-DL-110054-6-82,2026-09-10 14:00:00,PROPOSAL_ACCEPTED,P1,V2,POLICY_GATE,AUTHORITY,Proposed state accepted,
EVT-003304,IN-DL-110054-6-82,2026-09-10 14:05:00,CANONICAL_STATE_UPDATED,V1,V2,CANONICAL_REGISTRY,SYSTEM,Authoritative state updated,
EVT-003305,IN-DL-110054-6-83,1988-01-01 12:00:00,PARCEL_CREATED,,V1,CANONICAL_SEED,SYSTEM,Initial cadastral creation,
EVT-003306,IN-DL-110054-6-83,2026-06-20 09:00:00,SOURCE_IMPORTED,V1,V1,INGESTION_PIPELINE,SYSTEM,5 observations linked,
EVT-003307,IN-DL-110054-6-83,2026-07-08 14:00:00,MATCH_PROPOSED,V1,P1,MATCHING_ENGINE,SYSTEM,Cross-source match proposed,
EVT-003308,IN-DL-110054-6-83,2026-08-06 10:00:00,EVIDENCE_ADDED,P1,P2,FIELD_SURVEY,SURVEYOR,GNSS/CORS evidence attached,
EVT-003309,IN-DL-110054-6-83,2026-09-10 14:00:00,PROPOSAL_ACCEPTED,P2,V2,POLICY_GATE,AUTHORITY,Proposed state accepted,
EVT-003310,IN-DL-110054-6-83,2026-09-10 14:05:00,CANONICAL_STATE_UPDATED,V1,V2,CANONICAL_REGISTRY,SYSTEM,Authoritative state updated,
EVT-003311,IN-DL-110054-6-84,1982-01-01 12:00:00,PARCEL_CREATED,,V1,CANONICAL_SEED,SYSTEM,Initial cadastral creation,
EVT-003312,IN-DL-110054-6-84,2026-06-20 09:00:00,SOURCE_IMPORTED,V1,V1,INGESTION_PIPELINE,SYSTEM,4 observations linked,
EVT-003313,IN-DL-110054-6-84,2026-07-01 11:00:00,CONFLICT_DETECTED,V1,V1,CONFLICT_ENGINE,SYSTEM,1 conflicts detected,
EVT-003314,IN-DL-110054-6-84,2026-07-08 14:00:00,MATCH_PROPOSED,V1,P1,MATCHING_ENGINE,SYSTEM,Cross-source match proposed,
EVT-003315,IN-DL-110054-6-84,2026-09-10 14:00:00,PROPOSAL_ACCEPTED,P1,V2,POLICY_GATE,AUTHORITY,Proposed state accepted,
EVT-003316,IN-DL-110054-6-84,2026-09-10 14:05:00,CANONICAL_STATE_UPDATED,V1,V2,CANONICAL_REGISTRY,SYSTEM,Authoritative state updated,
EVT-003317,IN-DL-110054-6-85,1983-01-01 12:00:00,PARCEL_CREATED,,V1,CANONICAL_SEED,SYSTEM,Initial cadastral creation,
EVT-003318,IN-DL-110054-6-85,2026-06-20 09:00:00,SOURCE_IMPORTED,V1,V1,INGESTION_PIPELINE,SYSTEM,5 observations linked,
EVT-003319,IN-DL-110054-6-85,2026-07-08 14:00:00,MATCH_PROPOSED,V1,P1,MATCHING_ENGINE,SYSTEM,Cross-source match proposed,
EVT-003320,IN-DL-110054-6-85,2026-08-06 10:00:00,EVIDENCE_ADDED,P1,P2,FIELD_SURVEY,SURVEYOR,GNSS/CORS evidence attached,
EVT-003321,IN-DL-110054-6-85,2026-09-10 14:00:00,PROPOSAL_ACCEPTED,P2,V2,POLICY_GATE,AUTHORITY,Proposed state accepted,
EVT-003322,IN-DL-110054-6-85,2026-09-10 14:05:00,CANONICAL_STATE_UPDATED,V1,V2,CANONICAL_REGISTRY,SYSTEM,Authoritative state updated,
EVT-003323,IN-DL-110054-6-86,1984-01-01 12:00:00,PARCEL_CREATED,,V1,CANONICAL_SEED,SYSTEM,Initial cadastral creation,
EVT-003324,IN-DL-110054-6-86,2026-06-20 09:00:00,SOURCE_IMPORTED,V1,V1,INGESTION_PIPELINE,SYSTEM,4 observations linked,
EVT-003325,IN-DL-110054-6-86,2026-07-01 11:00:00,CONFLICT_DETECTED,V1,V1,CONFLICT_ENGINE,SYSTEM,1 conflicts detected,
EVT-003326,IN-DL-110054-6-86,2026-07-08 14:00:00,MATCH_PROPOSED,V1,P1,MATCHING_ENGINE,SYSTEM,Cross-source match proposed,
EVT-003327,IN-DL-110054-6-86,2026-09-05 12:00:00,HUMAN_REVIEW,P1,P1,REVIEW_WORKSPACE,HUMAN_REVIEWER,Additional evidence requested,
EVT-003328,IN-DL-110054-6-87,1985-01-01 12:00:00,PARCEL_CREATED,,V1,CANONICAL_SEED,SYSTEM,Initial cadastral creation,
EVT-003329,IN-DL-110054-6-87,2026-06-20 09:00:00,SOURCE_IMPORTED,V1,V1,INGESTION_PIPELINE,SYSTEM,4 observations linked,
EVT-003330,IN-DL-110054-6-87,2026-07-08 14:00:00,MATCH_PROPOSED,V1,P1,MATCHING_ENGINE,SYSTEM,Cross-source match proposed,
EVT-003331,IN-DL-110054-6-87,2026-09-10 14:00:00,PROPOSAL_ACCEPTED,P1,V2,POLICY_GATE,AUTHORITY,Proposed state accepted,
EVT-003332,IN-DL-110054-6-87,2026-09-10 14:05:00,CANONICAL_STATE_UPDATED,V1,V2,CANONICAL_REGISTRY,SYSTEM,Authoritative state updated,
EVT-003333,IN-DL-110054-6-88,1986-01-01 12:00:00,PARCEL_CREATED,,V1,CANONICAL_SEED,SYSTEM,Initial cadastral creation,
EVT-003334,IN-DL-110054-6-88,2026-06-20 09:00:00,SOURCE_IMPORTED,V1,V1,INGESTION_PIPELINE,SYSTEM,4 observations linked,
EVT-003335,IN-DL-110054-6-88,2026-07-08 14:00:00,MATCH_PROPOSED,V1,P1,MATCHING_ENGINE,SYSTEM,Cross-source match proposed,
EVT-003336,IN-DL-110054-6-88,2026-08-06 10:00:00,EVIDENCE_ADDED,P1,P2,FIELD_SURVEY,SURVEYOR,GNSS/CORS evidence attached,
EVT-003337,IN-DL-110054-6-88,2026-09-10 14:00:00,PROPOSAL_ACCEPTED,P2,V2,POLICY_GATE,AUTHORITY,Proposed state accepted,
EVT-003338,IN-DL-110054-6-88,2026-09-10 14:05:00,CANONICAL_STATE_UPDATED,V1,V2,CANONICAL_REGISTRY,SYSTEM,Authoritative state updated,
EVT-003339,IN-DL-110054-6-89,1987-01-01 12:00:00,PARCEL_CREATED,,V1,CANONICAL_SEED,SYSTEM,Initial cadastral creation,
EVT-003340,IN-DL-110054-6-89,2026-06-20 09:00:00,SOURCE_IMPORTED,V1,V1,INGESTION_PIPELINE,SYSTEM,5 observations linked,
EVT-003341,IN-DL-110054-6-89,2026-07-01 11:00:00,CONFLICT_DETECTED,V1,V1,CONFLICT_ENGINE,SYSTEM,1 conflicts detected,
EVT-003342,IN-DL-110054-6-89,2026-07-08 14:00:00,MATCH_PROPOSED,V1,P1,MATCHING_ENGINE,SYSTEM,Cross-source match proposed,
EVT-003343,IN-DL-110054-6-89,2026-08-06 10:00:00,EVIDENCE_ADDED,P1,P2,FIELD_SURVEY,SURVEYOR,GNSS/CORS evidence attached,
EVT-003344,IN-DL-110054-6-89,2026-09-05 11:00:00,HUMAN_REVIEW,P2,P2,REVIEW_WORKSPACE,HUMAN_REVIEWER,Legal/operational conflict requires decision,
EVT-003345,IN-DL-110054-6-90,1988-01-01 12:00:00,PARCEL_CREATED,,V1,CANONICAL_SEED,SYSTEM,Initial cadastral creation,
EVT-003346,IN-DL-110054-6-90,2026-06-20 09:00:00,SOURCE_IMPORTED,V1,V1,INGESTION_PIPELINE,SYSTEM,4 observations linked,
EVT-003347,IN-DL-110054-6-90,2026-07-01 11:00:00,CONFLICT_DETECTED,V1,V1,CONFLICT_ENGINE,SYSTEM,3 conflicts detected,
EVT-003348,IN-DL-110054-6-90,2026-07-08 14:00:00,MATCH_PROPOSED,V1,P1,MATCHING_ENGINE,SYSTEM,Cross-source match proposed,
EVT-003349,IN-DL-110054-6-90,2026-09-10 14:00:00,PROPOSAL_ACCEPTED,P1,V2,POLICY_GATE,AUTHORITY,Proposed state accepted,
EVT-003350,IN-DL-110054-6-90,2026-09-10 14:05:00,CANONICAL_STATE_UPDATED,V1,V2,CANONICAL_REGISTRY,SYSTEM,Authoritative state updated,
EVT-003351,IN-DL-110054-6-91,2014-03-15 12:00:00,PARCEL_CREATED,,V1,CANONICAL_SEED,SYSTEM,Created from lineage,IN-DL-110054-6-101
EVT-003352,IN-DL-110054-6-91,2026-06-20 09:00:00,SOURCE_IMPORTED,V1,V1,INGESTION_PIPELINE,SYSTEM,4 observations linked,
EVT-003353,IN-DL-110054-6-91,2026-07-08 14:00:00,MATCH_PROPOSED,V1,P1,MATCHING_ENGINE,SYSTEM,Cross-source match proposed,
EVT-003354,IN-DL-110054-6-91,2026-09-10 14:00:00,PROPOSAL_ACCEPTED,P1,V2,POLICY_GATE,AUTHORITY,Proposed state accepted,
EVT-003355,IN-DL-110054-6-91,2026-09-10 14:05:00,CANONICAL_STATE_UPDATED,V1,V2,CANONICAL_REGISTRY,SYSTEM,Authoritative state updated,
EVT-003356,IN-DL-110054-6-92,2014-03-15 12:00:00,PARCEL_CREATED,,V1,CANONICAL_SEED,SYSTEM,Created from lineage,IN-DL-110054-6-101
EVT-003357,IN-DL-110054-6-92,2026-06-20 09:00:00,SOURCE_IMPORTED,V1,V1,INGESTION_PIPELINE,SYSTEM,4 observations linked,
EVT-003358,IN-DL-110054-6-92,2026-07-08 14:00:00,MATCH_PROPOSED,V1,P1,MATCHING_ENGINE,SYSTEM,Cross-source match proposed,
EVT-003359,IN-DL-110054-6-92,2026-09-10 14:00:00,PROPOSAL_ACCEPTED,P1,V2,POLICY_GATE,AUTHORITY,Proposed state accepted,
EVT-003360,IN-DL-110054-6-92,2026-09-10 14:05:00,CANONICAL_STATE_UPDATED,V1,V2,CANONICAL_REGISTRY,SYSTEM,Authoritative state updated,
EVT-003361,IN-DL-110054-6-93,2016-07-10 12:00:00,PARCEL_CREATED,,V1,CANONICAL_SEED,SYSTEM,Created from lineage,IN-DL-110054-6-102;IN-DL-110054-6-103
EVT-003362,IN-DL-110054-6-93,2026-06-20 09:00:00,SOURCE_IMPORTED,V1,V1,INGESTION_PIPELINE,SYSTEM,5 observations linked,
EVT-003363,IN-DL-110054-6-93,2026-07-01 11:00:00,CONFLICT_DETECTED,V1,V1,CONFLICT_ENGINE,SYSTEM,1 conflicts detected,
EVT-003364,IN-DL-110054-6-93,2026-07-08 14:00:00,MATCH_PROPOSED,V1,P1,MATCHING_ENGINE,SYSTEM,Cross-source match proposed,
EVT-003365,IN-DL-110054-6-93,2026-08-06 10:00:00,EVIDENCE_ADDED,P1,P2,FIELD_SURVEY,SURVEYOR,GNSS/CORS evidence attached,
EVT-003366,IN-DL-110054-6-93,2026-09-05 12:00:00,HUMAN_REVIEW,P2,P2,REVIEW_WORKSPACE,HUMAN_REVIEWER,Additional evidence requested,
EVT-003367,IN-DL-110054-6-94,2017-11-05 12:00:00,PARCEL_CREATED,,V1,CANONICAL_SEED,SYSTEM,Created from lineage,IN-DL-110054-6-104;IN-DL-110054-6-105;IN-DL-110054-6-106
EVT-003368,IN-DL-110054-6-94,2026-06-20 09:00:00,SOURCE_IMPORTED,V1,V1,INGESTION_PIPELINE,SYSTEM,5 observations linked,
EVT-003369,IN-DL-110054-6-94,2026-07-01 11:00:00,CONFLICT_DETECTED,V1,V1,CONFLICT_ENGINE,SYSTEM,1 conflicts detected,
EVT-003370,IN-DL-110054-6-94,2026-07-08 14:00:00,MATCH_PROPOSED,V1,P1,MATCHING_ENGINE,SYSTEM,Cross-source match proposed,
EVT-003371,IN-DL-110054-6-94,2026-08-06 10:00:00,EVIDENCE_ADDED,P1,P2,FIELD_SURVEY,SURVEYOR,GNSS/CORS evidence attached,
EVT-003372,IN-DL-110054-6-94,2026-09-05 12:00:00,HUMAN_REVIEW,P2,P2,REVIEW_WORKSPACE,HUMAN_REVIEWER,Additional evidence requested,
EVT-003373,IN-DL-110054-6-95,1986-01-01 12:00:00,PARCEL_CREATED,,V1,CANONICAL_SEED,SYSTEM,Initial cadastral creation,
EVT-003374,IN-DL-110054-6-95,2026-06-20 09:00:00,SOURCE_IMPORTED,V1,V1,INGESTION_PIPELINE,SYSTEM,5 observations linked,
EVT-003375,IN-DL-110054-6-95,2026-07-08 14:00:00,MATCH_PROPOSED,V1,P1,MATCHING_ENGINE,SYSTEM,Cross-source match proposed,
EVT-003376,IN-DL-110054-6-95,2026-09-10 14:00:00,PROPOSAL_ACCEPTED,P1,V2,POLICY_GATE,AUTHORITY,Proposed state accepted,
EVT-003377,IN-DL-110054-6-95,2026-09-10 14:05:00,CANONICAL_STATE_UPDATED,V1,V2,CANONICAL_REGISTRY,SYSTEM,Authoritative state updated,
EVT-003378,IN-DL-110054-6-96,1987-01-01 12:00:00,PARCEL_CREATED,,V1,CANONICAL_SEED,SYSTEM,Initial cadastral creation,
EVT-003379,IN-DL-110054-6-96,2026-06-20 09:00:00,SOURCE_IMPORTED,V1,V1,INGESTION_PIPELINE,SYSTEM,4 observations linked,
EVT-003380,IN-DL-110054-6-96,2026-07-01 11:00:00,CONFLICT_DETECTED,V1,V1,CONFLICT_ENGINE,SYSTEM,1 conflicts detected,
EVT-003381,IN-DL-110054-6-96,2026-07-08 14:00:00,MATCH_PROPOSED,V1,P1,MATCHING_ENGINE,SYSTEM,Cross-source match proposed,
EVT-003382,IN-DL-110054-6-96,2026-09-10 14:00:00,PROPOSAL_ACCEPTED,P1,V2,POLICY_GATE,AUTHORITY,Proposed state accepted,
EVT-003383,IN-DL-110054-6-96,2026-09-10 14:05:00,CANONICAL_STATE_UPDATED,V1,V2,CANONICAL_REGISTRY,SYSTEM,Authoritative state updated,
EVT-003384,IN-DL-110054-6-97,1988-01-01 12:00:00,PARCEL_CREATED,,V1,CANONICAL_SEED,SYSTEM,Initial cadastral creation,
EVT-003385,IN-DL-110054-6-97,2026-06-20 09:00:00,SOURCE_IMPORTED,V1,V1,INGESTION_PIPELINE,SYSTEM,5 observations linked,
EVT-003386,IN-DL-110054-6-97,2026-07-08 14:00:00,MATCH_PROPOSED,V1,P1,MATCHING_ENGINE,SYSTEM,Cross-source match proposed,
EVT-003387,IN-DL-110054-6-97,2026-09-10 14:00:00,PROPOSAL_ACCEPTED,P1,V2,POLICY_GATE,AUTHORITY,Proposed state accepted,
EVT-003388,IN-DL-110054-6-97,2026-09-10 14:05:00,CANONICAL_STATE_UPDATED,V1,V2,CANONICAL_REGISTRY,SYSTEM,Authoritative state updated,
EVT-003389,IN-DL-110054-6-98,1982-01-01 12:00:00,PARCEL_CREATED,,V1,CANONICAL_SEED,SYSTEM,Initial cadastral creation,
EVT-003390,IN-DL-110054-6-98,2026-06-20 09:00:00,SOURCE_IMPORTED,V1,V1,INGESTION_PIPELINE,SYSTEM,2 observations linked,
EVT-003391,IN-DL-110054-6-98,2026-07-08 14:00:00,MATCH_PROPOSED,V1,P1,MATCHING_ENGINE,SYSTEM,Cross-source match proposed,
EVT-003392,IN-DL-110054-6-98,2026-09-10 14:00:00,PROPOSAL_ACCEPTED,P1,V2,POLICY_GATE,AUTHORITY,Proposed state accepted,
EVT-003393,IN-DL-110054-6-98,2026-09-10 14:05:00,CANONICAL_STATE_UPDATED,V1,V2,CANONICAL_REGISTRY,SYSTEM,Authoritative state updated,
EVT-003394,IN-DL-110054-6-99,1983-01-01 12:00:00,PARCEL_CREATED,,V1,CANONICAL_SEED,SYSTEM,Initial cadastral creation,
EVT-003395,IN-DL-110054-6-99,2026-06-20 09:00:00,SOURCE_IMPORTED,V1,V1,INGESTION_PIPELINE,SYSTEM,5 observations linked,
EVT-003396,IN-DL-110054-6-99,2026-07-01 11:00:00,CONFLICT_DETECTED,V1,V1,CONFLICT_ENGINE,SYSTEM,1 conflicts detected,
EVT-003397,IN-DL-110054-6-99,2026-07-08 14:00:00,MATCH_PROPOSED,V1,P1,MATCHING_ENGINE,SYSTEM,Cross-source match proposed,
EVT-003398,IN-DL-110054-6-99,2026-09-10 14:00:00,PROPOSAL_ACCEPTED,P1,V2,POLICY_GATE,AUTHORITY,Proposed state accepted,
EVT-003399,IN-DL-110054-6-99,2026-09-10 14:05:00,CANONICAL_STATE_UPDATED,V1,V2,CANONICAL_REGISTRY,SYSTEM,Authoritative state updated,
EVT-003400,IN-DL-110054-6-100,1984-01-01 12:00:00,PARCEL_CREATED,,V1,CANONICAL_SEED,SYSTEM,Initial cadastral creation,
EVT-003401,IN-DL-110054-6-100,2026-06-20 09:00:00,SOURCE_IMPORTED,V1,V1,INGESTION_PIPELINE,SYSTEM,3 observations linked,
EVT-003402,IN-DL-110054-6-100,2026-07-01 11:00:00,CONFLICT_DETECTED,V1,V1,CONFLICT_ENGINE,SYSTEM,2 conflicts detected,
EVT-003403,IN-DL-110054-6-100,2026-07-08 14:00:00,MATCH_PROPOSED,V1,P1,MATCHING_ENGINE,SYSTEM,Cross-source match proposed,
EVT-003404,IN-DL-110054-6-100,2026-09-10 14:00:00,PROPOSAL_ACCEPTED,P1,V2,POLICY_GATE,AUTHORITY,Proposed state accepted,
EVT-003405,IN-DL-110054-6-100,2026-09-10 14:05:00,CANONICAL_STATE_UPDATED,V1,V2,CANONICAL_REGISTRY,SYSTEM,Authoritative state updated,
EVT-003406,IN-DL-110054-7-1,1992-01-01 12:00:00,PARCEL_CREATED,,V1,CANONICAL_SEED,SYSTEM,Initial cadastral creation,
EVT-003407,IN-DL-110054-7-1,2026-06-20 09:00:00,SOURCE_IMPORTED,V1,V1,INGESTION_PIPELINE,SYSTEM,4 observations linked,
EVT-003408,IN-DL-110054-7-1,2026-07-01 11:00:00,CONFLICT_DETECTED,V1,V1,CONFLICT_ENGINE,SYSTEM,1 conflicts detected,
EVT-003409,IN-DL-110054-7-1,2026-07-08 14:00:00,MATCH_PROPOSED,V1,P1,MATCHING_ENGINE,SYSTEM,Cross-source match proposed,
EVT-003410,IN-DL-110054-7-1,2026-09-05 12:00:00,HUMAN_REVIEW,P1,P1,REVIEW_WORKSPACE,HUMAN_REVIEWER,Additional evidence requested,
EVT-003411,IN-DL-110054-7-2,1993-01-01 12:00:00,PARCEL_CREATED,,V1,CANONICAL_SEED,SYSTEM,Initial cadastral creation,
EVT-003412,IN-DL-110054-7-2,2026-06-20 09:00:00,SOURCE_IMPORTED,V1,V1,INGESTION_PIPELINE,SYSTEM,4 observations linked,
EVT-003413,IN-DL-110054-7-2,2026-07-08 14:00:00,MATCH_PROPOSED,V1,P1,MATCHING_ENGINE,SYSTEM,Cross-source match proposed,
EVT-003414,IN-DL-110054-7-2,2026-09-10 14:00:00,PROPOSAL_ACCEPTED,P1,V2,POLICY_GATE,AUTHORITY,Proposed state accepted,
EVT-003415,IN-DL-110054-7-2,2026-09-10 14:05:00,CANONICAL_STATE_UPDATED,V1,V2,CANONICAL_REGISTRY,SYSTEM,Authoritative state updated,
EVT-003416,IN-DL-110054-7-3,1994-01-01 12:00:00,PARCEL_CREATED,,V1,CANONICAL_SEED,SYSTEM,Initial cadastral creation,
EVT-003417,IN-DL-110054-7-3,2026-06-20 09:00:00,SOURCE_IMPORTED,V1,V1,INGESTION_PIPELINE,SYSTEM,3 observations linked,
EVT-003418,IN-DL-110054-7-3,2026-07-08 14:00:00,MATCH_PROPOSED,V1,P1,MATCHING_ENGINE,SYSTEM,Cross-source match proposed,
EVT-003419,IN-DL-110054-7-3,2026-09-10 14:00:00,PROPOSAL_ACCEPTED,P1,V2,POLICY_GATE,AUTHORITY,Proposed state accepted,
EVT-003420,IN-DL-110054-7-3,2026-09-10 14:05:00,CANONICAL_STATE_UPDATED,V1,V2,CANONICAL_REGISTRY,SYSTEM,Authoritative state updated,
EVT-003421,IN-DL-110054-7-4,1995-01-01 12:00:00,PARCEL_CREATED,,V1,CANONICAL_SEED,SYSTEM,Initial cadastral creation,
EVT-003422,IN-DL-110054-7-4,2026-06-20 09:00:00,SOURCE_IMPORTED,V1,V1,INGESTION_PIPELINE,SYSTEM,4 observations linked,
EVT-003423,IN-DL-110054-7-4,2026-07-01 11:00:00,CONFLICT_DETECTED,V1,V1,CONFLICT_ENGINE,SYSTEM,2 conflicts detected,
EVT-003424,IN-DL-110054-7-4,2026-07-08 14:00:00,MATCH_PROPOSED,V1,P1,MATCHING_ENGINE,SYSTEM,Cross-source match proposed,
EVT-003425,IN-DL-110054-7-4,2026-09-05 12:00:00,HUMAN_REVIEW,P1,P1,REVIEW_WORKSPACE,HUMAN_REVIEWER,Additional evidence requested,
EVT-003426,IN-DL-110054-7-5,1996-01-01 12:00:00,PARCEL_CREATED,,V1,CANONICAL_SEED,SYSTEM,Initial cadastral creation,
EVT-003427,IN-DL-110054-7-5,2026-06-20 09:00:00,SOURCE_IMPORTED,V1,V1,INGESTION_PIPELINE,SYSTEM,4 observations linked,
EVT-003428,IN-DL-110054-7-5,2026-07-01 11:00:00,CONFLICT_DETECTED,V1,V1,CONFLICT_ENGINE,SYSTEM,1 conflicts detected,
EVT-003429,IN-DL-110054-7-5,2026-07-08 14:00:00,MATCH_PROPOSED,V1,P1,MATCHING_ENGINE,SYSTEM,Cross-source match proposed,
EVT-003430,IN-DL-110054-7-5,2026-09-10 14:00:00,PROPOSAL_ACCEPTED,P1,V2,POLICY_GATE,AUTHORITY,Proposed state accepted,
EVT-003431,IN-DL-110054-7-5,2026-09-10 14:05:00,CANONICAL_STATE_UPDATED,V1,V2,CANONICAL_REGISTRY,SYSTEM,Authoritative state updated,
EVT-003432,IN-DL-110054-7-6,1997-01-01 12:00:00,PARCEL_CREATED,,V1,CANONICAL_SEED,SYSTEM,Initial cadastral creation,
EVT-003433,IN-DL-110054-7-6,2026-06-20 09:00:00,SOURCE_IMPORTED,V1,V1,INGESTION_PIPELINE,SYSTEM,4 observations linked,
EVT-003434,IN-DL-110054-7-6,2026-07-08 14:00:00,MATCH_PROPOSED,V1,P1,MATCHING_ENGINE,SYSTEM,Cross-source match proposed,
EVT-003435,IN-DL-110054-7-6,2026-09-10 14:00:00,PROPOSAL_ACCEPTED,P1,V2,POLICY_GATE,AUTHORITY,Proposed state accepted,
EVT-003436,IN-DL-110054-7-6,2026-09-10 14:05:00,CANONICAL_STATE_UPDATED,V1,V2,CANONICAL_REGISTRY,SYSTEM,Authoritative state updated,
EVT-003437,IN-DL-110054-7-7,1991-01-01 12:00:00,PARCEL_CREATED,,V1,CANONICAL_SEED,SYSTEM,Initial cadastral creation,
EVT-003438,IN-DL-110054-7-7,2026-06-20 09:00:00,SOURCE_IMPORTED,V1,V1,INGESTION_PIPELINE,SYSTEM,3 observations linked,
EVT-003439,IN-DL-110054-7-7,2026-07-08 14:00:00,MATCH_PROPOSED,V1,P1,MATCHING_ENGINE,SYSTEM,Cross-source match proposed,
EVT-003440,IN-DL-110054-7-7,2026-09-10 14:00:00,PROPOSAL_ACCEPTED,P1,V2,POLICY_GATE,AUTHORITY,Proposed state accepted,
EVT-003441,IN-DL-110054-7-7,2026-09-10 14:05:00,CANONICAL_STATE_UPDATED,V1,V2,CANONICAL_REGISTRY,SYSTEM,Authoritative state updated,
EVT-003442,IN-DL-110054-7-8,1992-01-01 12:00:00,PARCEL_CREATED,,V1,CANONICAL_SEED,SYSTEM,Initial cadastral creation,
EVT-003443,IN-DL-110054-7-8,2026-06-20 09:00:00,SOURCE_IMPORTED,V1,V1,INGESTION_PIPELINE,SYSTEM,4 observations linked,
EVT-003444,IN-DL-110054-7-8,2026-07-01 11:00:00,CONFLICT_DETECTED,V1,V1,CONFLICT_ENGINE,SYSTEM,1 conflicts detected,
EVT-003445,IN-DL-110054-7-8,2026-07-08 14:00:00,MATCH_PROPOSED,V1,P1,MATCHING_ENGINE,SYSTEM,Cross-source match proposed,
EVT-003446,IN-DL-110054-7-8,2026-09-05 12:00:00,HUMAN_REVIEW,P1,P1,REVIEW_WORKSPACE,HUMAN_REVIEWER,Additional evidence requested,
EVT-003447,IN-DL-110054-7-9,1993-01-01 12:00:00,PARCEL_CREATED,,V1,CANONICAL_SEED,SYSTEM,Initial cadastral creation,
EVT-003448,IN-DL-110054-7-9,2026-06-20 09:00:00,SOURCE_IMPORTED,V1,V1,INGESTION_PIPELINE,SYSTEM,3 observations linked,
EVT-003449,IN-DL-110054-7-9,2026-07-08 14:00:00,MATCH_PROPOSED,V1,P1,MATCHING_ENGINE,SYSTEM,Cross-source match proposed,
EVT-003450,IN-DL-110054-7-9,2026-09-10 14:00:00,PROPOSAL_ACCEPTED,P1,V2,POLICY_GATE,AUTHORITY,Proposed state accepted,
EVT-003451,IN-DL-110054-7-9,2026-09-10 14:05:00,CANONICAL_STATE_UPDATED,V1,V2,CANONICAL_REGISTRY,SYSTEM,Authoritative state updated,
EVT-003452,IN-DL-110054-7-10,1994-01-01 12:00:00,PARCEL_CREATED,,V1,CANONICAL_SEED,SYSTEM,Initial cadastral creation,
EVT-003453,IN-DL-110054-7-10,2026-06-20 09:00:00,SOURCE_IMPORTED,V1,V1,INGESTION_PIPELINE,SYSTEM,5 observations linked,
EVT-003454,IN-DL-110054-7-10,2026-07-01 11:00:00,CONFLICT_DETECTED,V1,V1,CONFLICT_ENGINE,SYSTEM,1 conflicts detected,
EVT-003455,IN-DL-110054-7-10,2026-07-08 14:00:00,MATCH_PROPOSED,V1,P1,MATCHING_ENGINE,SYSTEM,Cross-source match proposed,
EVT-003456,IN-DL-110054-7-10,2026-08-06 10:00:00,EVIDENCE_ADDED,P1,P2,FIELD_SURVEY,SURVEYOR,GNSS/CORS evidence attached,
EVT-003457,IN-DL-110054-7-10,2026-09-10 14:00:00,PROPOSAL_ACCEPTED,P2,V2,POLICY_GATE,AUTHORITY,Proposed state accepted,
EVT-003458,IN-DL-110054-7-10,2026-09-10 14:05:00,CANONICAL_STATE_UPDATED,V1,V2,CANONICAL_REGISTRY,SYSTEM,Authoritative state updated,
EVT-003459,IN-DL-110054-7-11,1995-01-01 12:00:00,PARCEL_CREATED,,V1,CANONICAL_SEED,SYSTEM,Initial cadastral creation,
EVT-003460,IN-DL-110054-7-11,2026-06-20 09:00:00,SOURCE_IMPORTED,V1,V1,INGESTION_PIPELINE,SYSTEM,6 observations linked,
EVT-003461,IN-DL-110054-7-11,2026-07-01 11:00:00,CONFLICT_DETECTED,V1,V1,CONFLICT_ENGINE,SYSTEM,1 conflicts detected,
EVT-003462,IN-DL-110054-7-11,2026-07-08 14:00:00,MATCH_PROPOSED,V1,P1,MATCHING_ENGINE,SYSTEM,Cross-source match proposed,
EVT-003463,IN-DL-110054-7-11,2026-09-10 14:00:00,PROPOSAL_ACCEPTED,P1,V2,POLICY_GATE,AUTHORITY,Proposed state accepted,
EVT-003464,IN-DL-110054-7-11,2026-09-10 14:05:00,CANONICAL_STATE_UPDATED,V1,V2,CANONICAL_REGISTRY,SYSTEM,Authoritative state updated,
EVT-003465,IN-DL-110054-7-12,1996-01-01 12:00:00,PARCEL_CREATED,,V1,CANONICAL_SEED,SYSTEM,Initial cadastral creation,
EVT-003466,IN-DL-110054-7-12,2026-06-20 09:00:00,SOURCE_IMPORTED,V1,V1,INGESTION_PIPELINE,SYSTEM,4 observations linked,
EVT-003467,IN-DL-110054-7-12,2026-07-01 11:00:00,CONFLICT_DETECTED,V1,V1,CONFLICT_ENGINE,SYSTEM,1 conflicts detected,
EVT-003468,IN-DL-110054-7-12,2026-07-08 14:00:00,MATCH_PROPOSED,V1,P1,MATCHING_ENGINE,SYSTEM,Cross-source match proposed,
EVT-003469,IN-DL-110054-7-12,2026-09-10 14:00:00,PROPOSAL_ACCEPTED,P1,V2,POLICY_GATE,AUTHORITY,Proposed state accepted,
EVT-003470,IN-DL-110054-7-12,2026-09-10 14:05:00,CANONICAL_STATE_UPDATED,V1,V2,CANONICAL_REGISTRY,SYSTEM,Authoritative state updated,
EVT-003471,IN-DL-110054-7-13,1997-01-01 12:00:00,PARCEL_CREATED,,V1,CANONICAL_SEED,SYSTEM,Initial cadastral creation,
EVT-003472,IN-DL-110054-7-13,2026-06-20 09:00:00,SOURCE_IMPORTED,V1,V1,INGESTION_PIPELINE,SYSTEM,4 observations linked,
EVT-003473,IN-DL-110054-7-13,2026-07-01 11:00:00,CONFLICT_DETECTED,V1,V1,CONFLICT_ENGINE,SYSTEM,1 conflicts detected,
EVT-003474,IN-DL-110054-7-13,2026-07-08 14:00:00,MATCH_PROPOSED,V1,P1,MATCHING_ENGINE,SYSTEM,Cross-source match proposed,
EVT-003475,IN-DL-110054-7-13,2026-09-05 12:00:00,HUMAN_REVIEW,P1,P1,REVIEW_WORKSPACE,HUMAN_REVIEWER,Additional evidence requested,
EVT-003476,IN-DL-110054-7-14,1991-01-01 12:00:00,PARCEL_CREATED,,V1,CANONICAL_SEED,SYSTEM,Initial cadastral creation,
EVT-003477,IN-DL-110054-7-14,2026-06-20 09:00:00,SOURCE_IMPORTED,V1,V1,INGESTION_PIPELINE,SYSTEM,5 observations linked,
EVT-003478,IN-DL-110054-7-14,2026-07-08 14:00:00,MATCH_PROPOSED,V1,P1,MATCHING_ENGINE,SYSTEM,Cross-source match proposed,
EVT-003479,IN-DL-110054-7-14,2026-09-10 14:00:00,PROPOSAL_ACCEPTED,P1,V2,POLICY_GATE,AUTHORITY,Proposed state accepted,
EVT-003480,IN-DL-110054-7-14,2026-09-10 14:05:00,CANONICAL_STATE_UPDATED,V1,V2,CANONICAL_REGISTRY,SYSTEM,Authoritative state updated,
EVT-003481,IN-DL-110054-7-15,1992-01-01 12:00:00,PARCEL_CREATED,,V1,CANONICAL_SEED,SYSTEM,Initial cadastral creation,
EVT-003482,IN-DL-110054-7-15,2026-06-20 09:00:00,SOURCE_IMPORTED,V1,V1,INGESTION_PIPELINE,SYSTEM,4 observations linked,
EVT-003483,IN-DL-110054-7-15,2026-07-01 11:00:00,CONFLICT_DETECTED,V1,V1,CONFLICT_ENGINE,SYSTEM,1 conflicts detected,
EVT-003484,IN-DL-110054-7-15,2026-07-08 14:00:00,MATCH_PROPOSED,V1,P1,MATCHING_ENGINE,SYSTEM,Cross-source match proposed,
EVT-003485,IN-DL-110054-7-15,2026-09-10 14:00:00,PROPOSAL_ACCEPTED,P1,V2,POLICY_GATE,AUTHORITY,Proposed state accepted,
EVT-003486,IN-DL-110054-7-15,2026-09-10 14:05:00,CANONICAL_STATE_UPDATED,V1,V2,CANONICAL_REGISTRY,SYSTEM,Authoritative state updated,
EVT-003487,IN-DL-110054-7-16,1993-01-01 12:00:00,PARCEL_CREATED,,V1,CANONICAL_SEED,SYSTEM,Initial cadastral creation,
EVT-003488,IN-DL-110054-7-16,2026-06-20 09:00:00,SOURCE_IMPORTED,V1,V1,INGESTION_PIPELINE,SYSTEM,4 observations linked,
EVT-003489,IN-DL-110054-7-16,2026-07-01 11:00:00,CONFLICT_DETECTED,V1,V1,CONFLICT_ENGINE,SYSTEM,2 conflicts detected,
EVT-003490,IN-DL-110054-7-16,2026-07-08 14:00:00,MATCH_PROPOSED,V1,P1,MATCHING_ENGINE,SYSTEM,Cross-source match proposed,
EVT-003491,IN-DL-110054-7-16,2026-09-07 15:00:00,PROPOSAL_REJECTED,P1,V1,REVIEW_WORKSPACE,HUMAN_REVIEWER,Candidate match rejected,
EVT-003492,IN-DL-110054-7-17,1994-01-01 12:00:00,PARCEL_CREATED,,V1,CANONICAL_SEED,SYSTEM,Initial cadastral creation,
EVT-003493,IN-DL-110054-7-17,2026-06-20 09:00:00,SOURCE_IMPORTED,V1,V1,INGESTION_PIPELINE,SYSTEM,5 observations linked,
EVT-003494,IN-DL-110054-7-17,2026-07-01 11:00:00,CONFLICT_DETECTED,V1,V1,CONFLICT_ENGINE,SYSTEM,1 conflicts detected,
EVT-003495,IN-DL-110054-7-17,2026-07-08 14:00:00,MATCH_PROPOSED,V1,P1,MATCHING_ENGINE,SYSTEM,Cross-source match proposed,
EVT-003496,IN-DL-110054-7-17,2026-08-06 10:00:00,EVIDENCE_ADDED,P1,P2,FIELD_SURVEY,SURVEYOR,GNSS/CORS evidence attached,
EVT-003497,IN-DL-110054-7-17,2026-09-07 15:00:00,PROPOSAL_REJECTED,P2,V1,REVIEW_WORKSPACE,HUMAN_REVIEWER,Candidate match rejected,
EVT-003498,IN-DL-110054-7-18,1995-01-01 12:00:00,PARCEL_CREATED,,V1,CANONICAL_SEED,SYSTEM,Initial cadastral creation,
EVT-003499,IN-DL-110054-7-18,2026-06-20 09:00:00,SOURCE_IMPORTED,V1,V1,INGESTION_PIPELINE,SYSTEM,3 observations linked,
EVT-003500,IN-DL-110054-7-18,2026-07-08 14:00:00,MATCH_PROPOSED,V1,P1,MATCHING_ENGINE,SYSTEM,Cross-source match proposed,
EVT-003501,IN-DL-110054-7-18,2026-09-10 14:00:00,PROPOSAL_ACCEPTED,P1,V2,POLICY_GATE,AUTHORITY,Proposed state accepted,
EVT-003502,IN-DL-110054-7-18,2026-09-10 14:05:00,CANONICAL_STATE_UPDATED,V1,V2,CANONICAL_REGISTRY,SYSTEM,Authoritative state updated,
EVT-003503,IN-DL-110054-7-19,1996-01-01 12:00:00,PARCEL_CREATED,,V1,CANONICAL_SEED,SYSTEM,Initial cadastral creation,
EVT-003504,IN-DL-110054-7-19,2026-06-20 09:00:00,SOURCE_IMPORTED,V1,V1,INGESTION_PIPELINE,SYSTEM,4 observations linked,
EVT-003505,IN-DL-110054-7-19,2026-07-08 14:00:00,MATCH_PROPOSED,V1,P1,MATCHING_ENGINE,SYSTEM,Cross-source match proposed,
EVT-003506,IN-DL-110054-7-19,2026-08-06 10:00:00,EVIDENCE_ADDED,P1,P2,FIELD_SURVEY,SURVEYOR,GNSS/CORS evidence attached,
EVT-003507,IN-DL-110054-7-19,2026-09-10 14:00:00,PROPOSAL_ACCEPTED,P2,V2,POLICY_GATE,AUTHORITY,Proposed state accepted,
EVT-003508,IN-DL-110054-7-19,2026-09-10 14:05:00,CANONICAL_STATE_UPDATED,V1,V2,CANONICAL_REGISTRY,SYSTEM,Authoritative state updated,
EVT-003509,IN-DL-110054-7-20,1997-01-01 12:00:00,PARCEL_CREATED,,V1,CANONICAL_SEED,SYSTEM,Initial cadastral creation,
EVT-003510,IN-DL-110054-7-20,2026-06-20 09:00:00,SOURCE_IMPORTED,V1,V1,INGESTION_PIPELINE,SYSTEM,5 observations linked,
EVT-003511,IN-DL-110054-7-20,2026-07-01 11:00:00,CONFLICT_DETECTED,V1,V1,CONFLICT_ENGINE,SYSTEM,2 conflicts detected,
EVT-003512,IN-DL-110054-7-20,2026-07-08 14:00:00,MATCH_PROPOSED,V1,P1,MATCHING_ENGINE,SYSTEM,Cross-source match proposed,
EVT-003513,IN-DL-110054-7-20,2026-08-06 10:00:00,EVIDENCE_ADDED,P1,P2,FIELD_SURVEY,SURVEYOR,GNSS/CORS evidence attached,
EVT-003514,IN-DL-110054-7-20,2026-09-10 14:00:00,PROPOSAL_ACCEPTED,P2,V2,POLICY_GATE,AUTHORITY,Proposed state accepted,
EVT-003515,IN-DL-110054-7-20,2026-09-10 14:05:00,CANONICAL_STATE_UPDATED,V1,V2,CANONICAL_REGISTRY,SYSTEM,Authoritative state updated,
EVT-003516,IN-DL-110054-7-21,1991-01-01 12:00:00,PARCEL_CREATED,,V1,CANONICAL_SEED,SYSTEM,Initial cadastral creation,
EVT-003517,IN-DL-110054-7-21,2026-06-20 09:00:00,SOURCE_IMPORTED,V1,V1,INGESTION_PIPELINE,SYSTEM,5 observations linked,
EVT-003518,IN-DL-110054-7-21,2026-07-01 11:00:00,CONFLICT_DETECTED,V1,V1,CONFLICT_ENGINE,SYSTEM,1 conflicts detected,
EVT-003519,IN-DL-110054-7-21,2026-07-08 14:00:00,MATCH_PROPOSED,V1,P1,MATCHING_ENGINE,SYSTEM,Cross-source match proposed,
EVT-003520,IN-DL-110054-7-21,2026-08-06 10:00:00,EVIDENCE_ADDED,P1,P2,FIELD_SURVEY,SURVEYOR,GNSS/CORS evidence attached,
EVT-003521,IN-DL-110054-7-21,2026-09-05 11:00:00,HUMAN_REVIEW,P2,P2,REVIEW_WORKSPACE,HUMAN_REVIEWER,Legal/operational conflict requires decision,
EVT-003522,IN-DL-110054-7-22,1992-01-01 12:00:00,PARCEL_CREATED,,V1,CANONICAL_SEED,SYSTEM,Initial cadastral creation,
EVT-003523,IN-DL-110054-7-22,2026-06-20 09:00:00,SOURCE_IMPORTED,V1,V1,INGESTION_PIPELINE,SYSTEM,4 observations linked,
EVT-003524,IN-DL-110054-7-22,2026-07-08 14:00:00,MATCH_PROPOSED,V1,P1,MATCHING_ENGINE,SYSTEM,Cross-source match proposed,
EVT-003525,IN-DL-110054-7-22,2026-09-10 14:00:00,PROPOSAL_ACCEPTED,P1,V2,POLICY_GATE,AUTHORITY,Proposed state accepted,
EVT-003526,IN-DL-110054-7-22,2026-09-10 14:05:00,CANONICAL_STATE_UPDATED,V1,V2,CANONICAL_REGISTRY,SYSTEM,Authoritative state updated,
EVT-003527,IN-DL-110054-7-23,1993-01-01 12:00:00,PARCEL_CREATED,,V1,CANONICAL_SEED,SYSTEM,Initial cadastral creation,
EVT-003528,IN-DL-110054-7-23,2026-06-20 09:00:00,SOURCE_IMPORTED,V1,V1,INGESTION_PIPELINE,SYSTEM,4 observations linked,
EVT-003529,IN-DL-110054-7-23,2026-07-08 14:00:00,MATCH_PROPOSED,V1,P1,MATCHING_ENGINE,SYSTEM,Cross-source match proposed,
EVT-003530,IN-DL-110054-7-23,2026-09-10 14:00:00,PROPOSAL_ACCEPTED,P1,V2,POLICY_GATE,AUTHORITY,Proposed state accepted,
EVT-003531,IN-DL-110054-7-23,2026-09-10 14:05:00,CANONICAL_STATE_UPDATED,V1,V2,CANONICAL_REGISTRY,SYSTEM,Authoritative state updated,
EVT-003532,IN-DL-110054-7-24,1994-01-01 12:00:00,PARCEL_CREATED,,V1,CANONICAL_SEED,SYSTEM,Initial cadastral creation,
EVT-003533,IN-DL-110054-7-24,2026-06-20 09:00:00,SOURCE_IMPORTED,V1,V1,INGESTION_PIPELINE,SYSTEM,4 observations linked,
EVT-003534,IN-DL-110054-7-24,2026-07-01 11:00:00,CONFLICT_DETECTED,V1,V1,CONFLICT_ENGINE,SYSTEM,1 conflicts detected,
EVT-003535,IN-DL-110054-7-24,2026-07-08 14:00:00,MATCH_PROPOSED,V1,P1,MATCHING_ENGINE,SYSTEM,Cross-source match proposed,
EVT-003536,IN-DL-110054-7-24,2026-09-10 14:00:00,PROPOSAL_ACCEPTED,P1,V2,POLICY_GATE,AUTHORITY,Proposed state accepted,
EVT-003537,IN-DL-110054-7-24,2026-09-10 14:05:00,CANONICAL_STATE_UPDATED,V1,V2,CANONICAL_REGISTRY,SYSTEM,Authoritative state updated,
EVT-003538,IN-DL-110054-7-25,1995-01-01 12:00:00,PARCEL_CREATED,,V1,CANONICAL_SEED,SYSTEM,Initial cadastral creation,
EVT-003539,IN-DL-110054-7-25,2026-06-20 09:00:00,SOURCE_IMPORTED,V1,V1,INGESTION_PIPELINE,SYSTEM,4 observations linked,
EVT-003540,IN-DL-110054-7-25,2026-07-08 14:00:00,MATCH_PROPOSED,V1,P1,MATCHING_ENGINE,SYSTEM,Cross-source match proposed,
EVT-003541,IN-DL-110054-7-25,2026-09-10 14:00:00,PROPOSAL_ACCEPTED,P1,V2,POLICY_GATE,AUTHORITY,Proposed state accepted,
EVT-003542,IN-DL-110054-7-25,2026-09-10 14:05:00,CANONICAL_STATE_UPDATED,V1,V2,CANONICAL_REGISTRY,SYSTEM,Authoritative state updated,
EVT-003543,IN-DL-110054-7-26,1996-01-01 12:00:00,PARCEL_CREATED,,V1,CANONICAL_SEED,SYSTEM,Initial cadastral creation,
EVT-003544,IN-DL-110054-7-26,2026-06-20 09:00:00,SOURCE_IMPORTED,V1,V1,INGESTION_PIPELINE,SYSTEM,5 observations linked,
EVT-003545,IN-DL-110054-7-26,2026-07-01 11:00:00,CONFLICT_DETECTED,V1,V1,CONFLICT_ENGINE,SYSTEM,2 conflicts detected,
EVT-003546,IN-DL-110054-7-26,2026-07-08 14:00:00,MATCH_PROPOSED,V1,P1,MATCHING_ENGINE,SYSTEM,Cross-source match proposed,
EVT-003547,IN-DL-110054-7-26,2026-08-06 10:00:00,EVIDENCE_ADDED,P1,P2,FIELD_SURVEY,SURVEYOR,GNSS/CORS evidence attached,
EVT-003548,IN-DL-110054-7-26,2026-09-07 15:00:00,PROPOSAL_REJECTED,P2,V1,REVIEW_WORKSPACE,HUMAN_REVIEWER,Candidate match rejected,
EVT-003549,IN-DL-110054-7-27,1997-01-01 12:00:00,PARCEL_CREATED,,V1,CANONICAL_SEED,SYSTEM,Initial cadastral creation,
EVT-003550,IN-DL-110054-7-27,2026-06-20 09:00:00,SOURCE_IMPORTED,V1,V1,INGESTION_PIPELINE,SYSTEM,2 observations linked,
EVT-003551,IN-DL-110054-7-27,2026-07-08 14:00:00,MATCH_PROPOSED,V1,P1,MATCHING_ENGINE,SYSTEM,Cross-source match proposed,
EVT-003552,IN-DL-110054-7-27,2026-09-10 14:00:00,PROPOSAL_ACCEPTED,P1,V2,POLICY_GATE,AUTHORITY,Proposed state accepted,
EVT-003553,IN-DL-110054-7-27,2026-09-10 14:05:00,CANONICAL_STATE_UPDATED,V1,V2,CANONICAL_REGISTRY,SYSTEM,Authoritative state updated,
EVT-003554,IN-DL-110054-7-28,1991-01-01 12:00:00,PARCEL_CREATED,,V1,CANONICAL_SEED,SYSTEM,Initial cadastral creation,
EVT-003555,IN-DL-110054-7-28,2026-06-20 09:00:00,SOURCE_IMPORTED,V1,V1,INGESTION_PIPELINE,SYSTEM,4 observations linked,
EVT-003556,IN-DL-110054-7-28,2026-07-08 14:00:00,MATCH_PROPOSED,V1,P1,MATCHING_ENGINE,SYSTEM,Cross-source match proposed,
EVT-003557,IN-DL-110054-7-28,2026-09-10 14:00:00,PROPOSAL_ACCEPTED,P1,V2,POLICY_GATE,AUTHORITY,Proposed state accepted,
EVT-003558,IN-DL-110054-7-28,2026-09-10 14:05:00,CANONICAL_STATE_UPDATED,V1,V2,CANONICAL_REGISTRY,SYSTEM,Authoritative state updated,
EVT-003559,IN-DL-110054-7-29,1992-01-01 12:00:00,PARCEL_CREATED,,V1,CANONICAL_SEED,SYSTEM,Initial cadastral creation,
EVT-003560,IN-DL-110054-7-29,2026-06-20 09:00:00,SOURCE_IMPORTED,V1,V1,INGESTION_PIPELINE,SYSTEM,4 observations linked,
EVT-003561,IN-DL-110054-7-29,2026-07-01 11:00:00,CONFLICT_DETECTED,V1,V1,CONFLICT_ENGINE,SYSTEM,1 conflicts detected,
EVT-003562,IN-DL-110054-7-29,2026-07-08 14:00:00,MATCH_PROPOSED,V1,P1,MATCHING_ENGINE,SYSTEM,Cross-source match proposed,
EVT-003563,IN-DL-110054-7-29,2026-09-10 14:00:00,PROPOSAL_ACCEPTED,P1,V2,POLICY_GATE,AUTHORITY,Proposed state accepted,
EVT-003564,IN-DL-110054-7-29,2026-09-10 14:05:00,CANONICAL_STATE_UPDATED,V1,V2,CANONICAL_REGISTRY,SYSTEM,Authoritative state updated,
EVT-003565,IN-DL-110054-7-30,1993-01-01 12:00:00,PARCEL_CREATED,,V1,CANONICAL_SEED,SYSTEM,Initial cadastral creation,
EVT-003566,IN-DL-110054-7-30,2026-06-20 09:00:00,SOURCE_IMPORTED,V1,V1,INGESTION_PIPELINE,SYSTEM,4 observations linked,
EVT-003567,IN-DL-110054-7-30,2026-07-01 11:00:00,CONFLICT_DETECTED,V1,V1,CONFLICT_ENGINE,SYSTEM,3 conflicts detected,
EVT-003568,IN-DL-110054-7-30,2026-07-08 14:00:00,MATCH_PROPOSED,V1,P1,MATCHING_ENGINE,SYSTEM,Cross-source match proposed,
EVT-003569,IN-DL-110054-7-30,2026-08-06 10:00:00,EVIDENCE_ADDED,P1,P2,FIELD_SURVEY,SURVEYOR,GNSS/CORS evidence attached,
EVT-003570,IN-DL-110054-7-30,2026-09-10 14:00:00,PROPOSAL_ACCEPTED,P2,V2,POLICY_GATE,AUTHORITY,Proposed state accepted,
EVT-003571,IN-DL-110054-7-30,2026-09-10 14:05:00,CANONICAL_STATE_UPDATED,V1,V2,CANONICAL_REGISTRY,SYSTEM,Authoritative state updated,
EVT-003572,IN-DL-110054-7-31,1994-01-01 12:00:00,PARCEL_CREATED,,V1,CANONICAL_SEED,SYSTEM,Initial cadastral creation,
EVT-003573,IN-DL-110054-7-31,2026-06-20 09:00:00,SOURCE_IMPORTED,V1,V1,INGESTION_PIPELINE,SYSTEM,4 observations linked,
EVT-003574,IN-DL-110054-7-31,2026-07-08 14:00:00,MATCH_PROPOSED,V1,P1,MATCHING_ENGINE,SYSTEM,Cross-source match proposed,
EVT-003575,IN-DL-110054-7-31,2026-09-10 14:00:00,PROPOSAL_ACCEPTED,P1,V2,POLICY_GATE,AUTHORITY,Proposed state accepted,
EVT-003576,IN-DL-110054-7-31,2026-09-10 14:05:00,CANONICAL_STATE_UPDATED,V1,V2,CANONICAL_REGISTRY,SYSTEM,Authoritative state updated,
EVT-003577,IN-DL-110054-7-32,1995-01-01 12:00:00,PARCEL_CREATED,,V1,CANONICAL_SEED,SYSTEM,Initial cadastral creation,
EVT-003578,IN-DL-110054-7-32,2026-06-20 09:00:00,SOURCE_IMPORTED,V1,V1,INGESTION_PIPELINE,SYSTEM,5 observations linked,
EVT-003579,IN-DL-110054-7-32,2026-07-08 14:00:00,MATCH_PROPOSED,V1,P1,MATCHING_ENGINE,SYSTEM,Cross-source match proposed,
EVT-003580,IN-DL-110054-7-32,2026-09-10 14:00:00,PROPOSAL_ACCEPTED,P1,V2,POLICY_GATE,AUTHORITY,Proposed state accepted,
EVT-003581,IN-DL-110054-7-32,2026-09-10 14:05:00,CANONICAL_STATE_UPDATED,V1,V2,CANONICAL_REGISTRY,SYSTEM,Authoritative state updated,
EVT-003582,IN-DL-110054-7-33,1996-01-01 12:00:00,PARCEL_CREATED,,V1,CANONICAL_SEED,SYSTEM,Initial cadastral creation,
EVT-003583,IN-DL-110054-7-33,2026-06-20 09:00:00,SOURCE_IMPORTED,V1,V1,INGESTION_PIPELINE,SYSTEM,4 observations linked,
EVT-003584,IN-DL-110054-7-33,2026-07-01 11:00:00,CONFLICT_DETECTED,V1,V1,CONFLICT_ENGINE,SYSTEM,1 conflicts detected,
EVT-003585,IN-DL-110054-7-33,2026-07-08 14:00:00,MATCH_PROPOSED,V1,P1,MATCHING_ENGINE,SYSTEM,Cross-source match proposed,
EVT-003586,IN-DL-110054-7-33,2026-08-06 10:00:00,EVIDENCE_ADDED,P1,P2,FIELD_SURVEY,SURVEYOR,GNSS/CORS evidence attached,
EVT-003587,IN-DL-110054-7-33,2026-09-05 11:00:00,HUMAN_REVIEW,P2,P2,REVIEW_WORKSPACE,HUMAN_REVIEWER,Legal/operational conflict requires decision,
EVT-003588,IN-DL-110054-7-34,1997-01-01 12:00:00,PARCEL_CREATED,,V1,CANONICAL_SEED,SYSTEM,Initial cadastral creation,
EVT-003589,IN-DL-110054-7-34,2026-06-20 09:00:00,SOURCE_IMPORTED,V1,V1,INGESTION_PIPELINE,SYSTEM,4 observations linked,
EVT-003590,IN-DL-110054-7-34,2026-07-08 14:00:00,MATCH_PROPOSED,V1,P1,MATCHING_ENGINE,SYSTEM,Cross-source match proposed,
EVT-003591,IN-DL-110054-7-34,2026-09-10 14:00:00,PROPOSAL_ACCEPTED,P1,V2,POLICY_GATE,AUTHORITY,Proposed state accepted,
EVT-003592,IN-DL-110054-7-34,2026-09-10 14:05:00,CANONICAL_STATE_UPDATED,V1,V2,CANONICAL_REGISTRY,SYSTEM,Authoritative state updated,
EVT-003593,IN-DL-110054-7-35,1991-01-01 12:00:00,PARCEL_CREATED,,V1,CANONICAL_SEED,SYSTEM,Initial cadastral creation,
EVT-003594,IN-DL-110054-7-35,2026-06-20 09:00:00,SOURCE_IMPORTED,V1,V1,INGESTION_PIPELINE,SYSTEM,5 observations linked,
EVT-003595,IN-DL-110054-7-35,2026-07-08 14:00:00,MATCH_PROPOSED,V1,P1,MATCHING_ENGINE,SYSTEM,Cross-source match proposed,
EVT-003596,IN-DL-110054-7-35,2026-08-06 10:00:00,EVIDENCE_ADDED,P1,P2,FIELD_SURVEY,SURVEYOR,GNSS/CORS evidence attached,
EVT-003597,IN-DL-110054-7-35,2026-09-10 14:00:00,PROPOSAL_ACCEPTED,P2,V2,POLICY_GATE,AUTHORITY,Proposed state accepted,
EVT-003598,IN-DL-110054-7-35,2026-09-10 14:05:00,CANONICAL_STATE_UPDATED,V1,V2,CANONICAL_REGISTRY,SYSTEM,Authoritative state updated,
EVT-003599,IN-DL-110054-7-36,1992-01-01 12:00:00,PARCEL_CREATED,,V1,CANONICAL_SEED,SYSTEM,Initial cadastral creation,
EVT-003600,IN-DL-110054-7-36,2026-06-20 09:00:00,SOURCE_IMPORTED,V1,V1,INGESTION_PIPELINE,SYSTEM,3 observations linked,
EVT-003601,IN-DL-110054-7-36,2026-07-01 11:00:00,CONFLICT_DETECTED,V1,V1,CONFLICT_ENGINE,SYSTEM,1 conflicts detected,
EVT-003602,IN-DL-110054-7-36,2026-07-08 14:00:00,MATCH_PROPOSED,V1,P1,MATCHING_ENGINE,SYSTEM,Cross-source match proposed,
EVT-003603,IN-DL-110054-7-36,2026-09-10 14:00:00,PROPOSAL_ACCEPTED,P1,V2,POLICY_GATE,AUTHORITY,Proposed state accepted,
EVT-003604,IN-DL-110054-7-36,2026-09-10 14:05:00,CANONICAL_STATE_UPDATED,V1,V2,CANONICAL_REGISTRY,SYSTEM,Authoritative state updated,
EVT-003605,IN-DL-110054-7-37,1993-01-01 12:00:00,PARCEL_CREATED,,V1,CANONICAL_SEED,SYSTEM,Initial cadastral creation,
EVT-003606,IN-DL-110054-7-37,2026-06-20 09:00:00,SOURCE_IMPORTED,V1,V1,INGESTION_PIPELINE,SYSTEM,4 observations linked,
EVT-003607,IN-DL-110054-7-37,2026-07-08 14:00:00,MATCH_PROPOSED,V1,P1,MATCHING_ENGINE,SYSTEM,Cross-source match proposed,
EVT-003608,IN-DL-110054-7-37,2026-09-10 14:00:00,PROPOSAL_ACCEPTED,P1,V2,POLICY_GATE,AUTHORITY,Proposed state accepted,
EVT-003609,IN-DL-110054-7-37,2026-09-10 14:05:00,CANONICAL_STATE_UPDATED,V1,V2,CANONICAL_REGISTRY,SYSTEM,Authoritative state updated,
EVT-003610,IN-DL-110054-7-38,1994-01-01 12:00:00,PARCEL_CREATED,,V1,CANONICAL_SEED,SYSTEM,Initial cadastral creation,
EVT-003611,IN-DL-110054-7-38,2026-06-20 09:00:00,SOURCE_IMPORTED,V1,V1,INGESTION_PIPELINE,SYSTEM,4 observations linked,
EVT-003612,IN-DL-110054-7-38,2026-07-08 14:00:00,MATCH_PROPOSED,V1,P1,MATCHING_ENGINE,SYSTEM,Cross-source match proposed,
EVT-003613,IN-DL-110054-7-38,2026-09-10 14:00:00,PROPOSAL_ACCEPTED,P1,V2,POLICY_GATE,AUTHORITY,Proposed state accepted,
EVT-003614,IN-DL-110054-7-38,2026-09-10 14:05:00,CANONICAL_STATE_UPDATED,V1,V2,CANONICAL_REGISTRY,SYSTEM,Authoritative state updated,
EVT-003615,IN-DL-110054-7-39,1995-01-01 12:00:00,PARCEL_CREATED,,V1,CANONICAL_SEED,SYSTEM,Initial cadastral creation,
EVT-003616,IN-DL-110054-7-39,2026-06-20 09:00:00,SOURCE_IMPORTED,V1,V1,INGESTION_PIPELINE,SYSTEM,5 observations linked,
EVT-003617,IN-DL-110054-7-39,2026-07-01 11:00:00,CONFLICT_DETECTED,V1,V1,CONFLICT_ENGINE,SYSTEM,1 conflicts detected,
EVT-003618,IN-DL-110054-7-39,2026-07-08 14:00:00,MATCH_PROPOSED,V1,P1,MATCHING_ENGINE,SYSTEM,Cross-source match proposed,
EVT-003619,IN-DL-110054-7-39,2026-08-06 10:00:00,EVIDENCE_ADDED,P1,P2,FIELD_SURVEY,SURVEYOR,GNSS/CORS evidence attached,
EVT-003620,IN-DL-110054-7-39,2026-09-10 14:00:00,PROPOSAL_ACCEPTED,P2,V2,POLICY_GATE,AUTHORITY,Proposed state accepted,
EVT-003621,IN-DL-110054-7-39,2026-09-10 14:05:00,CANONICAL_STATE_UPDATED,V1,V2,CANONICAL_REGISTRY,SYSTEM,Authoritative state updated,
EVT-003622,IN-DL-110054-7-40,1996-01-01 12:00:00,PARCEL_CREATED,,V1,CANONICAL_SEED,SYSTEM,Initial cadastral creation,
EVT-003623,IN-DL-110054-7-40,2026-06-20 09:00:00,SOURCE_IMPORTED,V1,V1,INGESTION_PIPELINE,SYSTEM,6 observations linked,
EVT-003624,IN-DL-110054-7-40,2026-07-01 11:00:00,CONFLICT_DETECTED,V1,V1,CONFLICT_ENGINE,SYSTEM,1 conflicts detected,
EVT-003625,IN-DL-110054-7-40,2026-07-08 14:00:00,MATCH_PROPOSED,V1,P1,MATCHING_ENGINE,SYSTEM,Cross-source match proposed,
EVT-003626,IN-DL-110054-7-40,2026-08-06 10:00:00,EVIDENCE_ADDED,P1,P2,FIELD_SURVEY,SURVEYOR,GNSS/CORS evidence attached,
EVT-003627,IN-DL-110054-7-40,2026-09-10 14:00:00,PROPOSAL_ACCEPTED,P2,V2,POLICY_GATE,AUTHORITY,Proposed state accepted,
EVT-003628,IN-DL-110054-7-40,2026-09-10 14:05:00,CANONICAL_STATE_UPDATED,V1,V2,CANONICAL_REGISTRY,SYSTEM,Authoritative state updated,
EVT-003629,IN-DL-110054-7-41,1997-01-01 12:00:00,PARCEL_CREATED,,V1,CANONICAL_SEED,SYSTEM,Initial cadastral creation,
EVT-003630,IN-DL-110054-7-41,2026-06-20 09:00:00,SOURCE_IMPORTED,V1,V1,INGESTION_PIPELINE,SYSTEM,6 observations linked,
EVT-003631,IN-DL-110054-7-41,2026-07-01 11:00:00,CONFLICT_DETECTED,V1,V1,CONFLICT_ENGINE,SYSTEM,1 conflicts detected,
EVT-003632,IN-DL-110054-7-41,2026-07-08 14:00:00,MATCH_PROPOSED,V1,P1,MATCHING_ENGINE,SYSTEM,Cross-source match proposed,
EVT-003633,IN-DL-110054-7-41,2026-09-05 11:00:00,HUMAN_REVIEW,P1,P2,REVIEW_WORKSPACE,HUMAN_REVIEWER,Legal/operational conflict requires decision,
EVT-003634,IN-DL-110054-7-42,1991-01-01 12:00:00,PARCEL_CREATED,,V1,CANONICAL_SEED,SYSTEM,Initial cadastral creation,
EVT-003635,IN-DL-110054-7-42,2026-06-20 09:00:00,SOURCE_IMPORTED,V1,V1,INGESTION_PIPELINE,SYSTEM,4 observations linked,
EVT-003636,IN-DL-110054-7-42,2026-07-08 14:00:00,MATCH_PROPOSED,V1,P1,MATCHING_ENGINE,SYSTEM,Cross-source match proposed,
EVT-003637,IN-DL-110054-7-42,2026-09-10 14:00:00,PROPOSAL_ACCEPTED,P1,V2,POLICY_GATE,AUTHORITY,Proposed state accepted,
EVT-003638,IN-DL-110054-7-42,2026-09-10 14:05:00,CANONICAL_STATE_UPDATED,V1,V2,CANONICAL_REGISTRY,SYSTEM,Authoritative state updated,
EVT-003639,IN-DL-110054-7-43,1992-01-01 12:00:00,PARCEL_CREATED,,V1,CANONICAL_SEED,SYSTEM,Initial cadastral creation,
EVT-003640,IN-DL-110054-7-43,2026-06-20 09:00:00,SOURCE_IMPORTED,V1,V1,INGESTION_PIPELINE,SYSTEM,5 observations linked,
EVT-003641,IN-DL-110054-7-43,2026-07-01 11:00:00,CONFLICT_DETECTED,V1,V1,CONFLICT_ENGINE,SYSTEM,1 conflicts detected,
EVT-003642,IN-DL-110054-7-43,2026-07-08 14:00:00,MATCH_PROPOSED,V1,P1,MATCHING_ENGINE,SYSTEM,Cross-source match proposed,
EVT-003643,IN-DL-110054-7-43,2026-08-06 10:00:00,EVIDENCE_ADDED,P1,P2,FIELD_SURVEY,SURVEYOR,GNSS/CORS evidence attached,
EVT-003644,IN-DL-110054-7-43,2026-09-10 14:00:00,PROPOSAL_ACCEPTED,P2,V2,POLICY_GATE,AUTHORITY,Proposed state accepted,
EVT-003645,IN-DL-110054-7-43,2026-09-10 14:05:00,CANONICAL_STATE_UPDATED,V1,V2,CANONICAL_REGISTRY,SYSTEM,Authoritative state updated,
EVT-003646,IN-DL-110054-7-44,1993-01-01 12:00:00,PARCEL_CREATED,,V1,CANONICAL_SEED,SYSTEM,Initial cadastral creation,
EVT-003647,IN-DL-110054-7-44,2026-06-20 09:00:00,SOURCE_IMPORTED,V1,V1,INGESTION_PIPELINE,SYSTEM,4 observations linked,
EVT-003648,IN-DL-110054-7-44,2026-07-08 14:00:00,MATCH_PROPOSED,V1,P1,MATCHING_ENGINE,SYSTEM,Cross-source match proposed,
EVT-003649,IN-DL-110054-7-44,2026-09-10 14:00:00,PROPOSAL_ACCEPTED,P1,V2,POLICY_GATE,AUTHORITY,Proposed state accepted,
EVT-003650,IN-DL-110054-7-44,2026-09-10 14:05:00,CANONICAL_STATE_UPDATED,V1,V2,CANONICAL_REGISTRY,SYSTEM,Authoritative state updated,
EVT-003651,IN-DL-110054-7-45,1994-01-01 12:00:00,PARCEL_CREATED,,V1,CANONICAL_SEED,SYSTEM,Initial cadastral creation,
EVT-003652,IN-DL-110054-7-45,2026-06-20 09:00:00,SOURCE_IMPORTED,V1,V1,INGESTION_PIPELINE,SYSTEM,4 observations linked,
EVT-003653,IN-DL-110054-7-45,2026-07-01 11:00:00,CONFLICT_DETECTED,V1,V1,CONFLICT_ENGINE,SYSTEM,2 conflicts detected,
EVT-003654,IN-DL-110054-7-45,2026-07-08 14:00:00,MATCH_PROPOSED,V1,P1,MATCHING_ENGINE,SYSTEM,Cross-source match proposed,
EVT-003655,IN-DL-110054-7-45,2026-08-06 10:00:00,EVIDENCE_ADDED,P1,P2,FIELD_SURVEY,SURVEYOR,GNSS/CORS evidence attached,
EVT-003656,IN-DL-110054-7-45,2026-09-05 11:00:00,HUMAN_REVIEW,P2,P2,REVIEW_WORKSPACE,HUMAN_REVIEWER,Legal/operational conflict requires decision,
EVT-003657,IN-DL-110054-7-46,1995-01-01 12:00:00,PARCEL_CREATED,,V1,CANONICAL_SEED,SYSTEM,Initial cadastral creation,
EVT-003658,IN-DL-110054-7-46,2026-06-20 09:00:00,SOURCE_IMPORTED,V1,V1,INGESTION_PIPELINE,SYSTEM,4 observations linked,
EVT-003659,IN-DL-110054-7-46,2026-07-08 14:00:00,MATCH_PROPOSED,V1,P1,MATCHING_ENGINE,SYSTEM,Cross-source match proposed,
EVT-003660,IN-DL-110054-7-46,2026-09-10 14:00:00,PROPOSAL_ACCEPTED,P1,V2,POLICY_GATE,AUTHORITY,Proposed state accepted,
EVT-003661,IN-DL-110054-7-46,2026-09-10 14:05:00,CANONICAL_STATE_UPDATED,V1,V2,CANONICAL_REGISTRY,SYSTEM,Authoritative state updated,
EVT-003662,IN-DL-110054-7-47,1996-01-01 12:00:00,PARCEL_CREATED,,V1,CANONICAL_SEED,SYSTEM,Initial cadastral creation,
EVT-003663,IN-DL-110054-7-47,2026-06-20 09:00:00,SOURCE_IMPORTED,V1,V1,INGESTION_PIPELINE,SYSTEM,4 observations linked,
EVT-003664,IN-DL-110054-7-47,2026-07-08 14:00:00,MATCH_PROPOSED,V1,P1,MATCHING_ENGINE,SYSTEM,Cross-source match proposed,
EVT-003665,IN-DL-110054-7-47,2026-09-10 14:00:00,PROPOSAL_ACCEPTED,P1,V2,POLICY_GATE,AUTHORITY,Proposed state accepted,
EVT-003666,IN-DL-110054-7-47,2026-09-10 14:05:00,CANONICAL_STATE_UPDATED,V1,V2,CANONICAL_REGISTRY,SYSTEM,Authoritative state updated,
EVT-003667,IN-DL-110054-7-48,1997-01-01 12:00:00,PARCEL_CREATED,,V1,CANONICAL_SEED,SYSTEM,Initial cadastral creation,
EVT-003668,IN-DL-110054-7-48,2026-06-20 09:00:00,SOURCE_IMPORTED,V1,V1,INGESTION_PIPELINE,SYSTEM,4 observations linked,
EVT-003669,IN-DL-110054-7-48,2026-07-01 11:00:00,CONFLICT_DETECTED,V1,V1,CONFLICT_ENGINE,SYSTEM,1 conflicts detected,
EVT-003670,IN-DL-110054-7-48,2026-07-08 14:00:00,MATCH_PROPOSED,V1,P1,MATCHING_ENGINE,SYSTEM,Cross-source match proposed,
EVT-003671,IN-DL-110054-7-48,2026-09-10 14:00:00,PROPOSAL_ACCEPTED,P1,V2,POLICY_GATE,AUTHORITY,Proposed state accepted,
EVT-003672,IN-DL-110054-7-48,2026-09-10 14:05:00,CANONICAL_STATE_UPDATED,V1,V2,CANONICAL_REGISTRY,SYSTEM,Authoritative state updated,
EVT-003673,IN-DL-110054-7-49,1991-01-01 12:00:00,PARCEL_CREATED,,V1,CANONICAL_SEED,SYSTEM,Initial cadastral creation,
EVT-003674,IN-DL-110054-7-49,2026-06-20 09:00:00,SOURCE_IMPORTED,V1,V1,INGESTION_PIPELINE,SYSTEM,3 observations linked,
EVT-003675,IN-DL-110054-7-49,2026-07-08 14:00:00,MATCH_PROPOSED,V1,P1,MATCHING_ENGINE,SYSTEM,Cross-source match proposed,
EVT-003676,IN-DL-110054-7-49,2026-09-10 14:00:00,PROPOSAL_ACCEPTED,P1,V2,POLICY_GATE,AUTHORITY,Proposed state accepted,
EVT-003677,IN-DL-110054-7-49,2026-09-10 14:05:00,CANONICAL_STATE_UPDATED,V1,V2,CANONICAL_REGISTRY,SYSTEM,Authoritative state updated,
EVT-003678,IN-DL-110054-7-50,1992-01-01 12:00:00,PARCEL_CREATED,,V1,CANONICAL_SEED,SYSTEM,Initial cadastral creation,
EVT-003679,IN-DL-110054-7-50,2026-06-20 09:00:00,SOURCE_IMPORTED,V1,V1,INGESTION_PIPELINE,SYSTEM,4 observations linked,
EVT-003680,IN-DL-110054-7-50,2026-07-01 11:00:00,CONFLICT_DETECTED,V1,V1,CONFLICT_ENGINE,SYSTEM,1 conflicts detected,
EVT-003681,IN-DL-110054-7-50,2026-07-08 14:00:00,MATCH_PROPOSED,V1,P1,MATCHING_ENGINE,SYSTEM,Cross-source match proposed,
EVT-003682,IN-DL-110054-7-50,2026-09-10 14:00:00,PROPOSAL_ACCEPTED,P1,V2,POLICY_GATE,AUTHORITY,Proposed state accepted,
EVT-003683,IN-DL-110054-7-50,2026-09-10 14:05:00,CANONICAL_STATE_UPDATED,V1,V2,CANONICAL_REGISTRY,SYSTEM,Authoritative state updated,
EVT-003684,IN-DL-110054-7-51,1993-01-01 12:00:00,PARCEL_CREATED,,V1,CANONICAL_SEED,SYSTEM,Initial cadastral creation,
EVT-003685,IN-DL-110054-7-51,2026-06-20 09:00:00,SOURCE_IMPORTED,V1,V1,INGESTION_PIPELINE,SYSTEM,3 observations linked,
EVT-003686,IN-DL-110054-7-51,2026-07-08 14:00:00,MATCH_PROPOSED,V1,P1,MATCHING_ENGINE,SYSTEM,Cross-source match proposed,
EVT-003687,IN-DL-110054-7-51,2026-09-10 14:00:00,PROPOSAL_ACCEPTED,P1,V2,POLICY_GATE,AUTHORITY,Proposed state accepted,
EVT-003688,IN-DL-110054-7-51,2026-09-10 14:05:00,CANONICAL_STATE_UPDATED,V1,V2,CANONICAL_REGISTRY,SYSTEM,Authoritative state updated,
EVT-003689,IN-DL-110054-7-52,1994-01-01 12:00:00,PARCEL_CREATED,,V1,CANONICAL_SEED,SYSTEM,Initial cadastral creation,
EVT-003690,IN-DL-110054-7-52,2026-06-20 09:00:00,SOURCE_IMPORTED,V1,V1,INGESTION_PIPELINE,SYSTEM,3 observations linked,
EVT-003691,IN-DL-110054-7-52,2026-07-08 14:00:00,MATCH_PROPOSED,V1,P1,MATCHING_ENGINE,SYSTEM,Cross-source match proposed,
EVT-003692,IN-DL-110054-7-52,2026-09-10 14:00:00,PROPOSAL_ACCEPTED,P1,V2,POLICY_GATE,AUTHORITY,Proposed state accepted,
EVT-003693,IN-DL-110054-7-52,2026-09-10 14:05:00,CANONICAL_STATE_UPDATED,V1,V2,CANONICAL_REGISTRY,SYSTEM,Authoritative state updated,
EVT-003694,IN-DL-110054-7-53,1995-01-01 12:00:00,PARCEL_CREATED,,V1,CANONICAL_SEED,SYSTEM,Initial cadastral creation,
EVT-003695,IN-DL-110054-7-53,2026-06-20 09:00:00,SOURCE_IMPORTED,V1,V1,INGESTION_PIPELINE,SYSTEM,4 observations linked,
EVT-003696,IN-DL-110054-7-53,2026-07-08 14:00:00,MATCH_PROPOSED,V1,P1,MATCHING_ENGINE,SYSTEM,Cross-source match proposed,
EVT-003697,IN-DL-110054-7-53,2026-09-10 14:00:00,PROPOSAL_ACCEPTED,P1,V2,POLICY_GATE,AUTHORITY,Proposed state accepted,
EVT-003698,IN-DL-110054-7-53,2026-09-10 14:05:00,CANONICAL_STATE_UPDATED,V1,V2,CANONICAL_REGISTRY,SYSTEM,Authoritative state updated,
EVT-003699,IN-DL-110054-7-54,1996-01-01 12:00:00,PARCEL_CREATED,,V1,CANONICAL_SEED,SYSTEM,Initial cadastral creation,
EVT-003700,IN-DL-110054-7-54,2026-06-20 09:00:00,SOURCE_IMPORTED,V1,V1,INGESTION_PIPELINE,SYSTEM,4 observations linked,
EVT-003701,IN-DL-110054-7-54,2026-07-08 14:00:00,MATCH_PROPOSED,V1,P1,MATCHING_ENGINE,SYSTEM,Cross-source match proposed,
EVT-003702,IN-DL-110054-7-54,2026-09-10 14:00:00,PROPOSAL_ACCEPTED,P1,V2,POLICY_GATE,AUTHORITY,Proposed state accepted,
EVT-003703,IN-DL-110054-7-54,2026-09-10 14:05:00,CANONICAL_STATE_UPDATED,V1,V2,CANONICAL_REGISTRY,SYSTEM,Authoritative state updated,
EVT-003704,IN-DL-110054-7-55,1997-01-01 12:00:00,PARCEL_CREATED,,V1,CANONICAL_SEED,SYSTEM,Initial cadastral creation,
EVT-003705,IN-DL-110054-7-55,2026-06-20 09:00:00,SOURCE_IMPORTED,V1,V1,INGESTION_PIPELINE,SYSTEM,4 observations linked,
EVT-003706,IN-DL-110054-7-55,2026-07-08 14:00:00,MATCH_PROPOSED,V1,P1,MATCHING_ENGINE,SYSTEM,Cross-source match proposed,
EVT-003707,IN-DL-110054-7-55,2026-09-10 14:00:00,PROPOSAL_ACCEPTED,P1,V2,POLICY_GATE,AUTHORITY,Proposed state accepted,
EVT-003708,IN-DL-110054-7-55,2026-09-10 14:05:00,CANONICAL_STATE_UPDATED,V1,V2,CANONICAL_REGISTRY,SYSTEM,Authoritative state updated,
EVT-003709,IN-DL-110054-7-56,1991-01-01 12:00:00,PARCEL_CREATED,,V1,CANONICAL_SEED,SYSTEM,Initial cadastral creation,
EVT-003710,IN-DL-110054-7-56,2026-06-20 09:00:00,SOURCE_IMPORTED,V1,V1,INGESTION_PIPELINE,SYSTEM,5 observations linked,
EVT-003711,IN-DL-110054-7-56,2026-07-01 11:00:00,CONFLICT_DETECTED,V1,V1,CONFLICT_ENGINE,SYSTEM,1 conflicts detected,
EVT-003712,IN-DL-110054-7-56,2026-07-08 14:00:00,MATCH_PROPOSED,V1,P1,MATCHING_ENGINE,SYSTEM,Cross-source match proposed,
EVT-003713,IN-DL-110054-7-56,2026-09-10 14:00:00,PROPOSAL_ACCEPTED,P1,V2,POLICY_GATE,AUTHORITY,Proposed state accepted,
EVT-003714,IN-DL-110054-7-56,2026-09-10 14:05:00,CANONICAL_STATE_UPDATED,V1,V2,CANONICAL_REGISTRY,SYSTEM,Authoritative state updated,
EVT-003715,IN-DL-110054-7-57,1992-01-01 12:00:00,PARCEL_CREATED,,V1,CANONICAL_SEED,SYSTEM,Initial cadastral creation,
EVT-003716,IN-DL-110054-7-57,2026-06-20 09:00:00,SOURCE_IMPORTED,V1,V1,INGESTION_PIPELINE,SYSTEM,3 observations linked,
EVT-003717,IN-DL-110054-7-57,2026-07-08 14:00:00,MATCH_PROPOSED,V1,P1,MATCHING_ENGINE,SYSTEM,Cross-source match proposed,
EVT-003718,IN-DL-110054-7-57,2026-09-10 14:00:00,PROPOSAL_ACCEPTED,P1,V2,POLICY_GATE,AUTHORITY,Proposed state accepted,
EVT-003719,IN-DL-110054-7-57,2026-09-10 14:05:00,CANONICAL_STATE_UPDATED,V1,V2,CANONICAL_REGISTRY,SYSTEM,Authoritative state updated,
EVT-003720,IN-DL-110054-7-58,1993-01-01 12:00:00,PARCEL_CREATED,,V1,CANONICAL_SEED,SYSTEM,Initial cadastral creation,
EVT-003721,IN-DL-110054-7-58,2026-06-20 09:00:00,SOURCE_IMPORTED,V1,V1,INGESTION_PIPELINE,SYSTEM,3 observations linked,
EVT-003722,IN-DL-110054-7-58,2026-07-01 11:00:00,CONFLICT_DETECTED,V1,V1,CONFLICT_ENGINE,SYSTEM,1 conflicts detected,
EVT-003723,IN-DL-110054-7-58,2026-07-08 14:00:00,MATCH_PROPOSED,V1,P1,MATCHING_ENGINE,SYSTEM,Cross-source match proposed,
EVT-003724,IN-DL-110054-7-58,2026-09-10 14:00:00,PROPOSAL_ACCEPTED,P1,V2,POLICY_GATE,AUTHORITY,Proposed state accepted,
EVT-003725,IN-DL-110054-7-58,2026-09-10 14:05:00,CANONICAL_STATE_UPDATED,V1,V2,CANONICAL_REGISTRY,SYSTEM,Authoritative state updated,
EVT-003726,IN-DL-110054-7-59,1994-01-01 12:00:00,PARCEL_CREATED,,V1,CANONICAL_SEED,SYSTEM,Initial cadastral creation,
EVT-003727,IN-DL-110054-7-59,2026-06-20 09:00:00,SOURCE_IMPORTED,V1,V1,INGESTION_PIPELINE,SYSTEM,4 observations linked,
EVT-003728,IN-DL-110054-7-59,2026-07-08 14:00:00,MATCH_PROPOSED,V1,P1,MATCHING_ENGINE,SYSTEM,Cross-source match proposed,
EVT-003729,IN-DL-110054-7-59,2026-09-10 14:00:00,PROPOSAL_ACCEPTED,P1,V2,POLICY_GATE,AUTHORITY,Proposed state accepted,
EVT-003730,IN-DL-110054-7-59,2026-09-10 14:05:00,CANONICAL_STATE_UPDATED,V1,V2,CANONICAL_REGISTRY,SYSTEM,Authoritative state updated,
EVT-003731,IN-DL-110054-7-60,1995-01-01 12:00:00,PARCEL_CREATED,,V1,CANONICAL_SEED,SYSTEM,Initial cadastral creation,
EVT-003732,IN-DL-110054-7-60,2026-06-20 09:00:00,SOURCE_IMPORTED,V1,V1,INGESTION_PIPELINE,SYSTEM,4 observations linked,
EVT-003733,IN-DL-110054-7-60,2026-07-01 11:00:00,CONFLICT_DETECTED,V1,V1,CONFLICT_ENGINE,SYSTEM,3 conflicts detected,
EVT-003734,IN-DL-110054-7-60,2026-07-08 14:00:00,MATCH_PROPOSED,V1,P1,MATCHING_ENGINE,SYSTEM,Cross-source match proposed,
EVT-003735,IN-DL-110054-7-60,2026-09-10 14:00:00,PROPOSAL_ACCEPTED,P1,V2,POLICY_GATE,AUTHORITY,Proposed state accepted,
EVT-003736,IN-DL-110054-7-60,2026-09-10 14:05:00,CANONICAL_STATE_UPDATED,V1,V2,CANONICAL_REGISTRY,SYSTEM,Authoritative state updated,
EVT-003737,IN-DL-110054-7-61,1996-01-01 12:00:00,PARCEL_CREATED,,V1,CANONICAL_SEED,SYSTEM,Initial cadastral creation,
EVT-003738,IN-DL-110054-7-61,2026-06-20 09:00:00,SOURCE_IMPORTED,V1,V1,INGESTION_PIPELINE,SYSTEM,4 observations linked,
EVT-003739,IN-DL-110054-7-61,2026-07-08 14:00:00,MATCH_PROPOSED,V1,P1,MATCHING_ENGINE,SYSTEM,Cross-source match proposed,
EVT-003740,IN-DL-110054-7-61,2026-09-10 14:00:00,PROPOSAL_ACCEPTED,P1,V2,POLICY_GATE,AUTHORITY,Proposed state accepted,
EVT-003741,IN-DL-110054-7-61,2026-09-10 14:05:00,CANONICAL_STATE_UPDATED,V1,V2,CANONICAL_REGISTRY,SYSTEM,Authoritative state updated,
EVT-003742,IN-DL-110054-7-62,1997-01-01 12:00:00,PARCEL_CREATED,,V1,CANONICAL_SEED,SYSTEM,Initial cadastral creation,
EVT-003743,IN-DL-110054-7-62,2026-06-20 09:00:00,SOURCE_IMPORTED,V1,V1,INGESTION_PIPELINE,SYSTEM,4 observations linked,
EVT-003744,IN-DL-110054-7-62,2026-07-01 11:00:00,CONFLICT_DETECTED,V1,V1,CONFLICT_ENGINE,SYSTEM,1 conflicts detected,
EVT-003745,IN-DL-110054-7-62,2026-07-08 14:00:00,MATCH_PROPOSED,V1,P1,MATCHING_ENGINE,SYSTEM,Cross-source match proposed,
EVT-003746,IN-DL-110054-7-62,2026-09-05 12:00:00,HUMAN_REVIEW,P1,P1,REVIEW_WORKSPACE,HUMAN_REVIEWER,Additional evidence requested,
EVT-003747,IN-DL-110054-7-63,1991-01-01 12:00:00,PARCEL_CREATED,,V1,CANONICAL_SEED,SYSTEM,Initial cadastral creation,
EVT-003748,IN-DL-110054-7-63,2026-06-20 09:00:00,SOURCE_IMPORTED,V1,V1,INGESTION_PIPELINE,SYSTEM,3 observations linked,
EVT-003749,IN-DL-110054-7-63,2026-07-08 14:00:00,MATCH_PROPOSED,V1,P1,MATCHING_ENGINE,SYSTEM,Cross-source match proposed,
EVT-003750,IN-DL-110054-7-63,2026-09-10 14:00:00,PROPOSAL_ACCEPTED,P1,V2,POLICY_GATE,AUTHORITY,Proposed state accepted,
EVT-003751,IN-DL-110054-7-63,2026-09-10 14:05:00,CANONICAL_STATE_UPDATED,V1,V2,CANONICAL_REGISTRY,SYSTEM,Authoritative state updated,
EVT-003752,IN-DL-110054-7-64,1992-01-01 12:00:00,PARCEL_CREATED,,V1,CANONICAL_SEED,SYSTEM,Initial cadastral creation,
EVT-003753,IN-DL-110054-7-64,2026-06-20 09:00:00,SOURCE_IMPORTED,V1,V1,INGESTION_PIPELINE,SYSTEM,3 observations linked,
EVT-003754,IN-DL-110054-7-64,2026-07-01 11:00:00,CONFLICT_DETECTED,V1,V1,CONFLICT_ENGINE,SYSTEM,1 conflicts detected,
EVT-003755,IN-DL-110054-7-64,2026-07-08 14:00:00,MATCH_PROPOSED,V1,P1,MATCHING_ENGINE,SYSTEM,Cross-source match proposed,
EVT-003756,IN-DL-110054-7-64,2026-09-05 12:00:00,HUMAN_REVIEW,P1,P1,REVIEW_WORKSPACE,HUMAN_REVIEWER,Additional evidence requested,
EVT-003757,IN-DL-110054-7-65,1993-01-01 12:00:00,PARCEL_CREATED,,V1,CANONICAL_SEED,SYSTEM,Initial cadastral creation,
EVT-003758,IN-DL-110054-7-65,2026-06-20 09:00:00,SOURCE_IMPORTED,V1,V1,INGESTION_PIPELINE,SYSTEM,4 observations linked,
EVT-003759,IN-DL-110054-7-65,2026-07-01 11:00:00,CONFLICT_DETECTED,V1,V1,CONFLICT_ENGINE,SYSTEM,1 conflicts detected,
EVT-003760,IN-DL-110054-7-65,2026-07-08 14:00:00,MATCH_PROPOSED,V1,P1,MATCHING_ENGINE,SYSTEM,Cross-source match proposed,
EVT-003761,IN-DL-110054-7-65,2026-09-10 14:00:00,PROPOSAL_ACCEPTED,P1,V2,POLICY_GATE,AUTHORITY,Proposed state accepted,
EVT-003762,IN-DL-110054-7-65,2026-09-10 14:05:00,CANONICAL_STATE_UPDATED,V1,V2,CANONICAL_REGISTRY,SYSTEM,Authoritative state updated,
EVT-003763,IN-DL-110054-7-66,1994-01-01 12:00:00,PARCEL_CREATED,,V1,CANONICAL_SEED,SYSTEM,Initial cadastral creation,
EVT-003764,IN-DL-110054-7-66,2026-06-20 09:00:00,SOURCE_IMPORTED,V1,V1,INGESTION_PIPELINE,SYSTEM,4 observations linked,
EVT-003765,IN-DL-110054-7-66,2026-07-08 14:00:00,MATCH_PROPOSED,V1,P1,MATCHING_ENGINE,SYSTEM,Cross-source match proposed,
EVT-003766,IN-DL-110054-7-66,2026-09-10 14:00:00,PROPOSAL_ACCEPTED,P1,V2,POLICY_GATE,AUTHORITY,Proposed state accepted,
EVT-003767,IN-DL-110054-7-66,2026-09-10 14:05:00,CANONICAL_STATE_UPDATED,V1,V2,CANONICAL_REGISTRY,SYSTEM,Authoritative state updated,
EVT-003768,IN-DL-110054-7-67,1995-01-01 12:00:00,PARCEL_CREATED,,V1,CANONICAL_SEED,SYSTEM,Initial cadastral creation,
EVT-003769,IN-DL-110054-7-67,2026-06-20 09:00:00,SOURCE_IMPORTED,V1,V1,INGESTION_PIPELINE,SYSTEM,3 observations linked,
EVT-003770,IN-DL-110054-7-67,2026-07-08 14:00:00,MATCH_PROPOSED,V1,P1,MATCHING_ENGINE,SYSTEM,Cross-source match proposed,
EVT-003771,IN-DL-110054-7-67,2026-09-10 14:00:00,PROPOSAL_ACCEPTED,P1,V2,POLICY_GATE,AUTHORITY,Proposed state accepted,
EVT-003772,IN-DL-110054-7-67,2026-09-10 14:05:00,CANONICAL_STATE_UPDATED,V1,V2,CANONICAL_REGISTRY,SYSTEM,Authoritative state updated,
EVT-003773,IN-DL-110054-7-68,1996-01-01 12:00:00,PARCEL_CREATED,,V1,CANONICAL_SEED,SYSTEM,Initial cadastral creation,
EVT-003774,IN-DL-110054-7-68,2026-06-20 09:00:00,SOURCE_IMPORTED,V1,V1,INGESTION_PIPELINE,SYSTEM,4 observations linked,
EVT-003775,IN-DL-110054-7-68,2026-07-08 14:00:00,MATCH_PROPOSED,V1,P1,MATCHING_ENGINE,SYSTEM,Cross-source match proposed,
EVT-003776,IN-DL-110054-7-68,2026-09-10 14:00:00,PROPOSAL_ACCEPTED,P1,V2,POLICY_GATE,AUTHORITY,Proposed state accepted,
EVT-003777,IN-DL-110054-7-68,2026-09-10 14:05:00,CANONICAL_STATE_UPDATED,V1,V2,CANONICAL_REGISTRY,SYSTEM,Authoritative state updated,
EVT-003778,IN-DL-110054-7-69,1997-01-01 12:00:00,PARCEL_CREATED,,V1,CANONICAL_SEED,SYSTEM,Initial cadastral creation,
EVT-003779,IN-DL-110054-7-69,2026-06-20 09:00:00,SOURCE_IMPORTED,V1,V1,INGESTION_PIPELINE,SYSTEM,4 observations linked,
EVT-003780,IN-DL-110054-7-69,2026-07-08 14:00:00,MATCH_PROPOSED,V1,P1,MATCHING_ENGINE,SYSTEM,Cross-source match proposed,
EVT-003781,IN-DL-110054-7-69,2026-09-10 14:00:00,PROPOSAL_ACCEPTED,P1,V2,POLICY_GATE,AUTHORITY,Proposed state accepted,
EVT-003782,IN-DL-110054-7-69,2026-09-10 14:05:00,CANONICAL_STATE_UPDATED,V1,V2,CANONICAL_REGISTRY,SYSTEM,Authoritative state updated,
EVT-003783,IN-DL-110054-7-70,1991-01-01 12:00:00,PARCEL_CREATED,,V1,CANONICAL_SEED,SYSTEM,Initial cadastral creation,
EVT-003784,IN-DL-110054-7-70,2026-06-20 09:00:00,SOURCE_IMPORTED,V1,V1,INGESTION_PIPELINE,SYSTEM,4 observations linked,
EVT-003785,IN-DL-110054-7-70,2026-07-01 11:00:00,CONFLICT_DETECTED,V1,V1,CONFLICT_ENGINE,SYSTEM,1 conflicts detected,
EVT-003786,IN-DL-110054-7-70,2026-07-08 14:00:00,MATCH_PROPOSED,V1,P1,MATCHING_ENGINE,SYSTEM,Cross-source match proposed,
EVT-003787,IN-DL-110054-7-70,2026-09-10 14:00:00,PROPOSAL_ACCEPTED,P1,V2,POLICY_GATE,AUTHORITY,Proposed state accepted,
EVT-003788,IN-DL-110054-7-70,2026-09-10 14:05:00,CANONICAL_STATE_UPDATED,V1,V2,CANONICAL_REGISTRY,SYSTEM,Authoritative state updated,
EVT-003789,IN-DL-110054-7-71,1992-01-01 12:00:00,PARCEL_CREATED,,V1,CANONICAL_SEED,SYSTEM,Initial cadastral creation,
EVT-003790,IN-DL-110054-7-71,2026-06-20 09:00:00,SOURCE_IMPORTED,V1,V1,INGESTION_PIPELINE,SYSTEM,5 observations linked,
EVT-003791,IN-DL-110054-7-71,2026-07-08 14:00:00,MATCH_PROPOSED,V1,P1,MATCHING_ENGINE,SYSTEM,Cross-source match proposed,
EVT-003792,IN-DL-110054-7-71,2026-09-10 14:00:00,PROPOSAL_ACCEPTED,P1,V2,POLICY_GATE,AUTHORITY,Proposed state accepted,
EVT-003793,IN-DL-110054-7-71,2026-09-10 14:05:00,CANONICAL_STATE_UPDATED,V1,V2,CANONICAL_REGISTRY,SYSTEM,Authoritative state updated,
EVT-003794,IN-DL-110054-7-72,1993-01-01 12:00:00,PARCEL_CREATED,,V1,CANONICAL_SEED,SYSTEM,Initial cadastral creation,
EVT-003795,IN-DL-110054-7-72,2026-06-20 09:00:00,SOURCE_IMPORTED,V1,V1,INGESTION_PIPELINE,SYSTEM,6 observations linked,
EVT-003796,IN-DL-110054-7-72,2026-07-01 11:00:00,CONFLICT_DETECTED,V1,V1,CONFLICT_ENGINE,SYSTEM,1 conflicts detected,
EVT-003797,IN-DL-110054-7-72,2026-07-08 14:00:00,MATCH_PROPOSED,V1,P1,MATCHING_ENGINE,SYSTEM,Cross-source match proposed,
EVT-003798,IN-DL-110054-7-72,2026-08-06 10:00:00,EVIDENCE_ADDED,P1,P2,FIELD_SURVEY,SURVEYOR,GNSS/CORS evidence attached,
EVT-003799,IN-DL-110054-7-72,2026-09-10 14:00:00,PROPOSAL_ACCEPTED,P2,V2,POLICY_GATE,AUTHORITY,Proposed state accepted,
EVT-003800,IN-DL-110054-7-72,2026-09-10 14:05:00,CANONICAL_STATE_UPDATED,V1,V2,CANONICAL_REGISTRY,SYSTEM,Authoritative state updated,
EVT-003801,IN-DL-110054-7-73,1994-01-01 12:00:00,PARCEL_CREATED,,V1,CANONICAL_SEED,SYSTEM,Initial cadastral creation,
EVT-003802,IN-DL-110054-7-73,2026-06-20 09:00:00,SOURCE_IMPORTED,V1,V1,INGESTION_PIPELINE,SYSTEM,5 observations linked,
EVT-003803,IN-DL-110054-7-73,2026-07-08 14:00:00,MATCH_PROPOSED,V1,P1,MATCHING_ENGINE,SYSTEM,Cross-source match proposed,
EVT-003804,IN-DL-110054-7-73,2026-09-10 14:00:00,PROPOSAL_ACCEPTED,P1,V2,POLICY_GATE,AUTHORITY,Proposed state accepted,
EVT-003805,IN-DL-110054-7-73,2026-09-10 14:05:00,CANONICAL_STATE_UPDATED,V1,V2,CANONICAL_REGISTRY,SYSTEM,Authoritative state updated,
EVT-003806,IN-DL-110054-7-74,1995-01-01 12:00:00,PARCEL_CREATED,,V1,CANONICAL_SEED,SYSTEM,Initial cadastral creation,
EVT-003807,IN-DL-110054-7-74,2026-06-20 09:00:00,SOURCE_IMPORTED,V1,V1,INGESTION_PIPELINE,SYSTEM,4 observations linked,
EVT-003808,IN-DL-110054-7-74,2026-07-08 14:00:00,MATCH_PROPOSED,V1,P1,MATCHING_ENGINE,SYSTEM,Cross-source match proposed,
EVT-003809,IN-DL-110054-7-74,2026-09-10 14:00:00,PROPOSAL_ACCEPTED,P1,V2,POLICY_GATE,AUTHORITY,Proposed state accepted,
EVT-003810,IN-DL-110054-7-74,2026-09-10 14:05:00,CANONICAL_STATE_UPDATED,V1,V2,CANONICAL_REGISTRY,SYSTEM,Authoritative state updated,
EVT-003811,IN-DL-110054-7-75,1996-01-01 12:00:00,PARCEL_CREATED,,V1,CANONICAL_SEED,SYSTEM,Initial cadastral creation,
EVT-003812,IN-DL-110054-7-75,2026-06-20 09:00:00,SOURCE_IMPORTED,V1,V1,INGESTION_PIPELINE,SYSTEM,6 observations linked,
EVT-003813,IN-DL-110054-7-75,2026-07-01 11:00:00,CONFLICT_DETECTED,V1,V1,CONFLICT_ENGINE,SYSTEM,1 conflicts detected,
EVT-003814,IN-DL-110054-7-75,2026-07-08 14:00:00,MATCH_PROPOSED,V1,P1,MATCHING_ENGINE,SYSTEM,Cross-source match proposed,
EVT-003815,IN-DL-110054-7-75,2026-09-10 14:00:00,PROPOSAL_ACCEPTED,P1,V2,POLICY_GATE,AUTHORITY,Proposed state accepted,
EVT-003816,IN-DL-110054-7-75,2026-09-10 14:05:00,CANONICAL_STATE_UPDATED,V1,V2,CANONICAL_REGISTRY,SYSTEM,Authoritative state updated,
EVT-003817,IN-DL-110054-7-76,1997-01-01 12:00:00,PARCEL_CREATED,,V1,CANONICAL_SEED,SYSTEM,Initial cadastral creation,
EVT-003818,IN-DL-110054-7-76,2026-06-20 09:00:00,SOURCE_IMPORTED,V1,V1,INGESTION_PIPELINE,SYSTEM,6 observations linked,
EVT-003819,IN-DL-110054-7-76,2026-07-01 11:00:00,CONFLICT_DETECTED,V1,V1,CONFLICT_ENGINE,SYSTEM,1 conflicts detected,
EVT-003820,IN-DL-110054-7-76,2026-07-08 14:00:00,MATCH_PROPOSED,V1,P1,MATCHING_ENGINE,SYSTEM,Cross-source match proposed,
EVT-003821,IN-DL-110054-7-76,2026-08-06 10:00:00,EVIDENCE_ADDED,P1,P2,FIELD_SURVEY,SURVEYOR,GNSS/CORS evidence attached,
EVT-003822,IN-DL-110054-7-76,2026-09-05 11:00:00,HUMAN_REVIEW,P2,P2,REVIEW_WORKSPACE,HUMAN_REVIEWER,Legal/operational conflict requires decision,
EVT-003823,IN-DL-110054-7-77,1991-01-01 12:00:00,PARCEL_CREATED,,V1,CANONICAL_SEED,SYSTEM,Initial cadastral creation,
EVT-003824,IN-DL-110054-7-77,2026-06-20 09:00:00,SOURCE_IMPORTED,V1,V1,INGESTION_PIPELINE,SYSTEM,4 observations linked,
EVT-003825,IN-DL-110054-7-77,2026-07-01 11:00:00,CONFLICT_DETECTED,V1,V1,CONFLICT_ENGINE,SYSTEM,1 conflicts detected,
EVT-003826,IN-DL-110054-7-77,2026-07-08 14:00:00,MATCH_PROPOSED,V1,P1,MATCHING_ENGINE,SYSTEM,Cross-source match proposed,
EVT-003827,IN-DL-110054-7-77,2026-09-05 12:00:00,HUMAN_REVIEW,P1,P1,REVIEW_WORKSPACE,HUMAN_REVIEWER,Additional evidence requested,
EVT-003828,IN-DL-110054-7-78,1992-01-01 12:00:00,PARCEL_CREATED,,V1,CANONICAL_SEED,SYSTEM,Initial cadastral creation,
EVT-003829,IN-DL-110054-7-78,2026-06-20 09:00:00,SOURCE_IMPORTED,V1,V1,INGESTION_PIPELINE,SYSTEM,4 observations linked,
EVT-003830,IN-DL-110054-7-78,2026-07-01 11:00:00,CONFLICT_DETECTED,V1,V1,CONFLICT_ENGINE,SYSTEM,1 conflicts detected,
EVT-003831,IN-DL-110054-7-78,2026-07-08 14:00:00,MATCH_PROPOSED,V1,P1,MATCHING_ENGINE,SYSTEM,Cross-source match proposed,
EVT-003832,IN-DL-110054-7-78,2026-09-05 12:00:00,HUMAN_REVIEW,P1,P1,REVIEW_WORKSPACE,HUMAN_REVIEWER,Additional evidence requested,
EVT-003833,IN-DL-110054-7-79,1993-01-01 12:00:00,PARCEL_CREATED,,V1,CANONICAL_SEED,SYSTEM,Initial cadastral creation,
EVT-003834,IN-DL-110054-7-79,2026-06-20 09:00:00,SOURCE_IMPORTED,V1,V1,INGESTION_PIPELINE,SYSTEM,4 observations linked,
EVT-003835,IN-DL-110054-7-79,2026-07-01 11:00:00,CONFLICT_DETECTED,V1,V1,CONFLICT_ENGINE,SYSTEM,1 conflicts detected,
EVT-003836,IN-DL-110054-7-79,2026-07-08 14:00:00,MATCH_PROPOSED,V1,P1,MATCHING_ENGINE,SYSTEM,Cross-source match proposed,
EVT-003837,IN-DL-110054-7-79,2026-09-05 12:00:00,HUMAN_REVIEW,P1,P1,REVIEW_WORKSPACE,HUMAN_REVIEWER,Additional evidence requested,
EVT-003838,IN-DL-110054-7-80,1994-01-01 12:00:00,PARCEL_CREATED,,V1,CANONICAL_SEED,SYSTEM,Initial cadastral creation,
EVT-003839,IN-DL-110054-7-80,2026-06-20 09:00:00,SOURCE_IMPORTED,V1,V1,INGESTION_PIPELINE,SYSTEM,5 observations linked,
EVT-003840,IN-DL-110054-7-80,2026-07-01 11:00:00,CONFLICT_DETECTED,V1,V1,CONFLICT_ENGINE,SYSTEM,1 conflicts detected,
EVT-003841,IN-DL-110054-7-80,2026-07-08 14:00:00,MATCH_PROPOSED,V1,P1,MATCHING_ENGINE,SYSTEM,Cross-source match proposed,
EVT-003842,IN-DL-110054-7-80,2026-08-06 10:00:00,EVIDENCE_ADDED,P1,P2,FIELD_SURVEY,SURVEYOR,GNSS/CORS evidence attached,
EVT-003843,IN-DL-110054-7-80,2026-09-10 14:00:00,PROPOSAL_ACCEPTED,P2,V2,POLICY_GATE,AUTHORITY,Proposed state accepted,
EVT-003844,IN-DL-110054-7-80,2026-09-10 14:05:00,CANONICAL_STATE_UPDATED,V1,V2,CANONICAL_REGISTRY,SYSTEM,Authoritative state updated,
EVT-003845,IN-DL-110054-7-81,1995-01-01 12:00:00,PARCEL_CREATED,,V1,CANONICAL_SEED,SYSTEM,Initial cadastral creation,
EVT-003846,IN-DL-110054-7-81,2026-06-20 09:00:00,SOURCE_IMPORTED,V1,V1,INGESTION_PIPELINE,SYSTEM,4 observations linked,
EVT-003847,IN-DL-110054-7-81,2026-07-08 14:00:00,MATCH_PROPOSED,V1,P1,MATCHING_ENGINE,SYSTEM,Cross-source match proposed,
EVT-003848,IN-DL-110054-7-81,2026-09-10 14:00:00,PROPOSAL_ACCEPTED,P1,V2,POLICY_GATE,AUTHORITY,Proposed state accepted,
EVT-003849,IN-DL-110054-7-81,2026-09-10 14:05:00,CANONICAL_STATE_UPDATED,V1,V2,CANONICAL_REGISTRY,SYSTEM,Authoritative state updated,
EVT-003850,IN-DL-110054-7-82,1996-01-01 12:00:00,PARCEL_CREATED,,V1,CANONICAL_SEED,SYSTEM,Initial cadastral creation,
EVT-003851,IN-DL-110054-7-82,2026-06-20 09:00:00,SOURCE_IMPORTED,V1,V1,INGESTION_PIPELINE,SYSTEM,5 observations linked,
EVT-003852,IN-DL-110054-7-82,2026-07-08 14:00:00,MATCH_PROPOSED,V1,P1,MATCHING_ENGINE,SYSTEM,Cross-source match proposed,
EVT-003853,IN-DL-110054-7-82,2026-09-10 14:00:00,PROPOSAL_ACCEPTED,P1,V2,POLICY_GATE,AUTHORITY,Proposed state accepted,
EVT-003854,IN-DL-110054-7-82,2026-09-10 14:05:00,CANONICAL_STATE_UPDATED,V1,V2,CANONICAL_REGISTRY,SYSTEM,Authoritative state updated,
EVT-003855,IN-DL-110054-7-83,1997-01-01 12:00:00,PARCEL_CREATED,,V1,CANONICAL_SEED,SYSTEM,Initial cadastral creation,
EVT-003856,IN-DL-110054-7-83,2026-06-20 09:00:00,SOURCE_IMPORTED,V1,V1,INGESTION_PIPELINE,SYSTEM,5 observations linked,
EVT-003857,IN-DL-110054-7-83,2026-07-01 11:00:00,CONFLICT_DETECTED,V1,V1,CONFLICT_ENGINE,SYSTEM,1 conflicts detected,
EVT-003858,IN-DL-110054-7-83,2026-07-08 14:00:00,MATCH_PROPOSED,V1,P1,MATCHING_ENGINE,SYSTEM,Cross-source match proposed,
EVT-003859,IN-DL-110054-7-83,2026-09-05 11:00:00,HUMAN_REVIEW,P1,P2,REVIEW_WORKSPACE,HUMAN_REVIEWER,Legal/operational conflict requires decision,
EVT-003860,IN-DL-110054-7-84,1991-01-01 12:00:00,PARCEL_CREATED,,V1,CANONICAL_SEED,SYSTEM,Initial cadastral creation,
EVT-003861,IN-DL-110054-7-84,2026-06-20 09:00:00,SOURCE_IMPORTED,V1,V1,INGESTION_PIPELINE,SYSTEM,4 observations linked,
EVT-003862,IN-DL-110054-7-84,2026-07-01 11:00:00,CONFLICT_DETECTED,V1,V1,CONFLICT_ENGINE,SYSTEM,4 conflicts detected,
EVT-003863,IN-DL-110054-7-84,2026-07-08 14:00:00,MATCH_PROPOSED,V1,P1,MATCHING_ENGINE,SYSTEM,Cross-source match proposed,
EVT-003864,IN-DL-110054-7-84,2026-09-07 15:00:00,PROPOSAL_REJECTED,P1,V1,REVIEW_WORKSPACE,HUMAN_REVIEWER,Candidate match rejected,
EVT-003865,IN-DL-110054-7-85,1992-01-01 12:00:00,PARCEL_CREATED,,V1,CANONICAL_SEED,SYSTEM,Initial cadastral creation,
EVT-003866,IN-DL-110054-7-85,2026-06-20 09:00:00,SOURCE_IMPORTED,V1,V1,INGESTION_PIPELINE,SYSTEM,5 observations linked,
EVT-003867,IN-DL-110054-7-85,2026-07-08 14:00:00,MATCH_PROPOSED,V1,P1,MATCHING_ENGINE,SYSTEM,Cross-source match proposed,
EVT-003868,IN-DL-110054-7-85,2026-09-10 14:00:00,PROPOSAL_ACCEPTED,P1,V2,POLICY_GATE,AUTHORITY,Proposed state accepted,
EVT-003869,IN-DL-110054-7-85,2026-09-10 14:05:00,CANONICAL_STATE_UPDATED,V1,V2,CANONICAL_REGISTRY,SYSTEM,Authoritative state updated,
EVT-003870,IN-DL-110054-7-86,1993-01-01 12:00:00,PARCEL_CREATED,,V1,CANONICAL_SEED,SYSTEM,Initial cadastral creation,
EVT-003871,IN-DL-110054-7-86,2026-06-20 09:00:00,SOURCE_IMPORTED,V1,V1,INGESTION_PIPELINE,SYSTEM,7 observations linked,
EVT-003872,IN-DL-110054-7-86,2026-07-08 14:00:00,MATCH_PROPOSED,V1,P1,MATCHING_ENGINE,SYSTEM,Cross-source match proposed,
EVT-003873,IN-DL-110054-7-86,2026-08-06 10:00:00,EVIDENCE_ADDED,P1,P2,FIELD_SURVEY,SURVEYOR,GNSS/CORS evidence attached,
EVT-003874,IN-DL-110054-7-86,2026-09-10 14:00:00,PROPOSAL_ACCEPTED,P2,V2,POLICY_GATE,AUTHORITY,Proposed state accepted,
EVT-003875,IN-DL-110054-7-86,2026-09-10 14:05:00,CANONICAL_STATE_UPDATED,V1,V2,CANONICAL_REGISTRY,SYSTEM,Authoritative state updated,
EVT-003876,IN-DL-110054-7-87,1994-01-01 12:00:00,PARCEL_CREATED,,V1,CANONICAL_SEED,SYSTEM,Initial cadastral creation,
EVT-003877,IN-DL-110054-7-87,2026-06-20 09:00:00,SOURCE_IMPORTED,V1,V1,INGESTION_PIPELINE,SYSTEM,5 observations linked,
EVT-003878,IN-DL-110054-7-87,2026-07-01 11:00:00,CONFLICT_DETECTED,V1,V1,CONFLICT_ENGINE,SYSTEM,1 conflicts detected,
EVT-003879,IN-DL-110054-7-87,2026-07-08 14:00:00,MATCH_PROPOSED,V1,P1,MATCHING_ENGINE,SYSTEM,Cross-source match proposed,
EVT-003880,IN-DL-110054-7-87,2026-08-06 10:00:00,EVIDENCE_ADDED,P1,P2,FIELD_SURVEY,SURVEYOR,GNSS/CORS evidence attached,
EVT-003881,IN-DL-110054-7-87,2026-09-05 11:00:00,HUMAN_REVIEW,P2,P2,REVIEW_WORKSPACE,HUMAN_REVIEWER,Legal/operational conflict requires decision,
EVT-003882,IN-DL-110054-7-88,1995-01-01 12:00:00,PARCEL_CREATED,,V1,CANONICAL_SEED,SYSTEM,Initial cadastral creation,
EVT-003883,IN-DL-110054-7-88,2026-06-20 09:00:00,SOURCE_IMPORTED,V1,V1,INGESTION_PIPELINE,SYSTEM,3 observations linked,
EVT-003884,IN-DL-110054-7-88,2026-07-01 11:00:00,CONFLICT_DETECTED,V1,V1,CONFLICT_ENGINE,SYSTEM,1 conflicts detected,
EVT-003885,IN-DL-110054-7-88,2026-07-08 14:00:00,MATCH_PROPOSED,V1,P1,MATCHING_ENGINE,SYSTEM,Cross-source match proposed,
EVT-003886,IN-DL-110054-7-88,2026-09-10 14:00:00,PROPOSAL_ACCEPTED,P1,V2,POLICY_GATE,AUTHORITY,Proposed state accepted,
EVT-003887,IN-DL-110054-7-88,2026-09-10 14:05:00,CANONICAL_STATE_UPDATED,V1,V2,CANONICAL_REGISTRY,SYSTEM,Authoritative state updated,
EVT-003888,IN-DL-110054-7-89,1996-01-01 12:00:00,PARCEL_CREATED,,V1,CANONICAL_SEED,SYSTEM,Initial cadastral creation,
EVT-003889,IN-DL-110054-7-89,2026-06-20 09:00:00,SOURCE_IMPORTED,V1,V1,INGESTION_PIPELINE,SYSTEM,4 observations linked,
EVT-003890,IN-DL-110054-7-89,2026-07-08 14:00:00,MATCH_PROPOSED,V1,P1,MATCHING_ENGINE,SYSTEM,Cross-source match proposed,
EVT-003891,IN-DL-110054-7-89,2026-09-10 14:00:00,PROPOSAL_ACCEPTED,P1,V2,POLICY_GATE,AUTHORITY,Proposed state accepted,
EVT-003892,IN-DL-110054-7-89,2026-09-10 14:05:00,CANONICAL_STATE_UPDATED,V1,V2,CANONICAL_REGISTRY,SYSTEM,Authoritative state updated,
EVT-003893,IN-DL-110054-7-90,1997-01-01 12:00:00,PARCEL_CREATED,,V1,CANONICAL_SEED,SYSTEM,Initial cadastral creation,
EVT-003894,IN-DL-110054-7-90,2026-06-20 09:00:00,SOURCE_IMPORTED,V1,V1,INGESTION_PIPELINE,SYSTEM,4 observations linked,
EVT-003895,IN-DL-110054-7-90,2026-07-01 11:00:00,CONFLICT_DETECTED,V1,V1,CONFLICT_ENGINE,SYSTEM,2 conflicts detected,
EVT-003896,IN-DL-110054-7-90,2026-07-08 14:00:00,MATCH_PROPOSED,V1,P1,MATCHING_ENGINE,SYSTEM,Cross-source match proposed,
EVT-003897,IN-DL-110054-7-90,2026-09-10 14:00:00,PROPOSAL_ACCEPTED,P1,V2,POLICY_GATE,AUTHORITY,Proposed state accepted,
EVT-003898,IN-DL-110054-7-90,2026-09-10 14:05:00,CANONICAL_STATE_UPDATED,V1,V2,CANONICAL_REGISTRY,SYSTEM,Authoritative state updated,
EVT-003899,IN-DL-110054-7-91,2015-03-15 12:00:00,PARCEL_CREATED,,V1,CANONICAL_SEED,SYSTEM,Created from lineage,IN-DL-110054-7-101
EVT-003900,IN-DL-110054-7-91,2026-06-20 09:00:00,SOURCE_IMPORTED,V1,V1,INGESTION_PIPELINE,SYSTEM,5 observations linked,
EVT-003901,IN-DL-110054-7-91,2026-07-01 11:00:00,CONFLICT_DETECTED,V1,V1,CONFLICT_ENGINE,SYSTEM,1 conflicts detected,
EVT-003902,IN-DL-110054-7-91,2026-07-08 14:00:00,MATCH_PROPOSED,V1,P1,MATCHING_ENGINE,SYSTEM,Cross-source match proposed,
EVT-003903,IN-DL-110054-7-91,2026-08-06 10:00:00,EVIDENCE_ADDED,P1,P2,FIELD_SURVEY,SURVEYOR,GNSS/CORS evidence attached,
EVT-003904,IN-DL-110054-7-91,2026-09-05 11:00:00,HUMAN_REVIEW,P2,P2,REVIEW_WORKSPACE,HUMAN_REVIEWER,Legal/operational conflict requires decision,
EVT-003905,IN-DL-110054-7-92,2015-03-15 12:00:00,PARCEL_CREATED,,V1,CANONICAL_SEED,SYSTEM,Created from lineage,IN-DL-110054-7-101
EVT-003906,IN-DL-110054-7-92,2026-06-20 09:00:00,SOURCE_IMPORTED,V1,V1,INGESTION_PIPELINE,SYSTEM,4 observations linked,
EVT-003907,IN-DL-110054-7-92,2026-07-01 11:00:00,CONFLICT_DETECTED,V1,V1,CONFLICT_ENGINE,SYSTEM,1 conflicts detected,
EVT-003908,IN-DL-110054-7-92,2026-07-08 14:00:00,MATCH_PROPOSED,V1,P1,MATCHING_ENGINE,SYSTEM,Cross-source match proposed,
EVT-003909,IN-DL-110054-7-92,2026-09-05 11:00:00,HUMAN_REVIEW,P1,P2,REVIEW_WORKSPACE,HUMAN_REVIEWER,Legal/operational conflict requires decision,
EVT-003910,IN-DL-110054-7-93,2010-07-10 12:00:00,PARCEL_CREATED,,V1,CANONICAL_SEED,SYSTEM,Created from lineage,IN-DL-110054-7-102;IN-DL-110054-7-103
EVT-003911,IN-DL-110054-7-93,2026-06-20 09:00:00,SOURCE_IMPORTED,V1,V1,INGESTION_PIPELINE,SYSTEM,5 observations linked,
EVT-003912,IN-DL-110054-7-93,2026-07-08 14:00:00,MATCH_PROPOSED,V1,P1,MATCHING_ENGINE,SYSTEM,Cross-source match proposed,
EVT-003913,IN-DL-110054-7-93,2026-09-10 14:00:00,PROPOSAL_ACCEPTED,P1,V2,POLICY_GATE,AUTHORITY,Proposed state accepted,
EVT-003914,IN-DL-110054-7-93,2026-09-10 14:05:00,CANONICAL_STATE_UPDATED,V1,V2,CANONICAL_REGISTRY,SYSTEM,Authoritative state updated,
EVT-003915,IN-DL-110054-7-94,2018-11-05 12:00:00,PARCEL_CREATED,,V1,CANONICAL_SEED,SYSTEM,Created from lineage,IN-DL-110054-7-104;IN-DL-110054-7-105
EVT-003916,IN-DL-110054-7-94,2026-06-20 09:00:00,SOURCE_IMPORTED,V1,V1,INGESTION_PIPELINE,SYSTEM,4 observations linked,
EVT-003917,IN-DL-110054-7-94,2026-07-01 11:00:00,CONFLICT_DETECTED,V1,V1,CONFLICT_ENGINE,SYSTEM,1 conflicts detected,
EVT-003918,IN-DL-110054-7-94,2026-07-08 14:00:00,MATCH_PROPOSED,V1,P1,MATCHING_ENGINE,SYSTEM,Cross-source match proposed,
EVT-003919,IN-DL-110054-7-94,2026-09-05 12:00:00,HUMAN_REVIEW,P1,P1,REVIEW_WORKSPACE,HUMAN_REVIEWER,Additional evidence requested,
EVT-003920,IN-DL-110054-7-95,1995-01-01 12:00:00,PARCEL_CREATED,,V1,CANONICAL_SEED,SYSTEM,Initial cadastral creation,
EVT-003921,IN-DL-110054-7-95,2026-06-20 09:00:00,SOURCE_IMPORTED,V1,V1,INGESTION_PIPELINE,SYSTEM,5 observations linked,
EVT-003922,IN-DL-110054-7-95,2026-07-08 14:00:00,MATCH_PROPOSED,V1,P1,MATCHING_ENGINE,SYSTEM,Cross-source match proposed,
EVT-003923,IN-DL-110054-7-95,2026-09-10 14:00:00,PROPOSAL_ACCEPTED,P1,V2,POLICY_GATE,AUTHORITY,Proposed state accepted,
EVT-003924,IN-DL-110054-7-95,2026-09-10 14:05:00,CANONICAL_STATE_UPDATED,V1,V2,CANONICAL_REGISTRY,SYSTEM,Authoritative state updated,
EVT-003925,IN-DL-110054-7-96,1996-01-01 12:00:00,PARCEL_CREATED,,V1,CANONICAL_SEED,SYSTEM,Initial cadastral creation,
EVT-003926,IN-DL-110054-7-96,2026-06-20 09:00:00,SOURCE_IMPORTED,V1,V1,INGESTION_PIPELINE,SYSTEM,5 observations linked,
EVT-003927,IN-DL-110054-7-96,2026-07-01 11:00:00,CONFLICT_DETECTED,V1,V1,CONFLICT_ENGINE,SYSTEM,3 conflicts detected,
EVT-003928,IN-DL-110054-7-96,2026-07-08 14:00:00,MATCH_PROPOSED,V1,P1,MATCHING_ENGINE,SYSTEM,Cross-source match proposed,
EVT-003929,IN-DL-110054-7-96,2026-08-06 10:00:00,EVIDENCE_ADDED,P1,P2,FIELD_SURVEY,SURVEYOR,GNSS/CORS evidence attached,
EVT-003930,IN-DL-110054-7-96,2026-09-05 11:00:00,HUMAN_REVIEW,P2,P2,REVIEW_WORKSPACE,HUMAN_REVIEWER,Legal/operational conflict requires decision,
EVT-003931,IN-DL-110054-7-97,1997-01-01 12:00:00,PARCEL_CREATED,,V1,CANONICAL_SEED,SYSTEM,Initial cadastral creation,
EVT-003932,IN-DL-110054-7-97,2026-06-20 09:00:00,SOURCE_IMPORTED,V1,V1,INGESTION_PIPELINE,SYSTEM,4 observations linked,
EVT-003933,IN-DL-110054-7-97,2026-07-01 11:00:00,CONFLICT_DETECTED,V1,V1,CONFLICT_ENGINE,SYSTEM,1 conflicts detected,
EVT-003934,IN-DL-110054-7-97,2026-07-08 14:00:00,MATCH_PROPOSED,V1,P1,MATCHING_ENGINE,SYSTEM,Cross-source match proposed,
EVT-003935,IN-DL-110054-7-97,2026-09-10 14:00:00,PROPOSAL_ACCEPTED,P1,V2,POLICY_GATE,AUTHORITY,Proposed state accepted,
EVT-003936,IN-DL-110054-7-97,2026-09-10 14:05:00,CANONICAL_STATE_UPDATED,V1,V2,CANONICAL_REGISTRY,SYSTEM,Authoritative state updated,
EVT-003937,IN-DL-110054-7-98,1991-01-01 12:00:00,PARCEL_CREATED,,V1,CANONICAL_SEED,SYSTEM,Initial cadastral creation,
EVT-003938,IN-DL-110054-7-98,2026-06-20 09:00:00,SOURCE_IMPORTED,V1,V1,INGESTION_PIPELINE,SYSTEM,4 observations linked,
EVT-003939,IN-DL-110054-7-98,2026-07-01 11:00:00,CONFLICT_DETECTED,V1,V1,CONFLICT_ENGINE,SYSTEM,1 conflicts detected,
EVT-003940,IN-DL-110054-7-98,2026-07-08 14:00:00,MATCH_PROPOSED,V1,P1,MATCHING_ENGINE,SYSTEM,Cross-source match proposed,
EVT-003941,IN-DL-110054-7-98,2026-09-05 12:00:00,HUMAN_REVIEW,P1,P1,REVIEW_WORKSPACE,HUMAN_REVIEWER,Additional evidence requested,
EVT-003942,IN-DL-110054-7-99,1992-01-01 12:00:00,PARCEL_CREATED,,V1,CANONICAL_SEED,SYSTEM,Initial cadastral creation,
EVT-003943,IN-DL-110054-7-99,2026-06-20 09:00:00,SOURCE_IMPORTED,V1,V1,INGESTION_PIPELINE,SYSTEM,5 observations linked,
EVT-003944,IN-DL-110054-7-99,2026-07-08 14:00:00,MATCH_PROPOSED,V1,P1,MATCHING_ENGINE,SYSTEM,Cross-source match proposed,
EVT-003945,IN-DL-110054-7-99,2026-08-06 10:00:00,EVIDENCE_ADDED,P1,P2,FIELD_SURVEY,SURVEYOR,GNSS/CORS evidence attached,
EVT-003946,IN-DL-110054-7-99,2026-09-10 14:00:00,PROPOSAL_ACCEPTED,P2,V2,POLICY_GATE,AUTHORITY,Proposed state accepted,
EVT-003947,IN-DL-110054-7-99,2026-09-10 14:05:00,CANONICAL_STATE_UPDATED,V1,V2,CANONICAL_REGISTRY,SYSTEM,Authoritative state updated,
EVT-003948,IN-DL-110054-7-100,2023-01-16 12:00:00,PARCEL_CREATED,,V1,CANONICAL_SEED,SYSTEM,Created from lineage,IN-DL-110054-7-106
EVT-003949,IN-DL-110054-7-100,2026-06-20 09:00:00,SOURCE_IMPORTED,V1,V1,INGESTION_PIPELINE,SYSTEM,3 observations linked,
EVT-003950,IN-DL-110054-7-100,2026-07-01 11:00:00,CONFLICT_DETECTED,V1,V1,CONFLICT_ENGINE,SYSTEM,4 conflicts detected,
EVT-003951,IN-DL-110054-7-100,2026-07-08 14:00:00,MATCH_PROPOSED,V1,P1,MATCHING_ENGINE,SYSTEM,Cross-source match proposed,
EVT-003952,IN-DL-110054-7-100,2026-09-05 12:00:00,HUMAN_REVIEW,P1,P1,REVIEW_WORKSPACE,HUMAN_REVIEWER,Additional evidence requested,
EVT-003953,IN-DL-110054-8-1,2023-01-16 12:00:00,PARCEL_CREATED,,V1,CANONICAL_SEED,SYSTEM,Created from lineage,IN-DL-110054-7-106
EVT-003954,IN-DL-110054-8-1,2026-06-20 09:00:00,SOURCE_IMPORTED,V1,V1,INGESTION_PIPELINE,SYSTEM,5 observations linked,
EVT-003955,IN-DL-110054-8-1,2026-07-08 14:00:00,MATCH_PROPOSED,V1,P1,MATCHING_ENGINE,SYSTEM,Cross-source match proposed,
EVT-003956,IN-DL-110054-8-1,2026-09-10 14:00:00,PROPOSAL_ACCEPTED,P1,V2,POLICY_GATE,AUTHORITY,Proposed state accepted,
EVT-003957,IN-DL-110054-8-1,2026-09-10 14:05:00,CANONICAL_STATE_UPDATED,V1,V2,CANONICAL_REGISTRY,SYSTEM,Authoritative state updated,
EVT-003958,IN-DL-110054-8-2,1977-01-01 12:00:00,PARCEL_CREATED,,V1,CANONICAL_SEED,SYSTEM,Initial cadastral creation,
EVT-003959,IN-DL-110054-8-2,2026-06-20 09:00:00,SOURCE_IMPORTED,V1,V1,INGESTION_PIPELINE,SYSTEM,4 observations linked,
EVT-003960,IN-DL-110054-8-2,2026-07-08 14:00:00,MATCH_PROPOSED,V1,P1,MATCHING_ENGINE,SYSTEM,Cross-source match proposed,
EVT-003961,IN-DL-110054-8-2,2026-09-10 14:00:00,PROPOSAL_ACCEPTED,P1,V2,POLICY_GATE,AUTHORITY,Proposed state accepted,
EVT-003962,IN-DL-110054-8-2,2026-09-10 14:05:00,CANONICAL_STATE_UPDATED,V1,V2,CANONICAL_REGISTRY,SYSTEM,Authoritative state updated,
EVT-003963,IN-DL-110054-8-3,1978-01-01 12:00:00,PARCEL_CREATED,,V1,CANONICAL_SEED,SYSTEM,Initial cadastral creation,
EVT-003964,IN-DL-110054-8-3,2026-06-20 09:00:00,SOURCE_IMPORTED,V1,V1,INGESTION_PIPELINE,SYSTEM,6 observations linked,
EVT-003965,IN-DL-110054-8-3,2026-07-01 11:00:00,CONFLICT_DETECTED,V1,V1,CONFLICT_ENGINE,SYSTEM,1 conflicts detected,
EVT-003966,IN-DL-110054-8-3,2026-07-08 14:00:00,MATCH_PROPOSED,V1,P1,MATCHING_ENGINE,SYSTEM,Cross-source match proposed,
EVT-003967,IN-DL-110054-8-3,2026-09-10 14:00:00,PROPOSAL_ACCEPTED,P1,V2,POLICY_GATE,AUTHORITY,Proposed state accepted,
EVT-003968,IN-DL-110054-8-3,2026-09-10 14:05:00,CANONICAL_STATE_UPDATED,V1,V2,CANONICAL_REGISTRY,SYSTEM,Authoritative state updated,
EVT-003969,IN-DL-110054-8-4,1979-01-01 12:00:00,PARCEL_CREATED,,V1,CANONICAL_SEED,SYSTEM,Initial cadastral creation,
EVT-003970,IN-DL-110054-8-4,2026-06-20 09:00:00,SOURCE_IMPORTED,V1,V1,INGESTION_PIPELINE,SYSTEM,5 observations linked,
EVT-003971,IN-DL-110054-8-4,2026-07-01 11:00:00,CONFLICT_DETECTED,V1,V1,CONFLICT_ENGINE,SYSTEM,1 conflicts detected,
EVT-003972,IN-DL-110054-8-4,2026-07-08 14:00:00,MATCH_PROPOSED,V1,P1,MATCHING_ENGINE,SYSTEM,Cross-source match proposed,
EVT-003973,IN-DL-110054-8-4,2026-09-07 15:00:00,PROPOSAL_REJECTED,P1,V1,REVIEW_WORKSPACE,HUMAN_REVIEWER,Candidate match rejected,
EVT-003974,IN-DL-110054-8-5,1980-01-01 12:00:00,PARCEL_CREATED,,V1,CANONICAL_SEED,SYSTEM,Initial cadastral creation,
EVT-003975,IN-DL-110054-8-5,2026-06-20 09:00:00,SOURCE_IMPORTED,V1,V1,INGESTION_PIPELINE,SYSTEM,5 observations linked,
EVT-003976,IN-DL-110054-8-5,2026-07-01 11:00:00,CONFLICT_DETECTED,V1,V1,CONFLICT_ENGINE,SYSTEM,1 conflicts detected,
EVT-003977,IN-DL-110054-8-5,2026-07-08 14:00:00,MATCH_PROPOSED,V1,P1,MATCHING_ENGINE,SYSTEM,Cross-source match proposed,
EVT-003978,IN-DL-110054-8-5,2026-09-05 12:00:00,HUMAN_REVIEW,P1,P1,REVIEW_WORKSPACE,HUMAN_REVIEWER,Additional evidence requested,
EVT-003979,IN-DL-110054-8-6,1981-01-01 12:00:00,PARCEL_CREATED,,V1,CANONICAL_SEED,SYSTEM,Initial cadastral creation,
EVT-003980,IN-DL-110054-8-6,2026-06-20 09:00:00,SOURCE_IMPORTED,V1,V1,INGESTION_PIPELINE,SYSTEM,4 observations linked,
EVT-003981,IN-DL-110054-8-6,2026-07-08 14:00:00,MATCH_PROPOSED,V1,P1,MATCHING_ENGINE,SYSTEM,Cross-source match proposed,
EVT-003982,IN-DL-110054-8-6,2026-09-10 14:00:00,PROPOSAL_ACCEPTED,P1,V2,POLICY_GATE,AUTHORITY,Proposed state accepted,
EVT-003983,IN-DL-110054-8-6,2026-09-10 14:05:00,CANONICAL_STATE_UPDATED,V1,V2,CANONICAL_REGISTRY,SYSTEM,Authoritative state updated,
EVT-003984,IN-DL-110054-8-7,1975-01-01 12:00:00,PARCEL_CREATED,,V1,CANONICAL_SEED,SYSTEM,Initial cadastral creation,
EVT-003985,IN-DL-110054-8-7,2026-06-20 09:00:00,SOURCE_IMPORTED,V1,V1,INGESTION_PIPELINE,SYSTEM,6 observations linked,
EVT-003986,IN-DL-110054-8-7,2026-07-08 14:00:00,MATCH_PROPOSED,V1,P1,MATCHING_ENGINE,SYSTEM,Cross-source match proposed,
EVT-003987,IN-DL-110054-8-7,2026-08-06 10:00:00,EVIDENCE_ADDED,P1,P2,FIELD_SURVEY,SURVEYOR,GNSS/CORS evidence attached,
EVT-003988,IN-DL-110054-8-7,2026-09-10 14:00:00,PROPOSAL_ACCEPTED,P2,V2,POLICY_GATE,AUTHORITY,Proposed state accepted,
EVT-003989,IN-DL-110054-8-7,2026-09-10 14:05:00,CANONICAL_STATE_UPDATED,V1,V2,CANONICAL_REGISTRY,SYSTEM,Authoritative state updated,
EVT-003990,IN-DL-110054-8-8,1976-01-01 12:00:00,PARCEL_CREATED,,V1,CANONICAL_SEED,SYSTEM,Initial cadastral creation,
EVT-003991,IN-DL-110054-8-8,2026-06-20 09:00:00,SOURCE_IMPORTED,V1,V1,INGESTION_PIPELINE,SYSTEM,4 observations linked,
EVT-003992,IN-DL-110054-8-8,2026-07-08 14:00:00,MATCH_PROPOSED,V1,P1,MATCHING_ENGINE,SYSTEM,Cross-source match proposed,
EVT-003993,IN-DL-110054-8-8,2026-09-10 14:00:00,PROPOSAL_ACCEPTED,P1,V2,POLICY_GATE,AUTHORITY,Proposed state accepted,
EVT-003994,IN-DL-110054-8-8,2026-09-10 14:05:00,CANONICAL_STATE_UPDATED,V1,V2,CANONICAL_REGISTRY,SYSTEM,Authoritative state updated,
EVT-003995,IN-DL-110054-8-9,1977-01-01 12:00:00,PARCEL_CREATED,,V1,CANONICAL_SEED,SYSTEM,Initial cadastral creation,
EVT-003996,IN-DL-110054-8-9,2026-06-20 09:00:00,SOURCE_IMPORTED,V1,V1,INGESTION_PIPELINE,SYSTEM,7 observations linked,
EVT-003997,IN-DL-110054-8-9,2026-07-01 11:00:00,CONFLICT_DETECTED,V1,V1,CONFLICT_ENGINE,SYSTEM,2 conflicts detected,
EVT-003998,IN-DL-110054-8-9,2026-07-08 14:00:00,MATCH_PROPOSED,V1,P1,MATCHING_ENGINE,SYSTEM,Cross-source match proposed,
EVT-003999,IN-DL-110054-8-9,2026-09-05 11:00:00,HUMAN_REVIEW,P1,P2,REVIEW_WORKSPACE,HUMAN_REVIEWER,Legal/operational conflict requires decision,
EVT-004000,IN-DL-110054-8-10,1978-01-01 12:00:00,PARCEL_CREATED,,V1,CANONICAL_SEED,SYSTEM,Initial cadastral creation,
EVT-004001,IN-DL-110054-8-10,2026-06-20 09:00:00,SOURCE_IMPORTED,V1,V1,INGESTION_PIPELINE,SYSTEM,4 observations linked,
EVT-004002,IN-DL-110054-8-10,2026-07-08 14:00:00,MATCH_PROPOSED,V1,P1,MATCHING_ENGINE,SYSTEM,Cross-source match proposed,
EVT-004003,IN-DL-110054-8-10,2026-09-10 14:00:00,PROPOSAL_ACCEPTED,P1,V2,POLICY_GATE,AUTHORITY,Proposed state accepted,
EVT-004004,IN-DL-110054-8-10,2026-09-10 14:05:00,CANONICAL_STATE_UPDATED,V1,V2,CANONICAL_REGISTRY,SYSTEM,Authoritative state updated,
EVT-004005,IN-DL-110054-8-11,1979-01-01 12:00:00,PARCEL_CREATED,,V1,CANONICAL_SEED,SYSTEM,Initial cadastral creation,
EVT-004006,IN-DL-110054-8-11,2026-06-20 09:00:00,SOURCE_IMPORTED,V1,V1,INGESTION_PIPELINE,SYSTEM,4 observations linked,
EVT-004007,IN-DL-110054-8-11,2026-07-08 14:00:00,MATCH_PROPOSED,V1,P1,MATCHING_ENGINE,SYSTEM,Cross-source match proposed,
EVT-004008,IN-DL-110054-8-11,2026-09-10 14:00:00,PROPOSAL_ACCEPTED,P1,V2,POLICY_GATE,AUTHORITY,Proposed state accepted,
EVT-004009,IN-DL-110054-8-11,2026-09-10 14:05:00,CANONICAL_STATE_UPDATED,V1,V2,CANONICAL_REGISTRY,SYSTEM,Authoritative state updated,
EVT-004010,IN-DL-110054-8-12,1980-01-01 12:00:00,PARCEL_CREATED,,V1,CANONICAL_SEED,SYSTEM,Initial cadastral creation,
EVT-004011,IN-DL-110054-8-12,2026-06-20 09:00:00,SOURCE_IMPORTED,V1,V1,INGESTION_PIPELINE,SYSTEM,4 observations linked,
EVT-004012,IN-DL-110054-8-12,2026-07-01 11:00:00,CONFLICT_DETECTED,V1,V1,CONFLICT_ENGINE,SYSTEM,1 conflicts detected,
EVT-004013,IN-DL-110054-8-12,2026-07-08 14:00:00,MATCH_PROPOSED,V1,P1,MATCHING_ENGINE,SYSTEM,Cross-source match proposed,
EVT-004014,IN-DL-110054-8-12,2026-09-10 14:00:00,PROPOSAL_ACCEPTED,P1,V2,POLICY_GATE,AUTHORITY,Proposed state accepted,
EVT-004015,IN-DL-110054-8-12,2026-09-10 14:05:00,CANONICAL_STATE_UPDATED,V1,V2,CANONICAL_REGISTRY,SYSTEM,Authoritative state updated,
EVT-004016,IN-DL-110054-8-13,1981-01-01 12:00:00,PARCEL_CREATED,,V1,CANONICAL_SEED,SYSTEM,Initial cadastral creation,
EVT-004017,IN-DL-110054-8-13,2026-06-20 09:00:00,SOURCE_IMPORTED,V1,V1,INGESTION_PIPELINE,SYSTEM,4 observations linked,
EVT-004018,IN-DL-110054-8-13,2026-07-08 14:00:00,MATCH_PROPOSED,V1,P1,MATCHING_ENGINE,SYSTEM,Cross-source match proposed,
EVT-004019,IN-DL-110054-8-13,2026-09-10 14:00:00,PROPOSAL_ACCEPTED,P1,V2,POLICY_GATE,AUTHORITY,Proposed state accepted,
EVT-004020,IN-DL-110054-8-13,2026-09-10 14:05:00,CANONICAL_STATE_UPDATED,V1,V2,CANONICAL_REGISTRY,SYSTEM,Authoritative state updated,
EVT-004021,IN-DL-110054-8-14,1975-01-01 12:00:00,PARCEL_CREATED,,V1,CANONICAL_SEED,SYSTEM,Initial cadastral creation,
EVT-004022,IN-DL-110054-8-14,2026-06-20 09:00:00,SOURCE_IMPORTED,V1,V1,INGESTION_PIPELINE,SYSTEM,4 observations linked,
EVT-004023,IN-DL-110054-8-14,2026-07-01 11:00:00,CONFLICT_DETECTED,V1,V1,CONFLICT_ENGINE,SYSTEM,1 conflicts detected,
EVT-004024,IN-DL-110054-8-14,2026-07-08 14:00:00,MATCH_PROPOSED,V1,P1,MATCHING_ENGINE,SYSTEM,Cross-source match proposed,
EVT-004025,IN-DL-110054-8-14,2026-09-05 12:00:00,HUMAN_REVIEW,P1,P1,REVIEW_WORKSPACE,HUMAN_REVIEWER,Additional evidence requested,
EVT-004026,IN-DL-110054-8-15,1976-01-01 12:00:00,PARCEL_CREATED,,V1,CANONICAL_SEED,SYSTEM,Initial cadastral creation,
EVT-004027,IN-DL-110054-8-15,2026-06-20 09:00:00,SOURCE_IMPORTED,V1,V1,INGESTION_PIPELINE,SYSTEM,5 observations linked,
EVT-004028,IN-DL-110054-8-15,2026-07-01 11:00:00,CONFLICT_DETECTED,V1,V1,CONFLICT_ENGINE,SYSTEM,1 conflicts detected,
EVT-004029,IN-DL-110054-8-15,2026-07-08 14:00:00,MATCH_PROPOSED,V1,P1,MATCHING_ENGINE,SYSTEM,Cross-source match proposed,
EVT-004030,IN-DL-110054-8-15,2026-09-10 14:00:00,PROPOSAL_ACCEPTED,P1,V2,POLICY_GATE,AUTHORITY,Proposed state accepted,
EVT-004031,IN-DL-110054-8-15,2026-09-10 14:05:00,CANONICAL_STATE_UPDATED,V1,V2,CANONICAL_REGISTRY,SYSTEM,Authoritative state updated,
EVT-004032,IN-DL-110054-8-16,1977-01-01 12:00:00,PARCEL_CREATED,,V1,CANONICAL_SEED,SYSTEM,Initial cadastral creation,
EVT-004033,IN-DL-110054-8-16,2026-06-20 09:00:00,SOURCE_IMPORTED,V1,V1,INGESTION_PIPELINE,SYSTEM,5 observations linked,
EVT-004034,IN-DL-110054-8-16,2026-07-01 11:00:00,CONFLICT_DETECTED,V1,V1,CONFLICT_ENGINE,SYSTEM,3 conflicts detected,
EVT-004035,IN-DL-110054-8-16,2026-07-08 14:00:00,MATCH_PROPOSED,V1,P1,MATCHING_ENGINE,SYSTEM,Cross-source match proposed,
EVT-004036,IN-DL-110054-8-16,2026-08-06 10:00:00,EVIDENCE_ADDED,P1,P2,FIELD_SURVEY,SURVEYOR,GNSS/CORS evidence attached,
EVT-004037,IN-DL-110054-8-16,2026-09-05 12:00:00,HUMAN_REVIEW,P2,P2,REVIEW_WORKSPACE,HUMAN_REVIEWER,Additional evidence requested,
EVT-004038,IN-DL-110054-8-17,1978-01-01 12:00:00,PARCEL_CREATED,,V1,CANONICAL_SEED,SYSTEM,Initial cadastral creation,
EVT-004039,IN-DL-110054-8-17,2026-06-20 09:00:00,SOURCE_IMPORTED,V1,V1,INGESTION_PIPELINE,SYSTEM,5 observations linked,
EVT-004040,IN-DL-110054-8-17,2026-07-08 14:00:00,MATCH_PROPOSED,V1,P1,MATCHING_ENGINE,SYSTEM,Cross-source match proposed,
EVT-004041,IN-DL-110054-8-17,2026-09-10 14:00:00,PROPOSAL_ACCEPTED,P1,V2,POLICY_GATE,AUTHORITY,Proposed state accepted,
EVT-004042,IN-DL-110054-8-17,2026-09-10 14:05:00,CANONICAL_STATE_UPDATED,V1,V2,CANONICAL_REGISTRY,SYSTEM,Authoritative state updated,
EVT-004043,IN-DL-110054-8-18,1979-01-01 12:00:00,PARCEL_CREATED,,V1,CANONICAL_SEED,SYSTEM,Initial cadastral creation,
EVT-004044,IN-DL-110054-8-18,2026-06-20 09:00:00,SOURCE_IMPORTED,V1,V1,INGESTION_PIPELINE,SYSTEM,3 observations linked,
EVT-004045,IN-DL-110054-8-18,2026-07-01 11:00:00,CONFLICT_DETECTED,V1,V1,CONFLICT_ENGINE,SYSTEM,2 conflicts detected,
EVT-004046,IN-DL-110054-8-18,2026-07-08 14:00:00,MATCH_PROPOSED,V1,P1,MATCHING_ENGINE,SYSTEM,Cross-source match proposed,
EVT-004047,IN-DL-110054-8-18,2026-09-05 12:00:00,HUMAN_REVIEW,P1,P1,REVIEW_WORKSPACE,HUMAN_REVIEWER,Additional evidence requested,
EVT-004048,IN-DL-110054-8-19,1980-01-01 12:00:00,PARCEL_CREATED,,V1,CANONICAL_SEED,SYSTEM,Initial cadastral creation,
EVT-004049,IN-DL-110054-8-19,2026-06-20 09:00:00,SOURCE_IMPORTED,V1,V1,INGESTION_PIPELINE,SYSTEM,5 observations linked,
EVT-004050,IN-DL-110054-8-19,2026-07-08 14:00:00,MATCH_PROPOSED,V1,P1,MATCHING_ENGINE,SYSTEM,Cross-source match proposed,
EVT-004051,IN-DL-110054-8-19,2026-09-10 14:00:00,PROPOSAL_ACCEPTED,P1,V2,POLICY_GATE,AUTHORITY,Proposed state accepted,
EVT-004052,IN-DL-110054-8-19,2026-09-10 14:05:00,CANONICAL_STATE_UPDATED,V1,V2,CANONICAL_REGISTRY,SYSTEM,Authoritative state updated,
EVT-004053,IN-DL-110054-8-20,1981-01-01 12:00:00,PARCEL_CREATED,,V1,CANONICAL_SEED,SYSTEM,Initial cadastral creation,
EVT-004054,IN-DL-110054-8-20,2026-06-20 09:00:00,SOURCE_IMPORTED,V1,V1,INGESTION_PIPELINE,SYSTEM,5 observations linked,
EVT-004055,IN-DL-110054-8-20,2026-07-01 11:00:00,CONFLICT_DETECTED,V1,V1,CONFLICT_ENGINE,SYSTEM,1 conflicts detected,
EVT-004056,IN-DL-110054-8-20,2026-07-08 14:00:00,MATCH_PROPOSED,V1,P1,MATCHING_ENGINE,SYSTEM,Cross-source match proposed,
EVT-004057,IN-DL-110054-8-20,2026-09-10 14:00:00,PROPOSAL_ACCEPTED,P1,V2,POLICY_GATE,AUTHORITY,Proposed state accepted,
EVT-004058,IN-DL-110054-8-20,2026-09-10 14:05:00,CANONICAL_STATE_UPDATED,V1,V2,CANONICAL_REGISTRY,SYSTEM,Authoritative state updated,
EVT-004059,IN-DL-110054-8-21,1975-01-01 12:00:00,PARCEL_CREATED,,V1,CANONICAL_SEED,SYSTEM,Initial cadastral creation,
EVT-004060,IN-DL-110054-8-21,2026-06-20 09:00:00,SOURCE_IMPORTED,V1,V1,INGESTION_PIPELINE,SYSTEM,4 observations linked,
EVT-004061,IN-DL-110054-8-21,2026-07-01 11:00:00,CONFLICT_DETECTED,V1,V1,CONFLICT_ENGINE,SYSTEM,1 conflicts detected,
EVT-004062,IN-DL-110054-8-21,2026-07-08 14:00:00,MATCH_PROPOSED,V1,P1,MATCHING_ENGINE,SYSTEM,Cross-source match proposed,
EVT-004063,IN-DL-110054-8-21,2026-09-05 12:00:00,HUMAN_REVIEW,P1,P1,REVIEW_WORKSPACE,HUMAN_REVIEWER,Additional evidence requested,
EVT-004064,IN-DL-110054-8-22,1976-01-01 12:00:00,PARCEL_CREATED,,V1,CANONICAL_SEED,SYSTEM,Initial cadastral creation,
EVT-004065,IN-DL-110054-8-22,2026-06-20 09:00:00,SOURCE_IMPORTED,V1,V1,INGESTION_PIPELINE,SYSTEM,4 observations linked,
EVT-004066,IN-DL-110054-8-22,2026-07-08 14:00:00,MATCH_PROPOSED,V1,P1,MATCHING_ENGINE,SYSTEM,Cross-source match proposed,
EVT-004067,IN-DL-110054-8-22,2026-09-10 14:00:00,PROPOSAL_ACCEPTED,P1,V2,POLICY_GATE,AUTHORITY,Proposed state accepted,
EVT-004068,IN-DL-110054-8-22,2026-09-10 14:05:00,CANONICAL_STATE_UPDATED,V1,V2,CANONICAL_REGISTRY,SYSTEM,Authoritative state updated,
EVT-004069,IN-DL-110054-8-23,1977-01-01 12:00:00,PARCEL_CREATED,,V1,CANONICAL_SEED,SYSTEM,Initial cadastral creation,
EVT-004070,IN-DL-110054-8-23,2026-06-20 09:00:00,SOURCE_IMPORTED,V1,V1,INGESTION_PIPELINE,SYSTEM,4 observations linked,
EVT-004071,IN-DL-110054-8-23,2026-07-08 14:00:00,MATCH_PROPOSED,V1,P1,MATCHING_ENGINE,SYSTEM,Cross-source match proposed,
EVT-004072,IN-DL-110054-8-23,2026-09-10 14:00:00,PROPOSAL_ACCEPTED,P1,V2,POLICY_GATE,AUTHORITY,Proposed state accepted,
EVT-004073,IN-DL-110054-8-23,2026-09-10 14:05:00,CANONICAL_STATE_UPDATED,V1,V2,CANONICAL_REGISTRY,SYSTEM,Authoritative state updated,
EVT-004074,IN-DL-110054-8-24,1978-01-01 12:00:00,PARCEL_CREATED,,V1,CANONICAL_SEED,SYSTEM,Initial cadastral creation,
EVT-004075,IN-DL-110054-8-24,2026-06-20 09:00:00,SOURCE_IMPORTED,V1,V1,INGESTION_PIPELINE,SYSTEM,5 observations linked,
EVT-004076,IN-DL-110054-8-24,2026-07-01 11:00:00,CONFLICT_DETECTED,V1,V1,CONFLICT_ENGINE,SYSTEM,3 conflicts detected,
EVT-004077,IN-DL-110054-8-24,2026-07-08 14:00:00,MATCH_PROPOSED,V1,P1,MATCHING_ENGINE,SYSTEM,Cross-source match proposed,
EVT-004078,IN-DL-110054-8-24,2026-09-05 11:00:00,HUMAN_REVIEW,P1,P2,REVIEW_WORKSPACE,HUMAN_REVIEWER,Legal/operational conflict requires decision,
EVT-004079,IN-DL-110054-8-25,1979-01-01 12:00:00,PARCEL_CREATED,,V1,CANONICAL_SEED,SYSTEM,Initial cadastral creation,
EVT-004080,IN-DL-110054-8-25,2026-06-20 09:00:00,SOURCE_IMPORTED,V1,V1,INGESTION_PIPELINE,SYSTEM,5 observations linked,
EVT-004081,IN-DL-110054-8-25,2026-07-01 11:00:00,CONFLICT_DETECTED,V1,V1,CONFLICT_ENGINE,SYSTEM,1 conflicts detected,
EVT-004082,IN-DL-110054-8-25,2026-07-08 14:00:00,MATCH_PROPOSED,V1,P1,MATCHING_ENGINE,SYSTEM,Cross-source match proposed,
EVT-004083,IN-DL-110054-8-25,2026-09-05 11:00:00,HUMAN_REVIEW,P1,P2,REVIEW_WORKSPACE,HUMAN_REVIEWER,Legal/operational conflict requires decision,
EVT-004084,IN-DL-110054-8-26,1980-01-01 12:00:00,PARCEL_CREATED,,V1,CANONICAL_SEED,SYSTEM,Initial cadastral creation,
EVT-004085,IN-DL-110054-8-26,2026-06-20 09:00:00,SOURCE_IMPORTED,V1,V1,INGESTION_PIPELINE,SYSTEM,3 observations linked,
EVT-004086,IN-DL-110054-8-26,2026-07-08 14:00:00,MATCH_PROPOSED,V1,P1,MATCHING_ENGINE,SYSTEM,Cross-source match proposed,
EVT-004087,IN-DL-110054-8-26,2026-09-10 14:00:00,PROPOSAL_ACCEPTED,P1,V2,POLICY_GATE,AUTHORITY,Proposed state accepted,
EVT-004088,IN-DL-110054-8-26,2026-09-10 14:05:00,CANONICAL_STATE_UPDATED,V1,V2,CANONICAL_REGISTRY,SYSTEM,Authoritative state updated,
EVT-004089,IN-DL-110054-8-27,1981-01-01 12:00:00,PARCEL_CREATED,,V1,CANONICAL_SEED,SYSTEM,Initial cadastral creation,
EVT-004090,IN-DL-110054-8-27,2026-06-20 09:00:00,SOURCE_IMPORTED,V1,V1,INGESTION_PIPELINE,SYSTEM,5 observations linked,
EVT-004091,IN-DL-110054-8-27,2026-07-01 11:00:00,CONFLICT_DETECTED,V1,V1,CONFLICT_ENGINE,SYSTEM,1 conflicts detected,
EVT-004092,IN-DL-110054-8-27,2026-07-08 14:00:00,MATCH_PROPOSED,V1,P1,MATCHING_ENGINE,SYSTEM,Cross-source match proposed,
EVT-004093,IN-DL-110054-8-27,2026-08-06 10:00:00,EVIDENCE_ADDED,P1,P2,FIELD_SURVEY,SURVEYOR,GNSS/CORS evidence attached,
EVT-004094,IN-DL-110054-8-27,2026-09-05 11:00:00,HUMAN_REVIEW,P2,P2,REVIEW_WORKSPACE,HUMAN_REVIEWER,Legal/operational conflict requires decision,
EVT-004095,IN-DL-110054-8-28,1975-01-01 12:00:00,PARCEL_CREATED,,V1,CANONICAL_SEED,SYSTEM,Initial cadastral creation,
EVT-004096,IN-DL-110054-8-28,2026-06-20 09:00:00,SOURCE_IMPORTED,V1,V1,INGESTION_PIPELINE,SYSTEM,3 observations linked,
EVT-004097,IN-DL-110054-8-28,2026-07-01 11:00:00,CONFLICT_DETECTED,V1,V1,CONFLICT_ENGINE,SYSTEM,2 conflicts detected,
EVT-004098,IN-DL-110054-8-28,2026-07-08 14:00:00,MATCH_PROPOSED,V1,P1,MATCHING_ENGINE,SYSTEM,Cross-source match proposed,
EVT-004099,IN-DL-110054-8-28,2026-09-05 12:00:00,HUMAN_REVIEW,P1,P1,REVIEW_WORKSPACE,HUMAN_REVIEWER,Additional evidence requested,
EVT-004100,IN-DL-110054-8-29,1976-01-01 12:00:00,PARCEL_CREATED,,V1,CANONICAL_SEED,SYSTEM,Initial cadastral creation,
EVT-004101,IN-DL-110054-8-29,2026-06-20 09:00:00,SOURCE_IMPORTED,V1,V1,INGESTION_PIPELINE,SYSTEM,5 observations linked,
EVT-004102,IN-DL-110054-8-29,2026-07-08 14:00:00,MATCH_PROPOSED,V1,P1,MATCHING_ENGINE,SYSTEM,Cross-source match proposed,
EVT-004103,IN-DL-110054-8-29,2026-09-10 14:00:00,PROPOSAL_ACCEPTED,P1,V2,POLICY_GATE,AUTHORITY,Proposed state accepted,
EVT-004104,IN-DL-110054-8-29,2026-09-10 14:05:00,CANONICAL_STATE_UPDATED,V1,V2,CANONICAL_REGISTRY,SYSTEM,Authoritative state updated,
EVT-004105,IN-DL-110054-8-30,1977-01-01 12:00:00,PARCEL_CREATED,,V1,CANONICAL_SEED,SYSTEM,Initial cadastral creation,
EVT-004106,IN-DL-110054-8-30,2026-06-20 09:00:00,SOURCE_IMPORTED,V1,V1,INGESTION_PIPELINE,SYSTEM,6 observations linked,
EVT-004107,IN-DL-110054-8-30,2026-07-01 11:00:00,CONFLICT_DETECTED,V1,V1,CONFLICT_ENGINE,SYSTEM,1 conflicts detected,
EVT-004108,IN-DL-110054-8-30,2026-07-08 14:00:00,MATCH_PROPOSED,V1,P1,MATCHING_ENGINE,SYSTEM,Cross-source match proposed,
EVT-004109,IN-DL-110054-8-30,2026-08-06 10:00:00,EVIDENCE_ADDED,P1,P2,FIELD_SURVEY,SURVEYOR,GNSS/CORS evidence attached,
EVT-004110,IN-DL-110054-8-30,2026-09-10 14:00:00,PROPOSAL_ACCEPTED,P2,V2,POLICY_GATE,AUTHORITY,Proposed state accepted,
EVT-004111,IN-DL-110054-8-30,2026-09-10 14:05:00,CANONICAL_STATE_UPDATED,V1,V2,CANONICAL_REGISTRY,SYSTEM,Authoritative state updated,
EVT-004112,IN-DL-110054-8-31,1978-01-01 12:00:00,PARCEL_CREATED,,V1,CANONICAL_SEED,SYSTEM,Initial cadastral creation,
EVT-004113,IN-DL-110054-8-31,2026-06-20 09:00:00,SOURCE_IMPORTED,V1,V1,INGESTION_PIPELINE,SYSTEM,4 observations linked,
EVT-004114,IN-DL-110054-8-31,2026-07-01 11:00:00,CONFLICT_DETECTED,V1,V1,CONFLICT_ENGINE,SYSTEM,1 conflicts detected,
EVT-004115,IN-DL-110054-8-31,2026-07-08 14:00:00,MATCH_PROPOSED,V1,P1,MATCHING_ENGINE,SYSTEM,Cross-source match proposed,
EVT-004116,IN-DL-110054-8-31,2026-08-06 10:00:00,EVIDENCE_ADDED,P1,P2,FIELD_SURVEY,SURVEYOR,GNSS/CORS evidence attached,
EVT-004117,IN-DL-110054-8-31,2026-09-05 12:00:00,HUMAN_REVIEW,P2,P2,REVIEW_WORKSPACE,HUMAN_REVIEWER,Additional evidence requested,
EVT-004118,IN-DL-110054-8-32,1979-01-01 12:00:00,PARCEL_CREATED,,V1,CANONICAL_SEED,SYSTEM,Initial cadastral creation,
EVT-004119,IN-DL-110054-8-32,2026-06-20 09:00:00,SOURCE_IMPORTED,V1,V1,INGESTION_PIPELINE,SYSTEM,5 observations linked,
EVT-004120,IN-DL-110054-8-32,2026-07-08 14:00:00,MATCH_PROPOSED,V1,P1,MATCHING_ENGINE,SYSTEM,Cross-source match proposed,
EVT-004121,IN-DL-110054-8-32,2026-08-06 10:00:00,EVIDENCE_ADDED,P1,P2,FIELD_SURVEY,SURVEYOR,GNSS/CORS evidence attached,
EVT-004122,IN-DL-110054-8-32,2026-09-10 14:00:00,PROPOSAL_ACCEPTED,P2,V2,POLICY_GATE,AUTHORITY,Proposed state accepted,
EVT-004123,IN-DL-110054-8-32,2026-09-10 14:05:00,CANONICAL_STATE_UPDATED,V1,V2,CANONICAL_REGISTRY,SYSTEM,Authoritative state updated,
EVT-004124,IN-DL-110054-8-33,1980-01-01 12:00:00,PARCEL_CREATED,,V1,CANONICAL_SEED,SYSTEM,Initial cadastral creation,
EVT-004125,IN-DL-110054-8-33,2026-06-20 09:00:00,SOURCE_IMPORTED,V1,V1,INGESTION_PIPELINE,SYSTEM,5 observations linked,
EVT-004126,IN-DL-110054-8-33,2026-07-01 11:00:00,CONFLICT_DETECTED,V1,V1,CONFLICT_ENGINE,SYSTEM,1 conflicts detected,
EVT-004127,IN-DL-110054-8-33,2026-07-08 14:00:00,MATCH_PROPOSED,V1,P1,MATCHING_ENGINE,SYSTEM,Cross-source match proposed,
EVT-004128,IN-DL-110054-8-33,2026-09-05 11:00:00,HUMAN_REVIEW,P1,P2,REVIEW_WORKSPACE,HUMAN_REVIEWER,Legal/operational conflict requires decision,
EVT-004129,IN-DL-110054-8-34,1981-01-01 12:00:00,PARCEL_CREATED,,V1,CANONICAL_SEED,SYSTEM,Initial cadastral creation,
EVT-004130,IN-DL-110054-8-34,2026-06-20 09:00:00,SOURCE_IMPORTED,V1,V1,INGESTION_PIPELINE,SYSTEM,3 observations linked,
EVT-004131,IN-DL-110054-8-34,2026-07-08 14:00:00,MATCH_PROPOSED,V1,P1,MATCHING_ENGINE,SYSTEM,Cross-source match proposed,
EVT-004132,IN-DL-110054-8-34,2026-09-10 14:00:00,PROPOSAL_ACCEPTED,P1,V2,POLICY_GATE,AUTHORITY,Proposed state accepted,
EVT-004133,IN-DL-110054-8-34,2026-09-10 14:05:00,CANONICAL_STATE_UPDATED,V1,V2,CANONICAL_REGISTRY,SYSTEM,Authoritative state updated,
EVT-004134,IN-DL-110054-8-35,1975-01-01 12:00:00,PARCEL_CREATED,,V1,CANONICAL_SEED,SYSTEM,Initial cadastral creation,
EVT-004135,IN-DL-110054-8-35,2026-06-20 09:00:00,SOURCE_IMPORTED,V1,V1,INGESTION_PIPELINE,SYSTEM,3 observations linked,
EVT-004136,IN-DL-110054-8-35,2026-07-01 11:00:00,CONFLICT_DETECTED,V1,V1,CONFLICT_ENGINE,SYSTEM,1 conflicts detected,
EVT-004137,IN-DL-110054-8-35,2026-07-08 14:00:00,MATCH_PROPOSED,V1,P1,MATCHING_ENGINE,SYSTEM,Cross-source match proposed,
EVT-004138,IN-DL-110054-8-35,2026-09-05 11:00:00,HUMAN_REVIEW,P1,P2,REVIEW_WORKSPACE,HUMAN_REVIEWER,Legal/operational conflict requires decision,
EVT-004139,IN-DL-110054-8-36,1976-01-01 12:00:00,PARCEL_CREATED,,V1,CANONICAL_SEED,SYSTEM,Initial cadastral creation,
EVT-004140,IN-DL-110054-8-36,2026-06-20 09:00:00,SOURCE_IMPORTED,V1,V1,INGESTION_PIPELINE,SYSTEM,5 observations linked,
EVT-004141,IN-DL-110054-8-36,2026-07-01 11:00:00,CONFLICT_DETECTED,V1,V1,CONFLICT_ENGINE,SYSTEM,3 conflicts detected,
EVT-004142,IN-DL-110054-8-36,2026-07-08 14:00:00,MATCH_PROPOSED,V1,P1,MATCHING_ENGINE,SYSTEM,Cross-source match proposed,
EVT-004143,IN-DL-110054-8-36,2026-08-06 10:00:00,EVIDENCE_ADDED,P1,P2,FIELD_SURVEY,SURVEYOR,GNSS/CORS evidence attached,
EVT-004144,IN-DL-110054-8-36,2026-09-05 11:00:00,HUMAN_REVIEW,P2,P2,REVIEW_WORKSPACE,HUMAN_REVIEWER,Legal/operational conflict requires decision,
EVT-004145,IN-DL-110054-8-37,1977-01-01 12:00:00,PARCEL_CREATED,,V1,CANONICAL_SEED,SYSTEM,Initial cadastral creation,
EVT-004146,IN-DL-110054-8-37,2026-06-20 09:00:00,SOURCE_IMPORTED,V1,V1,INGESTION_PIPELINE,SYSTEM,4 observations linked,
EVT-004147,IN-DL-110054-8-37,2026-07-08 14:00:00,MATCH_PROPOSED,V1,P1,MATCHING_ENGINE,SYSTEM,Cross-source match proposed,
EVT-004148,IN-DL-110054-8-37,2026-09-10 14:00:00,PROPOSAL_ACCEPTED,P1,V2,POLICY_GATE,AUTHORITY,Proposed state accepted,
EVT-004149,IN-DL-110054-8-37,2026-09-10 14:05:00,CANONICAL_STATE_UPDATED,V1,V2,CANONICAL_REGISTRY,SYSTEM,Authoritative state updated,
EVT-004150,IN-DL-110054-8-38,1978-01-01 12:00:00,PARCEL_CREATED,,V1,CANONICAL_SEED,SYSTEM,Initial cadastral creation,
EVT-004151,IN-DL-110054-8-38,2026-06-20 09:00:00,SOURCE_IMPORTED,V1,V1,INGESTION_PIPELINE,SYSTEM,4 observations linked,
EVT-004152,IN-DL-110054-8-38,2026-07-01 11:00:00,CONFLICT_DETECTED,V1,V1,CONFLICT_ENGINE,SYSTEM,1 conflicts detected,
EVT-004153,IN-DL-110054-8-38,2026-07-08 14:00:00,MATCH_PROPOSED,V1,P1,MATCHING_ENGINE,SYSTEM,Cross-source match proposed,
EVT-004154,IN-DL-110054-8-38,2026-09-05 11:00:00,HUMAN_REVIEW,P1,P2,REVIEW_WORKSPACE,HUMAN_REVIEWER,Legal/operational conflict requires decision,
EVT-004155,IN-DL-110054-8-39,1979-01-01 12:00:00,PARCEL_CREATED,,V1,CANONICAL_SEED,SYSTEM,Initial cadastral creation,
EVT-004156,IN-DL-110054-8-39,2026-06-20 09:00:00,SOURCE_IMPORTED,V1,V1,INGESTION_PIPELINE,SYSTEM,3 observations linked,
EVT-004157,IN-DL-110054-8-39,2026-07-08 14:00:00,MATCH_PROPOSED,V1,P1,MATCHING_ENGINE,SYSTEM,Cross-source match proposed,
EVT-004158,IN-DL-110054-8-39,2026-09-10 14:00:00,PROPOSAL_ACCEPTED,P1,V2,POLICY_GATE,AUTHORITY,Proposed state accepted,
EVT-004159,IN-DL-110054-8-39,2026-09-10 14:05:00,CANONICAL_STATE_UPDATED,V1,V2,CANONICAL_REGISTRY,SYSTEM,Authoritative state updated,
EVT-004160,IN-DL-110054-8-40,1980-01-01 12:00:00,PARCEL_CREATED,,V1,CANONICAL_SEED,SYSTEM,Initial cadastral creation,
EVT-004161,IN-DL-110054-8-40,2026-06-20 09:00:00,SOURCE_IMPORTED,V1,V1,INGESTION_PIPELINE,SYSTEM,4 observations linked,
EVT-004162,IN-DL-110054-8-40,2026-07-01 11:00:00,CONFLICT_DETECTED,V1,V1,CONFLICT_ENGINE,SYSTEM,1 conflicts detected,
EVT-004163,IN-DL-110054-8-40,2026-07-08 14:00:00,MATCH_PROPOSED,V1,P1,MATCHING_ENGINE,SYSTEM,Cross-source match proposed,
EVT-004164,IN-DL-110054-8-40,2026-09-10 14:00:00,PROPOSAL_ACCEPTED,P1,V2,POLICY_GATE,AUTHORITY,Proposed state accepted,
EVT-004165,IN-DL-110054-8-40,2026-09-10 14:05:00,CANONICAL_STATE_UPDATED,V1,V2,CANONICAL_REGISTRY,SYSTEM,Authoritative state updated,
EVT-004166,IN-DL-110054-8-41,1981-01-01 12:00:00,PARCEL_CREATED,,V1,CANONICAL_SEED,SYSTEM,Initial cadastral creation,
EVT-004167,IN-DL-110054-8-41,2026-06-20 09:00:00,SOURCE_IMPORTED,V1,V1,INGESTION_PIPELINE,SYSTEM,4 observations linked,
EVT-004168,IN-DL-110054-8-41,2026-07-08 14:00:00,MATCH_PROPOSED,V1,P1,MATCHING_ENGINE,SYSTEM,Cross-source match proposed,
EVT-004169,IN-DL-110054-8-41,2026-09-10 14:00:00,PROPOSAL_ACCEPTED,P1,V2,POLICY_GATE,AUTHORITY,Proposed state accepted,
EVT-004170,IN-DL-110054-8-41,2026-09-10 14:05:00,CANONICAL_STATE_UPDATED,V1,V2,CANONICAL_REGISTRY,SYSTEM,Authoritative state updated,
EVT-004171,IN-DL-110054-8-42,1975-01-01 12:00:00,PARCEL_CREATED,,V1,CANONICAL_SEED,SYSTEM,Initial cadastral creation,
EVT-004172,IN-DL-110054-8-42,2026-06-20 09:00:00,SOURCE_IMPORTED,V1,V1,INGESTION_PIPELINE,SYSTEM,4 observations linked,
EVT-004173,IN-DL-110054-8-42,2026-07-08 14:00:00,MATCH_PROPOSED,V1,P1,MATCHING_ENGINE,SYSTEM,Cross-source match proposed,
EVT-004174,IN-DL-110054-8-42,2026-09-10 14:00:00,PROPOSAL_ACCEPTED,P1,V2,POLICY_GATE,AUTHORITY,Proposed state accepted,
EVT-004175,IN-DL-110054-8-42,2026-09-10 14:05:00,CANONICAL_STATE_UPDATED,V1,V2,CANONICAL_REGISTRY,SYSTEM,Authoritative state updated,
EVT-004176,IN-DL-110054-8-43,1976-01-01 12:00:00,PARCEL_CREATED,,V1,CANONICAL_SEED,SYSTEM,Initial cadastral creation,
EVT-004177,IN-DL-110054-8-43,2026-06-20 09:00:00,SOURCE_IMPORTED,V1,V1,INGESTION_PIPELINE,SYSTEM,3 observations linked,
EVT-004178,IN-DL-110054-8-43,2026-07-01 11:00:00,CONFLICT_DETECTED,V1,V1,CONFLICT_ENGINE,SYSTEM,1 conflicts detected,
EVT-004179,IN-DL-110054-8-43,2026-07-08 14:00:00,MATCH_PROPOSED,V1,P1,MATCHING_ENGINE,SYSTEM,Cross-source match proposed,
EVT-004180,IN-DL-110054-8-43,2026-09-05 11:00:00,HUMAN_REVIEW,P1,P2,REVIEW_WORKSPACE,HUMAN_REVIEWER,Legal/operational conflict requires decision,
EVT-004181,IN-DL-110054-8-44,1977-01-01 12:00:00,PARCEL_CREATED,,V1,CANONICAL_SEED,SYSTEM,Initial cadastral creation,
EVT-004182,IN-DL-110054-8-44,2026-06-20 09:00:00,SOURCE_IMPORTED,V1,V1,INGESTION_PIPELINE,SYSTEM,4 observations linked,
EVT-004183,IN-DL-110054-8-44,2026-07-01 11:00:00,CONFLICT_DETECTED,V1,V1,CONFLICT_ENGINE,SYSTEM,1 conflicts detected,
EVT-004184,IN-DL-110054-8-44,2026-07-08 14:00:00,MATCH_PROPOSED,V1,P1,MATCHING_ENGINE,SYSTEM,Cross-source match proposed,
EVT-004185,IN-DL-110054-8-44,2026-08-06 10:00:00,EVIDENCE_ADDED,P1,P2,FIELD_SURVEY,SURVEYOR,GNSS/CORS evidence attached,
EVT-004186,IN-DL-110054-8-44,2026-09-05 11:00:00,HUMAN_REVIEW,P2,P2,REVIEW_WORKSPACE,HUMAN_REVIEWER,Legal/operational conflict requires decision,
EVT-004187,IN-DL-110054-8-45,1978-01-01 12:00:00,PARCEL_CREATED,,V1,CANONICAL_SEED,SYSTEM,Initial cadastral creation,
EVT-004188,IN-DL-110054-8-45,2026-06-20 09:00:00,SOURCE_IMPORTED,V1,V1,INGESTION_PIPELINE,SYSTEM,4 observations linked,
EVT-004189,IN-DL-110054-8-45,2026-07-01 11:00:00,CONFLICT_DETECTED,V1,V1,CONFLICT_ENGINE,SYSTEM,3 conflicts detected,
EVT-004190,IN-DL-110054-8-45,2026-07-08 14:00:00,MATCH_PROPOSED,V1,P1,MATCHING_ENGINE,SYSTEM,Cross-source match proposed,
EVT-004191,IN-DL-110054-8-45,2026-09-05 11:00:00,HUMAN_REVIEW,P1,P2,REVIEW_WORKSPACE,HUMAN_REVIEWER,Legal/operational conflict requires decision,
EVT-004192,IN-DL-110054-8-46,1979-01-01 12:00:00,PARCEL_CREATED,,V1,CANONICAL_SEED,SYSTEM,Initial cadastral creation,
EVT-004193,IN-DL-110054-8-46,2026-06-20 09:00:00,SOURCE_IMPORTED,V1,V1,INGESTION_PIPELINE,SYSTEM,3 observations linked,
EVT-004194,IN-DL-110054-8-46,2026-07-01 11:00:00,CONFLICT_DETECTED,V1,V1,CONFLICT_ENGINE,SYSTEM,1 conflicts detected,
EVT-004195,IN-DL-110054-8-46,2026-07-08 14:00:00,MATCH_PROPOSED,V1,P1,MATCHING_ENGINE,SYSTEM,Cross-source match proposed,
EVT-004196,IN-DL-110054-8-46,2026-09-05 11:00:00,HUMAN_REVIEW,P1,P2,REVIEW_WORKSPACE,HUMAN_REVIEWER,Legal/operational conflict requires decision,
EVT-004197,IN-DL-110054-8-47,1980-01-01 12:00:00,PARCEL_CREATED,,V1,CANONICAL_SEED,SYSTEM,Initial cadastral creation,
EVT-004198,IN-DL-110054-8-47,2026-06-20 09:00:00,SOURCE_IMPORTED,V1,V1,INGESTION_PIPELINE,SYSTEM,4 observations linked,
EVT-004199,IN-DL-110054-8-47,2026-07-08 14:00:00,MATCH_PROPOSED,V1,P1,MATCHING_ENGINE,SYSTEM,Cross-source match proposed,
EVT-004200,IN-DL-110054-8-47,2026-09-10 14:00:00,PROPOSAL_ACCEPTED,P1,V2,POLICY_GATE,AUTHORITY,Proposed state accepted,
EVT-004201,IN-DL-110054-8-47,2026-09-10 14:05:00,CANONICAL_STATE_UPDATED,V1,V2,CANONICAL_REGISTRY,SYSTEM,Authoritative state updated,
EVT-004202,IN-DL-110054-8-48,1981-01-01 12:00:00,PARCEL_CREATED,,V1,CANONICAL_SEED,SYSTEM,Initial cadastral creation,
EVT-004203,IN-DL-110054-8-48,2026-06-20 09:00:00,SOURCE_IMPORTED,V1,V1,INGESTION_PIPELINE,SYSTEM,4 observations linked,
EVT-004204,IN-DL-110054-8-48,2026-07-01 11:00:00,CONFLICT_DETECTED,V1,V1,CONFLICT_ENGINE,SYSTEM,2 conflicts detected,
EVT-004205,IN-DL-110054-8-48,2026-07-08 14:00:00,MATCH_PROPOSED,V1,P1,MATCHING_ENGINE,SYSTEM,Cross-source match proposed,
EVT-004206,IN-DL-110054-8-48,2026-09-05 11:00:00,HUMAN_REVIEW,P1,P2,REVIEW_WORKSPACE,HUMAN_REVIEWER,Legal/operational conflict requires decision,
EVT-004207,IN-DL-110054-8-49,1975-01-01 12:00:00,PARCEL_CREATED,,V1,CANONICAL_SEED,SYSTEM,Initial cadastral creation,
EVT-004208,IN-DL-110054-8-49,2026-06-20 09:00:00,SOURCE_IMPORTED,V1,V1,INGESTION_PIPELINE,SYSTEM,4 observations linked,
EVT-004209,IN-DL-110054-8-49,2026-07-01 11:00:00,CONFLICT_DETECTED,V1,V1,CONFLICT_ENGINE,SYSTEM,1 conflicts detected,
EVT-004210,IN-DL-110054-8-49,2026-07-08 14:00:00,MATCH_PROPOSED,V1,P1,MATCHING_ENGINE,SYSTEM,Cross-source match proposed,
EVT-004211,IN-DL-110054-8-49,2026-09-10 14:00:00,PROPOSAL_ACCEPTED,P1,V2,POLICY_GATE,AUTHORITY,Proposed state accepted,
EVT-004212,IN-DL-110054-8-49,2026-09-10 14:05:00,CANONICAL_STATE_UPDATED,V1,V2,CANONICAL_REGISTRY,SYSTEM,Authoritative state updated,
EVT-004213,IN-DL-110054-8-50,1976-01-01 12:00:00,PARCEL_CREATED,,V1,CANONICAL_SEED,SYSTEM,Initial cadastral creation,
EVT-004214,IN-DL-110054-8-50,2026-06-20 09:00:00,SOURCE_IMPORTED,V1,V1,INGESTION_PIPELINE,SYSTEM,4 observations linked,
EVT-004215,IN-DL-110054-8-50,2026-07-01 11:00:00,CONFLICT_DETECTED,V1,V1,CONFLICT_ENGINE,SYSTEM,1 conflicts detected,
EVT-004216,IN-DL-110054-8-50,2026-07-08 14:00:00,MATCH_PROPOSED,V1,P1,MATCHING_ENGINE,SYSTEM,Cross-source match proposed,
EVT-004217,IN-DL-110054-8-50,2026-09-10 14:00:00,PROPOSAL_ACCEPTED,P1,V2,POLICY_GATE,AUTHORITY,Proposed state accepted,
EVT-004218,IN-DL-110054-8-50,2026-09-10 14:05:00,CANONICAL_STATE_UPDATED,V1,V2,CANONICAL_REGISTRY,SYSTEM,Authoritative state updated,
EVT-004219,IN-DL-110054-8-51,1977-01-01 12:00:00,PARCEL_CREATED,,V1,CANONICAL_SEED,SYSTEM,Initial cadastral creation,
EVT-004220,IN-DL-110054-8-51,2026-06-20 09:00:00,SOURCE_IMPORTED,V1,V1,INGESTION_PIPELINE,SYSTEM,4 observations linked,
EVT-004221,IN-DL-110054-8-51,2026-07-08 14:00:00,MATCH_PROPOSED,V1,P1,MATCHING_ENGINE,SYSTEM,Cross-source match proposed,
EVT-004222,IN-DL-110054-8-51,2026-09-10 14:00:00,PROPOSAL_ACCEPTED,P1,V2,POLICY_GATE,AUTHORITY,Proposed state accepted,
EVT-004223,IN-DL-110054-8-51,2026-09-10 14:05:00,CANONICAL_STATE_UPDATED,V1,V2,CANONICAL_REGISTRY,SYSTEM,Authoritative state updated,
EVT-004224,IN-DL-110054-8-52,1978-01-01 12:00:00,PARCEL_CREATED,,V1,CANONICAL_SEED,SYSTEM,Initial cadastral creation,
EVT-004225,IN-DL-110054-8-52,2026-06-20 09:00:00,SOURCE_IMPORTED,V1,V1,INGESTION_PIPELINE,SYSTEM,4 observations linked,
EVT-004226,IN-DL-110054-8-52,2026-07-08 14:00:00,MATCH_PROPOSED,V1,P1,MATCHING_ENGINE,SYSTEM,Cross-source match proposed,
EVT-004227,IN-DL-110054-8-52,2026-09-10 14:00:00,PROPOSAL_ACCEPTED,P1,V2,POLICY_GATE,AUTHORITY,Proposed state accepted,
EVT-004228,IN-DL-110054-8-52,2026-09-10 14:05:00,CANONICAL_STATE_UPDATED,V1,V2,CANONICAL_REGISTRY,SYSTEM,Authoritative state updated,
EVT-004229,IN-DL-110054-8-53,1979-01-01 12:00:00,PARCEL_CREATED,,V1,CANONICAL_SEED,SYSTEM,Initial cadastral creation,
EVT-004230,IN-DL-110054-8-53,2026-06-20 09:00:00,SOURCE_IMPORTED,V1,V1,INGESTION_PIPELINE,SYSTEM,5 observations linked,
EVT-004231,IN-DL-110054-8-53,2026-07-08 14:00:00,MATCH_PROPOSED,V1,P1,MATCHING_ENGINE,SYSTEM,Cross-source match proposed,
EVT-004232,IN-DL-110054-8-53,2026-09-10 14:00:00,PROPOSAL_ACCEPTED,P1,V2,POLICY_GATE,AUTHORITY,Proposed state accepted,
EVT-004233,IN-DL-110054-8-53,2026-09-10 14:05:00,CANONICAL_STATE_UPDATED,V1,V2,CANONICAL_REGISTRY,SYSTEM,Authoritative state updated,
EVT-004234,IN-DL-110054-8-54,1980-01-01 12:00:00,PARCEL_CREATED,,V1,CANONICAL_SEED,SYSTEM,Initial cadastral creation,
EVT-004235,IN-DL-110054-8-54,2026-06-20 09:00:00,SOURCE_IMPORTED,V1,V1,INGESTION_PIPELINE,SYSTEM,4 observations linked,
EVT-004236,IN-DL-110054-8-54,2026-07-01 11:00:00,CONFLICT_DETECTED,V1,V1,CONFLICT_ENGINE,SYSTEM,2 conflicts detected,
EVT-004237,IN-DL-110054-8-54,2026-07-08 14:00:00,MATCH_PROPOSED,V1,P1,MATCHING_ENGINE,SYSTEM,Cross-source match proposed,
EVT-004238,IN-DL-110054-8-54,2026-09-07 15:00:00,PROPOSAL_REJECTED,P1,V1,REVIEW_WORKSPACE,HUMAN_REVIEWER,Candidate match rejected,
EVT-004239,IN-DL-110054-8-55,1981-01-01 12:00:00,PARCEL_CREATED,,V1,CANONICAL_SEED,SYSTEM,Initial cadastral creation,
EVT-004240,IN-DL-110054-8-55,2026-06-20 09:00:00,SOURCE_IMPORTED,V1,V1,INGESTION_PIPELINE,SYSTEM,4 observations linked,
EVT-004241,IN-DL-110054-8-55,2026-07-08 14:00:00,MATCH_PROPOSED,V1,P1,MATCHING_ENGINE,SYSTEM,Cross-source match proposed,
EVT-004242,IN-DL-110054-8-55,2026-08-06 10:00:00,EVIDENCE_ADDED,P1,P2,FIELD_SURVEY,SURVEYOR,GNSS/CORS evidence attached,
EVT-004243,IN-DL-110054-8-55,2026-09-10 14:00:00,PROPOSAL_ACCEPTED,P2,V2,POLICY_GATE,AUTHORITY,Proposed state accepted,
EVT-004244,IN-DL-110054-8-55,2026-09-10 14:05:00,CANONICAL_STATE_UPDATED,V1,V2,CANONICAL_REGISTRY,SYSTEM,Authoritative state updated,
EVT-004245,IN-DL-110054-8-56,1975-01-01 12:00:00,PARCEL_CREATED,,V1,CANONICAL_SEED,SYSTEM,Initial cadastral creation,
EVT-004246,IN-DL-110054-8-56,2026-06-20 09:00:00,SOURCE_IMPORTED,V1,V1,INGESTION_PIPELINE,SYSTEM,5 observations linked,
EVT-004247,IN-DL-110054-8-56,2026-07-08 14:00:00,MATCH_PROPOSED,V1,P1,MATCHING_ENGINE,SYSTEM,Cross-source match proposed,
EVT-004248,IN-DL-110054-8-56,2026-09-10 14:00:00,PROPOSAL_ACCEPTED,P1,V2,POLICY_GATE,AUTHORITY,Proposed state accepted,
EVT-004249,IN-DL-110054-8-56,2026-09-10 14:05:00,CANONICAL_STATE_UPDATED,V1,V2,CANONICAL_REGISTRY,SYSTEM,Authoritative state updated,
EVT-004250,IN-DL-110054-8-57,1976-01-01 12:00:00,PARCEL_CREATED,,V1,CANONICAL_SEED,SYSTEM,Initial cadastral creation,
EVT-004251,IN-DL-110054-8-57,2026-06-20 09:00:00,SOURCE_IMPORTED,V1,V1,INGESTION_PIPELINE,SYSTEM,5 observations linked,
EVT-004252,IN-DL-110054-8-57,2026-07-01 11:00:00,CONFLICT_DETECTED,V1,V1,CONFLICT_ENGINE,SYSTEM,2 conflicts detected,
EVT-004253,IN-DL-110054-8-57,2026-07-08 14:00:00,MATCH_PROPOSED,V1,P1,MATCHING_ENGINE,SYSTEM,Cross-source match proposed,
EVT-004254,IN-DL-110054-8-57,2026-09-05 11:00:00,HUMAN_REVIEW,P1,P2,REVIEW_WORKSPACE,HUMAN_REVIEWER,Legal/operational conflict requires decision,
EVT-004255,IN-DL-110054-8-58,1977-01-01 12:00:00,PARCEL_CREATED,,V1,CANONICAL_SEED,SYSTEM,Initial cadastral creation,
EVT-004256,IN-DL-110054-8-58,2026-06-20 09:00:00,SOURCE_IMPORTED,V1,V1,INGESTION_PIPELINE,SYSTEM,4 observations linked,
EVT-004257,IN-DL-110054-8-58,2026-07-08 14:00:00,MATCH_PROPOSED,V1,P1,MATCHING_ENGINE,SYSTEM,Cross-source match proposed,
EVT-004258,IN-DL-110054-8-58,2026-09-10 14:00:00,PROPOSAL_ACCEPTED,P1,V2,POLICY_GATE,AUTHORITY,Proposed state accepted,
EVT-004259,IN-DL-110054-8-58,2026-09-10 14:05:00,CANONICAL_STATE_UPDATED,V1,V2,CANONICAL_REGISTRY,SYSTEM,Authoritative state updated,
EVT-004260,IN-DL-110054-8-59,1978-01-01 12:00:00,PARCEL_CREATED,,V1,CANONICAL_SEED,SYSTEM,Initial cadastral creation,
EVT-004261,IN-DL-110054-8-59,2026-06-20 09:00:00,SOURCE_IMPORTED,V1,V1,INGESTION_PIPELINE,SYSTEM,4 observations linked,
EVT-004262,IN-DL-110054-8-59,2026-07-08 14:00:00,MATCH_PROPOSED,V1,P1,MATCHING_ENGINE,SYSTEM,Cross-source match proposed,
EVT-004263,IN-DL-110054-8-59,2026-09-10 14:00:00,PROPOSAL_ACCEPTED,P1,V2,POLICY_GATE,AUTHORITY,Proposed state accepted,
EVT-004264,IN-DL-110054-8-59,2026-09-10 14:05:00,CANONICAL_STATE_UPDATED,V1,V2,CANONICAL_REGISTRY,SYSTEM,Authoritative state updated,
EVT-004265,IN-DL-110054-8-60,1979-01-01 12:00:00,PARCEL_CREATED,,V1,CANONICAL_SEED,SYSTEM,Initial cadastral creation,
EVT-004266,IN-DL-110054-8-60,2026-06-20 09:00:00,SOURCE_IMPORTED,V1,V1,INGESTION_PIPELINE,SYSTEM,3 observations linked,
EVT-004267,IN-DL-110054-8-60,2026-07-01 11:00:00,CONFLICT_DETECTED,V1,V1,CONFLICT_ENGINE,SYSTEM,3 conflicts detected,
EVT-004268,IN-DL-110054-8-60,2026-07-08 14:00:00,MATCH_PROPOSED,V1,P1,MATCHING_ENGINE,SYSTEM,Cross-source match proposed,
EVT-004269,IN-DL-110054-8-60,2026-09-10 14:00:00,PROPOSAL_ACCEPTED,P1,V2,POLICY_GATE,AUTHORITY,Proposed state accepted,
EVT-004270,IN-DL-110054-8-60,2026-09-10 14:05:00,CANONICAL_STATE_UPDATED,V1,V2,CANONICAL_REGISTRY,SYSTEM,Authoritative state updated,
EVT-004271,IN-DL-110054-8-61,1980-01-01 12:00:00,PARCEL_CREATED,,V1,CANONICAL_SEED,SYSTEM,Initial cadastral creation,
EVT-004272,IN-DL-110054-8-61,2026-06-20 09:00:00,SOURCE_IMPORTED,V1,V1,INGESTION_PIPELINE,SYSTEM,5 observations linked,
EVT-004273,IN-DL-110054-8-61,2026-07-08 14:00:00,MATCH_PROPOSED,V1,P1,MATCHING_ENGINE,SYSTEM,Cross-source match proposed,
EVT-004274,IN-DL-110054-8-61,2026-08-06 10:00:00,EVIDENCE_ADDED,P1,P2,FIELD_SURVEY,SURVEYOR,GNSS/CORS evidence attached,
EVT-004275,IN-DL-110054-8-61,2026-09-10 14:00:00,PROPOSAL_ACCEPTED,P2,V2,POLICY_GATE,AUTHORITY,Proposed state accepted,
EVT-004276,IN-DL-110054-8-61,2026-09-10 14:05:00,CANONICAL_STATE_UPDATED,V1,V2,CANONICAL_REGISTRY,SYSTEM,Authoritative state updated,
EVT-004277,IN-DL-110054-8-62,1981-01-01 12:00:00,PARCEL_CREATED,,V1,CANONICAL_SEED,SYSTEM,Initial cadastral creation,
EVT-004278,IN-DL-110054-8-62,2026-06-20 09:00:00,SOURCE_IMPORTED,V1,V1,INGESTION_PIPELINE,SYSTEM,4 observations linked,
EVT-004279,IN-DL-110054-8-62,2026-07-08 14:00:00,MATCH_PROPOSED,V1,P1,MATCHING_ENGINE,SYSTEM,Cross-source match proposed,
EVT-004280,IN-DL-110054-8-62,2026-09-10 14:00:00,PROPOSAL_ACCEPTED,P1,V2,POLICY_GATE,AUTHORITY,Proposed state accepted,
EVT-004281,IN-DL-110054-8-62,2026-09-10 14:05:00,CANONICAL_STATE_UPDATED,V1,V2,CANONICAL_REGISTRY,SYSTEM,Authoritative state updated,
EVT-004282,IN-DL-110054-8-63,1975-01-01 12:00:00,PARCEL_CREATED,,V1,CANONICAL_SEED,SYSTEM,Initial cadastral creation,
EVT-004283,IN-DL-110054-8-63,2026-06-20 09:00:00,SOURCE_IMPORTED,V1,V1,INGESTION_PIPELINE,SYSTEM,4 observations linked,
EVT-004284,IN-DL-110054-8-63,2026-07-08 14:00:00,MATCH_PROPOSED,V1,P1,MATCHING_ENGINE,SYSTEM,Cross-source match proposed,
EVT-004285,IN-DL-110054-8-63,2026-09-10 14:00:00,PROPOSAL_ACCEPTED,P1,V2,POLICY_GATE,AUTHORITY,Proposed state accepted,
EVT-004286,IN-DL-110054-8-63,2026-09-10 14:05:00,CANONICAL_STATE_UPDATED,V1,V2,CANONICAL_REGISTRY,SYSTEM,Authoritative state updated,
EVT-004287,IN-DL-110054-8-64,1976-01-01 12:00:00,PARCEL_CREATED,,V1,CANONICAL_SEED,SYSTEM,Initial cadastral creation,
EVT-004288,IN-DL-110054-8-64,2026-06-20 09:00:00,SOURCE_IMPORTED,V1,V1,INGESTION_PIPELINE,SYSTEM,4 observations linked,
EVT-004289,IN-DL-110054-8-64,2026-07-08 14:00:00,MATCH_PROPOSED,V1,P1,MATCHING_ENGINE,SYSTEM,Cross-source match proposed,
EVT-004290,IN-DL-110054-8-64,2026-09-10 14:00:00,PROPOSAL_ACCEPTED,P1,V2,POLICY_GATE,AUTHORITY,Proposed state accepted,
EVT-004291,IN-DL-110054-8-64,2026-09-10 14:05:00,CANONICAL_STATE_UPDATED,V1,V2,CANONICAL_REGISTRY,SYSTEM,Authoritative state updated,
EVT-004292,IN-DL-110054-8-65,1977-01-01 12:00:00,PARCEL_CREATED,,V1,CANONICAL_SEED,SYSTEM,Initial cadastral creation,
EVT-004293,IN-DL-110054-8-65,2026-06-20 09:00:00,SOURCE_IMPORTED,V1,V1,INGESTION_PIPELINE,SYSTEM,3 observations linked,
EVT-004294,IN-DL-110054-8-65,2026-07-08 14:00:00,MATCH_PROPOSED,V1,P1,MATCHING_ENGINE,SYSTEM,Cross-source match proposed,
EVT-004295,IN-DL-110054-8-65,2026-09-10 14:00:00,PROPOSAL_ACCEPTED,P1,V2,POLICY_GATE,AUTHORITY,Proposed state accepted,
EVT-004296,IN-DL-110054-8-65,2026-09-10 14:05:00,CANONICAL_STATE_UPDATED,V1,V2,CANONICAL_REGISTRY,SYSTEM,Authoritative state updated,
EVT-004297,IN-DL-110054-8-66,1978-01-01 12:00:00,PARCEL_CREATED,,V1,CANONICAL_SEED,SYSTEM,Initial cadastral creation,
EVT-004298,IN-DL-110054-8-66,2026-06-20 09:00:00,SOURCE_IMPORTED,V1,V1,INGESTION_PIPELINE,SYSTEM,5 observations linked,
EVT-004299,IN-DL-110054-8-66,2026-07-01 11:00:00,CONFLICT_DETECTED,V1,V1,CONFLICT_ENGINE,SYSTEM,1 conflicts detected,
EVT-004300,IN-DL-110054-8-66,2026-07-08 14:00:00,MATCH_PROPOSED,V1,P1,MATCHING_ENGINE,SYSTEM,Cross-source match proposed,
EVT-004301,IN-DL-110054-8-66,2026-09-05 12:00:00,HUMAN_REVIEW,P1,P1,REVIEW_WORKSPACE,HUMAN_REVIEWER,Additional evidence requested,
EVT-004302,IN-DL-110054-8-67,1979-01-01 12:00:00,PARCEL_CREATED,,V1,CANONICAL_SEED,SYSTEM,Initial cadastral creation,
EVT-004303,IN-DL-110054-8-67,2026-06-20 09:00:00,SOURCE_IMPORTED,V1,V1,INGESTION_PIPELINE,SYSTEM,3 observations linked,
EVT-004304,IN-DL-110054-8-67,2026-07-08 14:00:00,MATCH_PROPOSED,V1,P1,MATCHING_ENGINE,SYSTEM,Cross-source match proposed,
EVT-004305,IN-DL-110054-8-67,2026-09-10 14:00:00,PROPOSAL_ACCEPTED,P1,V2,POLICY_GATE,AUTHORITY,Proposed state accepted,
EVT-004306,IN-DL-110054-8-67,2026-09-10 14:05:00,CANONICAL_STATE_UPDATED,V1,V2,CANONICAL_REGISTRY,SYSTEM,Authoritative state updated,
EVT-004307,IN-DL-110054-8-68,1980-01-01 12:00:00,PARCEL_CREATED,,V1,CANONICAL_SEED,SYSTEM,Initial cadastral creation,
EVT-004308,IN-DL-110054-8-68,2026-06-20 09:00:00,SOURCE_IMPORTED,V1,V1,INGESTION_PIPELINE,SYSTEM,2 observations linked,
EVT-004309,IN-DL-110054-8-68,2026-07-01 11:00:00,CONFLICT_DETECTED,V1,V1,CONFLICT_ENGINE,SYSTEM,1 conflicts detected,
EVT-004310,IN-DL-110054-8-68,2026-07-08 14:00:00,MATCH_PROPOSED,V1,P1,MATCHING_ENGINE,SYSTEM,Cross-source match proposed,
EVT-004311,IN-DL-110054-8-68,2026-09-05 12:00:00,HUMAN_REVIEW,P1,P1,REVIEW_WORKSPACE,HUMAN_REVIEWER,Additional evidence requested,
EVT-004312,IN-DL-110054-8-69,1981-01-01 12:00:00,PARCEL_CREATED,,V1,CANONICAL_SEED,SYSTEM,Initial cadastral creation,
EVT-004313,IN-DL-110054-8-69,2026-06-20 09:00:00,SOURCE_IMPORTED,V1,V1,INGESTION_PIPELINE,SYSTEM,5 observations linked,
EVT-004314,IN-DL-110054-8-69,2026-07-08 14:00:00,MATCH_PROPOSED,V1,P1,MATCHING_ENGINE,SYSTEM,Cross-source match proposed,
EVT-004315,IN-DL-110054-8-69,2026-08-06 10:00:00,EVIDENCE_ADDED,P1,P2,FIELD_SURVEY,SURVEYOR,GNSS/CORS evidence attached,
EVT-004316,IN-DL-110054-8-69,2026-09-10 14:00:00,PROPOSAL_ACCEPTED,P2,V2,POLICY_GATE,AUTHORITY,Proposed state accepted,
EVT-004317,IN-DL-110054-8-69,2026-09-10 14:05:00,CANONICAL_STATE_UPDATED,V1,V2,CANONICAL_REGISTRY,SYSTEM,Authoritative state updated,
EVT-004318,IN-DL-110054-8-70,1975-01-01 12:00:00,PARCEL_CREATED,,V1,CANONICAL_SEED,SYSTEM,Initial cadastral creation,
EVT-004319,IN-DL-110054-8-70,2026-06-20 09:00:00,SOURCE_IMPORTED,V1,V1,INGESTION_PIPELINE,SYSTEM,4 observations linked,
EVT-004320,IN-DL-110054-8-70,2026-07-01 11:00:00,CONFLICT_DETECTED,V1,V1,CONFLICT_ENGINE,SYSTEM,1 conflicts detected,
EVT-004321,IN-DL-110054-8-70,2026-07-08 14:00:00,MATCH_PROPOSED,V1,P1,MATCHING_ENGINE,SYSTEM,Cross-source match proposed,
EVT-004322,IN-DL-110054-8-70,2026-09-10 14:00:00,PROPOSAL_ACCEPTED,P1,V2,POLICY_GATE,AUTHORITY,Proposed state accepted,
EVT-004323,IN-DL-110054-8-70,2026-09-10 14:05:00,CANONICAL_STATE_UPDATED,V1,V2,CANONICAL_REGISTRY,SYSTEM,Authoritative state updated,
EVT-004324,IN-DL-110054-8-71,1976-01-01 12:00:00,PARCEL_CREATED,,V1,CANONICAL_SEED,SYSTEM,Initial cadastral creation,
EVT-004325,IN-DL-110054-8-71,2026-06-20 09:00:00,SOURCE_IMPORTED,V1,V1,INGESTION_PIPELINE,SYSTEM,4 observations linked,
EVT-004326,IN-DL-110054-8-71,2026-07-08 14:00:00,MATCH_PROPOSED,V1,P1,MATCHING_ENGINE,SYSTEM,Cross-source match proposed,
EVT-004327,IN-DL-110054-8-71,2026-09-10 14:00:00,PROPOSAL_ACCEPTED,P1,V2,POLICY_GATE,AUTHORITY,Proposed state accepted,
EVT-004328,IN-DL-110054-8-71,2026-09-10 14:05:00,CANONICAL_STATE_UPDATED,V1,V2,CANONICAL_REGISTRY,SYSTEM,Authoritative state updated,
EVT-004329,IN-DL-110054-8-72,1977-01-01 12:00:00,PARCEL_CREATED,,V1,CANONICAL_SEED,SYSTEM,Initial cadastral creation,
EVT-004330,IN-DL-110054-8-72,2026-06-20 09:00:00,SOURCE_IMPORTED,V1,V1,INGESTION_PIPELINE,SYSTEM,3 observations linked,
EVT-004331,IN-DL-110054-8-72,2026-07-01 11:00:00,CONFLICT_DETECTED,V1,V1,CONFLICT_ENGINE,SYSTEM,1 conflicts detected,
EVT-004332,IN-DL-110054-8-72,2026-07-08 14:00:00,MATCH_PROPOSED,V1,P1,MATCHING_ENGINE,SYSTEM,Cross-source match proposed,
EVT-004333,IN-DL-110054-8-72,2026-09-10 14:00:00,PROPOSAL_ACCEPTED,P1,V2,POLICY_GATE,AUTHORITY,Proposed state accepted,
EVT-004334,IN-DL-110054-8-72,2026-09-10 14:05:00,CANONICAL_STATE_UPDATED,V1,V2,CANONICAL_REGISTRY,SYSTEM,Authoritative state updated,
EVT-004335,IN-DL-110054-8-73,1978-01-01 12:00:00,PARCEL_CREATED,,V1,CANONICAL_SEED,SYSTEM,Initial cadastral creation,
EVT-004336,IN-DL-110054-8-73,2026-06-20 09:00:00,SOURCE_IMPORTED,V1,V1,INGESTION_PIPELINE,SYSTEM,6 observations linked,
EVT-004337,IN-DL-110054-8-73,2026-07-08 14:00:00,MATCH_PROPOSED,V1,P1,MATCHING_ENGINE,SYSTEM,Cross-source match proposed,
EVT-004338,IN-DL-110054-8-73,2026-08-06 10:00:00,EVIDENCE_ADDED,P1,P2,FIELD_SURVEY,SURVEYOR,GNSS/CORS evidence attached,
EVT-004339,IN-DL-110054-8-73,2026-09-10 14:00:00,PROPOSAL_ACCEPTED,P2,V2,POLICY_GATE,AUTHORITY,Proposed state accepted,
EVT-004340,IN-DL-110054-8-73,2026-09-10 14:05:00,CANONICAL_STATE_UPDATED,V1,V2,CANONICAL_REGISTRY,SYSTEM,Authoritative state updated,
EVT-004341,IN-DL-110054-8-74,1979-01-01 12:00:00,PARCEL_CREATED,,V1,CANONICAL_SEED,SYSTEM,Initial cadastral creation,
EVT-004342,IN-DL-110054-8-74,2026-06-20 09:00:00,SOURCE_IMPORTED,V1,V1,INGESTION_PIPELINE,SYSTEM,5 observations linked,
EVT-004343,IN-DL-110054-8-74,2026-07-01 11:00:00,CONFLICT_DETECTED,V1,V1,CONFLICT_ENGINE,SYSTEM,1 conflicts detected,
EVT-004344,IN-DL-110054-8-74,2026-07-08 14:00:00,MATCH_PROPOSED,V1,P1,MATCHING_ENGINE,SYSTEM,Cross-source match proposed,
EVT-004345,IN-DL-110054-8-74,2026-08-06 10:00:00,EVIDENCE_ADDED,P1,P2,FIELD_SURVEY,SURVEYOR,GNSS/CORS evidence attached,
EVT-004346,IN-DL-110054-8-74,2026-09-05 11:00:00,HUMAN_REVIEW,P2,P2,REVIEW_WORKSPACE,HUMAN_REVIEWER,Legal/operational conflict requires decision,
EVT-004347,IN-DL-110054-8-75,1980-01-01 12:00:00,PARCEL_CREATED,,V1,CANONICAL_SEED,SYSTEM,Initial cadastral creation,
EVT-004348,IN-DL-110054-8-75,2026-06-20 09:00:00,SOURCE_IMPORTED,V1,V1,INGESTION_PIPELINE,SYSTEM,6 observations linked,
EVT-004349,IN-DL-110054-8-75,2026-07-01 11:00:00,CONFLICT_DETECTED,V1,V1,CONFLICT_ENGINE,SYSTEM,1 conflicts detected,
EVT-004350,IN-DL-110054-8-75,2026-07-08 14:00:00,MATCH_PROPOSED,V1,P1,MATCHING_ENGINE,SYSTEM,Cross-source match proposed,
EVT-004351,IN-DL-110054-8-75,2026-08-06 10:00:00,EVIDENCE_ADDED,P1,P2,FIELD_SURVEY,SURVEYOR,GNSS/CORS evidence attached,
EVT-004352,IN-DL-110054-8-75,2026-09-10 14:00:00,PROPOSAL_ACCEPTED,P2,V2,POLICY_GATE,AUTHORITY,Proposed state accepted,
EVT-004353,IN-DL-110054-8-75,2026-09-10 14:05:00,CANONICAL_STATE_UPDATED,V1,V2,CANONICAL_REGISTRY,SYSTEM,Authoritative state updated,
EVT-004354,IN-DL-110054-8-76,1981-01-01 12:00:00,PARCEL_CREATED,,V1,CANONICAL_SEED,SYSTEM,Initial cadastral creation,
EVT-004355,IN-DL-110054-8-76,2026-06-20 09:00:00,SOURCE_IMPORTED,V1,V1,INGESTION_PIPELINE,SYSTEM,3 observations linked,
EVT-004356,IN-DL-110054-8-76,2026-07-08 14:00:00,MATCH_PROPOSED,V1,P1,MATCHING_ENGINE,SYSTEM,Cross-source match proposed,
EVT-004357,IN-DL-110054-8-76,2026-09-10 14:00:00,PROPOSAL_ACCEPTED,P1,V2,POLICY_GATE,AUTHORITY,Proposed state accepted,
EVT-004358,IN-DL-110054-8-76,2026-09-10 14:05:00,CANONICAL_STATE_UPDATED,V1,V2,CANONICAL_REGISTRY,SYSTEM,Authoritative state updated,
EVT-004359,IN-DL-110054-8-77,1975-01-01 12:00:00,PARCEL_CREATED,,V1,CANONICAL_SEED,SYSTEM,Initial cadastral creation,
EVT-004360,IN-DL-110054-8-77,2026-06-20 09:00:00,SOURCE_IMPORTED,V1,V1,INGESTION_PIPELINE,SYSTEM,5 observations linked,
EVT-004361,IN-DL-110054-8-77,2026-07-01 11:00:00,CONFLICT_DETECTED,V1,V1,CONFLICT_ENGINE,SYSTEM,1 conflicts detected,
EVT-004362,IN-DL-110054-8-77,2026-07-08 14:00:00,MATCH_PROPOSED,V1,P1,MATCHING_ENGINE,SYSTEM,Cross-source match proposed,
EVT-004363,IN-DL-110054-8-77,2026-09-05 12:00:00,HUMAN_REVIEW,P1,P1,REVIEW_WORKSPACE,HUMAN_REVIEWER,Additional evidence requested,
EVT-004364,IN-DL-110054-8-78,1976-01-01 12:00:00,PARCEL_CREATED,,V1,CANONICAL_SEED,SYSTEM,Initial cadastral creation,
EVT-004365,IN-DL-110054-8-78,2026-06-20 09:00:00,SOURCE_IMPORTED,V1,V1,INGESTION_PIPELINE,SYSTEM,4 observations linked,
EVT-004366,IN-DL-110054-8-78,2026-07-01 11:00:00,CONFLICT_DETECTED,V1,V1,CONFLICT_ENGINE,SYSTEM,1 conflicts detected,
EVT-004367,IN-DL-110054-8-78,2026-07-08 14:00:00,MATCH_PROPOSED,V1,P1,MATCHING_ENGINE,SYSTEM,Cross-source match proposed,
EVT-004368,IN-DL-110054-8-78,2026-09-05 11:00:00,HUMAN_REVIEW,P1,P2,REVIEW_WORKSPACE,HUMAN_REVIEWER,Legal/operational conflict requires decision,
EVT-004369,IN-DL-110054-8-79,1977-01-01 12:00:00,PARCEL_CREATED,,V1,CANONICAL_SEED,SYSTEM,Initial cadastral creation,
EVT-004370,IN-DL-110054-8-79,2026-06-20 09:00:00,SOURCE_IMPORTED,V1,V1,INGESTION_PIPELINE,SYSTEM,4 observations linked,
EVT-004371,IN-DL-110054-8-79,2026-07-08 14:00:00,MATCH_PROPOSED,V1,P1,MATCHING_ENGINE,SYSTEM,Cross-source match proposed,
EVT-004372,IN-DL-110054-8-79,2026-09-10 14:00:00,PROPOSAL_ACCEPTED,P1,V2,POLICY_GATE,AUTHORITY,Proposed state accepted,
EVT-004373,IN-DL-110054-8-79,2026-09-10 14:05:00,CANONICAL_STATE_UPDATED,V1,V2,CANONICAL_REGISTRY,SYSTEM,Authoritative state updated,
EVT-004374,IN-DL-110054-8-80,1978-01-01 12:00:00,PARCEL_CREATED,,V1,CANONICAL_SEED,SYSTEM,Initial cadastral creation,
EVT-004375,IN-DL-110054-8-80,2026-06-20 09:00:00,SOURCE_IMPORTED,V1,V1,INGESTION_PIPELINE,SYSTEM,4 observations linked,
EVT-004376,IN-DL-110054-8-80,2026-07-01 11:00:00,CONFLICT_DETECTED,V1,V1,CONFLICT_ENGINE,SYSTEM,1 conflicts detected,
EVT-004377,IN-DL-110054-8-80,2026-07-08 14:00:00,MATCH_PROPOSED,V1,P1,MATCHING_ENGINE,SYSTEM,Cross-source match proposed,
EVT-004378,IN-DL-110054-8-80,2026-09-10 14:00:00,PROPOSAL_ACCEPTED,P1,V2,POLICY_GATE,AUTHORITY,Proposed state accepted,
EVT-004379,IN-DL-110054-8-80,2026-09-10 14:05:00,CANONICAL_STATE_UPDATED,V1,V2,CANONICAL_REGISTRY,SYSTEM,Authoritative state updated,
EVT-004380,IN-DL-110054-8-81,1979-01-01 12:00:00,PARCEL_CREATED,,V1,CANONICAL_SEED,SYSTEM,Initial cadastral creation,
EVT-004381,IN-DL-110054-8-81,2026-06-20 09:00:00,SOURCE_IMPORTED,V1,V1,INGESTION_PIPELINE,SYSTEM,4 observations linked,
EVT-004382,IN-DL-110054-8-81,2026-07-08 14:00:00,MATCH_PROPOSED,V1,P1,MATCHING_ENGINE,SYSTEM,Cross-source match proposed,
EVT-004383,IN-DL-110054-8-81,2026-09-10 14:00:00,PROPOSAL_ACCEPTED,P1,V2,POLICY_GATE,AUTHORITY,Proposed state accepted,
EVT-004384,IN-DL-110054-8-81,2026-09-10 14:05:00,CANONICAL_STATE_UPDATED,V1,V2,CANONICAL_REGISTRY,SYSTEM,Authoritative state updated,
EVT-004385,IN-DL-110054-8-82,1980-01-01 12:00:00,PARCEL_CREATED,,V1,CANONICAL_SEED,SYSTEM,Initial cadastral creation,
EVT-004386,IN-DL-110054-8-82,2026-06-20 09:00:00,SOURCE_IMPORTED,V1,V1,INGESTION_PIPELINE,SYSTEM,4 observations linked,
EVT-004387,IN-DL-110054-8-82,2026-07-08 14:00:00,MATCH_PROPOSED,V1,P1,MATCHING_ENGINE,SYSTEM,Cross-source match proposed,
EVT-004388,IN-DL-110054-8-82,2026-09-10 14:00:00,PROPOSAL_ACCEPTED,P1,V2,POLICY_GATE,AUTHORITY,Proposed state accepted,
EVT-004389,IN-DL-110054-8-82,2026-09-10 14:05:00,CANONICAL_STATE_UPDATED,V1,V2,CANONICAL_REGISTRY,SYSTEM,Authoritative state updated,
EVT-004390,IN-DL-110054-8-83,1981-01-01 12:00:00,PARCEL_CREATED,,V1,CANONICAL_SEED,SYSTEM,Initial cadastral creation,
EVT-004391,IN-DL-110054-8-83,2026-06-20 09:00:00,SOURCE_IMPORTED,V1,V1,INGESTION_PIPELINE,SYSTEM,5 observations linked,
EVT-004392,IN-DL-110054-8-83,2026-07-08 14:00:00,MATCH_PROPOSED,V1,P1,MATCHING_ENGINE,SYSTEM,Cross-source match proposed,
EVT-004393,IN-DL-110054-8-83,2026-09-10 14:00:00,PROPOSAL_ACCEPTED,P1,V2,POLICY_GATE,AUTHORITY,Proposed state accepted,
EVT-004394,IN-DL-110054-8-83,2026-09-10 14:05:00,CANONICAL_STATE_UPDATED,V1,V2,CANONICAL_REGISTRY,SYSTEM,Authoritative state updated,
EVT-004395,IN-DL-110054-8-84,1975-01-01 12:00:00,PARCEL_CREATED,,V1,CANONICAL_SEED,SYSTEM,Initial cadastral creation,
EVT-004396,IN-DL-110054-8-84,2026-06-20 09:00:00,SOURCE_IMPORTED,V1,V1,INGESTION_PIPELINE,SYSTEM,5 observations linked,
EVT-004397,IN-DL-110054-8-84,2026-07-01 11:00:00,CONFLICT_DETECTED,V1,V1,CONFLICT_ENGINE,SYSTEM,2 conflicts detected,
EVT-004398,IN-DL-110054-8-84,2026-07-08 14:00:00,MATCH_PROPOSED,V1,P1,MATCHING_ENGINE,SYSTEM,Cross-source match proposed,
EVT-004399,IN-DL-110054-8-84,2026-09-05 11:00:00,HUMAN_REVIEW,P1,P2,REVIEW_WORKSPACE,HUMAN_REVIEWER,Legal/operational conflict requires decision,
EVT-004400,IN-DL-110054-8-85,1976-01-01 12:00:00,PARCEL_CREATED,,V1,CANONICAL_SEED,SYSTEM,Initial cadastral creation,
EVT-004401,IN-DL-110054-8-85,2026-06-20 09:00:00,SOURCE_IMPORTED,V1,V1,INGESTION_PIPELINE,SYSTEM,5 observations linked,
EVT-004402,IN-DL-110054-8-85,2026-07-08 14:00:00,MATCH_PROPOSED,V1,P1,MATCHING_ENGINE,SYSTEM,Cross-source match proposed,
EVT-004403,IN-DL-110054-8-85,2026-09-10 14:00:00,PROPOSAL_ACCEPTED,P1,V2,POLICY_GATE,AUTHORITY,Proposed state accepted,
EVT-004404,IN-DL-110054-8-85,2026-09-10 14:05:00,CANONICAL_STATE_UPDATED,V1,V2,CANONICAL_REGISTRY,SYSTEM,Authoritative state updated,
EVT-004405,IN-DL-110054-8-86,1977-01-01 12:00:00,PARCEL_CREATED,,V1,CANONICAL_SEED,SYSTEM,Initial cadastral creation,
EVT-004406,IN-DL-110054-8-86,2026-06-20 09:00:00,SOURCE_IMPORTED,V1,V1,INGESTION_PIPELINE,SYSTEM,4 observations linked,
EVT-004407,IN-DL-110054-8-86,2026-07-08 14:00:00,MATCH_PROPOSED,V1,P1,MATCHING_ENGINE,SYSTEM,Cross-source match proposed,
EVT-004408,IN-DL-110054-8-86,2026-09-10 14:00:00,PROPOSAL_ACCEPTED,P1,V2,POLICY_GATE,AUTHORITY,Proposed state accepted,
EVT-004409,IN-DL-110054-8-86,2026-09-10 14:05:00,CANONICAL_STATE_UPDATED,V1,V2,CANONICAL_REGISTRY,SYSTEM,Authoritative state updated,
EVT-004410,IN-DL-110054-8-87,1978-01-01 12:00:00,PARCEL_CREATED,,V1,CANONICAL_SEED,SYSTEM,Initial cadastral creation,
EVT-004411,IN-DL-110054-8-87,2026-06-20 09:00:00,SOURCE_IMPORTED,V1,V1,INGESTION_PIPELINE,SYSTEM,4 observations linked,
EVT-004412,IN-DL-110054-8-87,2026-07-01 11:00:00,CONFLICT_DETECTED,V1,V1,CONFLICT_ENGINE,SYSTEM,1 conflicts detected,
EVT-004413,IN-DL-110054-8-87,2026-07-08 14:00:00,MATCH_PROPOSED,V1,P1,MATCHING_ENGINE,SYSTEM,Cross-source match proposed,
EVT-004414,IN-DL-110054-8-87,2026-09-05 12:00:00,HUMAN_REVIEW,P1,P1,REVIEW_WORKSPACE,HUMAN_REVIEWER,Additional evidence requested,
EVT-004415,IN-DL-110054-8-88,1979-01-01 12:00:00,PARCEL_CREATED,,V1,CANONICAL_SEED,SYSTEM,Initial cadastral creation,
EVT-004416,IN-DL-110054-8-88,2026-06-20 09:00:00,SOURCE_IMPORTED,V1,V1,INGESTION_PIPELINE,SYSTEM,3 observations linked,
EVT-004417,IN-DL-110054-8-88,2026-07-01 11:00:00,CONFLICT_DETECTED,V1,V1,CONFLICT_ENGINE,SYSTEM,1 conflicts detected,
EVT-004418,IN-DL-110054-8-88,2026-07-08 14:00:00,MATCH_PROPOSED,V1,P1,MATCHING_ENGINE,SYSTEM,Cross-source match proposed,
EVT-004419,IN-DL-110054-8-88,2026-09-05 12:00:00,HUMAN_REVIEW,P1,P1,REVIEW_WORKSPACE,HUMAN_REVIEWER,Additional evidence requested,
EVT-004420,IN-DL-110054-8-89,1980-01-01 12:00:00,PARCEL_CREATED,,V1,CANONICAL_SEED,SYSTEM,Initial cadastral creation,
EVT-004421,IN-DL-110054-8-89,2026-06-20 09:00:00,SOURCE_IMPORTED,V1,V1,INGESTION_PIPELINE,SYSTEM,5 observations linked,
EVT-004422,IN-DL-110054-8-89,2026-07-08 14:00:00,MATCH_PROPOSED,V1,P1,MATCHING_ENGINE,SYSTEM,Cross-source match proposed,
EVT-004423,IN-DL-110054-8-89,2026-08-06 10:00:00,EVIDENCE_ADDED,P1,P2,FIELD_SURVEY,SURVEYOR,GNSS/CORS evidence attached,
EVT-004424,IN-DL-110054-8-89,2026-09-10 14:00:00,PROPOSAL_ACCEPTED,P2,V2,POLICY_GATE,AUTHORITY,Proposed state accepted,
EVT-004425,IN-DL-110054-8-89,2026-09-10 14:05:00,CANONICAL_STATE_UPDATED,V1,V2,CANONICAL_REGISTRY,SYSTEM,Authoritative state updated,
EVT-004426,IN-DL-110054-8-90,1981-01-01 12:00:00,PARCEL_CREATED,,V1,CANONICAL_SEED,SYSTEM,Initial cadastral creation,
EVT-004427,IN-DL-110054-8-90,2026-06-20 09:00:00,SOURCE_IMPORTED,V1,V1,INGESTION_PIPELINE,SYSTEM,3 observations linked,
EVT-004428,IN-DL-110054-8-90,2026-07-01 11:00:00,CONFLICT_DETECTED,V1,V1,CONFLICT_ENGINE,SYSTEM,1 conflicts detected,
EVT-004429,IN-DL-110054-8-90,2026-07-08 14:00:00,MATCH_PROPOSED,V1,P1,MATCHING_ENGINE,SYSTEM,Cross-source match proposed,
EVT-004430,IN-DL-110054-8-90,2026-09-10 14:00:00,PROPOSAL_ACCEPTED,P1,V2,POLICY_GATE,AUTHORITY,Proposed state accepted,
EVT-004431,IN-DL-110054-8-90,2026-09-10 14:05:00,CANONICAL_STATE_UPDATED,V1,V2,CANONICAL_REGISTRY,SYSTEM,Authoritative state updated,
EVT-004432,IN-DL-110054-8-91,2008-03-15 12:00:00,PARCEL_CREATED,,V1,CANONICAL_SEED,SYSTEM,Created from lineage,IN-DL-110054-8-101
EVT-004433,IN-DL-110054-8-91,2026-06-20 09:00:00,SOURCE_IMPORTED,V1,V1,INGESTION_PIPELINE,SYSTEM,5 observations linked,
EVT-004434,IN-DL-110054-8-91,2026-07-01 11:00:00,CONFLICT_DETECTED,V1,V1,CONFLICT_ENGINE,SYSTEM,1 conflicts detected,
EVT-004435,IN-DL-110054-8-91,2026-07-08 14:00:00,MATCH_PROPOSED,V1,P1,MATCHING_ENGINE,SYSTEM,Cross-source match proposed,
EVT-004436,IN-DL-110054-8-91,2026-08-06 10:00:00,EVIDENCE_ADDED,P1,P2,FIELD_SURVEY,SURVEYOR,GNSS/CORS evidence attached,
EVT-004437,IN-DL-110054-8-91,2026-09-10 14:00:00,PROPOSAL_ACCEPTED,P2,V2,POLICY_GATE,AUTHORITY,Proposed state accepted,
EVT-004438,IN-DL-110054-8-91,2026-09-10 14:05:00,CANONICAL_STATE_UPDATED,V1,V2,CANONICAL_REGISTRY,SYSTEM,Authoritative state updated,
EVT-004439,IN-DL-110054-8-92,2008-03-15 12:00:00,PARCEL_CREATED,,V1,CANONICAL_SEED,SYSTEM,Created from lineage,IN-DL-110054-8-101
EVT-004440,IN-DL-110054-8-92,2026-06-20 09:00:00,SOURCE_IMPORTED,V1,V1,INGESTION_PIPELINE,SYSTEM,3 observations linked,
EVT-004441,IN-DL-110054-8-92,2026-07-08 14:00:00,MATCH_PROPOSED,V1,P1,MATCHING_ENGINE,SYSTEM,Cross-source match proposed,
EVT-004442,IN-DL-110054-8-92,2026-09-10 14:00:00,PROPOSAL_ACCEPTED,P1,V2,POLICY_GATE,AUTHORITY,Proposed state accepted,
EVT-004443,IN-DL-110054-8-92,2026-09-10 14:05:00,CANONICAL_STATE_UPDATED,V1,V2,CANONICAL_REGISTRY,SYSTEM,Authoritative state updated,
EVT-004444,IN-DL-110054-8-93,2011-07-10 12:00:00,PARCEL_CREATED,,V1,CANONICAL_SEED,SYSTEM,Created from lineage,IN-DL-110054-8-102;IN-DL-110054-8-103
EVT-004445,IN-DL-110054-8-93,2026-06-20 09:00:00,SOURCE_IMPORTED,V1,V1,INGESTION_PIPELINE,SYSTEM,5 observations linked,
EVT-004446,IN-DL-110054-8-93,2026-07-08 14:00:00,MATCH_PROPOSED,V1,P1,MATCHING_ENGINE,SYSTEM,Cross-source match proposed,
EVT-004447,IN-DL-110054-8-93,2026-09-10 14:00:00,PROPOSAL_ACCEPTED,P1,V2,POLICY_GATE,AUTHORITY,Proposed state accepted,
EVT-004448,IN-DL-110054-8-93,2026-09-10 14:05:00,CANONICAL_STATE_UPDATED,V1,V2,CANONICAL_REGISTRY,SYSTEM,Authoritative state updated,
EVT-004449,IN-DL-110054-8-94,2019-11-05 12:00:00,PARCEL_CREATED,,V1,CANONICAL_SEED,SYSTEM,Created from lineage,IN-DL-110054-8-104;IN-DL-110054-8-105
EVT-004450,IN-DL-110054-8-94,2026-06-20 09:00:00,SOURCE_IMPORTED,V1,V1,INGESTION_PIPELINE,SYSTEM,5 observations linked,
EVT-004451,IN-DL-110054-8-94,2026-07-08 14:00:00,MATCH_PROPOSED,V1,P1,MATCHING_ENGINE,SYSTEM,Cross-source match proposed,
EVT-004452,IN-DL-110054-8-94,2026-09-10 14:00:00,PROPOSAL_ACCEPTED,P1,V2,POLICY_GATE,AUTHORITY,Proposed state accepted,
EVT-004453,IN-DL-110054-8-94,2026-09-10 14:05:00,CANONICAL_STATE_UPDATED,V1,V2,CANONICAL_REGISTRY,SYSTEM,Authoritative state updated,
EVT-004454,IN-DL-110054-8-95,1979-01-01 12:00:00,PARCEL_CREATED,,V1,CANONICAL_SEED,SYSTEM,Initial cadastral creation,
EVT-004455,IN-DL-110054-8-95,2026-06-20 09:00:00,SOURCE_IMPORTED,V1,V1,INGESTION_PIPELINE,SYSTEM,6 observations linked,
EVT-004456,IN-DL-110054-8-95,2026-07-08 14:00:00,MATCH_PROPOSED,V1,P1,MATCHING_ENGINE,SYSTEM,Cross-source match proposed,
EVT-004457,IN-DL-110054-8-95,2026-08-06 10:00:00,EVIDENCE_ADDED,P1,P2,FIELD_SURVEY,SURVEYOR,GNSS/CORS evidence attached,
EVT-004458,IN-DL-110054-8-95,2026-09-10 14:00:00,PROPOSAL_ACCEPTED,P2,V2,POLICY_GATE,AUTHORITY,Proposed state accepted,
EVT-004459,IN-DL-110054-8-95,2026-09-10 14:05:00,CANONICAL_STATE_UPDATED,V1,V2,CANONICAL_REGISTRY,SYSTEM,Authoritative state updated,
EVT-004460,IN-DL-110054-8-96,1980-01-01 12:00:00,PARCEL_CREATED,,V1,CANONICAL_SEED,SYSTEM,Initial cadastral creation,
EVT-004461,IN-DL-110054-8-96,2026-06-20 09:00:00,SOURCE_IMPORTED,V1,V1,INGESTION_PIPELINE,SYSTEM,5 observations linked,
EVT-004462,IN-DL-110054-8-96,2026-07-01 11:00:00,CONFLICT_DETECTED,V1,V1,CONFLICT_ENGINE,SYSTEM,2 conflicts detected,
EVT-004463,IN-DL-110054-8-96,2026-07-08 14:00:00,MATCH_PROPOSED,V1,P1,MATCHING_ENGINE,SYSTEM,Cross-source match proposed,
EVT-004464,IN-DL-110054-8-96,2026-09-10 14:00:00,PROPOSAL_ACCEPTED,P1,V2,POLICY_GATE,AUTHORITY,Proposed state accepted,
EVT-004465,IN-DL-110054-8-96,2026-09-10 14:05:00,CANONICAL_STATE_UPDATED,V1,V2,CANONICAL_REGISTRY,SYSTEM,Authoritative state updated,
EVT-004466,IN-DL-110054-8-97,1981-01-01 12:00:00,PARCEL_CREATED,,V1,CANONICAL_SEED,SYSTEM,Initial cadastral creation,
EVT-004467,IN-DL-110054-8-97,2026-06-20 09:00:00,SOURCE_IMPORTED,V1,V1,INGESTION_PIPELINE,SYSTEM,6 observations linked,
EVT-004468,IN-DL-110054-8-97,2026-07-08 14:00:00,MATCH_PROPOSED,V1,P1,MATCHING_ENGINE,SYSTEM,Cross-source match proposed,
EVT-004469,IN-DL-110054-8-97,2026-09-10 14:00:00,PROPOSAL_ACCEPTED,P1,V2,POLICY_GATE,AUTHORITY,Proposed state accepted,
EVT-004470,IN-DL-110054-8-97,2026-09-10 14:05:00,CANONICAL_STATE_UPDATED,V1,V2,CANONICAL_REGISTRY,SYSTEM,Authoritative state updated,
EVT-004471,IN-DL-110054-8-98,1975-01-01 12:00:00,PARCEL_CREATED,,V1,CANONICAL_SEED,SYSTEM,Initial cadastral creation,
EVT-004472,IN-DL-110054-8-98,2026-06-20 09:00:00,SOURCE_IMPORTED,V1,V1,INGESTION_PIPELINE,SYSTEM,4 observations linked,
EVT-004473,IN-DL-110054-8-98,2026-07-08 14:00:00,MATCH_PROPOSED,V1,P1,MATCHING_ENGINE,SYSTEM,Cross-source match proposed,
EVT-004474,IN-DL-110054-8-98,2026-09-10 14:00:00,PROPOSAL_ACCEPTED,P1,V2,POLICY_GATE,AUTHORITY,Proposed state accepted,
EVT-004475,IN-DL-110054-8-98,2026-09-10 14:05:00,CANONICAL_STATE_UPDATED,V1,V2,CANONICAL_REGISTRY,SYSTEM,Authoritative state updated,
EVT-004476,IN-DL-110054-8-99,1976-01-01 12:00:00,PARCEL_CREATED,,V1,CANONICAL_SEED,SYSTEM,Initial cadastral creation,
EVT-004477,IN-DL-110054-8-99,2026-06-20 09:00:00,SOURCE_IMPORTED,V1,V1,INGESTION_PIPELINE,SYSTEM,4 observations linked,
EVT-004478,IN-DL-110054-8-99,2026-07-08 14:00:00,MATCH_PROPOSED,V1,P1,MATCHING_ENGINE,SYSTEM,Cross-source match proposed,
EVT-004479,IN-DL-110054-8-99,2026-09-10 14:00:00,PROPOSAL_ACCEPTED,P1,V2,POLICY_GATE,AUTHORITY,Proposed state accepted,
EVT-004480,IN-DL-110054-8-99,2026-09-10 14:05:00,CANONICAL_STATE_UPDATED,V1,V2,CANONICAL_REGISTRY,SYSTEM,Authoritative state updated,
EVT-004481,IN-DL-110054-8-100,1977-01-01 12:00:00,PARCEL_CREATED,,V1,CANONICAL_SEED,SYSTEM,Initial cadastral creation,
EVT-004482,IN-DL-110054-8-100,2026-06-20 09:00:00,SOURCE_IMPORTED,V1,V1,INGESTION_PIPELINE,SYSTEM,4 observations linked,
EVT-004483,IN-DL-110054-8-100,2026-07-01 11:00:00,CONFLICT_DETECTED,V1,V1,CONFLICT_ENGINE,SYSTEM,1 conflicts detected,
EVT-004484,IN-DL-110054-8-100,2026-07-08 14:00:00,MATCH_PROPOSED,V1,P1,MATCHING_ENGINE,SYSTEM,Cross-source match proposed,
EVT-004485,IN-DL-110054-8-100,2026-09-10 14:00:00,PROPOSAL_ACCEPTED,P1,V2,POLICY_GATE,AUTHORITY,Proposed state accepted,
EVT-004486,IN-DL-110054-8-100,2026-09-10 14:05:00,CANONICAL_STATE_UPDATED,V1,V2,CANONICAL_REGISTRY,SYSTEM,Authoritative state updated,
EVT-004487,IN-DL-110054-9-1,2002-01-01 12:00:00,PARCEL_CREATED,,V1,CANONICAL_SEED,SYSTEM,Initial cadastral creation,
EVT-004488,IN-DL-110054-9-1,2026-06-20 09:00:00,SOURCE_IMPORTED,V1,V1,INGESTION_PIPELINE,SYSTEM,5 observations linked,
EVT-004489,IN-DL-110054-9-1,2026-07-08 14:00:00,MATCH_PROPOSED,V1,P1,MATCHING_ENGINE,SYSTEM,Cross-source match proposed,
EVT-004490,IN-DL-110054-9-1,2026-09-10 14:00:00,PROPOSAL_ACCEPTED,P1,V2,POLICY_GATE,AUTHORITY,Proposed state accepted,
EVT-004491,IN-DL-110054-9-1,2026-09-10 14:05:00,CANONICAL_STATE_UPDATED,V1,V2,CANONICAL_REGISTRY,SYSTEM,Authoritative state updated,
EVT-004492,IN-DL-110054-9-2,2003-01-01 12:00:00,PARCEL_CREATED,,V1,CANONICAL_SEED,SYSTEM,Initial cadastral creation,
EVT-004493,IN-DL-110054-9-2,2026-06-20 09:00:00,SOURCE_IMPORTED,V1,V1,INGESTION_PIPELINE,SYSTEM,6 observations linked,
EVT-004494,IN-DL-110054-9-2,2026-07-01 11:00:00,CONFLICT_DETECTED,V1,V1,CONFLICT_ENGINE,SYSTEM,2 conflicts detected,
EVT-004495,IN-DL-110054-9-2,2026-07-08 14:00:00,MATCH_PROPOSED,V1,P1,MATCHING_ENGINE,SYSTEM,Cross-source match proposed,
EVT-004496,IN-DL-110054-9-2,2026-08-06 10:00:00,EVIDENCE_ADDED,P1,P2,FIELD_SURVEY,SURVEYOR,GNSS/CORS evidence attached,
EVT-004497,IN-DL-110054-9-2,2026-09-05 11:00:00,HUMAN_REVIEW,P2,P2,REVIEW_WORKSPACE,HUMAN_REVIEWER,Legal/operational conflict requires decision,
EVT-004498,IN-DL-110054-9-3,2004-01-01 12:00:00,PARCEL_CREATED,,V1,CANONICAL_SEED,SYSTEM,Initial cadastral creation,
EVT-004499,IN-DL-110054-9-3,2026-06-20 09:00:00,SOURCE_IMPORTED,V1,V1,INGESTION_PIPELINE,SYSTEM,4 observations linked,
EVT-004500,IN-DL-110054-9-3,2026-07-08 14:00:00,MATCH_PROPOSED,V1,P1,MATCHING_ENGINE,SYSTEM,Cross-source match proposed,
EVT-004501,IN-DL-110054-9-3,2026-09-10 14:00:00,PROPOSAL_ACCEPTED,P1,V2,POLICY_GATE,AUTHORITY,Proposed state accepted,
EVT-004502,IN-DL-110054-9-3,2026-09-10 14:05:00,CANONICAL_STATE_UPDATED,V1,V2,CANONICAL_REGISTRY,SYSTEM,Authoritative state updated,
EVT-004503,IN-DL-110054-9-4,2005-01-01 12:00:00,PARCEL_CREATED,,V1,CANONICAL_SEED,SYSTEM,Initial cadastral creation,
EVT-004504,IN-DL-110054-9-4,2026-06-20 09:00:00,SOURCE_IMPORTED,V1,V1,INGESTION_PIPELINE,SYSTEM,3 observations linked,
EVT-004505,IN-DL-110054-9-4,2026-07-01 11:00:00,CONFLICT_DETECTED,V1,V1,CONFLICT_ENGINE,SYSTEM,1 conflicts detected,
EVT-004506,IN-DL-110054-9-4,2026-07-08 14:00:00,MATCH_PROPOSED,V1,P1,MATCHING_ENGINE,SYSTEM,Cross-source match proposed,
EVT-004507,IN-DL-110054-9-4,2026-09-05 12:00:00,HUMAN_REVIEW,P1,P1,REVIEW_WORKSPACE,HUMAN_REVIEWER,Additional evidence requested,
EVT-004508,IN-DL-110054-9-5,2006-01-01 12:00:00,PARCEL_CREATED,,V1,CANONICAL_SEED,SYSTEM,Initial cadastral creation,
EVT-004509,IN-DL-110054-9-5,2026-06-20 09:00:00,SOURCE_IMPORTED,V1,V1,INGESTION_PIPELINE,SYSTEM,4 observations linked,
EVT-004510,IN-DL-110054-9-5,2026-07-08 14:00:00,MATCH_PROPOSED,V1,P1,MATCHING_ENGINE,SYSTEM,Cross-source match proposed,
EVT-004511,IN-DL-110054-9-5,2026-09-10 14:00:00,PROPOSAL_ACCEPTED,P1,V2,POLICY_GATE,AUTHORITY,Proposed state accepted,
EVT-004512,IN-DL-110054-9-5,2026-09-10 14:05:00,CANONICAL_STATE_UPDATED,V1,V2,CANONICAL_REGISTRY,SYSTEM,Authoritative state updated,
EVT-004513,IN-DL-110054-9-6,2007-01-01 12:00:00,PARCEL_CREATED,,V1,CANONICAL_SEED,SYSTEM,Initial cadastral creation,
EVT-004514,IN-DL-110054-9-6,2026-06-20 09:00:00,SOURCE_IMPORTED,V1,V1,INGESTION_PIPELINE,SYSTEM,3 observations linked,
EVT-004515,IN-DL-110054-9-6,2026-07-08 14:00:00,MATCH_PROPOSED,V1,P1,MATCHING_ENGINE,SYSTEM,Cross-source match proposed,
EVT-004516,IN-DL-110054-9-6,2026-09-10 14:00:00,PROPOSAL_ACCEPTED,P1,V2,POLICY_GATE,AUTHORITY,Proposed state accepted,
EVT-004517,IN-DL-110054-9-6,2026-09-10 14:05:00,CANONICAL_STATE_UPDATED,V1,V2,CANONICAL_REGISTRY,SYSTEM,Authoritative state updated,
EVT-004518,IN-DL-110054-9-7,2001-01-01 12:00:00,PARCEL_CREATED,,V1,CANONICAL_SEED,SYSTEM,Initial cadastral creation,
EVT-004519,IN-DL-110054-9-7,2026-06-20 09:00:00,SOURCE_IMPORTED,V1,V1,INGESTION_PIPELINE,SYSTEM,5 observations linked,
EVT-004520,IN-DL-110054-9-7,2026-07-01 11:00:00,CONFLICT_DETECTED,V1,V1,CONFLICT_ENGINE,SYSTEM,1 conflicts detected,
EVT-004521,IN-DL-110054-9-7,2026-07-08 14:00:00,MATCH_PROPOSED,V1,P1,MATCHING_ENGINE,SYSTEM,Cross-source match proposed,
EVT-004522,IN-DL-110054-9-7,2026-08-06 10:00:00,EVIDENCE_ADDED,P1,P2,FIELD_SURVEY,SURVEYOR,GNSS/CORS evidence attached,
EVT-004523,IN-DL-110054-9-7,2026-09-10 14:00:00,PROPOSAL_ACCEPTED,P2,V2,POLICY_GATE,AUTHORITY,Proposed state accepted,
EVT-004524,IN-DL-110054-9-7,2026-09-10 14:05:00,CANONICAL_STATE_UPDATED,V1,V2,CANONICAL_REGISTRY,SYSTEM,Authoritative state updated,
EVT-004525,IN-DL-110054-9-8,2002-01-01 12:00:00,PARCEL_CREATED,,V1,CANONICAL_SEED,SYSTEM,Initial cadastral creation,
EVT-004526,IN-DL-110054-9-8,2026-06-20 09:00:00,SOURCE_IMPORTED,V1,V1,INGESTION_PIPELINE,SYSTEM,4 observations linked,
EVT-004527,IN-DL-110054-9-8,2026-07-08 14:00:00,MATCH_PROPOSED,V1,P1,MATCHING_ENGINE,SYSTEM,Cross-source match proposed,
EVT-004528,IN-DL-110054-9-8,2026-09-10 14:00:00,PROPOSAL_ACCEPTED,P1,V2,POLICY_GATE,AUTHORITY,Proposed state accepted,
EVT-004529,IN-DL-110054-9-8,2026-09-10 14:05:00,CANONICAL_STATE_UPDATED,V1,V2,CANONICAL_REGISTRY,SYSTEM,Authoritative state updated,
EVT-004530,IN-DL-110054-9-9,2003-01-01 12:00:00,PARCEL_CREATED,,V1,CANONICAL_SEED,SYSTEM,Initial cadastral creation,
EVT-004531,IN-DL-110054-9-9,2026-06-20 09:00:00,SOURCE_IMPORTED,V1,V1,INGESTION_PIPELINE,SYSTEM,4 observations linked,
EVT-004532,IN-DL-110054-9-9,2026-07-08 14:00:00,MATCH_PROPOSED,V1,P1,MATCHING_ENGINE,SYSTEM,Cross-source match proposed,
EVT-004533,IN-DL-110054-9-9,2026-08-06 10:00:00,EVIDENCE_ADDED,P1,P2,FIELD_SURVEY,SURVEYOR,GNSS/CORS evidence attached,
EVT-004534,IN-DL-110054-9-9,2026-09-10 14:00:00,PROPOSAL_ACCEPTED,P2,V2,POLICY_GATE,AUTHORITY,Proposed state accepted,
EVT-004535,IN-DL-110054-9-9,2026-09-10 14:05:00,CANONICAL_STATE_UPDATED,V1,V2,CANONICAL_REGISTRY,SYSTEM,Authoritative state updated,
EVT-004536,IN-DL-110054-9-10,2004-01-01 12:00:00,PARCEL_CREATED,,V1,CANONICAL_SEED,SYSTEM,Initial cadastral creation,
EVT-004537,IN-DL-110054-9-10,2026-06-20 09:00:00,SOURCE_IMPORTED,V1,V1,INGESTION_PIPELINE,SYSTEM,4 observations linked,
EVT-004538,IN-DL-110054-9-10,2026-07-01 11:00:00,CONFLICT_DETECTED,V1,V1,CONFLICT_ENGINE,SYSTEM,1 conflicts detected,
EVT-004539,IN-DL-110054-9-10,2026-07-08 14:00:00,MATCH_PROPOSED,V1,P1,MATCHING_ENGINE,SYSTEM,Cross-source match proposed,
EVT-004540,IN-DL-110054-9-10,2026-09-10 14:00:00,PROPOSAL_ACCEPTED,P1,V2,POLICY_GATE,AUTHORITY,Proposed state accepted,
EVT-004541,IN-DL-110054-9-10,2026-09-10 14:05:00,CANONICAL_STATE_UPDATED,V1,V2,CANONICAL_REGISTRY,SYSTEM,Authoritative state updated,
EVT-004542,IN-DL-110054-9-11,2005-01-01 12:00:00,PARCEL_CREATED,,V1,CANONICAL_SEED,SYSTEM,Initial cadastral creation,
EVT-004543,IN-DL-110054-9-11,2026-06-20 09:00:00,SOURCE_IMPORTED,V1,V1,INGESTION_PIPELINE,SYSTEM,5 observations linked,
EVT-004544,IN-DL-110054-9-11,2026-07-08 14:00:00,MATCH_PROPOSED,V1,P1,MATCHING_ENGINE,SYSTEM,Cross-source match proposed,
EVT-004545,IN-DL-110054-9-11,2026-09-10 14:00:00,PROPOSAL_ACCEPTED,P1,V2,POLICY_GATE,AUTHORITY,Proposed state accepted,
EVT-004546,IN-DL-110054-9-11,2026-09-10 14:05:00,CANONICAL_STATE_UPDATED,V1,V2,CANONICAL_REGISTRY,SYSTEM,Authoritative state updated,
EVT-004547,IN-DL-110054-9-12,2006-01-01 12:00:00,PARCEL_CREATED,,V1,CANONICAL_SEED,SYSTEM,Initial cadastral creation,
EVT-004548,IN-DL-110054-9-12,2026-06-20 09:00:00,SOURCE_IMPORTED,V1,V1,INGESTION_PIPELINE,SYSTEM,3 observations linked,
EVT-004549,IN-DL-110054-9-12,2026-07-01 11:00:00,CONFLICT_DETECTED,V1,V1,CONFLICT_ENGINE,SYSTEM,1 conflicts detected,
EVT-004550,IN-DL-110054-9-12,2026-07-08 14:00:00,MATCH_PROPOSED,V1,P1,MATCHING_ENGINE,SYSTEM,Cross-source match proposed,
EVT-004551,IN-DL-110054-9-12,2026-09-10 14:00:00,PROPOSAL_ACCEPTED,P1,V2,POLICY_GATE,AUTHORITY,Proposed state accepted,
EVT-004552,IN-DL-110054-9-12,2026-09-10 14:05:00,CANONICAL_STATE_UPDATED,V1,V2,CANONICAL_REGISTRY,SYSTEM,Authoritative state updated,
EVT-004553,IN-DL-110054-9-13,2007-01-01 12:00:00,PARCEL_CREATED,,V1,CANONICAL_SEED,SYSTEM,Initial cadastral creation,
EVT-004554,IN-DL-110054-9-13,2026-06-20 09:00:00,SOURCE_IMPORTED,V1,V1,INGESTION_PIPELINE,SYSTEM,3 observations linked,
EVT-004555,IN-DL-110054-9-13,2026-07-08 14:00:00,MATCH_PROPOSED,V1,P1,MATCHING_ENGINE,SYSTEM,Cross-source match proposed,
EVT-004556,IN-DL-110054-9-13,2026-09-10 14:00:00,PROPOSAL_ACCEPTED,P1,V2,POLICY_GATE,AUTHORITY,Proposed state accepted,
EVT-004557,IN-DL-110054-9-13,2026-09-10 14:05:00,CANONICAL_STATE_UPDATED,V1,V2,CANONICAL_REGISTRY,SYSTEM,Authoritative state updated,
EVT-004558,IN-DL-110054-9-14,2001-01-01 12:00:00,PARCEL_CREATED,,V1,CANONICAL_SEED,SYSTEM,Initial cadastral creation,
EVT-004559,IN-DL-110054-9-14,2026-06-20 09:00:00,SOURCE_IMPORTED,V1,V1,INGESTION_PIPELINE,SYSTEM,4 observations linked,
EVT-004560,IN-DL-110054-9-14,2026-07-08 14:00:00,MATCH_PROPOSED,V1,P1,MATCHING_ENGINE,SYSTEM,Cross-source match proposed,
EVT-004561,IN-DL-110054-9-14,2026-09-10 14:00:00,PROPOSAL_ACCEPTED,P1,V2,POLICY_GATE,AUTHORITY,Proposed state accepted,
EVT-004562,IN-DL-110054-9-14,2026-09-10 14:05:00,CANONICAL_STATE_UPDATED,V1,V2,CANONICAL_REGISTRY,SYSTEM,Authoritative state updated,
EVT-004563,IN-DL-110054-9-15,2002-01-01 12:00:00,PARCEL_CREATED,,V1,CANONICAL_SEED,SYSTEM,Initial cadastral creation,
EVT-004564,IN-DL-110054-9-15,2026-06-20 09:00:00,SOURCE_IMPORTED,V1,V1,INGESTION_PIPELINE,SYSTEM,4 observations linked,
EVT-004565,IN-DL-110054-9-15,2026-07-01 11:00:00,CONFLICT_DETECTED,V1,V1,CONFLICT_ENGINE,SYSTEM,1 conflicts detected,
EVT-004566,IN-DL-110054-9-15,2026-07-08 14:00:00,MATCH_PROPOSED,V1,P1,MATCHING_ENGINE,SYSTEM,Cross-source match proposed,
EVT-004567,IN-DL-110054-9-15,2026-09-10 14:00:00,PROPOSAL_ACCEPTED,P1,V2,POLICY_GATE,AUTHORITY,Proposed state accepted,
EVT-004568,IN-DL-110054-9-15,2026-09-10 14:05:00,CANONICAL_STATE_UPDATED,V1,V2,CANONICAL_REGISTRY,SYSTEM,Authoritative state updated,
EVT-004569,IN-DL-110054-9-16,2003-01-01 12:00:00,PARCEL_CREATED,,V1,CANONICAL_SEED,SYSTEM,Initial cadastral creation,
EVT-004570,IN-DL-110054-9-16,2026-06-20 09:00:00,SOURCE_IMPORTED,V1,V1,INGESTION_PIPELINE,SYSTEM,4 observations linked,
EVT-004571,IN-DL-110054-9-16,2026-07-01 11:00:00,CONFLICT_DETECTED,V1,V1,CONFLICT_ENGINE,SYSTEM,1 conflicts detected,
EVT-004572,IN-DL-110054-9-16,2026-07-08 14:00:00,MATCH_PROPOSED,V1,P1,MATCHING_ENGINE,SYSTEM,Cross-source match proposed,
EVT-004573,IN-DL-110054-9-16,2026-09-10 14:00:00,PROPOSAL_ACCEPTED,P1,V2,POLICY_GATE,AUTHORITY,Proposed state accepted,
EVT-004574,IN-DL-110054-9-16,2026-09-10 14:05:00,CANONICAL_STATE_UPDATED,V1,V2,CANONICAL_REGISTRY,SYSTEM,Authoritative state updated,
EVT-004575,IN-DL-110054-9-17,2004-01-01 12:00:00,PARCEL_CREATED,,V1,CANONICAL_SEED,SYSTEM,Initial cadastral creation,
EVT-004576,IN-DL-110054-9-17,2026-06-20 09:00:00,SOURCE_IMPORTED,V1,V1,INGESTION_PIPELINE,SYSTEM,5 observations linked,
EVT-004577,IN-DL-110054-9-17,2026-07-01 11:00:00,CONFLICT_DETECTED,V1,V1,CONFLICT_ENGINE,SYSTEM,1 conflicts detected,
EVT-004578,IN-DL-110054-9-17,2026-07-08 14:00:00,MATCH_PROPOSED,V1,P1,MATCHING_ENGINE,SYSTEM,Cross-source match proposed,
EVT-004579,IN-DL-110054-9-17,2026-09-05 11:00:00,HUMAN_REVIEW,P1,P2,REVIEW_WORKSPACE,HUMAN_REVIEWER,Legal/operational conflict requires decision,
EVT-004580,IN-DL-110054-9-18,2005-01-01 12:00:00,PARCEL_CREATED,,V1,CANONICAL_SEED,SYSTEM,Initial cadastral creation,
EVT-004581,IN-DL-110054-9-18,2026-06-20 09:00:00,SOURCE_IMPORTED,V1,V1,INGESTION_PIPELINE,SYSTEM,6 observations linked,
EVT-004582,IN-DL-110054-9-18,2026-07-08 14:00:00,MATCH_PROPOSED,V1,P1,MATCHING_ENGINE,SYSTEM,Cross-source match proposed,
EVT-004583,IN-DL-110054-9-18,2026-08-06 10:00:00,EVIDENCE_ADDED,P1,P2,FIELD_SURVEY,SURVEYOR,GNSS/CORS evidence attached,
EVT-004584,IN-DL-110054-9-18,2026-09-10 14:00:00,PROPOSAL_ACCEPTED,P2,V2,POLICY_GATE,AUTHORITY,Proposed state accepted,
EVT-004585,IN-DL-110054-9-18,2026-09-10 14:05:00,CANONICAL_STATE_UPDATED,V1,V2,CANONICAL_REGISTRY,SYSTEM,Authoritative state updated,
EVT-004586,IN-DL-110054-9-19,2006-01-01 12:00:00,PARCEL_CREATED,,V1,CANONICAL_SEED,SYSTEM,Initial cadastral creation,
EVT-004587,IN-DL-110054-9-19,2026-06-20 09:00:00,SOURCE_IMPORTED,V1,V1,INGESTION_PIPELINE,SYSTEM,4 observations linked,
EVT-004588,IN-DL-110054-9-19,2026-07-08 14:00:00,MATCH_PROPOSED,V1,P1,MATCHING_ENGINE,SYSTEM,Cross-source match proposed,
EVT-004589,IN-DL-110054-9-19,2026-09-10 14:00:00,PROPOSAL_ACCEPTED,P1,V2,POLICY_GATE,AUTHORITY,Proposed state accepted,
EVT-004590,IN-DL-110054-9-19,2026-09-10 14:05:00,CANONICAL_STATE_UPDATED,V1,V2,CANONICAL_REGISTRY,SYSTEM,Authoritative state updated,
EVT-004591,IN-DL-110054-9-20,2007-01-01 12:00:00,PARCEL_CREATED,,V1,CANONICAL_SEED,SYSTEM,Initial cadastral creation,
EVT-004592,IN-DL-110054-9-20,2026-06-20 09:00:00,SOURCE_IMPORTED,V1,V1,INGESTION_PIPELINE,SYSTEM,5 observations linked,
EVT-004593,IN-DL-110054-9-20,2026-07-01 11:00:00,CONFLICT_DETECTED,V1,V1,CONFLICT_ENGINE,SYSTEM,2 conflicts detected,
EVT-004594,IN-DL-110054-9-20,2026-07-08 14:00:00,MATCH_PROPOSED,V1,P1,MATCHING_ENGINE,SYSTEM,Cross-source match proposed,
EVT-004595,IN-DL-110054-9-20,2026-08-06 10:00:00,EVIDENCE_ADDED,P1,P2,FIELD_SURVEY,SURVEYOR,GNSS/CORS evidence attached,
EVT-004596,IN-DL-110054-9-20,2026-09-05 11:00:00,HUMAN_REVIEW,P2,P2,REVIEW_WORKSPACE,HUMAN_REVIEWER,Legal/operational conflict requires decision,
EVT-004597,IN-DL-110054-9-21,2001-01-01 12:00:00,PARCEL_CREATED,,V1,CANONICAL_SEED,SYSTEM,Initial cadastral creation,
EVT-004598,IN-DL-110054-9-21,2026-06-20 09:00:00,SOURCE_IMPORTED,V1,V1,INGESTION_PIPELINE,SYSTEM,5 observations linked,
EVT-004599,IN-DL-110054-9-21,2026-07-01 11:00:00,CONFLICT_DETECTED,V1,V1,CONFLICT_ENGINE,SYSTEM,1 conflicts detected,
EVT-004600,IN-DL-110054-9-21,2026-07-08 14:00:00,MATCH_PROPOSED,V1,P1,MATCHING_ENGINE,SYSTEM,Cross-source match proposed,
EVT-004601,IN-DL-110054-9-21,2026-09-10 14:00:00,PROPOSAL_ACCEPTED,P1,V2,POLICY_GATE,AUTHORITY,Proposed state accepted,
EVT-004602,IN-DL-110054-9-21,2026-09-10 14:05:00,CANONICAL_STATE_UPDATED,V1,V2,CANONICAL_REGISTRY,SYSTEM,Authoritative state updated,
EVT-004603,IN-DL-110054-9-22,2002-01-01 12:00:00,PARCEL_CREATED,,V1,CANONICAL_SEED,SYSTEM,Initial cadastral creation,
EVT-004604,IN-DL-110054-9-22,2026-06-20 09:00:00,SOURCE_IMPORTED,V1,V1,INGESTION_PIPELINE,SYSTEM,5 observations linked,
EVT-004605,IN-DL-110054-9-22,2026-07-01 11:00:00,CONFLICT_DETECTED,V1,V1,CONFLICT_ENGINE,SYSTEM,1 conflicts detected,
EVT-004606,IN-DL-110054-9-22,2026-07-08 14:00:00,MATCH_PROPOSED,V1,P1,MATCHING_ENGINE,SYSTEM,Cross-source match proposed,
EVT-004607,IN-DL-110054-9-22,2026-09-07 15:00:00,PROPOSAL_REJECTED,P1,V1,REVIEW_WORKSPACE,HUMAN_REVIEWER,Candidate match rejected,
EVT-004608,IN-DL-110054-9-23,2003-01-01 12:00:00,PARCEL_CREATED,,V1,CANONICAL_SEED,SYSTEM,Initial cadastral creation,
EVT-004609,IN-DL-110054-9-23,2026-06-20 09:00:00,SOURCE_IMPORTED,V1,V1,INGESTION_PIPELINE,SYSTEM,3 observations linked,
EVT-004610,IN-DL-110054-9-23,2026-07-08 14:00:00,MATCH_PROPOSED,V1,P1,MATCHING_ENGINE,SYSTEM,Cross-source match proposed,
EVT-004611,IN-DL-110054-9-23,2026-09-10 14:00:00,PROPOSAL_ACCEPTED,P1,V2,POLICY_GATE,AUTHORITY,Proposed state accepted,
EVT-004612,IN-DL-110054-9-23,2026-09-10 14:05:00,CANONICAL_STATE_UPDATED,V1,V2,CANONICAL_REGISTRY,SYSTEM,Authoritative state updated,
EVT-004613,IN-DL-110054-9-24,2004-01-01 12:00:00,PARCEL_CREATED,,V1,CANONICAL_SEED,SYSTEM,Initial cadastral creation,
EVT-004614,IN-DL-110054-9-24,2026-06-20 09:00:00,SOURCE_IMPORTED,V1,V1,INGESTION_PIPELINE,SYSTEM,4 observations linked,
EVT-004615,IN-DL-110054-9-24,2026-07-01 11:00:00,CONFLICT_DETECTED,V1,V1,CONFLICT_ENGINE,SYSTEM,1 conflicts detected,
EVT-004616,IN-DL-110054-9-24,2026-07-08 14:00:00,MATCH_PROPOSED,V1,P1,MATCHING_ENGINE,SYSTEM,Cross-source match proposed,
EVT-004617,IN-DL-110054-9-24,2026-09-10 14:00:00,PROPOSAL_ACCEPTED,P1,V2,POLICY_GATE,AUTHORITY,Proposed state accepted,
EVT-004618,IN-DL-110054-9-24,2026-09-10 14:05:00,CANONICAL_STATE_UPDATED,V1,V2,CANONICAL_REGISTRY,SYSTEM,Authoritative state updated,
EVT-004619,IN-DL-110054-9-25,2005-01-01 12:00:00,PARCEL_CREATED,,V1,CANONICAL_SEED,SYSTEM,Initial cadastral creation,
EVT-004620,IN-DL-110054-9-25,2026-06-20 09:00:00,SOURCE_IMPORTED,V1,V1,INGESTION_PIPELINE,SYSTEM,4 observations linked,
EVT-004621,IN-DL-110054-9-25,2026-07-08 14:00:00,MATCH_PROPOSED,V1,P1,MATCHING_ENGINE,SYSTEM,Cross-source match proposed,
EVT-004622,IN-DL-110054-9-25,2026-09-10 14:00:00,PROPOSAL_ACCEPTED,P1,V2,POLICY_GATE,AUTHORITY,Proposed state accepted,
EVT-004623,IN-DL-110054-9-25,2026-09-10 14:05:00,CANONICAL_STATE_UPDATED,V1,V2,CANONICAL_REGISTRY,SYSTEM,Authoritative state updated,
EVT-004624,IN-DL-110054-9-26,2006-01-01 12:00:00,PARCEL_CREATED,,V1,CANONICAL_SEED,SYSTEM,Initial cadastral creation,
EVT-004625,IN-DL-110054-9-26,2026-06-20 09:00:00,SOURCE_IMPORTED,V1,V1,INGESTION_PIPELINE,SYSTEM,3 observations linked,
EVT-004626,IN-DL-110054-9-26,2026-07-08 14:00:00,MATCH_PROPOSED,V1,P1,MATCHING_ENGINE,SYSTEM,Cross-source match proposed,
EVT-004627,IN-DL-110054-9-26,2026-09-10 14:00:00,PROPOSAL_ACCEPTED,P1,V2,POLICY_GATE,AUTHORITY,Proposed state accepted,
EVT-004628,IN-DL-110054-9-26,2026-09-10 14:05:00,CANONICAL_STATE_UPDATED,V1,V2,CANONICAL_REGISTRY,SYSTEM,Authoritative state updated,
EVT-004629,IN-DL-110054-9-27,2007-01-01 12:00:00,PARCEL_CREATED,,V1,CANONICAL_SEED,SYSTEM,Initial cadastral creation,
EVT-004630,IN-DL-110054-9-27,2026-06-20 09:00:00,SOURCE_IMPORTED,V1,V1,INGESTION_PIPELINE,SYSTEM,3 observations linked,
EVT-004631,IN-DL-110054-9-27,2026-07-08 14:00:00,MATCH_PROPOSED,V1,P1,MATCHING_ENGINE,SYSTEM,Cross-source match proposed,
EVT-004632,IN-DL-110054-9-27,2026-09-10 14:00:00,PROPOSAL_ACCEPTED,P1,V2,POLICY_GATE,AUTHORITY,Proposed state accepted,
EVT-004633,IN-DL-110054-9-27,2026-09-10 14:05:00,CANONICAL_STATE_UPDATED,V1,V2,CANONICAL_REGISTRY,SYSTEM,Authoritative state updated,
EVT-004634,IN-DL-110054-9-28,2001-01-01 12:00:00,PARCEL_CREATED,,V1,CANONICAL_SEED,SYSTEM,Initial cadastral creation,
EVT-004635,IN-DL-110054-9-28,2026-06-20 09:00:00,SOURCE_IMPORTED,V1,V1,INGESTION_PIPELINE,SYSTEM,4 observations linked,
EVT-004636,IN-DL-110054-9-28,2026-07-08 14:00:00,MATCH_PROPOSED,V1,P1,MATCHING_ENGINE,SYSTEM,Cross-source match proposed,
EVT-004637,IN-DL-110054-9-28,2026-09-10 14:00:00,PROPOSAL_ACCEPTED,P1,V2,POLICY_GATE,AUTHORITY,Proposed state accepted,
EVT-004638,IN-DL-110054-9-28,2026-09-10 14:05:00,CANONICAL_STATE_UPDATED,V1,V2,CANONICAL_REGISTRY,SYSTEM,Authoritative state updated,
EVT-004639,IN-DL-110054-9-29,2002-01-01 12:00:00,PARCEL_CREATED,,V1,CANONICAL_SEED,SYSTEM,Initial cadastral creation,
EVT-004640,IN-DL-110054-9-29,2026-06-20 09:00:00,SOURCE_IMPORTED,V1,V1,INGESTION_PIPELINE,SYSTEM,6 observations linked,
EVT-004641,IN-DL-110054-9-29,2026-07-01 11:00:00,CONFLICT_DETECTED,V1,V1,CONFLICT_ENGINE,SYSTEM,1 conflicts detected,
EVT-004642,IN-DL-110054-9-29,2026-07-08 14:00:00,MATCH_PROPOSED,V1,P1,MATCHING_ENGINE,SYSTEM,Cross-source match proposed,
EVT-004643,IN-DL-110054-9-29,2026-09-10 14:00:00,PROPOSAL_ACCEPTED,P1,V2,POLICY_GATE,AUTHORITY,Proposed state accepted,
EVT-004644,IN-DL-110054-9-29,2026-09-10 14:05:00,CANONICAL_STATE_UPDATED,V1,V2,CANONICAL_REGISTRY,SYSTEM,Authoritative state updated,
EVT-004645,IN-DL-110054-9-30,2003-01-01 12:00:00,PARCEL_CREATED,,V1,CANONICAL_SEED,SYSTEM,Initial cadastral creation,
EVT-004646,IN-DL-110054-9-30,2026-06-20 09:00:00,SOURCE_IMPORTED,V1,V1,INGESTION_PIPELINE,SYSTEM,6 observations linked,
EVT-004647,IN-DL-110054-9-30,2026-07-01 11:00:00,CONFLICT_DETECTED,V1,V1,CONFLICT_ENGINE,SYSTEM,3 conflicts detected,
EVT-004648,IN-DL-110054-9-30,2026-07-08 14:00:00,MATCH_PROPOSED,V1,P1,MATCHING_ENGINE,SYSTEM,Cross-source match proposed,
EVT-004649,IN-DL-110054-9-30,2026-08-06 10:00:00,EVIDENCE_ADDED,P1,P2,FIELD_SURVEY,SURVEYOR,GNSS/CORS evidence attached,
EVT-004650,IN-DL-110054-9-30,2026-09-05 11:00:00,HUMAN_REVIEW,P2,P2,REVIEW_WORKSPACE,HUMAN_REVIEWER,Legal/operational conflict requires decision,
EVT-004651,IN-DL-110054-9-31,2004-01-01 12:00:00,PARCEL_CREATED,,V1,CANONICAL_SEED,SYSTEM,Initial cadastral creation,
EVT-004652,IN-DL-110054-9-31,2026-06-20 09:00:00,SOURCE_IMPORTED,V1,V1,INGESTION_PIPELINE,SYSTEM,5 observations linked,
EVT-004653,IN-DL-110054-9-31,2026-07-08 14:00:00,MATCH_PROPOSED,V1,P1,MATCHING_ENGINE,SYSTEM,Cross-source match proposed,
EVT-004654,IN-DL-110054-9-31,2026-09-10 14:00:00,PROPOSAL_ACCEPTED,P1,V2,POLICY_GATE,AUTHORITY,Proposed state accepted,
EVT-004655,IN-DL-110054-9-31,2026-09-10 14:05:00,CANONICAL_STATE_UPDATED,V1,V2,CANONICAL_REGISTRY,SYSTEM,Authoritative state updated,
EVT-004656,IN-DL-110054-9-32,2005-01-01 12:00:00,PARCEL_CREATED,,V1,CANONICAL_SEED,SYSTEM,Initial cadastral creation,
EVT-004657,IN-DL-110054-9-32,2026-06-20 09:00:00,SOURCE_IMPORTED,V1,V1,INGESTION_PIPELINE,SYSTEM,4 observations linked,
EVT-004658,IN-DL-110054-9-32,2026-07-08 14:00:00,MATCH_PROPOSED,V1,P1,MATCHING_ENGINE,SYSTEM,Cross-source match proposed,
EVT-004659,IN-DL-110054-9-32,2026-09-10 14:00:00,PROPOSAL_ACCEPTED,P1,V2,POLICY_GATE,AUTHORITY,Proposed state accepted,
EVT-004660,IN-DL-110054-9-32,2026-09-10 14:05:00,CANONICAL_STATE_UPDATED,V1,V2,CANONICAL_REGISTRY,SYSTEM,Authoritative state updated,
EVT-004661,IN-DL-110054-9-33,2006-01-01 12:00:00,PARCEL_CREATED,,V1,CANONICAL_SEED,SYSTEM,Initial cadastral creation,
EVT-004662,IN-DL-110054-9-33,2026-06-20 09:00:00,SOURCE_IMPORTED,V1,V1,INGESTION_PIPELINE,SYSTEM,4 observations linked,
EVT-004663,IN-DL-110054-9-33,2026-07-01 11:00:00,CONFLICT_DETECTED,V1,V1,CONFLICT_ENGINE,SYSTEM,1 conflicts detected,
EVT-004664,IN-DL-110054-9-33,2026-07-08 14:00:00,MATCH_PROPOSED,V1,P1,MATCHING_ENGINE,SYSTEM,Cross-source match proposed,
EVT-004665,IN-DL-110054-9-33,2026-09-05 12:00:00,HUMAN_REVIEW,P1,P1,REVIEW_WORKSPACE,HUMAN_REVIEWER,Additional evidence requested,
EVT-004666,IN-DL-110054-9-34,2007-01-01 12:00:00,PARCEL_CREATED,,V1,CANONICAL_SEED,SYSTEM,Initial cadastral creation,
EVT-004667,IN-DL-110054-9-34,2026-06-20 09:00:00,SOURCE_IMPORTED,V1,V1,INGESTION_PIPELINE,SYSTEM,3 observations linked,
EVT-004668,IN-DL-110054-9-34,2026-07-08 14:00:00,MATCH_PROPOSED,V1,P1,MATCHING_ENGINE,SYSTEM,Cross-source match proposed,
EVT-004669,IN-DL-110054-9-34,2026-09-10 14:00:00,PROPOSAL_ACCEPTED,P1,V2,POLICY_GATE,AUTHORITY,Proposed state accepted,
EVT-004670,IN-DL-110054-9-34,2026-09-10 14:05:00,CANONICAL_STATE_UPDATED,V1,V2,CANONICAL_REGISTRY,SYSTEM,Authoritative state updated,
EVT-004671,IN-DL-110054-9-35,2001-01-01 12:00:00,PARCEL_CREATED,,V1,CANONICAL_SEED,SYSTEM,Initial cadastral creation,
EVT-004672,IN-DL-110054-9-35,2026-06-20 09:00:00,SOURCE_IMPORTED,V1,V1,INGESTION_PIPELINE,SYSTEM,4 observations linked,
EVT-004673,IN-DL-110054-9-35,2026-07-08 14:00:00,MATCH_PROPOSED,V1,P1,MATCHING_ENGINE,SYSTEM,Cross-source match proposed,
EVT-004674,IN-DL-110054-9-35,2026-09-10 14:00:00,PROPOSAL_ACCEPTED,P1,V2,POLICY_GATE,AUTHORITY,Proposed state accepted,
EVT-004675,IN-DL-110054-9-35,2026-09-10 14:05:00,CANONICAL_STATE_UPDATED,V1,V2,CANONICAL_REGISTRY,SYSTEM,Authoritative state updated,
EVT-004676,IN-DL-110054-9-36,2002-01-01 12:00:00,PARCEL_CREATED,,V1,CANONICAL_SEED,SYSTEM,Initial cadastral creation,
EVT-004677,IN-DL-110054-9-36,2026-06-20 09:00:00,SOURCE_IMPORTED,V1,V1,INGESTION_PIPELINE,SYSTEM,4 observations linked,
EVT-004678,IN-DL-110054-9-36,2026-07-01 11:00:00,CONFLICT_DETECTED,V1,V1,CONFLICT_ENGINE,SYSTEM,1 conflicts detected,
EVT-004679,IN-DL-110054-9-36,2026-07-08 14:00:00,MATCH_PROPOSED,V1,P1,MATCHING_ENGINE,SYSTEM,Cross-source match proposed,
EVT-004680,IN-DL-110054-9-36,2026-09-10 14:00:00,PROPOSAL_ACCEPTED,P1,V2,POLICY_GATE,AUTHORITY,Proposed state accepted,
EVT-004681,IN-DL-110054-9-36,2026-09-10 14:05:00,CANONICAL_STATE_UPDATED,V1,V2,CANONICAL_REGISTRY,SYSTEM,Authoritative state updated,
EVT-004682,IN-DL-110054-9-37,2003-01-01 12:00:00,PARCEL_CREATED,,V1,CANONICAL_SEED,SYSTEM,Initial cadastral creation,
EVT-004683,IN-DL-110054-9-37,2026-06-20 09:00:00,SOURCE_IMPORTED,V1,V1,INGESTION_PIPELINE,SYSTEM,3 observations linked,
EVT-004684,IN-DL-110054-9-37,2026-07-08 14:00:00,MATCH_PROPOSED,V1,P1,MATCHING_ENGINE,SYSTEM,Cross-source match proposed,
EVT-004685,IN-DL-110054-9-37,2026-09-10 14:00:00,PROPOSAL_ACCEPTED,P1,V2,POLICY_GATE,AUTHORITY,Proposed state accepted,
EVT-004686,IN-DL-110054-9-37,2026-09-10 14:05:00,CANONICAL_STATE_UPDATED,V1,V2,CANONICAL_REGISTRY,SYSTEM,Authoritative state updated,
EVT-004687,IN-DL-110054-9-38,2004-01-01 12:00:00,PARCEL_CREATED,,V1,CANONICAL_SEED,SYSTEM,Initial cadastral creation,
EVT-004688,IN-DL-110054-9-38,2026-06-20 09:00:00,SOURCE_IMPORTED,V1,V1,INGESTION_PIPELINE,SYSTEM,5 observations linked,
EVT-004689,IN-DL-110054-9-38,2026-07-08 14:00:00,MATCH_PROPOSED,V1,P1,MATCHING_ENGINE,SYSTEM,Cross-source match proposed,
EVT-004690,IN-DL-110054-9-38,2026-09-10 14:00:00,PROPOSAL_ACCEPTED,P1,V2,POLICY_GATE,AUTHORITY,Proposed state accepted,
EVT-004691,IN-DL-110054-9-38,2026-09-10 14:05:00,CANONICAL_STATE_UPDATED,V1,V2,CANONICAL_REGISTRY,SYSTEM,Authoritative state updated,
EVT-004692,IN-DL-110054-9-39,2005-01-01 12:00:00,PARCEL_CREATED,,V1,CANONICAL_SEED,SYSTEM,Initial cadastral creation,
EVT-004693,IN-DL-110054-9-39,2026-06-20 09:00:00,SOURCE_IMPORTED,V1,V1,INGESTION_PIPELINE,SYSTEM,5 observations linked,
EVT-004694,IN-DL-110054-9-39,2026-07-08 14:00:00,MATCH_PROPOSED,V1,P1,MATCHING_ENGINE,SYSTEM,Cross-source match proposed,
EVT-004695,IN-DL-110054-9-39,2026-09-10 14:00:00,PROPOSAL_ACCEPTED,P1,V2,POLICY_GATE,AUTHORITY,Proposed state accepted,
EVT-004696,IN-DL-110054-9-39,2026-09-10 14:05:00,CANONICAL_STATE_UPDATED,V1,V2,CANONICAL_REGISTRY,SYSTEM,Authoritative state updated,
EVT-004697,IN-DL-110054-9-40,2006-01-01 12:00:00,PARCEL_CREATED,,V1,CANONICAL_SEED,SYSTEM,Initial cadastral creation,
EVT-004698,IN-DL-110054-9-40,2026-06-20 09:00:00,SOURCE_IMPORTED,V1,V1,INGESTION_PIPELINE,SYSTEM,4 observations linked,
EVT-004699,IN-DL-110054-9-40,2026-07-01 11:00:00,CONFLICT_DETECTED,V1,V1,CONFLICT_ENGINE,SYSTEM,1 conflicts detected,
EVT-004700,IN-DL-110054-9-40,2026-07-08 14:00:00,MATCH_PROPOSED,V1,P1,MATCHING_ENGINE,SYSTEM,Cross-source match proposed,
EVT-004701,IN-DL-110054-9-40,2026-09-10 14:00:00,PROPOSAL_ACCEPTED,P1,V2,POLICY_GATE,AUTHORITY,Proposed state accepted,
EVT-004702,IN-DL-110054-9-40,2026-09-10 14:05:00,CANONICAL_STATE_UPDATED,V1,V2,CANONICAL_REGISTRY,SYSTEM,Authoritative state updated,
EVT-004703,IN-DL-110054-9-41,2007-01-01 12:00:00,PARCEL_CREATED,,V1,CANONICAL_SEED,SYSTEM,Initial cadastral creation,
EVT-004704,IN-DL-110054-9-41,2026-06-20 09:00:00,SOURCE_IMPORTED,V1,V1,INGESTION_PIPELINE,SYSTEM,6 observations linked,
EVT-004705,IN-DL-110054-9-41,2026-07-01 11:00:00,CONFLICT_DETECTED,V1,V1,CONFLICT_ENGINE,SYSTEM,2 conflicts detected,
EVT-004706,IN-DL-110054-9-41,2026-07-08 14:00:00,MATCH_PROPOSED,V1,P1,MATCHING_ENGINE,SYSTEM,Cross-source match proposed,
EVT-004707,IN-DL-110054-9-41,2026-08-06 10:00:00,EVIDENCE_ADDED,P1,P2,FIELD_SURVEY,SURVEYOR,GNSS/CORS evidence attached,
EVT-004708,IN-DL-110054-9-41,2026-09-05 11:00:00,HUMAN_REVIEW,P2,P2,REVIEW_WORKSPACE,HUMAN_REVIEWER,Legal/operational conflict requires decision,
EVT-004709,IN-DL-110054-9-42,2001-01-01 12:00:00,PARCEL_CREATED,,V1,CANONICAL_SEED,SYSTEM,Initial cadastral creation,
EVT-004710,IN-DL-110054-9-42,2026-06-20 09:00:00,SOURCE_IMPORTED,V1,V1,INGESTION_PIPELINE,SYSTEM,4 observations linked,
EVT-004711,IN-DL-110054-9-42,2026-07-08 14:00:00,MATCH_PROPOSED,V1,P1,MATCHING_ENGINE,SYSTEM,Cross-source match proposed,
EVT-004712,IN-DL-110054-9-42,2026-09-10 14:00:00,PROPOSAL_ACCEPTED,P1,V2,POLICY_GATE,AUTHORITY,Proposed state accepted,
EVT-004713,IN-DL-110054-9-42,2026-09-10 14:05:00,CANONICAL_STATE_UPDATED,V1,V2,CANONICAL_REGISTRY,SYSTEM,Authoritative state updated,
EVT-004714,IN-DL-110054-9-43,2002-01-01 12:00:00,PARCEL_CREATED,,V1,CANONICAL_SEED,SYSTEM,Initial cadastral creation,
EVT-004715,IN-DL-110054-9-43,2026-06-20 09:00:00,SOURCE_IMPORTED,V1,V1,INGESTION_PIPELINE,SYSTEM,3 observations linked,
EVT-004716,IN-DL-110054-9-43,2026-07-08 14:00:00,MATCH_PROPOSED,V1,P1,MATCHING_ENGINE,SYSTEM,Cross-source match proposed,
EVT-004717,IN-DL-110054-9-43,2026-09-10 14:00:00,PROPOSAL_ACCEPTED,P1,V2,POLICY_GATE,AUTHORITY,Proposed state accepted,
EVT-004718,IN-DL-110054-9-43,2026-09-10 14:05:00,CANONICAL_STATE_UPDATED,V1,V2,CANONICAL_REGISTRY,SYSTEM,Authoritative state updated,
EVT-004719,IN-DL-110054-9-44,2003-01-01 12:00:00,PARCEL_CREATED,,V1,CANONICAL_SEED,SYSTEM,Initial cadastral creation,
EVT-004720,IN-DL-110054-9-44,2026-06-20 09:00:00,SOURCE_IMPORTED,V1,V1,INGESTION_PIPELINE,SYSTEM,5 observations linked,
EVT-004721,IN-DL-110054-9-44,2026-07-01 11:00:00,CONFLICT_DETECTED,V1,V1,CONFLICT_ENGINE,SYSTEM,1 conflicts detected,
EVT-004722,IN-DL-110054-9-44,2026-07-08 14:00:00,MATCH_PROPOSED,V1,P1,MATCHING_ENGINE,SYSTEM,Cross-source match proposed,
EVT-004723,IN-DL-110054-9-44,2026-09-10 14:00:00,PROPOSAL_ACCEPTED,P1,V2,POLICY_GATE,AUTHORITY,Proposed state accepted,
EVT-004724,IN-DL-110054-9-44,2026-09-10 14:05:00,CANONICAL_STATE_UPDATED,V1,V2,CANONICAL_REGISTRY,SYSTEM,Authoritative state updated,
EVT-004725,IN-DL-110054-9-45,2004-01-01 12:00:00,PARCEL_CREATED,,V1,CANONICAL_SEED,SYSTEM,Initial cadastral creation,
EVT-004726,IN-DL-110054-9-45,2026-06-20 09:00:00,SOURCE_IMPORTED,V1,V1,INGESTION_PIPELINE,SYSTEM,4 observations linked,
EVT-004727,IN-DL-110054-9-45,2026-07-01 11:00:00,CONFLICT_DETECTED,V1,V1,CONFLICT_ENGINE,SYSTEM,1 conflicts detected,
EVT-004728,IN-DL-110054-9-45,2026-07-08 14:00:00,MATCH_PROPOSED,V1,P1,MATCHING_ENGINE,SYSTEM,Cross-source match proposed,
EVT-004729,IN-DL-110054-9-45,2026-09-10 14:00:00,PROPOSAL_ACCEPTED,P1,V2,POLICY_GATE,AUTHORITY,Proposed state accepted,
EVT-004730,IN-DL-110054-9-45,2026-09-10 14:05:00,CANONICAL_STATE_UPDATED,V1,V2,CANONICAL_REGISTRY,SYSTEM,Authoritative state updated,
EVT-004731,IN-DL-110054-9-46,2005-01-01 12:00:00,PARCEL_CREATED,,V1,CANONICAL_SEED,SYSTEM,Initial cadastral creation,
EVT-004732,IN-DL-110054-9-46,2026-06-20 09:00:00,SOURCE_IMPORTED,V1,V1,INGESTION_PIPELINE,SYSTEM,4 observations linked,
EVT-004733,IN-DL-110054-9-46,2026-07-08 14:00:00,MATCH_PROPOSED,V1,P1,MATCHING_ENGINE,SYSTEM,Cross-source match proposed,
EVT-004734,IN-DL-110054-9-46,2026-09-10 14:00:00,PROPOSAL_ACCEPTED,P1,V2,POLICY_GATE,AUTHORITY,Proposed state accepted,
EVT-004735,IN-DL-110054-9-46,2026-09-10 14:05:00,CANONICAL_STATE_UPDATED,V1,V2,CANONICAL_REGISTRY,SYSTEM,Authoritative state updated,
EVT-004736,IN-DL-110054-9-47,2006-01-01 12:00:00,PARCEL_CREATED,,V1,CANONICAL_SEED,SYSTEM,Initial cadastral creation,
EVT-004737,IN-DL-110054-9-47,2026-06-20 09:00:00,SOURCE_IMPORTED,V1,V1,INGESTION_PIPELINE,SYSTEM,4 observations linked,
EVT-004738,IN-DL-110054-9-47,2026-07-01 11:00:00,CONFLICT_DETECTED,V1,V1,CONFLICT_ENGINE,SYSTEM,1 conflicts detected,
EVT-004739,IN-DL-110054-9-47,2026-07-08 14:00:00,MATCH_PROPOSED,V1,P1,MATCHING_ENGINE,SYSTEM,Cross-source match proposed,
EVT-004740,IN-DL-110054-9-47,2026-08-06 10:00:00,EVIDENCE_ADDED,P1,P2,FIELD_SURVEY,SURVEYOR,GNSS/CORS evidence attached,
EVT-004741,IN-DL-110054-9-47,2026-09-10 14:00:00,PROPOSAL_ACCEPTED,P2,V2,POLICY_GATE,AUTHORITY,Proposed state accepted,
EVT-004742,IN-DL-110054-9-47,2026-09-10 14:05:00,CANONICAL_STATE_UPDATED,V1,V2,CANONICAL_REGISTRY,SYSTEM,Authoritative state updated,
EVT-004743,IN-DL-110054-9-48,2007-01-01 12:00:00,PARCEL_CREATED,,V1,CANONICAL_SEED,SYSTEM,Initial cadastral creation,
EVT-004744,IN-DL-110054-9-48,2026-06-20 09:00:00,SOURCE_IMPORTED,V1,V1,INGESTION_PIPELINE,SYSTEM,5 observations linked,
EVT-004745,IN-DL-110054-9-48,2026-07-01 11:00:00,CONFLICT_DETECTED,V1,V1,CONFLICT_ENGINE,SYSTEM,1 conflicts detected,
EVT-004746,IN-DL-110054-9-48,2026-07-08 14:00:00,MATCH_PROPOSED,V1,P1,MATCHING_ENGINE,SYSTEM,Cross-source match proposed,
EVT-004747,IN-DL-110054-9-48,2026-08-06 10:00:00,EVIDENCE_ADDED,P1,P2,FIELD_SURVEY,SURVEYOR,GNSS/CORS evidence attached,
EVT-004748,IN-DL-110054-9-48,2026-09-10 14:00:00,PROPOSAL_ACCEPTED,P2,V2,POLICY_GATE,AUTHORITY,Proposed state accepted,
EVT-004749,IN-DL-110054-9-48,2026-09-10 14:05:00,CANONICAL_STATE_UPDATED,V1,V2,CANONICAL_REGISTRY,SYSTEM,Authoritative state updated,
EVT-004750,IN-DL-110054-9-49,2001-01-01 12:00:00,PARCEL_CREATED,,V1,CANONICAL_SEED,SYSTEM,Initial cadastral creation,
EVT-004751,IN-DL-110054-9-49,2026-06-20 09:00:00,SOURCE_IMPORTED,V1,V1,INGESTION_PIPELINE,SYSTEM,2 observations linked,
EVT-004752,IN-DL-110054-9-49,2026-07-08 14:00:00,MATCH_PROPOSED,V1,P1,MATCHING_ENGINE,SYSTEM,Cross-source match proposed,
EVT-004753,IN-DL-110054-9-49,2026-09-10 14:00:00,PROPOSAL_ACCEPTED,P1,V2,POLICY_GATE,AUTHORITY,Proposed state accepted,
EVT-004754,IN-DL-110054-9-49,2026-09-10 14:05:00,CANONICAL_STATE_UPDATED,V1,V2,CANONICAL_REGISTRY,SYSTEM,Authoritative state updated,
EVT-004755,IN-DL-110054-9-50,2002-01-01 12:00:00,PARCEL_CREATED,,V1,CANONICAL_SEED,SYSTEM,Initial cadastral creation,
EVT-004756,IN-DL-110054-9-50,2026-06-20 09:00:00,SOURCE_IMPORTED,V1,V1,INGESTION_PIPELINE,SYSTEM,4 observations linked,
EVT-004757,IN-DL-110054-9-50,2026-07-01 11:00:00,CONFLICT_DETECTED,V1,V1,CONFLICT_ENGINE,SYSTEM,1 conflicts detected,
EVT-004758,IN-DL-110054-9-50,2026-07-08 14:00:00,MATCH_PROPOSED,V1,P1,MATCHING_ENGINE,SYSTEM,Cross-source match proposed,
EVT-004759,IN-DL-110054-9-50,2026-08-06 10:00:00,EVIDENCE_ADDED,P1,P2,FIELD_SURVEY,SURVEYOR,GNSS/CORS evidence attached,
EVT-004760,IN-DL-110054-9-50,2026-09-10 14:00:00,PROPOSAL_ACCEPTED,P2,V2,POLICY_GATE,AUTHORITY,Proposed state accepted,
EVT-004761,IN-DL-110054-9-50,2026-09-10 14:05:00,CANONICAL_STATE_UPDATED,V1,V2,CANONICAL_REGISTRY,SYSTEM,Authoritative state updated,
EVT-004762,IN-DL-110054-9-51,2003-01-01 12:00:00,PARCEL_CREATED,,V1,CANONICAL_SEED,SYSTEM,Initial cadastral creation,
EVT-004763,IN-DL-110054-9-51,2026-06-20 09:00:00,SOURCE_IMPORTED,V1,V1,INGESTION_PIPELINE,SYSTEM,5 observations linked,
EVT-004764,IN-DL-110054-9-51,2026-07-08 14:00:00,MATCH_PROPOSED,V1,P1,MATCHING_ENGINE,SYSTEM,Cross-source match proposed,
EVT-004765,IN-DL-110054-9-51,2026-09-10 14:00:00,PROPOSAL_ACCEPTED,P1,V2,POLICY_GATE,AUTHORITY,Proposed state accepted,
EVT-004766,IN-DL-110054-9-51,2026-09-10 14:05:00,CANONICAL_STATE_UPDATED,V1,V2,CANONICAL_REGISTRY,SYSTEM,Authoritative state updated,
EVT-004767,IN-DL-110054-9-52,2004-01-01 12:00:00,PARCEL_CREATED,,V1,CANONICAL_SEED,SYSTEM,Initial cadastral creation,
EVT-004768,IN-DL-110054-9-52,2026-06-20 09:00:00,SOURCE_IMPORTED,V1,V1,INGESTION_PIPELINE,SYSTEM,5 observations linked,
EVT-004769,IN-DL-110054-9-52,2026-07-08 14:00:00,MATCH_PROPOSED,V1,P1,MATCHING_ENGINE,SYSTEM,Cross-source match proposed,
EVT-004770,IN-DL-110054-9-52,2026-09-10 14:00:00,PROPOSAL_ACCEPTED,P1,V2,POLICY_GATE,AUTHORITY,Proposed state accepted,
EVT-004771,IN-DL-110054-9-52,2026-09-10 14:05:00,CANONICAL_STATE_UPDATED,V1,V2,CANONICAL_REGISTRY,SYSTEM,Authoritative state updated,
EVT-004772,IN-DL-110054-9-53,2005-01-01 12:00:00,PARCEL_CREATED,,V1,CANONICAL_SEED,SYSTEM,Initial cadastral creation,
EVT-004773,IN-DL-110054-9-53,2026-06-20 09:00:00,SOURCE_IMPORTED,V1,V1,INGESTION_PIPELINE,SYSTEM,4 observations linked,
EVT-004774,IN-DL-110054-9-53,2026-07-01 11:00:00,CONFLICT_DETECTED,V1,V1,CONFLICT_ENGINE,SYSTEM,1 conflicts detected,
EVT-004775,IN-DL-110054-9-53,2026-07-08 14:00:00,MATCH_PROPOSED,V1,P1,MATCHING_ENGINE,SYSTEM,Cross-source match proposed,
EVT-004776,IN-DL-110054-9-53,2026-08-06 10:00:00,EVIDENCE_ADDED,P1,P2,FIELD_SURVEY,SURVEYOR,GNSS/CORS evidence attached,
EVT-004777,IN-DL-110054-9-53,2026-09-05 12:00:00,HUMAN_REVIEW,P2,P2,REVIEW_WORKSPACE,HUMAN_REVIEWER,Additional evidence requested,
EVT-004778,IN-DL-110054-9-54,2006-01-01 12:00:00,PARCEL_CREATED,,V1,CANONICAL_SEED,SYSTEM,Initial cadastral creation,
EVT-004779,IN-DL-110054-9-54,2026-06-20 09:00:00,SOURCE_IMPORTED,V1,V1,INGESTION_PIPELINE,SYSTEM,5 observations linked,
EVT-004780,IN-DL-110054-9-54,2026-07-01 11:00:00,CONFLICT_DETECTED,V1,V1,CONFLICT_ENGINE,SYSTEM,1 conflicts detected,
EVT-004781,IN-DL-110054-9-54,2026-07-08 14:00:00,MATCH_PROPOSED,V1,P1,MATCHING_ENGINE,SYSTEM,Cross-source match proposed,
EVT-004782,IN-DL-110054-9-54,2026-08-06 10:00:00,EVIDENCE_ADDED,P1,P2,FIELD_SURVEY,SURVEYOR,GNSS/CORS evidence attached,
EVT-004783,IN-DL-110054-9-54,2026-09-07 15:00:00,PROPOSAL_REJECTED,P2,V1,REVIEW_WORKSPACE,HUMAN_REVIEWER,Candidate match rejected,
EVT-004784,IN-DL-110054-9-55,2007-01-01 12:00:00,PARCEL_CREATED,,V1,CANONICAL_SEED,SYSTEM,Initial cadastral creation,
EVT-004785,IN-DL-110054-9-55,2026-06-20 09:00:00,SOURCE_IMPORTED,V1,V1,INGESTION_PIPELINE,SYSTEM,3 observations linked,
EVT-004786,IN-DL-110054-9-55,2026-07-08 14:00:00,MATCH_PROPOSED,V1,P1,MATCHING_ENGINE,SYSTEM,Cross-source match proposed,
EVT-004787,IN-DL-110054-9-55,2026-09-10 14:00:00,PROPOSAL_ACCEPTED,P1,V2,POLICY_GATE,AUTHORITY,Proposed state accepted,
EVT-004788,IN-DL-110054-9-55,2026-09-10 14:05:00,CANONICAL_STATE_UPDATED,V1,V2,CANONICAL_REGISTRY,SYSTEM,Authoritative state updated,
EVT-004789,IN-DL-110054-9-56,2001-01-01 12:00:00,PARCEL_CREATED,,V1,CANONICAL_SEED,SYSTEM,Initial cadastral creation,
EVT-004790,IN-DL-110054-9-56,2026-06-20 09:00:00,SOURCE_IMPORTED,V1,V1,INGESTION_PIPELINE,SYSTEM,3 observations linked,
EVT-004791,IN-DL-110054-9-56,2026-07-08 14:00:00,MATCH_PROPOSED,V1,P1,MATCHING_ENGINE,SYSTEM,Cross-source match proposed,
EVT-004792,IN-DL-110054-9-56,2026-09-10 14:00:00,PROPOSAL_ACCEPTED,P1,V2,POLICY_GATE,AUTHORITY,Proposed state accepted,
EVT-004793,IN-DL-110054-9-56,2026-09-10 14:05:00,CANONICAL_STATE_UPDATED,V1,V2,CANONICAL_REGISTRY,SYSTEM,Authoritative state updated,
EVT-004794,IN-DL-110054-9-57,2002-01-01 12:00:00,PARCEL_CREATED,,V1,CANONICAL_SEED,SYSTEM,Initial cadastral creation,
EVT-004795,IN-DL-110054-9-57,2026-06-20 09:00:00,SOURCE_IMPORTED,V1,V1,INGESTION_PIPELINE,SYSTEM,3 observations linked,
EVT-004796,IN-DL-110054-9-57,2026-07-01 11:00:00,CONFLICT_DETECTED,V1,V1,CONFLICT_ENGINE,SYSTEM,1 conflicts detected,
EVT-004797,IN-DL-110054-9-57,2026-07-08 14:00:00,MATCH_PROPOSED,V1,P1,MATCHING_ENGINE,SYSTEM,Cross-source match proposed,
EVT-004798,IN-DL-110054-9-57,2026-09-05 12:00:00,HUMAN_REVIEW,P1,P1,REVIEW_WORKSPACE,HUMAN_REVIEWER,Additional evidence requested,
EVT-004799,IN-DL-110054-9-58,2003-01-01 12:00:00,PARCEL_CREATED,,V1,CANONICAL_SEED,SYSTEM,Initial cadastral creation,
EVT-004800,IN-DL-110054-9-58,2026-06-20 09:00:00,SOURCE_IMPORTED,V1,V1,INGESTION_PIPELINE,SYSTEM,4 observations linked,
EVT-004801,IN-DL-110054-9-58,2026-07-08 14:00:00,MATCH_PROPOSED,V1,P1,MATCHING_ENGINE,SYSTEM,Cross-source match proposed,
EVT-004802,IN-DL-110054-9-58,2026-09-10 14:00:00,PROPOSAL_ACCEPTED,P1,V2,POLICY_GATE,AUTHORITY,Proposed state accepted,
EVT-004803,IN-DL-110054-9-58,2026-09-10 14:05:00,CANONICAL_STATE_UPDATED,V1,V2,CANONICAL_REGISTRY,SYSTEM,Authoritative state updated,
EVT-004804,IN-DL-110054-9-59,2004-01-01 12:00:00,PARCEL_CREATED,,V1,CANONICAL_SEED,SYSTEM,Initial cadastral creation,
EVT-004805,IN-DL-110054-9-59,2026-06-20 09:00:00,SOURCE_IMPORTED,V1,V1,INGESTION_PIPELINE,SYSTEM,4 observations linked,
EVT-004806,IN-DL-110054-9-59,2026-07-08 14:00:00,MATCH_PROPOSED,V1,P1,MATCHING_ENGINE,SYSTEM,Cross-source match proposed,
EVT-004807,IN-DL-110054-9-59,2026-09-10 14:00:00,PROPOSAL_ACCEPTED,P1,V2,POLICY_GATE,AUTHORITY,Proposed state accepted,
EVT-004808,IN-DL-110054-9-59,2026-09-10 14:05:00,CANONICAL_STATE_UPDATED,V1,V2,CANONICAL_REGISTRY,SYSTEM,Authoritative state updated,
EVT-004809,IN-DL-110054-9-60,2005-01-01 12:00:00,PARCEL_CREATED,,V1,CANONICAL_SEED,SYSTEM,Initial cadastral creation,
EVT-004810,IN-DL-110054-9-60,2026-06-20 09:00:00,SOURCE_IMPORTED,V1,V1,INGESTION_PIPELINE,SYSTEM,4 observations linked,
EVT-004811,IN-DL-110054-9-60,2026-07-01 11:00:00,CONFLICT_DETECTED,V1,V1,CONFLICT_ENGINE,SYSTEM,4 conflicts detected,
EVT-004812,IN-DL-110054-9-60,2026-07-08 14:00:00,MATCH_PROPOSED,V1,P1,MATCHING_ENGINE,SYSTEM,Cross-source match proposed,
EVT-004813,IN-DL-110054-9-60,2026-09-07 15:00:00,PROPOSAL_REJECTED,P1,V1,REVIEW_WORKSPACE,HUMAN_REVIEWER,Candidate match rejected,
EVT-004814,IN-DL-110054-9-61,2006-01-01 12:00:00,PARCEL_CREATED,,V1,CANONICAL_SEED,SYSTEM,Initial cadastral creation,
EVT-004815,IN-DL-110054-9-61,2026-06-20 09:00:00,SOURCE_IMPORTED,V1,V1,INGESTION_PIPELINE,SYSTEM,4 observations linked,
EVT-004816,IN-DL-110054-9-61,2026-07-01 11:00:00,CONFLICT_DETECTED,V1,V1,CONFLICT_ENGINE,SYSTEM,2 conflicts detected,
EVT-004817,IN-DL-110054-9-61,2026-07-08 14:00:00,MATCH_PROPOSED,V1,P1,MATCHING_ENGINE,SYSTEM,Cross-source match proposed,
EVT-004818,IN-DL-110054-9-61,2026-08-06 10:00:00,EVIDENCE_ADDED,P1,P2,FIELD_SURVEY,SURVEYOR,GNSS/CORS evidence attached,
EVT-004819,IN-DL-110054-9-61,2026-09-05 11:00:00,HUMAN_REVIEW,P2,P2,REVIEW_WORKSPACE,HUMAN_REVIEWER,Legal/operational conflict requires decision,
EVT-004820,IN-DL-110054-9-62,2007-01-01 12:00:00,PARCEL_CREATED,,V1,CANONICAL_SEED,SYSTEM,Initial cadastral creation,
EVT-004821,IN-DL-110054-9-62,2026-06-20 09:00:00,SOURCE_IMPORTED,V1,V1,INGESTION_PIPELINE,SYSTEM,3 observations linked,
EVT-004822,IN-DL-110054-9-62,2026-07-08 14:00:00,MATCH_PROPOSED,V1,P1,MATCHING_ENGINE,SYSTEM,Cross-source match proposed,
EVT-004823,IN-DL-110054-9-62,2026-08-06 10:00:00,EVIDENCE_ADDED,P1,P2,FIELD_SURVEY,SURVEYOR,GNSS/CORS evidence attached,
EVT-004824,IN-DL-110054-9-62,2026-09-10 14:00:00,PROPOSAL_ACCEPTED,P2,V2,POLICY_GATE,AUTHORITY,Proposed state accepted,
EVT-004825,IN-DL-110054-9-62,2026-09-10 14:05:00,CANONICAL_STATE_UPDATED,V1,V2,CANONICAL_REGISTRY,SYSTEM,Authoritative state updated,
EVT-004826,IN-DL-110054-9-63,2001-01-01 12:00:00,PARCEL_CREATED,,V1,CANONICAL_SEED,SYSTEM,Initial cadastral creation,
EVT-004827,IN-DL-110054-9-63,2026-06-20 09:00:00,SOURCE_IMPORTED,V1,V1,INGESTION_PIPELINE,SYSTEM,4 observations linked,
EVT-004828,IN-DL-110054-9-63,2026-07-08 14:00:00,MATCH_PROPOSED,V1,P1,MATCHING_ENGINE,SYSTEM,Cross-source match proposed,
EVT-004829,IN-DL-110054-9-63,2026-08-06 10:00:00,EVIDENCE_ADDED,P1,P2,FIELD_SURVEY,SURVEYOR,GNSS/CORS evidence attached,
EVT-004830,IN-DL-110054-9-63,2026-09-10 14:00:00,PROPOSAL_ACCEPTED,P2,V2,POLICY_GATE,AUTHORITY,Proposed state accepted,
EVT-004831,IN-DL-110054-9-63,2026-09-10 14:05:00,CANONICAL_STATE_UPDATED,V1,V2,CANONICAL_REGISTRY,SYSTEM,Authoritative state updated,
EVT-004832,IN-DL-110054-9-64,2002-01-01 12:00:00,PARCEL_CREATED,,V1,CANONICAL_SEED,SYSTEM,Initial cadastral creation,
EVT-004833,IN-DL-110054-9-64,2026-06-20 09:00:00,SOURCE_IMPORTED,V1,V1,INGESTION_PIPELINE,SYSTEM,5 observations linked,
EVT-004834,IN-DL-110054-9-64,2026-07-08 14:00:00,MATCH_PROPOSED,V1,P1,MATCHING_ENGINE,SYSTEM,Cross-source match proposed,
EVT-004835,IN-DL-110054-9-64,2026-09-10 14:00:00,PROPOSAL_ACCEPTED,P1,V2,POLICY_GATE,AUTHORITY,Proposed state accepted,
EVT-004836,IN-DL-110054-9-64,2026-09-10 14:05:00,CANONICAL_STATE_UPDATED,V1,V2,CANONICAL_REGISTRY,SYSTEM,Authoritative state updated,
EVT-004837,IN-DL-110054-9-65,2003-01-01 12:00:00,PARCEL_CREATED,,V1,CANONICAL_SEED,SYSTEM,Initial cadastral creation,
EVT-004838,IN-DL-110054-9-65,2026-06-20 09:00:00,SOURCE_IMPORTED,V1,V1,INGESTION_PIPELINE,SYSTEM,3 observations linked,
EVT-004839,IN-DL-110054-9-65,2026-07-01 11:00:00,CONFLICT_DETECTED,V1,V1,CONFLICT_ENGINE,SYSTEM,1 conflicts detected,
EVT-004840,IN-DL-110054-9-65,2026-07-08 14:00:00,MATCH_PROPOSED,V1,P1,MATCHING_ENGINE,SYSTEM,Cross-source match proposed,
EVT-004841,IN-DL-110054-9-65,2026-09-05 12:00:00,HUMAN_REVIEW,P1,P1,REVIEW_WORKSPACE,HUMAN_REVIEWER,Additional evidence requested,
EVT-004842,IN-DL-110054-9-66,2004-01-01 12:00:00,PARCEL_CREATED,,V1,CANONICAL_SEED,SYSTEM,Initial cadastral creation,
EVT-004843,IN-DL-110054-9-66,2026-06-20 09:00:00,SOURCE_IMPORTED,V1,V1,INGESTION_PIPELINE,SYSTEM,5 observations linked,
EVT-004844,IN-DL-110054-9-66,2026-07-08 14:00:00,MATCH_PROPOSED,V1,P1,MATCHING_ENGINE,SYSTEM,Cross-source match proposed,
EVT-004845,IN-DL-110054-9-66,2026-08-06 10:00:00,EVIDENCE_ADDED,P1,P2,FIELD_SURVEY,SURVEYOR,GNSS/CORS evidence attached,
EVT-004846,IN-DL-110054-9-66,2026-09-10 14:00:00,PROPOSAL_ACCEPTED,P2,V2,POLICY_GATE,AUTHORITY,Proposed state accepted,
EVT-004847,IN-DL-110054-9-66,2026-09-10 14:05:00,CANONICAL_STATE_UPDATED,V1,V2,CANONICAL_REGISTRY,SYSTEM,Authoritative state updated,
EVT-004848,IN-DL-110054-9-67,2005-01-01 12:00:00,PARCEL_CREATED,,V1,CANONICAL_SEED,SYSTEM,Initial cadastral creation,
EVT-004849,IN-DL-110054-9-67,2026-06-20 09:00:00,SOURCE_IMPORTED,V1,V1,INGESTION_PIPELINE,SYSTEM,4 observations linked,
EVT-004850,IN-DL-110054-9-67,2026-07-01 11:00:00,CONFLICT_DETECTED,V1,V1,CONFLICT_ENGINE,SYSTEM,1 conflicts detected,
EVT-004851,IN-DL-110054-9-67,2026-07-08 14:00:00,MATCH_PROPOSED,V1,P1,MATCHING_ENGINE,SYSTEM,Cross-source match proposed,
EVT-004852,IN-DL-110054-9-67,2026-08-06 10:00:00,EVIDENCE_ADDED,P1,P2,FIELD_SURVEY,SURVEYOR,GNSS/CORS evidence attached,
EVT-004853,IN-DL-110054-9-67,2026-09-05 12:00:00,HUMAN_REVIEW,P2,P2,REVIEW_WORKSPACE,HUMAN_REVIEWER,Additional evidence requested,
EVT-004854,IN-DL-110054-9-68,2006-01-01 12:00:00,PARCEL_CREATED,,V1,CANONICAL_SEED,SYSTEM,Initial cadastral creation,
EVT-004855,IN-DL-110054-9-68,2026-06-20 09:00:00,SOURCE_IMPORTED,V1,V1,INGESTION_PIPELINE,SYSTEM,3 observations linked,
EVT-004856,IN-DL-110054-9-68,2026-07-01 11:00:00,CONFLICT_DETECTED,V1,V1,CONFLICT_ENGINE,SYSTEM,1 conflicts detected,
EVT-004857,IN-DL-110054-9-68,2026-07-08 14:00:00,MATCH_PROPOSED,V1,P1,MATCHING_ENGINE,SYSTEM,Cross-source match proposed,
EVT-004858,IN-DL-110054-9-68,2026-09-10 14:00:00,PROPOSAL_ACCEPTED,P1,V2,POLICY_GATE,AUTHORITY,Proposed state accepted,
EVT-004859,IN-DL-110054-9-68,2026-09-10 14:05:00,CANONICAL_STATE_UPDATED,V1,V2,CANONICAL_REGISTRY,SYSTEM,Authoritative state updated,
EVT-004860,IN-DL-110054-9-69,2007-01-01 12:00:00,PARCEL_CREATED,,V1,CANONICAL_SEED,SYSTEM,Initial cadastral creation,
EVT-004861,IN-DL-110054-9-69,2026-06-20 09:00:00,SOURCE_IMPORTED,V1,V1,INGESTION_PIPELINE,SYSTEM,4 observations linked,
EVT-004862,IN-DL-110054-9-69,2026-07-08 14:00:00,MATCH_PROPOSED,V1,P1,MATCHING_ENGINE,SYSTEM,Cross-source match proposed,
EVT-004863,IN-DL-110054-9-69,2026-09-10 14:00:00,PROPOSAL_ACCEPTED,P1,V2,POLICY_GATE,AUTHORITY,Proposed state accepted,
EVT-004864,IN-DL-110054-9-69,2026-09-10 14:05:00,CANONICAL_STATE_UPDATED,V1,V2,CANONICAL_REGISTRY,SYSTEM,Authoritative state updated,
EVT-004865,IN-DL-110054-9-70,2001-01-01 12:00:00,PARCEL_CREATED,,V1,CANONICAL_SEED,SYSTEM,Initial cadastral creation,
EVT-004866,IN-DL-110054-9-70,2026-06-20 09:00:00,SOURCE_IMPORTED,V1,V1,INGESTION_PIPELINE,SYSTEM,4 observations linked,
EVT-004867,IN-DL-110054-9-70,2026-07-01 11:00:00,CONFLICT_DETECTED,V1,V1,CONFLICT_ENGINE,SYSTEM,1 conflicts detected,
EVT-004868,IN-DL-110054-9-70,2026-07-08 14:00:00,MATCH_PROPOSED,V1,P1,MATCHING_ENGINE,SYSTEM,Cross-source match proposed,
EVT-004869,IN-DL-110054-9-70,2026-09-10 14:00:00,PROPOSAL_ACCEPTED,P1,V2,POLICY_GATE,AUTHORITY,Proposed state accepted,
EVT-004870,IN-DL-110054-9-70,2026-09-10 14:05:00,CANONICAL_STATE_UPDATED,V1,V2,CANONICAL_REGISTRY,SYSTEM,Authoritative state updated,
EVT-004871,IN-DL-110054-9-71,2002-01-01 12:00:00,PARCEL_CREATED,,V1,CANONICAL_SEED,SYSTEM,Initial cadastral creation,
EVT-004872,IN-DL-110054-9-71,2026-06-20 09:00:00,SOURCE_IMPORTED,V1,V1,INGESTION_PIPELINE,SYSTEM,2 observations linked,
EVT-004873,IN-DL-110054-9-71,2026-07-01 11:00:00,CONFLICT_DETECTED,V1,V1,CONFLICT_ENGINE,SYSTEM,1 conflicts detected,
EVT-004874,IN-DL-110054-9-71,2026-07-08 14:00:00,MATCH_PROPOSED,V1,P1,MATCHING_ENGINE,SYSTEM,Cross-source match proposed,
EVT-004875,IN-DL-110054-9-71,2026-09-05 12:00:00,HUMAN_REVIEW,P1,P1,REVIEW_WORKSPACE,HUMAN_REVIEWER,Additional evidence requested,
EVT-004876,IN-DL-110054-9-72,2003-01-01 12:00:00,PARCEL_CREATED,,V1,CANONICAL_SEED,SYSTEM,Initial cadastral creation,
EVT-004877,IN-DL-110054-9-72,2026-06-20 09:00:00,SOURCE_IMPORTED,V1,V1,INGESTION_PIPELINE,SYSTEM,4 observations linked,
EVT-004878,IN-DL-110054-9-72,2026-07-01 11:00:00,CONFLICT_DETECTED,V1,V1,CONFLICT_ENGINE,SYSTEM,1 conflicts detected,
EVT-004879,IN-DL-110054-9-72,2026-07-08 14:00:00,MATCH_PROPOSED,V1,P1,MATCHING_ENGINE,SYSTEM,Cross-source match proposed,
EVT-004880,IN-DL-110054-9-72,2026-08-06 10:00:00,EVIDENCE_ADDED,P1,P2,FIELD_SURVEY,SURVEYOR,GNSS/CORS evidence attached,
EVT-004881,IN-DL-110054-9-72,2026-09-10 14:00:00,PROPOSAL_ACCEPTED,P2,V2,POLICY_GATE,AUTHORITY,Proposed state accepted,
EVT-004882,IN-DL-110054-9-72,2026-09-10 14:05:00,CANONICAL_STATE_UPDATED,V1,V2,CANONICAL_REGISTRY,SYSTEM,Authoritative state updated,
EVT-004883,IN-DL-110054-9-73,2004-01-01 12:00:00,PARCEL_CREATED,,V1,CANONICAL_SEED,SYSTEM,Initial cadastral creation,
EVT-004884,IN-DL-110054-9-73,2026-06-20 09:00:00,SOURCE_IMPORTED,V1,V1,INGESTION_PIPELINE,SYSTEM,5 observations linked,
EVT-004885,IN-DL-110054-9-73,2026-07-08 14:00:00,MATCH_PROPOSED,V1,P1,MATCHING_ENGINE,SYSTEM,Cross-source match proposed,
EVT-004886,IN-DL-110054-9-73,2026-08-06 10:00:00,EVIDENCE_ADDED,P1,P2,FIELD_SURVEY,SURVEYOR,GNSS/CORS evidence attached,
EVT-004887,IN-DL-110054-9-73,2026-09-10 14:00:00,PROPOSAL_ACCEPTED,P2,V2,POLICY_GATE,AUTHORITY,Proposed state accepted,
EVT-004888,IN-DL-110054-9-73,2026-09-10 14:05:00,CANONICAL_STATE_UPDATED,V1,V2,CANONICAL_REGISTRY,SYSTEM,Authoritative state updated,
EVT-004889,IN-DL-110054-9-74,2005-01-01 12:00:00,PARCEL_CREATED,,V1,CANONICAL_SEED,SYSTEM,Initial cadastral creation,
EVT-004890,IN-DL-110054-9-74,2026-06-20 09:00:00,SOURCE_IMPORTED,V1,V1,INGESTION_PIPELINE,SYSTEM,5 observations linked,
EVT-004891,IN-DL-110054-9-74,2026-07-08 14:00:00,MATCH_PROPOSED,V1,P1,MATCHING_ENGINE,SYSTEM,Cross-source match proposed,
EVT-004892,IN-DL-110054-9-74,2026-09-10 14:00:00,PROPOSAL_ACCEPTED,P1,V2,POLICY_GATE,AUTHORITY,Proposed state accepted,
EVT-004893,IN-DL-110054-9-74,2026-09-10 14:05:00,CANONICAL_STATE_UPDATED,V1,V2,CANONICAL_REGISTRY,SYSTEM,Authoritative state updated,
EVT-004894,IN-DL-110054-9-75,2006-01-01 12:00:00,PARCEL_CREATED,,V1,CANONICAL_SEED,SYSTEM,Initial cadastral creation,
EVT-004895,IN-DL-110054-9-75,2026-06-20 09:00:00,SOURCE_IMPORTED,V1,V1,INGESTION_PIPELINE,SYSTEM,6 observations linked,
EVT-004896,IN-DL-110054-9-75,2026-07-01 11:00:00,CONFLICT_DETECTED,V1,V1,CONFLICT_ENGINE,SYSTEM,2 conflicts detected,
EVT-004897,IN-DL-110054-9-75,2026-07-08 14:00:00,MATCH_PROPOSED,V1,P1,MATCHING_ENGINE,SYSTEM,Cross-source match proposed,
EVT-004898,IN-DL-110054-9-75,2026-09-05 11:00:00,HUMAN_REVIEW,P1,P2,REVIEW_WORKSPACE,HUMAN_REVIEWER,Legal/operational conflict requires decision,
EVT-004899,IN-DL-110054-9-76,2007-01-01 12:00:00,PARCEL_CREATED,,V1,CANONICAL_SEED,SYSTEM,Initial cadastral creation,
EVT-004900,IN-DL-110054-9-76,2026-06-20 09:00:00,SOURCE_IMPORTED,V1,V1,INGESTION_PIPELINE,SYSTEM,5 observations linked,
EVT-004901,IN-DL-110054-9-76,2026-07-01 11:00:00,CONFLICT_DETECTED,V1,V1,CONFLICT_ENGINE,SYSTEM,1 conflicts detected,
EVT-004902,IN-DL-110054-9-76,2026-07-08 14:00:00,MATCH_PROPOSED,V1,P1,MATCHING_ENGINE,SYSTEM,Cross-source match proposed,
EVT-004903,IN-DL-110054-9-76,2026-08-06 10:00:00,EVIDENCE_ADDED,P1,P2,FIELD_SURVEY,SURVEYOR,GNSS/CORS evidence attached,
EVT-004904,IN-DL-110054-9-76,2026-09-05 11:00:00,HUMAN_REVIEW,P2,P2,REVIEW_WORKSPACE,HUMAN_REVIEWER,Legal/operational conflict requires decision,
EVT-004905,IN-DL-110054-9-77,2001-01-01 12:00:00,PARCEL_CREATED,,V1,CANONICAL_SEED,SYSTEM,Initial cadastral creation,
EVT-004906,IN-DL-110054-9-77,2026-06-20 09:00:00,SOURCE_IMPORTED,V1,V1,INGESTION_PIPELINE,SYSTEM,3 observations linked,
EVT-004907,IN-DL-110054-9-77,2026-07-08 14:00:00,MATCH_PROPOSED,V1,P1,MATCHING_ENGINE,SYSTEM,Cross-source match proposed,
EVT-004908,IN-DL-110054-9-77,2026-09-10 14:00:00,PROPOSAL_ACCEPTED,P1,V2,POLICY_GATE,AUTHORITY,Proposed state accepted,
EVT-004909,IN-DL-110054-9-77,2026-09-10 14:05:00,CANONICAL_STATE_UPDATED,V1,V2,CANONICAL_REGISTRY,SYSTEM,Authoritative state updated,
EVT-004910,IN-DL-110054-9-78,2002-01-01 12:00:00,PARCEL_CREATED,,V1,CANONICAL_SEED,SYSTEM,Initial cadastral creation,
EVT-004911,IN-DL-110054-9-78,2026-06-20 09:00:00,SOURCE_IMPORTED,V1,V1,INGESTION_PIPELINE,SYSTEM,4 observations linked,
EVT-004912,IN-DL-110054-9-78,2026-07-08 14:00:00,MATCH_PROPOSED,V1,P1,MATCHING_ENGINE,SYSTEM,Cross-source match proposed,
EVT-004913,IN-DL-110054-9-78,2026-09-10 14:00:00,PROPOSAL_ACCEPTED,P1,V2,POLICY_GATE,AUTHORITY,Proposed state accepted,
EVT-004914,IN-DL-110054-9-78,2026-09-10 14:05:00,CANONICAL_STATE_UPDATED,V1,V2,CANONICAL_REGISTRY,SYSTEM,Authoritative state updated,
EVT-004915,IN-DL-110054-9-79,2003-01-01 12:00:00,PARCEL_CREATED,,V1,CANONICAL_SEED,SYSTEM,Initial cadastral creation,
EVT-004916,IN-DL-110054-9-79,2026-06-20 09:00:00,SOURCE_IMPORTED,V1,V1,INGESTION_PIPELINE,SYSTEM,6 observations linked,
EVT-004917,IN-DL-110054-9-79,2026-07-01 11:00:00,CONFLICT_DETECTED,V1,V1,CONFLICT_ENGINE,SYSTEM,1 conflicts detected,
EVT-004918,IN-DL-110054-9-79,2026-07-08 14:00:00,MATCH_PROPOSED,V1,P1,MATCHING_ENGINE,SYSTEM,Cross-source match proposed,
EVT-004919,IN-DL-110054-9-79,2026-08-06 10:00:00,EVIDENCE_ADDED,P1,P2,FIELD_SURVEY,SURVEYOR,GNSS/CORS evidence attached,
EVT-004920,IN-DL-110054-9-79,2026-09-05 11:00:00,HUMAN_REVIEW,P2,P2,REVIEW_WORKSPACE,HUMAN_REVIEWER,Legal/operational conflict requires decision,
EVT-004921,IN-DL-110054-9-80,2004-01-01 12:00:00,PARCEL_CREATED,,V1,CANONICAL_SEED,SYSTEM,Initial cadastral creation,
EVT-004922,IN-DL-110054-9-80,2026-06-20 09:00:00,SOURCE_IMPORTED,V1,V1,INGESTION_PIPELINE,SYSTEM,4 observations linked,
EVT-004923,IN-DL-110054-9-80,2026-07-01 11:00:00,CONFLICT_DETECTED,V1,V1,CONFLICT_ENGINE,SYSTEM,1 conflicts detected,
EVT-004924,IN-DL-110054-9-80,2026-07-08 14:00:00,MATCH_PROPOSED,V1,P1,MATCHING_ENGINE,SYSTEM,Cross-source match proposed,
EVT-004925,IN-DL-110054-9-80,2026-08-06 10:00:00,EVIDENCE_ADDED,P1,P2,FIELD_SURVEY,SURVEYOR,GNSS/CORS evidence attached,
EVT-004926,IN-DL-110054-9-80,2026-09-10 14:00:00,PROPOSAL_ACCEPTED,P2,V2,POLICY_GATE,AUTHORITY,Proposed state accepted,
EVT-004927,IN-DL-110054-9-80,2026-09-10 14:05:00,CANONICAL_STATE_UPDATED,V1,V2,CANONICAL_REGISTRY,SYSTEM,Authoritative state updated,
EVT-004928,IN-DL-110054-9-81,2005-01-01 12:00:00,PARCEL_CREATED,,V1,CANONICAL_SEED,SYSTEM,Initial cadastral creation,
EVT-004929,IN-DL-110054-9-81,2026-06-20 09:00:00,SOURCE_IMPORTED,V1,V1,INGESTION_PIPELINE,SYSTEM,3 observations linked,
EVT-004930,IN-DL-110054-9-81,2026-07-08 14:00:00,MATCH_PROPOSED,V1,P1,MATCHING_ENGINE,SYSTEM,Cross-source match proposed,
EVT-004931,IN-DL-110054-9-81,2026-09-10 14:00:00,PROPOSAL_ACCEPTED,P1,V2,POLICY_GATE,AUTHORITY,Proposed state accepted,
EVT-004932,IN-DL-110054-9-81,2026-09-10 14:05:00,CANONICAL_STATE_UPDATED,V1,V2,CANONICAL_REGISTRY,SYSTEM,Authoritative state updated,
EVT-004933,IN-DL-110054-9-82,2006-01-01 12:00:00,PARCEL_CREATED,,V1,CANONICAL_SEED,SYSTEM,Initial cadastral creation,
EVT-004934,IN-DL-110054-9-82,2026-06-20 09:00:00,SOURCE_IMPORTED,V1,V1,INGESTION_PIPELINE,SYSTEM,4 observations linked,
EVT-004935,IN-DL-110054-9-82,2026-07-08 14:00:00,MATCH_PROPOSED,V1,P1,MATCHING_ENGINE,SYSTEM,Cross-source match proposed,
EVT-004936,IN-DL-110054-9-82,2026-09-10 14:00:00,PROPOSAL_ACCEPTED,P1,V2,POLICY_GATE,AUTHORITY,Proposed state accepted,
EVT-004937,IN-DL-110054-9-82,2026-09-10 14:05:00,CANONICAL_STATE_UPDATED,V1,V2,CANONICAL_REGISTRY,SYSTEM,Authoritative state updated,
EVT-004938,IN-DL-110054-9-83,2007-01-01 12:00:00,PARCEL_CREATED,,V1,CANONICAL_SEED,SYSTEM,Initial cadastral creation,
EVT-004939,IN-DL-110054-9-83,2026-06-20 09:00:00,SOURCE_IMPORTED,V1,V1,INGESTION_PIPELINE,SYSTEM,4 observations linked,
EVT-004940,IN-DL-110054-9-83,2026-07-08 14:00:00,MATCH_PROPOSED,V1,P1,MATCHING_ENGINE,SYSTEM,Cross-source match proposed,
EVT-004941,IN-DL-110054-9-83,2026-09-10 14:00:00,PROPOSAL_ACCEPTED,P1,V2,POLICY_GATE,AUTHORITY,Proposed state accepted,
EVT-004942,IN-DL-110054-9-83,2026-09-10 14:05:00,CANONICAL_STATE_UPDATED,V1,V2,CANONICAL_REGISTRY,SYSTEM,Authoritative state updated,
EVT-004943,IN-DL-110054-9-84,2001-01-01 12:00:00,PARCEL_CREATED,,V1,CANONICAL_SEED,SYSTEM,Initial cadastral creation,
EVT-004944,IN-DL-110054-9-84,2026-06-20 09:00:00,SOURCE_IMPORTED,V1,V1,INGESTION_PIPELINE,SYSTEM,5 observations linked,
EVT-004945,IN-DL-110054-9-84,2026-07-01 11:00:00,CONFLICT_DETECTED,V1,V1,CONFLICT_ENGINE,SYSTEM,6 conflicts detected,
EVT-004946,IN-DL-110054-9-84,2026-07-08 14:00:00,MATCH_PROPOSED,V1,P1,MATCHING_ENGINE,SYSTEM,Cross-source match proposed,
EVT-004947,IN-DL-110054-9-84,2026-08-06 10:00:00,EVIDENCE_ADDED,P1,P2,FIELD_SURVEY,SURVEYOR,GNSS/CORS evidence attached,
EVT-004948,IN-DL-110054-9-84,2026-09-07 15:00:00,PROPOSAL_REJECTED,P2,V1,REVIEW_WORKSPACE,HUMAN_REVIEWER,Candidate match rejected,
EVT-004949,IN-DL-110054-9-85,2002-01-01 12:00:00,PARCEL_CREATED,,V1,CANONICAL_SEED,SYSTEM,Initial cadastral creation,
EVT-004950,IN-DL-110054-9-85,2026-06-20 09:00:00,SOURCE_IMPORTED,V1,V1,INGESTION_PIPELINE,SYSTEM,4 observations linked,
EVT-004951,IN-DL-110054-9-85,2026-07-08 14:00:00,MATCH_PROPOSED,V1,P1,MATCHING_ENGINE,SYSTEM,Cross-source match proposed,
EVT-004952,IN-DL-110054-9-85,2026-09-10 14:00:00,PROPOSAL_ACCEPTED,P1,V2,POLICY_GATE,AUTHORITY,Proposed state accepted,
EVT-004953,IN-DL-110054-9-85,2026-09-10 14:05:00,CANONICAL_STATE_UPDATED,V1,V2,CANONICAL_REGISTRY,SYSTEM,Authoritative state updated,
EVT-004954,IN-DL-110054-9-86,2003-01-01 12:00:00,PARCEL_CREATED,,V1,CANONICAL_SEED,SYSTEM,Initial cadastral creation,
EVT-004955,IN-DL-110054-9-86,2026-06-20 09:00:00,SOURCE_IMPORTED,V1,V1,INGESTION_PIPELINE,SYSTEM,5 observations linked,
EVT-004956,IN-DL-110054-9-86,2026-07-08 14:00:00,MATCH_PROPOSED,V1,P1,MATCHING_ENGINE,SYSTEM,Cross-source match proposed,
EVT-004957,IN-DL-110054-9-86,2026-08-06 10:00:00,EVIDENCE_ADDED,P1,P2,FIELD_SURVEY,SURVEYOR,GNSS/CORS evidence attached,
EVT-004958,IN-DL-110054-9-86,2026-09-10 14:00:00,PROPOSAL_ACCEPTED,P2,V2,POLICY_GATE,AUTHORITY,Proposed state accepted,
EVT-004959,IN-DL-110054-9-86,2026-09-10 14:05:00,CANONICAL_STATE_UPDATED,V1,V2,CANONICAL_REGISTRY,SYSTEM,Authoritative state updated,
EVT-004960,IN-DL-110054-9-87,2004-01-01 12:00:00,PARCEL_CREATED,,V1,CANONICAL_SEED,SYSTEM,Initial cadastral creation,
EVT-004961,IN-DL-110054-9-87,2026-06-20 09:00:00,SOURCE_IMPORTED,V1,V1,INGESTION_PIPELINE,SYSTEM,5 observations linked,
EVT-004962,IN-DL-110054-9-87,2026-07-01 11:00:00,CONFLICT_DETECTED,V1,V1,CONFLICT_ENGINE,SYSTEM,1 conflicts detected,
EVT-004963,IN-DL-110054-9-87,2026-07-08 14:00:00,MATCH_PROPOSED,V1,P1,MATCHING_ENGINE,SYSTEM,Cross-source match proposed,
EVT-004964,IN-DL-110054-9-87,2026-08-06 10:00:00,EVIDENCE_ADDED,P1,P2,FIELD_SURVEY,SURVEYOR,GNSS/CORS evidence attached,
EVT-004965,IN-DL-110054-9-87,2026-09-05 11:00:00,HUMAN_REVIEW,P2,P2,REVIEW_WORKSPACE,HUMAN_REVIEWER,Legal/operational conflict requires decision,
EVT-004966,IN-DL-110054-9-88,2005-01-01 12:00:00,PARCEL_CREATED,,V1,CANONICAL_SEED,SYSTEM,Initial cadastral creation,
EVT-004967,IN-DL-110054-9-88,2026-06-20 09:00:00,SOURCE_IMPORTED,V1,V1,INGESTION_PIPELINE,SYSTEM,5 observations linked,
EVT-004968,IN-DL-110054-9-88,2026-07-01 11:00:00,CONFLICT_DETECTED,V1,V1,CONFLICT_ENGINE,SYSTEM,1 conflicts detected,
EVT-004969,IN-DL-110054-9-88,2026-07-08 14:00:00,MATCH_PROPOSED,V1,P1,MATCHING_ENGINE,SYSTEM,Cross-source match proposed,
EVT-004970,IN-DL-110054-9-88,2026-09-05 11:00:00,HUMAN_REVIEW,P1,P2,REVIEW_WORKSPACE,HUMAN_REVIEWER,Legal/operational conflict requires decision,
EVT-004971,IN-DL-110054-9-89,2006-01-01 12:00:00,PARCEL_CREATED,,V1,CANONICAL_SEED,SYSTEM,Initial cadastral creation,
EVT-004972,IN-DL-110054-9-89,2026-06-20 09:00:00,SOURCE_IMPORTED,V1,V1,INGESTION_PIPELINE,SYSTEM,4 observations linked,
EVT-004973,IN-DL-110054-9-89,2026-07-08 14:00:00,MATCH_PROPOSED,V1,P1,MATCHING_ENGINE,SYSTEM,Cross-source match proposed,
EVT-004974,IN-DL-110054-9-89,2026-09-10 14:00:00,PROPOSAL_ACCEPTED,P1,V2,POLICY_GATE,AUTHORITY,Proposed state accepted,
EVT-004975,IN-DL-110054-9-89,2026-09-10 14:05:00,CANONICAL_STATE_UPDATED,V1,V2,CANONICAL_REGISTRY,SYSTEM,Authoritative state updated,
EVT-004976,IN-DL-110054-9-90,2007-01-01 12:00:00,PARCEL_CREATED,,V1,CANONICAL_SEED,SYSTEM,Initial cadastral creation,
EVT-004977,IN-DL-110054-9-90,2026-06-20 09:00:00,SOURCE_IMPORTED,V1,V1,INGESTION_PIPELINE,SYSTEM,3 observations linked,
EVT-004978,IN-DL-110054-9-90,2026-07-01 11:00:00,CONFLICT_DETECTED,V1,V1,CONFLICT_ENGINE,SYSTEM,2 conflicts detected,
EVT-004979,IN-DL-110054-9-90,2026-07-08 14:00:00,MATCH_PROPOSED,V1,P1,MATCHING_ENGINE,SYSTEM,Cross-source match proposed,
EVT-004980,IN-DL-110054-9-90,2026-09-10 14:00:00,PROPOSAL_ACCEPTED,P1,V2,POLICY_GATE,AUTHORITY,Proposed state accepted,
EVT-004981,IN-DL-110054-9-90,2026-09-10 14:05:00,CANONICAL_STATE_UPDATED,V1,V2,CANONICAL_REGISTRY,SYSTEM,Authoritative state updated,
EVT-004982,IN-DL-110054-9-91,2009-03-15 12:00:00,PARCEL_CREATED,,V1,CANONICAL_SEED,SYSTEM,Created from lineage,IN-DL-110054-9-101
EVT-004983,IN-DL-110054-9-91,2026-06-20 09:00:00,SOURCE_IMPORTED,V1,V1,INGESTION_PIPELINE,SYSTEM,4 observations linked,
EVT-004984,IN-DL-110054-9-91,2026-07-01 11:00:00,CONFLICT_DETECTED,V1,V1,CONFLICT_ENGINE,SYSTEM,1 conflicts detected,
EVT-004985,IN-DL-110054-9-91,2026-07-08 14:00:00,MATCH_PROPOSED,V1,P1,MATCHING_ENGINE,SYSTEM,Cross-source match proposed,
EVT-004986,IN-DL-110054-9-91,2026-08-06 10:00:00,EVIDENCE_ADDED,P1,P2,FIELD_SURVEY,SURVEYOR,GNSS/CORS evidence attached,
EVT-004987,IN-DL-110054-9-91,2026-09-10 14:00:00,PROPOSAL_ACCEPTED,P2,V2,POLICY_GATE,AUTHORITY,Proposed state accepted,
EVT-004988,IN-DL-110054-9-91,2026-09-10 14:05:00,CANONICAL_STATE_UPDATED,V1,V2,CANONICAL_REGISTRY,SYSTEM,Authoritative state updated,
EVT-004989,IN-DL-110054-9-92,2009-03-15 12:00:00,PARCEL_CREATED,,V1,CANONICAL_SEED,SYSTEM,Created from lineage,IN-DL-110054-9-101
EVT-004990,IN-DL-110054-9-92,2026-06-20 09:00:00,SOURCE_IMPORTED,V1,V1,INGESTION_PIPELINE,SYSTEM,4 observations linked,
EVT-004991,IN-DL-110054-9-92,2026-07-08 14:00:00,MATCH_PROPOSED,V1,P1,MATCHING_ENGINE,SYSTEM,Cross-source match proposed,
EVT-004992,IN-DL-110054-9-92,2026-09-10 14:00:00,PROPOSAL_ACCEPTED,P1,V2,POLICY_GATE,AUTHORITY,Proposed state accepted,
EVT-004993,IN-DL-110054-9-92,2026-09-10 14:05:00,CANONICAL_STATE_UPDATED,V1,V2,CANONICAL_REGISTRY,SYSTEM,Authoritative state updated,
EVT-004994,IN-DL-110054-9-93,2012-07-10 12:00:00,PARCEL_CREATED,,V1,CANONICAL_SEED,SYSTEM,Created from lineage,IN-DL-110054-9-102;IN-DL-110054-9-103
EVT-004995,IN-DL-110054-9-93,2026-06-20 09:00:00,SOURCE_IMPORTED,V1,V1,INGESTION_PIPELINE,SYSTEM,5 observations linked,
EVT-004996,IN-DL-110054-9-93,2026-07-08 14:00:00,MATCH_PROPOSED,V1,P1,MATCHING_ENGINE,SYSTEM,Cross-source match proposed,
EVT-004997,IN-DL-110054-9-93,2026-09-10 14:00:00,PROPOSAL_ACCEPTED,P1,V2,POLICY_GATE,AUTHORITY,Proposed state accepted,
EVT-004998,IN-DL-110054-9-93,2026-09-10 14:05:00,CANONICAL_STATE_UPDATED,V1,V2,CANONICAL_REGISTRY,SYSTEM,Authoritative state updated,
EVT-004999,IN-DL-110054-9-94,2020-11-05 12:00:00,PARCEL_CREATED,,V1,CANONICAL_SEED,SYSTEM,Created from lineage,IN-DL-110054-9-104;IN-DL-110054-9-105
EVT-005000,IN-DL-110054-9-94,2026-06-20 09:00:00,SOURCE_IMPORTED,V1,V1,INGESTION_PIPELINE,SYSTEM,5 observations linked,
EVT-005001,IN-DL-110054-9-94,2026-07-01 11:00:00,CONFLICT_DETECTED,V1,V1,CONFLICT_ENGINE,SYSTEM,1 conflicts detected,
EVT-005002,IN-DL-110054-9-94,2026-07-08 14:00:00,MATCH_PROPOSED,V1,P1,MATCHING_ENGINE,SYSTEM,Cross-source match proposed,
EVT-005003,IN-DL-110054-9-94,2026-08-06 10:00:00,EVIDENCE_ADDED,P1,P2,FIELD_SURVEY,SURVEYOR,GNSS/CORS evidence attached,
EVT-005004,IN-DL-110054-9-94,2026-09-05 11:00:00,HUMAN_REVIEW,P2,P2,REVIEW_WORKSPACE,HUMAN_REVIEWER,Legal/operational conflict requires decision,
EVT-005005,IN-DL-110054-9-95,2005-01-01 12:00:00,PARCEL_CREATED,,V1,CANONICAL_SEED,SYSTEM,Initial cadastral creation,
EVT-005006,IN-DL-110054-9-95,2026-06-20 09:00:00,SOURCE_IMPORTED,V1,V1,INGESTION_PIPELINE,SYSTEM,5 observations linked,
EVT-005007,IN-DL-110054-9-95,2026-07-08 14:00:00,MATCH_PROPOSED,V1,P1,MATCHING_ENGINE,SYSTEM,Cross-source match proposed,
EVT-005008,IN-DL-110054-9-95,2026-09-10 14:00:00,PROPOSAL_ACCEPTED,P1,V2,POLICY_GATE,AUTHORITY,Proposed state accepted,
EVT-005009,IN-DL-110054-9-95,2026-09-10 14:05:00,CANONICAL_STATE_UPDATED,V1,V2,CANONICAL_REGISTRY,SYSTEM,Authoritative state updated,
EVT-005010,IN-DL-110054-9-96,2006-01-01 12:00:00,PARCEL_CREATED,,V1,CANONICAL_SEED,SYSTEM,Initial cadastral creation,
EVT-005011,IN-DL-110054-9-96,2026-06-20 09:00:00,SOURCE_IMPORTED,V1,V1,INGESTION_PIPELINE,SYSTEM,5 observations linked,
EVT-005012,IN-DL-110054-9-96,2026-07-01 11:00:00,CONFLICT_DETECTED,V1,V1,CONFLICT_ENGINE,SYSTEM,2 conflicts detected,
EVT-005013,IN-DL-110054-9-96,2026-07-08 14:00:00,MATCH_PROPOSED,V1,P1,MATCHING_ENGINE,SYSTEM,Cross-source match proposed,
EVT-005014,IN-DL-110054-9-96,2026-09-10 14:00:00,PROPOSAL_ACCEPTED,P1,V2,POLICY_GATE,AUTHORITY,Proposed state accepted,
EVT-005015,IN-DL-110054-9-96,2026-09-10 14:05:00,CANONICAL_STATE_UPDATED,V1,V2,CANONICAL_REGISTRY,SYSTEM,Authoritative state updated,
EVT-005016,IN-DL-110054-9-97,2007-01-01 12:00:00,PARCEL_CREATED,,V1,CANONICAL_SEED,SYSTEM,Initial cadastral creation,
EVT-005017,IN-DL-110054-9-97,2026-06-20 09:00:00,SOURCE_IMPORTED,V1,V1,INGESTION_PIPELINE,SYSTEM,6 observations linked,
EVT-005018,IN-DL-110054-9-97,2026-07-01 11:00:00,CONFLICT_DETECTED,V1,V1,CONFLICT_ENGINE,SYSTEM,1 conflicts detected,
EVT-005019,IN-DL-110054-9-97,2026-07-08 14:00:00,MATCH_PROPOSED,V1,P1,MATCHING_ENGINE,SYSTEM,Cross-source match proposed,
EVT-005020,IN-DL-110054-9-97,2026-08-06 10:00:00,EVIDENCE_ADDED,P1,P2,FIELD_SURVEY,SURVEYOR,GNSS/CORS evidence attached,
EVT-005021,IN-DL-110054-9-97,2026-09-10 14:00:00,PROPOSAL_ACCEPTED,P2,V2,POLICY_GATE,AUTHORITY,Proposed state accepted,
EVT-005022,IN-DL-110054-9-97,2026-09-10 14:05:00,CANONICAL_STATE_UPDATED,V1,V2,CANONICAL_REGISTRY,SYSTEM,Authoritative state updated,
EVT-005023,IN-DL-110054-9-98,2001-01-01 12:00:00,PARCEL_CREATED,,V1,CANONICAL_SEED,SYSTEM,Initial cadastral creation,
EVT-005024,IN-DL-110054-9-98,2026-06-20 09:00:00,SOURCE_IMPORTED,V1,V1,INGESTION_PIPELINE,SYSTEM,5 observations linked,
EVT-005025,IN-DL-110054-9-98,2026-07-01 11:00:00,CONFLICT_DETECTED,V1,V1,CONFLICT_ENGINE,SYSTEM,2 conflicts detected,
EVT-005026,IN-DL-110054-9-98,2026-07-08 14:00:00,MATCH_PROPOSED,V1,P1,MATCHING_ENGINE,SYSTEM,Cross-source match proposed,
EVT-005027,IN-DL-110054-9-98,2026-08-06 10:00:00,EVIDENCE_ADDED,P1,P2,FIELD_SURVEY,SURVEYOR,GNSS/CORS evidence attached,
EVT-005028,IN-DL-110054-9-98,2026-09-10 14:00:00,PROPOSAL_ACCEPTED,P2,V2,POLICY_GATE,AUTHORITY,Proposed state accepted,
EVT-005029,IN-DL-110054-9-98,2026-09-10 14:05:00,CANONICAL_STATE_UPDATED,V1,V2,CANONICAL_REGISTRY,SYSTEM,Authoritative state updated,
EVT-005030,IN-DL-110054-9-99,2002-01-01 12:00:00,PARCEL_CREATED,,V1,CANONICAL_SEED,SYSTEM,Initial cadastral creation,
EVT-005031,IN-DL-110054-9-99,2026-06-20 09:00:00,SOURCE_IMPORTED,V1,V1,INGESTION_PIPELINE,SYSTEM,5 observations linked,
EVT-005032,IN-DL-110054-9-99,2026-07-08 14:00:00,MATCH_PROPOSED,V1,P1,MATCHING_ENGINE,SYSTEM,Cross-source match proposed,
EVT-005033,IN-DL-110054-9-99,2026-08-06 10:00:00,EVIDENCE_ADDED,P1,P2,FIELD_SURVEY,SURVEYOR,GNSS/CORS evidence attached,
EVT-005034,IN-DL-110054-9-99,2026-09-10 14:00:00,PROPOSAL_ACCEPTED,P2,V2,POLICY_GATE,AUTHORITY,Proposed state accepted,
EVT-005035,IN-DL-110054-9-99,2026-09-10 14:05:00,CANONICAL_STATE_UPDATED,V1,V2,CANONICAL_REGISTRY,SYSTEM,Authoritative state updated,
EVT-005036,IN-DL-110054-9-100,2022-12-08 12:00:00,PARCEL_CREATED,,V1,CANONICAL_SEED,SYSTEM,Created from lineage,IN-DL-110054-8-106;IN-DL-110054-9-106
EVT-005037,IN-DL-110054-9-100,2026-06-20 09:00:00,SOURCE_IMPORTED,V1,V1,INGESTION_PIPELINE,SYSTEM,5 observations linked,
EVT-005038,IN-DL-110054-9-100,2026-07-01 11:00:00,CONFLICT_DETECTED,V1,V1,CONFLICT_ENGINE,SYSTEM,3 conflicts detected,
EVT-005039,IN-DL-110054-9-100,2026-07-08 14:00:00,MATCH_PROPOSED,V1,P1,MATCHING_ENGINE,SYSTEM,Cross-source match proposed,
EVT-005040,IN-DL-110054-9-100,2026-09-05 12:00:00,HUMAN_REVIEW,P1,P1,REVIEW_WORKSPACE,HUMAN_REVIEWER,Additional evidence requested,
EVT-005041,IN-DL-110054-10-1,2018-01-01 12:00:00,PARCEL_CREATED,,V1,CANONICAL_SEED,SYSTEM,Initial cadastral creation,
EVT-005042,IN-DL-110054-10-1,2026-06-20 09:00:00,SOURCE_IMPORTED,V1,V1,INGESTION_PIPELINE,SYSTEM,3 observations linked,
EVT-005043,IN-DL-110054-10-1,2026-07-08 14:00:00,MATCH_PROPOSED,V1,P1,MATCHING_ENGINE,SYSTEM,Cross-source match proposed,
EVT-005044,IN-DL-110054-10-1,2026-09-10 14:00:00,PROPOSAL_ACCEPTED,P1,V2,POLICY_GATE,AUTHORITY,Proposed state accepted,
EVT-005045,IN-DL-110054-10-1,2026-09-10 14:05:00,CANONICAL_STATE_UPDATED,V1,V2,CANONICAL_REGISTRY,SYSTEM,Authoritative state updated,
EVT-005046,IN-DL-110054-10-2,2019-01-01 12:00:00,PARCEL_CREATED,,V1,CANONICAL_SEED,SYSTEM,Initial cadastral creation,
EVT-005047,IN-DL-110054-10-2,2026-06-20 09:00:00,SOURCE_IMPORTED,V1,V1,INGESTION_PIPELINE,SYSTEM,4 observations linked,
EVT-005048,IN-DL-110054-10-2,2026-07-08 14:00:00,MATCH_PROPOSED,V1,P1,MATCHING_ENGINE,SYSTEM,Cross-source match proposed,
EVT-005049,IN-DL-110054-10-2,2026-09-10 14:00:00,PROPOSAL_ACCEPTED,P1,V2,POLICY_GATE,AUTHORITY,Proposed state accepted,
EVT-005050,IN-DL-110054-10-2,2026-09-10 14:05:00,CANONICAL_STATE_UPDATED,V1,V2,CANONICAL_REGISTRY,SYSTEM,Authoritative state updated,
EVT-005051,IN-DL-110054-10-3,2020-01-01 12:00:00,PARCEL_CREATED,,V1,CANONICAL_SEED,SYSTEM,Initial cadastral creation,
EVT-005052,IN-DL-110054-10-3,2026-06-20 09:00:00,SOURCE_IMPORTED,V1,V1,INGESTION_PIPELINE,SYSTEM,4 observations linked,
EVT-005053,IN-DL-110054-10-3,2026-07-08 14:00:00,MATCH_PROPOSED,V1,P1,MATCHING_ENGINE,SYSTEM,Cross-source match proposed,
EVT-005054,IN-DL-110054-10-3,2026-09-10 14:00:00,PROPOSAL_ACCEPTED,P1,V2,POLICY_GATE,AUTHORITY,Proposed state accepted,
EVT-005055,IN-DL-110054-10-3,2026-09-10 14:05:00,CANONICAL_STATE_UPDATED,V1,V2,CANONICAL_REGISTRY,SYSTEM,Authoritative state updated,
EVT-005056,IN-DL-110054-10-4,2021-01-01 12:00:00,PARCEL_CREATED,,V1,CANONICAL_SEED,SYSTEM,Initial cadastral creation,
EVT-005057,IN-DL-110054-10-4,2026-06-20 09:00:00,SOURCE_IMPORTED,V1,V1,INGESTION_PIPELINE,SYSTEM,5 observations linked,
EVT-005058,IN-DL-110054-10-4,2026-07-01 11:00:00,CONFLICT_DETECTED,V1,V1,CONFLICT_ENGINE,SYSTEM,1 conflicts detected,
EVT-005059,IN-DL-110054-10-4,2026-07-08 14:00:00,MATCH_PROPOSED,V1,P1,MATCHING_ENGINE,SYSTEM,Cross-source match proposed,
EVT-005060,IN-DL-110054-10-4,2026-08-06 10:00:00,EVIDENCE_ADDED,P1,P2,FIELD_SURVEY,SURVEYOR,GNSS/CORS evidence attached,
EVT-005061,IN-DL-110054-10-4,2026-09-05 11:00:00,HUMAN_REVIEW,P2,P2,REVIEW_WORKSPACE,HUMAN_REVIEWER,Legal/operational conflict requires decision,
EVT-005062,IN-DL-110054-10-5,2022-01-01 12:00:00,PARCEL_CREATED,,V1,CANONICAL_SEED,SYSTEM,Initial cadastral creation,
EVT-005063,IN-DL-110054-10-5,2026-06-20 09:00:00,SOURCE_IMPORTED,V1,V1,INGESTION_PIPELINE,SYSTEM,5 observations linked,
EVT-005064,IN-DL-110054-10-5,2026-07-01 11:00:00,CONFLICT_DETECTED,V1,V1,CONFLICT_ENGINE,SYSTEM,1 conflicts detected,
EVT-005065,IN-DL-110054-10-5,2026-07-08 14:00:00,MATCH_PROPOSED,V1,P1,MATCHING_ENGINE,SYSTEM,Cross-source match proposed,
EVT-005066,IN-DL-110054-10-5,2026-09-10 14:00:00,PROPOSAL_ACCEPTED,P1,V2,POLICY_GATE,AUTHORITY,Proposed state accepted,
EVT-005067,IN-DL-110054-10-5,2026-09-10 14:05:00,CANONICAL_STATE_UPDATED,V1,V2,CANONICAL_REGISTRY,SYSTEM,Authoritative state updated,
EVT-005068,IN-DL-110054-10-6,2023-01-01 12:00:00,PARCEL_CREATED,,V1,CANONICAL_SEED,SYSTEM,Initial cadastral creation,
EVT-005069,IN-DL-110054-10-6,2026-06-20 09:00:00,SOURCE_IMPORTED,V1,V1,INGESTION_PIPELINE,SYSTEM,6 observations linked,
EVT-005070,IN-DL-110054-10-6,2026-07-01 11:00:00,CONFLICT_DETECTED,V1,V1,CONFLICT_ENGINE,SYSTEM,1 conflicts detected,
EVT-005071,IN-DL-110054-10-6,2026-07-08 14:00:00,MATCH_PROPOSED,V1,P1,MATCHING_ENGINE,SYSTEM,Cross-source match proposed,
EVT-005072,IN-DL-110054-10-6,2026-09-10 14:00:00,PROPOSAL_ACCEPTED,P1,V2,POLICY_GATE,AUTHORITY,Proposed state accepted,
EVT-005073,IN-DL-110054-10-6,2026-09-10 14:05:00,CANONICAL_STATE_UPDATED,V1,V2,CANONICAL_REGISTRY,SYSTEM,Authoritative state updated,
EVT-005074,IN-DL-110054-10-7,2017-01-01 12:00:00,PARCEL_CREATED,,V1,CANONICAL_SEED,SYSTEM,Initial cadastral creation,
EVT-005075,IN-DL-110054-10-7,2026-06-20 09:00:00,SOURCE_IMPORTED,V1,V1,INGESTION_PIPELINE,SYSTEM,3 observations linked,
EVT-005076,IN-DL-110054-10-7,2026-07-01 11:00:00,CONFLICT_DETECTED,V1,V1,CONFLICT_ENGINE,SYSTEM,1 conflicts detected,
EVT-005077,IN-DL-110054-10-7,2026-07-08 14:00:00,MATCH_PROPOSED,V1,P1,MATCHING_ENGINE,SYSTEM,Cross-source match proposed,
EVT-005078,IN-DL-110054-10-7,2026-08-06 10:00:00,EVIDENCE_ADDED,P1,P2,FIELD_SURVEY,SURVEYOR,GNSS/CORS evidence attached,
EVT-005079,IN-DL-110054-10-7,2026-09-05 12:00:00,HUMAN_REVIEW,P2,P2,REVIEW_WORKSPACE,HUMAN_REVIEWER,Additional evidence requested,
EVT-005080,IN-DL-110054-10-8,2018-01-01 12:00:00,PARCEL_CREATED,,V1,CANONICAL_SEED,SYSTEM,Initial cadastral creation,
EVT-005081,IN-DL-110054-10-8,2026-06-20 09:00:00,SOURCE_IMPORTED,V1,V1,INGESTION_PIPELINE,SYSTEM,3 observations linked,
EVT-005082,IN-DL-110054-10-8,2026-07-08 14:00:00,MATCH_PROPOSED,V1,P1,MATCHING_ENGINE,SYSTEM,Cross-source match proposed,
EVT-005083,IN-DL-110054-10-8,2026-09-10 14:00:00,PROPOSAL_ACCEPTED,P1,V2,POLICY_GATE,AUTHORITY,Proposed state accepted,
EVT-005084,IN-DL-110054-10-8,2026-09-10 14:05:00,CANONICAL_STATE_UPDATED,V1,V2,CANONICAL_REGISTRY,SYSTEM,Authoritative state updated,
EVT-005085,IN-DL-110054-10-9,2019-01-01 12:00:00,PARCEL_CREATED,,V1,CANONICAL_SEED,SYSTEM,Initial cadastral creation,
EVT-005086,IN-DL-110054-10-9,2026-06-20 09:00:00,SOURCE_IMPORTED,V1,V1,INGESTION_PIPELINE,SYSTEM,4 observations linked,
EVT-005087,IN-DL-110054-10-9,2026-07-08 14:00:00,MATCH_PROPOSED,V1,P1,MATCHING_ENGINE,SYSTEM,Cross-source match proposed,
EVT-005088,IN-DL-110054-10-9,2026-08-06 10:00:00,EVIDENCE_ADDED,P1,P2,FIELD_SURVEY,SURVEYOR,GNSS/CORS evidence attached,
EVT-005089,IN-DL-110054-10-9,2026-09-10 14:00:00,PROPOSAL_ACCEPTED,P2,V2,POLICY_GATE,AUTHORITY,Proposed state accepted,
EVT-005090,IN-DL-110054-10-9,2026-09-10 14:05:00,CANONICAL_STATE_UPDATED,V1,V2,CANONICAL_REGISTRY,SYSTEM,Authoritative state updated,
EVT-005091,IN-DL-110054-10-10,2020-01-01 12:00:00,PARCEL_CREATED,,V1,CANONICAL_SEED,SYSTEM,Initial cadastral creation,
EVT-005092,IN-DL-110054-10-10,2026-06-20 09:00:00,SOURCE_IMPORTED,V1,V1,INGESTION_PIPELINE,SYSTEM,4 observations linked,
EVT-005093,IN-DL-110054-10-10,2026-07-01 11:00:00,CONFLICT_DETECTED,V1,V1,CONFLICT_ENGINE,SYSTEM,2 conflicts detected,
EVT-005094,IN-DL-110054-10-10,2026-07-08 14:00:00,MATCH_PROPOSED,V1,P1,MATCHING_ENGINE,SYSTEM,Cross-source match proposed,
EVT-005095,IN-DL-110054-10-10,2026-08-06 10:00:00,EVIDENCE_ADDED,P1,P2,FIELD_SURVEY,SURVEYOR,GNSS/CORS evidence attached,
EVT-005096,IN-DL-110054-10-10,2026-09-10 14:00:00,PROPOSAL_ACCEPTED,P2,V2,POLICY_GATE,AUTHORITY,Proposed state accepted,
EVT-005097,IN-DL-110054-10-10,2026-09-10 14:05:00,CANONICAL_STATE_UPDATED,V1,V2,CANONICAL_REGISTRY,SYSTEM,Authoritative state updated,
EVT-005098,IN-DL-110054-10-11,2021-01-01 12:00:00,PARCEL_CREATED,,V1,CANONICAL_SEED,SYSTEM,Initial cadastral creation,
EVT-005099,IN-DL-110054-10-11,2026-06-20 09:00:00,SOURCE_IMPORTED,V1,V1,INGESTION_PIPELINE,SYSTEM,5 observations linked,
EVT-005100,IN-DL-110054-10-11,2026-07-01 11:00:00,CONFLICT_DETECTED,V1,V1,CONFLICT_ENGINE,SYSTEM,1 conflicts detected,
EVT-005101,IN-DL-110054-10-11,2026-07-08 14:00:00,MATCH_PROPOSED,V1,P1,MATCHING_ENGINE,SYSTEM,Cross-source match proposed,
EVT-005102,IN-DL-110054-10-11,2026-08-06 10:00:00,EVIDENCE_ADDED,P1,P2,FIELD_SURVEY,SURVEYOR,GNSS/CORS evidence attached,
EVT-005103,IN-DL-110054-10-11,2026-09-10 14:00:00,PROPOSAL_ACCEPTED,P2,V2,POLICY_GATE,AUTHORITY,Proposed state accepted,
EVT-005104,IN-DL-110054-10-11,2026-09-10 14:05:00,CANONICAL_STATE_UPDATED,V1,V2,CANONICAL_REGISTRY,SYSTEM,Authoritative state updated,
EVT-005105,IN-DL-110054-10-12,2022-01-01 12:00:00,PARCEL_CREATED,,V1,CANONICAL_SEED,SYSTEM,Initial cadastral creation,
EVT-005106,IN-DL-110054-10-12,2026-06-20 09:00:00,SOURCE_IMPORTED,V1,V1,INGESTION_PIPELINE,SYSTEM,6 observations linked,
EVT-005107,IN-DL-110054-10-12,2026-07-01 11:00:00,CONFLICT_DETECTED,V1,V1,CONFLICT_ENGINE,SYSTEM,2 conflicts detected,
EVT-005108,IN-DL-110054-10-12,2026-07-08 14:00:00,MATCH_PROPOSED,V1,P1,MATCHING_ENGINE,SYSTEM,Cross-source match proposed,
EVT-005109,IN-DL-110054-10-12,2026-08-06 10:00:00,EVIDENCE_ADDED,P1,P2,FIELD_SURVEY,SURVEYOR,GNSS/CORS evidence attached,
EVT-005110,IN-DL-110054-10-12,2026-09-10 14:00:00,PROPOSAL_ACCEPTED,P2,V2,POLICY_GATE,AUTHORITY,Proposed state accepted,
EVT-005111,IN-DL-110054-10-12,2026-09-10 14:05:00,CANONICAL_STATE_UPDATED,V1,V2,CANONICAL_REGISTRY,SYSTEM,Authoritative state updated,
EVT-005112,IN-DL-110054-10-13,2023-01-01 12:00:00,PARCEL_CREATED,,V1,CANONICAL_SEED,SYSTEM,Initial cadastral creation,
EVT-005113,IN-DL-110054-10-13,2026-06-20 09:00:00,SOURCE_IMPORTED,V1,V1,INGESTION_PIPELINE,SYSTEM,4 observations linked,
EVT-005114,IN-DL-110054-10-13,2026-07-08 14:00:00,MATCH_PROPOSED,V1,P1,MATCHING_ENGINE,SYSTEM,Cross-source match proposed,
EVT-005115,IN-DL-110054-10-13,2026-09-10 14:00:00,PROPOSAL_ACCEPTED,P1,V2,POLICY_GATE,AUTHORITY,Proposed state accepted,
EVT-005116,IN-DL-110054-10-13,2026-09-10 14:05:00,CANONICAL_STATE_UPDATED,V1,V2,CANONICAL_REGISTRY,SYSTEM,Authoritative state updated,
EVT-005117,IN-DL-110054-10-14,2017-01-01 12:00:00,PARCEL_CREATED,,V1,CANONICAL_SEED,SYSTEM,Initial cadastral creation,
EVT-005118,IN-DL-110054-10-14,2026-06-20 09:00:00,SOURCE_IMPORTED,V1,V1,INGESTION_PIPELINE,SYSTEM,5 observations linked,
EVT-005119,IN-DL-110054-10-14,2026-07-08 14:00:00,MATCH_PROPOSED,V1,P1,MATCHING_ENGINE,SYSTEM,Cross-source match proposed,
EVT-005120,IN-DL-110054-10-14,2026-09-10 14:00:00,PROPOSAL_ACCEPTED,P1,V2,POLICY_GATE,AUTHORITY,Proposed state accepted,
EVT-005121,IN-DL-110054-10-14,2026-09-10 14:05:00,CANONICAL_STATE_UPDATED,V1,V2,CANONICAL_REGISTRY,SYSTEM,Authoritative state updated,
EVT-005122,IN-DL-110054-10-15,2018-01-01 12:00:00,PARCEL_CREATED,,V1,CANONICAL_SEED,SYSTEM,Initial cadastral creation,
EVT-005123,IN-DL-110054-10-15,2026-06-20 09:00:00,SOURCE_IMPORTED,V1,V1,INGESTION_PIPELINE,SYSTEM,5 observations linked,
EVT-005124,IN-DL-110054-10-15,2026-07-01 11:00:00,CONFLICT_DETECTED,V1,V1,CONFLICT_ENGINE,SYSTEM,2 conflicts detected,
EVT-005125,IN-DL-110054-10-15,2026-07-08 14:00:00,MATCH_PROPOSED,V1,P1,MATCHING_ENGINE,SYSTEM,Cross-source match proposed,
EVT-005126,IN-DL-110054-10-15,2026-09-05 11:00:00,HUMAN_REVIEW,P1,P2,REVIEW_WORKSPACE,HUMAN_REVIEWER,Legal/operational conflict requires decision,
EVT-005127,IN-DL-110054-10-16,2019-01-01 12:00:00,PARCEL_CREATED,,V1,CANONICAL_SEED,SYSTEM,Initial cadastral creation,
EVT-005128,IN-DL-110054-10-16,2026-06-20 09:00:00,SOURCE_IMPORTED,V1,V1,INGESTION_PIPELINE,SYSTEM,6 observations linked,
EVT-005129,IN-DL-110054-10-16,2026-07-01 11:00:00,CONFLICT_DETECTED,V1,V1,CONFLICT_ENGINE,SYSTEM,1 conflicts detected,
EVT-005130,IN-DL-110054-10-16,2026-07-08 14:00:00,MATCH_PROPOSED,V1,P1,MATCHING_ENGINE,SYSTEM,Cross-source match proposed,
EVT-005131,IN-DL-110054-10-16,2026-08-06 10:00:00,EVIDENCE_ADDED,P1,P2,FIELD_SURVEY,SURVEYOR,GNSS/CORS evidence attached,
EVT-005132,IN-DL-110054-10-16,2026-09-05 11:00:00,HUMAN_REVIEW,P2,P2,REVIEW_WORKSPACE,HUMAN_REVIEWER,Legal/operational conflict requires decision,
EVT-005133,IN-DL-110054-10-17,2020-01-01 12:00:00,PARCEL_CREATED,,V1,CANONICAL_SEED,SYSTEM,Initial cadastral creation,
EVT-005134,IN-DL-110054-10-17,2026-06-20 09:00:00,SOURCE_IMPORTED,V1,V1,INGESTION_PIPELINE,SYSTEM,3 observations linked,
EVT-005135,IN-DL-110054-10-17,2026-07-01 11:00:00,CONFLICT_DETECTED,V1,V1,CONFLICT_ENGINE,SYSTEM,2 conflicts detected,
EVT-005136,IN-DL-110054-10-17,2026-07-08 14:00:00,MATCH_PROPOSED,V1,P1,MATCHING_ENGINE,SYSTEM,Cross-source match proposed,
EVT-005137,IN-DL-110054-10-17,2026-09-05 12:00:00,HUMAN_REVIEW,P1,P1,REVIEW_WORKSPACE,HUMAN_REVIEWER,Additional evidence requested,
EVT-005138,IN-DL-110054-10-18,2021-01-01 12:00:00,PARCEL_CREATED,,V1,CANONICAL_SEED,SYSTEM,Initial cadastral creation,
EVT-005139,IN-DL-110054-10-18,2026-06-20 09:00:00,SOURCE_IMPORTED,V1,V1,INGESTION_PIPELINE,SYSTEM,4 observations linked,
EVT-005140,IN-DL-110054-10-18,2026-07-01 11:00:00,CONFLICT_DETECTED,V1,V1,CONFLICT_ENGINE,SYSTEM,1 conflicts detected,
EVT-005141,IN-DL-110054-10-18,2026-07-08 14:00:00,MATCH_PROPOSED,V1,P1,MATCHING_ENGINE,SYSTEM,Cross-source match proposed,
EVT-005142,IN-DL-110054-10-18,2026-08-06 10:00:00,EVIDENCE_ADDED,P1,P2,FIELD_SURVEY,SURVEYOR,GNSS/CORS evidence attached,
EVT-005143,IN-DL-110054-10-18,2026-09-10 14:00:00,PROPOSAL_ACCEPTED,P2,V2,POLICY_GATE,AUTHORITY,Proposed state accepted,
EVT-005144,IN-DL-110054-10-18,2026-09-10 14:05:00,CANONICAL_STATE_UPDATED,V1,V2,CANONICAL_REGISTRY,SYSTEM,Authoritative state updated,
EVT-005145,IN-DL-110054-10-19,2022-01-01 12:00:00,PARCEL_CREATED,,V1,CANONICAL_SEED,SYSTEM,Initial cadastral creation,
EVT-005146,IN-DL-110054-10-19,2026-06-20 09:00:00,SOURCE_IMPORTED,V1,V1,INGESTION_PIPELINE,SYSTEM,4 observations linked,
EVT-005147,IN-DL-110054-10-19,2026-07-01 11:00:00,CONFLICT_DETECTED,V1,V1,CONFLICT_ENGINE,SYSTEM,1 conflicts detected,
EVT-005148,IN-DL-110054-10-19,2026-07-08 14:00:00,MATCH_PROPOSED,V1,P1,MATCHING_ENGINE,SYSTEM,Cross-source match proposed,
EVT-005149,IN-DL-110054-10-19,2026-09-05 11:00:00,HUMAN_REVIEW,P1,P2,REVIEW_WORKSPACE,HUMAN_REVIEWER,Legal/operational conflict requires decision,
EVT-005150,IN-DL-110054-10-20,2023-01-01 12:00:00,PARCEL_CREATED,,V1,CANONICAL_SEED,SYSTEM,Initial cadastral creation,
EVT-005151,IN-DL-110054-10-20,2026-06-20 09:00:00,SOURCE_IMPORTED,V1,V1,INGESTION_PIPELINE,SYSTEM,2 observations linked,
EVT-005152,IN-DL-110054-10-20,2026-07-01 11:00:00,CONFLICT_DETECTED,V1,V1,CONFLICT_ENGINE,SYSTEM,1 conflicts detected,
EVT-005153,IN-DL-110054-10-20,2026-07-08 14:00:00,MATCH_PROPOSED,V1,P1,MATCHING_ENGINE,SYSTEM,Cross-source match proposed,
EVT-005154,IN-DL-110054-10-20,2026-09-10 14:00:00,PROPOSAL_ACCEPTED,P1,V2,POLICY_GATE,AUTHORITY,Proposed state accepted,
EVT-005155,IN-DL-110054-10-20,2026-09-10 14:05:00,CANONICAL_STATE_UPDATED,V1,V2,CANONICAL_REGISTRY,SYSTEM,Authoritative state updated,
EVT-005156,IN-DL-110054-10-21,2017-01-01 12:00:00,PARCEL_CREATED,,V1,CANONICAL_SEED,SYSTEM,Initial cadastral creation,
EVT-005157,IN-DL-110054-10-21,2026-06-20 09:00:00,SOURCE_IMPORTED,V1,V1,INGESTION_PIPELINE,SYSTEM,5 observations linked,
EVT-005158,IN-DL-110054-10-21,2026-07-01 11:00:00,CONFLICT_DETECTED,V1,V1,CONFLICT_ENGINE,SYSTEM,1 conflicts detected,
EVT-005159,IN-DL-110054-10-21,2026-07-08 14:00:00,MATCH_PROPOSED,V1,P1,MATCHING_ENGINE,SYSTEM,Cross-source match proposed,
EVT-005160,IN-DL-110054-10-21,2026-09-10 14:00:00,PROPOSAL_ACCEPTED,P1,V2,POLICY_GATE,AUTHORITY,Proposed state accepted,
EVT-005161,IN-DL-110054-10-21,2026-09-10 14:05:00,CANONICAL_STATE_UPDATED,V1,V2,CANONICAL_REGISTRY,SYSTEM,Authoritative state updated,
EVT-005162,IN-DL-110054-10-22,2018-01-01 12:00:00,PARCEL_CREATED,,V1,CANONICAL_SEED,SYSTEM,Initial cadastral creation,
EVT-005163,IN-DL-110054-10-22,2026-06-20 09:00:00,SOURCE_IMPORTED,V1,V1,INGESTION_PIPELINE,SYSTEM,5 observations linked,
EVT-005164,IN-DL-110054-10-22,2026-07-08 14:00:00,MATCH_PROPOSED,V1,P1,MATCHING_ENGINE,SYSTEM,Cross-source match proposed,
EVT-005165,IN-DL-110054-10-22,2026-09-10 14:00:00,PROPOSAL_ACCEPTED,P1,V2,POLICY_GATE,AUTHORITY,Proposed state accepted,
EVT-005166,IN-DL-110054-10-22,2026-09-10 14:05:00,CANONICAL_STATE_UPDATED,V1,V2,CANONICAL_REGISTRY,SYSTEM,Authoritative state updated,
EVT-005167,IN-DL-110054-10-23,2019-01-01 12:00:00,PARCEL_CREATED,,V1,CANONICAL_SEED,SYSTEM,Initial cadastral creation,
EVT-005168,IN-DL-110054-10-23,2026-06-20 09:00:00,SOURCE_IMPORTED,V1,V1,INGESTION_PIPELINE,SYSTEM,3 observations linked,
EVT-005169,IN-DL-110054-10-23,2026-07-01 11:00:00,CONFLICT_DETECTED,V1,V1,CONFLICT_ENGINE,SYSTEM,1 conflicts detected,
EVT-005170,IN-DL-110054-10-23,2026-07-08 14:00:00,MATCH_PROPOSED,V1,P1,MATCHING_ENGINE,SYSTEM,Cross-source match proposed,
EVT-005171,IN-DL-110054-10-23,2026-09-05 12:00:00,HUMAN_REVIEW,P1,P1,REVIEW_WORKSPACE,HUMAN_REVIEWER,Additional evidence requested,
EVT-005172,IN-DL-110054-10-24,2020-01-01 12:00:00,PARCEL_CREATED,,V1,CANONICAL_SEED,SYSTEM,Initial cadastral creation,
EVT-005173,IN-DL-110054-10-24,2026-06-20 09:00:00,SOURCE_IMPORTED,V1,V1,INGESTION_PIPELINE,SYSTEM,4 observations linked,
EVT-005174,IN-DL-110054-10-24,2026-07-01 11:00:00,CONFLICT_DETECTED,V1,V1,CONFLICT_ENGINE,SYSTEM,1 conflicts detected,
EVT-005175,IN-DL-110054-10-24,2026-07-08 14:00:00,MATCH_PROPOSED,V1,P1,MATCHING_ENGINE,SYSTEM,Cross-source match proposed,
EVT-005176,IN-DL-110054-10-24,2026-09-10 14:00:00,PROPOSAL_ACCEPTED,P1,V2,POLICY_GATE,AUTHORITY,Proposed state accepted,
EVT-005177,IN-DL-110054-10-24,2026-09-10 14:05:00,CANONICAL_STATE_UPDATED,V1,V2,CANONICAL_REGISTRY,SYSTEM,Authoritative state updated,
EVT-005178,IN-DL-110054-10-25,2021-01-01 12:00:00,PARCEL_CREATED,,V1,CANONICAL_SEED,SYSTEM,Initial cadastral creation,
EVT-005179,IN-DL-110054-10-25,2026-06-20 09:00:00,SOURCE_IMPORTED,V1,V1,INGESTION_PIPELINE,SYSTEM,5 observations linked,
EVT-005180,IN-DL-110054-10-25,2026-07-01 11:00:00,CONFLICT_DETECTED,V1,V1,CONFLICT_ENGINE,SYSTEM,1 conflicts detected,
EVT-005181,IN-DL-110054-10-25,2026-07-08 14:00:00,MATCH_PROPOSED,V1,P1,MATCHING_ENGINE,SYSTEM,Cross-source match proposed,
EVT-005182,IN-DL-110054-10-25,2026-09-10 14:00:00,PROPOSAL_ACCEPTED,P1,V2,POLICY_GATE,AUTHORITY,Proposed state accepted,
EVT-005183,IN-DL-110054-10-25,2026-09-10 14:05:00,CANONICAL_STATE_UPDATED,V1,V2,CANONICAL_REGISTRY,SYSTEM,Authoritative state updated,
EVT-005184,IN-DL-110054-10-26,2022-01-01 12:00:00,PARCEL_CREATED,,V1,CANONICAL_SEED,SYSTEM,Initial cadastral creation,
EVT-005185,IN-DL-110054-10-26,2026-06-20 09:00:00,SOURCE_IMPORTED,V1,V1,INGESTION_PIPELINE,SYSTEM,5 observations linked,
EVT-005186,IN-DL-110054-10-26,2026-07-08 14:00:00,MATCH_PROPOSED,V1,P1,MATCHING_ENGINE,SYSTEM,Cross-source match proposed,
EVT-005187,IN-DL-110054-10-26,2026-09-10 14:00:00,PROPOSAL_ACCEPTED,P1,V2,POLICY_GATE,AUTHORITY,Proposed state accepted,
EVT-005188,IN-DL-110054-10-26,2026-09-10 14:05:00,CANONICAL_STATE_UPDATED,V1,V2,CANONICAL_REGISTRY,SYSTEM,Authoritative state updated,
EVT-005189,IN-DL-110054-10-27,2023-01-01 12:00:00,PARCEL_CREATED,,V1,CANONICAL_SEED,SYSTEM,Initial cadastral creation,
EVT-005190,IN-DL-110054-10-27,2026-06-20 09:00:00,SOURCE_IMPORTED,V1,V1,INGESTION_PIPELINE,SYSTEM,6 observations linked,
EVT-005191,IN-DL-110054-10-27,2026-07-01 11:00:00,CONFLICT_DETECTED,V1,V1,CONFLICT_ENGINE,SYSTEM,3 conflicts detected,
EVT-005192,IN-DL-110054-10-27,2026-07-08 14:00:00,MATCH_PROPOSED,V1,P1,MATCHING_ENGINE,SYSTEM,Cross-source match proposed,
EVT-005193,IN-DL-110054-10-27,2026-09-05 12:00:00,HUMAN_REVIEW,P1,P1,REVIEW_WORKSPACE,HUMAN_REVIEWER,Additional evidence requested,
EVT-005194,IN-DL-110054-10-28,2017-01-01 12:00:00,PARCEL_CREATED,,V1,CANONICAL_SEED,SYSTEM,Initial cadastral creation,
EVT-005195,IN-DL-110054-10-28,2026-06-20 09:00:00,SOURCE_IMPORTED,V1,V1,INGESTION_PIPELINE,SYSTEM,4 observations linked,
EVT-005196,IN-DL-110054-10-28,2026-07-01 11:00:00,CONFLICT_DETECTED,V1,V1,CONFLICT_ENGINE,SYSTEM,1 conflicts detected,
EVT-005197,IN-DL-110054-10-28,2026-07-08 14:00:00,MATCH_PROPOSED,V1,P1,MATCHING_ENGINE,SYSTEM,Cross-source match proposed,
EVT-005198,IN-DL-110054-10-28,2026-09-05 11:00:00,HUMAN_REVIEW,P1,P2,REVIEW_WORKSPACE,HUMAN_REVIEWER,Legal/operational conflict requires decision,
EVT-005199,IN-DL-110054-10-29,2018-01-01 12:00:00,PARCEL_CREATED,,V1,CANONICAL_SEED,SYSTEM,Initial cadastral creation,
EVT-005200,IN-DL-110054-10-29,2026-06-20 09:00:00,SOURCE_IMPORTED,V1,V1,INGESTION_PIPELINE,SYSTEM,4 observations linked,
EVT-005201,IN-DL-110054-10-29,2026-07-01 11:00:00,CONFLICT_DETECTED,V1,V1,CONFLICT_ENGINE,SYSTEM,1 conflicts detected,
EVT-005202,IN-DL-110054-10-29,2026-07-08 14:00:00,MATCH_PROPOSED,V1,P1,MATCHING_ENGINE,SYSTEM,Cross-source match proposed,
EVT-005203,IN-DL-110054-10-29,2026-08-06 10:00:00,EVIDENCE_ADDED,P1,P2,FIELD_SURVEY,SURVEYOR,GNSS/CORS evidence attached,
EVT-005204,IN-DL-110054-10-29,2026-09-05 11:00:00,HUMAN_REVIEW,P2,P2,REVIEW_WORKSPACE,HUMAN_REVIEWER,Legal/operational conflict requires decision,
EVT-005205,IN-DL-110054-10-30,2019-01-01 12:00:00,PARCEL_CREATED,,V1,CANONICAL_SEED,SYSTEM,Initial cadastral creation,
EVT-005206,IN-DL-110054-10-30,2026-06-20 09:00:00,SOURCE_IMPORTED,V1,V1,INGESTION_PIPELINE,SYSTEM,3 observations linked,
EVT-005207,IN-DL-110054-10-30,2026-07-01 11:00:00,CONFLICT_DETECTED,V1,V1,CONFLICT_ENGINE,SYSTEM,2 conflicts detected,
EVT-005208,IN-DL-110054-10-30,2026-07-08 14:00:00,MATCH_PROPOSED,V1,P1,MATCHING_ENGINE,SYSTEM,Cross-source match proposed,
EVT-005209,IN-DL-110054-10-30,2026-09-10 14:00:00,PROPOSAL_ACCEPTED,P1,V2,POLICY_GATE,AUTHORITY,Proposed state accepted,
EVT-005210,IN-DL-110054-10-30,2026-09-10 14:05:00,CANONICAL_STATE_UPDATED,V1,V2,CANONICAL_REGISTRY,SYSTEM,Authoritative state updated,
EVT-005211,IN-DL-110054-10-31,2020-01-01 12:00:00,PARCEL_CREATED,,V1,CANONICAL_SEED,SYSTEM,Initial cadastral creation,
EVT-005212,IN-DL-110054-10-31,2026-06-20 09:00:00,SOURCE_IMPORTED,V1,V1,INGESTION_PIPELINE,SYSTEM,4 observations linked,
EVT-005213,IN-DL-110054-10-31,2026-07-08 14:00:00,MATCH_PROPOSED,V1,P1,MATCHING_ENGINE,SYSTEM,Cross-source match proposed,
EVT-005214,IN-DL-110054-10-31,2026-09-10 14:00:00,PROPOSAL_ACCEPTED,P1,V2,POLICY_GATE,AUTHORITY,Proposed state accepted,
EVT-005215,IN-DL-110054-10-31,2026-09-10 14:05:00,CANONICAL_STATE_UPDATED,V1,V2,CANONICAL_REGISTRY,SYSTEM,Authoritative state updated,
EVT-005216,IN-DL-110054-10-32,2021-01-01 12:00:00,PARCEL_CREATED,,V1,CANONICAL_SEED,SYSTEM,Initial cadastral creation,
EVT-005217,IN-DL-110054-10-32,2026-06-20 09:00:00,SOURCE_IMPORTED,V1,V1,INGESTION_PIPELINE,SYSTEM,5 observations linked,
EVT-005218,IN-DL-110054-10-32,2026-07-01 11:00:00,CONFLICT_DETECTED,V1,V1,CONFLICT_ENGINE,SYSTEM,1 conflicts detected,
EVT-005219,IN-DL-110054-10-32,2026-07-08 14:00:00,MATCH_PROPOSED,V1,P1,MATCHING_ENGINE,SYSTEM,Cross-source match proposed,
EVT-005220,IN-DL-110054-10-32,2026-09-10 14:00:00,PROPOSAL_ACCEPTED,P1,V2,POLICY_GATE,AUTHORITY,Proposed state accepted,
EVT-005221,IN-DL-110054-10-32,2026-09-10 14:05:00,CANONICAL_STATE_UPDATED,V1,V2,CANONICAL_REGISTRY,SYSTEM,Authoritative state updated,
EVT-005222,IN-DL-110054-10-33,2022-01-01 12:00:00,PARCEL_CREATED,,V1,CANONICAL_SEED,SYSTEM,Initial cadastral creation,
EVT-005223,IN-DL-110054-10-33,2026-06-20 09:00:00,SOURCE_IMPORTED,V1,V1,INGESTION_PIPELINE,SYSTEM,6 observations linked,
EVT-005224,IN-DL-110054-10-33,2026-07-01 11:00:00,CONFLICT_DETECTED,V1,V1,CONFLICT_ENGINE,SYSTEM,1 conflicts detected,
EVT-005225,IN-DL-110054-10-33,2026-07-08 14:00:00,MATCH_PROPOSED,V1,P1,MATCHING_ENGINE,SYSTEM,Cross-source match proposed,
EVT-005226,IN-DL-110054-10-33,2026-09-10 14:00:00,PROPOSAL_ACCEPTED,P1,V2,POLICY_GATE,AUTHORITY,Proposed state accepted,
EVT-005227,IN-DL-110054-10-33,2026-09-10 14:05:00,CANONICAL_STATE_UPDATED,V1,V2,CANONICAL_REGISTRY,SYSTEM,Authoritative state updated,
EVT-005228,IN-DL-110054-10-34,2023-01-01 12:00:00,PARCEL_CREATED,,V1,CANONICAL_SEED,SYSTEM,Initial cadastral creation,
EVT-005229,IN-DL-110054-10-34,2026-06-20 09:00:00,SOURCE_IMPORTED,V1,V1,INGESTION_PIPELINE,SYSTEM,5 observations linked,
EVT-005230,IN-DL-110054-10-34,2026-07-01 11:00:00,CONFLICT_DETECTED,V1,V1,CONFLICT_ENGINE,SYSTEM,2 conflicts detected,
EVT-005231,IN-DL-110054-10-34,2026-07-08 14:00:00,MATCH_PROPOSED,V1,P1,MATCHING_ENGINE,SYSTEM,Cross-source match proposed,
EVT-005232,IN-DL-110054-10-34,2026-08-10 12:00:00,MUTATION_RECORDED,P1,V2_BAD,MUTATION_REGISTER,AUTHORITY,Incorrect mutation temporarily accepted,
EVT-005233,IN-DL-110054-10-34,2026-08-18 16:00:00,ROLLBACK,V2_BAD,V1,GEOGIT_AUDIT,AUTHORITY,Incorrect mutation rolled back,
EVT-005234,IN-DL-110054-10-34,2026-09-10 14:00:00,PROPOSAL_ACCEPTED,P1,V2,POLICY_GATE,AUTHORITY,Proposed state accepted,
EVT-005235,IN-DL-110054-10-34,2026-09-10 14:05:00,CANONICAL_STATE_UPDATED,V1,V2,CANONICAL_REGISTRY,SYSTEM,Authoritative state updated,
EVT-005236,IN-DL-110054-10-35,2017-01-01 12:00:00,PARCEL_CREATED,,V1,CANONICAL_SEED,SYSTEM,Initial cadastral creation,
EVT-005237,IN-DL-110054-10-35,2026-06-20 09:00:00,SOURCE_IMPORTED,V1,V1,INGESTION_PIPELINE,SYSTEM,5 observations linked,
EVT-005238,IN-DL-110054-10-35,2026-07-08 14:00:00,MATCH_PROPOSED,V1,P1,MATCHING_ENGINE,SYSTEM,Cross-source match proposed,
EVT-005239,IN-DL-110054-10-35,2026-09-10 14:00:00,PROPOSAL_ACCEPTED,P1,V2,POLICY_GATE,AUTHORITY,Proposed state accepted,
EVT-005240,IN-DL-110054-10-35,2026-09-10 14:05:00,CANONICAL_STATE_UPDATED,V1,V2,CANONICAL_REGISTRY,SYSTEM,Authoritative state updated,
EVT-005241,IN-DL-110054-10-36,2018-01-01 12:00:00,PARCEL_CREATED,,V1,CANONICAL_SEED,SYSTEM,Initial cadastral creation,
EVT-005242,IN-DL-110054-10-36,2026-06-20 09:00:00,SOURCE_IMPORTED,V1,V1,INGESTION_PIPELINE,SYSTEM,5 observations linked,
EVT-005243,IN-DL-110054-10-36,2026-07-01 11:00:00,CONFLICT_DETECTED,V1,V1,CONFLICT_ENGINE,SYSTEM,1 conflicts detected,
EVT-005244,IN-DL-110054-10-36,2026-07-08 14:00:00,MATCH_PROPOSED,V1,P1,MATCHING_ENGINE,SYSTEM,Cross-source match proposed,
EVT-005245,IN-DL-110054-10-36,2026-09-10 14:00:00,PROPOSAL_ACCEPTED,P1,V2,POLICY_GATE,AUTHORITY,Proposed state accepted,
EVT-005246,IN-DL-110054-10-36,2026-09-10 14:05:00,CANONICAL_STATE_UPDATED,V1,V2,CANONICAL_REGISTRY,SYSTEM,Authoritative state updated,
EVT-005247,IN-DL-110054-10-37,2019-01-01 12:00:00,PARCEL_CREATED,,V1,CANONICAL_SEED,SYSTEM,Initial cadastral creation,
EVT-005248,IN-DL-110054-10-37,2026-06-20 09:00:00,SOURCE_IMPORTED,V1,V1,INGESTION_PIPELINE,SYSTEM,4 observations linked,
EVT-005249,IN-DL-110054-10-37,2026-07-08 14:00:00,MATCH_PROPOSED,V1,P1,MATCHING_ENGINE,SYSTEM,Cross-source match proposed,
EVT-005250,IN-DL-110054-10-37,2026-09-10 14:00:00,PROPOSAL_ACCEPTED,P1,V2,POLICY_GATE,AUTHORITY,Proposed state accepted,
EVT-005251,IN-DL-110054-10-37,2026-09-10 14:05:00,CANONICAL_STATE_UPDATED,V1,V2,CANONICAL_REGISTRY,SYSTEM,Authoritative state updated,
EVT-005252,IN-DL-110054-10-38,2020-01-01 12:00:00,PARCEL_CREATED,,V1,CANONICAL_SEED,SYSTEM,Initial cadastral creation,
EVT-005253,IN-DL-110054-10-38,2026-06-20 09:00:00,SOURCE_IMPORTED,V1,V1,INGESTION_PIPELINE,SYSTEM,3 observations linked,
EVT-005254,IN-DL-110054-10-38,2026-07-08 14:00:00,MATCH_PROPOSED,V1,P1,MATCHING_ENGINE,SYSTEM,Cross-source match proposed,
EVT-005255,IN-DL-110054-10-38,2026-09-10 14:00:00,PROPOSAL_ACCEPTED,P1,V2,POLICY_GATE,AUTHORITY,Proposed state accepted,
EVT-005256,IN-DL-110054-10-38,2026-09-10 14:05:00,CANONICAL_STATE_UPDATED,V1,V2,CANONICAL_REGISTRY,SYSTEM,Authoritative state updated,
EVT-005257,IN-DL-110054-10-39,2021-01-01 12:00:00,PARCEL_CREATED,,V1,CANONICAL_SEED,SYSTEM,Initial cadastral creation,
EVT-005258,IN-DL-110054-10-39,2026-06-20 09:00:00,SOURCE_IMPORTED,V1,V1,INGESTION_PIPELINE,SYSTEM,3 observations linked,
EVT-005259,IN-DL-110054-10-39,2026-07-08 14:00:00,MATCH_PROPOSED,V1,P1,MATCHING_ENGINE,SYSTEM,Cross-source match proposed,
EVT-005260,IN-DL-110054-10-39,2026-09-10 14:00:00,PROPOSAL_ACCEPTED,P1,V2,POLICY_GATE,AUTHORITY,Proposed state accepted,
EVT-005261,IN-DL-110054-10-39,2026-09-10 14:05:00,CANONICAL_STATE_UPDATED,V1,V2,CANONICAL_REGISTRY,SYSTEM,Authoritative state updated,
EVT-005262,IN-DL-110054-10-40,2022-01-01 12:00:00,PARCEL_CREATED,,V1,CANONICAL_SEED,SYSTEM,Initial cadastral creation,
EVT-005263,IN-DL-110054-10-40,2026-06-20 09:00:00,SOURCE_IMPORTED,V1,V1,INGESTION_PIPELINE,SYSTEM,3 observations linked,
EVT-005264,IN-DL-110054-10-40,2026-07-01 11:00:00,CONFLICT_DETECTED,V1,V1,CONFLICT_ENGINE,SYSTEM,1 conflicts detected,
EVT-005265,IN-DL-110054-10-40,2026-07-08 14:00:00,MATCH_PROPOSED,V1,P1,MATCHING_ENGINE,SYSTEM,Cross-source match proposed,
EVT-005266,IN-DL-110054-10-40,2026-09-10 14:00:00,PROPOSAL_ACCEPTED,P1,V2,POLICY_GATE,AUTHORITY,Proposed state accepted,
EVT-005267,IN-DL-110054-10-40,2026-09-10 14:05:00,CANONICAL_STATE_UPDATED,V1,V2,CANONICAL_REGISTRY,SYSTEM,Authoritative state updated,
EVT-005268,IN-DL-110054-10-41,2023-01-01 12:00:00,PARCEL_CREATED,,V1,CANONICAL_SEED,SYSTEM,Initial cadastral creation,
EVT-005269,IN-DL-110054-10-41,2026-06-20 09:00:00,SOURCE_IMPORTED,V1,V1,INGESTION_PIPELINE,SYSTEM,4 observations linked,
EVT-005270,IN-DL-110054-10-41,2026-07-01 11:00:00,CONFLICT_DETECTED,V1,V1,CONFLICT_ENGINE,SYSTEM,1 conflicts detected,
EVT-005271,IN-DL-110054-10-41,2026-07-08 14:00:00,MATCH_PROPOSED,V1,P1,MATCHING_ENGINE,SYSTEM,Cross-source match proposed,
EVT-005272,IN-DL-110054-10-41,2026-09-05 12:00:00,HUMAN_REVIEW,P1,P1,REVIEW_WORKSPACE,HUMAN_REVIEWER,Additional evidence requested,
EVT-005273,IN-DL-110054-10-42,2017-01-01 12:00:00,PARCEL_CREATED,,V1,CANONICAL_SEED,SYSTEM,Initial cadastral creation,
EVT-005274,IN-DL-110054-10-42,2026-06-20 09:00:00,SOURCE_IMPORTED,V1,V1,INGESTION_PIPELINE,SYSTEM,5 observations linked,
EVT-005275,IN-DL-110054-10-42,2026-07-01 11:00:00,CONFLICT_DETECTED,V1,V1,CONFLICT_ENGINE,SYSTEM,1 conflicts detected,
EVT-005276,IN-DL-110054-10-42,2026-07-08 14:00:00,MATCH_PROPOSED,V1,P1,MATCHING_ENGINE,SYSTEM,Cross-source match proposed,
EVT-005277,IN-DL-110054-10-42,2026-09-10 14:00:00,PROPOSAL_ACCEPTED,P1,V2,POLICY_GATE,AUTHORITY,Proposed state accepted,
EVT-005278,IN-DL-110054-10-42,2026-09-10 14:05:00,CANONICAL_STATE_UPDATED,V1,V2,CANONICAL_REGISTRY,SYSTEM,Authoritative state updated,
EVT-005279,IN-DL-110054-10-43,2018-01-01 12:00:00,PARCEL_CREATED,,V1,CANONICAL_SEED,SYSTEM,Initial cadastral creation,
EVT-005280,IN-DL-110054-10-43,2026-06-20 09:00:00,SOURCE_IMPORTED,V1,V1,INGESTION_PIPELINE,SYSTEM,7 observations linked,
EVT-005281,IN-DL-110054-10-43,2026-07-01 11:00:00,CONFLICT_DETECTED,V1,V1,CONFLICT_ENGINE,SYSTEM,1 conflicts detected,
EVT-005282,IN-DL-110054-10-43,2026-07-08 14:00:00,MATCH_PROPOSED,V1,P1,MATCHING_ENGINE,SYSTEM,Cross-source match proposed,
EVT-005283,IN-DL-110054-10-43,2026-08-06 10:00:00,EVIDENCE_ADDED,P1,P2,FIELD_SURVEY,SURVEYOR,GNSS/CORS evidence attached,
EVT-005284,IN-DL-110054-10-43,2026-09-05 11:00:00,HUMAN_REVIEW,P2,P2,REVIEW_WORKSPACE,HUMAN_REVIEWER,Legal/operational conflict requires decision,
EVT-005285,IN-DL-110054-10-44,2019-01-01 12:00:00,PARCEL_CREATED,,V1,CANONICAL_SEED,SYSTEM,Initial cadastral creation,
EVT-005286,IN-DL-110054-10-44,2026-06-20 09:00:00,SOURCE_IMPORTED,V1,V1,INGESTION_PIPELINE,SYSTEM,6 observations linked,
EVT-005287,IN-DL-110054-10-44,2026-07-01 11:00:00,CONFLICT_DETECTED,V1,V1,CONFLICT_ENGINE,SYSTEM,1 conflicts detected,
EVT-005288,IN-DL-110054-10-44,2026-07-08 14:00:00,MATCH_PROPOSED,V1,P1,MATCHING_ENGINE,SYSTEM,Cross-source match proposed,
EVT-005289,IN-DL-110054-10-44,2026-08-06 10:00:00,EVIDENCE_ADDED,P1,P2,FIELD_SURVEY,SURVEYOR,GNSS/CORS evidence attached,
EVT-005290,IN-DL-110054-10-44,2026-09-05 11:00:00,HUMAN_REVIEW,P2,P2,REVIEW_WORKSPACE,HUMAN_REVIEWER,Legal/operational conflict requires decision,
EVT-005291,IN-DL-110054-10-45,2020-01-01 12:00:00,PARCEL_CREATED,,V1,CANONICAL_SEED,SYSTEM,Initial cadastral creation,
EVT-005292,IN-DL-110054-10-45,2026-06-20 09:00:00,SOURCE_IMPORTED,V1,V1,INGESTION_PIPELINE,SYSTEM,6 observations linked,
EVT-005293,IN-DL-110054-10-45,2026-07-01 11:00:00,CONFLICT_DETECTED,V1,V1,CONFLICT_ENGINE,SYSTEM,1 conflicts detected,
EVT-005294,IN-DL-110054-10-45,2026-07-08 14:00:00,MATCH_PROPOSED,V1,P1,MATCHING_ENGINE,SYSTEM,Cross-source match proposed,
EVT-005295,IN-DL-110054-10-45,2026-08-06 10:00:00,EVIDENCE_ADDED,P1,P2,FIELD_SURVEY,SURVEYOR,GNSS/CORS evidence attached,
EVT-005296,IN-DL-110054-10-45,2026-09-10 14:00:00,PROPOSAL_ACCEPTED,P2,V2,POLICY_GATE,AUTHORITY,Proposed state accepted,
EVT-005297,IN-DL-110054-10-45,2026-09-10 14:05:00,CANONICAL_STATE_UPDATED,V1,V2,CANONICAL_REGISTRY,SYSTEM,Authoritative state updated,
EVT-005298,IN-DL-110054-10-46,2021-01-01 12:00:00,PARCEL_CREATED,,V1,CANONICAL_SEED,SYSTEM,Initial cadastral creation,
EVT-005299,IN-DL-110054-10-46,2026-06-20 09:00:00,SOURCE_IMPORTED,V1,V1,INGESTION_PIPELINE,SYSTEM,6 observations linked,
EVT-005300,IN-DL-110054-10-46,2026-07-08 14:00:00,MATCH_PROPOSED,V1,P1,MATCHING_ENGINE,SYSTEM,Cross-source match proposed,
EVT-005301,IN-DL-110054-10-46,2026-08-06 10:00:00,EVIDENCE_ADDED,P1,P2,FIELD_SURVEY,SURVEYOR,GNSS/CORS evidence attached,
EVT-005302,IN-DL-110054-10-46,2026-09-10 14:00:00,PROPOSAL_ACCEPTED,P2,V2,POLICY_GATE,AUTHORITY,Proposed state accepted,
EVT-005303,IN-DL-110054-10-46,2026-09-10 14:05:00,CANONICAL_STATE_UPDATED,V1,V2,CANONICAL_REGISTRY,SYSTEM,Authoritative state updated,
EVT-005304,IN-DL-110054-10-47,2022-01-01 12:00:00,PARCEL_CREATED,,V1,CANONICAL_SEED,SYSTEM,Initial cadastral creation,
EVT-005305,IN-DL-110054-10-47,2026-06-20 09:00:00,SOURCE_IMPORTED,V1,V1,INGESTION_PIPELINE,SYSTEM,3 observations linked,
EVT-005306,IN-DL-110054-10-47,2026-07-01 11:00:00,CONFLICT_DETECTED,V1,V1,CONFLICT_ENGINE,SYSTEM,2 conflicts detected,
EVT-005307,IN-DL-110054-10-47,2026-07-08 14:00:00,MATCH_PROPOSED,V1,P1,MATCHING_ENGINE,SYSTEM,Cross-source match proposed,
EVT-005308,IN-DL-110054-10-47,2026-09-07 15:00:00,PROPOSAL_REJECTED,P1,V1,REVIEW_WORKSPACE,HUMAN_REVIEWER,Candidate match rejected,
EVT-005309,IN-DL-110054-10-48,2023-01-01 12:00:00,PARCEL_CREATED,,V1,CANONICAL_SEED,SYSTEM,Initial cadastral creation,
EVT-005310,IN-DL-110054-10-48,2026-06-20 09:00:00,SOURCE_IMPORTED,V1,V1,INGESTION_PIPELINE,SYSTEM,3 observations linked,
EVT-005311,IN-DL-110054-10-48,2026-07-01 11:00:00,CONFLICT_DETECTED,V1,V1,CONFLICT_ENGINE,SYSTEM,2 conflicts detected,
EVT-005312,IN-DL-110054-10-48,2026-07-08 14:00:00,MATCH_PROPOSED,V1,P1,MATCHING_ENGINE,SYSTEM,Cross-source match proposed,
EVT-005313,IN-DL-110054-10-48,2026-09-05 12:00:00,HUMAN_REVIEW,P1,P1,REVIEW_WORKSPACE,HUMAN_REVIEWER,Additional evidence requested,
EVT-005314,IN-DL-110054-10-49,2017-01-01 12:00:00,PARCEL_CREATED,,V1,CANONICAL_SEED,SYSTEM,Initial cadastral creation,
EVT-005315,IN-DL-110054-10-49,2026-06-20 09:00:00,SOURCE_IMPORTED,V1,V1,INGESTION_PIPELINE,SYSTEM,4 observations linked,
EVT-005316,IN-DL-110054-10-49,2026-07-08 14:00:00,MATCH_PROPOSED,V1,P1,MATCHING_ENGINE,SYSTEM,Cross-source match proposed,
EVT-005317,IN-DL-110054-10-49,2026-09-10 14:00:00,PROPOSAL_ACCEPTED,P1,V2,POLICY_GATE,AUTHORITY,Proposed state accepted,
EVT-005318,IN-DL-110054-10-49,2026-09-10 14:05:00,CANONICAL_STATE_UPDATED,V1,V2,CANONICAL_REGISTRY,SYSTEM,Authoritative state updated,
EVT-005319,IN-DL-110054-10-50,2018-01-01 12:00:00,PARCEL_CREATED,,V1,CANONICAL_SEED,SYSTEM,Initial cadastral creation,
EVT-005320,IN-DL-110054-10-50,2026-06-20 09:00:00,SOURCE_IMPORTED,V1,V1,INGESTION_PIPELINE,SYSTEM,4 observations linked,
EVT-005321,IN-DL-110054-10-50,2026-07-01 11:00:00,CONFLICT_DETECTED,V1,V1,CONFLICT_ENGINE,SYSTEM,2 conflicts detected,
EVT-005322,IN-DL-110054-10-50,2026-07-08 14:00:00,MATCH_PROPOSED,V1,P1,MATCHING_ENGINE,SYSTEM,Cross-source match proposed,
EVT-005323,IN-DL-110054-10-50,2026-08-06 10:00:00,EVIDENCE_ADDED,P1,P2,FIELD_SURVEY,SURVEYOR,GNSS/CORS evidence attached,
EVT-005324,IN-DL-110054-10-50,2026-09-05 11:00:00,HUMAN_REVIEW,P2,P2,REVIEW_WORKSPACE,HUMAN_REVIEWER,Legal/operational conflict requires decision,
EVT-005325,IN-DL-110054-10-51,2019-01-01 12:00:00,PARCEL_CREATED,,V1,CANONICAL_SEED,SYSTEM,Initial cadastral creation,
EVT-005326,IN-DL-110054-10-51,2026-06-20 09:00:00,SOURCE_IMPORTED,V1,V1,INGESTION_PIPELINE,SYSTEM,5 observations linked,
EVT-005327,IN-DL-110054-10-51,2026-07-08 14:00:00,MATCH_PROPOSED,V1,P1,MATCHING_ENGINE,SYSTEM,Cross-source match proposed,
EVT-005328,IN-DL-110054-10-51,2026-08-06 10:00:00,EVIDENCE_ADDED,P1,P2,FIELD_SURVEY,SURVEYOR,GNSS/CORS evidence attached,
EVT-005329,IN-DL-110054-10-51,2026-09-10 14:00:00,PROPOSAL_ACCEPTED,P2,V2,POLICY_GATE,AUTHORITY,Proposed state accepted,
EVT-005330,IN-DL-110054-10-51,2026-09-10 14:05:00,CANONICAL_STATE_UPDATED,V1,V2,CANONICAL_REGISTRY,SYSTEM,Authoritative state updated,
EVT-005331,IN-DL-110054-10-52,2020-01-01 12:00:00,PARCEL_CREATED,,V1,CANONICAL_SEED,SYSTEM,Initial cadastral creation,
EVT-005332,IN-DL-110054-10-52,2026-06-20 09:00:00,SOURCE_IMPORTED,V1,V1,INGESTION_PIPELINE,SYSTEM,5 observations linked,
EVT-005333,IN-DL-110054-10-52,2026-07-08 14:00:00,MATCH_PROPOSED,V1,P1,MATCHING_ENGINE,SYSTEM,Cross-source match proposed,
EVT-005334,IN-DL-110054-10-52,2026-08-06 10:00:00,EVIDENCE_ADDED,P1,P2,FIELD_SURVEY,SURVEYOR,GNSS/CORS evidence attached,
EVT-005335,IN-DL-110054-10-52,2026-09-10 14:00:00,PROPOSAL_ACCEPTED,P2,V2,POLICY_GATE,AUTHORITY,Proposed state accepted,
EVT-005336,IN-DL-110054-10-52,2026-09-10 14:05:00,CANONICAL_STATE_UPDATED,V1,V2,CANONICAL_REGISTRY,SYSTEM,Authoritative state updated,
EVT-005337,IN-DL-110054-10-53,2021-01-01 12:00:00,PARCEL_CREATED,,V1,CANONICAL_SEED,SYSTEM,Initial cadastral creation,
EVT-005338,IN-DL-110054-10-53,2026-06-20 09:00:00,SOURCE_IMPORTED,V1,V1,INGESTION_PIPELINE,SYSTEM,5 observations linked,
EVT-005339,IN-DL-110054-10-53,2026-07-08 14:00:00,MATCH_PROPOSED,V1,P1,MATCHING_ENGINE,SYSTEM,Cross-source match proposed,
EVT-005340,IN-DL-110054-10-53,2026-09-10 14:00:00,PROPOSAL_ACCEPTED,P1,V2,POLICY_GATE,AUTHORITY,Proposed state accepted,
EVT-005341,IN-DL-110054-10-53,2026-09-10 14:05:00,CANONICAL_STATE_UPDATED,V1,V2,CANONICAL_REGISTRY,SYSTEM,Authoritative state updated,
EVT-005342,IN-DL-110054-10-54,2022-01-01 12:00:00,PARCEL_CREATED,,V1,CANONICAL_SEED,SYSTEM,Initial cadastral creation,
EVT-005343,IN-DL-110054-10-54,2026-06-20 09:00:00,SOURCE_IMPORTED,V1,V1,INGESTION_PIPELINE,SYSTEM,4 observations linked,
EVT-005344,IN-DL-110054-10-54,2026-07-01 11:00:00,CONFLICT_DETECTED,V1,V1,CONFLICT_ENGINE,SYSTEM,1 conflicts detected,
EVT-005345,IN-DL-110054-10-54,2026-07-08 14:00:00,MATCH_PROPOSED,V1,P1,MATCHING_ENGINE,SYSTEM,Cross-source match proposed,
EVT-005346,IN-DL-110054-10-54,2026-09-05 12:00:00,HUMAN_REVIEW,P1,P1,REVIEW_WORKSPACE,HUMAN_REVIEWER,Additional evidence requested,
EVT-005347,IN-DL-110054-10-55,2023-01-01 12:00:00,PARCEL_CREATED,,V1,CANONICAL_SEED,SYSTEM,Initial cadastral creation,
EVT-005348,IN-DL-110054-10-55,2026-06-20 09:00:00,SOURCE_IMPORTED,V1,V1,INGESTION_PIPELINE,SYSTEM,4 observations linked,
EVT-005349,IN-DL-110054-10-55,2026-07-08 14:00:00,MATCH_PROPOSED,V1,P1,MATCHING_ENGINE,SYSTEM,Cross-source match proposed,
EVT-005350,IN-DL-110054-10-55,2026-08-06 10:00:00,EVIDENCE_ADDED,P1,P2,FIELD_SURVEY,SURVEYOR,GNSS/CORS evidence attached,
EVT-005351,IN-DL-110054-10-55,2026-09-10 14:00:00,PROPOSAL_ACCEPTED,P2,V2,POLICY_GATE,AUTHORITY,Proposed state accepted,
EVT-005352,IN-DL-110054-10-55,2026-09-10 14:05:00,CANONICAL_STATE_UPDATED,V1,V2,CANONICAL_REGISTRY,SYSTEM,Authoritative state updated,
EVT-005353,IN-DL-110054-10-56,2017-01-01 12:00:00,PARCEL_CREATED,,V1,CANONICAL_SEED,SYSTEM,Initial cadastral creation,
EVT-005354,IN-DL-110054-10-56,2026-06-20 09:00:00,SOURCE_IMPORTED,V1,V1,INGESTION_PIPELINE,SYSTEM,4 observations linked,
EVT-005355,IN-DL-110054-10-56,2026-07-01 11:00:00,CONFLICT_DETECTED,V1,V1,CONFLICT_ENGINE,SYSTEM,1 conflicts detected,
EVT-005356,IN-DL-110054-10-56,2026-07-08 14:00:00,MATCH_PROPOSED,V1,P1,MATCHING_ENGINE,SYSTEM,Cross-source match proposed,
EVT-005357,IN-DL-110054-10-56,2026-08-06 10:00:00,EVIDENCE_ADDED,P1,P2,FIELD_SURVEY,SURVEYOR,GNSS/CORS evidence attached,
EVT-005358,IN-DL-110054-10-56,2026-09-05 12:00:00,HUMAN_REVIEW,P2,P2,REVIEW_WORKSPACE,HUMAN_REVIEWER,Additional evidence requested,
EVT-005359,IN-DL-110054-10-57,2018-01-01 12:00:00,PARCEL_CREATED,,V1,CANONICAL_SEED,SYSTEM,Initial cadastral creation,
EVT-005360,IN-DL-110054-10-57,2026-06-20 09:00:00,SOURCE_IMPORTED,V1,V1,INGESTION_PIPELINE,SYSTEM,4 observations linked,
EVT-005361,IN-DL-110054-10-57,2026-07-08 14:00:00,MATCH_PROPOSED,V1,P1,MATCHING_ENGINE,SYSTEM,Cross-source match proposed,
EVT-005362,IN-DL-110054-10-57,2026-09-10 14:00:00,PROPOSAL_ACCEPTED,P1,V2,POLICY_GATE,AUTHORITY,Proposed state accepted,
EVT-005363,IN-DL-110054-10-57,2026-09-10 14:05:00,CANONICAL_STATE_UPDATED,V1,V2,CANONICAL_REGISTRY,SYSTEM,Authoritative state updated,
EVT-005364,IN-DL-110054-10-58,2019-01-01 12:00:00,PARCEL_CREATED,,V1,CANONICAL_SEED,SYSTEM,Initial cadastral creation,
EVT-005365,IN-DL-110054-10-58,2026-06-20 09:00:00,SOURCE_IMPORTED,V1,V1,INGESTION_PIPELINE,SYSTEM,4 observations linked,
EVT-005366,IN-DL-110054-10-58,2026-07-08 14:00:00,MATCH_PROPOSED,V1,P1,MATCHING_ENGINE,SYSTEM,Cross-source match proposed,
EVT-005367,IN-DL-110054-10-58,2026-09-10 14:00:00,PROPOSAL_ACCEPTED,P1,V2,POLICY_GATE,AUTHORITY,Proposed state accepted,
EVT-005368,IN-DL-110054-10-58,2026-09-10 14:05:00,CANONICAL_STATE_UPDATED,V1,V2,CANONICAL_REGISTRY,SYSTEM,Authoritative state updated,
EVT-005369,IN-DL-110054-10-59,2020-01-01 12:00:00,PARCEL_CREATED,,V1,CANONICAL_SEED,SYSTEM,Initial cadastral creation,
EVT-005370,IN-DL-110054-10-59,2026-06-20 09:00:00,SOURCE_IMPORTED,V1,V1,INGESTION_PIPELINE,SYSTEM,4 observations linked,
EVT-005371,IN-DL-110054-10-59,2026-07-01 11:00:00,CONFLICT_DETECTED,V1,V1,CONFLICT_ENGINE,SYSTEM,1 conflicts detected,
EVT-005372,IN-DL-110054-10-59,2026-07-08 14:00:00,MATCH_PROPOSED,V1,P1,MATCHING_ENGINE,SYSTEM,Cross-source match proposed,
EVT-005373,IN-DL-110054-10-59,2026-09-10 14:00:00,PROPOSAL_ACCEPTED,P1,V2,POLICY_GATE,AUTHORITY,Proposed state accepted,
EVT-005374,IN-DL-110054-10-59,2026-09-10 14:05:00,CANONICAL_STATE_UPDATED,V1,V2,CANONICAL_REGISTRY,SYSTEM,Authoritative state updated,
EVT-005375,IN-DL-110054-10-60,2021-01-01 12:00:00,PARCEL_CREATED,,V1,CANONICAL_SEED,SYSTEM,Initial cadastral creation,
EVT-005376,IN-DL-110054-10-60,2026-06-20 09:00:00,SOURCE_IMPORTED,V1,V1,INGESTION_PIPELINE,SYSTEM,5 observations linked,
EVT-005377,IN-DL-110054-10-60,2026-07-01 11:00:00,CONFLICT_DETECTED,V1,V1,CONFLICT_ENGINE,SYSTEM,4 conflicts detected,
EVT-005378,IN-DL-110054-10-60,2026-07-08 14:00:00,MATCH_PROPOSED,V1,P1,MATCHING_ENGINE,SYSTEM,Cross-source match proposed,
EVT-005379,IN-DL-110054-10-60,2026-08-06 10:00:00,EVIDENCE_ADDED,P1,P2,FIELD_SURVEY,SURVEYOR,GNSS/CORS evidence attached,
EVT-005380,IN-DL-110054-10-60,2026-09-05 11:00:00,HUMAN_REVIEW,P2,P2,REVIEW_WORKSPACE,HUMAN_REVIEWER,Legal/operational conflict requires decision,
EVT-005381,IN-DL-110054-10-61,2022-01-01 12:00:00,PARCEL_CREATED,,V1,CANONICAL_SEED,SYSTEM,Initial cadastral creation,
EVT-005382,IN-DL-110054-10-61,2026-06-20 09:00:00,SOURCE_IMPORTED,V1,V1,INGESTION_PIPELINE,SYSTEM,5 observations linked,
EVT-005383,IN-DL-110054-10-61,2026-07-01 11:00:00,CONFLICT_DETECTED,V1,V1,CONFLICT_ENGINE,SYSTEM,1 conflicts detected,
EVT-005384,IN-DL-110054-10-61,2026-07-08 14:00:00,MATCH_PROPOSED,V1,P1,MATCHING_ENGINE,SYSTEM,Cross-source match proposed,
EVT-005385,IN-DL-110054-10-61,2026-08-06 10:00:00,EVIDENCE_ADDED,P1,P2,FIELD_SURVEY,SURVEYOR,GNSS/CORS evidence attached,
EVT-005386,IN-DL-110054-10-61,2026-09-07 15:00:00,PROPOSAL_REJECTED,P2,V1,REVIEW_WORKSPACE,HUMAN_REVIEWER,Candidate match rejected,
EVT-005387,IN-DL-110054-10-62,2023-01-01 12:00:00,PARCEL_CREATED,,V1,CANONICAL_SEED,SYSTEM,Initial cadastral creation,
EVT-005388,IN-DL-110054-10-62,2026-06-20 09:00:00,SOURCE_IMPORTED,V1,V1,INGESTION_PIPELINE,SYSTEM,4 observations linked,
EVT-005389,IN-DL-110054-10-62,2026-07-08 14:00:00,MATCH_PROPOSED,V1,P1,MATCHING_ENGINE,SYSTEM,Cross-source match proposed,
EVT-005390,IN-DL-110054-10-62,2026-09-10 14:00:00,PROPOSAL_ACCEPTED,P1,V2,POLICY_GATE,AUTHORITY,Proposed state accepted,
EVT-005391,IN-DL-110054-10-62,2026-09-10 14:05:00,CANONICAL_STATE_UPDATED,V1,V2,CANONICAL_REGISTRY,SYSTEM,Authoritative state updated,
EVT-005392,IN-DL-110054-10-63,2017-01-01 12:00:00,PARCEL_CREATED,,V1,CANONICAL_SEED,SYSTEM,Initial cadastral creation,
EVT-005393,IN-DL-110054-10-63,2026-06-20 09:00:00,SOURCE_IMPORTED,V1,V1,INGESTION_PIPELINE,SYSTEM,3 observations linked,
EVT-005394,IN-DL-110054-10-63,2026-07-01 11:00:00,CONFLICT_DETECTED,V1,V1,CONFLICT_ENGINE,SYSTEM,1 conflicts detected,
EVT-005395,IN-DL-110054-10-63,2026-07-08 14:00:00,MATCH_PROPOSED,V1,P1,MATCHING_ENGINE,SYSTEM,Cross-source match proposed,
EVT-005396,IN-DL-110054-10-63,2026-09-05 11:00:00,HUMAN_REVIEW,P1,P2,REVIEW_WORKSPACE,HUMAN_REVIEWER,Legal/operational conflict requires decision,
EVT-005397,IN-DL-110054-10-64,2018-01-01 12:00:00,PARCEL_CREATED,,V1,CANONICAL_SEED,SYSTEM,Initial cadastral creation,
EVT-005398,IN-DL-110054-10-64,2026-06-20 09:00:00,SOURCE_IMPORTED,V1,V1,INGESTION_PIPELINE,SYSTEM,6 observations linked,
EVT-005399,IN-DL-110054-10-64,2026-07-08 14:00:00,MATCH_PROPOSED,V1,P1,MATCHING_ENGINE,SYSTEM,Cross-source match proposed,
EVT-005400,IN-DL-110054-10-64,2026-09-10 14:00:00,PROPOSAL_ACCEPTED,P1,V2,POLICY_GATE,AUTHORITY,Proposed state accepted,
EVT-005401,IN-DL-110054-10-64,2026-09-10 14:05:00,CANONICAL_STATE_UPDATED,V1,V2,CANONICAL_REGISTRY,SYSTEM,Authoritative state updated,
EVT-005402,IN-DL-110054-10-65,2019-01-01 12:00:00,PARCEL_CREATED,,V1,CANONICAL_SEED,SYSTEM,Initial cadastral creation,
EVT-005403,IN-DL-110054-10-65,2026-06-20 09:00:00,SOURCE_IMPORTED,V1,V1,INGESTION_PIPELINE,SYSTEM,5 observations linked,
EVT-005404,IN-DL-110054-10-65,2026-07-08 14:00:00,MATCH_PROPOSED,V1,P1,MATCHING_ENGINE,SYSTEM,Cross-source match proposed,
EVT-005405,IN-DL-110054-10-65,2026-09-10 14:00:00,PROPOSAL_ACCEPTED,P1,V2,POLICY_GATE,AUTHORITY,Proposed state accepted,
EVT-005406,IN-DL-110054-10-65,2026-09-10 14:05:00,CANONICAL_STATE_UPDATED,V1,V2,CANONICAL_REGISTRY,SYSTEM,Authoritative state updated,
EVT-005407,IN-DL-110054-10-66,2020-01-01 12:00:00,PARCEL_CREATED,,V1,CANONICAL_SEED,SYSTEM,Initial cadastral creation,
EVT-005408,IN-DL-110054-10-66,2026-06-20 09:00:00,SOURCE_IMPORTED,V1,V1,INGESTION_PIPELINE,SYSTEM,6 observations linked,
EVT-005409,IN-DL-110054-10-66,2026-07-01 11:00:00,CONFLICT_DETECTED,V1,V1,CONFLICT_ENGINE,SYSTEM,1 conflicts detected,
EVT-005410,IN-DL-110054-10-66,2026-07-08 14:00:00,MATCH_PROPOSED,V1,P1,MATCHING_ENGINE,SYSTEM,Cross-source match proposed,
EVT-005411,IN-DL-110054-10-66,2026-08-06 10:00:00,EVIDENCE_ADDED,P1,P2,FIELD_SURVEY,SURVEYOR,GNSS/CORS evidence attached,
EVT-005412,IN-DL-110054-10-66,2026-09-05 11:00:00,HUMAN_REVIEW,P2,P2,REVIEW_WORKSPACE,HUMAN_REVIEWER,Legal/operational conflict requires decision,
EVT-005413,IN-DL-110054-10-67,2021-01-01 12:00:00,PARCEL_CREATED,,V1,CANONICAL_SEED,SYSTEM,Initial cadastral creation,
EVT-005414,IN-DL-110054-10-67,2026-06-20 09:00:00,SOURCE_IMPORTED,V1,V1,INGESTION_PIPELINE,SYSTEM,6 observations linked,
EVT-005415,IN-DL-110054-10-67,2026-07-08 14:00:00,MATCH_PROPOSED,V1,P1,MATCHING_ENGINE,SYSTEM,Cross-source match proposed,
EVT-005416,IN-DL-110054-10-67,2026-08-06 10:00:00,EVIDENCE_ADDED,P1,P2,FIELD_SURVEY,SURVEYOR,GNSS/CORS evidence attached,
EVT-005417,IN-DL-110054-10-67,2026-09-10 14:00:00,PROPOSAL_ACCEPTED,P2,V2,POLICY_GATE,AUTHORITY,Proposed state accepted,
EVT-005418,IN-DL-110054-10-67,2026-09-10 14:05:00,CANONICAL_STATE_UPDATED,V1,V2,CANONICAL_REGISTRY,SYSTEM,Authoritative state updated,
EVT-005419,IN-DL-110054-10-68,2022-01-01 12:00:00,PARCEL_CREATED,,V1,CANONICAL_SEED,SYSTEM,Initial cadastral creation,
EVT-005420,IN-DL-110054-10-68,2026-06-20 09:00:00,SOURCE_IMPORTED,V1,V1,INGESTION_PIPELINE,SYSTEM,4 observations linked,
EVT-005421,IN-DL-110054-10-68,2026-07-08 14:00:00,MATCH_PROPOSED,V1,P1,MATCHING_ENGINE,SYSTEM,Cross-source match proposed,
EVT-005422,IN-DL-110054-10-68,2026-09-10 14:00:00,PROPOSAL_ACCEPTED,P1,V2,POLICY_GATE,AUTHORITY,Proposed state accepted,
EVT-005423,IN-DL-110054-10-68,2026-09-10 14:05:00,CANONICAL_STATE_UPDATED,V1,V2,CANONICAL_REGISTRY,SYSTEM,Authoritative state updated,
EVT-005424,IN-DL-110054-10-69,2023-01-01 12:00:00,PARCEL_CREATED,,V1,CANONICAL_SEED,SYSTEM,Initial cadastral creation,
EVT-005425,IN-DL-110054-10-69,2026-06-20 09:00:00,SOURCE_IMPORTED,V1,V1,INGESTION_PIPELINE,SYSTEM,4 observations linked,
EVT-005426,IN-DL-110054-10-69,2026-07-08 14:00:00,MATCH_PROPOSED,V1,P1,MATCHING_ENGINE,SYSTEM,Cross-source match proposed,
EVT-005427,IN-DL-110054-10-69,2026-09-10 14:00:00,PROPOSAL_ACCEPTED,P1,V2,POLICY_GATE,AUTHORITY,Proposed state accepted,
EVT-005428,IN-DL-110054-10-69,2026-09-10 14:05:00,CANONICAL_STATE_UPDATED,V1,V2,CANONICAL_REGISTRY,SYSTEM,Authoritative state updated,
EVT-005429,IN-DL-110054-10-70,2017-01-01 12:00:00,PARCEL_CREATED,,V1,CANONICAL_SEED,SYSTEM,Initial cadastral creation,
EVT-005430,IN-DL-110054-10-70,2026-06-20 09:00:00,SOURCE_IMPORTED,V1,V1,INGESTION_PIPELINE,SYSTEM,3 observations linked,
EVT-005431,IN-DL-110054-10-70,2026-07-01 11:00:00,CONFLICT_DETECTED,V1,V1,CONFLICT_ENGINE,SYSTEM,1 conflicts detected,
EVT-005432,IN-DL-110054-10-70,2026-07-08 14:00:00,MATCH_PROPOSED,V1,P1,MATCHING_ENGINE,SYSTEM,Cross-source match proposed,
EVT-005433,IN-DL-110054-10-70,2026-09-10 14:00:00,PROPOSAL_ACCEPTED,P1,V2,POLICY_GATE,AUTHORITY,Proposed state accepted,
EVT-005434,IN-DL-110054-10-70,2026-09-10 14:05:00,CANONICAL_STATE_UPDATED,V1,V2,CANONICAL_REGISTRY,SYSTEM,Authoritative state updated,
EVT-005435,IN-DL-110054-10-71,2018-01-01 12:00:00,PARCEL_CREATED,,V1,CANONICAL_SEED,SYSTEM,Initial cadastral creation,
EVT-005436,IN-DL-110054-10-71,2026-06-20 09:00:00,SOURCE_IMPORTED,V1,V1,INGESTION_PIPELINE,SYSTEM,6 observations linked,
EVT-005437,IN-DL-110054-10-71,2026-07-01 11:00:00,CONFLICT_DETECTED,V1,V1,CONFLICT_ENGINE,SYSTEM,1 conflicts detected,
EVT-005438,IN-DL-110054-10-71,2026-07-08 14:00:00,MATCH_PROPOSED,V1,P1,MATCHING_ENGINE,SYSTEM,Cross-source match proposed,
EVT-005439,IN-DL-110054-10-71,2026-08-06 10:00:00,EVIDENCE_ADDED,P1,P2,FIELD_SURVEY,SURVEYOR,GNSS/CORS evidence attached,
EVT-005440,IN-DL-110054-10-71,2026-09-10 14:00:00,PROPOSAL_ACCEPTED,P2,V2,POLICY_GATE,AUTHORITY,Proposed state accepted,
EVT-005441,IN-DL-110054-10-71,2026-09-10 14:05:00,CANONICAL_STATE_UPDATED,V1,V2,CANONICAL_REGISTRY,SYSTEM,Authoritative state updated,
EVT-005442,IN-DL-110054-10-72,2019-01-01 12:00:00,PARCEL_CREATED,,V1,CANONICAL_SEED,SYSTEM,Initial cadastral creation,
EVT-005443,IN-DL-110054-10-72,2026-06-20 09:00:00,SOURCE_IMPORTED,V1,V1,INGESTION_PIPELINE,SYSTEM,6 observations linked,
EVT-005444,IN-DL-110054-10-72,2026-07-01 11:00:00,CONFLICT_DETECTED,V1,V1,CONFLICT_ENGINE,SYSTEM,3 conflicts detected,
EVT-005445,IN-DL-110054-10-72,2026-07-08 14:00:00,MATCH_PROPOSED,V1,P1,MATCHING_ENGINE,SYSTEM,Cross-source match proposed,
EVT-005446,IN-DL-110054-10-72,2026-08-06 10:00:00,EVIDENCE_ADDED,P1,P2,FIELD_SURVEY,SURVEYOR,GNSS/CORS evidence attached,
EVT-005447,IN-DL-110054-10-72,2026-09-05 11:00:00,HUMAN_REVIEW,P2,P2,REVIEW_WORKSPACE,HUMAN_REVIEWER,Legal/operational conflict requires decision,
EVT-005448,IN-DL-110054-10-73,2020-01-01 12:00:00,PARCEL_CREATED,,V1,CANONICAL_SEED,SYSTEM,Initial cadastral creation,
EVT-005449,IN-DL-110054-10-73,2026-06-20 09:00:00,SOURCE_IMPORTED,V1,V1,INGESTION_PIPELINE,SYSTEM,4 observations linked,
EVT-005450,IN-DL-110054-10-73,2026-07-01 11:00:00,CONFLICT_DETECTED,V1,V1,CONFLICT_ENGINE,SYSTEM,1 conflicts detected,
EVT-005451,IN-DL-110054-10-73,2026-07-08 14:00:00,MATCH_PROPOSED,V1,P1,MATCHING_ENGINE,SYSTEM,Cross-source match proposed,
EVT-005452,IN-DL-110054-10-73,2026-09-05 12:00:00,HUMAN_REVIEW,P1,P1,REVIEW_WORKSPACE,HUMAN_REVIEWER,Additional evidence requested,
EVT-005453,IN-DL-110054-10-74,2021-01-01 12:00:00,PARCEL_CREATED,,V1,CANONICAL_SEED,SYSTEM,Initial cadastral creation,
EVT-005454,IN-DL-110054-10-74,2026-06-20 09:00:00,SOURCE_IMPORTED,V1,V1,INGESTION_PIPELINE,SYSTEM,5 observations linked,
EVT-005455,IN-DL-110054-10-74,2026-07-08 14:00:00,MATCH_PROPOSED,V1,P1,MATCHING_ENGINE,SYSTEM,Cross-source match proposed,
EVT-005456,IN-DL-110054-10-74,2026-09-10 14:00:00,PROPOSAL_ACCEPTED,P1,V2,POLICY_GATE,AUTHORITY,Proposed state accepted,
EVT-005457,IN-DL-110054-10-74,2026-09-10 14:05:00,CANONICAL_STATE_UPDATED,V1,V2,CANONICAL_REGISTRY,SYSTEM,Authoritative state updated,
EVT-005458,IN-DL-110054-10-75,2022-01-01 12:00:00,PARCEL_CREATED,,V1,CANONICAL_SEED,SYSTEM,Initial cadastral creation,
EVT-005459,IN-DL-110054-10-75,2026-06-20 09:00:00,SOURCE_IMPORTED,V1,V1,INGESTION_PIPELINE,SYSTEM,5 observations linked,
EVT-005460,IN-DL-110054-10-75,2026-07-01 11:00:00,CONFLICT_DETECTED,V1,V1,CONFLICT_ENGINE,SYSTEM,1 conflicts detected,
EVT-005461,IN-DL-110054-10-75,2026-07-08 14:00:00,MATCH_PROPOSED,V1,P1,MATCHING_ENGINE,SYSTEM,Cross-source match proposed,
EVT-005462,IN-DL-110054-10-75,2026-09-10 14:00:00,PROPOSAL_ACCEPTED,P1,V2,POLICY_GATE,AUTHORITY,Proposed state accepted,
EVT-005463,IN-DL-110054-10-75,2026-09-10 14:05:00,CANONICAL_STATE_UPDATED,V1,V2,CANONICAL_REGISTRY,SYSTEM,Authoritative state updated,
EVT-005464,IN-DL-110054-10-76,2023-01-01 12:00:00,PARCEL_CREATED,,V1,CANONICAL_SEED,SYSTEM,Initial cadastral creation,
EVT-005465,IN-DL-110054-10-76,2026-06-20 09:00:00,SOURCE_IMPORTED,V1,V1,INGESTION_PIPELINE,SYSTEM,6 observations linked,
EVT-005466,IN-DL-110054-10-76,2026-07-01 11:00:00,CONFLICT_DETECTED,V1,V1,CONFLICT_ENGINE,SYSTEM,1 conflicts detected,
EVT-005467,IN-DL-110054-10-76,2026-07-08 14:00:00,MATCH_PROPOSED,V1,P1,MATCHING_ENGINE,SYSTEM,Cross-source match proposed,
EVT-005468,IN-DL-110054-10-76,2026-08-06 10:00:00,EVIDENCE_ADDED,P1,P2,FIELD_SURVEY,SURVEYOR,GNSS/CORS evidence attached,
EVT-005469,IN-DL-110054-10-76,2026-09-10 14:00:00,PROPOSAL_ACCEPTED,P2,V2,POLICY_GATE,AUTHORITY,Proposed state accepted,
EVT-005470,IN-DL-110054-10-76,2026-09-10 14:05:00,CANONICAL_STATE_UPDATED,V1,V2,CANONICAL_REGISTRY,SYSTEM,Authoritative state updated,
EVT-005471,IN-DL-110054-10-77,2017-01-01 12:00:00,PARCEL_CREATED,,V1,CANONICAL_SEED,SYSTEM,Initial cadastral creation,
EVT-005472,IN-DL-110054-10-77,2026-06-20 09:00:00,SOURCE_IMPORTED,V1,V1,INGESTION_PIPELINE,SYSTEM,3 observations linked,
EVT-005473,IN-DL-110054-10-77,2026-07-08 14:00:00,MATCH_PROPOSED,V1,P1,MATCHING_ENGINE,SYSTEM,Cross-source match proposed,
EVT-005474,IN-DL-110054-10-77,2026-09-10 14:00:00,PROPOSAL_ACCEPTED,P1,V2,POLICY_GATE,AUTHORITY,Proposed state accepted,
EVT-005475,IN-DL-110054-10-77,2026-09-10 14:05:00,CANONICAL_STATE_UPDATED,V1,V2,CANONICAL_REGISTRY,SYSTEM,Authoritative state updated,
EVT-005476,IN-DL-110054-10-78,2018-01-01 12:00:00,PARCEL_CREATED,,V1,CANONICAL_SEED,SYSTEM,Initial cadastral creation,
EVT-005477,IN-DL-110054-10-78,2026-06-20 09:00:00,SOURCE_IMPORTED,V1,V1,INGESTION_PIPELINE,SYSTEM,4 observations linked,
EVT-005478,IN-DL-110054-10-78,2026-07-08 14:00:00,MATCH_PROPOSED,V1,P1,MATCHING_ENGINE,SYSTEM,Cross-source match proposed,
EVT-005479,IN-DL-110054-10-78,2026-09-10 14:00:00,PROPOSAL_ACCEPTED,P1,V2,POLICY_GATE,AUTHORITY,Proposed state accepted,
EVT-005480,IN-DL-110054-10-78,2026-09-10 14:05:00,CANONICAL_STATE_UPDATED,V1,V2,CANONICAL_REGISTRY,SYSTEM,Authoritative state updated,
EVT-005481,IN-DL-110054-10-79,2019-01-01 12:00:00,PARCEL_CREATED,,V1,CANONICAL_SEED,SYSTEM,Initial cadastral creation,
EVT-005482,IN-DL-110054-10-79,2026-06-20 09:00:00,SOURCE_IMPORTED,V1,V1,INGESTION_PIPELINE,SYSTEM,3 observations linked,
EVT-005483,IN-DL-110054-10-79,2026-07-01 11:00:00,CONFLICT_DETECTED,V1,V1,CONFLICT_ENGINE,SYSTEM,1 conflicts detected,
EVT-005484,IN-DL-110054-10-79,2026-07-08 14:00:00,MATCH_PROPOSED,V1,P1,MATCHING_ENGINE,SYSTEM,Cross-source match proposed,
EVT-005485,IN-DL-110054-10-79,2026-09-05 12:00:00,HUMAN_REVIEW,P1,P1,REVIEW_WORKSPACE,HUMAN_REVIEWER,Additional evidence requested,
EVT-005486,IN-DL-110054-10-80,2020-01-01 12:00:00,PARCEL_CREATED,,V1,CANONICAL_SEED,SYSTEM,Initial cadastral creation,
EVT-005487,IN-DL-110054-10-80,2026-06-20 09:00:00,SOURCE_IMPORTED,V1,V1,INGESTION_PIPELINE,SYSTEM,4 observations linked,
EVT-005488,IN-DL-110054-10-80,2026-07-01 11:00:00,CONFLICT_DETECTED,V1,V1,CONFLICT_ENGINE,SYSTEM,1 conflicts detected,
EVT-005489,IN-DL-110054-10-80,2026-07-08 14:00:00,MATCH_PROPOSED,V1,P1,MATCHING_ENGINE,SYSTEM,Cross-source match proposed,
EVT-005490,IN-DL-110054-10-80,2026-09-10 14:00:00,PROPOSAL_ACCEPTED,P1,V2,POLICY_GATE,AUTHORITY,Proposed state accepted,
EVT-005491,IN-DL-110054-10-80,2026-09-10 14:05:00,CANONICAL_STATE_UPDATED,V1,V2,CANONICAL_REGISTRY,SYSTEM,Authoritative state updated,
EVT-005492,IN-DL-110054-10-81,2021-01-01 12:00:00,PARCEL_CREATED,,V1,CANONICAL_SEED,SYSTEM,Initial cadastral creation,
EVT-005493,IN-DL-110054-10-81,2026-06-20 09:00:00,SOURCE_IMPORTED,V1,V1,INGESTION_PIPELINE,SYSTEM,4 observations linked,
EVT-005494,IN-DL-110054-10-81,2026-07-08 14:00:00,MATCH_PROPOSED,V1,P1,MATCHING_ENGINE,SYSTEM,Cross-source match proposed,
EVT-005495,IN-DL-110054-10-81,2026-09-10 14:00:00,PROPOSAL_ACCEPTED,P1,V2,POLICY_GATE,AUTHORITY,Proposed state accepted,
EVT-005496,IN-DL-110054-10-81,2026-09-10 14:05:00,CANONICAL_STATE_UPDATED,V1,V2,CANONICAL_REGISTRY,SYSTEM,Authoritative state updated,
EVT-005497,IN-DL-110054-10-82,2022-01-01 12:00:00,PARCEL_CREATED,,V1,CANONICAL_SEED,SYSTEM,Initial cadastral creation,
EVT-005498,IN-DL-110054-10-82,2026-06-20 09:00:00,SOURCE_IMPORTED,V1,V1,INGESTION_PIPELINE,SYSTEM,5 observations linked,
EVT-005499,IN-DL-110054-10-82,2026-07-08 14:00:00,MATCH_PROPOSED,V1,P1,MATCHING_ENGINE,SYSTEM,Cross-source match proposed,
EVT-005500,IN-DL-110054-10-82,2026-08-06 10:00:00,EVIDENCE_ADDED,P1,P2,FIELD_SURVEY,SURVEYOR,GNSS/CORS evidence attached,
EVT-005501,IN-DL-110054-10-82,2026-09-10 14:00:00,PROPOSAL_ACCEPTED,P2,V2,POLICY_GATE,AUTHORITY,Proposed state accepted,
EVT-005502,IN-DL-110054-10-82,2026-09-10 14:05:00,CANONICAL_STATE_UPDATED,V1,V2,CANONICAL_REGISTRY,SYSTEM,Authoritative state updated,
EVT-005503,IN-DL-110054-10-83,2023-01-01 12:00:00,PARCEL_CREATED,,V1,CANONICAL_SEED,SYSTEM,Initial cadastral creation,
EVT-005504,IN-DL-110054-10-83,2026-06-20 09:00:00,SOURCE_IMPORTED,V1,V1,INGESTION_PIPELINE,SYSTEM,4 observations linked,
EVT-005505,IN-DL-110054-10-83,2026-07-08 14:00:00,MATCH_PROPOSED,V1,P1,MATCHING_ENGINE,SYSTEM,Cross-source match proposed,
EVT-005506,IN-DL-110054-10-83,2026-09-10 14:00:00,PROPOSAL_ACCEPTED,P1,V2,POLICY_GATE,AUTHORITY,Proposed state accepted,
EVT-005507,IN-DL-110054-10-83,2026-09-10 14:05:00,CANONICAL_STATE_UPDATED,V1,V2,CANONICAL_REGISTRY,SYSTEM,Authoritative state updated,
EVT-005508,IN-DL-110054-10-84,2017-01-01 12:00:00,PARCEL_CREATED,,V1,CANONICAL_SEED,SYSTEM,Initial cadastral creation,
EVT-005509,IN-DL-110054-10-84,2026-06-20 09:00:00,SOURCE_IMPORTED,V1,V1,INGESTION_PIPELINE,SYSTEM,4 observations linked,
EVT-005510,IN-DL-110054-10-84,2026-07-01 11:00:00,CONFLICT_DETECTED,V1,V1,CONFLICT_ENGINE,SYSTEM,1 conflicts detected,
EVT-005511,IN-DL-110054-10-84,2026-07-08 14:00:00,MATCH_PROPOSED,V1,P1,MATCHING_ENGINE,SYSTEM,Cross-source match proposed,
EVT-005512,IN-DL-110054-10-84,2026-09-10 14:00:00,PROPOSAL_ACCEPTED,P1,V2,POLICY_GATE,AUTHORITY,Proposed state accepted,
EVT-005513,IN-DL-110054-10-84,2026-09-10 14:05:00,CANONICAL_STATE_UPDATED,V1,V2,CANONICAL_REGISTRY,SYSTEM,Authoritative state updated,
EVT-005514,IN-DL-110054-10-85,2018-01-01 12:00:00,PARCEL_CREATED,,V1,CANONICAL_SEED,SYSTEM,Initial cadastral creation,
EVT-005515,IN-DL-110054-10-85,2026-06-20 09:00:00,SOURCE_IMPORTED,V1,V1,INGESTION_PIPELINE,SYSTEM,6 observations linked,
EVT-005516,IN-DL-110054-10-85,2026-07-08 14:00:00,MATCH_PROPOSED,V1,P1,MATCHING_ENGINE,SYSTEM,Cross-source match proposed,
EVT-005517,IN-DL-110054-10-85,2026-09-10 14:00:00,PROPOSAL_ACCEPTED,P1,V2,POLICY_GATE,AUTHORITY,Proposed state accepted,
EVT-005518,IN-DL-110054-10-85,2026-09-10 14:05:00,CANONICAL_STATE_UPDATED,V1,V2,CANONICAL_REGISTRY,SYSTEM,Authoritative state updated,
EVT-005519,IN-DL-110054-10-86,2019-01-01 12:00:00,PARCEL_CREATED,,V1,CANONICAL_SEED,SYSTEM,Initial cadastral creation,
EVT-005520,IN-DL-110054-10-86,2026-06-20 09:00:00,SOURCE_IMPORTED,V1,V1,INGESTION_PIPELINE,SYSTEM,5 observations linked,
EVT-005521,IN-DL-110054-10-86,2026-07-08 14:00:00,MATCH_PROPOSED,V1,P1,MATCHING_ENGINE,SYSTEM,Cross-source match proposed,
EVT-005522,IN-DL-110054-10-86,2026-09-10 14:00:00,PROPOSAL_ACCEPTED,P1,V2,POLICY_GATE,AUTHORITY,Proposed state accepted,
EVT-005523,IN-DL-110054-10-86,2026-09-10 14:05:00,CANONICAL_STATE_UPDATED,V1,V2,CANONICAL_REGISTRY,SYSTEM,Authoritative state updated,
EVT-005524,IN-DL-110054-10-87,2020-01-01 12:00:00,PARCEL_CREATED,,V1,CANONICAL_SEED,SYSTEM,Initial cadastral creation,
EVT-005525,IN-DL-110054-10-87,2026-06-20 09:00:00,SOURCE_IMPORTED,V1,V1,INGESTION_PIPELINE,SYSTEM,4 observations linked,
EVT-005526,IN-DL-110054-10-87,2026-07-01 11:00:00,CONFLICT_DETECTED,V1,V1,CONFLICT_ENGINE,SYSTEM,1 conflicts detected,
EVT-005527,IN-DL-110054-10-87,2026-07-08 14:00:00,MATCH_PROPOSED,V1,P1,MATCHING_ENGINE,SYSTEM,Cross-source match proposed,
EVT-005528,IN-DL-110054-10-87,2026-09-05 11:00:00,HUMAN_REVIEW,P1,P2,REVIEW_WORKSPACE,HUMAN_REVIEWER,Legal/operational conflict requires decision,
EVT-005529,IN-DL-110054-10-88,2021-01-01 12:00:00,PARCEL_CREATED,,V1,CANONICAL_SEED,SYSTEM,Initial cadastral creation,
EVT-005530,IN-DL-110054-10-88,2026-06-20 09:00:00,SOURCE_IMPORTED,V1,V1,INGESTION_PIPELINE,SYSTEM,6 observations linked,
EVT-005531,IN-DL-110054-10-88,2026-07-01 11:00:00,CONFLICT_DETECTED,V1,V1,CONFLICT_ENGINE,SYSTEM,1 conflicts detected,
EVT-005532,IN-DL-110054-10-88,2026-07-08 14:00:00,MATCH_PROPOSED,V1,P1,MATCHING_ENGINE,SYSTEM,Cross-source match proposed,
EVT-005533,IN-DL-110054-10-88,2026-08-06 10:00:00,EVIDENCE_ADDED,P1,P2,FIELD_SURVEY,SURVEYOR,GNSS/CORS evidence attached,
EVT-005534,IN-DL-110054-10-88,2026-09-05 11:00:00,HUMAN_REVIEW,P2,P2,REVIEW_WORKSPACE,HUMAN_REVIEWER,Legal/operational conflict requires decision,
EVT-005535,IN-DL-110054-10-89,2022-01-01 12:00:00,PARCEL_CREATED,,V1,CANONICAL_SEED,SYSTEM,Initial cadastral creation,
EVT-005536,IN-DL-110054-10-89,2026-06-20 09:00:00,SOURCE_IMPORTED,V1,V1,INGESTION_PIPELINE,SYSTEM,6 observations linked,
EVT-005537,IN-DL-110054-10-89,2026-07-08 14:00:00,MATCH_PROPOSED,V1,P1,MATCHING_ENGINE,SYSTEM,Cross-source match proposed,
EVT-005538,IN-DL-110054-10-89,2026-08-06 10:00:00,EVIDENCE_ADDED,P1,P2,FIELD_SURVEY,SURVEYOR,GNSS/CORS evidence attached,
EVT-005539,IN-DL-110054-10-89,2026-09-10 14:00:00,PROPOSAL_ACCEPTED,P2,V2,POLICY_GATE,AUTHORITY,Proposed state accepted,
EVT-005540,IN-DL-110054-10-89,2026-09-10 14:05:00,CANONICAL_STATE_UPDATED,V1,V2,CANONICAL_REGISTRY,SYSTEM,Authoritative state updated,
EVT-005541,IN-DL-110054-10-90,2023-01-01 12:00:00,PARCEL_CREATED,,V1,CANONICAL_SEED,SYSTEM,Initial cadastral creation,
EVT-005542,IN-DL-110054-10-90,2026-06-20 09:00:00,SOURCE_IMPORTED,V1,V1,INGESTION_PIPELINE,SYSTEM,3 observations linked,
EVT-005543,IN-DL-110054-10-90,2026-07-01 11:00:00,CONFLICT_DETECTED,V1,V1,CONFLICT_ENGINE,SYSTEM,1 conflicts detected,
EVT-005544,IN-DL-110054-10-90,2026-07-08 14:00:00,MATCH_PROPOSED,V1,P1,MATCHING_ENGINE,SYSTEM,Cross-source match proposed,
EVT-005545,IN-DL-110054-10-90,2026-09-10 14:00:00,PROPOSAL_ACCEPTED,P1,V2,POLICY_GATE,AUTHORITY,Proposed state accepted,
EVT-005546,IN-DL-110054-10-90,2026-09-10 14:05:00,CANONICAL_STATE_UPDATED,V1,V2,CANONICAL_REGISTRY,SYSTEM,Authoritative state updated,
EVT-005547,IN-DL-110054-10-91,2010-03-15 12:00:00,PARCEL_CREATED,,V1,CANONICAL_SEED,SYSTEM,Created from lineage,IN-DL-110054-10-101
EVT-005548,IN-DL-110054-10-91,2026-06-20 09:00:00,SOURCE_IMPORTED,V1,V1,INGESTION_PIPELINE,SYSTEM,5 observations linked,
EVT-005549,IN-DL-110054-10-91,2026-07-01 11:00:00,CONFLICT_DETECTED,V1,V1,CONFLICT_ENGINE,SYSTEM,2 conflicts detected,
EVT-005550,IN-DL-110054-10-91,2026-07-08 14:00:00,MATCH_PROPOSED,V1,P1,MATCHING_ENGINE,SYSTEM,Cross-source match proposed,
EVT-005551,IN-DL-110054-10-91,2026-08-06 10:00:00,EVIDENCE_ADDED,P1,P2,FIELD_SURVEY,SURVEYOR,GNSS/CORS evidence attached,
EVT-005552,IN-DL-110054-10-91,2026-09-05 12:00:00,HUMAN_REVIEW,P2,P2,REVIEW_WORKSPACE,HUMAN_REVIEWER,Additional evidence requested,
EVT-005553,IN-DL-110054-10-92,2010-03-15 12:00:00,PARCEL_CREATED,,V1,CANONICAL_SEED,SYSTEM,Created from lineage,IN-DL-110054-10-101
EVT-005554,IN-DL-110054-10-92,2026-06-20 09:00:00,SOURCE_IMPORTED,V1,V1,INGESTION_PIPELINE,SYSTEM,5 observations linked,
EVT-005555,IN-DL-110054-10-92,2026-07-08 14:00:00,MATCH_PROPOSED,V1,P1,MATCHING_ENGINE,SYSTEM,Cross-source match proposed,
EVT-005556,IN-DL-110054-10-92,2026-08-06 10:00:00,EVIDENCE_ADDED,P1,P2,FIELD_SURVEY,SURVEYOR,GNSS/CORS evidence attached,
EVT-005557,IN-DL-110054-10-92,2026-09-10 14:00:00,PROPOSAL_ACCEPTED,P2,V2,POLICY_GATE,AUTHORITY,Proposed state accepted,
EVT-005558,IN-DL-110054-10-92,2026-09-10 14:05:00,CANONICAL_STATE_UPDATED,V1,V2,CANONICAL_REGISTRY,SYSTEM,Authoritative state updated,
EVT-005559,IN-DL-110054-10-93,2013-07-10 12:00:00,PARCEL_CREATED,,V1,CANONICAL_SEED,SYSTEM,Created from lineage,IN-DL-110054-10-102;IN-DL-110054-10-103
EVT-005560,IN-DL-110054-10-93,2026-06-20 09:00:00,SOURCE_IMPORTED,V1,V1,INGESTION_PIPELINE,SYSTEM,5 observations linked,
EVT-005561,IN-DL-110054-10-93,2026-07-01 11:00:00,CONFLICT_DETECTED,V1,V1,CONFLICT_ENGINE,SYSTEM,1 conflicts detected,
EVT-005562,IN-DL-110054-10-93,2026-07-08 14:00:00,MATCH_PROPOSED,V1,P1,MATCHING_ENGINE,SYSTEM,Cross-source match proposed,
EVT-005563,IN-DL-110054-10-93,2026-09-05 11:00:00,HUMAN_REVIEW,P1,P2,REVIEW_WORKSPACE,HUMAN_REVIEWER,Legal/operational conflict requires decision,
EVT-005564,IN-DL-110054-10-94,2016-11-05 12:00:00,PARCEL_CREATED,,V1,CANONICAL_SEED,SYSTEM,Created from lineage,IN-DL-110054-10-104;IN-DL-110054-10-105;IN-DL-110054-10-106
EVT-005565,IN-DL-110054-10-94,2026-06-20 09:00:00,SOURCE_IMPORTED,V1,V1,INGESTION_PIPELINE,SYSTEM,5 observations linked,
EVT-005566,IN-DL-110054-10-94,2026-07-01 11:00:00,CONFLICT_DETECTED,V1,V1,CONFLICT_ENGINE,SYSTEM,1 conflicts detected,
EVT-005567,IN-DL-110054-10-94,2026-07-08 14:00:00,MATCH_PROPOSED,V1,P1,MATCHING_ENGINE,SYSTEM,Cross-source match proposed,
EVT-005568,IN-DL-110054-10-94,2026-08-06 10:00:00,EVIDENCE_ADDED,P1,P2,FIELD_SURVEY,SURVEYOR,GNSS/CORS evidence attached,
EVT-005569,IN-DL-110054-10-94,2026-09-05 12:00:00,HUMAN_REVIEW,P2,P2,REVIEW_WORKSPACE,HUMAN_REVIEWER,Additional evidence requested,
EVT-005570,IN-DL-110054-10-95,2021-01-01 12:00:00,PARCEL_CREATED,,V1,CANONICAL_SEED,SYSTEM,Initial cadastral creation,
EVT-005571,IN-DL-110054-10-95,2026-06-20 09:00:00,SOURCE_IMPORTED,V1,V1,INGESTION_PIPELINE,SYSTEM,6 observations linked,
EVT-005572,IN-DL-110054-10-95,2026-07-08 14:00:00,MATCH_PROPOSED,V1,P1,MATCHING_ENGINE,SYSTEM,Cross-source match proposed,
EVT-005573,IN-DL-110054-10-95,2026-08-06 10:00:00,EVIDENCE_ADDED,P1,P2,FIELD_SURVEY,SURVEYOR,GNSS/CORS evidence attached,
EVT-005574,IN-DL-110054-10-95,2026-09-10 14:00:00,PROPOSAL_ACCEPTED,P2,V2,POLICY_GATE,AUTHORITY,Proposed state accepted,
EVT-005575,IN-DL-110054-10-95,2026-09-10 14:05:00,CANONICAL_STATE_UPDATED,V1,V2,CANONICAL_REGISTRY,SYSTEM,Authoritative state updated,
EVT-005576,IN-DL-110054-10-96,2022-01-01 12:00:00,PARCEL_CREATED,,V1,CANONICAL_SEED,SYSTEM,Initial cadastral creation,
EVT-005577,IN-DL-110054-10-96,2026-06-20 09:00:00,SOURCE_IMPORTED,V1,V1,INGESTION_PIPELINE,SYSTEM,4 observations linked,
EVT-005578,IN-DL-110054-10-96,2026-07-01 11:00:00,CONFLICT_DETECTED,V1,V1,CONFLICT_ENGINE,SYSTEM,1 conflicts detected,
EVT-005579,IN-DL-110054-10-96,2026-07-08 14:00:00,MATCH_PROPOSED,V1,P1,MATCHING_ENGINE,SYSTEM,Cross-source match proposed,
EVT-005580,IN-DL-110054-10-96,2026-09-10 14:00:00,PROPOSAL_ACCEPTED,P1,V2,POLICY_GATE,AUTHORITY,Proposed state accepted,
EVT-005581,IN-DL-110054-10-96,2026-09-10 14:05:00,CANONICAL_STATE_UPDATED,V1,V2,CANONICAL_REGISTRY,SYSTEM,Authoritative state updated,
EVT-005582,IN-DL-110054-10-97,2023-01-01 12:00:00,PARCEL_CREATED,,V1,CANONICAL_SEED,SYSTEM,Initial cadastral creation,
EVT-005583,IN-DL-110054-10-97,2026-06-20 09:00:00,SOURCE_IMPORTED,V1,V1,INGESTION_PIPELINE,SYSTEM,4 observations linked,
EVT-005584,IN-DL-110054-10-97,2026-07-08 14:00:00,MATCH_PROPOSED,V1,P1,MATCHING_ENGINE,SYSTEM,Cross-source match proposed,
EVT-005585,IN-DL-110054-10-97,2026-09-10 14:00:00,PROPOSAL_ACCEPTED,P1,V2,POLICY_GATE,AUTHORITY,Proposed state accepted,
EVT-005586,IN-DL-110054-10-97,2026-09-10 14:05:00,CANONICAL_STATE_UPDATED,V1,V2,CANONICAL_REGISTRY,SYSTEM,Authoritative state updated,
EVT-005587,IN-DL-110054-10-98,2017-01-01 12:00:00,PARCEL_CREATED,,V1,CANONICAL_SEED,SYSTEM,Initial cadastral creation,
EVT-005588,IN-DL-110054-10-98,2026-06-20 09:00:00,SOURCE_IMPORTED,V1,V1,INGESTION_PIPELINE,SYSTEM,5 observations linked,
EVT-005589,IN-DL-110054-10-98,2026-07-08 14:00:00,MATCH_PROPOSED,V1,P1,MATCHING_ENGINE,SYSTEM,Cross-source match proposed,
EVT-005590,IN-DL-110054-10-98,2026-08-06 10:00:00,EVIDENCE_ADDED,P1,P2,FIELD_SURVEY,SURVEYOR,GNSS/CORS evidence attached,
EVT-005591,IN-DL-110054-10-98,2026-09-10 14:00:00,PROPOSAL_ACCEPTED,P2,V2,POLICY_GATE,AUTHORITY,Proposed state accepted,
EVT-005592,IN-DL-110054-10-98,2026-09-10 14:05:00,CANONICAL_STATE_UPDATED,V1,V2,CANONICAL_REGISTRY,SYSTEM,Authoritative state updated,
EVT-005593,IN-DL-110054-10-99,2018-01-01 12:00:00,PARCEL_CREATED,,V1,CANONICAL_SEED,SYSTEM,Initial cadastral creation,
EVT-005594,IN-DL-110054-10-99,2026-06-20 09:00:00,SOURCE_IMPORTED,V1,V1,INGESTION_PIPELINE,SYSTEM,4 observations linked,
EVT-005595,IN-DL-110054-10-99,2026-07-01 11:00:00,CONFLICT_DETECTED,V1,V1,CONFLICT_ENGINE,SYSTEM,1 conflicts detected,
EVT-005596,IN-DL-110054-10-99,2026-07-08 14:00:00,MATCH_PROPOSED,V1,P1,MATCHING_ENGINE,SYSTEM,Cross-source match proposed,
EVT-005597,IN-DL-110054-10-99,2026-09-05 11:00:00,HUMAN_REVIEW,P1,P2,REVIEW_WORKSPACE,HUMAN_REVIEWER,Legal/operational conflict requires decision,
EVT-005598,IN-DL-110054-10-100,2019-01-01 12:00:00,PARCEL_CREATED,,V1,CANONICAL_SEED,SYSTEM,Initial cadastral creation,
EVT-005599,IN-DL-110054-10-100,2026-06-20 09:00:00,SOURCE_IMPORTED,V1,V1,INGESTION_PIPELINE,SYSTEM,3 observations linked,
EVT-005600,IN-DL-110054-10-100,2026-07-01 11:00:00,CONFLICT_DETECTED,V1,V1,CONFLICT_ENGINE,SYSTEM,1 conflicts detected,
EVT-005601,IN-DL-110054-10-100,2026-07-08 14:00:00,MATCH_PROPOSED,V1,P1,MATCHING_ENGINE,SYSTEM,Cross-source match proposed,
EVT-005602,IN-DL-110054-10-100,2026-09-05 12:00:00,HUMAN_REVIEW,P1,P1,REVIEW_WORKSPACE,HUMAN_REVIEWER,Additional evidence requested,
