conflict_evidence_id,conflict_id,observation_id,evidence_role,source_type,attribute_name,observed_value,geometry_id,temporal_role,supports_or_contradicts,notes,evidence_type,evidence_id,source_table
CEV-000001,CNF-00002,OBS-000049,SOURCE_A,CADASTRAL_REVENUE,area_sqm,665.04,OBS-GEO-000049,CURRENT_CONTEXT,SUPPORTS_SOURCE_A,,SOURCE_OBSERVATION,OBS-000049,SOURCE_OBSERVATIONS
CEV-000002,CNF-00002,OBS-000050,SOURCE_B,MUNICIPAL_PROPERTY,area_sqm,648.68,OBS-GEO-000050,CURRENT_CONTEXT,SUPPORTS_SOURCE_B,,SOURCE_OBSERVATION,OBS-000050,SOURCE_OBSERVATIONS
CEV-000003,CNF-00003,OBS-000060,SOURCE_A,CADASTRAL_REVENUE,temporal_state,2018-06-15,OBS-GEO-000060,OLDER_EVIDENCE,SUPPORTS_SOURCE_A,,SOURCE_OBSERVATION,OBS-000060,SOURCE_OBSERVATIONS
CEV-000004,CNF-00003,OBS-000062,SOURCE_B,BUILDING_GIS,temporal_state,2026-06-15,OBS-GEO-000062,NEWER_EVIDENCE,SUPPORTS_SOURCE_B,,SOURCE_OBSERVATION,OBS-000062,SOURCE_OBSERVATIONS
CEV-000005,CNF-00005,OBS-000099,SOURCE_A,CADASTRAL_REVENUE,area_sqm,726.46,OBS-GEO-000099,CURRENT_CONTEXT,SUPPORTS_SOURCE_A,,SOURCE_OBSERVATION,OBS-000099,SOURCE_OBSERVATIONS
CEV-000006,CNF-00005,OBS-000100,SOURCE_B,MUNICIPAL_PROPERTY,area_sqm,727.1,OBS-GEO-000100,CURRENT_CONTEXT,SUPPORTS_SOURCE_B,,SOURCE_OBSERVATION,OBS-000100,SOURCE_OBSERVATIONS
CEV-000007,CNF-00006,OBS-000118,SOURCE_A,CADASTRAL_REVENUE,owner_name,Sneha Saxena,OBS-GEO-000118,CURRENT_CONTEXT,SUPPORTS_SOURCE_A,,SOURCE_OBSERVATION,OBS-000118,SOURCE_OBSERVATIONS
CEV-000008,CNF-00006,OBS-000119,SOURCE_B,MUNICIPAL_PROPERTY,owner_name,S. Saxena,OBS-GEO-000119,CURRENT_CONTEXT,SUPPORTS_SOURCE_B,,SOURCE_OBSERVATION,OBS-000119,SOURCE_OBSERVATIONS
CEV-000009,CNF-00007,OBS-000118,SOURCE_A,CADASTRAL_REVENUE,temporal_state,2019-06-15,OBS-GEO-000118,OLDER_EVIDENCE,SUPPORTS_SOURCE_A,,SOURCE_OBSERVATION,OBS-000118,SOURCE_OBSERVATIONS
CEV-000010,CNF-00007,OBS-000121,SOURCE_B,DRONE_ORTHOPHOTO,temporal_state,2026-07-10,OBS-GEO-000121,NEWER_EVIDENCE,SUPPORTS_SOURCE_B,,SOURCE_OBSERVATION,OBS-000121,SOURCE_OBSERVATIONS
CEV-000011,CNF-00008,OBS-000142,SOURCE_A,CADASTRAL_REVENUE,area_sqm,1024.39,OBS-GEO-000142,CURRENT_CONTEXT,SUPPORTS_SOURCE_A,,SOURCE_OBSERVATION,OBS-000142,SOURCE_OBSERVATIONS
CEV-000012,CNF-00008,OBS-000143,SOURCE_B,MUNICIPAL_PROPERTY,area_sqm,1047.02,OBS-GEO-000143,CURRENT_CONTEXT,SUPPORTS_SOURCE_B,,SOURCE_OBSERVATION,OBS-000143,SOURCE_OBSERVATIONS
CEV-000013,CNF-00010,OBS-000169,SOURCE_A,CADASTRAL_REVENUE,temporal_state,2020-06-15,OBS-GEO-000169,OLDER_EVIDENCE,SUPPORTS_SOURCE_A,,SOURCE_OBSERVATION,OBS-000169,SOURCE_OBSERVATIONS
CEV-000014,CNF-00010,OBS-000172,SOURCE_B,DRONE_ORTHOPHOTO,temporal_state,2026-07-10,OBS-GEO-000172,NEWER_EVIDENCE,SUPPORTS_SOURCE_B,,SOURCE_OBSERVATION,OBS-000172,SOURCE_OBSERVATIONS
CEV-000015,CNF-00011,OBS-000181,SOURCE_A,CADASTRAL_REVENUE,area_sqm,889.74,OBS-GEO-000181,CURRENT_CONTEXT,SUPPORTS_SOURCE_A,,SOURCE_OBSERVATION,OBS-000181,SOURCE_OBSERVATIONS
CEV-000016,CNF-00011,OBS-000182,SOURCE_B,MUNICIPAL_PROPERTY,area_sqm,902.92,OBS-GEO-000182,CURRENT_CONTEXT,SUPPORTS_SOURCE_B,,SOURCE_OBSERVATION,OBS-000182,SOURCE_OBSERVATIONS
CEV-000017,CNF-00013,OBS-000225,SOURCE_A,CADASTRAL_REVENUE,owner_name,Aarav Bhatia,OBS-GEO-000225,CURRENT_CONTEXT,SUPPORTS_SOURCE_A,,SOURCE_OBSERVATION,OBS-000225,SOURCE_OBSERVATIONS
CEV-000018,CNF-00013,OBS-000226,SOURCE_B,MUNICIPAL_PROPERTY,owner_name,A. Bhatia,OBS-GEO-000226,CURRENT_CONTEXT,SUPPORTS_SOURCE_B,,SOURCE_OBSERVATION,OBS-000226,SOURCE_OBSERVATIONS
CEV-000019,CNF-00014,OBS-000225,SOURCE_A,CADASTRAL_REVENUE,area_sqm,960.09,OBS-GEO-000225,CURRENT_CONTEXT,SUPPORTS_SOURCE_A,,SOURCE_OBSERVATION,OBS-000225,SOURCE_OBSERVATIONS
CEV-000020,CNF-00014,OBS-000226,SOURCE_B,MUNICIPAL_PROPERTY,area_sqm,972.99,OBS-GEO-000226,CURRENT_CONTEXT,SUPPORTS_SOURCE_B,,SOURCE_OBSERVATION,OBS-000226,SOURCE_OBSERVATIONS
CEV-000021,CNF-00015,OBS-000225,SOURCE_A,CADASTRAL_REVENUE,temporal_state,2021-06-15,OBS-GEO-000225,OLDER_EVIDENCE,SUPPORTS_SOURCE_A,,SOURCE_OBSERVATION,OBS-000225,SOURCE_OBSERVATIONS
CEV-000022,CNF-00015,OBS-000228,SOURCE_B,DRONE_ORTHOPHOTO,temporal_state,2026-07-10,OBS-GEO-000228,NEWER_EVIDENCE,SUPPORTS_SOURCE_B,,SOURCE_OBSERVATION,OBS-000228,SOURCE_OBSERVATIONS
CEV-000023,CNF-00017,OBS-000272,SOURCE_A,CADASTRAL_REVENUE,area_sqm,687.25,OBS-GEO-000272,CURRENT_CONTEXT,SUPPORTS_SOURCE_A,slight systematic cadastral shift,SOURCE_OBSERVATION,OBS-000272,SOURCE_OBSERVATIONS
CEV-000024,CNF-00017,OBS-000273,SOURCE_B,MUNICIPAL_PROPERTY,area_sqm,703.56,OBS-GEO-000273,CURRENT_CONTEXT,SUPPORTS_SOURCE_B,,SOURCE_OBSERVATION,OBS-000273,SOURCE_OBSERVATIONS
CEV-000025,CNF-00018,OBS-000282,SOURCE_A,MUNICIPAL_PROPERTY,temporal_state,2025-08-10,OBS-GEO-000282,OLDER_EVIDENCE,SUPPORTS_SOURCE_A,,SOURCE_OBSERVATION,OBS-000282,SOURCE_OBSERVATIONS
CEV-000026,CNF-00018,OBS-000283,SOURCE_B,BUILDING_GIS,temporal_state,2026-06-15,OBS-GEO-000283,NEWER_EVIDENCE,SUPPORTS_SOURCE_B,,SOURCE_OBSERVATION,OBS-000283,SOURCE_OBSERVATIONS
CEV-000027,CNF-00020,OBS-000318,SOURCE_A,CADASTRAL_REVENUE,area_sqm,834.05,OBS-GEO-000318,CURRENT_CONTEXT,SUPPORTS_SOURCE_A,alternate neighboring candidate plausible,SOURCE_OBSERVATION,OBS-000318,SOURCE_OBSERVATIONS
CEV-000028,CNF-00020,OBS-000319,SOURCE_B,MUNICIPAL_PROPERTY,area_sqm,810.72,OBS-GEO-000319,CURRENT_CONTEXT,SUPPORTS_SOURCE_B,alternate neighboring candidate plausible,SOURCE_OBSERVATION,OBS-000319,SOURCE_OBSERVATIONS
CEV-000029,CNF-00021,OBS-000340,SOURCE_A,CADASTRAL_REVENUE,owner_name,Sneha Khanna,OBS-GEO-000340,CURRENT_CONTEXT,SUPPORTS_SOURCE_A,pre-road-widening boundary,SOURCE_OBSERVATION,OBS-000340,SOURCE_OBSERVATIONS
CEV-000030,CNF-00021,OBS-000341,SOURCE_B,MUNICIPAL_PROPERTY,owner_name,S. Khanna,OBS-GEO-000341,CURRENT_CONTEXT,SUPPORTS_SOURCE_B,,SOURCE_OBSERVATION,OBS-000341,SOURCE_OBSERVATIONS
CEV-000031,CNF-00022,OBS-000340,SOURCE_A,CADASTRAL_REVENUE,temporal_state,2023-06-15,OBS-GEO-000340,OLDER_EVIDENCE,SUPPORTS_SOURCE_A,pre-road-widening boundary,SOURCE_OBSERVATION,OBS-000340,SOURCE_OBSERVATIONS
CEV-000032,CNF-00022,OBS-000343,SOURCE_B,DRONE_ORTHOPHOTO,temporal_state,2026-07-10,OBS-GEO-000343,NEWER_EVIDENCE,SUPPORTS_SOURCE_B,,SOURCE_OBSERVATION,OBS-000343,SOURCE_OBSERVATIONS
CEV-000033,CNF-00023,OBS-000366,SOURCE_A,CADASTRAL_REVENUE,area_sqm,1067.34,OBS-GEO-000366,CURRENT_CONTEXT,SUPPORTS_SOURCE_A,,SOURCE_OBSERVATION,OBS-000366,SOURCE_OBSERVATIONS
CEV-000034,CNF-00023,OBS-000367,SOURCE_B,MUNICIPAL_PROPERTY,area_sqm,1095.16,OBS-GEO-000367,CURRENT_CONTEXT,SUPPORTS_SOURCE_B,,SOURCE_OBSERVATION,OBS-000367,SOURCE_OBSERVATIONS
CEV-000035,CNF-00026,OBS-000435,SOURCE_A,CADASTRAL_REVENUE,area_sqm,638.14,OBS-GEO-000435,CURRENT_CONTEXT,SUPPORTS_SOURCE_A,,SOURCE_OBSERVATION,OBS-000435,SOURCE_OBSERVATIONS
CEV-000036,CNF-00026,OBS-000436,SOURCE_B,MUNICIPAL_PROPERTY,area_sqm,658.72,OBS-GEO-000436,CURRENT_CONTEXT,SUPPORTS_SOURCE_B,,SOURCE_OBSERVATION,OBS-000436,SOURCE_OBSERVATIONS
CEV-000037,CNF-00027,OBS-000447,SOURCE_A,MUNICIPAL_PROPERTY,temporal_state,2021-04-10,OBS-GEO-000447,OLDER_EVIDENCE,SUPPORTS_SOURCE_A,,SOURCE_OBSERVATION,OBS-000447,SOURCE_OBSERVATIONS
CEV-000038,CNF-00027,OBS-000448,SOURCE_B,DRONE_ORTHOPHOTO,temporal_state,2026-07-10,OBS-GEO-000448,NEWER_EVIDENCE,SUPPORTS_SOURCE_B,,SOURCE_OBSERVATION,OBS-000448,SOURCE_OBSERVATIONS
CEV-000039,CNF-00029,OBS-000480,SOURCE_A,CADASTRAL_REVENUE,area_sqm,857.21,OBS-GEO-000480,CURRENT_CONTEXT,SUPPORTS_SOURCE_A,,SOURCE_OBSERVATION,OBS-000480,SOURCE_OBSERVATIONS
CEV-000040,CNF-00029,OBS-000481,SOURCE_B,MUNICIPAL_PROPERTY,area_sqm,859.26,OBS-GEO-000481,CURRENT_CONTEXT,SUPPORTS_SOURCE_B,,SOURCE_OBSERVATION,OBS-000481,SOURCE_OBSERVATIONS
CEV-000041,CNF-00030,OBS-000504,SOURCE_A,CADASTRAL_REVENUE,owner_name,Sneha Tiwari,OBS-GEO-000504,CURRENT_CONTEXT,SUPPORTS_SOURCE_A,,SOURCE_OBSERVATION,OBS-000504,SOURCE_OBSERVATIONS
CEV-000042,CNF-00030,OBS-000505,SOURCE_B,MUNICIPAL_PROPERTY,owner_name,S. Tiwari,OBS-GEO-000505,CURRENT_CONTEXT,SUPPORTS_SOURCE_B,,SOURCE_OBSERVATION,OBS-000505,SOURCE_OBSERVATIONS
CEV-000043,CNF-00031,OBS-000504,SOURCE_A,CADASTRAL_REVENUE,temporal_state,2019-06-15,OBS-GEO-000504,OLDER_EVIDENCE,SUPPORTS_SOURCE_A,,SOURCE_OBSERVATION,OBS-000504,SOURCE_OBSERVATIONS
CEV-000044,CNF-00031,OBS-000507,SOURCE_B,DRONE_ORTHOPHOTO,temporal_state,2026-07-10,OBS-GEO-000507,NEWER_EVIDENCE,SUPPORTS_SOURCE_B,,SOURCE_OBSERVATION,OBS-000507,SOURCE_OBSERVATIONS
CEV-000045,CNF-00032,OBS-000527,SOURCE_A,CADASTRAL_REVENUE,area_sqm,1094.35,OBS-GEO-000527,CURRENT_CONTEXT,SUPPORTS_SOURCE_A,,SOURCE_OBSERVATION,OBS-000527,SOURCE_OBSERVATIONS
CEV-000046,CNF-00032,OBS-000528,SOURCE_B,MUNICIPAL_PROPERTY,area_sqm,1099.56,OBS-GEO-000528,CURRENT_CONTEXT,SUPPORTS_SOURCE_B,,SOURCE_OBSERVATION,OBS-000528,SOURCE_OBSERVATIONS
CEV-000047,CNF-00034,OBS-000562,SOURCE_A,CADASTRAL_REVENUE,temporal_state,2020-06-15,OBS-GEO-000562,OLDER_EVIDENCE,SUPPORTS_SOURCE_A,,SOURCE_OBSERVATION,OBS-000562,SOURCE_OBSERVATIONS
CEV-000048,CNF-00034,OBS-000565,SOURCE_B,DRONE_ORTHOPHOTO,temporal_state,2026-07-10,OBS-GEO-000565,NEWER_EVIDENCE,SUPPORTS_SOURCE_B,,SOURCE_OBSERVATION,OBS-000565,SOURCE_OBSERVATIONS
CEV-000049,CNF-00035,OBS-000575,SOURCE_A,CADASTRAL_REVENUE,area_sqm,792.64,OBS-GEO-000575,CURRENT_CONTEXT,SUPPORTS_SOURCE_A,,SOURCE_OBSERVATION,OBS-000575,SOURCE_OBSERVATIONS
CEV-000050,CNF-00035,OBS-000576,SOURCE_B,MUNICIPAL_PROPERTY,area_sqm,815.34,OBS-GEO-000576,CURRENT_CONTEXT,SUPPORTS_SOURCE_B,,SOURCE_OBSERVATION,OBS-000576,SOURCE_OBSERVATIONS
CEV-000051,CNF-00037,OBS-000625,SOURCE_A,CADASTRAL_REVENUE,owner_name,Aarav Verma,OBS-GEO-000625,CURRENT_CONTEXT,SUPPORTS_SOURCE_A,local spatial distortion,SOURCE_OBSERVATION,OBS-000625,SOURCE_OBSERVATIONS
CEV-000052,CNF-00037,OBS-000626,SOURCE_B,MUNICIPAL_PROPERTY,owner_name,A. Verma,OBS-GEO-000626,CURRENT_CONTEXT,SUPPORTS_SOURCE_B,,SOURCE_OBSERVATION,OBS-000626,SOURCE_OBSERVATIONS
CEV-000053,CNF-00038,OBS-000625,SOURCE_A,CADASTRAL_REVENUE,temporal_state,2021-06-15,OBS-GEO-000625,OLDER_EVIDENCE,SUPPORTS_SOURCE_A,local spatial distortion,SOURCE_OBSERVATION,OBS-000625,SOURCE_OBSERVATIONS
CEV-000054,CNF-00038,OBS-000627,SOURCE_B,BUILDING_GIS,temporal_state,2025-11-15,OBS-GEO-000627,NEWER_EVIDENCE,SUPPORTS_SOURCE_B,,SOURCE_OBSERVATION,OBS-000627,SOURCE_OBSERVATIONS
CEV-000055,CNF-00040,OBS-000674,SOURCE_A,CADASTRAL_REVENUE,area_sqm,732.66,OBS-GEO-000674,CURRENT_CONTEXT,SUPPORTS_SOURCE_A,,SOURCE_OBSERVATION,OBS-000674,SOURCE_OBSERVATIONS
CEV-000056,CNF-00040,OBS-000675,SOURCE_B,MUNICIPAL_PROPERTY,area_sqm,734.01,OBS-GEO-000675,CURRENT_CONTEXT,SUPPORTS_SOURCE_B,,SOURCE_OBSERVATION,OBS-000675,SOURCE_OBSERVATIONS
CEV-000057,CNF-00041,OBS-000687,SOURCE_A,CADASTRAL_REVENUE,temporal_state,2022-06-15,OBS-GEO-000687,OLDER_EVIDENCE,SUPPORTS_SOURCE_A,,SOURCE_OBSERVATION,OBS-000687,SOURCE_OBSERVATIONS
CEV-000058,CNF-00041,OBS-000689,SOURCE_B,BUILDING_GIS,temporal_state,2026-06-15,OBS-GEO-000689,NEWER_EVIDENCE,SUPPORTS_SOURCE_B,,SOURCE_OBSERVATION,OBS-000689,SOURCE_OBSERVATIONS
CEV-000059,CNF-00043,OBS-000725,SOURCE_A,CADASTRAL_REVENUE,area_sqm,893.16,OBS-GEO-000725,CURRENT_CONTEXT,SUPPORTS_SOURCE_A,,SOURCE_OBSERVATION,OBS-000725,SOURCE_OBSERVATIONS
CEV-000060,CNF-00043,OBS-000727,SOURCE_B,UTILITY_INFRASTRUCTURE,area_sqm,926.95,OBS-GEO-000727,CURRENT_CONTEXT,SUPPORTS_SOURCE_B,,SOURCE_OBSERVATION,OBS-000727,SOURCE_OBSERVATIONS
CEV-000061,CNF-00044,OBS-000749,SOURCE_A,CADASTRAL_REVENUE,temporal_state,2023-06-15,OBS-GEO-000749,OLDER_EVIDENCE,SUPPORTS_SOURCE_A,,SOURCE_OBSERVATION,OBS-000749,SOURCE_OBSERVATIONS
CEV-000062,CNF-00044,OBS-000753,SOURCE_B,DRONE_ORTHOPHOTO,temporal_state,2026-07-10,OBS-GEO-000753,NEWER_EVIDENCE,SUPPORTS_SOURCE_B,physical occupation differs from legal state,SOURCE_OBSERVATION,OBS-000753,SOURCE_OBSERVATIONS
CEV-000063,CNF-00045,OBS-000777,SOURCE_A,CADASTRAL_REVENUE,area_sqm,980.83,OBS-GEO-000777,CURRENT_CONTEXT,SUPPORTS_SOURCE_A,,SOURCE_OBSERVATION,OBS-000777,SOURCE_OBSERVATIONS
CEV-000064,CNF-00045,OBS-000778,SOURCE_B,MUNICIPAL_PROPERTY,area_sqm,951.66,OBS-GEO-000778,CURRENT_CONTEXT,SUPPORTS_SOURCE_B,,SOURCE_OBSERVATION,OBS-000778,SOURCE_OBSERVATIONS
CEV-000065,CNF-00046,OBS-000854,SOURCE_A,CADASTRAL_REVENUE,area_sqm,823.75,OBS-GEO-000854,CURRENT_CONTEXT,SUPPORTS_SOURCE_A,,SOURCE_OBSERVATION,OBS-000854,SOURCE_OBSERVATIONS
CEV-000066,CNF-00046,OBS-000857,SOURCE_B,DRONE_ORTHOPHOTO,area_sqm,848.56,OBS-GEO-000857,CURRENT_CONTEXT,SUPPORTS_SOURCE_B,,SOURCE_OBSERVATION,OBS-000857,SOURCE_OBSERVATIONS
CEV-000067,CNF-00047,OBS-000869,SOURCE_A,CADASTRAL_REVENUE,temporal_state,2018-06-15,OBS-GEO-000869,OLDER_EVIDENCE,SUPPORTS_SOURCE_A,,SOURCE_OBSERVATION,OBS-000869,SOURCE_OBSERVATIONS
CEV-000068,CNF-00047,OBS-000873,SOURCE_B,DRONE_ORTHOPHOTO,temporal_state,2026-07-10,OBS-GEO-000873,NEWER_EVIDENCE,SUPPORTS_SOURCE_B,,SOURCE_OBSERVATION,OBS-000873,SOURCE_OBSERVATIONS
CEV-000069,CNF-00048,OBS-000912,SOURCE_A,CADASTRAL_REVENUE,area_sqm,765.45,OBS-GEO-000912,CURRENT_CONTEXT,SUPPORTS_SOURCE_A,,SOURCE_OBSERVATION,OBS-000912,SOURCE_OBSERVATIONS
CEV-000070,CNF-00048,OBS-000913,SOURCE_B,MUNICIPAL_PROPERTY,area_sqm,738.97,OBS-GEO-000913,CURRENT_CONTEXT,SUPPORTS_SOURCE_B,,SOURCE_OBSERVATION,OBS-000913,SOURCE_OBSERVATIONS
CEV-000071,CNF-00049,OBS-000940,SOURCE_A,CADASTRAL_REVENUE,temporal_state,2019-06-15,OBS-GEO-000940,OLDER_EVIDENCE,SUPPORTS_SOURCE_A,,SOURCE_OBSERVATION,OBS-000940,SOURCE_OBSERVATIONS
CEV-000072,CNF-00049,OBS-000944,SOURCE_B,DRONE_ORTHOPHOTO,temporal_state,2026-07-10,OBS-GEO-000944,NEWER_EVIDENCE,SUPPORTS_SOURCE_B,,SOURCE_OBSERVATION,OBS-000944,SOURCE_OBSERVATIONS
CEV-000073,CNF-00050,OBS-000968,SOURCE_A,CADASTRAL_REVENUE,area_sqm,1106.15,OBS-GEO-000968,CURRENT_CONTEXT,SUPPORTS_SOURCE_A,,SOURCE_OBSERVATION,OBS-000968,SOURCE_OBSERVATIONS
CEV-000074,CNF-00050,OBS-000969,SOURCE_B,MUNICIPAL_PROPERTY,area_sqm,1131.02,OBS-GEO-000969,CURRENT_CONTEXT,SUPPORTS_SOURCE_B,municipal use differs from DDA,SOURCE_OBSERVATION,OBS-000969,SOURCE_OBSERVATIONS
CEV-000075,CNF-00051,OBS-001015,SOURCE_A,CADASTRAL_REVENUE,temporal_state,2020-06-15,OBS-GEO-001015,OLDER_EVIDENCE,SUPPORTS_SOURCE_A,,SOURCE_OBSERVATION,OBS-001015,SOURCE_OBSERVATIONS
CEV-000076,CNF-00051,OBS-001018,SOURCE_B,DRONE_ORTHOPHOTO,temporal_state,2026-07-10,OBS-GEO-001018,NEWER_EVIDENCE,SUPPORTS_SOURCE_B,,SOURCE_OBSERVATION,OBS-001018,SOURCE_OBSERVATIONS
CEV-000077,CNF-00052,OBS-001029,SOURCE_A,CADASTRAL_REVENUE,area_sqm,613.51,OBS-GEO-001029,CURRENT_CONTEXT,SUPPORTS_SOURCE_A,,SOURCE_OBSERVATION,OBS-001029,SOURCE_OBSERVATIONS
CEV-000078,CNF-00052,OBS-001030,SOURCE_B,MUNICIPAL_PROPERTY,area_sqm,593.8,OBS-GEO-001030,CURRENT_CONTEXT,SUPPORTS_SOURCE_B,,SOURCE_OBSERVATION,OBS-001030,SOURCE_OBSERVATIONS
CEV-000079,CNF-00053,OBS-001082,SOURCE_A,CADASTRAL_REVENUE,owner_name,Aarav Mehta,OBS-GEO-001082,CURRENT_CONTEXT,SUPPORTS_SOURCE_A,,SOURCE_OBSERVATION,OBS-001082,SOURCE_OBSERVATIONS
CEV-000080,CNF-00053,OBS-001083,SOURCE_B,MUNICIPAL_PROPERTY,owner_name,A. Mehta,OBS-GEO-001083,CURRENT_CONTEXT,SUPPORTS_SOURCE_B,,SOURCE_OBSERVATION,OBS-001083,SOURCE_OBSERVATIONS
CEV-000081,CNF-00054,OBS-001082,SOURCE_A,CADASTRAL_REVENUE,area_sqm,1121.04,OBS-GEO-001082,CURRENT_CONTEXT,SUPPORTS_SOURCE_A,,SOURCE_OBSERVATION,OBS-001082,SOURCE_OBSERVATIONS
CEV-000082,CNF-00054,OBS-001083,SOURCE_B,MUNICIPAL_PROPERTY,area_sqm,1085.8,OBS-GEO-001083,CURRENT_CONTEXT,SUPPORTS_SOURCE_B,,SOURCE_OBSERVATION,OBS-001083,SOURCE_OBSERVATIONS
CEV-000083,CNF-00055,OBS-001082,SOURCE_A,CADASTRAL_REVENUE,temporal_state,2021-06-15,OBS-GEO-001082,OLDER_EVIDENCE,SUPPORTS_SOURCE_A,,SOURCE_OBSERVATION,OBS-001082,SOURCE_OBSERVATIONS
CEV-000084,CNF-00055,OBS-001084,SOURCE_B,BUILDING_GIS,temporal_state,2025-11-15,OBS-GEO-001084,NEWER_EVIDENCE,SUPPORTS_SOURCE_B,,SOURCE_OBSERVATION,OBS-001084,SOURCE_OBSERVATIONS
CEV-000085,CNF-00057,OBS-001130,SOURCE_A,CADASTRAL_REVENUE,area_sqm,858.29,OBS-GEO-001130,CURRENT_CONTEXT,SUPPORTS_SOURCE_A,,SOURCE_OBSERVATION,OBS-001130,SOURCE_OBSERVATIONS
CEV-000086,CNF-00057,OBS-001131,SOURCE_B,MUNICIPAL_PROPERTY,area_sqm,842.98,OBS-GEO-001131,CURRENT_CONTEXT,SUPPORTS_SOURCE_B,,SOURCE_OBSERVATION,OBS-001131,SOURCE_OBSERVATIONS
CEV-000087,CNF-00058,OBS-001142,SOURCE_A,CADASTRAL_REVENUE,temporal_state,2022-06-15,OBS-GEO-001142,OLDER_EVIDENCE,SUPPORTS_SOURCE_A,slight systematic cadastral shift,SOURCE_OBSERVATION,OBS-001142,SOURCE_OBSERVATIONS
CEV-000088,CNF-00058,OBS-001144,SOURCE_B,BUILDING_GIS,temporal_state,2026-06-15,OBS-GEO-001144,NEWER_EVIDENCE,SUPPORTS_SOURCE_B,,SOURCE_OBSERVATION,OBS-001144,SOURCE_OBSERVATIONS
CEV-000089,CNF-00060,OBS-001175,SOURCE_A,CADASTRAL_REVENUE,area_sqm,686.05,OBS-GEO-001175,CURRENT_CONTEXT,SUPPORTS_SOURCE_A,,SOURCE_OBSERVATION,OBS-001175,SOURCE_OBSERVATIONS
CEV-000090,CNF-00060,OBS-001176,SOURCE_B,MUNICIPAL_PROPERTY,area_sqm,680.01,OBS-GEO-001176,CURRENT_CONTEXT,SUPPORTS_SOURCE_B,,SOURCE_OBSERVATION,OBS-001176,SOURCE_OBSERVATIONS
CEV-000091,CNF-00061,OBS-001198,SOURCE_A,CADASTRAL_REVENUE,owner_name,Sneha Aggarwal,OBS-GEO-001198,CURRENT_CONTEXT,SUPPORTS_SOURCE_A,,SOURCE_OBSERVATION,OBS-001198,SOURCE_OBSERVATIONS
CEV-000092,CNF-00061,OBS-001199,SOURCE_B,MUNICIPAL_PROPERTY,owner_name,S. Aggarwal,OBS-GEO-001199,CURRENT_CONTEXT,SUPPORTS_SOURCE_B,,SOURCE_OBSERVATION,OBS-001199,SOURCE_OBSERVATIONS
CEV-000093,CNF-00062,OBS-001198,SOURCE_A,CADASTRAL_REVENUE,temporal_state,2023-06-15,OBS-GEO-001198,OLDER_EVIDENCE,SUPPORTS_SOURCE_A,,SOURCE_OBSERVATION,OBS-001198,SOURCE_OBSERVATIONS
CEV-000094,CNF-00062,OBS-001199,SOURCE_B,MUNICIPAL_PROPERTY,temporal_state,2026-09-10,OBS-GEO-001199,NEWER_EVIDENCE,SUPPORTS_SOURCE_B,,SOURCE_OBSERVATION,OBS-001199,SOURCE_OBSERVATIONS
CEV-000095,CNF-00063,OBS-001223,SOURCE_A,CADASTRAL_REVENUE,area_sqm,991.81,OBS-GEO-001223,CURRENT_CONTEXT,SUPPORTS_SOURCE_A,slight systematic cadastral shift,SOURCE_OBSERVATION,OBS-001223,SOURCE_OBSERVATIONS
CEV-000096,CNF-00063,OBS-001224,SOURCE_B,MUNICIPAL_PROPERTY,area_sqm,964.15,OBS-GEO-001224,CURRENT_CONTEXT,SUPPORTS_SOURCE_B,private occupier on government parcel,SOURCE_OBSERVATION,OBS-001224,SOURCE_OBSERVATIONS
CEV-000097,CNF-00066,OBS-001299,SOURCE_A,CADASTRAL_REVENUE,area_sqm,878.45,OBS-GEO-001299,CURRENT_CONTEXT,SUPPORTS_SOURCE_A,,SOURCE_OBSERVATION,OBS-001299,SOURCE_OBSERVATIONS
CEV-000098,CNF-00066,OBS-001300,SOURCE_B,MUNICIPAL_PROPERTY,area_sqm,871.36,OBS-GEO-001300,CURRENT_CONTEXT,SUPPORTS_SOURCE_B,,SOURCE_OBSERVATION,OBS-001300,SOURCE_OBSERVATIONS
CEV-000099,CNF-00067,OBS-001312,SOURCE_A,CADASTRAL_REVENUE,temporal_state,2018-06-15,OBS-GEO-001312,OLDER_EVIDENCE,SUPPORTS_SOURCE_A,,SOURCE_OBSERVATION,OBS-001312,SOURCE_OBSERVATIONS
CEV-000100,CNF-00067,OBS-001315,SOURCE_B,DRONE_ORTHOPHOTO,temporal_state,2026-07-10,OBS-GEO-001315,NEWER_EVIDENCE,SUPPORTS_SOURCE_B,,SOURCE_OBSERVATION,OBS-001315,SOURCE_OBSERVATIONS
CEV-000101,CNF-00069,OBS-001351,SOURCE_A,CADASTRAL_REVENUE,area_sqm,699.06,OBS-GEO-001351,CURRENT_CONTEXT,SUPPORTS_SOURCE_A,,SOURCE_OBSERVATION,OBS-001351,SOURCE_OBSERVATIONS
CEV-000102,CNF-00069,OBS-001352,SOURCE_B,MUNICIPAL_PROPERTY,area_sqm,687.95,OBS-GEO-001352,CURRENT_CONTEXT,SUPPORTS_SOURCE_B,,SOURCE_OBSERVATION,OBS-001352,SOURCE_OBSERVATIONS
CEV-000103,CNF-00070,OBS-001376,SOURCE_A,CADASTRAL_REVENUE,owner_name,Pramaan Institute of Civic Studies,OBS-GEO-001376,CURRENT_CONTEXT,SUPPORTS_SOURCE_A,,SOURCE_OBSERVATION,OBS-001376,SOURCE_OBSERVATIONS
CEV-000104,CNF-00070,OBS-001377,SOURCE_B,MUNICIPAL_PROPERTY,owner_name,P. Studies,OBS-GEO-001377,CURRENT_CONTEXT,SUPPORTS_SOURCE_B,,SOURCE_OBSERVATION,OBS-001377,SOURCE_OBSERVATIONS
CEV-000105,CNF-00071,OBS-001376,SOURCE_A,CADASTRAL_REVENUE,temporal_state,2019-06-15,OBS-GEO-001376,OLDER_EVIDENCE,SUPPORTS_SOURCE_A,,SOURCE_OBSERVATION,OBS-001376,SOURCE_OBSERVATIONS
CEV-000106,CNF-00071,OBS-001380,SOURCE_B,DRONE_ORTHOPHOTO,temporal_state,2026-07-10,OBS-GEO-001380,NEWER_EVIDENCE,SUPPORTS_SOURCE_B,,SOURCE_OBSERVATION,OBS-001380,SOURCE_OBSERVATIONS
CEV-000107,CNF-00072,OBS-001404,SOURCE_A,CADASTRAL_REVENUE,area_sqm,955.43,OBS-GEO-001404,CURRENT_CONTEXT,SUPPORTS_SOURCE_A,,SOURCE_OBSERVATION,OBS-001404,SOURCE_OBSERVATIONS
CEV-000108,CNF-00072,OBS-001405,SOURCE_B,MUNICIPAL_PROPERTY,area_sqm,993.37,OBS-GEO-001405,CURRENT_CONTEXT,SUPPORTS_SOURCE_B,,SOURCE_OBSERVATION,OBS-001405,SOURCE_OBSERVATIONS
CEV-000109,CNF-00074,OBS-001444,SOURCE_A,CADASTRAL_REVENUE,temporal_state,2020-06-15,OBS-GEO-001444,OLDER_EVIDENCE,SUPPORTS_SOURCE_A,old cadastral geometry contradicted by GNSS,SOURCE_OBSERVATION,OBS-001444,SOURCE_OBSERVATIONS
CEV-000110,CNF-00074,OBS-001447,SOURCE_B,DRONE_ORTHOPHOTO,temporal_state,2026-07-10,OBS-GEO-001447,NEWER_EVIDENCE,SUPPORTS_SOURCE_B,,SOURCE_OBSERVATION,OBS-001447,SOURCE_OBSERVATIONS
CEV-000111,CNF-00075,OBS-001455,SOURCE_A,CADASTRAL_REVENUE,area_sqm,689.12,OBS-GEO-001455,CURRENT_CONTEXT,SUPPORTS_SOURCE_A,,SOURCE_OBSERVATION,OBS-001455,SOURCE_OBSERVATIONS
CEV-000112,CNF-00075,OBS-001456,SOURCE_B,MUNICIPAL_PROPERTY,area_sqm,692.22,OBS-GEO-001456,CURRENT_CONTEXT,SUPPORTS_SOURCE_B,,SOURCE_OBSERVATION,OBS-001456,SOURCE_OBSERVATIONS
CEV-000113,CNF-00077,OBS-001511,SOURCE_A,CADASTRAL_REVENUE,owner_name,Pramaan Institute of Civic Studies,OBS-GEO-001511,CURRENT_CONTEXT,SUPPORTS_SOURCE_A,,SOURCE_OBSERVATION,OBS-001511,SOURCE_OBSERVATIONS
CEV-000114,CNF-00077,OBS-001512,SOURCE_B,MUNICIPAL_PROPERTY,owner_name,P. Studies,OBS-GEO-001512,CURRENT_CONTEXT,SUPPORTS_SOURCE_B,,SOURCE_OBSERVATION,OBS-001512,SOURCE_OBSERVATIONS
CEV-000115,CNF-00078,OBS-001511,SOURCE_A,CADASTRAL_REVENUE,area_sqm,1086.04,OBS-GEO-001511,CURRENT_CONTEXT,SUPPORTS_SOURCE_A,,SOURCE_OBSERVATION,OBS-001511,SOURCE_OBSERVATIONS
CEV-000116,CNF-00078,OBS-001512,SOURCE_B,MUNICIPAL_PROPERTY,area_sqm,1057.41,OBS-GEO-001512,CURRENT_CONTEXT,SUPPORTS_SOURCE_B,,SOURCE_OBSERVATION,OBS-001512,SOURCE_OBSERVATIONS
CEV-000117,CNF-00079,OBS-001511,SOURCE_A,CADASTRAL_REVENUE,temporal_state,2021-06-15,OBS-GEO-001511,OLDER_EVIDENCE,SUPPORTS_SOURCE_A,,SOURCE_OBSERVATION,OBS-001511,SOURCE_OBSERVATIONS
CEV-000118,CNF-00079,OBS-001515,SOURCE_B,DRONE_ORTHOPHOTO,temporal_state,2026-07-10,OBS-GEO-001515,NEWER_EVIDENCE,SUPPORTS_SOURCE_B,,SOURCE_OBSERVATION,OBS-001515,SOURCE_OBSERVATIONS
CEV-000119,CNF-00081,OBS-001565,SOURCE_A,CADASTRAL_REVENUE,area_sqm,787.32,OBS-GEO-001565,CURRENT_CONTEXT,SUPPORTS_SOURCE_A,,SOURCE_OBSERVATION,OBS-001565,SOURCE_OBSERVATIONS
CEV-000120,CNF-00081,OBS-001566,SOURCE_B,MUNICIPAL_PROPERTY,area_sqm,799.02,OBS-GEO-001566,CURRENT_CONTEXT,SUPPORTS_SOURCE_B,,SOURCE_OBSERVATION,OBS-001566,SOURCE_OBSERVATIONS
CEV-000121,CNF-00082,OBS-001577,SOURCE_A,CADASTRAL_REVENUE,temporal_state,2022-06-15,OBS-GEO-001577,OLDER_EVIDENCE,SUPPORTS_SOURCE_A,,SOURCE_OBSERVATION,OBS-001577,SOURCE_OBSERVATIONS
CEV-000122,CNF-00082,OBS-001580,SOURCE_B,DRONE_ORTHOPHOTO,temporal_state,2026-07-10,OBS-GEO-001580,NEWER_EVIDENCE,SUPPORTS_SOURCE_B,possible encroachment into public land,SOURCE_OBSERVATION,OBS-001580,SOURCE_OBSERVATIONS
CEV-000123,CNF-00083,OBS-001614,SOURCE_A,CADASTRAL_REVENUE,area_sqm,626.18,OBS-GEO-001614,CURRENT_CONTEXT,SUPPORTS_SOURCE_A,,SOURCE_OBSERVATION,OBS-001614,SOURCE_OBSERVATIONS
CEV-000124,CNF-00083,OBS-001615,SOURCE_B,MUNICIPAL_PROPERTY,area_sqm,618.36,OBS-GEO-001615,CURRENT_CONTEXT,SUPPORTS_SOURCE_B,,SOURCE_OBSERVATION,OBS-001615,SOURCE_OBSERVATIONS
CEV-000125,CNF-00084,OBS-001640,SOURCE_A,CADASTRAL_REVENUE,owner_name,Sneha Saxena,OBS-GEO-001640,CURRENT_CONTEXT,SUPPORTS_SOURCE_A,pre-road-widening boundary,SOURCE_OBSERVATION,OBS-001640,SOURCE_OBSERVATIONS
CEV-000126,CNF-00084,OBS-001641,SOURCE_B,MUNICIPAL_PROPERTY,owner_name,S. Saxena,OBS-GEO-001641,CURRENT_CONTEXT,SUPPORTS_SOURCE_B,,SOURCE_OBSERVATION,OBS-001641,SOURCE_OBSERVATIONS
CEV-000127,CNF-00085,OBS-001640,SOURCE_A,CADASTRAL_REVENUE,temporal_state,2023-06-15,OBS-GEO-001640,OLDER_EVIDENCE,SUPPORTS_SOURCE_A,pre-road-widening boundary,SOURCE_OBSERVATION,OBS-001640,SOURCE_OBSERVATIONS
CEV-000128,CNF-00085,OBS-001643,SOURCE_B,DRONE_ORTHOPHOTO,temporal_state,2026-07-10,OBS-GEO-001643,NEWER_EVIDENCE,SUPPORTS_SOURCE_B,,SOURCE_OBSERVATION,OBS-001643,SOURCE_OBSERVATIONS
CEV-000129,CNF-00086,OBS-001669,SOURCE_A,CADASTRAL_REVENUE,area_sqm,1016.43,OBS-GEO-001669,CURRENT_CONTEXT,SUPPORTS_SOURCE_A,,SOURCE_OBSERVATION,OBS-001669,SOURCE_OBSERVATIONS
CEV-000130,CNF-00086,OBS-001670,SOURCE_B,MUNICIPAL_PROPERTY,area_sqm,1019.67,OBS-GEO-001670,CURRENT_CONTEXT,SUPPORTS_SOURCE_B,,SOURCE_OBSERVATION,OBS-001670,SOURCE_OBSERVATIONS
CEV-000131,CNF-00089,OBS-001738,SOURCE_A,CADASTRAL_REVENUE,area_sqm,700.87,OBS-GEO-001738,CURRENT_CONTEXT,SUPPORTS_SOURCE_A,,SOURCE_OBSERVATION,OBS-001738,SOURCE_OBSERVATIONS
CEV-000132,CNF-00089,OBS-001739,SOURCE_B,MUNICIPAL_PROPERTY,area_sqm,705,OBS-GEO-001739,CURRENT_CONTEXT,SUPPORTS_SOURCE_B,,SOURCE_OBSERVATION,OBS-001739,SOURCE_OBSERVATIONS
CEV-000133,CNF-00090,OBS-001753,SOURCE_A,CADASTRAL_REVENUE,temporal_state,2018-06-15,OBS-GEO-001753,OLDER_EVIDENCE,SUPPORTS_SOURCE_A,,SOURCE_OBSERVATION,OBS-001753,SOURCE_OBSERVATIONS
CEV-000134,CNF-00090,OBS-001755,SOURCE_B,BUILDING_GIS,temporal_state,2026-06-15,OBS-GEO-001755,NEWER_EVIDENCE,SUPPORTS_SOURCE_B,,SOURCE_OBSERVATION,OBS-001755,SOURCE_OBSERVATIONS
CEV-000135,CNF-00092,OBS-001794,SOURCE_A,CADASTRAL_REVENUE,area_sqm,736.83,OBS-GEO-001794,CURRENT_CONTEXT,SUPPORTS_SOURCE_A,,SOURCE_OBSERVATION,OBS-001794,SOURCE_OBSERVATIONS
CEV-000136,CNF-00092,OBS-001795,SOURCE_B,MUNICIPAL_PROPERTY,area_sqm,757.97,OBS-GEO-001795,CURRENT_CONTEXT,SUPPORTS_SOURCE_B,,SOURCE_OBSERVATION,OBS-001795,SOURCE_OBSERVATIONS
CEV-000137,CNF-00093,OBS-001822,SOURCE_A,CADASTRAL_REVENUE,owner_name,Aarohan Heights Residents Association,OBS-GEO-001822,CURRENT_CONTEXT,SUPPORTS_SOURCE_A,,SOURCE_OBSERVATION,OBS-001822,SOURCE_OBSERVATIONS
CEV-000138,CNF-00093,OBS-001823,SOURCE_B,MUNICIPAL_PROPERTY,owner_name,A. Association,OBS-GEO-001823,CURRENT_CONTEXT,SUPPORTS_SOURCE_B,,SOURCE_OBSERVATION,OBS-001823,SOURCE_OBSERVATIONS
CEV-000139,CNF-00094,OBS-001822,SOURCE_A,CADASTRAL_REVENUE,temporal_state,2019-06-15,OBS-GEO-001822,OLDER_EVIDENCE,SUPPORTS_SOURCE_A,,SOURCE_OBSERVATION,OBS-001822,SOURCE_OBSERVATIONS
CEV-000140,CNF-00094,OBS-001826,SOURCE_B,DRONE_ORTHOPHOTO,temporal_state,2026-07-10,OBS-GEO-001826,NEWER_EVIDENCE,SUPPORTS_SOURCE_B,,SOURCE_OBSERVATION,OBS-001826,SOURCE_OBSERVATIONS
CEV-000141,CNF-00095,OBS-001849,SOURCE_A,CADASTRAL_REVENUE,area_sqm,907.58,OBS-GEO-001849,CURRENT_CONTEXT,SUPPORTS_SOURCE_A,,SOURCE_OBSERVATION,OBS-001849,SOURCE_OBSERVATIONS
CEV-000142,CNF-00095,OBS-001850,SOURCE_B,MUNICIPAL_PROPERTY,area_sqm,899.86,OBS-GEO-001850,CURRENT_CONTEXT,SUPPORTS_SOURCE_B,,SOURCE_OBSERVATION,OBS-001850,SOURCE_OBSERVATIONS
CEV-000143,CNF-00097,OBS-001892,SOURCE_A,CADASTRAL_REVENUE,temporal_state,2020-06-15,OBS-GEO-001892,OLDER_EVIDENCE,SUPPORTS_SOURCE_A,,SOURCE_OBSERVATION,OBS-001892,SOURCE_OBSERVATIONS
CEV-000144,CNF-00097,OBS-001896,SOURCE_B,DRONE_ORTHOPHOTO,temporal_state,2026-07-10,OBS-GEO-001896,NEWER_EVIDENCE,SUPPORTS_SOURCE_B,,SOURCE_OBSERVATION,OBS-001896,SOURCE_OBSERVATIONS
CEV-000145,CNF-00098,OBS-001909,SOURCE_A,CADASTRAL_REVENUE,area_sqm,877.91,OBS-GEO-001909,CURRENT_CONTEXT,SUPPORTS_SOURCE_A,,SOURCE_OBSERVATION,OBS-001909,SOURCE_OBSERVATIONS
CEV-000146,CNF-00098,OBS-001910,SOURCE_B,MUNICIPAL_PROPERTY,area_sqm,877.8,OBS-GEO-001910,CURRENT_CONTEXT,SUPPORTS_SOURCE_B,,SOURCE_OBSERVATION,OBS-001910,SOURCE_OBSERVATIONS
CEV-000147,CNF-00100,OBS-001959,SOURCE_A,CADASTRAL_REVENUE,owner_name,Aarohan Heights Residents Association,OBS-GEO-001959,CURRENT_CONTEXT,SUPPORTS_SOURCE_A,,SOURCE_OBSERVATION,OBS-001959,SOURCE_OBSERVATIONS
CEV-000148,CNF-00100,OBS-001960,SOURCE_B,MUNICIPAL_PROPERTY,owner_name,A. Association,OBS-GEO-001960,CURRENT_CONTEXT,SUPPORTS_SOURCE_B,,SOURCE_OBSERVATION,OBS-001960,SOURCE_OBSERVATIONS
CEV-000149,CNF-00101,OBS-001959,SOURCE_A,CADASTRAL_REVENUE,area_sqm,1021.09,OBS-GEO-001959,CURRENT_CONTEXT,SUPPORTS_SOURCE_A,,SOURCE_OBSERVATION,OBS-001959,SOURCE_OBSERVATIONS
CEV-000150,CNF-00101,OBS-001960,SOURCE_B,MUNICIPAL_PROPERTY,area_sqm,1020.73,OBS-GEO-001960,CURRENT_CONTEXT,SUPPORTS_SOURCE_B,,SOURCE_OBSERVATION,OBS-001960,SOURCE_OBSERVATIONS
CEV-000151,CNF-00102,OBS-001959,SOURCE_A,CADASTRAL_REVENUE,temporal_state,2021-06-15,OBS-GEO-001959,OLDER_EVIDENCE,SUPPORTS_SOURCE_A,,SOURCE_OBSERVATION,OBS-001959,SOURCE_OBSERVATIONS
CEV-000152,CNF-00102,OBS-001963,SOURCE_B,GNSS_CORS_SURVEY,temporal_state,2026-05-05,OBS-GEO-001963,NEWER_EVIDENCE,SUPPORTS_SOURCE_B,cm-level field survey,SOURCE_OBSERVATION,OBS-001963,SOURCE_OBSERVATIONS
CEV-000153,CNF-00104,OBS-002028,SOURCE_A,CADASTRAL_REVENUE,temporal_state,2022-06-15,OBS-GEO-002028,OLDER_EVIDENCE,SUPPORTS_SOURCE_A,alternate neighboring candidate plausible,SOURCE_OBSERVATION,OBS-002028,SOURCE_OBSERVATIONS
CEV-000154,CNF-00104,OBS-002030,SOURCE_B,BUILDING_GIS,temporal_state,2026-06-15,OBS-GEO-002030,NEWER_EVIDENCE,SUPPORTS_SOURCE_B,alternate neighboring candidate plausible,SOURCE_OBSERVATION,OBS-002030,SOURCE_OBSERVATIONS
CEV-000155,CNF-00106,OBS-002063,SOURCE_A,CADASTRAL_REVENUE,area_sqm,783.88,OBS-GEO-002063,CURRENT_CONTEXT,SUPPORTS_SOURCE_A,,SOURCE_OBSERVATION,OBS-002063,SOURCE_OBSERVATIONS
CEV-000156,CNF-00106,OBS-002064,SOURCE_B,MUNICIPAL_PROPERTY,area_sqm,759.54,OBS-GEO-002064,CURRENT_CONTEXT,SUPPORTS_SOURCE_B,,SOURCE_OBSERVATION,OBS-002064,SOURCE_OBSERVATIONS
CEV-000157,CNF-00107,OBS-002094,SOURCE_A,CADASTRAL_REVENUE,owner_name,Pramaan Redevelopment LLP,OBS-GEO-002094,CURRENT_CONTEXT,SUPPORTS_SOURCE_A,,SOURCE_OBSERVATION,OBS-002094,SOURCE_OBSERVATIONS
CEV-000158,CNF-00107,OBS-002095,SOURCE_B,MUNICIPAL_PROPERTY,owner_name,P. LLP,OBS-GEO-002095,CURRENT_CONTEXT,SUPPORTS_SOURCE_B,,SOURCE_OBSERVATION,OBS-002095,SOURCE_OBSERVATIONS
CEV-000159,CNF-00108,OBS-002094,SOURCE_A,CADASTRAL_REVENUE,temporal_state,2023-06-15,OBS-GEO-002094,OLDER_EVIDENCE,SUPPORTS_SOURCE_A,,SOURCE_OBSERVATION,OBS-002094,SOURCE_OBSERVATIONS
CEV-000160,CNF-00108,OBS-002098,SOURCE_B,DRONE_ORTHOPHOTO,temporal_state,2026-07-10,OBS-GEO-002098,NEWER_EVIDENCE,SUPPORTS_SOURCE_B,,SOURCE_OBSERVATION,OBS-002098,SOURCE_OBSERVATIONS
CEV-000161,CNF-00109,OBS-002114,SOURCE_A,CADASTRAL_REVENUE,area_sqm,1038.09,OBS-GEO-002114,CURRENT_CONTEXT,SUPPORTS_SOURCE_A,,SOURCE_OBSERVATION,OBS-002114,SOURCE_OBSERVATIONS
CEV-000162,CNF-00109,OBS-002115,SOURCE_B,MUNICIPAL_PROPERTY,area_sqm,1075.74,OBS-GEO-002115,CURRENT_CONTEXT,SUPPORTS_SOURCE_B,,SOURCE_OBSERVATION,OBS-002115,SOURCE_OBSERVATIONS
CEV-000163,CNF-00112,OBS-002189,SOURCE_A,CADASTRAL_REVENUE,area_sqm,640.57,OBS-GEO-002189,CURRENT_CONTEXT,SUPPORTS_SOURCE_A,,SOURCE_OBSERVATION,OBS-002189,SOURCE_OBSERVATIONS
CEV-000164,CNF-00112,OBS-002190,SOURCE_B,MUNICIPAL_PROPERTY,area_sqm,661.87,OBS-GEO-002190,CURRENT_CONTEXT,SUPPORTS_SOURCE_B,,SOURCE_OBSERVATION,OBS-002190,SOURCE_OBSERVATIONS
CEV-000165,CNF-00113,OBS-002202,SOURCE_A,CADASTRAL_REVENUE,temporal_state,2018-06-15,OBS-GEO-002202,OLDER_EVIDENCE,SUPPORTS_SOURCE_A,,SOURCE_OBSERVATION,OBS-002202,SOURCE_OBSERVATIONS
CEV-000166,CNF-00113,OBS-002205,SOURCE_B,DRONE_ORTHOPHOTO,temporal_state,2026-07-10,OBS-GEO-002205,NEWER_EVIDENCE,SUPPORTS_SOURCE_B,,SOURCE_OBSERVATION,OBS-002205,SOURCE_OBSERVATIONS
CEV-000167,CNF-00115,OBS-002240,SOURCE_A,CADASTRAL_REVENUE,area_sqm,740.19,OBS-GEO-002240,CURRENT_CONTEXT,SUPPORTS_SOURCE_A,,SOURCE_OBSERVATION,OBS-002240,SOURCE_OBSERVATIONS
CEV-000168,CNF-00115,OBS-002241,SOURCE_B,MUNICIPAL_PROPERTY,area_sqm,755.39,OBS-GEO-002241,CURRENT_CONTEXT,SUPPORTS_SOURCE_B,,SOURCE_OBSERVATION,OBS-002241,SOURCE_OBSERVATIONS
CEV-000169,CNF-00116,OBS-002263,SOURCE_A,CADASTRAL_REVENUE,temporal_state,2019-06-15,OBS-GEO-002263,OLDER_EVIDENCE,SUPPORTS_SOURCE_A,,SOURCE_OBSERVATION,OBS-002263,SOURCE_OBSERVATIONS
CEV-000170,CNF-00116,OBS-002265,SOURCE_B,BUILDING_GIS,temporal_state,2025-11-15,OBS-GEO-002265,NEWER_EVIDENCE,SUPPORTS_SOURCE_B,,SOURCE_OBSERVATION,OBS-002265,SOURCE_OBSERVATIONS
CEV-000171,CNF-00117,OBS-002286,SOURCE_A,CADASTRAL_REVENUE,area_sqm,1094.08,OBS-GEO-002286,CURRENT_CONTEXT,SUPPORTS_SOURCE_A,,SOURCE_OBSERVATION,OBS-002286,SOURCE_OBSERVATIONS
CEV-000172,CNF-00117,OBS-002287,SOURCE_B,MUNICIPAL_PROPERTY,area_sqm,1087.63,OBS-GEO-002287,CURRENT_CONTEXT,SUPPORTS_SOURCE_B,,SOURCE_OBSERVATION,OBS-002287,SOURCE_OBSERVATIONS
CEV-000173,CNF-00119,OBS-002324,SOURCE_A,CADASTRAL_REVENUE,temporal_state,2020-06-15,OBS-GEO-002324,OLDER_EVIDENCE,SUPPORTS_SOURCE_A,slight systematic cadastral shift,SOURCE_OBSERVATION,OBS-002324,SOURCE_OBSERVATIONS
CEV-000174,CNF-00119,OBS-002326,SOURCE_B,BUILDING_GIS,temporal_state,2026-06-15,OBS-GEO-002326,NEWER_EVIDENCE,SUPPORTS_SOURCE_B,,SOURCE_OBSERVATION,OBS-002326,SOURCE_OBSERVATIONS
CEV-000175,CNF-00120,OBS-002336,SOURCE_A,CADASTRAL_REVENUE,area_sqm,813.76,OBS-GEO-002336,CURRENT_CONTEXT,SUPPORTS_SOURCE_A,,SOURCE_OBSERVATION,OBS-002336,SOURCE_OBSERVATIONS
CEV-000176,CNF-00120,OBS-002337,SOURCE_B,MUNICIPAL_PROPERTY,area_sqm,812.97,OBS-GEO-002337,CURRENT_CONTEXT,SUPPORTS_SOURCE_B,,SOURCE_OBSERVATION,OBS-002337,SOURCE_OBSERVATIONS
CEV-000177,CNF-00122,OBS-002384,SOURCE_A,CADASTRAL_REVENUE,owner_name,Aarav Aggarwal,OBS-GEO-002384,CURRENT_CONTEXT,SUPPORTS_SOURCE_A,pre-road-widening boundary,SOURCE_OBSERVATION,OBS-002384,SOURCE_OBSERVATIONS
CEV-000178,CNF-00122,OBS-002385,SOURCE_B,MUNICIPAL_PROPERTY,owner_name,A. Aggarwal,OBS-GEO-002385,CURRENT_CONTEXT,SUPPORTS_SOURCE_B,,SOURCE_OBSERVATION,OBS-002385,SOURCE_OBSERVATIONS
CEV-000179,CNF-00123,OBS-002384,SOURCE_A,CADASTRAL_REVENUE,area_sqm,1111.41,OBS-GEO-002384,CURRENT_CONTEXT,SUPPORTS_SOURCE_A,pre-road-widening boundary,SOURCE_OBSERVATION,OBS-002384,SOURCE_OBSERVATIONS
CEV-000180,CNF-00123,OBS-002385,SOURCE_B,MUNICIPAL_PROPERTY,area_sqm,1002.51,OBS-GEO-002385,CURRENT_CONTEXT,SUPPORTS_SOURCE_B,,SOURCE_OBSERVATION,OBS-002385,SOURCE_OBSERVATIONS
CEV-000181,CNF-00124,OBS-002384,SOURCE_A,CADASTRAL_REVENUE,temporal_state,2021-06-15,OBS-GEO-002384,OLDER_EVIDENCE,SUPPORTS_SOURCE_A,pre-road-widening boundary,SOURCE_OBSERVATION,OBS-002384,SOURCE_OBSERVATIONS
CEV-000182,CNF-00124,OBS-002387,SOURCE_B,DRONE_ORTHOPHOTO,temporal_state,2026-07-10,OBS-GEO-002387,NEWER_EVIDENCE,SUPPORTS_SOURCE_B,,SOURCE_OBSERVATION,OBS-002387,SOURCE_OBSERVATIONS
CEV-000183,CNF-00126,OBS-002430,SOURCE_A,CADASTRAL_REVENUE,area_sqm,681.47,OBS-GEO-002430,CURRENT_CONTEXT,SUPPORTS_SOURCE_A,,SOURCE_OBSERVATION,OBS-002430,SOURCE_OBSERVATIONS
CEV-000184,CNF-00126,OBS-002431,SOURCE_B,MUNICIPAL_PROPERTY,area_sqm,662.84,OBS-GEO-002431,CURRENT_CONTEXT,SUPPORTS_SOURCE_B,,SOURCE_OBSERVATION,OBS-002431,SOURCE_OBSERVATIONS
CEV-000185,CNF-00127,OBS-002441,SOURCE_A,CADASTRAL_REVENUE,temporal_state,2022-06-15,OBS-GEO-002441,OLDER_EVIDENCE,SUPPORTS_SOURCE_A,,SOURCE_OBSERVATION,OBS-002441,SOURCE_OBSERVATIONS
CEV-000186,CNF-00127,OBS-002444,SOURCE_B,DRONE_ORTHOPHOTO,temporal_state,2026-07-10,OBS-GEO-002444,NEWER_EVIDENCE,SUPPORTS_SOURCE_B,,SOURCE_OBSERVATION,OBS-002444,SOURCE_OBSERVATIONS
CEV-000187,CNF-00129,OBS-002475,SOURCE_A,CADASTRAL_REVENUE,area_sqm,846.63,OBS-GEO-002475,CURRENT_CONTEXT,SUPPORTS_SOURCE_A,,SOURCE_OBSERVATION,OBS-002475,SOURCE_OBSERVATIONS
CEV-000188,CNF-00129,OBS-002476,SOURCE_B,MUNICIPAL_PROPERTY,area_sqm,852.53,OBS-GEO-002476,CURRENT_CONTEXT,SUPPORTS_SOURCE_B,,SOURCE_OBSERVATION,OBS-002476,SOURCE_OBSERVATIONS
CEV-000189,CNF-00130,OBS-002501,SOURCE_A,CADASTRAL_REVENUE,owner_name,Sneha Chawla,OBS-GEO-002501,CURRENT_CONTEXT,SUPPORTS_SOURCE_A,slight systematic cadastral shift,SOURCE_OBSERVATION,OBS-002501,SOURCE_OBSERVATIONS
CEV-000190,CNF-00130,OBS-002502,SOURCE_B,MUNICIPAL_PROPERTY,owner_name,S. Chawla,OBS-GEO-002502,CURRENT_CONTEXT,SUPPORTS_SOURCE_B,,SOURCE_OBSERVATION,OBS-002502,SOURCE_OBSERVATIONS
CEV-000191,CNF-00131,OBS-002501,SOURCE_A,CADASTRAL_REVENUE,temporal_state,2023-06-15,OBS-GEO-002501,OLDER_EVIDENCE,SUPPORTS_SOURCE_A,slight systematic cadastral shift,SOURCE_OBSERVATION,OBS-002501,SOURCE_OBSERVATIONS
CEV-000192,CNF-00131,OBS-002504,SOURCE_B,DRONE_ORTHOPHOTO,temporal_state,2026-07-10,OBS-GEO-002504,NEWER_EVIDENCE,SUPPORTS_SOURCE_B,,SOURCE_OBSERVATION,OBS-002504,SOURCE_OBSERVATIONS
CEV-000193,CNF-00132,OBS-002528,SOURCE_A,CADASTRAL_REVENUE,area_sqm,1109.31,OBS-GEO-002528,CURRENT_CONTEXT,SUPPORTS_SOURCE_A,,SOURCE_OBSERVATION,OBS-002528,SOURCE_OBSERVATIONS
CEV-000194,CNF-00132,OBS-002529,SOURCE_B,MUNICIPAL_PROPERTY,area_sqm,1134.9,OBS-GEO-002529,CURRENT_CONTEXT,SUPPORTS_SOURCE_B,,SOURCE_OBSERVATION,OBS-002529,SOURCE_OBSERVATIONS
CEV-000195,CNF-00135,OBS-002591,SOURCE_A,CADASTRAL_REVENUE,area_sqm,764.22,OBS-GEO-002591,CURRENT_CONTEXT,SUPPORTS_SOURCE_A,,SOURCE_OBSERVATION,OBS-002591,SOURCE_OBSERVATIONS
CEV-000196,CNF-00135,OBS-002592,SOURCE_B,MUNICIPAL_PROPERTY,area_sqm,793.49,OBS-GEO-002592,CURRENT_CONTEXT,SUPPORTS_SOURCE_B,,SOURCE_OBSERVATION,OBS-002592,SOURCE_OBSERVATIONS
CEV-000197,CNF-00136,OBS-002604,SOURCE_A,CADASTRAL_REVENUE,temporal_state,2018-06-15,OBS-GEO-002604,OLDER_EVIDENCE,SUPPORTS_SOURCE_A,,SOURCE_OBSERVATION,OBS-002604,SOURCE_OBSERVATIONS
CEV-000198,CNF-00136,OBS-002607,SOURCE_B,DRONE_ORTHOPHOTO,temporal_state,2026-07-10,OBS-GEO-002607,NEWER_EVIDENCE,SUPPORTS_SOURCE_B,,SOURCE_OBSERVATION,OBS-002607,SOURCE_OBSERVATIONS
CEV-000199,CNF-00138,OBS-002642,SOURCE_A,CADASTRAL_REVENUE,area_sqm,717.55,OBS-GEO-002642,CURRENT_CONTEXT,SUPPORTS_SOURCE_A,,SOURCE_OBSERVATION,OBS-002642,SOURCE_OBSERVATIONS
CEV-000200,CNF-00138,OBS-002643,SOURCE_B,MUNICIPAL_PROPERTY,area_sqm,734.96,OBS-GEO-002643,CURRENT_CONTEXT,SUPPORTS_SOURCE_B,,SOURCE_OBSERVATION,OBS-002643,SOURCE_OBSERVATIONS
CEV-000201,CNF-00139,OBS-002665,SOURCE_A,CADASTRAL_REVENUE,owner_name,Sneha Khanna,OBS-GEO-002665,CURRENT_CONTEXT,SUPPORTS_SOURCE_A,pre-road-widening boundary,SOURCE_OBSERVATION,OBS-002665,SOURCE_OBSERVATIONS
CEV-000202,CNF-00139,OBS-002666,SOURCE_B,MUNICIPAL_PROPERTY,owner_name,S. Khanna,OBS-GEO-002666,CURRENT_CONTEXT,SUPPORTS_SOURCE_B,,SOURCE_OBSERVATION,OBS-002666,SOURCE_OBSERVATIONS
CEV-000203,CNF-00140,OBS-002665,SOURCE_A,CADASTRAL_REVENUE,temporal_state,2019-06-15,OBS-GEO-002665,OLDER_EVIDENCE,SUPPORTS_SOURCE_A,pre-road-widening boundary,SOURCE_OBSERVATION,OBS-002665,SOURCE_OBSERVATIONS
CEV-000204,CNF-00140,OBS-002668,SOURCE_B,GNSS_CORS_SURVEY,temporal_state,2026-07-05,OBS-GEO-002668,NEWER_EVIDENCE,SUPPORTS_SOURCE_B,cm-level field survey,SOURCE_OBSERVATION,OBS-002668,SOURCE_OBSERVATIONS
CEV-000205,CNF-00141,OBS-002691,SOURCE_A,CADASTRAL_REVENUE,area_sqm,1206.21,OBS-GEO-002691,CURRENT_CONTEXT,SUPPORTS_SOURCE_A,,SOURCE_OBSERVATION,OBS-002691,SOURCE_OBSERVATIONS
CEV-000206,CNF-00141,OBS-002692,SOURCE_B,MUNICIPAL_PROPERTY,area_sqm,1179.84,OBS-GEO-002692,CURRENT_CONTEXT,SUPPORTS_SOURCE_B,,SOURCE_OBSERVATION,OBS-002692,SOURCE_OBSERVATIONS
CEV-000207,CNF-00143,OBS-002732,SOURCE_A,CADASTRAL_REVENUE,temporal_state,2020-06-15,OBS-GEO-002732,OLDER_EVIDENCE,SUPPORTS_SOURCE_A,old cadastral geometry contradicted by GNSS,SOURCE_OBSERVATION,OBS-002732,SOURCE_OBSERVATIONS
CEV-000208,CNF-00143,OBS-002734,SOURCE_B,BUILDING_GIS,temporal_state,2026-06-15,OBS-GEO-002734,NEWER_EVIDENCE,SUPPORTS_SOURCE_B,,SOURCE_OBSERVATION,OBS-002734,SOURCE_OBSERVATIONS
CEV-000209,CNF-00144,OBS-002744,SOURCE_A,CADASTRAL_REVENUE,area_sqm,662.22,OBS-GEO-002744,CURRENT_CONTEXT,SUPPORTS_SOURCE_A,,SOURCE_OBSERVATION,OBS-002744,SOURCE_OBSERVATIONS
CEV-000210,CNF-00144,OBS-002745,SOURCE_B,MUNICIPAL_PROPERTY,area_sqm,673.57,OBS-GEO-002745,CURRENT_CONTEXT,SUPPORTS_SOURCE_B,,SOURCE_OBSERVATION,OBS-002745,SOURCE_OBSERVATIONS
CEV-000211,CNF-00146,OBS-002788,SOURCE_A,CADASTRAL_REVENUE,owner_name,Aarav Saxena,OBS-GEO-002788,CURRENT_CONTEXT,SUPPORTS_SOURCE_A,,SOURCE_OBSERVATION,OBS-002788,SOURCE_OBSERVATIONS
CEV-000212,CNF-00146,OBS-002789,SOURCE_B,MUNICIPAL_PROPERTY,owner_name,A. Saxena,OBS-GEO-002789,CURRENT_CONTEXT,SUPPORTS_SOURCE_B,,SOURCE_OBSERVATION,OBS-002789,SOURCE_OBSERVATIONS
CEV-000213,CNF-00147,OBS-002788,SOURCE_A,CADASTRAL_REVENUE,area_sqm,1067.6,OBS-GEO-002788,CURRENT_CONTEXT,SUPPORTS_SOURCE_A,,SOURCE_OBSERVATION,OBS-002788,SOURCE_OBSERVATIONS
CEV-000214,CNF-00147,OBS-002789,SOURCE_B,MUNICIPAL_PROPERTY,area_sqm,1054.2,OBS-GEO-002789,CURRENT_CONTEXT,SUPPORTS_SOURCE_B,,SOURCE_OBSERVATION,OBS-002789,SOURCE_OBSERVATIONS
CEV-000215,CNF-00148,OBS-002788,SOURCE_A,CADASTRAL_REVENUE,temporal_state,2021-06-15,OBS-GEO-002788,OLDER_EVIDENCE,SUPPORTS_SOURCE_A,,SOURCE_OBSERVATION,OBS-002788,SOURCE_OBSERVATIONS
CEV-000216,CNF-00148,OBS-002791,SOURCE_B,DRONE_ORTHOPHOTO,temporal_state,2026-07-10,OBS-GEO-002791,NEWER_EVIDENCE,SUPPORTS_SOURCE_B,,SOURCE_OBSERVATION,OBS-002791,SOURCE_OBSERVATIONS
CEV-000217,CNF-00150,OBS-002834,SOURCE_A,CADASTRAL_REVENUE,area_sqm,874.12,OBS-GEO-002834,CURRENT_CONTEXT,SUPPORTS_SOURCE_A,,SOURCE_OBSERVATION,OBS-002834,SOURCE_OBSERVATIONS
CEV-000218,CNF-00150,OBS-002835,SOURCE_B,MUNICIPAL_PROPERTY,area_sqm,884.87,OBS-GEO-002835,CURRENT_CONTEXT,SUPPORTS_SOURCE_B,,SOURCE_OBSERVATION,OBS-002835,SOURCE_OBSERVATIONS
CEV-000219,CNF-00151,OBS-002849,SOURCE_A,CADASTRAL_REVENUE,temporal_state,2022-06-15,OBS-GEO-002849,OLDER_EVIDENCE,SUPPORTS_SOURCE_A,,SOURCE_OBSERVATION,OBS-002849,SOURCE_OBSERVATIONS
CEV-000220,CNF-00151,OBS-002853,SOURCE_B,DRONE_ORTHOPHOTO,temporal_state,2026-07-10,OBS-GEO-002853,NEWER_EVIDENCE,SUPPORTS_SOURCE_B,,SOURCE_OBSERVATION,OBS-002853,SOURCE_OBSERVATIONS
CEV-000221,CNF-00153,OBS-002892,SOURCE_A,CADASTRAL_REVENUE,area_sqm,727.54,OBS-GEO-002892,CURRENT_CONTEXT,SUPPORTS_SOURCE_A,alternate neighboring candidate plausible,SOURCE_OBSERVATION,OBS-002892,SOURCE_OBSERVATIONS
CEV-000222,CNF-00153,OBS-002894,SOURCE_B,BUILDING_GIS,area_sqm,754.83,OBS-GEO-002894,CURRENT_CONTEXT,SUPPORTS_SOURCE_B,alternate neighboring candidate plausible,SOURCE_OBSERVATION,OBS-002894,SOURCE_OBSERVATIONS
CEV-000223,CNF-00154,OBS-002920,SOURCE_A,CADASTRAL_REVENUE,owner_name,Sneha Bhatia,OBS-GEO-002920,CURRENT_CONTEXT,SUPPORTS_SOURCE_A,,SOURCE_OBSERVATION,OBS-002920,SOURCE_OBSERVATIONS
CEV-000224,CNF-00154,OBS-002921,SOURCE_B,MUNICIPAL_PROPERTY,owner_name,S. Bhatia,OBS-GEO-002921,CURRENT_CONTEXT,SUPPORTS_SOURCE_B,,SOURCE_OBSERVATION,OBS-002921,SOURCE_OBSERVATIONS
CEV-000225,CNF-00155,OBS-002920,SOURCE_A,CADASTRAL_REVENUE,temporal_state,2023-06-15,OBS-GEO-002920,OLDER_EVIDENCE,SUPPORTS_SOURCE_A,,SOURCE_OBSERVATION,OBS-002920,SOURCE_OBSERVATIONS
CEV-000226,CNF-00155,OBS-002923,SOURCE_B,DRONE_ORTHOPHOTO,temporal_state,2026-07-10,OBS-GEO-002923,NEWER_EVIDENCE,SUPPORTS_SOURCE_B,,SOURCE_OBSERVATION,OBS-002923,SOURCE_OBSERVATIONS
CEV-000227,CNF-00156,OBS-002947,SOURCE_A,CADASTRAL_REVENUE,area_sqm,1064.88,OBS-GEO-002947,CURRENT_CONTEXT,SUPPORTS_SOURCE_A,,SOURCE_OBSERVATION,OBS-002947,SOURCE_OBSERVATIONS
CEV-000228,CNF-00156,OBS-002948,SOURCE_B,BUILDING_GIS,area_sqm,1098.59,OBS-GEO-002948,CURRENT_CONTEXT,SUPPORTS_SOURCE_B,,SOURCE_OBSERVATION,OBS-002948,SOURCE_OBSERVATIONS
CEV-000229,CNF-00158,OBS-003022,SOURCE_A,CADASTRAL_REVENUE,area_sqm,825.48,OBS-GEO-003022,CURRENT_CONTEXT,SUPPORTS_SOURCE_A,,SOURCE_OBSERVATION,OBS-003022,SOURCE_OBSERVATIONS
CEV-000230,CNF-00158,OBS-003023,SOURCE_B,MUNICIPAL_PROPERTY,area_sqm,848.6,OBS-GEO-003023,CURRENT_CONTEXT,SUPPORTS_SOURCE_B,,SOURCE_OBSERVATION,OBS-003023,SOURCE_OBSERVATIONS
CEV-000231,CNF-00159,OBS-003034,SOURCE_A,CADASTRAL_REVENUE,temporal_state,2018-06-15,OBS-GEO-003034,OLDER_EVIDENCE,SUPPORTS_SOURCE_A,,SOURCE_OBSERVATION,OBS-003034,SOURCE_OBSERVATIONS
CEV-000232,CNF-00159,OBS-003038,SOURCE_B,DRONE_ORTHOPHOTO,temporal_state,2026-07-10,OBS-GEO-003038,NEWER_EVIDENCE,SUPPORTS_SOURCE_B,,SOURCE_OBSERVATION,OBS-003038,SOURCE_OBSERVATIONS
CEV-000233,CNF-00160,OBS-003074,SOURCE_A,CADASTRAL_REVENUE,area_sqm,801.24,OBS-GEO-003074,CURRENT_CONTEXT,SUPPORTS_SOURCE_A,,SOURCE_OBSERVATION,OBS-003074,SOURCE_OBSERVATIONS
CEV-000234,CNF-00160,OBS-003075,SOURCE_B,MUNICIPAL_PROPERTY,area_sqm,815.36,OBS-GEO-003075,CURRENT_CONTEXT,SUPPORTS_SOURCE_B,,SOURCE_OBSERVATION,OBS-003075,SOURCE_OBSERVATIONS
CEV-000235,CNF-00161,OBS-003100,SOURCE_A,CADASTRAL_REVENUE,temporal_state,2019-06-15,OBS-GEO-003100,OLDER_EVIDENCE,SUPPORTS_SOURCE_A,,SOURCE_OBSERVATION,OBS-003100,SOURCE_OBSERVATIONS
CEV-000236,CNF-00161,OBS-003104,SOURCE_B,DRONE_ORTHOPHOTO,temporal_state,2026-07-10,OBS-GEO-003104,NEWER_EVIDENCE,SUPPORTS_SOURCE_B,,SOURCE_OBSERVATION,OBS-003104,SOURCE_OBSERVATIONS
CEV-000237,CNF-00163,OBS-003161,SOURCE_A,CADASTRAL_REVENUE,temporal_state,2020-06-15,OBS-GEO-003161,OLDER_EVIDENCE,SUPPORTS_SOURCE_A,,SOURCE_OBSERVATION,OBS-003161,SOURCE_OBSERVATIONS
CEV-000238,CNF-00163,OBS-003164,SOURCE_B,DRONE_ORTHOPHOTO,temporal_state,2026-07-10,OBS-GEO-003164,NEWER_EVIDENCE,SUPPORTS_SOURCE_B,,SOURCE_OBSERVATION,OBS-003164,SOURCE_OBSERVATIONS
CEV-000239,CNF-00164,OBS-003172,SOURCE_A,CADASTRAL_REVENUE,area_sqm,695.67,OBS-GEO-003172,CURRENT_CONTEXT,SUPPORTS_SOURCE_A,,SOURCE_OBSERVATION,OBS-003172,SOURCE_OBSERVATIONS
CEV-000240,CNF-00164,OBS-003173,SOURCE_B,MUNICIPAL_PROPERTY,area_sqm,700.94,OBS-GEO-003173,CURRENT_CONTEXT,SUPPORTS_SOURCE_B,,SOURCE_OBSERVATION,OBS-003173,SOURCE_OBSERVATIONS
CEV-000241,CNF-00166,OBS-003223,SOURCE_A,CADASTRAL_REVENUE,owner_name,Pramaan Community Trust,OBS-GEO-003223,CURRENT_CONTEXT,SUPPORTS_SOURCE_A,,SOURCE_OBSERVATION,OBS-003223,SOURCE_OBSERVATIONS
CEV-000242,CNF-00166,OBS-003224,SOURCE_B,MUNICIPAL_PROPERTY,owner_name,P. Trust,OBS-GEO-003224,CURRENT_CONTEXT,SUPPORTS_SOURCE_B,,SOURCE_OBSERVATION,OBS-003224,SOURCE_OBSERVATIONS
CEV-000243,CNF-00167,OBS-003223,SOURCE_A,CADASTRAL_REVENUE,area_sqm,967.68,OBS-GEO-003223,CURRENT_CONTEXT,SUPPORTS_SOURCE_A,,SOURCE_OBSERVATION,OBS-003223,SOURCE_OBSERVATIONS
CEV-000244,CNF-00167,OBS-003224,SOURCE_B,MUNICIPAL_PROPERTY,area_sqm,965.82,OBS-GEO-003224,CURRENT_CONTEXT,SUPPORTS_SOURCE_B,,SOURCE_OBSERVATION,OBS-003224,SOURCE_OBSERVATIONS
CEV-000245,CNF-00168,OBS-003223,SOURCE_A,CADASTRAL_REVENUE,temporal_state,2021-06-15,OBS-GEO-003223,OLDER_EVIDENCE,SUPPORTS_SOURCE_A,,SOURCE_OBSERVATION,OBS-003223,SOURCE_OBSERVATIONS
CEV-000246,CNF-00168,OBS-003225,SOURCE_B,DRONE_ORTHOPHOTO,temporal_state,2026-07-10,OBS-GEO-003225,NEWER_EVIDENCE,SUPPORTS_SOURCE_B,,SOURCE_OBSERVATION,OBS-003225,SOURCE_OBSERVATIONS
CEV-000247,CNF-00170,OBS-003269,SOURCE_A,CADASTRAL_REVENUE,area_sqm,836.97,OBS-GEO-003269,CURRENT_CONTEXT,SUPPORTS_SOURCE_A,,SOURCE_OBSERVATION,OBS-003269,SOURCE_OBSERVATIONS
CEV-000248,CNF-00170,OBS-003270,SOURCE_B,MUNICIPAL_PROPERTY,area_sqm,817.8,OBS-GEO-003270,CURRENT_CONTEXT,SUPPORTS_SOURCE_B,,SOURCE_OBSERVATION,OBS-003270,SOURCE_OBSERVATIONS
CEV-000249,CNF-00171,OBS-003283,SOURCE_A,CADASTRAL_REVENUE,temporal_state,2022-06-15,OBS-GEO-003283,OLDER_EVIDENCE,SUPPORTS_SOURCE_A,,SOURCE_OBSERVATION,OBS-003283,SOURCE_OBSERVATIONS
CEV-000250,CNF-00171,OBS-003286,SOURCE_B,DRONE_ORTHOPHOTO,temporal_state,2026-07-10,OBS-GEO-003286,NEWER_EVIDENCE,SUPPORTS_SOURCE_B,,SOURCE_OBSERVATION,OBS-003286,SOURCE_OBSERVATIONS
CEV-000251,CNF-00173,OBS-003322,SOURCE_A,CADASTRAL_REVENUE,area_sqm,707.36,OBS-GEO-003322,CURRENT_CONTEXT,SUPPORTS_SOURCE_A,,SOURCE_OBSERVATION,OBS-003322,SOURCE_OBSERVATIONS
CEV-000252,CNF-00173,OBS-003323,SOURCE_B,MUNICIPAL_PROPERTY,area_sqm,724.95,OBS-GEO-003323,CURRENT_CONTEXT,SUPPORTS_SOURCE_B,private occupier on government parcel,SOURCE_OBSERVATION,OBS-003323,SOURCE_OBSERVATIONS
CEV-000253,CNF-00174,OBS-003348,SOURCE_A,CADASTRAL_REVENUE,temporal_state,2023-06-15,OBS-GEO-003348,OLDER_EVIDENCE,SUPPORTS_SOURCE_A,,SOURCE_OBSERVATION,OBS-003348,SOURCE_OBSERVATIONS
CEV-000254,CNF-00174,OBS-003349,SOURCE_B,MUNICIPAL_PROPERTY,temporal_state,2026-09-10,OBS-GEO-003349,NEWER_EVIDENCE,SUPPORTS_SOURCE_B,,SOURCE_OBSERVATION,OBS-003349,SOURCE_OBSERVATIONS
CEV-000255,CNF-00175,OBS-003375,SOURCE_A,CADASTRAL_REVENUE,area_sqm,922.63,OBS-GEO-003375,CURRENT_CONTEXT,SUPPORTS_SOURCE_A,slight systematic cadastral shift,SOURCE_OBSERVATION,OBS-003375,SOURCE_OBSERVATIONS
CEV-000256,CNF-00175,OBS-003376,SOURCE_B,MUNICIPAL_PROPERTY,area_sqm,932.98,OBS-GEO-003376,CURRENT_CONTEXT,SUPPORTS_SOURCE_B,,SOURCE_OBSERVATION,OBS-003376,SOURCE_OBSERVATIONS
CEV-000257,CNF-00177,OBS-003445,SOURCE_A,CADASTRAL_REVENUE,area_sqm,743.95,OBS-GEO-003445,CURRENT_CONTEXT,SUPPORTS_SOURCE_A,,SOURCE_OBSERVATION,OBS-003445,SOURCE_OBSERVATIONS
CEV-000258,CNF-00177,OBS-003446,SOURCE_B,MUNICIPAL_PROPERTY,area_sqm,765.48,OBS-GEO-003446,CURRENT_CONTEXT,SUPPORTS_SOURCE_B,,SOURCE_OBSERVATION,OBS-003446,SOURCE_OBSERVATIONS
CEV-000259,CNF-00178,OBS-003455,SOURCE_A,CADASTRAL_REVENUE,temporal_state,2018-06-15,OBS-GEO-003455,OLDER_EVIDENCE,SUPPORTS_SOURCE_A,,SOURCE_OBSERVATION,OBS-003455,SOURCE_OBSERVATIONS
CEV-000260,CNF-00178,OBS-003458,SOURCE_B,DRONE_ORTHOPHOTO,temporal_state,2026-07-10,OBS-GEO-003458,NEWER_EVIDENCE,SUPPORTS_SOURCE_B,,SOURCE_OBSERVATION,OBS-003458,SOURCE_OBSERVATIONS
CEV-000261,CNF-00180,OBS-003496,SOURCE_A,CADASTRAL_REVENUE,area_sqm,816.6,OBS-GEO-003496,CURRENT_CONTEXT,SUPPORTS_SOURCE_A,,SOURCE_OBSERVATION,OBS-003496,SOURCE_OBSERVATIONS
CEV-000262,CNF-00180,OBS-003497,SOURCE_B,MUNICIPAL_PROPERTY,area_sqm,837.52,OBS-GEO-003497,CURRENT_CONTEXT,SUPPORTS_SOURCE_B,,SOURCE_OBSERVATION,OBS-003497,SOURCE_OBSERVATIONS
CEV-000263,CNF-00181,OBS-003520,SOURCE_A,CADASTRAL_REVENUE,owner_name,Sneha Aggarwal,OBS-GEO-003520,CURRENT_CONTEXT,SUPPORTS_SOURCE_A,old cadastral geometry contradicted by GNSS,SOURCE_OBSERVATION,OBS-003520,SOURCE_OBSERVATIONS
CEV-000264,CNF-00181,OBS-003521,SOURCE_B,MUNICIPAL_PROPERTY,owner_name,S. Aggarwal,OBS-GEO-003521,CURRENT_CONTEXT,SUPPORTS_SOURCE_B,,SOURCE_OBSERVATION,OBS-003521,SOURCE_OBSERVATIONS
CEV-000265,CNF-00182,OBS-003520,SOURCE_A,CADASTRAL_REVENUE,temporal_state,2019-06-15,OBS-GEO-003520,OLDER_EVIDENCE,SUPPORTS_SOURCE_A,old cadastral geometry contradicted by GNSS,SOURCE_OBSERVATION,OBS-003520,SOURCE_OBSERVATIONS
CEV-000266,CNF-00182,OBS-003523,SOURCE_B,DRONE_ORTHOPHOTO,temporal_state,2026-07-10,OBS-GEO-003523,NEWER_EVIDENCE,SUPPORTS_SOURCE_B,,SOURCE_OBSERVATION,OBS-003523,SOURCE_OBSERVATIONS
CEV-000267,CNF-00183,OBS-003546,SOURCE_A,CADASTRAL_REVENUE,area_sqm,869.96,OBS-GEO-003546,CURRENT_CONTEXT,SUPPORTS_SOURCE_A,,SOURCE_OBSERVATION,OBS-003546,SOURCE_OBSERVATIONS
CEV-000268,CNF-00183,OBS-003547,SOURCE_B,MUNICIPAL_PROPERTY,area_sqm,867.02,OBS-GEO-003547,CURRENT_CONTEXT,SUPPORTS_SOURCE_B,,SOURCE_OBSERVATION,OBS-003547,SOURCE_OBSERVATIONS
CEV-000269,CNF-00185,OBS-003585,SOURCE_A,CADASTRAL_REVENUE,temporal_state,2020-06-15,OBS-GEO-003585,OLDER_EVIDENCE,SUPPORTS_SOURCE_A,,SOURCE_OBSERVATION,OBS-003585,SOURCE_OBSERVATIONS
CEV-000270,CNF-00185,OBS-003588,SOURCE_B,DRONE_ORTHOPHOTO,temporal_state,2026-07-10,OBS-GEO-003588,NEWER_EVIDENCE,SUPPORTS_SOURCE_B,,SOURCE_OBSERVATION,OBS-003588,SOURCE_OBSERVATIONS
CEV-000271,CNF-00186,OBS-003597,SOURCE_A,CADASTRAL_REVENUE,area_sqm,790.6,OBS-GEO-003597,CURRENT_CONTEXT,SUPPORTS_SOURCE_A,,SOURCE_OBSERVATION,OBS-003597,SOURCE_OBSERVATIONS
CEV-000272,CNF-00186,OBS-003598,SOURCE_B,MUNICIPAL_PROPERTY,area_sqm,817.45,OBS-GEO-003598,CURRENT_CONTEXT,SUPPORTS_SOURCE_B,,SOURCE_OBSERVATION,OBS-003598,SOURCE_OBSERVATIONS
CEV-000273,CNF-00188,OBS-003644,SOURCE_A,CADASTRAL_REVENUE,owner_name,Aarav Chawla,OBS-GEO-003644,CURRENT_CONTEXT,SUPPORTS_SOURCE_A,alternate neighboring candidate plausible,SOURCE_OBSERVATION,OBS-003644,SOURCE_OBSERVATIONS
CEV-000274,CNF-00188,OBS-003645,SOURCE_B,MUNICIPAL_PROPERTY,owner_name,A. Chawla,OBS-GEO-003645,CURRENT_CONTEXT,SUPPORTS_SOURCE_B,alternate neighboring candidate plausible,SOURCE_OBSERVATION,OBS-003645,SOURCE_OBSERVATIONS
CEV-000275,CNF-00189,OBS-003644,SOURCE_A,CADASTRAL_REVENUE,area_sqm,1047.16,OBS-GEO-003644,CURRENT_CONTEXT,SUPPORTS_SOURCE_A,alternate neighboring candidate plausible,SOURCE_OBSERVATION,OBS-003644,SOURCE_OBSERVATIONS
CEV-000276,CNF-00189,OBS-003645,SOURCE_B,MUNICIPAL_PROPERTY,area_sqm,1083.42,OBS-GEO-003645,CURRENT_CONTEXT,SUPPORTS_SOURCE_B,alternate neighboring candidate plausible,SOURCE_OBSERVATION,OBS-003645,SOURCE_OBSERVATIONS
CEV-000277,CNF-00190,OBS-003644,SOURCE_A,CADASTRAL_REVENUE,temporal_state,2021-06-15,OBS-GEO-003644,OLDER_EVIDENCE,SUPPORTS_SOURCE_A,alternate neighboring candidate plausible,SOURCE_OBSERVATION,OBS-003644,SOURCE_OBSERVATIONS
CEV-000278,CNF-00190,OBS-003647,SOURCE_B,DRONE_ORTHOPHOTO,temporal_state,2026-07-10,OBS-GEO-003647,NEWER_EVIDENCE,SUPPORTS_SOURCE_B,alternate neighboring candidate plausible,SOURCE_OBSERVATION,OBS-003647,SOURCE_OBSERVATIONS
CEV-000279,CNF-00192,OBS-003689,SOURCE_A,CADASTRAL_REVENUE,area_sqm,656.78,OBS-GEO-003689,CURRENT_CONTEXT,SUPPORTS_SOURCE_A,,SOURCE_OBSERVATION,OBS-003689,SOURCE_OBSERVATIONS
CEV-000280,CNF-00192,OBS-003690,SOURCE_B,MUNICIPAL_PROPERTY,area_sqm,660.45,OBS-GEO-003690,CURRENT_CONTEXT,SUPPORTS_SOURCE_B,,SOURCE_OBSERVATION,OBS-003690,SOURCE_OBSERVATIONS
CEV-000281,CNF-00193,OBS-003703,SOURCE_A,CADASTRAL_REVENUE,temporal_state,2022-06-15,OBS-GEO-003703,OLDER_EVIDENCE,SUPPORTS_SOURCE_A,,SOURCE_OBSERVATION,OBS-003703,SOURCE_OBSERVATIONS
CEV-000282,CNF-00193,OBS-003707,SOURCE_B,DRONE_ORTHOPHOTO,temporal_state,2026-07-10,OBS-GEO-003707,NEWER_EVIDENCE,SUPPORTS_SOURCE_B,,SOURCE_OBSERVATION,OBS-003707,SOURCE_OBSERVATIONS
CEV-000283,CNF-00195,OBS-003742,SOURCE_A,CADASTRAL_REVENUE,area_sqm,748.28,OBS-GEO-003742,CURRENT_CONTEXT,SUPPORTS_SOURCE_A,slight systematic cadastral shift; alternate neighboring candidate plausible,SOURCE_OBSERVATION,OBS-003742,SOURCE_OBSERVATIONS
CEV-000284,CNF-00195,OBS-003744,SOURCE_B,DRONE_ORTHOPHOTO,area_sqm,776.62,OBS-GEO-003744,CURRENT_CONTEXT,SUPPORTS_SOURCE_B,alternate neighboring candidate plausible,SOURCE_OBSERVATION,OBS-003744,SOURCE_OBSERVATIONS
CEV-000285,CNF-00196,OBS-003770,SOURCE_A,CADASTRAL_REVENUE,owner_name,Pramaan Community Trust,OBS-GEO-003770,CURRENT_CONTEXT,SUPPORTS_SOURCE_A,,SOURCE_OBSERVATION,OBS-003770,SOURCE_OBSERVATIONS
CEV-000286,CNF-00196,OBS-003771,SOURCE_B,MUNICIPAL_PROPERTY,owner_name,P. Trust,OBS-GEO-003771,CURRENT_CONTEXT,SUPPORTS_SOURCE_B,,SOURCE_OBSERVATION,OBS-003771,SOURCE_OBSERVATIONS
CEV-000287,CNF-00197,OBS-003770,SOURCE_A,CADASTRAL_REVENUE,temporal_state,2023-06-15,OBS-GEO-003770,OLDER_EVIDENCE,SUPPORTS_SOURCE_A,,SOURCE_OBSERVATION,OBS-003770,SOURCE_OBSERVATIONS
CEV-000288,CNF-00197,OBS-003771,SOURCE_B,MUNICIPAL_PROPERTY,temporal_state,2026-09-10,OBS-GEO-003771,NEWER_EVIDENCE,SUPPORTS_SOURCE_B,,SOURCE_OBSERVATION,OBS-003771,SOURCE_OBSERVATIONS
CEV-000289,CNF-00198,OBS-003796,SOURCE_A,CADASTRAL_REVENUE,area_sqm,950.42,OBS-GEO-003796,CURRENT_CONTEXT,SUPPORTS_SOURCE_A,,SOURCE_OBSERVATION,OBS-003796,SOURCE_OBSERVATIONS
CEV-000290,CNF-00198,OBS-003797,SOURCE_B,MUNICIPAL_PROPERTY,area_sqm,948.71,OBS-GEO-003797,CURRENT_CONTEXT,SUPPORTS_SOURCE_B,,SOURCE_OBSERVATION,OBS-003797,SOURCE_OBSERVATIONS
CEV-000291,CNF-00201,OBS-003868,SOURCE_A,CADASTRAL_REVENUE,area_sqm,726.66,OBS-GEO-003868,CURRENT_CONTEXT,SUPPORTS_SOURCE_A,,SOURCE_OBSERVATION,OBS-003868,SOURCE_OBSERVATIONS
CEV-000292,CNF-00201,OBS-003869,SOURCE_B,MUNICIPAL_PROPERTY,area_sqm,745.82,OBS-GEO-003869,CURRENT_CONTEXT,SUPPORTS_SOURCE_B,,SOURCE_OBSERVATION,OBS-003869,SOURCE_OBSERVATIONS
CEV-000293,CNF-00202,OBS-003883,SOURCE_A,CADASTRAL_REVENUE,temporal_state,2018-06-15,OBS-GEO-003883,OLDER_EVIDENCE,SUPPORTS_SOURCE_A,,SOURCE_OBSERVATION,OBS-003883,SOURCE_OBSERVATIONS
CEV-000294,CNF-00202,OBS-003887,SOURCE_B,DRONE_ORTHOPHOTO,temporal_state,2026-07-10,OBS-GEO-003887,NEWER_EVIDENCE,SUPPORTS_SOURCE_B,,SOURCE_OBSERVATION,OBS-003887,SOURCE_OBSERVATIONS
CEV-000295,CNF-00204,OBS-003920,SOURCE_A,CADASTRAL_REVENUE,area_sqm,667.92,OBS-GEO-003920,CURRENT_CONTEXT,SUPPORTS_SOURCE_A,,SOURCE_OBSERVATION,OBS-003920,SOURCE_OBSERVATIONS
CEV-000296,CNF-00204,OBS-003921,SOURCE_B,MUNICIPAL_PROPERTY,area_sqm,658.62,OBS-GEO-003921,CURRENT_CONTEXT,SUPPORTS_SOURCE_B,,SOURCE_OBSERVATION,OBS-003921,SOURCE_OBSERVATIONS
CEV-000297,CNF-00205,OBS-003948,SOURCE_A,CADASTRAL_REVENUE,owner_name,Sneha Saxena,OBS-GEO-003948,CURRENT_CONTEXT,SUPPORTS_SOURCE_A,,SOURCE_OBSERVATION,OBS-003948,SOURCE_OBSERVATIONS
CEV-000298,CNF-00205,OBS-003949,SOURCE_B,MUNICIPAL_PROPERTY,owner_name,S. Saxena,OBS-GEO-003949,CURRENT_CONTEXT,SUPPORTS_SOURCE_B,,SOURCE_OBSERVATION,OBS-003949,SOURCE_OBSERVATIONS
CEV-000299,CNF-00206,OBS-003948,SOURCE_A,CADASTRAL_REVENUE,temporal_state,2019-06-15,OBS-GEO-003948,OLDER_EVIDENCE,SUPPORTS_SOURCE_A,,SOURCE_OBSERVATION,OBS-003948,SOURCE_OBSERVATIONS
CEV-000300,CNF-00206,OBS-003950,SOURCE_B,DRONE_ORTHOPHOTO,temporal_state,2026-07-10,OBS-GEO-003950,NEWER_EVIDENCE,SUPPORTS_SOURCE_B,,SOURCE_OBSERVATION,OBS-003950,SOURCE_OBSERVATIONS
CEV-000301,CNF-00207,OBS-003976,SOURCE_A,CADASTRAL_REVENUE,area_sqm,1021.49,OBS-GEO-003976,CURRENT_CONTEXT,SUPPORTS_SOURCE_A,,SOURCE_OBSERVATION,OBS-003976,SOURCE_OBSERVATIONS
CEV-000302,CNF-00207,OBS-003977,SOURCE_B,MUNICIPAL_PROPERTY,area_sqm,1024.59,OBS-GEO-003977,CURRENT_CONTEXT,SUPPORTS_SOURCE_B,,SOURCE_OBSERVATION,OBS-003977,SOURCE_OBSERVATIONS
CEV-000303,CNF-00209,OBS-004016,SOURCE_A,CADASTRAL_REVENUE,temporal_state,2020-06-15,OBS-GEO-004016,OLDER_EVIDENCE,SUPPORTS_SOURCE_A,,SOURCE_OBSERVATION,OBS-004016,SOURCE_OBSERVATIONS
CEV-000304,CNF-00209,OBS-004020,SOURCE_B,DRONE_ORTHOPHOTO,temporal_state,2026-07-10,OBS-GEO-004020,NEWER_EVIDENCE,SUPPORTS_SOURCE_B,,SOURCE_OBSERVATION,OBS-004020,SOURCE_OBSERVATIONS
CEV-000305,CNF-00210,OBS-004031,SOURCE_A,CADASTRAL_REVENUE,area_sqm,762.11,OBS-GEO-004031,CURRENT_CONTEXT,SUPPORTS_SOURCE_A,,SOURCE_OBSERVATION,OBS-004031,SOURCE_OBSERVATIONS
CEV-000306,CNF-00210,OBS-004033,SOURCE_B,DRONE_ORTHOPHOTO,area_sqm,785.36,OBS-GEO-004033,CURRENT_CONTEXT,SUPPORTS_SOURCE_B,,SOURCE_OBSERVATION,OBS-004033,SOURCE_OBSERVATIONS
CEV-000307,CNF-00212,OBS-004081,SOURCE_A,CADASTRAL_REVENUE,owner_name,Aarav Bhatia,OBS-GEO-004081,CURRENT_CONTEXT,SUPPORTS_SOURCE_A,,SOURCE_OBSERVATION,OBS-004081,SOURCE_OBSERVATIONS
CEV-000308,CNF-00212,OBS-004082,SOURCE_B,MUNICIPAL_PROPERTY,owner_name,A. Bhatia,OBS-GEO-004082,CURRENT_CONTEXT,SUPPORTS_SOURCE_B,,SOURCE_OBSERVATION,OBS-004082,SOURCE_OBSERVATIONS
CEV-000309,CNF-00213,OBS-004081,SOURCE_A,CADASTRAL_REVENUE,area_sqm,1209.85,OBS-GEO-004081,CURRENT_CONTEXT,SUPPORTS_SOURCE_A,,SOURCE_OBSERVATION,OBS-004081,SOURCE_OBSERVATIONS
CEV-000310,CNF-00213,OBS-004082,SOURCE_B,MUNICIPAL_PROPERTY,area_sqm,1245.87,OBS-GEO-004082,CURRENT_CONTEXT,SUPPORTS_SOURCE_B,,SOURCE_OBSERVATION,OBS-004082,SOURCE_OBSERVATIONS
CEV-000311,CNF-00214,OBS-004081,SOURCE_A,CADASTRAL_REVENUE,temporal_state,2021-06-15,OBS-GEO-004081,OLDER_EVIDENCE,SUPPORTS_SOURCE_A,,SOURCE_OBSERVATION,OBS-004081,SOURCE_OBSERVATIONS
CEV-000312,CNF-00214,OBS-004084,SOURCE_B,DRONE_ORTHOPHOTO,temporal_state,2026-07-10,OBS-GEO-004084,NEWER_EVIDENCE,SUPPORTS_SOURCE_B,,SOURCE_OBSERVATION,OBS-004084,SOURCE_OBSERVATIONS
CEV-000313,CNF-00216,OBS-004138,SOURCE_A,CADASTRAL_REVENUE,area_sqm,665.2,OBS-GEO-004138,CURRENT_CONTEXT,SUPPORTS_SOURCE_A,,SOURCE_OBSERVATION,OBS-004138,SOURCE_OBSERVATIONS
CEV-000314,CNF-00216,OBS-004139,SOURCE_B,MUNICIPAL_PROPERTY,area_sqm,664.24,OBS-GEO-004139,CURRENT_CONTEXT,SUPPORTS_SOURCE_B,municipal owner differs,SOURCE_OBSERVATION,OBS-004139,SOURCE_OBSERVATIONS
CEV-000315,CNF-00217,OBS-004153,SOURCE_A,CADASTRAL_REVENUE,temporal_state,2022-06-15,OBS-GEO-004153,OLDER_EVIDENCE,SUPPORTS_SOURCE_A,,SOURCE_OBSERVATION,OBS-004153,SOURCE_OBSERVATIONS
CEV-000316,CNF-00217,OBS-004157,SOURCE_B,DRONE_ORTHOPHOTO,temporal_state,2026-07-10,OBS-GEO-004157,NEWER_EVIDENCE,SUPPORTS_SOURCE_B,,SOURCE_OBSERVATION,OBS-004157,SOURCE_OBSERVATIONS
CEV-000317,CNF-00219,OBS-004191,SOURCE_A,CADASTRAL_REVENUE,area_sqm,729.7,OBS-GEO-004191,CURRENT_CONTEXT,SUPPORTS_SOURCE_A,,SOURCE_OBSERVATION,OBS-004191,SOURCE_OBSERVATIONS
CEV-000318,CNF-00219,OBS-004192,SOURCE_B,MUNICIPAL_PROPERTY,area_sqm,736.82,OBS-GEO-004192,CURRENT_CONTEXT,SUPPORTS_SOURCE_B,,SOURCE_OBSERVATION,OBS-004192,SOURCE_OBSERVATIONS
CEV-000319,CNF-00220,OBS-004222,SOURCE_A,CADASTRAL_REVENUE,temporal_state,2023-06-15,OBS-GEO-004222,OLDER_EVIDENCE,SUPPORTS_SOURCE_A,,SOURCE_OBSERVATION,OBS-004222,SOURCE_OBSERVATIONS
CEV-000320,CNF-00220,OBS-004223,SOURCE_B,MUNICIPAL_PROPERTY,temporal_state,2026-09-10,OBS-GEO-004223,NEWER_EVIDENCE,SUPPORTS_SOURCE_B,,SOURCE_OBSERVATION,OBS-004223,SOURCE_OBSERVATIONS
CEV-000321,CNF-00221,OBS-004251,SOURCE_A,CADASTRAL_REVENUE,area_sqm,1157,OBS-GEO-004251,CURRENT_CONTEXT,SUPPORTS_SOURCE_A,,SOURCE_OBSERVATION,OBS-004251,SOURCE_OBSERVATIONS
CEV-000322,CNF-00221,OBS-004252,SOURCE_B,MUNICIPAL_PROPERTY,area_sqm,1167.48,OBS-GEO-004252,CURRENT_CONTEXT,SUPPORTS_SOURCE_B,,SOURCE_OBSERVATION,OBS-004252,SOURCE_OBSERVATIONS
CEV-000323,CNF-00222,OBS-003423,SOURCE_A,CADASTRAL_REVENUE,geometry,OBS-GEO-003423,OBS-GEO-003423,CURRENT_CONTEXT,SUPPORTS_SOURCE_A,slight systematic cadastral shift,SOURCE_OBSERVATION,OBS-003423,SOURCE_OBSERVATIONS
CEV-000324,CNF-00222,OBS-003426,SOURCE_B,DRONE_ORTHOPHOTO,geometry,OBS-GEO-003426,OBS-GEO-003426,CURRENT_CONTEXT,SUPPORTS_SOURCE_B,,SOURCE_OBSERVATION,OBS-003426,SOURCE_OBSERVATIONS
CEV-000325,CNF-00223,OBS-002913,SOURCE_A,CADASTRAL_REVENUE,geometry,OBS-GEO-002913,OBS-GEO-002913,CURRENT_CONTEXT,SUPPORTS_SOURCE_A,slight systematic cadastral shift,SOURCE_OBSERVATION,OBS-002913,SOURCE_OBSERVATIONS
CEV-000326,CNF-00223,OBS-002915,SOURCE_B,BUILDING_GIS,geometry,OBS-GEO-002915,OBS-GEO-002915,CURRENT_CONTEXT,SUPPORTS_SOURCE_B,,SOURCE_OBSERVATION,OBS-002915,SOURCE_OBSERVATIONS
CEV-000327,CNF-00224,OBS-001619,SOURCE_A,CADASTRAL_REVENUE,geometry,OBS-GEO-001619,OBS-GEO-001619,CURRENT_CONTEXT,SUPPORTS_SOURCE_A,slight systematic cadastral shift,SOURCE_OBSERVATION,OBS-001619,SOURCE_OBSERVATIONS
CEV-000328,CNF-00224,OBS-001622,SOURCE_B,DRONE_ORTHOPHOTO,geometry,OBS-GEO-001622,OBS-GEO-001622,CURRENT_CONTEXT,SUPPORTS_SOURCE_B,,SOURCE_OBSERVATION,OBS-001622,SOURCE_OBSERVATIONS
CEV-000329,CNF-00225,OBS-002661,SOURCE_A,CADASTRAL_REVENUE,geometry,OBS-GEO-002661,OBS-GEO-002661,CURRENT_CONTEXT,SUPPORTS_SOURCE_A,slight systematic cadastral shift,SOURCE_OBSERVATION,OBS-002661,SOURCE_OBSERVATIONS
CEV-000330,CNF-00225,OBS-002664,SOURCE_B,DRONE_ORTHOPHOTO,geometry,OBS-GEO-002664,OBS-GEO-002664,CURRENT_CONTEXT,SUPPORTS_SOURCE_B,,SOURCE_OBSERVATION,OBS-002664,SOURCE_OBSERVATIONS
CEV-000331,CNF-00226,OBS-003807,SOURCE_A,CADASTRAL_REVENUE,geometry,OBS-GEO-003807,OBS-GEO-003807,CURRENT_CONTEXT,SUPPORTS_SOURCE_A,slight systematic cadastral shift,SOURCE_OBSERVATION,OBS-003807,SOURCE_OBSERVATIONS
CEV-000332,CNF-00226,OBS-003810,SOURCE_B,GNSS_CORS_SURVEY,geometry,OBS-GEO-003810,OBS-GEO-003810,CURRENT_CONTEXT,SUPPORTS_SOURCE_B,cm-level field survey,SOURCE_OBSERVATION,OBS-003810,SOURCE_OBSERVATIONS
CEV-000333,CNF-00227,OBS-000546,SOURCE_A,CADASTRAL_REVENUE,geometry,OBS-GEO-000546,OBS-GEO-000546,CURRENT_CONTEXT,SUPPORTS_SOURCE_A,slight systematic cadastral shift,SOURCE_OBSERVATION,OBS-000546,SOURCE_OBSERVATIONS
CEV-000334,CNF-00227,OBS-000549,SOURCE_B,GNSS_CORS_SURVEY,geometry,OBS-GEO-000549,OBS-GEO-000549,CURRENT_CONTEXT,SUPPORTS_SOURCE_B,cm-level field survey,SOURCE_OBSERVATION,OBS-000549,SOURCE_OBSERVATIONS
CEV-000335,CNF-00228,OBS-001590,SOURCE_A,CADASTRAL_REVENUE,geometry,OBS-GEO-001590,OBS-GEO-001590,CURRENT_CONTEXT,SUPPORTS_SOURCE_A,slight systematic cadastral shift,SOURCE_OBSERVATION,OBS-001590,SOURCE_OBSERVATIONS
CEV-000336,CNF-00228,OBS-001592,SOURCE_B,DRONE_ORTHOPHOTO,geometry,OBS-GEO-001592,OBS-GEO-001592,CURRENT_CONTEXT,SUPPORTS_SOURCE_B,,SOURCE_OBSERVATION,OBS-001592,SOURCE_OBSERVATIONS
CEV-000337,CNF-00229,OBS-001003,SOURCE_A,CADASTRAL_REVENUE,geometry,OBS-GEO-001003,OBS-GEO-001003,CURRENT_CONTEXT,SUPPORTS_SOURCE_A,slight systematic cadastral shift,SOURCE_OBSERVATION,OBS-001003,SOURCE_OBSERVATIONS
CEV-000338,CNF-00229,OBS-001006,SOURCE_B,DRONE_ORTHOPHOTO,geometry,OBS-GEO-001006,OBS-GEO-001006,CURRENT_CONTEXT,SUPPORTS_SOURCE_B,,SOURCE_OBSERVATION,OBS-001006,SOURCE_OBSERVATIONS
CEV-000339,CNF-00230,OBS-001179,SOURCE_A,CADASTRAL_REVENUE,geometry,OBS-GEO-001179,OBS-GEO-001179,CURRENT_CONTEXT,SUPPORTS_SOURCE_A,slight systematic cadastral shift,SOURCE_OBSERVATION,OBS-001179,SOURCE_OBSERVATIONS
CEV-000340,CNF-00230,OBS-001181,SOURCE_B,DRONE_ORTHOPHOTO,geometry,OBS-GEO-001181,OBS-GEO-001181,CURRENT_CONTEXT,SUPPORTS_SOURCE_B,,SOURCE_OBSERVATION,OBS-001181,SOURCE_OBSERVATIONS
CEV-000341,CNF-00231,OBS-002544,SOURCE_A,CADASTRAL_REVENUE,geometry,OBS-GEO-002544,OBS-GEO-002544,CURRENT_CONTEXT,SUPPORTS_SOURCE_A,slight systematic cadastral shift,SOURCE_OBSERVATION,OBS-002544,SOURCE_OBSERVATIONS
CEV-000342,CNF-00231,OBS-002546,SOURCE_B,BUILDING_GIS,geometry,OBS-GEO-002546,OBS-GEO-002546,CURRENT_CONTEXT,SUPPORTS_SOURCE_B,,SOURCE_OBSERVATION,OBS-002546,SOURCE_OBSERVATIONS
CEV-000343,CNF-00232,OBS-003676,SOURCE_A,CADASTRAL_REVENUE,geometry,OBS-GEO-003676,OBS-GEO-003676,CURRENT_CONTEXT,SUPPORTS_SOURCE_A,slight systematic cadastral shift,SOURCE_OBSERVATION,OBS-003676,SOURCE_OBSERVATIONS
CEV-000344,CNF-00232,OBS-003678,SOURCE_B,BUILDING_GIS,geometry,OBS-GEO-003678,OBS-GEO-003678,CURRENT_CONTEXT,SUPPORTS_SOURCE_B,,SOURCE_OBSERVATION,OBS-003678,SOURCE_OBSERVATIONS
CEV-000345,CNF-00233,OBS-000456,SOURCE_A,CADASTRAL_REVENUE,geometry,OBS-GEO-000456,OBS-GEO-000456,CURRENT_CONTEXT,SUPPORTS_SOURCE_A,slight systematic cadastral shift,SOURCE_OBSERVATION,OBS-000456,SOURCE_OBSERVATIONS
CEV-000346,CNF-00233,OBS-000457,SOURCE_B,MUNICIPAL_PROPERTY,geometry,OBS-GEO-000457,OBS-GEO-000457,CURRENT_CONTEXT,SUPPORTS_SOURCE_B,,SOURCE_OBSERVATION,OBS-000457,SOURCE_OBSERVATIONS
CEV-000347,CNF-00234,OBS-001106,SOURCE_A,CADASTRAL_REVENUE,geometry,OBS-GEO-001106,OBS-GEO-001106,CURRENT_CONTEXT,SUPPORTS_SOURCE_A,slight systematic cadastral shift,SOURCE_OBSERVATION,OBS-001106,SOURCE_OBSERVATIONS
CEV-000348,CNF-00234,OBS-001109,SOURCE_B,DRONE_ORTHOPHOTO,geometry,OBS-GEO-001109,OBS-GEO-001109,CURRENT_CONTEXT,SUPPORTS_SOURCE_B,,SOURCE_OBSERVATION,OBS-001109,SOURCE_OBSERVATIONS
CEV-000349,CNF-00235,OBS-001923,SOURCE_A,CADASTRAL_REVENUE,geometry,OBS-GEO-001923,OBS-GEO-001923,CURRENT_CONTEXT,SUPPORTS_SOURCE_A,slight systematic cadastral shift,SOURCE_OBSERVATION,OBS-001923,SOURCE_OBSERVATIONS
CEV-000350,CNF-00235,OBS-001926,SOURCE_B,DRONE_ORTHOPHOTO,geometry,OBS-GEO-001926,OBS-GEO-001926,CURRENT_CONTEXT,SUPPORTS_SOURCE_B,,SOURCE_OBSERVATION,OBS-001926,SOURCE_OBSERVATIONS
CEV-000351,CNF-00236,OBS-003375,SOURCE_A,CADASTRAL_REVENUE,geometry,OBS-GEO-003375,OBS-GEO-003375,CURRENT_CONTEXT,SUPPORTS_SOURCE_A,slight systematic cadastral shift,SOURCE_OBSERVATION,OBS-003375,SOURCE_OBSERVATIONS
CEV-000352,CNF-00236,OBS-003379,SOURCE_B,DRONE_ORTHOPHOTO,geometry,OBS-GEO-003379,OBS-GEO-003379,CURRENT_CONTEXT,SUPPORTS_SOURCE_B,,SOURCE_OBSERVATION,OBS-003379,SOURCE_OBSERVATIONS
CEV-000353,CNF-00237,OBS-003483,SOURCE_A,CADASTRAL_REVENUE,geometry,OBS-GEO-003483,OBS-GEO-003483,CURRENT_CONTEXT,SUPPORTS_SOURCE_A,slight systematic cadastral shift,SOURCE_OBSERVATION,OBS-003483,SOURCE_OBSERVATIONS
CEV-000354,CNF-00237,OBS-003486,SOURCE_B,DRONE_ORTHOPHOTO,geometry,OBS-GEO-003486,OBS-GEO-003486,CURRENT_CONTEXT,SUPPORTS_SOURCE_B,,SOURCE_OBSERVATION,OBS-003486,SOURCE_OBSERVATIONS
CEV-000355,CNF-00238,OBS-004028,SOURCE_A,CADASTRAL_REVENUE,geometry,OBS-GEO-004028,OBS-GEO-004028,CURRENT_CONTEXT,SUPPORTS_SOURCE_A,slight systematic cadastral shift; alternate neighboring candidate plausible,SOURCE_OBSERVATION,OBS-004028,SOURCE_OBSERVATIONS
CEV-000356,CNF-00238,OBS-004030,SOURCE_B,BUILDING_GIS,geometry,OBS-GEO-004030,OBS-GEO-004030,CURRENT_CONTEXT,SUPPORTS_SOURCE_B,alternate neighboring candidate plausible,SOURCE_OBSERVATION,OBS-004030,SOURCE_OBSERVATIONS
CEV-000357,CNF-00239,OBS-001468,SOURCE_A,CADASTRAL_REVENUE,geometry,OBS-GEO-001468,OBS-GEO-001468,CURRENT_CONTEXT,SUPPORTS_SOURCE_A,slight systematic cadastral shift,SOURCE_OBSERVATION,OBS-001468,SOURCE_OBSERVATIONS
CEV-000358,CNF-00239,OBS-001472,SOURCE_B,DRONE_ORTHOPHOTO,geometry,OBS-GEO-001472,OBS-GEO-001472,CURRENT_CONTEXT,SUPPORTS_SOURCE_B,,SOURCE_OBSERVATION,OBS-001472,SOURCE_OBSERVATIONS
CEV-000359,CNF-00240,OBS-003580,SOURCE_A,CADASTRAL_REVENUE,geometry,OBS-GEO-003580,OBS-GEO-003580,CURRENT_CONTEXT,SUPPORTS_SOURCE_A,slight systematic cadastral shift,SOURCE_OBSERVATION,OBS-003580,SOURCE_OBSERVATIONS
CEV-000360,CNF-00240,OBS-003583,SOURCE_B,DRONE_ORTHOPHOTO,geometry,OBS-GEO-003583,OBS-GEO-003583,CURRENT_CONTEXT,SUPPORTS_SOURCE_B,,SOURCE_OBSERVATION,OBS-003583,SOURCE_OBSERVATIONS
CEV-000361,CNF-00241,OBS-002952,SOURCE_A,CADASTRAL_REVENUE,geometry,OBS-GEO-002952,OBS-GEO-002952,CURRENT_CONTEXT,SUPPORTS_SOURCE_A,slight systematic cadastral shift,SOURCE_OBSERVATION,OBS-002952,SOURCE_OBSERVATIONS
CEV-000362,CNF-00241,OBS-002955,SOURCE_B,DRONE_ORTHOPHOTO,geometry,OBS-GEO-002955,OBS-GEO-002955,CURRENT_CONTEXT,SUPPORTS_SOURCE_B,,SOURCE_OBSERVATION,OBS-002955,SOURCE_OBSERVATIONS
CEV-000363,CNF-00242,OBS-001981,SOURCE_A,CADASTRAL_REVENUE,geometry,OBS-GEO-001981,OBS-GEO-001981,CURRENT_CONTEXT,SUPPORTS_SOURCE_A,slight systematic cadastral shift,SOURCE_OBSERVATION,OBS-001981,SOURCE_OBSERVATIONS
CEV-000364,CNF-00242,OBS-001984,SOURCE_B,DRONE_ORTHOPHOTO,geometry,OBS-GEO-001984,OBS-GEO-001984,CURRENT_CONTEXT,SUPPORTS_SOURCE_B,,SOURCE_OBSERVATION,OBS-001984,SOURCE_OBSERVATIONS
CEV-000365,CNF-00243,OBS-003197,SOURCE_A,CADASTRAL_REVENUE,geometry,OBS-GEO-003197,OBS-GEO-003197,CURRENT_CONTEXT,SUPPORTS_SOURCE_A,slight systematic cadastral shift; alternate neighboring candidate plausible,SOURCE_OBSERVATION,OBS-003197,SOURCE_OBSERVATIONS
CEV-000366,CNF-00243,OBS-003200,SOURCE_B,DRONE_ORTHOPHOTO,geometry,OBS-GEO-003200,OBS-GEO-003200,CURRENT_CONTEXT,SUPPORTS_SOURCE_B,alternate neighboring candidate plausible,SOURCE_OBSERVATION,OBS-003200,SOURCE_OBSERVATIONS
CEV-000367,CNF-00244,OBS-000641,SOURCE_A,CADASTRAL_REVENUE,geometry,OBS-GEO-000641,OBS-GEO-000641,CURRENT_CONTEXT,SUPPORTS_SOURCE_A,slight systematic cadastral shift,SOURCE_OBSERVATION,OBS-000641,SOURCE_OBSERVATIONS
CEV-000368,CNF-00244,OBS-000644,SOURCE_B,DRONE_ORTHOPHOTO,geometry,OBS-GEO-000644,OBS-GEO-000644,CURRENT_CONTEXT,SUPPORTS_SOURCE_B,,SOURCE_OBSERVATION,OBS-000644,SOURCE_OBSERVATIONS
CEV-000369,CNF-00245,OBS-001539,SOURCE_A,CADASTRAL_REVENUE,geometry,OBS-GEO-001539,OBS-GEO-001539,CURRENT_CONTEXT,SUPPORTS_SOURCE_A,slight systematic cadastral shift,SOURCE_OBSERVATION,OBS-001539,SOURCE_OBSERVATIONS
CEV-000370,CNF-00245,OBS-001542,SOURCE_B,DRONE_ORTHOPHOTO,geometry,OBS-GEO-001542,OBS-GEO-001542,CURRENT_CONTEXT,SUPPORTS_SOURCE_B,,SOURCE_OBSERVATION,OBS-001542,SOURCE_OBSERVATIONS
CEV-000371,CNF-00246,OBS-003394,SOURCE_A,CADASTRAL_REVENUE,geometry,OBS-GEO-003394,OBS-GEO-003394,CURRENT_CONTEXT,SUPPORTS_SOURCE_A,slight systematic cadastral shift,SOURCE_OBSERVATION,OBS-003394,SOURCE_OBSERVATIONS
CEV-000372,CNF-00246,OBS-003396,SOURCE_B,DRONE_ORTHOPHOTO,geometry,OBS-GEO-003396,OBS-GEO-003396,CURRENT_CONTEXT,SUPPORTS_SOURCE_B,,SOURCE_OBSERVATION,OBS-003396,SOURCE_OBSERVATIONS
CEV-000373,CNF-00247,OBS-002608,SOURCE_A,CADASTRAL_REVENUE,geometry,OBS-GEO-002608,OBS-GEO-002608,CURRENT_CONTEXT,SUPPORTS_SOURCE_A,slight systematic cadastral shift; alternate neighboring candidate plausible,SOURCE_OBSERVATION,OBS-002608,SOURCE_OBSERVATIONS
CEV-000374,CNF-00247,OBS-002611,SOURCE_B,DRONE_ORTHOPHOTO,geometry,OBS-GEO-002611,OBS-GEO-002611,CURRENT_CONTEXT,SUPPORTS_SOURCE_B,alternate neighboring candidate plausible,SOURCE_OBSERVATION,OBS-002611,SOURCE_OBSERVATIONS
CEV-000375,CNF-00248,OBS-002073,SOURCE_A,CADASTRAL_REVENUE,geometry,OBS-GEO-002073,OBS-GEO-002073,CURRENT_CONTEXT,SUPPORTS_SOURCE_A,slight systematic cadastral shift,SOURCE_OBSERVATION,OBS-002073,SOURCE_OBSERVATIONS
CEV-000376,CNF-00248,OBS-002076,SOURCE_B,DRONE_ORTHOPHOTO,geometry,OBS-GEO-002076,OBS-GEO-002076,CURRENT_CONTEXT,SUPPORTS_SOURCE_B,,SOURCE_OBSERVATION,OBS-002076,SOURCE_OBSERVATIONS
CEV-000377,CNF-00249,OBS-000578,SOURCE_A,CADASTRAL_REVENUE,geometry,OBS-GEO-000578,OBS-GEO-000578,CURRENT_CONTEXT,SUPPORTS_SOURCE_A,slight systematic cadastral shift,SOURCE_OBSERVATION,OBS-000578,SOURCE_OBSERVATIONS
CEV-000378,CNF-00249,OBS-000580,SOURCE_B,BUILDING_GIS,geometry,OBS-GEO-000580,OBS-GEO-000580,CURRENT_CONTEXT,SUPPORTS_SOURCE_B,,SOURCE_OBSERVATION,OBS-000580,SOURCE_OBSERVATIONS
CEV-000379,CNF-00250,OBS-002806,SOURCE_A,CADASTRAL_REVENUE,geometry,OBS-GEO-002806,OBS-GEO-002806,CURRENT_CONTEXT,SUPPORTS_SOURCE_A,slight systematic cadastral shift,SOURCE_OBSERVATION,OBS-002806,SOURCE_OBSERVATIONS
CEV-000380,CNF-00250,OBS-002809,SOURCE_B,DRONE_ORTHOPHOTO,geometry,OBS-GEO-002809,OBS-GEO-002809,CURRENT_CONTEXT,SUPPORTS_SOURCE_B,,SOURCE_OBSERVATION,OBS-002809,SOURCE_OBSERVATIONS
CEV-000381,CNF-00251,OBS-001086,SOURCE_A,CADASTRAL_REVENUE,geometry,OBS-GEO-001086,OBS-GEO-001086,CURRENT_CONTEXT,SUPPORTS_SOURCE_A,slight systematic cadastral shift,SOURCE_OBSERVATION,OBS-001086,SOURCE_OBSERVATIONS
CEV-000382,CNF-00251,OBS-001089,SOURCE_B,DRONE_ORTHOPHOTO,geometry,OBS-GEO-001089,OBS-GEO-001089,CURRENT_CONTEXT,SUPPORTS_SOURCE_B,,SOURCE_OBSERVATION,OBS-001089,SOURCE_OBSERVATIONS
CEV-000383,CNF-00252,OBS-000264,SOURCE_A,CADASTRAL_REVENUE,geometry,OBS-GEO-000264,OBS-GEO-000264,CURRENT_CONTEXT,SUPPORTS_SOURCE_A,slight systematic cadastral shift,SOURCE_OBSERVATION,OBS-000264,SOURCE_OBSERVATIONS
CEV-000384,CNF-00252,OBS-000267,SOURCE_B,DRONE_ORTHOPHOTO,geometry,OBS-GEO-000267,OBS-GEO-000267,CURRENT_CONTEXT,SUPPORTS_SOURCE_B,,SOURCE_OBSERVATION,OBS-000267,SOURCE_OBSERVATIONS
CEV-000385,CNF-00253,OBS-002024,SOURCE_A,CADASTRAL_REVENUE,geometry,OBS-GEO-002024,OBS-GEO-002024,CURRENT_CONTEXT,SUPPORTS_SOURCE_A,slight systematic cadastral shift,SOURCE_OBSERVATION,OBS-002024,SOURCE_OBSERVATIONS
CEV-000386,CNF-00253,OBS-002027,SOURCE_B,DRONE_ORTHOPHOTO,geometry,OBS-GEO-002027,OBS-GEO-002027,CURRENT_CONTEXT,SUPPORTS_SOURCE_B,,SOURCE_OBSERVATION,OBS-002027,SOURCE_OBSERVATIONS
CEV-000387,CNF-00254,OBS-000013,SOURCE_A,CADASTRAL_REVENUE,geometry,OBS-GEO-000013,OBS-GEO-000013,CURRENT_CONTEXT,SUPPORTS_SOURCE_A,slight systematic cadastral shift,SOURCE_OBSERVATION,OBS-000013,SOURCE_OBSERVATIONS
CEV-000388,CNF-00254,OBS-000016,SOURCE_B,DRONE_ORTHOPHOTO,geometry,OBS-GEO-000016,OBS-GEO-000016,CURRENT_CONTEXT,SUPPORTS_SOURCE_B,,SOURCE_OBSERVATION,OBS-000016,SOURCE_OBSERVATIONS
CEV-000389,CNF-00255,OBS-000763,SOURCE_A,CADASTRAL_REVENUE,geometry,OBS-GEO-000763,OBS-GEO-000763,CURRENT_CONTEXT,SUPPORTS_SOURCE_A,slight systematic cadastral shift; local spatial distortion,SOURCE_OBSERVATION,OBS-000763,SOURCE_OBSERVATIONS
CEV-000390,CNF-00255,OBS-000767,SOURCE_B,DRONE_ORTHOPHOTO,geometry,OBS-GEO-000767,OBS-GEO-000767,CURRENT_CONTEXT,SUPPORTS_SOURCE_B,,SOURCE_OBSERVATION,OBS-000767,SOURCE_OBSERVATIONS
CEV-000391,CNF-00256,OBS-002562,SOURCE_A,CADASTRAL_REVENUE,geometry,OBS-GEO-002562,OBS-GEO-002562,CURRENT_CONTEXT,SUPPORTS_SOURCE_A,slight systematic cadastral shift,SOURCE_OBSERVATION,OBS-002562,SOURCE_OBSERVATIONS
CEV-000392,CNF-00256,OBS-002565,SOURCE_B,DRONE_ORTHOPHOTO,geometry,OBS-GEO-002565,OBS-GEO-002565,CURRENT_CONTEXT,SUPPORTS_SOURCE_B,,SOURCE_OBSERVATION,OBS-002565,SOURCE_OBSERVATIONS
CEV-000393,CNF-00257,OBS-001637,SOURCE_A,CADASTRAL_REVENUE,geometry,OBS-GEO-001637,OBS-GEO-001637,CURRENT_CONTEXT,SUPPORTS_SOURCE_A,slight systematic cadastral shift,SOURCE_OBSERVATION,OBS-001637,SOURCE_OBSERVATIONS
CEV-000394,CNF-00257,OBS-001639,SOURCE_B,BUILDING_GIS,geometry,OBS-GEO-001639,OBS-GEO-001639,CURRENT_CONTEXT,SUPPORTS_SOURCE_B,,SOURCE_OBSERVATION,OBS-001639,SOURCE_OBSERVATIONS
CEV-000395,CNF-00258,OBS-000272,SOURCE_A,CADASTRAL_REVENUE,geometry,OBS-GEO-000272,OBS-GEO-000272,CURRENT_CONTEXT,SUPPORTS_SOURCE_A,slight systematic cadastral shift,SOURCE_OBSERVATION,OBS-000272,SOURCE_OBSERVATIONS
CEV-000396,CNF-00258,OBS-000275,SOURCE_B,DRONE_ORTHOPHOTO,geometry,OBS-GEO-000275,OBS-GEO-000275,CURRENT_CONTEXT,SUPPORTS_SOURCE_B,,SOURCE_OBSERVATION,OBS-000275,SOURCE_OBSERVATIONS
CEV-000397,CNF-00259,OBS-002723,SOURCE_A,CADASTRAL_REVENUE,geometry,OBS-GEO-002723,OBS-GEO-002723,CURRENT_CONTEXT,SUPPORTS_SOURCE_A,slight systematic cadastral shift,SOURCE_OBSERVATION,OBS-002723,SOURCE_OBSERVATIONS
CEV-000398,CNF-00259,OBS-002726,SOURCE_B,DRONE_ORTHOPHOTO,geometry,OBS-GEO-002726,OBS-GEO-002726,CURRENT_CONTEXT,SUPPORTS_SOURCE_B,,SOURCE_OBSERVATION,OBS-002726,SOURCE_OBSERVATIONS
CEV-000399,CNF-00260,OBS-000981,SOURCE_A,CADASTRAL_REVENUE,geometry,OBS-GEO-000981,OBS-GEO-000981,CURRENT_CONTEXT,SUPPORTS_SOURCE_A,slight systematic cadastral shift,SOURCE_OBSERVATION,OBS-000981,SOURCE_OBSERVATIONS
CEV-000400,CNF-00260,OBS-000985,SOURCE_B,DRONE_ORTHOPHOTO,geometry,OBS-GEO-000985,OBS-GEO-000985,CURRENT_CONTEXT,SUPPORTS_SOURCE_B,,SOURCE_OBSERVATION,OBS-000985,SOURCE_OBSERVATIONS
CEV-000401,CNF-00261,OBS-002328,SOURCE_A,CADASTRAL_REVENUE,geometry,OBS-GEO-002328,OBS-GEO-002328,CURRENT_CONTEXT,SUPPORTS_SOURCE_A,slight systematic cadastral shift,SOURCE_OBSERVATION,OBS-002328,SOURCE_OBSERVATIONS
CEV-000402,CNF-00261,OBS-002331,SOURCE_B,GNSS_CORS_SURVEY,geometry,OBS-GEO-002331,OBS-GEO-002331,CURRENT_CONTEXT,SUPPORTS_SOURCE_B,cm-level field survey,SOURCE_OBSERVATION,OBS-002331,SOURCE_OBSERVATIONS
CEV-000403,CNF-00262,OBS-002977,SOURCE_A,CADASTRAL_REVENUE,geometry,OBS-GEO-002977,OBS-GEO-002977,CURRENT_CONTEXT,SUPPORTS_SOURCE_A,slight systematic cadastral shift,SOURCE_OBSERVATION,OBS-002977,SOURCE_OBSERVATIONS
CEV-000404,CNF-00262,OBS-002981,SOURCE_B,DRONE_ORTHOPHOTO,geometry,OBS-GEO-002981,OBS-GEO-002981,CURRENT_CONTEXT,SUPPORTS_SOURCE_B,,SOURCE_OBSERVATION,OBS-002981,SOURCE_OBSERVATIONS
CEV-000405,CNF-00263,OBS-001325,SOURCE_A,CADASTRAL_REVENUE,geometry,OBS-GEO-001325,OBS-GEO-001325,CURRENT_CONTEXT,SUPPORTS_SOURCE_A,slight systematic cadastral shift,SOURCE_OBSERVATION,OBS-001325,SOURCE_OBSERVATIONS
CEV-000406,CNF-00263,OBS-001328,SOURCE_B,DRONE_ORTHOPHOTO,geometry,OBS-GEO-001328,OBS-GEO-001328,CURRENT_CONTEXT,SUPPORTS_SOURCE_B,,SOURCE_OBSERVATION,OBS-001328,SOURCE_OBSERVATIONS
CEV-000407,CNF-00264,OBS-002781,SOURCE_A,CADASTRAL_REVENUE,geometry,OBS-GEO-002781,OBS-GEO-002781,CURRENT_CONTEXT,SUPPORTS_SOURCE_A,slight systematic cadastral shift,SOURCE_OBSERVATION,OBS-002781,SOURCE_OBSERVATIONS
CEV-000408,CNF-00264,OBS-002783,SOURCE_B,BUILDING_GIS,geometry,OBS-GEO-002783,OBS-GEO-002783,CURRENT_CONTEXT,SUPPORTS_SOURCE_B,,SOURCE_OBSERVATION,OBS-002783,SOURCE_OBSERVATIONS
CEV-000409,CNF-00265,OBS-004158,SOURCE_A,CADASTRAL_REVENUE,geometry,OBS-GEO-004158,OBS-GEO-004158,CURRENT_CONTEXT,SUPPORTS_SOURCE_A,slight systematic cadastral shift,SOURCE_OBSERVATION,OBS-004158,SOURCE_OBSERVATIONS
CEV-000410,CNF-00265,OBS-004162,SOURCE_B,DRONE_ORTHOPHOTO,geometry,OBS-GEO-004162,OBS-GEO-004162,CURRENT_CONTEXT,SUPPORTS_SOURCE_B,,SOURCE_OBSERVATION,OBS-004162,SOURCE_OBSERVATIONS
CEV-000411,CNF-00266,OBS-001068,SOURCE_A,CADASTRAL_REVENUE,geometry,OBS-GEO-001068,OBS-GEO-001068,CURRENT_CONTEXT,SUPPORTS_SOURCE_A,slight systematic cadastral shift,SOURCE_OBSERVATION,OBS-001068,SOURCE_OBSERVATIONS
CEV-000412,CNF-00266,OBS-001071,SOURCE_B,DRONE_ORTHOPHOTO,geometry,OBS-GEO-001071,OBS-GEO-001071,CURRENT_CONTEXT,SUPPORTS_SOURCE_B,,SOURCE_OBSERVATION,OBS-001071,SOURCE_OBSERVATIONS
CEV-000413,CNF-00267,OBS-001435,SOURCE_A,CADASTRAL_REVENUE,geometry,OBS-GEO-001435,OBS-GEO-001435,CURRENT_CONTEXT,SUPPORTS_SOURCE_A,slight systematic cadastral shift,SOURCE_OBSERVATION,OBS-001435,SOURCE_OBSERVATIONS
CEV-000414,CNF-00267,OBS-001438,SOURCE_B,DRONE_ORTHOPHOTO,geometry,OBS-GEO-001438,OBS-GEO-001438,CURRENT_CONTEXT,SUPPORTS_SOURCE_B,,SOURCE_OBSERVATION,OBS-001438,SOURCE_OBSERVATIONS
CEV-000415,CNF-00268,OBS-001060,SOURCE_A,CADASTRAL_REVENUE,geometry,OBS-GEO-001060,OBS-GEO-001060,CURRENT_CONTEXT,SUPPORTS_SOURCE_A,slight systematic cadastral shift,SOURCE_OBSERVATION,OBS-001060,SOURCE_OBSERVATIONS
CEV-000416,CNF-00268,OBS-001062,SOURCE_B,BUILDING_GIS,geometry,OBS-GEO-001062,OBS-GEO-001062,CURRENT_CONTEXT,SUPPORTS_SOURCE_B,,SOURCE_OBSERVATION,OBS-001062,SOURCE_OBSERVATIONS
CEV-000417,CNF-00269,OBS-003176,SOURCE_A,CADASTRAL_REVENUE,geometry,OBS-GEO-003176,OBS-GEO-003176,CURRENT_CONTEXT,SUPPORTS_SOURCE_A,slight systematic cadastral shift,SOURCE_OBSERVATION,OBS-003176,SOURCE_OBSERVATIONS
CEV-000418,CNF-00269,OBS-003179,SOURCE_B,DRONE_ORTHOPHOTO,geometry,OBS-GEO-003179,OBS-GEO-003179,CURRENT_CONTEXT,SUPPORTS_SOURCE_B,,SOURCE_OBSERVATION,OBS-003179,SOURCE_OBSERVATIONS
CEV-000419,CNF-00270,OBS-000358,SOURCE_A,CADASTRAL_REVENUE,geometry,OBS-GEO-000358,OBS-GEO-000358,CURRENT_CONTEXT,SUPPORTS_SOURCE_A,slight systematic cadastral shift,SOURCE_OBSERVATION,OBS-000358,SOURCE_OBSERVATIONS
CEV-000420,CNF-00270,OBS-000360,SOURCE_B,DRONE_ORTHOPHOTO,geometry,OBS-GEO-000360,OBS-GEO-000360,CURRENT_CONTEXT,SUPPORTS_SOURCE_B,,SOURCE_OBSERVATION,OBS-000360,SOURCE_OBSERVATIONS
CEV-000421,CNF-00271,OBS-002324,SOURCE_A,CADASTRAL_REVENUE,geometry,OBS-GEO-002324,OBS-GEO-002324,CURRENT_CONTEXT,SUPPORTS_SOURCE_A,slight systematic cadastral shift,SOURCE_OBSERVATION,OBS-002324,SOURCE_OBSERVATIONS
CEV-000422,CNF-00271,OBS-002327,SOURCE_B,GNSS_CORS_SURVEY,geometry,OBS-GEO-002327,OBS-GEO-002327,CURRENT_CONTEXT,SUPPORTS_SOURCE_B,cm-level field survey,SOURCE_OBSERVATION,OBS-002327,SOURCE_OBSERVATIONS
CEV-000423,CNF-00272,OBS-000987,SOURCE_A,CADASTRAL_REVENUE,geometry,OBS-GEO-000987,OBS-GEO-000987,CURRENT_CONTEXT,SUPPORTS_SOURCE_A,slight systematic cadastral shift,SOURCE_OBSERVATION,OBS-000987,SOURCE_OBSERVATIONS
CEV-000424,CNF-00272,OBS-000991,SOURCE_B,DRONE_ORTHOPHOTO,geometry,OBS-GEO-000991,OBS-GEO-000991,CURRENT_CONTEXT,SUPPORTS_SOURCE_B,,SOURCE_OBSERVATION,OBS-000991,SOURCE_OBSERVATIONS
CEV-000425,CNF-00273,OBS-000173,SOURCE_A,CADASTRAL_REVENUE,geometry,OBS-GEO-000173,OBS-GEO-000173,CURRENT_CONTEXT,SUPPORTS_SOURCE_A,slight systematic cadastral shift,SOURCE_OBSERVATION,OBS-000173,SOURCE_OBSERVATIONS
CEV-000426,CNF-00273,OBS-000176,SOURCE_B,DRONE_ORTHOPHOTO,geometry,OBS-GEO-000176,OBS-GEO-000176,CURRENT_CONTEXT,SUPPORTS_SOURCE_B,,SOURCE_OBSERVATION,OBS-000176,SOURCE_OBSERVATIONS
CEV-000427,CNF-00274,OBS-001019,SOURCE_A,CADASTRAL_REVENUE,geometry,OBS-GEO-001019,OBS-GEO-001019,CURRENT_CONTEXT,SUPPORTS_SOURCE_A,slight systematic cadastral shift,SOURCE_OBSERVATION,OBS-001019,SOURCE_OBSERVATIONS
CEV-000428,CNF-00274,OBS-001023,SOURCE_B,DRONE_ORTHOPHOTO,geometry,OBS-GEO-001023,OBS-GEO-001023,CURRENT_CONTEXT,SUPPORTS_SOURCE_B,,SOURCE_OBSERVATION,OBS-001023,SOURCE_OBSERVATIONS
CEV-000429,CNF-00275,OBS-001223,SOURCE_A,CADASTRAL_REVENUE,geometry,OBS-GEO-001223,OBS-GEO-001223,CURRENT_CONTEXT,SUPPORTS_SOURCE_A,slight systematic cadastral shift,SOURCE_OBSERVATION,OBS-001223,SOURCE_OBSERVATIONS
CEV-000430,CNF-00275,OBS-001226,SOURCE_B,DRONE_ORTHOPHOTO,geometry,OBS-GEO-001226,OBS-GEO-001226,CURRENT_CONTEXT,SUPPORTS_SOURCE_B,,SOURCE_OBSERVATION,OBS-001226,SOURCE_OBSERVATIONS
CEV-000431,CNF-00276,OBS-003459,SOURCE_A,CADASTRAL_REVENUE,geometry,OBS-GEO-003459,OBS-GEO-003459,CURRENT_CONTEXT,SUPPORTS_SOURCE_A,slight systematic cadastral shift,SOURCE_OBSERVATION,OBS-003459,SOURCE_OBSERVATIONS
CEV-000432,CNF-00276,OBS-003462,SOURCE_B,DRONE_ORTHOPHOTO,geometry,OBS-GEO-003462,OBS-GEO-003462,CURRENT_CONTEXT,SUPPORTS_SOURCE_B,,SOURCE_OBSERVATION,OBS-003462,SOURCE_OBSERVATIONS
CEV-000433,CNF-00277,OBS-003593,SOURCE_A,CADASTRAL_REVENUE,geometry,OBS-GEO-003593,OBS-GEO-003593,CURRENT_CONTEXT,SUPPORTS_SOURCE_A,slight systematic cadastral shift,SOURCE_OBSERVATION,OBS-003593,SOURCE_OBSERVATIONS
CEV-000434,CNF-00277,OBS-003596,SOURCE_B,GNSS_CORS_SURVEY,geometry,OBS-GEO-003596,OBS-GEO-003596,CURRENT_CONTEXT,SUPPORTS_SOURCE_B,cm-level field survey,SOURCE_OBSERVATION,OBS-003596,SOURCE_OBSERVATIONS
CEV-000435,CNF-00278,OBS-002501,SOURCE_A,CADASTRAL_REVENUE,geometry,OBS-GEO-002501,OBS-GEO-002501,CURRENT_CONTEXT,SUPPORTS_SOURCE_A,slight systematic cadastral shift,SOURCE_OBSERVATION,OBS-002501,SOURCE_OBSERVATIONS
CEV-000436,CNF-00278,OBS-002504,SOURCE_B,DRONE_ORTHOPHOTO,geometry,OBS-GEO-002504,OBS-GEO-002504,CURRENT_CONTEXT,SUPPORTS_SOURCE_B,,SOURCE_OBSERVATION,OBS-002504,SOURCE_OBSERVATIONS
CEV-000437,CNF-00279,OBS-001421,SOURCE_A,CADASTRAL_REVENUE,geometry,OBS-GEO-001421,OBS-GEO-001421,CURRENT_CONTEXT,SUPPORTS_SOURCE_A,slight systematic cadastral shift,SOURCE_OBSERVATION,OBS-001421,SOURCE_OBSERVATIONS
CEV-000438,CNF-00279,OBS-001425,SOURCE_B,DRONE_ORTHOPHOTO,geometry,OBS-GEO-001425,OBS-GEO-001425,CURRENT_CONTEXT,SUPPORTS_SOURCE_B,,SOURCE_OBSERVATION,OBS-001425,SOURCE_OBSERVATIONS
CEV-000439,CNF-00280,OBS-002296,SOURCE_A,CADASTRAL_REVENUE,geometry,OBS-GEO-002296,OBS-GEO-002296,CURRENT_CONTEXT,SUPPORTS_SOURCE_A,slight systematic cadastral shift,SOURCE_OBSERVATION,OBS-002296,SOURCE_OBSERVATIONS
CEV-000440,CNF-00280,OBS-002299,SOURCE_B,DRONE_ORTHOPHOTO,geometry,OBS-GEO-002299,OBS-GEO-002299,CURRENT_CONTEXT,SUPPORTS_SOURCE_B,,SOURCE_OBSERVATION,OBS-002299,SOURCE_OBSERVATIONS
CEV-000441,CNF-00281,OBS-003897,SOURCE_A,CADASTRAL_REVENUE,geometry,OBS-GEO-003897,OBS-GEO-003897,CURRENT_CONTEXT,SUPPORTS_SOURCE_A,slight systematic cadastral shift,SOURCE_OBSERVATION,OBS-003897,SOURCE_OBSERVATIONS
CEV-000442,CNF-00281,OBS-003899,SOURCE_B,DRONE_ORTHOPHOTO,geometry,OBS-GEO-003899,OBS-GEO-003899,CURRENT_CONTEXT,SUPPORTS_SOURCE_B,,SOURCE_OBSERVATION,OBS-003899,SOURCE_OBSERVATIONS
CEV-000443,CNF-00282,OBS-002702,SOURCE_A,CADASTRAL_REVENUE,geometry,OBS-GEO-002702,OBS-GEO-002702,CURRENT_CONTEXT,SUPPORTS_SOURCE_A,slight systematic cadastral shift,SOURCE_OBSERVATION,OBS-002702,SOURCE_OBSERVATIONS
CEV-000444,CNF-00282,OBS-002705,SOURCE_B,DRONE_ORTHOPHOTO,geometry,OBS-GEO-002705,OBS-GEO-002705,CURRENT_CONTEXT,SUPPORTS_SOURCE_B,,SOURCE_OBSERVATION,OBS-002705,SOURCE_OBSERVATIONS
CEV-000445,CNF-00283,OBS-002244,SOURCE_A,CADASTRAL_REVENUE,geometry,OBS-GEO-002244,OBS-GEO-002244,CURRENT_CONTEXT,SUPPORTS_SOURCE_A,slight systematic cadastral shift,SOURCE_OBSERVATION,OBS-002244,SOURCE_OBSERVATIONS
CEV-000446,CNF-00283,OBS-002246,SOURCE_B,DRONE_ORTHOPHOTO,geometry,OBS-GEO-002246,OBS-GEO-002246,CURRENT_CONTEXT,SUPPORTS_SOURCE_B,physical occupation differs from legal state,SOURCE_OBSERVATION,OBS-002246,SOURCE_OBSERVATIONS
CEV-000447,CNF-00284,OBS-003742,SOURCE_A,CADASTRAL_REVENUE,geometry,OBS-GEO-003742,OBS-GEO-003742,CURRENT_CONTEXT,SUPPORTS_SOURCE_A,slight systematic cadastral shift; alternate neighboring candidate plausible,SOURCE_OBSERVATION,OBS-003742,SOURCE_OBSERVATIONS
CEV-000448,CNF-00284,OBS-003744,SOURCE_B,DRONE_ORTHOPHOTO,geometry,OBS-GEO-003744,OBS-GEO-003744,CURRENT_CONTEXT,SUPPORTS_SOURCE_B,alternate neighboring candidate plausible,SOURCE_OBSERVATION,OBS-003744,SOURCE_OBSERVATIONS
CEV-000449,CNF-00285,OBS-001142,SOURCE_A,CADASTRAL_REVENUE,geometry,OBS-GEO-001142,OBS-GEO-001142,CURRENT_CONTEXT,SUPPORTS_SOURCE_A,slight systematic cadastral shift,SOURCE_OBSERVATION,OBS-001142,SOURCE_OBSERVATIONS
CEV-000450,CNF-00285,OBS-001144,SOURCE_B,BUILDING_GIS,geometry,OBS-GEO-001144,OBS-GEO-001144,CURRENT_CONTEXT,SUPPORTS_SOURCE_B,,SOURCE_OBSERVATION,OBS-001144,SOURCE_OBSERVATIONS
CEV-000451,CNF-00286,OBS-000603,SOURCE_A,CADASTRAL_REVENUE,geometry,OBS-GEO-000603,OBS-GEO-000603,CURRENT_CONTEXT,SUPPORTS_SOURCE_A,slight systematic cadastral shift,SOURCE_OBSERVATION,OBS-000603,SOURCE_OBSERVATIONS
CEV-000452,CNF-00286,OBS-000605,SOURCE_B,BUILDING_GIS,geometry,OBS-GEO-000605,OBS-GEO-000605,CURRENT_CONTEXT,SUPPORTS_SOURCE_B,,SOURCE_OBSERVATION,OBS-000605,SOURCE_OBSERVATIONS
CEV-000453,CNF-00287,OBS-001281,SOURCE_A,CADASTRAL_REVENUE,geometry,OBS-GEO-001281,OBS-GEO-001281,CURRENT_CONTEXT,SUPPORTS_SOURCE_A,slight systematic cadastral shift,SOURCE_OBSERVATION,OBS-001281,SOURCE_OBSERVATIONS
CEV-000454,CNF-00287,OBS-001284,SOURCE_B,DRONE_ORTHOPHOTO,geometry,OBS-GEO-001284,OBS-GEO-001284,CURRENT_CONTEXT,SUPPORTS_SOURCE_B,,SOURCE_OBSERVATION,OBS-001284,SOURCE_OBSERVATIONS
CEV-000455,CNF-00288,OBS-003057,SOURCE_A,CADASTRAL_REVENUE,geometry,OBS-GEO-003057,OBS-GEO-003057,CURRENT_CONTEXT,SUPPORTS_SOURCE_A,slight systematic cadastral shift,SOURCE_OBSERVATION,OBS-003057,SOURCE_OBSERVATIONS
CEV-000456,CNF-00288,OBS-003061,SOURCE_B,DRONE_ORTHOPHOTO,geometry,OBS-GEO-003061,OBS-GEO-003061,CURRENT_CONTEXT,SUPPORTS_SOURCE_B,,SOURCE_OBSERVATION,OBS-003061,SOURCE_OBSERVATIONS
CEV-000457,CNF-00289,OBS-004077,SOURCE_A,CADASTRAL_REVENUE,geometry,OBS-GEO-004077,OBS-GEO-004077,CURRENT_CONTEXT,SUPPORTS_SOURCE_A,slight systematic cadastral shift,SOURCE_OBSERVATION,OBS-004077,SOURCE_OBSERVATIONS
CEV-000458,CNF-00289,OBS-004079,SOURCE_B,DRONE_ORTHOPHOTO,geometry,OBS-GEO-004079,OBS-GEO-004079,CURRENT_CONTEXT,SUPPORTS_SOURCE_B,,SOURCE_OBSERVATION,OBS-004079,SOURCE_OBSERVATIONS
CEV-000459,CNF-00290,OBS-000177,SOURCE_A,CADASTRAL_REVENUE,geometry,OBS-GEO-000177,OBS-GEO-000177,CURRENT_CONTEXT,SUPPORTS_SOURCE_A,slight systematic cadastral shift,SOURCE_OBSERVATION,OBS-000177,SOURCE_OBSERVATIONS
CEV-000460,CNF-00290,OBS-000180,SOURCE_B,DRONE_ORTHOPHOTO,geometry,OBS-GEO-000180,OBS-GEO-000180,CURRENT_CONTEXT,SUPPORTS_SOURCE_B,physical occupation differs from legal state,SOURCE_OBSERVATION,OBS-000180,SOURCE_OBSERVATIONS
CEV-000461,CNF-00291,OBS-002965,SOURCE_A,CADASTRAL_REVENUE,geometry,OBS-GEO-002965,OBS-GEO-002965,CURRENT_CONTEXT,SUPPORTS_SOURCE_A,slight systematic cadastral shift,SOURCE_OBSERVATION,OBS-002965,SOURCE_OBSERVATIONS
CEV-000462,CNF-00291,OBS-002967,SOURCE_B,BUILDING_GIS,geometry,OBS-GEO-002967,OBS-GEO-002967,CURRENT_CONTEXT,SUPPORTS_SOURCE_B,,SOURCE_OBSERVATION,OBS-002967,SOURCE_OBSERVATIONS
CEV-000463,CNF-00292,OBS-001119,SOURCE_A,CADASTRAL_REVENUE,geometry,OBS-GEO-001119,OBS-GEO-001119,CURRENT_CONTEXT,SUPPORTS_SOURCE_A,local spatial distortion,SOURCE_OBSERVATION,OBS-001119,SOURCE_OBSERVATIONS
CEV-000464,CNF-00292,OBS-001121,SOURCE_B,BUILDING_GIS,geometry,OBS-GEO-001121,OBS-GEO-001121,CURRENT_CONTEXT,SUPPORTS_SOURCE_B,,SOURCE_OBSERVATION,OBS-001121,SOURCE_OBSERVATIONS
CEV-000465,CNF-00293,OBS-004206,SOURCE_A,CADASTRAL_REVENUE,geometry,OBS-GEO-004206,OBS-GEO-004206,CURRENT_CONTEXT,SUPPORTS_SOURCE_A,local spatial distortion,SOURCE_OBSERVATION,OBS-004206,SOURCE_OBSERVATIONS
CEV-000466,CNF-00293,OBS-004209,SOURCE_B,DRONE_ORTHOPHOTO,geometry,OBS-GEO-004209,OBS-GEO-004209,CURRENT_CONTEXT,SUPPORTS_SOURCE_B,,SOURCE_OBSERVATION,OBS-004209,SOURCE_OBSERVATIONS
CEV-000467,CNF-00294,OBS-001712,SOURCE_A,CADASTRAL_REVENUE,geometry,OBS-GEO-001712,OBS-GEO-001712,CURRENT_CONTEXT,SUPPORTS_SOURCE_A,local spatial distortion,SOURCE_OBSERVATION,OBS-001712,SOURCE_OBSERVATIONS
CEV-000468,CNF-00294,OBS-001716,SOURCE_B,DRONE_ORTHOPHOTO,geometry,OBS-GEO-001716,OBS-GEO-001716,CURRENT_CONTEXT,SUPPORTS_SOURCE_B,,SOURCE_OBSERVATION,OBS-001716,SOURCE_OBSERVATIONS
CEV-000469,CNF-00295,OBS-002861,SOURCE_A,CADASTRAL_REVENUE,geometry,OBS-GEO-002861,OBS-GEO-002861,CURRENT_CONTEXT,SUPPORTS_SOURCE_A,local spatial distortion,SOURCE_OBSERVATION,OBS-002861,SOURCE_OBSERVATIONS
CEV-000470,CNF-00295,OBS-002864,SOURCE_B,DRONE_ORTHOPHOTO,geometry,OBS-GEO-002864,OBS-GEO-002864,CURRENT_CONTEXT,SUPPORTS_SOURCE_B,,SOURCE_OBSERVATION,OBS-002864,SOURCE_OBSERVATIONS
CEV-000471,CNF-00296,OBS-004225,SOURCE_A,CADASTRAL_REVENUE,geometry,OBS-GEO-004225,OBS-GEO-004225,CURRENT_CONTEXT,SUPPORTS_SOURCE_A,local spatial distortion,SOURCE_OBSERVATION,OBS-004225,SOURCE_OBSERVATIONS
CEV-000472,CNF-00296,OBS-004228,SOURCE_B,GNSS_CORS_SURVEY,geometry,OBS-GEO-004228,OBS-GEO-004228,CURRENT_CONTEXT,SUPPORTS_SOURCE_B,cm-level field survey,SOURCE_OBSERVATION,OBS-004228,SOURCE_OBSERVATIONS
CEV-000473,CNF-00297,OBS-004057,SOURCE_A,CADASTRAL_REVENUE,geometry,OBS-GEO-004057,OBS-GEO-004057,CURRENT_CONTEXT,SUPPORTS_SOURCE_A,local spatial distortion,SOURCE_OBSERVATION,OBS-004057,SOURCE_OBSERVATIONS
CEV-000474,CNF-00297,OBS-004060,SOURCE_B,DRONE_ORTHOPHOTO,geometry,OBS-GEO-004060,OBS-GEO-004060,CURRENT_CONTEXT,SUPPORTS_SOURCE_B,,SOURCE_OBSERVATION,OBS-004060,SOURCE_OBSERVATIONS
CEV-000475,CNF-00298,OBS-003092,SOURCE_A,CADASTRAL_REVENUE,geometry,OBS-GEO-003092,OBS-GEO-003092,CURRENT_CONTEXT,SUPPORTS_SOURCE_A,local spatial distortion,SOURCE_OBSERVATION,OBS-003092,SOURCE_OBSERVATIONS
CEV-000476,CNF-00298,OBS-003093,SOURCE_B,MUNICIPAL_PROPERTY,geometry,OBS-GEO-003093,OBS-GEO-003093,CURRENT_CONTEXT,SUPPORTS_SOURCE_B,,SOURCE_OBSERVATION,OBS-003093,SOURCE_OBSERVATIONS
CEV-000477,CNF-00299,OBS-001234,SOURCE_A,CADASTRAL_REVENUE,geometry,OBS-GEO-001234,OBS-GEO-001234,CURRENT_CONTEXT,SUPPORTS_SOURCE_A,local spatial distortion,SOURCE_OBSERVATION,OBS-001234,SOURCE_OBSERVATIONS
CEV-000478,CNF-00299,OBS-001238,SOURCE_B,DRONE_ORTHOPHOTO,geometry,OBS-GEO-001238,OBS-GEO-001238,CURRENT_CONTEXT,SUPPORTS_SOURCE_B,,SOURCE_OBSERVATION,OBS-001238,SOURCE_OBSERVATIONS
CEV-000479,CNF-00300,OBS-001483,SOURCE_A,CADASTRAL_REVENUE,geometry,OBS-GEO-001483,OBS-GEO-001483,CURRENT_CONTEXT,SUPPORTS_SOURCE_A,local spatial distortion,SOURCE_OBSERVATION,OBS-001483,SOURCE_OBSERVATIONS
CEV-000480,CNF-00300,OBS-001488,SOURCE_B,GNSS_CORS_SURVEY,geometry,OBS-GEO-001488,OBS-GEO-001488,CURRENT_CONTEXT,SUPPORTS_SOURCE_B,cm-level field survey,SOURCE_OBSERVATION,OBS-001488,SOURCE_OBSERVATIONS
CEV-000481,CNF-00301,OBS-003039,SOURCE_A,CADASTRAL_REVENUE,geometry,OBS-GEO-003039,OBS-GEO-003039,CURRENT_CONTEXT,SUPPORTS_SOURCE_A,local spatial distortion,SOURCE_OBSERVATION,OBS-003039,SOURCE_OBSERVATIONS
CEV-000482,CNF-00301,OBS-003043,SOURCE_B,GNSS_CORS_SURVEY,geometry,OBS-GEO-003043,OBS-GEO-003043,CURRENT_CONTEXT,SUPPORTS_SOURCE_B,cm-level field survey,SOURCE_OBSERVATION,OBS-003043,SOURCE_OBSERVATIONS
CEV-000483,CNF-00302,OBS-000763,SOURCE_A,CADASTRAL_REVENUE,geometry,OBS-GEO-000763,OBS-GEO-000763,CURRENT_CONTEXT,SUPPORTS_SOURCE_A,slight systematic cadastral shift; local spatial distortion,SOURCE_OBSERVATION,OBS-000763,SOURCE_OBSERVATIONS
CEV-000484,CNF-00302,OBS-000768,SOURCE_B,GNSS_CORS_SURVEY,geometry,OBS-GEO-000768,OBS-GEO-000768,CURRENT_CONTEXT,SUPPORTS_SOURCE_B,cm-level field survey,SOURCE_OBSERVATION,OBS-000768,SOURCE_OBSERVATIONS
CEV-000485,CNF-00303,OBS-001239,SOURCE_A,CADASTRAL_REVENUE,geometry,OBS-GEO-001239,OBS-GEO-001239,CURRENT_CONTEXT,SUPPORTS_SOURCE_A,local spatial distortion,SOURCE_OBSERVATION,OBS-001239,SOURCE_OBSERVATIONS
CEV-000486,CNF-00303,OBS-001241,SOURCE_B,DRONE_ORTHOPHOTO,geometry,OBS-GEO-001241,OBS-GEO-001241,CURRENT_CONTEXT,SUPPORTS_SOURCE_B,,SOURCE_OBSERVATION,OBS-001241,SOURCE_OBSERVATIONS
CEV-000487,CNF-00304,OBS-002558,SOURCE_A,CADASTRAL_REVENUE,geometry,OBS-GEO-002558,OBS-GEO-002558,CURRENT_CONTEXT,SUPPORTS_SOURCE_A,local spatial distortion,SOURCE_OBSERVATION,OBS-002558,SOURCE_OBSERVATIONS
CEV-000488,CNF-00304,OBS-002560,SOURCE_B,DRONE_ORTHOPHOTO,geometry,OBS-GEO-002560,OBS-GEO-002560,CURRENT_CONTEXT,SUPPORTS_SOURCE_B,,SOURCE_OBSERVATION,OBS-002560,SOURCE_OBSERVATIONS
CEV-000489,CNF-00305,OBS-002184,SOURCE_A,CADASTRAL_REVENUE,geometry,OBS-GEO-002184,OBS-GEO-002184,CURRENT_CONTEXT,SUPPORTS_SOURCE_A,local spatial distortion,SOURCE_OBSERVATION,OBS-002184,SOURCE_OBSERVATIONS
CEV-000490,CNF-00305,OBS-002188,SOURCE_B,GNSS_CORS_SURVEY,geometry,OBS-GEO-002188,OBS-GEO-002188,CURRENT_CONTEXT,SUPPORTS_SOURCE_B,cm-level field survey,SOURCE_OBSERVATION,OBS-002188,SOURCE_OBSERVATIONS
CEV-000491,CNF-00306,OBS-000256,SOURCE_A,CADASTRAL_REVENUE,geometry,OBS-GEO-000256,OBS-GEO-000256,CURRENT_CONTEXT,SUPPORTS_SOURCE_A,local spatial distortion,SOURCE_OBSERVATION,OBS-000256,SOURCE_OBSERVATIONS
CEV-000492,CNF-00306,OBS-000259,SOURCE_B,DRONE_ORTHOPHOTO,geometry,OBS-GEO-000259,OBS-GEO-000259,CURRENT_CONTEXT,SUPPORTS_SOURCE_B,,SOURCE_OBSERVATION,OBS-000259,SOURCE_OBSERVATIONS
CEV-000493,CNF-00307,OBS-002803,SOURCE_A,CADASTRAL_REVENUE,geometry,OBS-GEO-002803,OBS-GEO-002803,CURRENT_CONTEXT,SUPPORTS_SOURCE_A,local spatial distortion,SOURCE_OBSERVATION,OBS-002803,SOURCE_OBSERVATIONS
CEV-000494,CNF-00307,OBS-002805,SOURCE_B,BUILDING_GIS,geometry,OBS-GEO-002805,OBS-GEO-002805,CURRENT_CONTEXT,SUPPORTS_SOURCE_B,,SOURCE_OBSERVATION,OBS-002805,SOURCE_OBSERVATIONS
CEV-000495,CNF-00308,OBS-000625,SOURCE_A,CADASTRAL_REVENUE,geometry,OBS-GEO-000625,OBS-GEO-000625,CURRENT_CONTEXT,SUPPORTS_SOURCE_A,local spatial distortion,SOURCE_OBSERVATION,OBS-000625,SOURCE_OBSERVATIONS
CEV-000496,CNF-00308,OBS-000627,SOURCE_B,BUILDING_GIS,geometry,OBS-GEO-000627,OBS-GEO-000627,CURRENT_CONTEXT,SUPPORTS_SOURCE_B,,SOURCE_OBSERVATION,OBS-000627,SOURCE_OBSERVATIONS
CEV-000497,CNF-00309,OBS-001262,SOURCE_A,CADASTRAL_REVENUE,geometry,OBS-GEO-001262,OBS-GEO-001262,CURRENT_CONTEXT,SUPPORTS_SOURCE_A,local spatial distortion,SOURCE_OBSERVATION,OBS-001262,SOURCE_OBSERVATIONS
CEV-000498,CNF-00309,OBS-001266,SOURCE_B,DRONE_ORTHOPHOTO,geometry,OBS-GEO-001266,OBS-GEO-001266,CURRENT_CONTEXT,SUPPORTS_SOURCE_B,,SOURCE_OBSERVATION,OBS-001266,SOURCE_OBSERVATIONS
CEV-000499,CNF-00310,OBS-002377,SOURCE_A,CADASTRAL_REVENUE,geometry,OBS-GEO-002377,OBS-GEO-002377,CURRENT_CONTEXT,SUPPORTS_SOURCE_A,local spatial distortion,SOURCE_OBSERVATION,OBS-002377,SOURCE_OBSERVATIONS
CEV-000500,CNF-00310,OBS-002379,SOURCE_B,BUILDING_GIS,geometry,OBS-GEO-002379,OBS-GEO-002379,CURRENT_CONTEXT,SUPPORTS_SOURCE_B,,SOURCE_OBSERVATION,OBS-002379,SOURCE_OBSERVATIONS
CEV-000501,CNF-00311,OBS-002547,SOURCE_A,CADASTRAL_REVENUE,geometry,OBS-GEO-002547,OBS-GEO-002547,CURRENT_CONTEXT,SUPPORTS_SOURCE_A,local spatial distortion,SOURCE_OBSERVATION,OBS-002547,SOURCE_OBSERVATIONS
CEV-000502,CNF-00311,OBS-002549,SOURCE_B,DRONE_ORTHOPHOTO,geometry,OBS-GEO-002549,OBS-GEO-002549,CURRENT_CONTEXT,SUPPORTS_SOURCE_B,,SOURCE_OBSERVATION,OBS-002549,SOURCE_OBSERVATIONS
CEV-000503,CNF-00312,OBS-000106,SOURCE_A,CADASTRAL_REVENUE,geometry,OBS-GEO-000106,OBS-GEO-000106,CURRENT_CONTEXT,SUPPORTS_SOURCE_A,local spatial distortion,SOURCE_OBSERVATION,OBS-000106,SOURCE_OBSERVATIONS
CEV-000504,CNF-00312,OBS-000107,SOURCE_B,MUNICIPAL_PROPERTY,geometry,OBS-GEO-000107,OBS-GEO-000107,CURRENT_CONTEXT,SUPPORTS_SOURCE_B,municipal owner differs,SOURCE_OBSERVATION,OBS-000107,SOURCE_OBSERVATIONS
CEV-000505,CNF-00313,OBS-003246,SOURCE_A,CADASTRAL_REVENUE,geometry,OBS-GEO-003246,OBS-GEO-003246,CURRENT_CONTEXT,SUPPORTS_SOURCE_A,local spatial distortion,SOURCE_OBSERVATION,OBS-003246,SOURCE_OBSERVATIONS
CEV-000506,CNF-00313,OBS-003249,SOURCE_B,DRONE_ORTHOPHOTO,geometry,OBS-GEO-003249,OBS-GEO-003249,CURRENT_CONTEXT,SUPPORTS_SOURCE_B,,SOURCE_OBSERVATION,OBS-003249,SOURCE_OBSERVATIONS
CEV-000507,CNF-00314,OBS-000211,SOURCE_A,CADASTRAL_REVENUE,geometry,OBS-GEO-000211,OBS-GEO-000211,CURRENT_CONTEXT,SUPPORTS_SOURCE_A,local spatial distortion,SOURCE_OBSERVATION,OBS-000211,SOURCE_OBSERVATIONS
CEV-000508,CNF-00314,OBS-000214,SOURCE_B,DRONE_ORTHOPHOTO,geometry,OBS-GEO-000214,OBS-GEO-000214,CURRENT_CONTEXT,SUPPORTS_SOURCE_B,,SOURCE_OBSERVATION,OBS-000214,SOURCE_OBSERVATIONS
CEV-000509,CNF-00315,OBS-003413,SOURCE_A,CADASTRAL_REVENUE,geometry,OBS-GEO-003413,OBS-GEO-003413,CURRENT_CONTEXT,SUPPORTS_SOURCE_A,local spatial distortion,SOURCE_OBSERVATION,OBS-003413,SOURCE_OBSERVATIONS
CEV-000510,CNF-00315,OBS-003415,SOURCE_B,DRONE_ORTHOPHOTO,geometry,OBS-GEO-003415,OBS-GEO-003415,CURRENT_CONTEXT,SUPPORTS_SOURCE_B,,SOURCE_OBSERVATION,OBS-003415,SOURCE_OBSERVATIONS
CEV-000511,CNF-00316,OBS-003135,SOURCE_A,CADASTRAL_REVENUE,identity,REV-08-038-01,OBS-GEO-003135,CURRENT_CONTEXT,SUPPORTS_SOURCE_A,,SOURCE_OBSERVATION,OBS-003135,SOURCE_OBSERVATIONS
CEV-000512,CNF-00316,OBS-003138,SOURCE_B,CADASTRAL_REVENUE,identity,REV-08-038-01-DUP,OBS-GEO-003135,CURRENT_CONTEXT,SUPPORTS_SOURCE_B,duplicate source parcel candidate,SOURCE_OBSERVATION,OBS-003138,SOURCE_OBSERVATIONS
CEV-000513,CNF-00317,OBS-003901,SOURCE_A,CADASTRAL_REVENUE,identity,REV-10-019-01,OBS-GEO-003901,CURRENT_CONTEXT,SUPPORTS_SOURCE_A,,SOURCE_OBSERVATION,OBS-003901,SOURCE_OBSERVATIONS
CEV-000514,CNF-00317,OBS-003904,SOURCE_B,CADASTRAL_REVENUE,identity,REV-10-019-01-DUP,OBS-GEO-003901,CURRENT_CONTEXT,SUPPORTS_SOURCE_B,duplicate source parcel candidate,SOURCE_OBSERVATION,OBS-003904,SOURCE_OBSERVATIONS
CEV-000515,CNF-00318,OBS-002433,SOURCE_A,CADASTRAL_REVENUE,identity,REV-06-073-01,OBS-GEO-002433,CURRENT_CONTEXT,SUPPORTS_SOURCE_A,,SOURCE_OBSERVATION,OBS-002433,SOURCE_OBSERVATIONS
CEV-000516,CNF-00318,OBS-002436,SOURCE_B,CADASTRAL_REVENUE,identity,REV-06-073-01-DUP,OBS-GEO-002433,CURRENT_CONTEXT,SUPPORTS_SOURCE_B,duplicate source parcel candidate,SOURCE_OBSERVATION,OBS-002436,SOURCE_OBSERVATIONS
CEV-000517,CNF-00319,OBS-001153,SOURCE_A,CADASTRAL_REVENUE,identity,REV-03-078-01,OBS-GEO-001153,CURRENT_CONTEXT,SUPPORTS_SOURCE_A,,SOURCE_OBSERVATION,OBS-001153,SOURCE_OBSERVATIONS
CEV-000518,CNF-00319,OBS-001156,SOURCE_B,CADASTRAL_REVENUE,identity,REV-03-078-01-DUP,OBS-GEO-001153,CURRENT_CONTEXT,SUPPORTS_SOURCE_B,duplicate source parcel candidate,SOURCE_OBSERVATION,OBS-001156,SOURCE_OBSERVATIONS
CEV-000519,CNF-00320,OBS-003703,SOURCE_A,CADASTRAL_REVENUE,identity,REV-09-075-01,OBS-GEO-003703,CURRENT_CONTEXT,SUPPORTS_SOURCE_A,,SOURCE_OBSERVATION,OBS-003703,SOURCE_OBSERVATIONS
CEV-000520,CNF-00320,OBS-003708,SOURCE_B,CADASTRAL_REVENUE,identity,REV-09-075-01-DUP,OBS-GEO-003703,CURRENT_CONTEXT,SUPPORTS_SOURCE_B,duplicate source parcel candidate,SOURCE_OBSERVATION,OBS-003708,SOURCE_OBSERVATIONS
CEV-000521,CNF-00321,OBS-000361,SOURCE_A,CADASTRAL_REVENUE,identity,REV-01-095-01,OBS-GEO-000361,CURRENT_CONTEXT,SUPPORTS_SOURCE_A,,SOURCE_OBSERVATION,OBS-000361,SOURCE_OBSERVATIONS
CEV-000522,CNF-00321,OBS-000365,SOURCE_B,CADASTRAL_REVENUE,identity,REV-01-095-01-DUP,OBS-GEO-000361,CURRENT_CONTEXT,SUPPORTS_SOURCE_B,duplicate source parcel candidate,SOURCE_OBSERVATION,OBS-000365,SOURCE_OBSERVATIONS
CEV-000523,CNF-00322,OBS-001645,SOURCE_A,CADASTRAL_REVENUE,identity,REV-04-091-01,OBS-GEO-001645,CURRENT_CONTEXT,SUPPORTS_SOURCE_A,old cadastral geometry contradicted by GNSS,SOURCE_OBSERVATION,OBS-001645,SOURCE_OBSERVATIONS
CEV-000524,CNF-00322,OBS-001650,SOURCE_B,CADASTRAL_REVENUE,identity,REV-04-091-01-DUP,OBS-GEO-001645,CURRENT_CONTEXT,SUPPORTS_SOURCE_B,old cadastral geometry contradicted by GNSS; duplicate source parcel candidate,SOURCE_OBSERVATION,OBS-001650,SOURCE_OBSERVATIONS
CEV-000525,CNF-00323,OBS-002713,SOURCE_A,CADASTRAL_REVENUE,identity,REV-07-041-01,OBS-GEO-002713,CURRENT_CONTEXT,SUPPORTS_SOURCE_A,,SOURCE_OBSERVATION,OBS-002713,SOURCE_OBSERVATIONS
CEV-000526,CNF-00323,OBS-002718,SOURCE_B,CADASTRAL_REVENUE,identity,REV-07-041-01-DUP,OBS-GEO-002713,CURRENT_CONTEXT,SUPPORTS_SOURCE_B,duplicate source parcel candidate,SOURCE_OBSERVATION,OBS-002718,SOURCE_OBSERVATIONS
CEV-000527,CNF-00324,OBS-001897,SOURCE_A,CADASTRAL_REVENUE,identity,REV-05-046-01,OBS-GEO-001897,CURRENT_CONTEXT,SUPPORTS_SOURCE_A,,SOURCE_OBSERVATION,OBS-001897,SOURCE_OBSERVATIONS
CEV-000528,CNF-00324,OBS-001902,SOURCE_B,CADASTRAL_REVENUE,identity,REV-05-046-01-DUP,OBS-GEO-001897,CURRENT_CONTEXT,SUPPORTS_SOURCE_B,duplicate source parcel candidate,SOURCE_OBSERVATION,OBS-001902,SOURCE_OBSERVATIONS
CEV-000529,CNF-00325,OBS-000456,SOURCE_A,CADASTRAL_REVENUE,identity,REV-02-018-01,OBS-GEO-000456,CURRENT_CONTEXT,SUPPORTS_SOURCE_A,slight systematic cadastral shift,SOURCE_OBSERVATION,OBS-000456,SOURCE_OBSERVATIONS
CEV-000530,CNF-00325,OBS-000458,SOURCE_B,CADASTRAL_REVENUE,identity,REV-02-018-01-DUP,OBS-GEO-000456,CURRENT_CONTEXT,SUPPORTS_SOURCE_B,slight systematic cadastral shift; duplicate source parcel candidate,SOURCE_OBSERVATION,OBS-000458,SOURCE_OBSERVATIONS
CEV-000531,CNF-00326,OBS-000013,SOURCE_A,CADASTRAL_REVENUE,identity,REV-01-004-01,OBS-GEO-000013,CURRENT_CONTEXT,SUPPORTS_SOURCE_A,slight systematic cadastral shift,SOURCE_OBSERVATION,OBS-000013,SOURCE_OBSERVATIONS
CEV-000532,CNF-00326,OBS-000017,SOURCE_B,CADASTRAL_REVENUE,identity,REV-01-004-01-DUP,OBS-GEO-000013,CURRENT_CONTEXT,SUPPORTS_SOURCE_B,slight systematic cadastral shift; duplicate source parcel candidate,SOURCE_OBSERVATION,OBS-000017,SOURCE_OBSERVATIONS
CEV-000533,CNF-00327,OBS-001214,SOURCE_A,CADASTRAL_REVENUE,identity,REV-03-094-01,OBS-GEO-001214,CURRENT_CONTEXT,SUPPORTS_SOURCE_A,,SOURCE_OBSERVATION,OBS-001214,SOURCE_OBSERVATIONS
CEV-000534,CNF-00327,OBS-001217,SOURCE_B,CADASTRAL_REVENUE,identity,REV-03-094-01-DUP,OBS-GEO-001214,CURRENT_CONTEXT,SUPPORTS_SOURCE_B,duplicate source parcel candidate,SOURCE_OBSERVATION,OBS-001217,SOURCE_OBSERVATIONS
CEV-000535,CNF-00328,OBS-003940,SOURCE_A,CADASTRAL_REVENUE,identity,REV-10-028-01,OBS-GEO-003940,CURRENT_CONTEXT,SUPPORTS_SOURCE_A,,SOURCE_OBSERVATION,OBS-003940,SOURCE_OBSERVATIONS
CEV-000536,CNF-00328,OBS-003943,SOURCE_B,CADASTRAL_REVENUE,identity,REV-10-028-01-DUP,OBS-GEO-003940,CURRENT_CONTEXT,SUPPORTS_SOURCE_B,duplicate source parcel candidate,SOURCE_OBSERVATION,OBS-003943,SOURCE_OBSERVATIONS
CEV-000537,CNF-00329,OBS-000126,SOURCE_A,CADASTRAL_REVENUE,identity,REV-01-032-01,OBS-GEO-000126,CURRENT_CONTEXT,SUPPORTS_SOURCE_A,,SOURCE_OBSERVATION,OBS-000126,SOURCE_OBSERVATIONS
CEV-000538,CNF-00329,OBS-000130,SOURCE_B,CADASTRAL_REVENUE,identity,REV-01-032-01-DUP,OBS-GEO-000126,CURRENT_CONTEXT,SUPPORTS_SOURCE_B,duplicate source parcel candidate,SOURCE_OBSERVATION,OBS-000130,SOURCE_OBSERVATIONS
CEV-000539,CNF-00330,OBS-003463,SOURCE_A,CADASTRAL_REVENUE,identity,REV-09-017-01,OBS-GEO-003463,CURRENT_CONTEXT,SUPPORTS_SOURCE_A,,SOURCE_OBSERVATION,OBS-003463,SOURCE_OBSERVATIONS
CEV-000540,CNF-00330,OBS-003467,SOURCE_B,CADASTRAL_REVENUE,identity,REV-09-017-01-DUP,OBS-GEO-003463,CURRENT_CONTEXT,SUPPORTS_SOURCE_B,duplicate source parcel candidate,SOURCE_OBSERVATION,OBS-003467,SOURCE_OBSERVATIONS
CEV-000541,CNF-00331,OBS-002947,SOURCE_A,CADASTRAL_REVENUE,identity,REV-07-096-01,OBS-GEO-002947,CURRENT_CONTEXT,SUPPORTS_SOURCE_A,,SOURCE_OBSERVATION,OBS-002947,SOURCE_OBSERVATIONS
CEV-000542,CNF-00331,OBS-002951,SOURCE_B,CADASTRAL_REVENUE,identity,REV-07-096-01-DUP,OBS-GEO-002947,CURRENT_CONTEXT,SUPPORTS_SOURCE_B,duplicate source parcel candidate,SOURCE_OBSERVATION,OBS-002951,SOURCE_OBSERVATIONS
CEV-000543,CNF-00332,OBS-003761,SOURCE_A,CADASTRAL_REVENUE,identity,REV-09-088-01,OBS-GEO-003761,CURRENT_CONTEXT,SUPPORTS_SOURCE_A,,SOURCE_OBSERVATION,OBS-003761,SOURCE_OBSERVATIONS
CEV-000544,CNF-00332,OBS-003765,SOURCE_B,CADASTRAL_REVENUE,identity,REV-09-088-01-DUP,OBS-GEO-003761,CURRENT_CONTEXT,SUPPORTS_SOURCE_B,duplicate source parcel candidate,SOURCE_OBSERVATION,OBS-003765,SOURCE_OBSERVATIONS
CEV-000545,CNF-00333,OBS-004003,SOURCE_A,CADASTRAL_REVENUE,identity,REV-10-043-01,OBS-GEO-004003,CURRENT_CONTEXT,SUPPORTS_SOURCE_A,,SOURCE_OBSERVATION,OBS-004003,SOURCE_OBSERVATIONS
CEV-000546,CNF-00333,OBS-004009,SOURCE_B,CADASTRAL_REVENUE,identity,REV-10-043-01-DUP,OBS-GEO-004003,CURRENT_CONTEXT,SUPPORTS_SOURCE_B,duplicate source parcel candidate,SOURCE_OBSERVATION,OBS-004009,SOURCE_OBSERVATIONS
CEV-000547,CNF-00334,OBS-002585,SOURCE_A,CADASTRAL_REVENUE,identity,REV-07-011-01,OBS-GEO-002585,CURRENT_CONTEXT,SUPPORTS_SOURCE_A,,SOURCE_OBSERVATION,OBS-002585,SOURCE_OBSERVATIONS
CEV-000548,CNF-00334,OBS-002586,SOURCE_B,MUNICIPAL_PROPERTY,identity,MCD-07-011-02,OBS-GEO-002586,CURRENT_CONTEXT,SUPPORTS_SOURCE_B,,SOURCE_OBSERVATION,OBS-002586,SOURCE_OBSERVATIONS
CEV-000549,CNF-00334,OBS-002589,ADDITIONAL_MUNICIPAL_UNIT,MUNICIPAL_PROPERTY,identity,MCD-07-011-02-U2,OBS-GEO-002586,CURRENT_CONTEXT,SUPPORTS_MULTI_SOURCE_CONDITION,municipal subunit within one cadastral parcel,SOURCE_OBSERVATION,OBS-002589,SOURCE_OBSERVATIONS
CEV-000550,CNF-00334,OBS-002590,ADDITIONAL_MUNICIPAL_UNIT,MUNICIPAL_PROPERTY,identity,MCD-07-011-02-U3,OBS-GEO-002586,CURRENT_CONTEXT,SUPPORTS_MULTI_SOURCE_CONDITION,municipal subunit within one cadastral parcel,SOURCE_OBSERVATION,OBS-002590,SOURCE_OBSERVATIONS
CEV-000551,CNF-00335,OBS-003074,SOURCE_A,CADASTRAL_REVENUE,identity,REV-08-024-01,OBS-GEO-003074,CURRENT_CONTEXT,SUPPORTS_SOURCE_A,,SOURCE_OBSERVATION,OBS-003074,SOURCE_OBSERVATIONS
CEV-000552,CNF-00335,OBS-003075,SOURCE_B,MUNICIPAL_PROPERTY,identity,MCD-08-024-02,OBS-GEO-003075,CURRENT_CONTEXT,SUPPORTS_SOURCE_B,,SOURCE_OBSERVATION,OBS-003075,SOURCE_OBSERVATIONS
CEV-000553,CNF-00335,OBS-003078,ADDITIONAL_MUNICIPAL_UNIT,MUNICIPAL_PROPERTY,identity,MCD-08-024-02-U2,OBS-GEO-003075,CURRENT_CONTEXT,SUPPORTS_MULTI_SOURCE_CONDITION,municipal subunit within one cadastral parcel,SOURCE_OBSERVATION,OBS-003078,SOURCE_OBSERVATIONS
CEV-000554,CNF-00336,OBS-000239,SOURCE_A,CADASTRAL_REVENUE,identity,REV-01-064-01,OBS-GEO-000239,CURRENT_CONTEXT,SUPPORTS_SOURCE_A,,SOURCE_OBSERVATION,OBS-000239,SOURCE_OBSERVATIONS
CEV-000555,CNF-00336,OBS-000240,SOURCE_B,MUNICIPAL_PROPERTY,identity,MCD-01-064-02,OBS-GEO-000240,CURRENT_CONTEXT,SUPPORTS_SOURCE_B,,SOURCE_OBSERVATION,OBS-000240,SOURCE_OBSERVATIONS
CEV-000556,CNF-00336,OBS-000243,ADDITIONAL_MUNICIPAL_UNIT,MUNICIPAL_PROPERTY,identity,MCD-01-064-02-U2,OBS-GEO-000240,CURRENT_CONTEXT,SUPPORTS_MULTI_SOURCE_CONDITION,municipal subunit within one cadastral parcel,SOURCE_OBSERVATION,OBS-000243,SOURCE_OBSERVATIONS
CEV-000557,CNF-00337,OBS-003934,SOURCE_A,CADASTRAL_REVENUE,identity,REV-10-027-01,OBS-GEO-003934,CURRENT_CONTEXT,SUPPORTS_SOURCE_A,,SOURCE_OBSERVATION,OBS-003934,SOURCE_OBSERVATIONS
CEV-000558,CNF-00337,OBS-003935,SOURCE_B,MUNICIPAL_PROPERTY,identity,MCD-10-027-02,OBS-GEO-003935,CURRENT_CONTEXT,SUPPORTS_SOURCE_B,municipal owner differs,SOURCE_OBSERVATION,OBS-003935,SOURCE_OBSERVATIONS
CEV-000559,CNF-00337,OBS-003938,ADDITIONAL_MUNICIPAL_UNIT,MUNICIPAL_PROPERTY,identity,MCD-10-027-02-U2,OBS-GEO-003935,CURRENT_CONTEXT,SUPPORTS_MULTI_SOURCE_CONDITION,municipal owner differs; municipal subunit within one cadastral parcel,SOURCE_OBSERVATION,OBS-003938,SOURCE_OBSERVATIONS
CEV-000560,CNF-00337,OBS-003939,ADDITIONAL_MUNICIPAL_UNIT,MUNICIPAL_PROPERTY,identity,MCD-10-027-02-U3,OBS-GEO-003935,CURRENT_CONTEXT,SUPPORTS_MULTI_SOURCE_CONDITION,municipal owner differs; municipal subunit within one cadastral parcel,SOURCE_OBSERVATION,OBS-003939,SOURCE_OBSERVATIONS
CEV-000561,CNF-00338,OBS-000520,SOURCE_A,CADASTRAL_REVENUE,identity,REV-02-034-01,OBS-GEO-000520,CURRENT_CONTEXT,SUPPORTS_SOURCE_A,,SOURCE_OBSERVATION,OBS-000520,SOURCE_OBSERVATIONS
CEV-000562,CNF-00338,OBS-000521,SOURCE_B,MUNICIPAL_PROPERTY,identity,MCD-02-034-02,OBS-GEO-000521,CURRENT_CONTEXT,SUPPORTS_SOURCE_B,,SOURCE_OBSERVATION,OBS-000521,SOURCE_OBSERVATIONS
CEV-000563,CNF-00338,OBS-000524,ADDITIONAL_MUNICIPAL_UNIT,MUNICIPAL_PROPERTY,identity,MCD-02-034-02-U2,OBS-GEO-000521,CURRENT_CONTEXT,SUPPORTS_MULTI_SOURCE_CONDITION,municipal subunit within one cadastral parcel,SOURCE_OBSERVATION,OBS-000524,SOURCE_OBSERVATIONS
CEV-000564,CNF-00339,OBS-000389,SOURCE_A,CADASTRAL_REVENUE,identity,REV-02-001-01,OBS-GEO-000389,CURRENT_CONTEXT,SUPPORTS_SOURCE_A,,SOURCE_OBSERVATION,OBS-000389,SOURCE_OBSERVATIONS
CEV-000565,CNF-00339,OBS-000390,SOURCE_B,MUNICIPAL_PROPERTY,identity,MCD-02-001-02,OBS-GEO-000390,CURRENT_CONTEXT,SUPPORTS_SOURCE_B,,SOURCE_OBSERVATION,OBS-000390,SOURCE_OBSERVATIONS
CEV-000566,CNF-00339,OBS-000394,ADDITIONAL_MUNICIPAL_UNIT,MUNICIPAL_PROPERTY,identity,MCD-02-001-02-U2,OBS-GEO-000390,CURRENT_CONTEXT,SUPPORTS_MULTI_SOURCE_CONDITION,municipal subunit within one cadastral parcel,SOURCE_OBSERVATION,OBS-000394,SOURCE_OBSERVATIONS
CEV-000567,CNF-00339,OBS-000395,ADDITIONAL_MUNICIPAL_UNIT,MUNICIPAL_PROPERTY,identity,MCD-02-001-02-U3,OBS-GEO-000390,CURRENT_CONTEXT,SUPPORTS_MULTI_SOURCE_CONDITION,municipal subunit within one cadastral parcel,SOURCE_OBSERVATION,OBS-000395,SOURCE_OBSERVATIONS
CEV-000568,CNF-00340,OBS-000092,SOURCE_A,CADASTRAL_REVENUE,identity,REV-01-023-01,OBS-GEO-000092,CURRENT_CONTEXT,SUPPORTS_SOURCE_A,,SOURCE_OBSERVATION,OBS-000092,SOURCE_OBSERVATIONS
CEV-000569,CNF-00340,OBS-000093,SOURCE_B,MUNICIPAL_PROPERTY,identity,MCD-01-023-02,OBS-GEO-000093,CURRENT_CONTEXT,SUPPORTS_SOURCE_B,,SOURCE_OBSERVATION,OBS-000093,SOURCE_OBSERVATIONS
CEV-000570,CNF-00340,OBS-000097,ADDITIONAL_MUNICIPAL_UNIT,MUNICIPAL_PROPERTY,identity,MCD-01-023-02-U2,OBS-GEO-000093,CURRENT_CONTEXT,SUPPORTS_MULTI_SOURCE_CONDITION,municipal subunit within one cadastral parcel,SOURCE_OBSERVATION,OBS-000097,SOURCE_OBSERVATIONS
CEV-000571,CNF-00340,OBS-000098,ADDITIONAL_MUNICIPAL_UNIT,MUNICIPAL_PROPERTY,identity,MCD-01-023-02-U3,OBS-GEO-000093,CURRENT_CONTEXT,SUPPORTS_MULTI_SOURCE_CONDITION,municipal subunit within one cadastral parcel,SOURCE_OBSERVATION,OBS-000098,SOURCE_OBSERVATIONS
CEV-000572,CNF-00341,OBS-003843,SOURCE_A,CADASTRAL_REVENUE,identity,REV-10-006-01,OBS-GEO-003843,CURRENT_CONTEXT,SUPPORTS_SOURCE_A,,SOURCE_OBSERVATION,OBS-003843,SOURCE_OBSERVATIONS
CEV-000573,CNF-00341,OBS-003844,SOURCE_B,MUNICIPAL_PROPERTY,identity,MCD-10-006-02,OBS-GEO-003844,CURRENT_CONTEXT,SUPPORTS_SOURCE_B,,SOURCE_OBSERVATION,OBS-003844,SOURCE_OBSERVATIONS
CEV-000574,CNF-00341,OBS-003848,ADDITIONAL_MUNICIPAL_UNIT,MUNICIPAL_PROPERTY,identity,MCD-10-006-02-U2,OBS-GEO-003844,CURRENT_CONTEXT,SUPPORTS_MULTI_SOURCE_CONDITION,municipal subunit within one cadastral parcel,SOURCE_OBSERVATION,OBS-003848,SOURCE_OBSERVATIONS
CEV-000575,CNF-00342,OBS-003092,SOURCE_A,CADASTRAL_REVENUE,identity,REV-08-028-01,OBS-GEO-003092,CURRENT_CONTEXT,SUPPORTS_SOURCE_A,local spatial distortion,SOURCE_OBSERVATION,OBS-003092,SOURCE_OBSERVATIONS
CEV-000576,CNF-00342,OBS-003093,SOURCE_B,MUNICIPAL_PROPERTY,identity,MCD-08-028-02,OBS-GEO-003093,CURRENT_CONTEXT,SUPPORTS_SOURCE_B,,SOURCE_OBSERVATION,OBS-003093,SOURCE_OBSERVATIONS
CEV-000577,CNF-00342,OBS-003094,ADDITIONAL_MUNICIPAL_UNIT,MUNICIPAL_PROPERTY,identity,MCD-08-028-02-U2,OBS-GEO-003093,CURRENT_CONTEXT,SUPPORTS_MULTI_SOURCE_CONDITION,municipal subunit within one cadastral parcel,SOURCE_OBSERVATION,OBS-003094,SOURCE_OBSERVATIONS
CEV-000578,CNF-00343,OBS-002773,SOURCE_A,CADASTRAL_REVENUE,identity,REV-07-056-01,OBS-GEO-002773,CURRENT_CONTEXT,SUPPORTS_SOURCE_A,,SOURCE_OBSERVATION,OBS-002773,SOURCE_OBSERVATIONS
CEV-000579,CNF-00343,OBS-002774,SOURCE_B,MUNICIPAL_PROPERTY,identity,MCD-07-056-02,OBS-GEO-002774,CURRENT_CONTEXT,SUPPORTS_SOURCE_B,,SOURCE_OBSERVATION,OBS-002774,SOURCE_OBSERVATIONS
CEV-000580,CNF-00343,OBS-002777,ADDITIONAL_MUNICIPAL_UNIT,MUNICIPAL_PROPERTY,identity,MCD-07-056-02-U2,OBS-GEO-002774,CURRENT_CONTEXT,SUPPORTS_MULTI_SOURCE_CONDITION,municipal subunit within one cadastral parcel,SOURCE_OBSERVATION,OBS-002777,SOURCE_OBSERVATIONS
CEV-000581,CNF-00344,OBS-002456,SOURCE_B,MUNICIPAL_PROPERTY,identity,MCD-06-079-01,OBS-GEO-002456,CURRENT_CONTEXT,SUPPORTS_SOURCE_B,municipal owner differs,SOURCE_OBSERVATION,OBS-002456,SOURCE_OBSERVATIONS
CEV-000582,CNF-00344,OBS-002458,ADDITIONAL_MUNICIPAL_UNIT,MUNICIPAL_PROPERTY,identity,MCD-06-079-01-U2,OBS-GEO-002456,CURRENT_CONTEXT,SUPPORTS_MULTI_SOURCE_CONDITION,municipal owner differs; municipal subunit within one cadastral parcel,SOURCE_OBSERVATION,OBS-002458,SOURCE_OBSERVATIONS
CEV-000583,CNF-00344,OBS-002459,ADDITIONAL_MUNICIPAL_UNIT,MUNICIPAL_PROPERTY,identity,MCD-06-079-01-U3,OBS-GEO-002456,CURRENT_CONTEXT,SUPPORTS_MULTI_SOURCE_CONDITION,municipal owner differs; municipal subunit within one cadastral parcel,SOURCE_OBSERVATION,OBS-002459,SOURCE_OBSERVATIONS
CEV-000584,CNF-00345,OBS-001682,SOURCE_A,CADASTRAL_REVENUE,identity,REV-04-100-01,OBS-GEO-001682,CURRENT_CONTEXT,SUPPORTS_SOURCE_A,,SOURCE_OBSERVATION,OBS-001682,SOURCE_OBSERVATIONS
CEV-000585,CNF-00345,OBS-001683,SOURCE_B,MUNICIPAL_PROPERTY,identity,MCD-04-100-02,OBS-GEO-001683,CURRENT_CONTEXT,SUPPORTS_SOURCE_B,,SOURCE_OBSERVATION,OBS-001683,SOURCE_OBSERVATIONS
CEV-000586,CNF-00345,OBS-001685,ADDITIONAL_MUNICIPAL_UNIT,MUNICIPAL_PROPERTY,identity,MCD-04-100-02-U2,OBS-GEO-001683,CURRENT_CONTEXT,SUPPORTS_MULTI_SOURCE_CONDITION,municipal subunit within one cadastral parcel,SOURCE_OBSERVATION,OBS-001685,SOURCE_OBSERVATIONS
CEV-000587,CNF-00346,OBS-002558,SOURCE_A,CADASTRAL_REVENUE,identity,REV-07-004-01,OBS-GEO-002558,CURRENT_CONTEXT,SUPPORTS_SOURCE_A,local spatial distortion,SOURCE_OBSERVATION,OBS-002558,SOURCE_OBSERVATIONS
CEV-000588,CNF-00346,OBS-002559,SOURCE_B,MUNICIPAL_PROPERTY,identity,MCD-07-004-02,OBS-GEO-002559,CURRENT_CONTEXT,SUPPORTS_SOURCE_B,,SOURCE_OBSERVATION,OBS-002559,SOURCE_OBSERVATIONS
CEV-000589,CNF-00346,OBS-002561,ADDITIONAL_MUNICIPAL_UNIT,MUNICIPAL_PROPERTY,identity,MCD-07-004-02-U2,OBS-GEO-002559,CURRENT_CONTEXT,SUPPORTS_MULTI_SOURCE_CONDITION,municipal subunit within one cadastral parcel,SOURCE_OBSERVATION,OBS-002561,SOURCE_OBSERVATIONS
CEV-000590,CNF-00347,OBS-002028,SOURCE_A,CADASTRAL_REVENUE,identity,REV-05-075-01,OBS-GEO-002028,CURRENT_CONTEXT,SUPPORTS_SOURCE_A,alternate neighboring candidate plausible,SOURCE_OBSERVATION,OBS-002028,SOURCE_OBSERVATIONS
CEV-000591,CNF-00347,OBS-002029,SOURCE_B,MUNICIPAL_PROPERTY,identity,MCD-05-075-02,OBS-GEO-002029,CURRENT_CONTEXT,SUPPORTS_SOURCE_B,alternate neighboring candidate plausible,SOURCE_OBSERVATION,OBS-002029,SOURCE_OBSERVATIONS
CEV-000592,CNF-00347,OBS-002032,ADDITIONAL_MUNICIPAL_UNIT,MUNICIPAL_PROPERTY,identity,MCD-05-075-02-U2,OBS-GEO-002029,CURRENT_CONTEXT,SUPPORTS_MULTI_SOURCE_CONDITION,alternate neighboring candidate plausible; municipal subunit within one cadastral parcel,SOURCE_OBSERVATION,OBS-002032,SOURCE_OBSERVATIONS
CEV-000593,CNF-00347,OBS-002033,ADDITIONAL_MUNICIPAL_UNIT,MUNICIPAL_PROPERTY,identity,MCD-05-075-02-U3,OBS-GEO-002029,CURRENT_CONTEXT,SUPPORTS_MULTI_SOURCE_CONDITION,alternate neighboring candidate plausible; municipal subunit within one cadastral parcel,SOURCE_OBSERVATION,OBS-002033,SOURCE_OBSERVATIONS
CEV-000594,CNF-00348,OBS-000067,SOURCE_A,CADASTRAL_REVENUE,identity,REV-01-017-01,OBS-GEO-000067,CURRENT_CONTEXT,SUPPORTS_SOURCE_A,,SOURCE_OBSERVATION,OBS-000067,SOURCE_OBSERVATIONS
CEV-000595,CNF-00348,OBS-000068,SOURCE_B,MUNICIPAL_PROPERTY,identity,MCD-01-017-02,OBS-GEO-000068,CURRENT_CONTEXT,SUPPORTS_SOURCE_B,,SOURCE_OBSERVATION,OBS-000068,SOURCE_OBSERVATIONS
CEV-000596,CNF-00348,OBS-000071,ADDITIONAL_MUNICIPAL_UNIT,MUNICIPAL_PROPERTY,identity,MCD-01-017-02-U2,OBS-GEO-000068,CURRENT_CONTEXT,SUPPORTS_MULTI_SOURCE_CONDITION,municipal subunit within one cadastral parcel,SOURCE_OBSERVATION,OBS-000071,SOURCE_OBSERVATIONS
CEV-000597,CNF-00348,OBS-000072,ADDITIONAL_MUNICIPAL_UNIT,MUNICIPAL_PROPERTY,identity,MCD-01-017-02-U3,OBS-GEO-000068,CURRENT_CONTEXT,SUPPORTS_MULTI_SOURCE_CONDITION,municipal subunit within one cadastral parcel,SOURCE_OBSERVATION,OBS-000072,SOURCE_OBSERVATIONS
CEV-000598,CNF-00349,OBS-003403,SOURCE_A,CADASTRAL_REVENUE,identity,REV-09-002-01,OBS-GEO-003403,CURRENT_CONTEXT,SUPPORTS_SOURCE_A,old cadastral geometry contradicted by GNSS,SOURCE_OBSERVATION,OBS-003403,SOURCE_OBSERVATIONS
CEV-000599,CNF-00349,OBS-003404,SOURCE_B,MUNICIPAL_PROPERTY,identity,MCD-09-002-02,OBS-GEO-003404,CURRENT_CONTEXT,SUPPORTS_SOURCE_B,,SOURCE_OBSERVATION,OBS-003404,SOURCE_OBSERVATIONS
CEV-000600,CNF-00349,OBS-003408,ADDITIONAL_MUNICIPAL_UNIT,MUNICIPAL_PROPERTY,identity,MCD-09-002-02-U2,OBS-GEO-003404,CURRENT_CONTEXT,SUPPORTS_MULTI_SOURCE_CONDITION,municipal subunit within one cadastral parcel,SOURCE_OBSERVATION,OBS-003408,SOURCE_OBSERVATIONS
CEV-000601,CNF-00350,OBS-000527,SOURCE_A,CADASTRAL_REVENUE,identity,REV-02-036-01,OBS-GEO-000527,CURRENT_CONTEXT,SUPPORTS_SOURCE_A,,SOURCE_OBSERVATION,OBS-000527,SOURCE_OBSERVATIONS
CEV-000602,CNF-00350,OBS-000528,SOURCE_B,MUNICIPAL_PROPERTY,identity,MCD-02-036-02,OBS-GEO-000528,CURRENT_CONTEXT,SUPPORTS_SOURCE_B,,SOURCE_OBSERVATION,OBS-000528,SOURCE_OBSERVATIONS
CEV-000603,CNF-00350,OBS-000529,ADDITIONAL_MUNICIPAL_UNIT,MUNICIPAL_PROPERTY,identity,MCD-02-036-02-U2,OBS-GEO-000528,CURRENT_CONTEXT,SUPPORTS_MULTI_SOURCE_CONDITION,municipal subunit within one cadastral parcel,SOURCE_OBSERVATION,OBS-000529,SOURCE_OBSERVATIONS
CEV-000604,CNF-00351,OBS-000808,SOURCE_A,CADASTRAL_REVENUE,identity,REV-03-003-01,OBS-GEO-000808,CURRENT_CONTEXT,SUPPORTS_SOURCE_A,,SOURCE_OBSERVATION,OBS-000808,SOURCE_OBSERVATIONS
CEV-000605,CNF-00351,OBS-000809,SOURCE_B,MUNICIPAL_PROPERTY,identity,MCD-03-003-02,OBS-GEO-000809,CURRENT_CONTEXT,SUPPORTS_SOURCE_B,,SOURCE_OBSERVATION,OBS-000809,SOURCE_OBSERVATIONS
CEV-000606,CNF-00351,OBS-000814,ADDITIONAL_MUNICIPAL_UNIT,MUNICIPAL_PROPERTY,identity,MCD-03-003-02-U2,OBS-GEO-000809,CURRENT_CONTEXT,SUPPORTS_MULTI_SOURCE_CONDITION,municipal subunit within one cadastral parcel,SOURCE_OBSERVATION,OBS-000814,SOURCE_OBSERVATIONS
CEV-000607,CNF-00351,OBS-000815,ADDITIONAL_MUNICIPAL_UNIT,MUNICIPAL_PROPERTY,identity,MCD-03-003-02-U3,OBS-GEO-000809,CURRENT_CONTEXT,SUPPORTS_MULTI_SOURCE_CONDITION,municipal subunit within one cadastral parcel,SOURCE_OBSERVATION,OBS-000815,SOURCE_OBSERVATIONS
CEV-000608,CNF-00352,OBS-003007,SOURCE_A,CADASTRAL_REVENUE,identity,REV-08-009-01,OBS-GEO-003007,CURRENT_CONTEXT,SUPPORTS_SOURCE_A,,SOURCE_OBSERVATION,OBS-003007,SOURCE_OBSERVATIONS
CEV-000609,CNF-00352,OBS-003008,SOURCE_B,MUNICIPAL_PROPERTY,identity,MCD-08-009-02,OBS-GEO-003008,CURRENT_CONTEXT,SUPPORTS_SOURCE_B,private occupier on government parcel,SOURCE_OBSERVATION,OBS-003008,SOURCE_OBSERVATIONS
CEV-000610,CNF-00352,OBS-003012,ADDITIONAL_MUNICIPAL_UNIT,MUNICIPAL_PROPERTY,identity,MCD-08-009-02-U2,OBS-GEO-003008,CURRENT_CONTEXT,SUPPORTS_MULTI_SOURCE_CONDITION,private occupier on government parcel; municipal subunit within one cadastral parcel,SOURCE_OBSERVATION,OBS-003012,SOURCE_OBSERVATIONS
CEV-000611,CNF-00352,OBS-003013,ADDITIONAL_MUNICIPAL_UNIT,MUNICIPAL_PROPERTY,identity,MCD-08-009-02-U3,OBS-GEO-003008,CURRENT_CONTEXT,SUPPORTS_MULTI_SOURCE_CONDITION,private occupier on government parcel; municipal subunit within one cadastral parcel,SOURCE_OBSERVATION,OBS-003013,SOURCE_OBSERVATIONS
CEV-000612,CNF-00353,OBS-002280,SOURCE_A,CADASTRAL_REVENUE,identity,REV-06-035-01,OBS-GEO-002280,CURRENT_CONTEXT,SUPPORTS_SOURCE_A,,SOURCE_OBSERVATION,OBS-002280,SOURCE_OBSERVATIONS
CEV-000613,CNF-00353,OBS-002281,SOURCE_B,MUNICIPAL_PROPERTY,identity,MCD-06-035-02,OBS-GEO-002281,CURRENT_CONTEXT,SUPPORTS_SOURCE_B,,SOURCE_OBSERVATION,OBS-002281,SOURCE_OBSERVATIONS
CEV-000614,CNF-00353,OBS-002284,ADDITIONAL_MUNICIPAL_UNIT,MUNICIPAL_PROPERTY,identity,MCD-06-035-02-U2,OBS-GEO-002281,CURRENT_CONTEXT,SUPPORTS_MULTI_SOURCE_CONDITION,municipal subunit within one cadastral parcel,SOURCE_OBSERVATION,OBS-002284,SOURCE_OBSERVATIONS
CEV-000615,CNF-00353,OBS-002285,ADDITIONAL_MUNICIPAL_UNIT,MUNICIPAL_PROPERTY,identity,MCD-06-035-02-U3,OBS-GEO-002281,CURRENT_CONTEXT,SUPPORTS_MULTI_SOURCE_CONDITION,municipal subunit within one cadastral parcel,SOURCE_OBSERVATION,OBS-002285,SOURCE_OBSERVATIONS
CEV-000616,CNF-00354,OBS-000690,SOURCE_A,CADASTRAL_REVENUE,identity,REV-02-076-01,OBS-GEO-000690,CURRENT_CONTEXT,SUPPORTS_SOURCE_A,,SOURCE_OBSERVATION,OBS-000690,SOURCE_OBSERVATIONS
CEV-000617,CNF-00354,OBS-000691,SOURCE_B,MUNICIPAL_PROPERTY,identity,MCD-02-076-02,OBS-GEO-000691,CURRENT_CONTEXT,SUPPORTS_SOURCE_B,,SOURCE_OBSERVATION,OBS-000691,SOURCE_OBSERVATIONS
CEV-000618,CNF-00354,OBS-000694,ADDITIONAL_MUNICIPAL_UNIT,MUNICIPAL_PROPERTY,identity,MCD-02-076-02-U2,OBS-GEO-000691,CURRENT_CONTEXT,SUPPORTS_MULTI_SOURCE_CONDITION,municipal subunit within one cadastral parcel,SOURCE_OBSERVATION,OBS-000694,SOURCE_OBSERVATIONS
CEV-000619,CNF-00355,OBS-002008,SOURCE_A,CADASTRAL_REVENUE,identity,REV-05-071-01,OBS-GEO-002008,CURRENT_CONTEXT,SUPPORTS_SOURCE_A,,SOURCE_OBSERVATION,OBS-002008,SOURCE_OBSERVATIONS
CEV-000620,CNF-00355,OBS-002009,SOURCE_B,MUNICIPAL_PROPERTY,identity,MCD-05-071-02,OBS-GEO-002009,CURRENT_CONTEXT,SUPPORTS_SOURCE_B,,SOURCE_OBSERVATION,OBS-002009,SOURCE_OBSERVATIONS
CEV-000621,CNF-00355,OBS-002012,ADDITIONAL_MUNICIPAL_UNIT,MUNICIPAL_PROPERTY,identity,MCD-05-071-02-U2,OBS-GEO-002009,CURRENT_CONTEXT,SUPPORTS_MULTI_SOURCE_CONDITION,municipal subunit within one cadastral parcel,SOURCE_OBSERVATION,OBS-002012,SOURCE_OBSERVATIONS
CEV-000622,CNF-00355,OBS-002013,ADDITIONAL_MUNICIPAL_UNIT,MUNICIPAL_PROPERTY,identity,MCD-05-071-02-U3,OBS-GEO-002009,CURRENT_CONTEXT,SUPPORTS_MULTI_SOURCE_CONDITION,municipal subunit within one cadastral parcel,SOURCE_OBSERVATION,OBS-002013,SOURCE_OBSERVATIONS
CEV-000623,CNF-00356,OBS-001046,SOURCE_A,CADASTRAL_REVENUE,identity,REV-03-052-01,OBS-GEO-001046,CURRENT_CONTEXT,SUPPORTS_SOURCE_A,,SOURCE_OBSERVATION,OBS-001046,SOURCE_OBSERVATIONS
CEV-000624,CNF-00356,OBS-001047,SOURCE_B,MUNICIPAL_PROPERTY,identity,MCD-03-052-02,OBS-GEO-001047,CURRENT_CONTEXT,SUPPORTS_SOURCE_B,,SOURCE_OBSERVATION,OBS-001047,SOURCE_OBSERVATIONS
CEV-000625,CNF-00356,OBS-001050,ADDITIONAL_MUNICIPAL_UNIT,MUNICIPAL_PROPERTY,identity,MCD-03-052-02-U2,OBS-GEO-001047,CURRENT_CONTEXT,SUPPORTS_MULTI_SOURCE_CONDITION,municipal subunit within one cadastral parcel,SOURCE_OBSERVATION,OBS-001050,SOURCE_OBSERVATIONS
CEV-000626,CNF-00357,OBS-003514,SOURCE_A,CADASTRAL_REVENUE,identity,REV-09-029-01,OBS-GEO-003514,CURRENT_CONTEXT,SUPPORTS_SOURCE_A,,SOURCE_OBSERVATION,OBS-003514,SOURCE_OBSERVATIONS
CEV-000627,CNF-00357,OBS-003515,SOURCE_B,MUNICIPAL_PROPERTY,identity,MCD-09-029-02,OBS-GEO-003515,CURRENT_CONTEXT,SUPPORTS_SOURCE_B,,SOURCE_OBSERVATION,OBS-003515,SOURCE_OBSERVATIONS
CEV-000628,CNF-00357,OBS-003518,ADDITIONAL_MUNICIPAL_UNIT,MUNICIPAL_PROPERTY,identity,MCD-09-029-02-U2,OBS-GEO-003515,CURRENT_CONTEXT,SUPPORTS_MULTI_SOURCE_CONDITION,municipal subunit within one cadastral parcel,SOURCE_OBSERVATION,OBS-003518,SOURCE_OBSERVATIONS
CEV-000629,CNF-00357,OBS-003519,ADDITIONAL_MUNICIPAL_UNIT,MUNICIPAL_PROPERTY,identity,MCD-09-029-02-U3,OBS-GEO-003515,CURRENT_CONTEXT,SUPPORTS_MULTI_SOURCE_CONDITION,municipal subunit within one cadastral parcel,SOURCE_OBSERVATION,OBS-003519,SOURCE_OBSERVATIONS
CEV-000630,CNF-00358,OBS-001119,SOURCE_A,CADASTRAL_REVENUE,owner_name,Ishaan Mishra,OBS-GEO-001119,CURRENT_CONTEXT,SUPPORTS_SOURCE_A,local spatial distortion,SOURCE_OBSERVATION,OBS-001119,SOURCE_OBSERVATIONS
CEV-000631,CNF-00358,OBS-001120,SOURCE_B,MUNICIPAL_PROPERTY,owner_name,Sneha Mehta,OBS-GEO-001120,CURRENT_CONTEXT,SUPPORTS_SOURCE_B,municipal owner differs,SOURCE_OBSERVATION,OBS-001120,SOURCE_OBSERVATIONS
CEV-000632,CNF-00359,OBS-003687,SOURCE_A,CADASTRAL_REVENUE,owner_name,Deepak Arora,OBS-GEO-003687,CURRENT_CONTEXT,SUPPORTS_SOURCE_A,,SOURCE_OBSERVATION,OBS-003687,SOURCE_OBSERVATIONS
CEV-000633,CNF-00359,OBS-003688,SOURCE_B,MUNICIPAL_PROPERTY,owner_name,Aarav Bansal,OBS-GEO-003688,CURRENT_CONTEXT,SUPPORTS_SOURCE_B,municipal owner differs,SOURCE_OBSERVATION,OBS-003688,SOURCE_OBSERVATIONS
CEV-000634,CNF-00360,OBS-001078,SOURCE_A,CADASTRAL_REVENUE,owner_name,Deepak Arora,OBS-GEO-001078,CURRENT_CONTEXT,SUPPORTS_SOURCE_A,alternate neighboring candidate plausible,SOURCE_OBSERVATION,OBS-001078,SOURCE_OBSERVATIONS
CEV-000635,CNF-00360,OBS-001079,SOURCE_B,MUNICIPAL_PROPERTY,owner_name,Aarav Verma,OBS-GEO-001079,CURRENT_CONTEXT,SUPPORTS_SOURCE_B,municipal owner differs; alternate neighboring candidate plausible,SOURCE_OBSERVATION,OBS-001079,SOURCE_OBSERVATIONS
CEV-000636,CNF-00361,OBS-003934,SOURCE_A,CADASTRAL_REVENUE,owner_name,Civitas Enclave Residents LLP,OBS-GEO-003934,CURRENT_CONTEXT,SUPPORTS_SOURCE_A,,SOURCE_OBSERVATION,OBS-003934,SOURCE_OBSERVATIONS
CEV-000637,CNF-00361,OBS-003935,SOURCE_B,MUNICIPAL_PROPERTY,owner_name,Aarav Aggarwal,OBS-GEO-003935,CURRENT_CONTEXT,SUPPORTS_SOURCE_B,municipal owner differs,SOURCE_OBSERVATION,OBS-003935,SOURCE_OBSERVATIONS
CEV-000638,CNF-00362,OBS-003633,SOURCE_A,CADASTRAL_REVENUE,owner_name,Ishaan Sharma,OBS-GEO-003633,CURRENT_CONTEXT,SUPPORTS_SOURCE_A,,SOURCE_OBSERVATION,OBS-003633,SOURCE_OBSERVATIONS
CEV-000639,CNF-00362,OBS-003634,SOURCE_B,MUNICIPAL_PROPERTY,owner_name,Sneha Chawla,OBS-GEO-003634,CURRENT_CONTEXT,SUPPORTS_SOURCE_B,municipal owner differs,SOURCE_OBSERVATION,OBS-003634,SOURCE_OBSERVATIONS
CEV-000640,CNF-00363,OBS-002263,SOURCE_A,CADASTRAL_REVENUE,owner_name,Sneha Mehta,OBS-GEO-002263,CURRENT_CONTEXT,SUPPORTS_SOURCE_A,,SOURCE_OBSERVATION,OBS-002263,SOURCE_OBSERVATIONS
CEV-000641,CNF-00363,OBS-002264,SOURCE_B,MUNICIPAL_PROPERTY,owner_name,Deepak Kapoor,OBS-GEO-002264,CURRENT_CONTEXT,SUPPORTS_SOURCE_B,municipal owner differs,SOURCE_OBSERVATION,OBS-002264,SOURCE_OBSERVATIONS
CEV-000642,CNF-00364,OBS-002162,SOURCE_A,CADASTRAL_REVENUE,owner_name,Sneha Aggarwal,OBS-GEO-002162,CURRENT_CONTEXT,SUPPORTS_SOURCE_A,,SOURCE_OBSERVATION,OBS-002162,SOURCE_OBSERVATIONS
CEV-000643,CNF-00364,OBS-002163,SOURCE_B,MUNICIPAL_PROPERTY,owner_name,Deepak Mishra,OBS-GEO-002163,CURRENT_CONTEXT,SUPPORTS_SOURCE_B,municipal owner differs,SOURCE_OBSERVATION,OBS-002163,SOURCE_OBSERVATIONS
CEV-000644,CNF-00365,OBS-000755,SOURCE_A,CADASTRAL_REVENUE,owner_name,Municipal Corporation of Delhi,OBS-GEO-000755,CURRENT_CONTEXT,SUPPORTS_SOURCE_A,pre-road-widening boundary; park boundary differs,SOURCE_OBSERVATION,OBS-000755,SOURCE_OBSERVATIONS
CEV-000645,CNF-00365,OBS-000756,SOURCE_B,MUNICIPAL_PROPERTY,owner_name,Aarav Saxena,OBS-GEO-000756,CURRENT_CONTEXT,SUPPORTS_SOURCE_B,municipal owner differs,SOURCE_OBSERVATION,OBS-000756,SOURCE_OBSERVATIONS
CEV-000646,CNF-00366,OBS-002796,SOURCE_A,CADASTRAL_REVENUE,owner_name,Sneha Chawla,OBS-GEO-002796,CURRENT_CONTEXT,SUPPORTS_SOURCE_A,,SOURCE_OBSERVATION,OBS-002796,SOURCE_OBSERVATIONS
CEV-000647,CNF-00366,OBS-002797,SOURCE_B,MUNICIPAL_PROPERTY,owner_name,Deepak Sethi,OBS-GEO-002797,CURRENT_CONTEXT,SUPPORTS_SOURCE_B,municipal owner differs,SOURCE_OBSERVATION,OBS-002797,SOURCE_OBSERVATIONS
CEV-000648,CNF-00367,OBS-000314,SOURCE_A,CADASTRAL_REVENUE,owner_name,Pramaan Education Society,OBS-GEO-000314,CURRENT_CONTEXT,SUPPORTS_SOURCE_A,,SOURCE_OBSERVATION,OBS-000314,SOURCE_OBSERVATIONS
CEV-000649,CNF-00367,OBS-000315,SOURCE_B,MUNICIPAL_PROPERTY,owner_name,Aarav Tiwari,OBS-GEO-000315,CURRENT_CONTEXT,SUPPORTS_SOURCE_B,municipal owner differs,SOURCE_OBSERVATION,OBS-000315,SOURCE_OBSERVATIONS
CEV-000650,CNF-00368,OBS-002457,SOURCE_A,BUILDING_GIS,owner_name,Deepak Gupta,OBS-GEO-002457,CURRENT_CONTEXT,SUPPORTS_SOURCE_A,,SOURCE_OBSERVATION,OBS-002457,SOURCE_OBSERVATIONS
CEV-000651,CNF-00368,OBS-002456,SOURCE_B,MUNICIPAL_PROPERTY,owner_name,Aarav Khanna,OBS-GEO-002456,CURRENT_CONTEXT,SUPPORTS_SOURCE_B,municipal owner differs,SOURCE_OBSERVATION,OBS-002456,SOURCE_OBSERVATIONS
CEV-000652,CNF-00369,OBS-003895,SOURCE_A,BUILDING_GIS,owner_name,Civitas Enclave Residents LLP,OBS-GEO-003895,CURRENT_CONTEXT,SUPPORTS_SOURCE_A,,SOURCE_OBSERVATION,OBS-003895,SOURCE_OBSERVATIONS
CEV-000653,CNF-00369,OBS-003894,SOURCE_B,MUNICIPAL_PROPERTY,owner_name,Sneha Bansal,OBS-GEO-003894,CURRENT_CONTEXT,SUPPORTS_SOURCE_B,municipal owner differs,SOURCE_OBSERVATION,OBS-003894,SOURCE_OBSERVATIONS
CEV-000654,CNF-00370,OBS-001086,SOURCE_A,CADASTRAL_REVENUE,owner_name,Ishaan Singh,OBS-GEO-001086,CURRENT_CONTEXT,SUPPORTS_SOURCE_A,slight systematic cadastral shift,SOURCE_OBSERVATION,OBS-001086,SOURCE_OBSERVATIONS
CEV-000655,CNF-00370,OBS-001087,SOURCE_B,MUNICIPAL_PROPERTY,owner_name,Sneha Khanna,OBS-GEO-001087,CURRENT_CONTEXT,SUPPORTS_SOURCE_B,municipal owner differs,SOURCE_OBSERVATION,OBS-001087,SOURCE_OBSERVATIONS
CEV-000656,CNF-00371,OBS-003039,SOURCE_A,CADASTRAL_REVENUE,owner_name,Pramaan Skills College,OBS-GEO-003039,CURRENT_CONTEXT,SUPPORTS_SOURCE_A,local spatial distortion,SOURCE_OBSERVATION,OBS-003039,SOURCE_OBSERVATIONS
CEV-000657,CNF-00371,OBS-003040,SOURCE_B,MUNICIPAL_PROPERTY,owner_name,Ishaan Singh,OBS-GEO-003040,CURRENT_CONTEXT,SUPPORTS_SOURCE_B,municipal owner differs,SOURCE_OBSERVATION,OBS-003040,SOURCE_OBSERVATIONS
CEV-000658,CNF-00372,OBS-003161,SOURCE_A,CADASTRAL_REVENUE,owner_name,Municipal Corporation of Delhi,OBS-GEO-003161,CURRENT_CONTEXT,SUPPORTS_SOURCE_A,,SOURCE_OBSERVATION,OBS-003161,SOURCE_OBSERVATIONS
CEV-000659,CNF-00372,OBS-003162,SOURCE_B,MUNICIPAL_PROPERTY,owner_name,Ishaan Kapoor,OBS-GEO-003162,CURRENT_CONTEXT,SUPPORTS_SOURCE_B,municipal owner differs; private occupier on government parcel,SOURCE_OBSERVATION,OBS-003162,SOURCE_OBSERVATIONS
CEV-000660,CNF-00373,OBS-004268,SOURCE_A,CADASTRAL_REVENUE,owner_name,Aarav Bansal,OBS-GEO-004268,CURRENT_CONTEXT,SUPPORTS_SOURCE_A,,SOURCE_OBSERVATION,OBS-004268,SOURCE_OBSERVATIONS
CEV-000661,CNF-00373,OBS-004269,SOURCE_B,MUNICIPAL_PROPERTY,owner_name,Ishaan Gupta,OBS-GEO-004269,CURRENT_CONTEXT,SUPPORTS_SOURCE_B,municipal owner differs,SOURCE_OBSERVATION,OBS-004269,SOURCE_OBSERVATIONS
CEV-000662,CNF-00374,OBS-001072,SOURCE_A,CADASTRAL_REVENUE,owner_name,Sneha Bhatia,OBS-GEO-001072,CURRENT_CONTEXT,SUPPORTS_SOURCE_A,,SOURCE_OBSERVATION,OBS-001072,SOURCE_OBSERVATIONS
CEV-000663,CNF-00374,OBS-001073,SOURCE_B,MUNICIPAL_PROPERTY,owner_name,Deepak Jain,OBS-GEO-001073,CURRENT_CONTEXT,SUPPORTS_SOURCE_B,municipal owner differs,SOURCE_OBSERVATION,OBS-001073,SOURCE_OBSERVATIONS
CEV-000664,CNF-00375,OBS-002988,SOURCE_A,CADASTRAL_REVENUE,owner_name,Pramaan Skills College,OBS-GEO-002988,CURRENT_CONTEXT,SUPPORTS_SOURCE_A,,SOURCE_OBSERVATION,OBS-002988,SOURCE_OBSERVATIONS
CEV-000665,CNF-00375,OBS-002989,SOURCE_B,MUNICIPAL_PROPERTY,owner_name,Sneha Verma,OBS-GEO-002989,CURRENT_CONTEXT,SUPPORTS_SOURCE_B,municipal owner differs,SOURCE_OBSERVATION,OBS-002989,SOURCE_OBSERVATIONS
CEV-000666,CNF-00376,OBS-000473,SOURCE_A,CADASTRAL_REVENUE,owner_name,Sneha Chawla,OBS-GEO-000473,CURRENT_CONTEXT,SUPPORTS_SOURCE_A,,SOURCE_OBSERVATION,OBS-000473,SOURCE_OBSERVATIONS
CEV-000667,CNF-00376,OBS-000474,SOURCE_B,MUNICIPAL_PROPERTY,owner_name,Deepak Jain,OBS-GEO-000474,CURRENT_CONTEXT,SUPPORTS_SOURCE_B,municipal owner differs,SOURCE_OBSERVATION,OBS-000474,SOURCE_OBSERVATIONS
CEV-000668,CNF-00377,OBS-002402,SOURCE_A,CADASTRAL_REVENUE,owner_name,Aarav Bhatia,OBS-GEO-002402,CURRENT_CONTEXT,SUPPORTS_SOURCE_A,,SOURCE_OBSERVATION,OBS-002402,SOURCE_OBSERVATIONS
CEV-000669,CNF-00377,OBS-002403,SOURCE_B,MUNICIPAL_PROPERTY,owner_name,Ishaan Gupta,OBS-GEO-002403,CURRENT_CONTEXT,SUPPORTS_SOURCE_B,municipal owner differs,SOURCE_OBSERVATION,OBS-002403,SOURCE_OBSERVATIONS
CEV-000670,CNF-00378,OBS-001524,SOURCE_A,CADASTRAL_REVENUE,owner_name,"Directorate of Education, GNCTD",OBS-GEO-001524,CURRENT_CONTEXT,SUPPORTS_SOURCE_A,,SOURCE_OBSERVATION,OBS-001524,SOURCE_OBSERVATIONS
CEV-000671,CNF-00378,OBS-001525,SOURCE_B,MUNICIPAL_PROPERTY,owner_name,Aarav Aggarwal,OBS-GEO-001525,CURRENT_CONTEXT,SUPPORTS_SOURCE_B,municipal owner differs,SOURCE_OBSERVATION,OBS-001525,SOURCE_OBSERVATIONS
CEV-000672,CNF-00379,OBS-002328,SOURCE_A,CADASTRAL_REVENUE,owner_name,Sneha Bhatia,OBS-GEO-002328,CURRENT_CONTEXT,SUPPORTS_SOURCE_A,slight systematic cadastral shift,SOURCE_OBSERVATION,OBS-002328,SOURCE_OBSERVATIONS
CEV-000673,CNF-00379,OBS-002329,SOURCE_B,MUNICIPAL_PROPERTY,owner_name,Deepak Gupta,OBS-GEO-002329,CURRENT_CONTEXT,SUPPORTS_SOURCE_B,municipal owner differs,SOURCE_OBSERVATION,OBS-002329,SOURCE_OBSERVATIONS
CEV-000674,CNF-00381,OBS-004138,SOURCE_A,CADASTRAL_REVENUE,owner_name,Civitas Enclave Residents LLP,OBS-GEO-004138,CURRENT_CONTEXT,SUPPORTS_SOURCE_A,,SOURCE_OBSERVATION,OBS-004138,SOURCE_OBSERVATIONS
CEV-000675,CNF-00381,OBS-004139,SOURCE_B,MUNICIPAL_PROPERTY,owner_name,Ishaan Sharma,OBS-GEO-004139,CURRENT_CONTEXT,SUPPORTS_SOURCE_B,municipal owner differs,SOURCE_OBSERVATION,OBS-004139,SOURCE_OBSERVATIONS
CEV-000676,CNF-00382,OBS-002377,SOURCE_A,CADASTRAL_REVENUE,owner_name,Sneha Khanna,OBS-GEO-002377,CURRENT_CONTEXT,SUPPORTS_SOURCE_A,local spatial distortion,SOURCE_OBSERVATION,OBS-002377,SOURCE_OBSERVATIONS
CEV-000677,CNF-00382,OBS-002378,SOURCE_B,MUNICIPAL_PROPERTY,owner_name,Deepak Jain,OBS-GEO-002378,CURRENT_CONTEXT,SUPPORTS_SOURCE_B,municipal owner differs,SOURCE_OBSERVATION,OBS-002378,SOURCE_OBSERVATIONS
CEV-000678,CNF-00383,OBS-001950,SOURCE_A,CADASTRAL_REVENUE,owner_name,Aarohan Heights Residents Association,OBS-GEO-001950,CURRENT_CONTEXT,SUPPORTS_SOURCE_A,,SOURCE_OBSERVATION,OBS-001950,SOURCE_OBSERVATIONS
CEV-000679,CNF-00383,OBS-001951,SOURCE_B,MUNICIPAL_PROPERTY,owner_name,Deepak Jain,OBS-GEO-001951,CURRENT_CONTEXT,SUPPORTS_SOURCE_B,municipal owner differs,SOURCE_OBSERVATION,OBS-001951,SOURCE_OBSERVATIONS
CEV-000680,CNF-00384,OBS-003049,SOURCE_A,CADASTRAL_REVENUE,owner_name,Municipal Corporation of Delhi,OBS-GEO-003049,CURRENT_CONTEXT,SUPPORTS_SOURCE_A,,SOURCE_OBSERVATION,OBS-003049,SOURCE_OBSERVATIONS
CEV-000681,CNF-00384,OBS-003050,SOURCE_B,MUNICIPAL_PROPERTY,owner_name,Deepak Sharma,OBS-GEO-003050,CURRENT_CONTEXT,SUPPORTS_SOURCE_B,municipal owner differs,SOURCE_OBSERVATION,OBS-003050,SOURCE_OBSERVATIONS
CEV-000682,CNF-00385,OBS-000421,SOURCE_A,CADASTRAL_REVENUE,owner_name,Ishaan Sethi,OBS-GEO-000421,CURRENT_CONTEXT,SUPPORTS_SOURCE_A,,SOURCE_OBSERVATION,OBS-000421,SOURCE_OBSERVATIONS
CEV-000683,CNF-00385,OBS-000422,SOURCE_B,MUNICIPAL_PROPERTY,owner_name,Sneha Aggarwal,OBS-GEO-000422,CURRENT_CONTEXT,SUPPORTS_SOURCE_B,municipal owner differs,SOURCE_OBSERVATION,OBS-000422,SOURCE_OBSERVATIONS
CEV-000684,CNF-00386,OBS-004065,SOURCE_A,CADASTRAL_REVENUE,owner_name,Civitas Enclave Residents LLP,OBS-GEO-004065,CURRENT_CONTEXT,SUPPORTS_SOURCE_A,,SOURCE_OBSERVATION,OBS-004065,SOURCE_OBSERVATIONS
CEV-000685,CNF-00386,OBS-004066,SOURCE_B,MUNICIPAL_PROPERTY,owner_name,Ishaan Malhotra,OBS-GEO-004066,CURRENT_CONTEXT,SUPPORTS_SOURCE_B,municipal owner differs,SOURCE_OBSERVATION,OBS-004066,SOURCE_OBSERVATIONS
CEV-000686,CNF-00387,OBS-000106,SOURCE_A,CADASTRAL_REVENUE,owner_name,Sneha Mehta,OBS-GEO-000106,CURRENT_CONTEXT,SUPPORTS_SOURCE_A,local spatial distortion,SOURCE_OBSERVATION,OBS-000106,SOURCE_OBSERVATIONS
CEV-000687,CNF-00387,OBS-000107,SOURCE_B,MUNICIPAL_PROPERTY,owner_name,Deepak Sethi,OBS-GEO-000107,CURRENT_CONTEXT,SUPPORTS_SOURCE_B,municipal owner differs,SOURCE_OBSERVATION,OBS-000107,SOURCE_OBSERVATIONS
CEV-000688,CNF-00388,OBS-001964,SOURCE_A,CADASTRAL_REVENUE,owner_name,Ishaan Sharma,OBS-GEO-001964,CURRENT_CONTEXT,SUPPORTS_SOURCE_A,,SOURCE_OBSERVATION,OBS-001964,SOURCE_OBSERVATIONS
CEV-000689,CNF-00388,OBS-001965,SOURCE_B,MUNICIPAL_PROPERTY,owner_name,Sneha Khanna,OBS-GEO-001965,CURRENT_CONTEXT,SUPPORTS_SOURCE_B,municipal owner differs,SOURCE_OBSERVATION,OBS-001965,SOURCE_OBSERVATIONS
CEV-000690,CNF-00389,OBS-002211,SOURCE_A,CADASTRAL_REVENUE,owner_name,Ishaan Malhotra,OBS-GEO-002211,CURRENT_CONTEXT,SUPPORTS_SOURCE_A,,SOURCE_OBSERVATION,OBS-002211,SOURCE_OBSERVATIONS
CEV-000691,CNF-00389,OBS-002212,SOURCE_B,MUNICIPAL_PROPERTY,owner_name,Sneha Bansal,OBS-GEO-002212,CURRENT_CONTEXT,SUPPORTS_SOURCE_B,municipal owner differs,SOURCE_OBSERVATION,OBS-002212,SOURCE_OBSERVATIONS
CEV-000692,CNF-00390,OBS-000211,SOURCE_A,CADASTRAL_REVENUE,owner_name,Aarav Aggarwal,OBS-GEO-000211,CURRENT_CONTEXT,SUPPORTS_SOURCE_A,local spatial distortion,SOURCE_OBSERVATION,OBS-000211,SOURCE_OBSERVATIONS
CEV-000693,CNF-00390,OBS-000212,SOURCE_B,MUNICIPAL_PROPERTY,owner_name,Ishaan Malhotra,OBS-GEO-000212,CURRENT_CONTEXT,SUPPORTS_SOURCE_B,municipal owner differs,SOURCE_OBSERVATION,OBS-000212,SOURCE_OBSERVATIONS
CEV-000694,CNF-00391,OBS-000700,SOURCE_A,CADASTRAL_REVENUE,owner_name,Sneha Verma,OBS-GEO-000700,CURRENT_CONTEXT,SUPPORTS_SOURCE_A,,SOURCE_OBSERVATION,OBS-000700,SOURCE_OBSERVATIONS
CEV-000695,CNF-00391,OBS-000701,SOURCE_B,MUNICIPAL_PROPERTY,owner_name,Deepak Mishra,OBS-GEO-000701,CURRENT_CONTEXT,SUPPORTS_SOURCE_B,municipal owner differs,SOURCE_OBSERVATION,OBS-000701,SOURCE_OBSERVATIONS
CEV-000696,CNF-00392,OBS-000380,SOURCE_A,CADASTRAL_REVENUE,owner_name,BSES Yamuna Power Limited,OBS-GEO-000380,CURRENT_CONTEXT,SUPPORTS_SOURCE_A,,SOURCE_OBSERVATION,OBS-000380,SOURCE_OBSERVATIONS
CEV-000697,CNF-00392,OBS-000381,SOURCE_B,MUNICIPAL_PROPERTY,owner_name,Aarav Aggarwal,OBS-GEO-000381,CURRENT_CONTEXT,SUPPORTS_SOURCE_B,municipal owner differs,SOURCE_OBSERVATION,OBS-000381,SOURCE_OBSERVATIONS
CEV-000698,CNF-00393,OBS-003994,SOURCE_A,CADASTRAL_REVENUE,owner_name,Civitas Enclave Residents LLP,OBS-GEO-003994,CURRENT_CONTEXT,SUPPORTS_SOURCE_A,,SOURCE_OBSERVATION,OBS-003994,SOURCE_OBSERVATIONS
CEV-000699,CNF-00393,OBS-003995,SOURCE_B,MUNICIPAL_PROPERTY,owner_name,Sneha Verma,OBS-GEO-003995,CURRENT_CONTEXT,SUPPORTS_SOURCE_B,municipal owner differs,SOURCE_OBSERVATION,OBS-003995,SOURCE_OBSERVATIONS
CEV-000700,CNF-00394,OBS-003322,SOURCE_A,CADASTRAL_REVENUE,ownership_category,Delhi Jal Board,OBS-GEO-003322,CURRENT_CONTEXT,SUPPORTS_SOURCE_A,,SOURCE_OBSERVATION,OBS-003322,SOURCE_OBSERVATIONS
CEV-000701,CNF-00394,OBS-003323,SOURCE_B,MUNICIPAL_PROPERTY,ownership_category,Aarav Mehta,OBS-GEO-003323,CURRENT_CONTEXT,SUPPORTS_SOURCE_B,private occupier on government parcel,SOURCE_OBSERVATION,OBS-003323,SOURCE_OBSERVATIONS
CEV-000702,CNF-00395,OBS-001223,SOURCE_A,CADASTRAL_REVENUE,ownership_category,BSES Yamuna Power Limited,OBS-GEO-001223,CURRENT_CONTEXT,SUPPORTS_SOURCE_A,slight systematic cadastral shift,SOURCE_OBSERVATION,OBS-001223,SOURCE_OBSERVATIONS
CEV-000703,CNF-00395,OBS-001224,SOURCE_B,MUNICIPAL_PROPERTY,ownership_category,Aarav Aggarwal,OBS-GEO-001224,CURRENT_CONTEXT,SUPPORTS_SOURCE_B,private occupier on government parcel,SOURCE_OBSERVATION,OBS-001224,SOURCE_OBSERVATIONS
CEV-000704,CNF-00396,OBS-001485,SOURCE_A,DDA_DEVELOPMENT_AUTHORITY,ownership_category,"Directorate of Education, GNCTD",OBS-GEO-001485,CURRENT_CONTEXT,SUPPORTS_SOURCE_A,,SOURCE_OBSERVATION,OBS-001485,SOURCE_OBSERVATIONS
CEV-000705,CNF-00396,OBS-001484,SOURCE_B,MUNICIPAL_PROPERTY,ownership_category,Sneha Chawla,OBS-GEO-001484,CURRENT_CONTEXT,SUPPORTS_SOURCE_B,private occupier on government parcel,SOURCE_OBSERVATION,OBS-001484,SOURCE_OBSERVATIONS
CEV-000706,CNF-00397,OBS-003009,SOURCE_A,DDA_DEVELOPMENT_AUTHORITY,ownership_category,Municipal Corporation of Delhi,OBS-GEO-003009,CURRENT_CONTEXT,SUPPORTS_SOURCE_A,,SOURCE_OBSERVATION,OBS-003009,SOURCE_OBSERVATIONS
CEV-000707,CNF-00397,OBS-003008,SOURCE_B,MUNICIPAL_PROPERTY,ownership_category,Ishaan Kapoor,OBS-GEO-003008,CURRENT_CONTEXT,SUPPORTS_SOURCE_B,private occupier on government parcel,SOURCE_OBSERVATION,OBS-003008,SOURCE_OBSERVATIONS
CEV-000708,CNF-00398,OBS-001602,SOURCE_A,CADASTRAL_REVENUE,ownership_category,Municipal Corporation of Delhi,OBS-GEO-001602,CURRENT_CONTEXT,SUPPORTS_SOURCE_A,,SOURCE_OBSERVATION,OBS-001602,SOURCE_OBSERVATIONS
CEV-000709,CNF-00398,OBS-001603,SOURCE_B,MUNICIPAL_PROPERTY,ownership_category,Ishaan Kapoor,OBS-GEO-001603,CURRENT_CONTEXT,SUPPORTS_SOURCE_B,private occupier on government parcel,SOURCE_OBSERVATION,OBS-001603,SOURCE_OBSERVATIONS
CEV-000710,CNF-00400,OBS-000820,SOURCE_A,CADASTRAL_REVENUE,ownership_category,Delhi Development Authority,OBS-GEO-000820,CURRENT_CONTEXT,SUPPORTS_SOURCE_A,,SOURCE_OBSERVATION,OBS-000820,SOURCE_OBSERVATIONS
CEV-000711,CNF-00400,OBS-000821,SOURCE_B,MUNICIPAL_PROPERTY,ownership_category,Ishaan Sethi,OBS-GEO-000821,CURRENT_CONTEXT,SUPPORTS_SOURCE_B,private occupier on government parcel; municipal use differs from DDA,SOURCE_OBSERVATION,OBS-000821,SOURCE_OBSERVATIONS
CEV-000712,CNF-00401,OBS-001281,SOURCE_A,CADASTRAL_REVENUE,ownership_category,GNCTD Staff Housing Estate,OBS-GEO-001281,CURRENT_CONTEXT,SUPPORTS_SOURCE_A,slight systematic cadastral shift,SOURCE_OBSERVATION,OBS-001281,SOURCE_OBSERVATIONS
CEV-000713,CNF-00401,OBS-001282,SOURCE_B,MUNICIPAL_PROPERTY,ownership_category,Aarav Tiwari,OBS-GEO-001282,CURRENT_CONTEXT,SUPPORTS_SOURCE_B,private occupier on government parcel,SOURCE_OBSERVATION,OBS-001282,SOURCE_OBSERVATIONS
CEV-000714,CNF-00402,OBS-001169,SOURCE_A,DDA_DEVELOPMENT_AUTHORITY,ownership_category,Municipal Corporation of Delhi,OBS-GEO-001169,CURRENT_CONTEXT,SUPPORTS_SOURCE_A,,SOURCE_OBSERVATION,OBS-001169,SOURCE_OBSERVATIONS
CEV-000715,CNF-00402,OBS-001168,SOURCE_B,MUNICIPAL_PROPERTY,ownership_category,Sneha Bhatia,OBS-GEO-001168,CURRENT_CONTEXT,SUPPORTS_SOURCE_B,private occupier on government parcel,SOURCE_OBSERVATION,OBS-001168,SOURCE_OBSERVATIONS
CEV-000716,CNF-00403,OBS-003163,SOURCE_A,DDA_DEVELOPMENT_AUTHORITY,ownership_category,Municipal Corporation of Delhi,OBS-GEO-003163,CURRENT_CONTEXT,SUPPORTS_SOURCE_A,,SOURCE_OBSERVATION,OBS-003163,SOURCE_OBSERVATIONS
CEV-000717,CNF-00403,OBS-003162,SOURCE_B,MUNICIPAL_PROPERTY,ownership_category,Ishaan Kapoor,OBS-GEO-003162,CURRENT_CONTEXT,SUPPORTS_SOURCE_B,municipal owner differs; private occupier on government parcel,SOURCE_OBSERVATION,OBS-003162,SOURCE_OBSERVATIONS
CEV-000718,CNF-00404,OBS-004235,SOURCE_A,CADASTRAL_REVENUE,ownership_category,BSES Yamuna Power Limited,OBS-GEO-004235,CURRENT_CONTEXT,SUPPORTS_SOURCE_A,,SOURCE_OBSERVATION,OBS-004235,SOURCE_OBSERVATIONS
CEV-000719,CNF-00404,OBS-004236,SOURCE_B,MUNICIPAL_PROPERTY,ownership_category,Ishaan Mishra,OBS-GEO-004236,CURRENT_CONTEXT,SUPPORTS_SOURCE_B,private occupier on government parcel,SOURCE_OBSERVATION,OBS-004236,SOURCE_OBSERVATIONS
CEV-000720,CNF-00405,OBS-001340,SOURCE_A,DDA_DEVELOPMENT_AUTHORITY,ownership_category,Government of NCT of Delhi,OBS-GEO-001340,CURRENT_CONTEXT,SUPPORTS_SOURCE_A,,SOURCE_OBSERVATION,OBS-001340,SOURCE_OBSERVATIONS
CEV-000721,CNF-00405,OBS-001339,SOURCE_B,MUNICIPAL_PROPERTY,ownership_category,Ishaan Mishra,OBS-GEO-001339,CURRENT_CONTEXT,SUPPORTS_SOURCE_B,private occupier on government parcel,SOURCE_OBSERVATION,OBS-001339,SOURCE_OBSERVATIONS
CEV-000722,CNF-00406,OBS-002056,SOURCE_A,DDA_DEVELOPMENT_AUTHORITY,ownership_category,Municipal Corporation of Delhi,OBS-GEO-002056,CURRENT_CONTEXT,SUPPORTS_SOURCE_A,,SOURCE_OBSERVATION,OBS-002056,SOURCE_OBSERVATIONS
CEV-000723,CNF-00406,OBS-002055,SOURCE_B,MUNICIPAL_PROPERTY,ownership_category,Ishaan Kapoor,OBS-GEO-002055,CURRENT_CONTEXT,SUPPORTS_SOURCE_B,private occupier on government parcel,SOURCE_OBSERVATION,OBS-002055,SOURCE_OBSERVATIONS
CEV-000724,CNF-00407,OBS-003125,SOURCE_A,DDA_DEVELOPMENT_AUTHORITY,ownership_category,Municipal Corporation of Delhi,OBS-GEO-003125,CURRENT_CONTEXT,SUPPORTS_SOURCE_A,,SOURCE_OBSERVATION,OBS-003125,SOURCE_OBSERVATIONS
CEV-000725,CNF-00407,OBS-003124,SOURCE_B,MUNICIPAL_PROPERTY,ownership_category,Deepak Malhotra,OBS-GEO-003124,CURRENT_CONTEXT,SUPPORTS_SOURCE_B,private occupier on government parcel,SOURCE_OBSERVATION,OBS-003124,SOURCE_OBSERVATIONS
CEV-000726,CNF-00408,OBS-000826,SOURCE_A,DDA_DEVELOPMENT_AUTHORITY,land_use,RESIDENTIAL,OBS-GEO-000826,CURRENT_CONTEXT,SUPPORTS_SOURCE_A,,SOURCE_OBSERVATION,OBS-000826,SOURCE_OBSERVATIONS
CEV-000727,CNF-00408,OBS-000825,SOURCE_B,MUNICIPAL_PROPERTY,land_use,COMMERCIAL,OBS-GEO-000825,CURRENT_CONTEXT,SUPPORTS_SOURCE_B,municipal use differs from DDA,SOURCE_OBSERVATION,OBS-000825,SOURCE_OBSERVATIONS
CEV-000728,CNF-00409,OBS-000888,SOURCE_A,CADASTRAL_REVENUE,land_use,RESIDENTIAL,OBS-GEO-000888,CURRENT_CONTEXT,SUPPORTS_SOURCE_A,,SOURCE_OBSERVATION,OBS-000888,SOURCE_OBSERVATIONS
CEV-000729,CNF-00409,OBS-000889,SOURCE_B,MUNICIPAL_PROPERTY,land_use,COMMERCIAL,OBS-GEO-000889,CURRENT_CONTEXT,SUPPORTS_SOURCE_B,municipal use differs from DDA,SOURCE_OBSERVATION,OBS-000889,SOURCE_OBSERVATIONS
CEV-000730,CNF-00410,OBS-000961,SOURCE_A,DDA_DEVELOPMENT_AUTHORITY,land_use,TRANSPORT_ACCESS,OBS-GEO-000961,CURRENT_CONTEXT,SUPPORTS_SOURCE_A,,SOURCE_OBSERVATION,OBS-000961,SOURCE_OBSERVATIONS
CEV-000731,CNF-00410,OBS-000960,SOURCE_B,MUNICIPAL_PROPERTY,land_use,COMMERCIAL,OBS-GEO-000960,CURRENT_CONTEXT,SUPPORTS_SOURCE_B,municipal use differs from DDA,SOURCE_OBSERVATION,OBS-000960,SOURCE_OBSERVATIONS
CEV-000732,CNF-00411,OBS-003294,SOURCE_A,DDA_DEVELOPMENT_AUTHORITY,land_use,GOVERNMENT,OBS-GEO-003294,CURRENT_CONTEXT,SUPPORTS_SOURCE_A,,SOURCE_OBSERVATION,OBS-003294,SOURCE_OBSERVATIONS
CEV-000733,CNF-00411,OBS-003293,SOURCE_B,MUNICIPAL_PROPERTY,land_use,COMMERCIAL,OBS-GEO-003293,CURRENT_CONTEXT,SUPPORTS_SOURCE_B,municipal use differs from DDA,SOURCE_OBSERVATION,OBS-003293,SOURCE_OBSERVATIONS
CEV-000734,CNF-00412,OBS-000851,SOURCE_A,DDA_DEVELOPMENT_AUTHORITY,land_use,RESIDENTIAL,OBS-GEO-000851,CURRENT_CONTEXT,SUPPORTS_SOURCE_A,,SOURCE_OBSERVATION,OBS-000851,SOURCE_OBSERVATIONS
CEV-000735,CNF-00412,OBS-000850,SOURCE_B,MUNICIPAL_PROPERTY,land_use,COMMERCIAL,OBS-GEO-000850,CURRENT_CONTEXT,SUPPORTS_SOURCE_B,municipal use differs from DDA,SOURCE_OBSERVATION,OBS-000850,SOURCE_OBSERVATIONS
CEV-000736,CNF-00413,OBS-000983,SOURCE_A,DDA_DEVELOPMENT_AUTHORITY,land_use,RESIDENTIAL,OBS-GEO-000983,CURRENT_CONTEXT,SUPPORTS_SOURCE_A,,SOURCE_OBSERVATION,OBS-000983,SOURCE_OBSERVATIONS
CEV-000737,CNF-00413,OBS-000982,SOURCE_B,MUNICIPAL_PROPERTY,land_use,COMMERCIAL,OBS-GEO-000982,CURRENT_CONTEXT,SUPPORTS_SOURCE_B,municipal use differs from DDA,SOURCE_OBSERVATION,OBS-000982,SOURCE_OBSERVATIONS
CEV-000738,CNF-00414,OBS-000881,SOURCE_A,DDA_DEVELOPMENT_AUTHORITY,land_use,RESIDENTIAL,OBS-GEO-000881,CURRENT_CONTEXT,SUPPORTS_SOURCE_A,,SOURCE_OBSERVATION,OBS-000881,SOURCE_OBSERVATIONS
CEV-000739,CNF-00414,OBS-000880,SOURCE_B,MUNICIPAL_PROPERTY,land_use,COMMERCIAL,OBS-GEO-000880,CURRENT_CONTEXT,SUPPORTS_SOURCE_B,municipal use differs from DDA,SOURCE_OBSERVATION,OBS-000880,SOURCE_OBSERVATIONS
CEV-000740,CNF-00415,OBS-000860,SOURCE_A,DDA_DEVELOPMENT_AUTHORITY,land_use,RESIDENTIAL,OBS-GEO-000860,CURRENT_CONTEXT,SUPPORTS_SOURCE_A,,SOURCE_OBSERVATION,OBS-000860,SOURCE_OBSERVATIONS
CEV-000741,CNF-00415,OBS-000859,SOURCE_B,MUNICIPAL_PROPERTY,land_use,COMMERCIAL,OBS-GEO-000859,CURRENT_CONTEXT,SUPPORTS_SOURCE_B,municipal use differs from DDA,SOURCE_OBSERVATION,OBS-000859,SOURCE_OBSERVATIONS
CEV-000742,CNF-00416,OBS-000803,SOURCE_A,CADASTRAL_REVENUE,land_use,RESIDENTIAL,OBS-GEO-000803,CURRENT_CONTEXT,SUPPORTS_SOURCE_A,,SOURCE_OBSERVATION,OBS-000803,SOURCE_OBSERVATIONS
CEV-000743,CNF-00416,OBS-000804,SOURCE_B,MUNICIPAL_PROPERTY,land_use,COMMERCIAL,OBS-GEO-000804,CURRENT_CONTEXT,SUPPORTS_SOURCE_B,municipal use differs from DDA,SOURCE_OBSERVATION,OBS-000804,SOURCE_OBSERVATIONS
CEV-000744,CNF-00417,OBS-000841,SOURCE_A,DDA_DEVELOPMENT_AUTHORITY,land_use,RESIDENTIAL,OBS-GEO-000841,CURRENT_CONTEXT,SUPPORTS_SOURCE_A,,SOURCE_OBSERVATION,OBS-000841,SOURCE_OBSERVATIONS
CEV-000745,CNF-00417,OBS-000840,SOURCE_B,MUNICIPAL_PROPERTY,land_use,COMMERCIAL,OBS-GEO-000840,CURRENT_CONTEXT,SUPPORTS_SOURCE_B,municipal use differs from DDA,SOURCE_OBSERVATION,OBS-000840,SOURCE_OBSERVATIONS
CEV-000746,CNF-00418,OBS-000952,SOURCE_A,DDA_DEVELOPMENT_AUTHORITY,land_use,PUBLIC_OPEN_SPACE,OBS-GEO-000952,CURRENT_CONTEXT,SUPPORTS_SOURCE_A,,SOURCE_OBSERVATION,OBS-000952,SOURCE_OBSERVATIONS
CEV-000747,CNF-00418,OBS-000951,SOURCE_B,MUNICIPAL_PROPERTY,land_use,COMMERCIAL,OBS-GEO-000951,CURRENT_CONTEXT,SUPPORTS_SOURCE_B,municipal use differs from DDA,SOURCE_OBSERVATION,OBS-000951,SOURCE_OBSERVATIONS
CEV-000748,CNF-00419,OBS-003338,SOURCE_A,DDA_DEVELOPMENT_AUTHORITY,land_use,GOVERNMENT,OBS-GEO-003338,CURRENT_CONTEXT,SUPPORTS_SOURCE_A,,SOURCE_OBSERVATION,OBS-003338,SOURCE_OBSERVATIONS
CEV-000749,CNF-00419,OBS-003337,SOURCE_B,MUNICIPAL_PROPERTY,land_use,COMMERCIAL,OBS-GEO-003337,CURRENT_CONTEXT,SUPPORTS_SOURCE_B,municipal use differs from DDA,SOURCE_OBSERVATION,OBS-003337,SOURCE_OBSERVATIONS
CEV-000750,CNF-00420,OBS-000820,SOURCE_A,CADASTRAL_REVENUE,land_use,RESIDENTIAL,OBS-GEO-000820,CURRENT_CONTEXT,SUPPORTS_SOURCE_A,,SOURCE_OBSERVATION,OBS-000820,SOURCE_OBSERVATIONS
CEV-000751,CNF-00420,OBS-000821,SOURCE_B,MUNICIPAL_PROPERTY,land_use,COMMERCIAL,OBS-GEO-000821,CURRENT_CONTEXT,SUPPORTS_SOURCE_B,private occupier on government parcel; municipal use differs from DDA,SOURCE_OBSERVATION,OBS-000821,SOURCE_OBSERVATIONS
CEV-000752,CNF-00421,OBS-001017,SOURCE_A,DDA_DEVELOPMENT_AUTHORITY,land_use,PUBLIC_OPEN_SPACE,OBS-GEO-001017,CURRENT_CONTEXT,SUPPORTS_SOURCE_A,,SOURCE_OBSERVATION,OBS-001017,SOURCE_OBSERVATIONS
CEV-000753,CNF-00421,OBS-001016,SOURCE_B,MUNICIPAL_PROPERTY,land_use,COMMERCIAL,OBS-GEO-001016,CURRENT_CONTEXT,SUPPORTS_SOURCE_B,municipal use differs from DDA,SOURCE_OBSERVATION,OBS-001016,SOURCE_OBSERVATIONS
CEV-000754,CNF-00422,OBS-000904,SOURCE_A,DDA_DEVELOPMENT_AUTHORITY,land_use,RESIDENTIAL,OBS-GEO-000904,CURRENT_CONTEXT,SUPPORTS_SOURCE_A,,SOURCE_OBSERVATION,OBS-000904,SOURCE_OBSERVATIONS
CEV-000755,CNF-00422,OBS-000903,SOURCE_B,MUNICIPAL_PROPERTY,land_use,COMMERCIAL,OBS-GEO-000903,CURRENT_CONTEXT,SUPPORTS_SOURCE_B,municipal use differs from DDA,SOURCE_OBSERVATION,OBS-000903,SOURCE_OBSERVATIONS
CEV-000756,CNF-00423,OBS-000970,SOURCE_A,DDA_DEVELOPMENT_AUTHORITY,land_use,RESIDENTIAL,OBS-GEO-000970,CURRENT_CONTEXT,SUPPORTS_SOURCE_A,,SOURCE_OBSERVATION,OBS-000970,SOURCE_OBSERVATIONS
CEV-000757,CNF-00423,OBS-000969,SOURCE_B,MUNICIPAL_PROPERTY,land_use,COMMERCIAL,OBS-GEO-000969,CURRENT_CONTEXT,SUPPORTS_SOURCE_B,municipal use differs from DDA,SOURCE_OBSERVATION,OBS-000969,SOURCE_OBSERVATIONS
CEV-000758,CNF-00424,OBS-000800,SOURCE_A,DDA_DEVELOPMENT_AUTHORITY,land_use,RESIDENTIAL,OBS-GEO-000800,CURRENT_CONTEXT,SUPPORTS_SOURCE_A,,SOURCE_OBSERVATION,OBS-000800,SOURCE_OBSERVATIONS
CEV-000759,CNF-00424,OBS-000799,SOURCE_B,MUNICIPAL_PROPERTY,land_use,COMMERCIAL,OBS-GEO-000799,CURRENT_CONTEXT,SUPPORTS_SOURCE_B,municipal use differs from DDA,SOURCE_OBSERVATION,OBS-000799,SOURCE_OBSERVATIONS
CEV-000760,CNF-00425,OBS-000909,SOURCE_A,DDA_DEVELOPMENT_AUTHORITY,land_use,RESIDENTIAL,OBS-GEO-000909,CURRENT_CONTEXT,SUPPORTS_SOURCE_A,,SOURCE_OBSERVATION,OBS-000909,SOURCE_OBSERVATIONS
CEV-000761,CNF-00425,OBS-000908,SOURCE_B,MUNICIPAL_PROPERTY,land_use,COMMERCIAL,OBS-GEO-000908,CURRENT_CONTEXT,SUPPORTS_SOURCE_B,municipal use differs from DDA,SOURCE_OBSERVATION,OBS-000908,SOURCE_OBSERVATIONS
CEV-000762,CNF-00426,OBS-002890,SOURCE_A,BUILDING_GIS,building_footprint,OBS-GEO-002890,OBS-GEO-002890,CURRENT_CONTEXT,SUPPORTS_SOURCE_A,footprint crosses parcel boundary,SOURCE_OBSERVATION,OBS-002890,SOURCE_OBSERVATIONS
CEV-000763,CNF-00426,OBS-002887,SOURCE_B,CADASTRAL_REVENUE,building_footprint,OBS-GEO-002887,OBS-GEO-002887,CURRENT_CONTEXT,SUPPORTS_SOURCE_B,,SOURCE_OBSERVATION,OBS-002887,SOURCE_OBSERVATIONS
CEV-000764,CNF-00427,OBS-000886,SOURCE_A,BUILDING_GIS,building_footprint,OBS-GEO-000886,OBS-GEO-000886,CURRENT_CONTEXT,SUPPORTS_SOURCE_A,footprint crosses parcel boundary,SOURCE_OBSERVATION,OBS-000886,SOURCE_OBSERVATIONS
CEV-000765,CNF-00427,OBS-000883,SOURCE_B,CADASTRAL_REVENUE,building_footprint,OBS-GEO-000883,OBS-GEO-000883,CURRENT_CONTEXT,SUPPORTS_SOURCE_B,,SOURCE_OBSERVATION,OBS-000883,SOURCE_OBSERVATIONS
CEV-000766,CNF-00428,OBS-002597,SOURCE_A,BUILDING_GIS,building_footprint,OBS-GEO-002597,OBS-GEO-002597,CURRENT_CONTEXT,SUPPORTS_SOURCE_A,footprint crosses parcel boundary,SOURCE_OBSERVATION,OBS-002597,SOURCE_OBSERVATIONS
CEV-000767,CNF-00428,OBS-002595,SOURCE_B,CADASTRAL_REVENUE,building_footprint,OBS-GEO-002595,OBS-GEO-002595,CURRENT_CONTEXT,SUPPORTS_SOURCE_B,,SOURCE_OBSERVATION,OBS-002595,SOURCE_OBSERVATIONS
CEV-000768,CNF-00430,OBS-003064,SOURCE_A,BUILDING_GIS,building_footprint,OBS-GEO-003064,OBS-GEO-003064,CURRENT_CONTEXT,SUPPORTS_SOURCE_A,footprint crosses parcel boundary,SOURCE_OBSERVATION,OBS-003064,SOURCE_OBSERVATIONS
CEV-000769,CNF-00430,OBS-003062,SOURCE_B,CADASTRAL_REVENUE,building_footprint,OBS-GEO-003062,OBS-GEO-003062,CURRENT_CONTEXT,SUPPORTS_SOURCE_B,,SOURCE_OBSERVATION,OBS-003062,SOURCE_OBSERVATIONS
CEV-000770,CNF-00431,OBS-000899,SOURCE_A,BUILDING_GIS,building_footprint,OBS-GEO-000899,OBS-GEO-000899,CURRENT_CONTEXT,SUPPORTS_SOURCE_A,footprint crosses parcel boundary,SOURCE_OBSERVATION,OBS-000899,SOURCE_OBSERVATIONS
CEV-000771,CNF-00431,OBS-000896,SOURCE_B,CADASTRAL_REVENUE,building_footprint,OBS-GEO-000896,OBS-GEO-000896,CURRENT_CONTEXT,SUPPORTS_SOURCE_B,pre-road-widening boundary,SOURCE_OBSERVATION,OBS-000896,SOURCE_OBSERVATIONS
CEV-000772,CNF-00432,OBS-002575,SOURCE_A,BUILDING_GIS,building_footprint,OBS-GEO-002575,OBS-GEO-002575,CURRENT_CONTEXT,SUPPORTS_SOURCE_A,footprint crosses parcel boundary,SOURCE_OBSERVATION,OBS-002575,SOURCE_OBSERVATIONS
CEV-000773,CNF-00432,OBS-002573,SOURCE_B,CADASTRAL_REVENUE,building_footprint,OBS-GEO-002573,OBS-GEO-002573,CURRENT_CONTEXT,SUPPORTS_SOURCE_B,,SOURCE_OBSERVATION,OBS-002573,SOURCE_OBSERVATIONS
CEV-000774,CNF-00433,OBS-001983,SOURCE_A,BUILDING_GIS,building_footprint,OBS-GEO-001983,OBS-GEO-001983,CURRENT_CONTEXT,SUPPORTS_SOURCE_A,footprint crosses parcel boundary,SOURCE_OBSERVATION,OBS-001983,SOURCE_OBSERVATIONS
CEV-000775,CNF-00433,OBS-001981,SOURCE_B,CADASTRAL_REVENUE,building_footprint,OBS-GEO-001981,OBS-GEO-001981,CURRENT_CONTEXT,SUPPORTS_SOURCE_B,slight systematic cadastral shift,SOURCE_OBSERVATION,OBS-001981,SOURCE_OBSERVATIONS
CEV-000776,CNF-00434,OBS-001410,SOURCE_A,BUILDING_GIS,building_footprint,OBS-GEO-001410,OBS-GEO-001410,CURRENT_CONTEXT,SUPPORTS_SOURCE_A,footprint crosses parcel boundary,SOURCE_OBSERVATION,OBS-001410,SOURCE_OBSERVATIONS
CEV-000777,CNF-00434,OBS-001408,SOURCE_B,CADASTRAL_REVENUE,building_footprint,OBS-GEO-001408,OBS-GEO-001408,CURRENT_CONTEXT,SUPPORTS_SOURCE_B,,SOURCE_OBSERVATION,OBS-001408,SOURCE_OBSERVATIONS
CEV-000778,CNF-00435,OBS-002958,SOURCE_A,BUILDING_GIS,building_footprint,OBS-GEO-002958,OBS-GEO-002958,CURRENT_CONTEXT,SUPPORTS_SOURCE_A,footprint crosses parcel boundary,SOURCE_OBSERVATION,OBS-002958,SOURCE_OBSERVATIONS
CEV-000779,CNF-00435,OBS-002956,SOURCE_B,CADASTRAL_REVENUE,building_footprint,OBS-GEO-002956,OBS-GEO-002956,CURRENT_CONTEXT,SUPPORTS_SOURCE_B,,SOURCE_OBSERVATION,OBS-002956,SOURCE_OBSERVATIONS
CEV-000780,CNF-00436,OBS-002069,SOURCE_A,BUILDING_GIS,building_footprint,OBS-GEO-002069,OBS-GEO-002069,CURRENT_CONTEXT,SUPPORTS_SOURCE_A,footprint crosses parcel boundary,SOURCE_OBSERVATION,OBS-002069,SOURCE_OBSERVATIONS
CEV-000781,CNF-00436,OBS-002067,SOURCE_B,CADASTRAL_REVENUE,building_footprint,OBS-GEO-002067,OBS-GEO-002067,CURRENT_CONTEXT,SUPPORTS_SOURCE_B,,SOURCE_OBSERVATION,OBS-002067,SOURCE_OBSERVATIONS
CEV-000782,CNF-00437,OBS-004146,SOURCE_A,BUILDING_GIS,building_footprint,OBS-GEO-004146,OBS-GEO-004146,CURRENT_CONTEXT,SUPPORTS_SOURCE_A,footprint crosses parcel boundary,SOURCE_OBSERVATION,OBS-004146,SOURCE_OBSERVATIONS
CEV-000783,CNF-00437,OBS-004144,SOURCE_B,CADASTRAL_REVENUE,building_footprint,OBS-GEO-004144,OBS-GEO-004144,CURRENT_CONTEXT,SUPPORTS_SOURCE_B,,SOURCE_OBSERVATION,OBS-004144,SOURCE_OBSERVATIONS
CEV-000784,CNF-00438,OBS-003041,SOURCE_A,BUILDING_GIS,building_footprint,OBS-GEO-003041,OBS-GEO-003041,CURRENT_CONTEXT,SUPPORTS_SOURCE_A,footprint crosses parcel boundary,SOURCE_OBSERVATION,OBS-003041,SOURCE_OBSERVATIONS
CEV-000785,CNF-00438,OBS-003039,SOURCE_B,CADASTRAL_REVENUE,building_footprint,OBS-GEO-003039,OBS-GEO-003039,CURRENT_CONTEXT,SUPPORTS_SOURCE_B,local spatial distortion,SOURCE_OBSERVATION,OBS-003039,SOURCE_OBSERVATIONS
CEV-000786,CNF-00439,OBS-000842,SOURCE_A,BUILDING_GIS,building_footprint,OBS-GEO-000842,OBS-GEO-000842,CURRENT_CONTEXT,SUPPORTS_SOURCE_A,footprint crosses parcel boundary,SOURCE_OBSERVATION,OBS-000842,SOURCE_OBSERVATIONS
CEV-000787,CNF-00439,OBS-000839,SOURCE_B,CADASTRAL_REVENUE,building_footprint,OBS-GEO-000839,OBS-GEO-000839,CURRENT_CONTEXT,SUPPORTS_SOURCE_B,,SOURCE_OBSERVATION,OBS-000839,SOURCE_OBSERVATIONS
CEV-000788,CNF-00440,OBS-001467,SOURCE_A,BUILDING_GIS,building_footprint,OBS-GEO-001467,OBS-GEO-001467,CURRENT_CONTEXT,SUPPORTS_SOURCE_A,footprint crosses parcel boundary,SOURCE_OBSERVATION,OBS-001467,SOURCE_OBSERVATIONS
CEV-000789,CNF-00440,OBS-001464,SOURCE_B,CADASTRAL_REVENUE,building_footprint,OBS-GEO-001464,OBS-GEO-001464,CURRENT_CONTEXT,SUPPORTS_SOURCE_B,,SOURCE_OBSERVATION,OBS-001464,SOURCE_OBSERVATIONS
CEV-000790,CNF-00441,OBS-001341,SOURCE_A,BUILDING_GIS,building_footprint,OBS-GEO-001341,OBS-GEO-001341,CURRENT_CONTEXT,SUPPORTS_SOURCE_A,footprint crosses parcel boundary,SOURCE_OBSERVATION,OBS-001341,SOURCE_OBSERVATIONS
CEV-000791,CNF-00441,OBS-001338,SOURCE_B,CADASTRAL_REVENUE,building_footprint,OBS-GEO-001338,OBS-GEO-001338,CURRENT_CONTEXT,SUPPORTS_SOURCE_B,,SOURCE_OBSERVATION,OBS-001338,SOURCE_OBSERVATIONS
CEV-000792,CNF-00442,OBS-004173,SOURCE_A,BUILDING_GIS,building_footprint,OBS-GEO-004173,OBS-GEO-004173,CURRENT_CONTEXT,SUPPORTS_SOURCE_A,footprint crosses parcel boundary,SOURCE_OBSERVATION,OBS-004173,SOURCE_OBSERVATIONS
CEV-000793,CNF-00442,OBS-004171,SOURCE_B,CADASTRAL_REVENUE,building_footprint,OBS-GEO-004171,OBS-GEO-004171,CURRENT_CONTEXT,SUPPORTS_SOURCE_B,,SOURCE_OBSERVATION,OBS-004171,SOURCE_OBSERVATIONS
CEV-000794,CNF-00443,OBS-001402,SOURCE_A,BUILDING_GIS,building_footprint,OBS-GEO-001402,OBS-GEO-001402,CURRENT_CONTEXT,SUPPORTS_SOURCE_A,footprint crosses parcel boundary,SOURCE_OBSERVATION,OBS-001402,SOURCE_OBSERVATIONS
CEV-000795,CNF-00443,OBS-001399,SOURCE_B,CADASTRAL_REVENUE,building_footprint,OBS-GEO-001399,OBS-GEO-001399,CURRENT_CONTEXT,SUPPORTS_SOURCE_B,,SOURCE_OBSERVATION,OBS-001399,SOURCE_OBSERVATIONS
CEV-000796,CNF-00444,OBS-003886,SOURCE_A,BUILDING_GIS,building_footprint,OBS-GEO-003886,OBS-GEO-003886,CURRENT_CONTEXT,SUPPORTS_SOURCE_A,footprint crosses parcel boundary,SOURCE_OBSERVATION,OBS-003886,SOURCE_OBSERVATIONS
CEV-000797,CNF-00444,OBS-003883,SOURCE_B,CADASTRAL_REVENUE,building_footprint,OBS-GEO-003883,OBS-GEO-003883,CURRENT_CONTEXT,SUPPORTS_SOURCE_B,,SOURCE_OBSERVATION,OBS-003883,SOURCE_OBSERVATIONS
CEV-000798,CNF-00446,OBS-001737,SOURCE_A,BUILDING_GIS,building_footprint,OBS-GEO-001737,OBS-GEO-001737,CURRENT_CONTEXT,SUPPORTS_SOURCE_A,footprint crosses parcel boundary,SOURCE_OBSERVATION,OBS-001737,SOURCE_OBSERVATIONS
CEV-000799,CNF-00446,OBS-001734,SOURCE_B,CADASTRAL_REVENUE,building_footprint,OBS-GEO-001734,OBS-GEO-001734,CURRENT_CONTEXT,SUPPORTS_SOURCE_B,,SOURCE_OBSERVATION,OBS-001734,SOURCE_OBSERVATIONS
CEV-000800,CNF-00447,OBS-001759,SOURCE_A,BUILDING_GIS,building_footprint,OBS-GEO-001759,OBS-GEO-001759,CURRENT_CONTEXT,SUPPORTS_SOURCE_A,footprint crosses parcel boundary,SOURCE_OBSERVATION,OBS-001759,SOURCE_OBSERVATIONS
CEV-000801,CNF-00447,OBS-001757,SOURCE_B,CADASTRAL_REVENUE,building_footprint,OBS-GEO-001757,OBS-GEO-001757,CURRENT_CONTEXT,SUPPORTS_SOURCE_B,,SOURCE_OBSERVATION,OBS-001757,SOURCE_OBSERVATIONS
CEV-000802,CNF-00448,OBS-000723,SOURCE_A,BUILDING_GIS,building_footprint,OBS-GEO-000723,OBS-GEO-000723,CURRENT_CONTEXT,SUPPORTS_SOURCE_A,footprint crosses parcel boundary,SOURCE_OBSERVATION,OBS-000723,SOURCE_OBSERVATIONS
CEV-000803,CNF-00448,OBS-000720,SOURCE_B,CADASTRAL_REVENUE,building_footprint,OBS-GEO-000720,OBS-GEO-000720,CURRENT_CONTEXT,SUPPORTS_SOURCE_B,,SOURCE_OBSERVATION,OBS-000720,SOURCE_OBSERVATIONS
CEV-000804,CNF-00449,OBS-002486,SOURCE_A,BUILDING_GIS,building_footprint,OBS-GEO-002486,OBS-GEO-002486,CURRENT_CONTEXT,SUPPORTS_SOURCE_A,footprint crosses parcel boundary,SOURCE_OBSERVATION,OBS-002486,SOURCE_OBSERVATIONS
CEV-000805,CNF-00449,OBS-002484,SOURCE_B,CADASTRAL_REVENUE,building_footprint,OBS-GEO-002484,OBS-GEO-002484,CURRENT_CONTEXT,SUPPORTS_SOURCE_B,,SOURCE_OBSERVATION,OBS-002484,SOURCE_OBSERVATIONS
CEV-000806,CNF-00450,OBS-000535,SOURCE_A,BUILDING_GIS,building_footprint,OBS-GEO-000535,OBS-GEO-000535,CURRENT_CONTEXT,SUPPORTS_SOURCE_A,footprint crosses parcel boundary,SOURCE_OBSERVATION,OBS-000535,SOURCE_OBSERVATIONS
CEV-000807,CNF-00450,OBS-000533,SOURCE_B,CADASTRAL_REVENUE,building_footprint,OBS-GEO-000533,OBS-GEO-000533,CURRENT_CONTEXT,SUPPORTS_SOURCE_B,,SOURCE_OBSERVATION,OBS-000533,SOURCE_OBSERVATIONS
CEV-000808,CNF-00451,OBS-002010,SOURCE_A,BUILDING_GIS,building_footprint,OBS-GEO-002010,OBS-GEO-002010,CURRENT_CONTEXT,SUPPORTS_SOURCE_A,footprint crosses parcel boundary,SOURCE_OBSERVATION,OBS-002010,SOURCE_OBSERVATIONS
CEV-000809,CNF-00451,OBS-002008,SOURCE_B,CADASTRAL_REVENUE,building_footprint,OBS-GEO-002008,OBS-GEO-002008,CURRENT_CONTEXT,SUPPORTS_SOURCE_B,,SOURCE_OBSERVATION,OBS-002008,SOURCE_OBSERVATIONS
CEV-000810,CNF-00452,OBS-002910,SOURCE_A,BUILDING_GIS,building_footprint,OBS-GEO-002910,OBS-GEO-002910,CURRENT_CONTEXT,SUPPORTS_SOURCE_A,footprint crosses parcel boundary,SOURCE_OBSERVATION,OBS-002910,SOURCE_OBSERVATIONS
CEV-000811,CNF-00452,OBS-002908,SOURCE_B,CADASTRAL_REVENUE,building_footprint,OBS-GEO-002908,OBS-GEO-002908,CURRENT_CONTEXT,SUPPORTS_SOURCE_B,,SOURCE_OBSERVATION,OBS-002908,SOURCE_OBSERVATIONS
CEV-000812,CNF-00453,OBS-004040,SOURCE_A,BUILDING_GIS,building_footprint,OBS-GEO-004040,OBS-GEO-004040,CURRENT_CONTEXT,SUPPORTS_SOURCE_A,footprint crosses parcel boundary,SOURCE_OBSERVATION,OBS-004040,SOURCE_OBSERVATIONS
CEV-000813,CNF-00453,OBS-004038,SOURCE_B,CADASTRAL_REVENUE,building_footprint,OBS-GEO-004038,OBS-GEO-004038,CURRENT_CONTEXT,SUPPORTS_SOURCE_B,,SOURCE_OBSERVATION,OBS-004038,SOURCE_OBSERVATIONS
CEV-000814,CNF-00454,OBS-002868,SOURCE_A,DRONE_ORTHOPHOTO,occupation_extent,OBS-GEO-002868,OBS-GEO-002868,CURRENT_CONTEXT,SUPPORTS_SOURCE_A,physical occupation differs from legal state,SOURCE_OBSERVATION,OBS-002868,SOURCE_OBSERVATIONS
CEV-000815,CNF-00454,OBS-002865,SOURCE_B,CADASTRAL_REVENUE,occupation_extent,OBS-GEO-002865,OBS-GEO-002865,CURRENT_CONTEXT,SUPPORTS_SOURCE_B,,SOURCE_OBSERVATION,OBS-002865,SOURCE_OBSERVATIONS
CEV-000816,CNF-00455,OBS-000141,SOURCE_A,DRONE_ORTHOPHOTO,occupation_extent,OBS-GEO-000141,OBS-GEO-000141,CURRENT_CONTEXT,SUPPORTS_SOURCE_A,physical occupation differs from legal state,SOURCE_OBSERVATION,OBS-000141,SOURCE_OBSERVATIONS
CEV-000817,CNF-00455,OBS-000138,SOURCE_B,CADASTRAL_REVENUE,occupation_extent,OBS-GEO-000138,OBS-GEO-000138,CURRENT_CONTEXT,SUPPORTS_SOURCE_B,,SOURCE_OBSERVATION,OBS-000138,SOURCE_OBSERVATIONS
CEV-000818,CNF-00456,OBS-002872,SOURCE_A,DRONE_ORTHOPHOTO,occupation_extent,OBS-GEO-002872,OBS-GEO-002872,CURRENT_CONTEXT,SUPPORTS_SOURCE_A,physical occupation differs from legal state,SOURCE_OBSERVATION,OBS-002872,SOURCE_OBSERVATIONS
CEV-000819,CNF-00456,OBS-002869,SOURCE_B,CADASTRAL_REVENUE,occupation_extent,OBS-GEO-002869,OBS-GEO-002869,CURRENT_CONTEXT,SUPPORTS_SOURCE_B,,SOURCE_OBSERVATION,OBS-002869,SOURCE_OBSERVATIONS
CEV-000820,CNF-00457,OBS-001355,SOURCE_A,DRONE_ORTHOPHOTO,occupation_extent,OBS-GEO-001355,OBS-GEO-001355,CURRENT_CONTEXT,SUPPORTS_SOURCE_A,physical occupation differs from legal state,SOURCE_OBSERVATION,OBS-001355,SOURCE_OBSERVATIONS
CEV-000821,CNF-00457,OBS-001351,SOURCE_B,CADASTRAL_REVENUE,occupation_extent,OBS-GEO-001351,OBS-GEO-001351,CURRENT_CONTEXT,SUPPORTS_SOURCE_B,,SOURCE_OBSERVATION,OBS-001351,SOURCE_OBSERVATIONS
CEV-000822,CNF-00459,OBS-003538,SOURCE_A,DRONE_ORTHOPHOTO,occupation_extent,OBS-GEO-003538,OBS-GEO-003538,CURRENT_CONTEXT,SUPPORTS_SOURCE_A,physical occupation differs from legal state,SOURCE_OBSERVATION,OBS-003538,SOURCE_OBSERVATIONS
CEV-000823,CNF-00459,OBS-003535,SOURCE_B,CADASTRAL_REVENUE,occupation_extent,OBS-GEO-003535,OBS-GEO-003535,CURRENT_CONTEXT,SUPPORTS_SOURCE_B,,SOURCE_OBSERVATION,OBS-003535,SOURCE_OBSERVATIONS
CEV-000824,CNF-00460,OBS-000753,SOURCE_A,DRONE_ORTHOPHOTO,occupation_extent,OBS-GEO-000753,OBS-GEO-000753,CURRENT_CONTEXT,SUPPORTS_SOURCE_A,physical occupation differs from legal state,SOURCE_OBSERVATION,OBS-000753,SOURCE_OBSERVATIONS
CEV-000825,CNF-00460,OBS-000749,SOURCE_B,CADASTRAL_REVENUE,occupation_extent,OBS-GEO-000749,OBS-GEO-000749,CURRENT_CONTEXT,SUPPORTS_SOURCE_B,,SOURCE_OBSERVATION,OBS-000749,SOURCE_OBSERVATIONS
CEV-000826,CNF-00462,OBS-000095,SOURCE_A,DRONE_ORTHOPHOTO,occupation_extent,OBS-GEO-000095,OBS-GEO-000095,CURRENT_CONTEXT,SUPPORTS_SOURCE_A,physical occupation differs from legal state,SOURCE_OBSERVATION,OBS-000095,SOURCE_OBSERVATIONS
CEV-000827,CNF-00462,OBS-000092,SOURCE_B,CADASTRAL_REVENUE,occupation_extent,OBS-GEO-000092,OBS-GEO-000092,CURRENT_CONTEXT,SUPPORTS_SOURCE_B,,SOURCE_OBSERVATION,OBS-000092,SOURCE_OBSERVATIONS
CEV-000828,CNF-00463,OBS-000503,SOURCE_A,DRONE_ORTHOPHOTO,occupation_extent,OBS-GEO-000503,OBS-GEO-000503,CURRENT_CONTEXT,SUPPORTS_SOURCE_A,physical occupation differs from legal state,SOURCE_OBSERVATION,OBS-000503,SOURCE_OBSERVATIONS
CEV-000829,CNF-00463,OBS-000500,SOURCE_B,CADASTRAL_REVENUE,occupation_extent,OBS-GEO-000500,OBS-GEO-000500,CURRENT_CONTEXT,SUPPORTS_SOURCE_B,,SOURCE_OBSERVATION,OBS-000500,SOURCE_OBSERVATIONS
CEV-000830,CNF-00464,OBS-002141,SOURCE_A,DRONE_ORTHOPHOTO,occupation_extent,OBS-GEO-002141,OBS-GEO-002141,CURRENT_CONTEXT,SUPPORTS_SOURCE_A,physical occupation differs from legal state,SOURCE_OBSERVATION,OBS-002141,SOURCE_OBSERVATIONS
CEV-000831,CNF-00464,OBS-002138,SOURCE_B,CADASTRAL_REVENUE,occupation_extent,OBS-GEO-002138,OBS-GEO-002138,CURRENT_CONTEXT,SUPPORTS_SOURCE_B,,SOURCE_OBSERVATION,OBS-002138,SOURCE_OBSERVATIONS
CEV-000832,CNF-00465,OBS-004014,SOURCE_A,DRONE_ORTHOPHOTO,occupation_extent,OBS-GEO-004014,OBS-GEO-004014,CURRENT_CONTEXT,SUPPORTS_SOURCE_A,physical occupation differs from legal state,SOURCE_OBSERVATION,OBS-004014,SOURCE_OBSERVATIONS
CEV-000833,CNF-00465,OBS-004010,SOURCE_B,CADASTRAL_REVENUE,occupation_extent,OBS-GEO-004010,OBS-GEO-004010,CURRENT_CONTEXT,SUPPORTS_SOURCE_B,,SOURCE_OBSERVATION,OBS-004010,SOURCE_OBSERVATIONS
CEV-000834,CNF-00466,OBS-000934,SOURCE_A,DRONE_ORTHOPHOTO,occupation_extent,OBS-GEO-000934,OBS-GEO-000934,CURRENT_CONTEXT,SUPPORTS_SOURCE_A,physical occupation differs from legal state,SOURCE_OBSERVATION,OBS-000934,SOURCE_OBSERVATIONS
CEV-000835,CNF-00466,OBS-000930,SOURCE_B,CADASTRAL_REVENUE,occupation_extent,OBS-GEO-000930,OBS-GEO-000930,CURRENT_CONTEXT,SUPPORTS_SOURCE_B,,SOURCE_OBSERVATION,OBS-000930,SOURCE_OBSERVATIONS
CEV-000836,CNF-00467,OBS-001148,SOURCE_A,DRONE_ORTHOPHOTO,occupation_extent,OBS-GEO-001148,OBS-GEO-001148,CURRENT_CONTEXT,SUPPORTS_SOURCE_A,physical occupation differs from legal state,SOURCE_OBSERVATION,OBS-001148,SOURCE_OBSERVATIONS
CEV-000837,CNF-00467,OBS-001145,SOURCE_B,CADASTRAL_REVENUE,occupation_extent,OBS-GEO-001145,OBS-GEO-001145,CURRENT_CONTEXT,SUPPORTS_SOURCE_B,,SOURCE_OBSERVATION,OBS-001145,SOURCE_OBSERVATIONS
CEV-000838,CNF-00468,OBS-003712,SOURCE_A,DRONE_ORTHOPHOTO,occupation_extent,OBS-GEO-003712,OBS-GEO-003712,CURRENT_CONTEXT,SUPPORTS_SOURCE_A,physical occupation differs from legal state,SOURCE_OBSERVATION,OBS-003712,SOURCE_OBSERVATIONS
CEV-000839,CNF-00468,OBS-003709,SOURCE_B,CADASTRAL_REVENUE,occupation_extent,OBS-GEO-003709,OBS-GEO-003709,CURRENT_CONTEXT,SUPPORTS_SOURCE_B,,SOURCE_OBSERVATION,OBS-003709,SOURCE_OBSERVATIONS
CEV-000840,CNF-00469,OBS-000076,SOURCE_A,DRONE_ORTHOPHOTO,occupation_extent,OBS-GEO-000076,OBS-GEO-000076,CURRENT_CONTEXT,SUPPORTS_SOURCE_A,physical occupation differs from legal state,SOURCE_OBSERVATION,OBS-000076,SOURCE_OBSERVATIONS
CEV-000841,CNF-00469,OBS-000073,SOURCE_B,CADASTRAL_REVENUE,occupation_extent,OBS-GEO-000073,OBS-GEO-000073,CURRENT_CONTEXT,SUPPORTS_SOURCE_B,,SOURCE_OBSERVATION,OBS-000073,SOURCE_OBSERVATIONS
CEV-000842,CNF-00470,OBS-003118,SOURCE_A,DRONE_ORTHOPHOTO,occupation_extent,OBS-GEO-003118,OBS-GEO-003118,CURRENT_CONTEXT,SUPPORTS_SOURCE_A,physical occupation differs from legal state,SOURCE_OBSERVATION,OBS-003118,SOURCE_OBSERVATIONS
CEV-000843,CNF-00470,OBS-003115,SOURCE_B,CADASTRAL_REVENUE,occupation_extent,OBS-GEO-003115,OBS-GEO-003115,CURRENT_CONTEXT,SUPPORTS_SOURCE_B,,SOURCE_OBSERVATION,OBS-003115,SOURCE_OBSERVATIONS
CEV-000844,CNF-00471,OBS-002183,SOURCE_A,DRONE_ORTHOPHOTO,occupation_extent,OBS-GEO-002183,OBS-GEO-002183,CURRENT_CONTEXT,SUPPORTS_SOURCE_A,physical occupation differs from legal state,SOURCE_OBSERVATION,OBS-002183,SOURCE_OBSERVATIONS
CEV-000845,CNF-00471,OBS-002180,SOURCE_B,CADASTRAL_REVENUE,occupation_extent,OBS-GEO-002180,OBS-GEO-002180,CURRENT_CONTEXT,SUPPORTS_SOURCE_B,,SOURCE_OBSERVATION,OBS-002180,SOURCE_OBSERVATIONS
CEV-000846,CNF-00473,OBS-000495,SOURCE_A,DRONE_ORTHOPHOTO,occupation_extent,OBS-GEO-000495,OBS-GEO-000495,CURRENT_CONTEXT,SUPPORTS_SOURCE_A,physical occupation differs from legal state,SOURCE_OBSERVATION,OBS-000495,SOURCE_OBSERVATIONS
CEV-000847,CNF-00473,OBS-000492,SOURCE_B,CADASTRAL_REVENUE,occupation_extent,OBS-GEO-000492,OBS-GEO-000492,CURRENT_CONTEXT,SUPPORTS_SOURCE_B,,SOURCE_OBSERVATION,OBS-000492,SOURCE_OBSERVATIONS
CEV-000848,CNF-00474,OBS-002246,SOURCE_A,DRONE_ORTHOPHOTO,occupation_extent,OBS-GEO-002246,OBS-GEO-002246,CURRENT_CONTEXT,SUPPORTS_SOURCE_A,physical occupation differs from legal state,SOURCE_OBSERVATION,OBS-002246,SOURCE_OBSERVATIONS
CEV-000849,CNF-00474,OBS-002244,SOURCE_B,CADASTRAL_REVENUE,occupation_extent,OBS-GEO-002244,OBS-GEO-002244,CURRENT_CONTEXT,SUPPORTS_SOURCE_B,slight systematic cadastral shift,SOURCE_OBSERVATION,OBS-002244,SOURCE_OBSERVATIONS
CEV-000850,CNF-00476,OBS-001067,SOURCE_A,DRONE_ORTHOPHOTO,occupation_extent,OBS-GEO-001067,OBS-GEO-001067,CURRENT_CONTEXT,SUPPORTS_SOURCE_A,physical occupation differs from legal state,SOURCE_OBSERVATION,OBS-001067,SOURCE_OBSERVATIONS
CEV-000851,CNF-00476,OBS-001064,SOURCE_B,CADASTRAL_REVENUE,occupation_extent,OBS-GEO-001064,OBS-GEO-001064,CURRENT_CONTEXT,SUPPORTS_SOURCE_B,,SOURCE_OBSERVATION,OBS-001064,SOURCE_OBSERVATIONS
CEV-000852,CNF-00477,OBS-000180,SOURCE_A,DRONE_ORTHOPHOTO,occupation_extent,OBS-GEO-000180,OBS-GEO-000180,CURRENT_CONTEXT,SUPPORTS_SOURCE_A,physical occupation differs from legal state,SOURCE_OBSERVATION,OBS-000180,SOURCE_OBSERVATIONS
CEV-000853,CNF-00477,OBS-000177,SOURCE_B,CADASTRAL_REVENUE,occupation_extent,OBS-GEO-000177,OBS-GEO-000177,CURRENT_CONTEXT,SUPPORTS_SOURCE_B,slight systematic cadastral shift,SOURCE_OBSERVATION,OBS-000177,SOURCE_OBSERVATIONS
CEV-000854,CNF-00478,OBS-002018,SOURCE_A,GNSS_CORS_SURVEY,geometry,OBS-GEO-002018,OBS-GEO-002018,CURRENT_CONTEXT,SUPPORTS_SOURCE_A,cm-level field survey,SOURCE_OBSERVATION,OBS-002018,SOURCE_OBSERVATIONS
CEV-000855,CNF-00478,OBS-002014,SOURCE_B,CADASTRAL_REVENUE,geometry,OBS-GEO-002014,OBS-GEO-002014,CURRENT_CONTEXT,SUPPORTS_SOURCE_B,old cadastral geometry contradicted by GNSS,SOURCE_OBSERVATION,OBS-002014,SOURCE_OBSERVATIONS
CEV-000856,CNF-00479,OBS-002295,SOURCE_A,GNSS_CORS_SURVEY,geometry,OBS-GEO-002295,OBS-GEO-002295,CURRENT_CONTEXT,SUPPORTS_SOURCE_A,cm-level field survey,SOURCE_OBSERVATION,OBS-002295,SOURCE_OBSERVATIONS
CEV-000857,CNF-00479,OBS-002291,SOURCE_B,CADASTRAL_REVENUE,geometry,OBS-GEO-002291,OBS-GEO-002291,CURRENT_CONTEXT,SUPPORTS_SOURCE_B,old cadastral geometry contradicted by GNSS,SOURCE_OBSERVATION,OBS-002291,SOURCE_OBSERVATIONS
CEV-000858,CNF-00480,OBS-002860,SOURCE_A,GNSS_CORS_SURVEY,geometry,OBS-GEO-002860,OBS-GEO-002860,CURRENT_CONTEXT,SUPPORTS_SOURCE_A,cm-level field survey,SOURCE_OBSERVATION,OBS-002860,SOURCE_OBSERVATIONS
CEV-000859,CNF-00480,OBS-002855,SOURCE_B,CADASTRAL_REVENUE,geometry,OBS-GEO-002855,OBS-GEO-002855,CURRENT_CONTEXT,SUPPORTS_SOURCE_B,old cadastral geometry contradicted by GNSS,SOURCE_OBSERVATION,OBS-002855,SOURCE_OBSERVATIONS
CEV-000860,CNF-00481,OBS-003571,SOURCE_A,GNSS_CORS_SURVEY,geometry,OBS-GEO-003571,OBS-GEO-003571,CURRENT_CONTEXT,SUPPORTS_SOURCE_A,cm-level field survey,SOURCE_OBSERVATION,OBS-003571,SOURCE_OBSERVATIONS
CEV-000861,CNF-00481,OBS-003567,SOURCE_B,CADASTRAL_REVENUE,geometry,OBS-GEO-003567,OBS-GEO-003567,CURRENT_CONTEXT,SUPPORTS_SOURCE_B,old cadastral geometry contradicted by GNSS; pre-road-widening boundary,SOURCE_OBSERVATION,OBS-003567,SOURCE_OBSERVATIONS
CEV-000862,CNF-00482,OBS-001559,SOURCE_A,GNSS_CORS_SURVEY,geometry,OBS-GEO-001559,OBS-GEO-001559,CURRENT_CONTEXT,SUPPORTS_SOURCE_A,cm-level field survey,SOURCE_OBSERVATION,OBS-001559,SOURCE_OBSERVATIONS
CEV-000863,CNF-00482,OBS-001554,SOURCE_B,CADASTRAL_REVENUE,geometry,OBS-GEO-001554,OBS-GEO-001554,CURRENT_CONTEXT,SUPPORTS_SOURCE_B,old cadastral geometry contradicted by GNSS,SOURCE_OBSERVATION,OBS-001554,SOURCE_OBSERVATIONS
CEV-000864,CNF-00483,OBS-003837,SOURCE_A,GNSS_CORS_SURVEY,geometry,OBS-GEO-003837,OBS-GEO-003837,CURRENT_CONTEXT,SUPPORTS_SOURCE_A,cm-level field survey,SOURCE_OBSERVATION,OBS-003837,SOURCE_OBSERVATIONS
CEV-000865,CNF-00483,OBS-003833,SOURCE_B,CADASTRAL_REVENUE,geometry,OBS-GEO-003833,OBS-GEO-003833,CURRENT_CONTEXT,SUPPORTS_SOURCE_B,old cadastral geometry contradicted by GNSS,SOURCE_OBSERVATION,OBS-003833,SOURCE_OBSERVATIONS
CEV-000866,CNF-00484,OBS-000660,SOURCE_A,GNSS_CORS_SURVEY,geometry,OBS-GEO-000660,OBS-GEO-000660,CURRENT_CONTEXT,SUPPORTS_SOURCE_A,cm-level field survey,SOURCE_OBSERVATION,OBS-000660,SOURCE_OBSERVATIONS
CEV-000867,CNF-00484,OBS-000656,SOURCE_B,CADASTRAL_REVENUE,geometry,OBS-GEO-000656,OBS-GEO-000656,CURRENT_CONTEXT,SUPPORTS_SOURCE_B,old cadastral geometry contradicted by GNSS,SOURCE_OBSERVATION,OBS-000656,SOURCE_OBSERVATIONS
CEV-000868,CNF-00485,OBS-002633,SOURCE_A,GNSS_CORS_SURVEY,geometry,OBS-GEO-002633,OBS-GEO-002633,CURRENT_CONTEXT,SUPPORTS_SOURCE_A,cm-level field survey,SOURCE_OBSERVATION,OBS-002633,SOURCE_OBSERVATIONS
CEV-000869,CNF-00485,OBS-002629,SOURCE_B,CADASTRAL_REVENUE,geometry,OBS-GEO-002629,OBS-GEO-002629,CURRENT_CONTEXT,SUPPORTS_SOURCE_B,old cadastral geometry contradicted by GNSS,SOURCE_OBSERVATION,OBS-002629,SOURCE_OBSERVATIONS
CEV-000870,CNF-00486,OBS-002422,SOURCE_A,GNSS_CORS_SURVEY,geometry,OBS-GEO-002422,OBS-GEO-002422,CURRENT_CONTEXT,SUPPORTS_SOURCE_A,cm-level field survey,SOURCE_OBSERVATION,OBS-002422,SOURCE_OBSERVATIONS
CEV-000871,CNF-00486,OBS-002418,SOURCE_B,CADASTRAL_REVENUE,geometry,OBS-GEO-002418,OBS-GEO-002418,CURRENT_CONTEXT,SUPPORTS_SOURCE_B,old cadastral geometry contradicted by GNSS,SOURCE_OBSERVATION,OBS-002418,SOURCE_OBSERVATIONS
CEV-000872,CNF-00487,OBS-003893,SOURCE_A,GNSS_CORS_SURVEY,geometry,OBS-GEO-003893,OBS-GEO-003893,CURRENT_CONTEXT,SUPPORTS_SOURCE_A,cm-level field survey,SOURCE_OBSERVATION,OBS-003893,SOURCE_OBSERVATIONS
CEV-000873,CNF-00487,OBS-003888,SOURCE_B,CADASTRAL_REVENUE,geometry,OBS-GEO-003888,OBS-GEO-003888,CURRENT_CONTEXT,SUPPORTS_SOURCE_B,old cadastral geometry contradicted by GNSS,SOURCE_OBSERVATION,OBS-003888,SOURCE_OBSERVATIONS
CEV-000874,CNF-00488,OBS-002654,SOURCE_A,GNSS_CORS_SURVEY,geometry,OBS-GEO-002654,OBS-GEO-002654,CURRENT_CONTEXT,SUPPORTS_SOURCE_A,cm-level field survey; alternate neighboring candidate plausible,SOURCE_OBSERVATION,OBS-002654,SOURCE_OBSERVATIONS
CEV-000875,CNF-00488,OBS-002650,SOURCE_B,CADASTRAL_REVENUE,geometry,OBS-GEO-002650,OBS-GEO-002650,CURRENT_CONTEXT,SUPPORTS_SOURCE_B,old cadastral geometry contradicted by GNSS; alternate neighboring candidate plausible,SOURCE_OBSERVATION,OBS-002650,SOURCE_OBSERVATIONS
CEV-000876,CNF-00489,OBS-003091,SOURCE_A,GNSS_CORS_SURVEY,geometry,OBS-GEO-003091,OBS-GEO-003091,CURRENT_CONTEXT,SUPPORTS_SOURCE_A,cm-level field survey,SOURCE_OBSERVATION,OBS-003091,SOURCE_OBSERVATIONS
CEV-000877,CNF-00489,OBS-003087,SOURCE_B,CADASTRAL_REVENUE,geometry,OBS-GEO-003087,OBS-GEO-003087,CURRENT_CONTEXT,SUPPORTS_SOURCE_B,old cadastral geometry contradicted by GNSS,SOURCE_OBSERVATION,OBS-003087,SOURCE_OBSERVATIONS
CEV-000878,CNF-00490,OBS-001648,SOURCE_A,GNSS_CORS_SURVEY,geometry,OBS-GEO-001648,OBS-GEO-001648,CURRENT_CONTEXT,SUPPORTS_SOURCE_A,cm-level field survey,SOURCE_OBSERVATION,OBS-001648,SOURCE_OBSERVATIONS
CEV-000879,CNF-00490,OBS-001645,SOURCE_B,CADASTRAL_REVENUE,geometry,OBS-GEO-001645,OBS-GEO-001645,CURRENT_CONTEXT,SUPPORTS_SOURCE_B,old cadastral geometry contradicted by GNSS,SOURCE_OBSERVATION,OBS-001645,SOURCE_OBSERVATIONS
CEV-000880,CNF-00491,OBS-003947,SOURCE_A,GNSS_CORS_SURVEY,geometry,OBS-GEO-003947,OBS-GEO-003947,CURRENT_CONTEXT,SUPPORTS_SOURCE_A,cm-level field survey,SOURCE_OBSERVATION,OBS-003947,SOURCE_OBSERVATIONS
CEV-000881,CNF-00491,OBS-003944,SOURCE_B,CADASTRAL_REVENUE,geometry,OBS-GEO-003944,OBS-GEO-003944,CURRENT_CONTEXT,SUPPORTS_SOURCE_B,old cadastral geometry contradicted by GNSS,SOURCE_OBSERVATION,OBS-003944,SOURCE_OBSERVATIONS
CEV-000882,CNF-00492,OBS-003407,SOURCE_A,GNSS_CORS_SURVEY,geometry,OBS-GEO-003407,OBS-GEO-003407,CURRENT_CONTEXT,SUPPORTS_SOURCE_A,cm-level field survey,SOURCE_OBSERVATION,OBS-003407,SOURCE_OBSERVATIONS
CEV-000883,CNF-00492,OBS-003403,SOURCE_B,CADASTRAL_REVENUE,geometry,OBS-GEO-003403,OBS-GEO-003403,CURRENT_CONTEXT,SUPPORTS_SOURCE_B,old cadastral geometry contradicted by GNSS,SOURCE_OBSERVATION,OBS-003403,SOURCE_OBSERVATIONS
CEV-000884,CNF-00493,OBS-003524,SOURCE_A,GNSS_CORS_SURVEY,geometry,OBS-GEO-003524,OBS-GEO-003524,CURRENT_CONTEXT,SUPPORTS_SOURCE_A,cm-level field survey,SOURCE_OBSERVATION,OBS-003524,SOURCE_OBSERVATIONS
CEV-000885,CNF-00493,OBS-003520,SOURCE_B,CADASTRAL_REVENUE,geometry,OBS-GEO-003520,OBS-GEO-003520,CURRENT_CONTEXT,SUPPORTS_SOURCE_B,old cadastral geometry contradicted by GNSS,SOURCE_OBSERVATION,OBS-003520,SOURCE_OBSERVATIONS
CEV-000886,CNF-00494,OBS-001141,SOURCE_A,GNSS_CORS_SURVEY,geometry,OBS-GEO-001141,OBS-GEO-001141,CURRENT_CONTEXT,SUPPORTS_SOURCE_A,cm-level field survey,SOURCE_OBSERVATION,OBS-001141,SOURCE_OBSERVATIONS
CEV-000887,CNF-00494,OBS-001137,SOURCE_B,CADASTRAL_REVENUE,geometry,OBS-GEO-001137,OBS-GEO-001137,CURRENT_CONTEXT,SUPPORTS_SOURCE_B,old cadastral geometry contradicted by GNSS,SOURCE_OBSERVATION,OBS-001137,SOURCE_OBSERVATIONS
CEV-000888,CNF-00495,OBS-003130,SOURCE_A,GNSS_CORS_SURVEY,geometry,OBS-GEO-003130,OBS-GEO-003130,CURRENT_CONTEXT,SUPPORTS_SOURCE_A,cm-level field survey,SOURCE_OBSERVATION,OBS-003130,SOURCE_OBSERVATIONS
CEV-000889,CNF-00495,OBS-003126,SOURCE_B,CADASTRAL_REVENUE,geometry,OBS-GEO-003126,OBS-GEO-003126,CURRENT_CONTEXT,SUPPORTS_SOURCE_B,old cadastral geometry contradicted by GNSS; park boundary differs,SOURCE_OBSERVATION,OBS-003126,SOURCE_OBSERVATIONS
CEV-000890,CNF-00496,OBS-000446,SOURCE_A,GNSS_CORS_SURVEY,geometry,OBS-GEO-000446,OBS-GEO-000446,CURRENT_CONTEXT,SUPPORTS_SOURCE_A,cm-level field survey,SOURCE_OBSERVATION,OBS-000446,SOURCE_OBSERVATIONS
CEV-000891,CNF-00496,OBS-000443,SOURCE_B,CADASTRAL_REVENUE,geometry,OBS-GEO-000443,OBS-GEO-000443,CURRENT_CONTEXT,SUPPORTS_SOURCE_B,old cadastral geometry contradicted by GNSS,SOURCE_OBSERVATION,OBS-000443,SOURCE_OBSERVATIONS
CEV-000892,CNF-00497,OBS-001448,SOURCE_A,GNSS_CORS_SURVEY,geometry,OBS-GEO-001448,OBS-GEO-001448,CURRENT_CONTEXT,SUPPORTS_SOURCE_A,cm-level field survey,SOURCE_OBSERVATION,OBS-001448,SOURCE_OBSERVATIONS
CEV-000893,CNF-00497,OBS-001444,SOURCE_B,CADASTRAL_REVENUE,geometry,OBS-GEO-001444,OBS-GEO-001444,CURRENT_CONTEXT,SUPPORTS_SOURCE_B,old cadastral geometry contradicted by GNSS,SOURCE_OBSERVATION,OBS-001444,SOURCE_OBSERVATIONS
CEV-000894,CNF-00498,OBS-002735,SOURCE_A,GNSS_CORS_SURVEY,geometry,OBS-GEO-002735,OBS-GEO-002735,CURRENT_CONTEXT,SUPPORTS_SOURCE_A,cm-level field survey,SOURCE_OBSERVATION,OBS-002735,SOURCE_OBSERVATIONS
CEV-000895,CNF-00498,OBS-002732,SOURCE_B,CADASTRAL_REVENUE,geometry,OBS-GEO-002732,OBS-GEO-002732,CURRENT_CONTEXT,SUPPORTS_SOURCE_B,old cadastral geometry contradicted by GNSS,SOURCE_OBSERVATION,OBS-002732,SOURCE_OBSERVATIONS
CEV-000896,CNF-00499,OBS-001612,SOURCE_A,GNSS_CORS_SURVEY,geometry,OBS-GEO-001612,OBS-GEO-001612,CURRENT_CONTEXT,SUPPORTS_SOURCE_A,cm-level field survey,SOURCE_OBSERVATION,OBS-001612,SOURCE_OBSERVATIONS
CEV-000897,CNF-00499,OBS-001609,SOURCE_B,CADASTRAL_REVENUE,geometry,OBS-GEO-001609,OBS-GEO-001609,CURRENT_CONTEXT,SUPPORTS_SOURCE_B,old cadastral geometry contradicted by GNSS,SOURCE_OBSERVATION,OBS-001609,SOURCE_OBSERVATIONS
CEV-000898,CNF-00500,OBS-001187,PRESENT_CONTEXT,MUNICIPAL_PROPERTY,record_presence,MCD-03-087-01,OBS-GEO-001187,CURRENT_CONTEXT,PRESENT_CONTEXT_ONLY,,SOURCE_OBSERVATION,OBS-001187,SOURCE_OBSERVATIONS
CEV-000899,CNF-00500,OBS-001188,PRESENT_CONTEXT,BUILDING_GIS,record_presence,GIS-03-087-02,OBS-GEO-001188,CURRENT_CONTEXT,PRESENT_CONTEXT_ONLY,,SOURCE_OBSERVATION,OBS-001188,SOURCE_OBSERVATIONS
CEV-000900,CNF-00500,OBS-001189,PRESENT_CONTEXT,DRONE_ORTHOPHOTO,record_presence,IMG-03-087-03,OBS-GEO-001189,CURRENT_CONTEXT,PRESENT_CONTEXT_ONLY,,SOURCE_OBSERVATION,OBS-001189,SOURCE_OBSERVATIONS
CEV-000901,CNF-00500,OBS-001190,PRESENT_CONTEXT,UTILITY_INFRASTRUCTURE,record_presence,UTIL-03-087-04,OBS-GEO-001190,CURRENT_CONTEXT,PRESENT_CONTEXT_ONLY,,SOURCE_OBSERVATION,OBS-001190,SOURCE_OBSERVATIONS
CEV-000902,CNF-00501,OBS-001590,PRESENT_CONTEXT,CADASTRAL_REVENUE,record_presence,REV-04-078-01,OBS-GEO-001590,CURRENT_CONTEXT,PRESENT_CONTEXT_ONLY,slight systematic cadastral shift,SOURCE_OBSERVATION,OBS-001590,SOURCE_OBSERVATIONS
CEV-000903,CNF-00501,OBS-001591,PRESENT_CONTEXT,BUILDING_GIS,record_presence,GIS-04-078-02,OBS-GEO-001591,CURRENT_CONTEXT,PRESENT_CONTEXT_ONLY,,SOURCE_OBSERVATION,OBS-001591,SOURCE_OBSERVATIONS
CEV-000904,CNF-00501,OBS-001592,PRESENT_CONTEXT,DRONE_ORTHOPHOTO,record_presence,IMG-04-078-03,OBS-GEO-001592,CURRENT_CONTEXT,PRESENT_CONTEXT_ONLY,,SOURCE_OBSERVATION,OBS-001592,SOURCE_OBSERVATIONS
CEV-000905,CNF-00501,OBS-001593,PRESENT_CONTEXT,GNSS_CORS_SURVEY,record_presence,SURV-04-078-04,OBS-GEO-001593,CURRENT_CONTEXT,PRESENT_CONTEXT_ONLY,cm-level field survey,SOURCE_OBSERVATION,OBS-001593,SOURCE_OBSERVATIONS
CEV-000906,CNF-00502,OBS-000854,PRESENT_CONTEXT,CADASTRAL_REVENUE,record_presence,REV-03-012-01,OBS-GEO-000854,CURRENT_CONTEXT,PRESENT_CONTEXT_ONLY,,SOURCE_OBSERVATION,OBS-000854,SOURCE_OBSERVATIONS
CEV-000907,CNF-00502,OBS-000855,PRESENT_CONTEXT,DDA_DEVELOPMENT_AUTHORITY,record_presence,DDA-03-012-02,OBS-GEO-000855,CURRENT_CONTEXT,PRESENT_CONTEXT_ONLY,,SOURCE_OBSERVATION,OBS-000855,SOURCE_OBSERVATIONS
CEV-000908,CNF-00502,OBS-000856,PRESENT_CONTEXT,BUILDING_GIS,record_presence,GIS-03-012-03,OBS-GEO-000856,CURRENT_CONTEXT,PRESENT_CONTEXT_ONLY,,SOURCE_OBSERVATION,OBS-000856,SOURCE_OBSERVATIONS
CEV-000909,CNF-00502,OBS-000857,PRESENT_CONTEXT,DRONE_ORTHOPHOTO,record_presence,IMG-03-012-04,OBS-GEO-000857,CURRENT_CONTEXT,PRESENT_CONTEXT_ONLY,,SOURCE_OBSERVATION,OBS-000857,SOURCE_OBSERVATIONS
CEV-000910,CNF-00503,OBS-002405,PRESENT_CONTEXT,MUNICIPAL_PROPERTY,record_presence,MCD-06-065-01,OBS-GEO-002405,CURRENT_CONTEXT,PRESENT_CONTEXT_ONLY,,SOURCE_OBSERVATION,OBS-002405,SOURCE_OBSERVATIONS
CEV-000911,CNF-00503,OBS-002406,PRESENT_CONTEXT,BUILDING_GIS,record_presence,GIS-06-065-02,OBS-GEO-002406,CURRENT_CONTEXT,PRESENT_CONTEXT_ONLY,,SOURCE_OBSERVATION,OBS-002406,SOURCE_OBSERVATIONS
CEV-000912,CNF-00503,OBS-002407,PRESENT_CONTEXT,DRONE_ORTHOPHOTO,record_presence,IMG-06-065-03,OBS-GEO-002407,CURRENT_CONTEXT,PRESENT_CONTEXT_ONLY,,SOURCE_OBSERVATION,OBS-002407,SOURCE_OBSERVATIONS
CEV-000913,CNF-00504,OBS-003106,PRESENT_CONTEXT,MUNICIPAL_PROPERTY,record_presence,MCD-08-031-01,OBS-GEO-003106,CURRENT_CONTEXT,PRESENT_CONTEXT_ONLY,,SOURCE_OBSERVATION,OBS-003106,SOURCE_OBSERVATIONS
CEV-000914,CNF-00504,OBS-003107,PRESENT_CONTEXT,BUILDING_GIS,record_presence,GIS-08-031-02,OBS-GEO-003107,CURRENT_CONTEXT,PRESENT_CONTEXT_ONLY,,SOURCE_OBSERVATION,OBS-003107,SOURCE_OBSERVATIONS
CEV-000915,CNF-00504,OBS-003108,PRESENT_CONTEXT,DRONE_ORTHOPHOTO,record_presence,IMG-08-031-03,OBS-GEO-003108,CURRENT_CONTEXT,PRESENT_CONTEXT_ONLY,,SOURCE_OBSERVATION,OBS-003108,SOURCE_OBSERVATIONS
CEV-000916,CNF-00504,OBS-003109,PRESENT_CONTEXT,GNSS_CORS_SURVEY,record_presence,SURV-08-031-04,OBS-GEO-003109,CURRENT_CONTEXT,PRESENT_CONTEXT_ONLY,cm-level field survey,SOURCE_OBSERVATION,OBS-003109,SOURCE_OBSERVATIONS
CEV-000917,CNF-00505,OBS-002177,PRESENT_CONTEXT,MUNICIPAL_PROPERTY,record_presence,MCD-06-009-01,OBS-GEO-002177,CURRENT_CONTEXT,PRESENT_CONTEXT_ONLY,,SOURCE_OBSERVATION,OBS-002177,SOURCE_OBSERVATIONS
CEV-000918,CNF-00505,OBS-002178,PRESENT_CONTEXT,BUILDING_GIS,record_presence,GIS-06-009-02,OBS-GEO-002178,CURRENT_CONTEXT,PRESENT_CONTEXT_ONLY,,SOURCE_OBSERVATION,OBS-002178,SOURCE_OBSERVATIONS
CEV-000919,CNF-00505,OBS-002179,PRESENT_CONTEXT,DRONE_ORTHOPHOTO,record_presence,IMG-06-009-03,OBS-GEO-002179,CURRENT_CONTEXT,PRESENT_CONTEXT_ONLY,,SOURCE_OBSERVATION,OBS-002179,SOURCE_OBSERVATIONS
CEV-000920,CNF-00506,OBS-004031,PRESENT_CONTEXT,CADASTRAL_REVENUE,record_presence,REV-10-048-01,OBS-GEO-004031,CURRENT_CONTEXT,PRESENT_CONTEXT_ONLY,,SOURCE_OBSERVATION,OBS-004031,SOURCE_OBSERVATIONS
CEV-000921,CNF-00506,OBS-004032,PRESENT_CONTEXT,BUILDING_GIS,record_presence,GIS-10-048-02,OBS-GEO-004032,CURRENT_CONTEXT,PRESENT_CONTEXT_ONLY,,SOURCE_OBSERVATION,OBS-004032,SOURCE_OBSERVATIONS
CEV-000922,CNF-00506,OBS-004033,PRESENT_CONTEXT,DRONE_ORTHOPHOTO,record_presence,IMG-10-048-03,OBS-GEO-004033,CURRENT_CONTEXT,PRESENT_CONTEXT_ONLY,,SOURCE_OBSERVATION,OBS-004033,SOURCE_OBSERVATIONS
CEV-000923,CNF-00507,OBS-000653,PRESENT_CONTEXT,MUNICIPAL_PROPERTY,record_presence,MCD-02-067-01,OBS-GEO-000653,CURRENT_CONTEXT,PRESENT_CONTEXT_ONLY,,SOURCE_OBSERVATION,OBS-000653,SOURCE_OBSERVATIONS
CEV-000924,CNF-00507,OBS-000654,PRESENT_CONTEXT,DRONE_ORTHOPHOTO,record_presence,IMG-02-067-02,OBS-GEO-000654,CURRENT_CONTEXT,PRESENT_CONTEXT_ONLY,,SOURCE_OBSERVATION,OBS-000654,SOURCE_OBSERVATIONS
CEV-000925,CNF-00507,OBS-000655,PRESENT_CONTEXT,GNSS_CORS_SURVEY,record_presence,SURV-02-067-03,OBS-GEO-000655,CURRENT_CONTEXT,PRESENT_CONTEXT_ONLY,cm-level field survey,SOURCE_OBSERVATION,OBS-000655,SOURCE_OBSERVATIONS
CEV-000926,CNF-00508,OBS-003849,PRESENT_CONTEXT,MUNICIPAL_PROPERTY,record_presence,MCD-10-007-01,OBS-GEO-003849,CURRENT_CONTEXT,PRESENT_CONTEXT_ONLY,,SOURCE_OBSERVATION,OBS-003849,SOURCE_OBSERVATIONS
CEV-000927,CNF-00508,OBS-003850,PRESENT_CONTEXT,BUILDING_GIS,record_presence,GIS-10-007-02,OBS-GEO-003850,CURRENT_CONTEXT,PRESENT_CONTEXT_ONLY,,SOURCE_OBSERVATION,OBS-003850,SOURCE_OBSERVATIONS
CEV-000928,CNF-00508,OBS-003851,PRESENT_CONTEXT,GNSS_CORS_SURVEY,record_presence,SURV-10-007-03,OBS-GEO-003851,CURRENT_CONTEXT,PRESENT_CONTEXT_ONLY,cm-level field survey,SOURCE_OBSERVATION,OBS-003851,SOURCE_OBSERVATIONS
CEV-000929,CNF-00509,OBS-003254,PRESENT_CONTEXT,CADASTRAL_REVENUE,record_presence,REV-08-068-01,OBS-GEO-003254,CURRENT_CONTEXT,PRESENT_CONTEXT_ONLY,,SOURCE_OBSERVATION,OBS-003254,SOURCE_OBSERVATIONS
CEV-000930,CNF-00509,OBS-003255,PRESENT_CONTEXT,MUNICIPAL_PROPERTY,record_presence,MCD-08-068-02,OBS-GEO-003255,CURRENT_CONTEXT,PRESENT_CONTEXT_ONLY,,SOURCE_OBSERVATION,OBS-003255,SOURCE_OBSERVATIONS
CEV-000931,CNF-00510,OBS-002456,PRESENT_CONTEXT,MUNICIPAL_PROPERTY,record_presence,MCD-06-079-01,OBS-GEO-002456,CURRENT_CONTEXT,PRESENT_CONTEXT_ONLY,municipal owner differs,SOURCE_OBSERVATION,OBS-002456,SOURCE_OBSERVATIONS
CEV-000932,CNF-00510,OBS-002457,PRESENT_CONTEXT,BUILDING_GIS,record_presence,GIS-06-079-02,OBS-GEO-002457,CURRENT_CONTEXT,PRESENT_CONTEXT_ONLY,,SOURCE_OBSERVATION,OBS-002457,SOURCE_OBSERVATIONS
CEV-000933,CNF-00511,OBS-003894,PRESENT_CONTEXT,MUNICIPAL_PROPERTY,record_presence,MCD-10-017-01,OBS-GEO-003894,CURRENT_CONTEXT,PRESENT_CONTEXT_ONLY,municipal owner differs,SOURCE_OBSERVATION,OBS-003894,SOURCE_OBSERVATIONS
CEV-000934,CNF-00511,OBS-003895,PRESENT_CONTEXT,BUILDING_GIS,record_presence,GIS-10-017-02,OBS-GEO-003895,CURRENT_CONTEXT,PRESENT_CONTEXT_ONLY,,SOURCE_OBSERVATION,OBS-003895,SOURCE_OBSERVATIONS
CEV-000935,CNF-00511,OBS-003896,PRESENT_CONTEXT,DRONE_ORTHOPHOTO,record_presence,IMG-10-017-03,OBS-GEO-003896,CURRENT_CONTEXT,PRESENT_CONTEXT_ONLY,,SOURCE_OBSERVATION,OBS-003896,SOURCE_OBSERVATIONS
CEV-000936,CNF-00512,OBS-001183,PRESENT_CONTEXT,CADASTRAL_REVENUE,record_presence,REV-03-086-01,OBS-GEO-001183,CURRENT_CONTEXT,PRESENT_CONTEXT_ONLY,,SOURCE_OBSERVATION,OBS-001183,SOURCE_OBSERVATIONS
CEV-000937,CNF-00512,OBS-001184,PRESENT_CONTEXT,BUILDING_GIS,record_presence,GIS-03-086-02,OBS-GEO-001184,CURRENT_CONTEXT,PRESENT_CONTEXT_ONLY,,SOURCE_OBSERVATION,OBS-001184,SOURCE_OBSERVATIONS
CEV-000938,CNF-00512,OBS-001185,PRESENT_CONTEXT,DRONE_ORTHOPHOTO,record_presence,IMG-03-086-03,OBS-GEO-001185,CURRENT_CONTEXT,PRESENT_CONTEXT_ONLY,,SOURCE_OBSERVATION,OBS-001185,SOURCE_OBSERVATIONS
CEV-000939,CNF-00512,OBS-001186,PRESENT_CONTEXT,UTILITY_INFRASTRUCTURE,record_presence,UTIL-03-086-04,OBS-GEO-001186,CURRENT_CONTEXT,PRESENT_CONTEXT_ONLY,,SOURCE_OBSERVATION,OBS-001186,SOURCE_OBSERVATIONS
CEV-000940,CNF-00513,OBS-001163,PRESENT_CONTEXT,MUNICIPAL_PROPERTY,record_presence,MCD-03-081-01,OBS-GEO-001163,CURRENT_CONTEXT,PRESENT_CONTEXT_ONLY,,SOURCE_OBSERVATION,OBS-001163,SOURCE_OBSERVATIONS
CEV-000941,CNF-00513,OBS-001164,PRESENT_CONTEXT,DDA_DEVELOPMENT_AUTHORITY,record_presence,DDA-03-081-02,OBS-GEO-001164,CURRENT_CONTEXT,PRESENT_CONTEXT_ONLY,,SOURCE_OBSERVATION,OBS-001164,SOURCE_OBSERVATIONS
CEV-000942,CNF-00513,OBS-001165,PRESENT_CONTEXT,DRONE_ORTHOPHOTO,record_presence,IMG-03-081-03,OBS-GEO-001165,CURRENT_CONTEXT,PRESENT_CONTEXT_ONLY,,SOURCE_OBSERVATION,OBS-001165,SOURCE_OBSERVATIONS
CEV-000943,CNF-00513,OBS-001166,PRESENT_CONTEXT,UTILITY_INFRASTRUCTURE,record_presence,UTIL-03-081-04,OBS-GEO-001166,CURRENT_CONTEXT,PRESENT_CONTEXT_ONLY,,SOURCE_OBSERVATION,OBS-001166,SOURCE_OBSERVATIONS
CEV-000944,CNF-00514,OBS-003672,PRESENT_CONTEXT,MUNICIPAL_PROPERTY,record_presence,MCD-09-067-01,OBS-GEO-003672,CURRENT_CONTEXT,PRESENT_CONTEXT_ONLY,,SOURCE_OBSERVATION,OBS-003672,SOURCE_OBSERVATIONS
CEV-000945,CNF-00514,OBS-003673,PRESENT_CONTEXT,BUILDING_GIS,record_presence,GIS-09-067-02,OBS-GEO-003673,CURRENT_CONTEXT,PRESENT_CONTEXT_ONLY,,SOURCE_OBSERVATION,OBS-003673,SOURCE_OBSERVATIONS
CEV-000946,CNF-00514,OBS-003674,PRESENT_CONTEXT,DRONE_ORTHOPHOTO,record_presence,IMG-09-067-03,OBS-GEO-003674,CURRENT_CONTEXT,PRESENT_CONTEXT_ONLY,,SOURCE_OBSERVATION,OBS-003674,SOURCE_OBSERVATIONS
CEV-000947,CNF-00514,OBS-003675,PRESENT_CONTEXT,GNSS_CORS_SURVEY,record_presence,SURV-09-067-04,OBS-GEO-003675,CURRENT_CONTEXT,PRESENT_CONTEXT_ONLY,cm-level field survey,SOURCE_OBSERVATION,OBS-003675,SOURCE_OBSERVATIONS
CEV-000948,CNF-00515,OBS-003917,PRESENT_CONTEXT,MUNICIPAL_PROPERTY,record_presence,MCD-10-023-01,OBS-GEO-003917,CURRENT_CONTEXT,PRESENT_CONTEXT_ONLY,,SOURCE_OBSERVATION,OBS-003917,SOURCE_OBSERVATIONS
CEV-000949,CNF-00515,OBS-003918,PRESENT_CONTEXT,DDA_DEVELOPMENT_AUTHORITY,record_presence,DDA-10-023-02,OBS-GEO-003918,CURRENT_CONTEXT,PRESENT_CONTEXT_ONLY,,SOURCE_OBSERVATION,OBS-003918,SOURCE_OBSERVATIONS
CEV-000950,CNF-00515,OBS-003919,PRESENT_CONTEXT,BUILDING_GIS,record_presence,GIS-10-023-03,OBS-GEO-003919,CURRENT_CONTEXT,PRESENT_CONTEXT_ONLY,,SOURCE_OBSERVATION,OBS-003919,SOURCE_OBSERVATIONS
CEV-000951,CNF-00516,OBS-002892,PRESENT_CONTEXT,CADASTRAL_REVENUE,record_presence,REV-07-084-01,OBS-GEO-002892,CURRENT_CONTEXT,PRESENT_CONTEXT_ONLY,alternate neighboring candidate plausible,SOURCE_OBSERVATION,OBS-002892,SOURCE_OBSERVATIONS
CEV-000952,CNF-00516,OBS-002893,PRESENT_CONTEXT,DDA_DEVELOPMENT_AUTHORITY,record_presence,DDA-07-084-02,OBS-GEO-002893,CURRENT_CONTEXT,PRESENT_CONTEXT_ONLY,alternate neighboring candidate plausible,SOURCE_OBSERVATION,OBS-002893,SOURCE_OBSERVATIONS
CEV-000953,CNF-00516,OBS-002894,PRESENT_CONTEXT,BUILDING_GIS,record_presence,GIS-07-084-03,OBS-GEO-002894,CURRENT_CONTEXT,PRESENT_CONTEXT_ONLY,alternate neighboring candidate plausible,SOURCE_OBSERVATION,OBS-002894,SOURCE_OBSERVATIONS
CEV-000954,CNF-00516,OBS-002895,PRESENT_CONTEXT,DRONE_ORTHOPHOTO,record_presence,IMG-07-084-04,OBS-GEO-002895,CURRENT_CONTEXT,PRESENT_CONTEXT_ONLY,alternate neighboring candidate plausible,SOURCE_OBSERVATION,OBS-002895,SOURCE_OBSERVATIONS
CEV-000955,CNF-00517,OBS-000661,PRESENT_CONTEXT,MUNICIPAL_PROPERTY,record_presence,MCD-02-069-01,OBS-GEO-000661,CURRENT_CONTEXT,PRESENT_CONTEXT_ONLY,,SOURCE_OBSERVATION,OBS-000661,SOURCE_OBSERVATIONS
CEV-000956,CNF-00517,OBS-000662,PRESENT_CONTEXT,BUILDING_GIS,record_presence,GIS-02-069-02,OBS-GEO-000662,CURRENT_CONTEXT,PRESENT_CONTEXT_ONLY,,SOURCE_OBSERVATION,OBS-000662,SOURCE_OBSERVATIONS
CEV-000957,CNF-00517,OBS-000663,PRESENT_CONTEXT,DRONE_ORTHOPHOTO,record_presence,IMG-02-069-03,OBS-GEO-000663,CURRENT_CONTEXT,PRESENT_CONTEXT_ONLY,,SOURCE_OBSERVATION,OBS-000663,SOURCE_OBSERVATIONS
CEV-000958,CNF-00517,OBS-000664,PRESENT_CONTEXT,GNSS_CORS_SURVEY,record_presence,SURV-02-069-04,OBS-GEO-000664,CURRENT_CONTEXT,PRESENT_CONTEXT_ONLY,cm-level field survey,SOURCE_OBSERVATION,OBS-000664,SOURCE_OBSERVATIONS
CEV-000959,CNF-00518,OBS-003030,PRESENT_CONTEXT,CADASTRAL_REVENUE,record_presence,REV-08-014-01,OBS-GEO-003030,CURRENT_CONTEXT,PRESENT_CONTEXT_ONLY,,SOURCE_OBSERVATION,OBS-003030,SOURCE_OBSERVATIONS
CEV-000960,CNF-00518,OBS-003031,PRESENT_CONTEXT,DDA_DEVELOPMENT_AUTHORITY,record_presence,DDA-08-014-02,OBS-GEO-003031,CURRENT_CONTEXT,PRESENT_CONTEXT_ONLY,,SOURCE_OBSERVATION,OBS-003031,SOURCE_OBSERVATIONS
CEV-000961,CNF-00518,OBS-003032,PRESENT_CONTEXT,BUILDING_GIS,record_presence,GIS-08-014-03,OBS-GEO-003032,CURRENT_CONTEXT,PRESENT_CONTEXT_ONLY,,SOURCE_OBSERVATION,OBS-003032,SOURCE_OBSERVATIONS
CEV-000962,CNF-00518,OBS-003033,PRESENT_CONTEXT,DRONE_ORTHOPHOTO,record_presence,IMG-08-014-04,OBS-GEO-003033,CURRENT_CONTEXT,PRESENT_CONTEXT_ONLY,,SOURCE_OBSERVATION,OBS-003033,SOURCE_OBSERVATIONS
CEV-000963,CNF-00519,OBS-001126,PRESENT_CONTEXT,MUNICIPAL_PROPERTY,record_presence,MCD-03-071-01,OBS-GEO-001126,CURRENT_CONTEXT,PRESENT_CONTEXT_ONLY,,SOURCE_OBSERVATION,OBS-001126,SOURCE_OBSERVATIONS
CEV-000964,CNF-00519,OBS-001127,PRESENT_CONTEXT,BUILDING_GIS,record_presence,GIS-03-071-02,OBS-GEO-001127,CURRENT_CONTEXT,PRESENT_CONTEXT_ONLY,,SOURCE_OBSERVATION,OBS-001127,SOURCE_OBSERVATIONS
CEV-000965,CNF-00519,OBS-001128,PRESENT_CONTEXT,GNSS_CORS_SURVEY,record_presence,SURV-03-071-03,OBS-GEO-001128,CURRENT_CONTEXT,PRESENT_CONTEXT_ONLY,cm-level field survey,SOURCE_OBSERVATION,OBS-001128,SOURCE_OBSERVATIONS
CEV-000966,CNF-00519,OBS-001129,PRESENT_CONTEXT,UTILITY_INFRASTRUCTURE,record_presence,UTIL-03-071-04,OBS-GEO-001129,CURRENT_CONTEXT,PRESENT_CONTEXT_ONLY,,SOURCE_OBSERVATION,OBS-001129,SOURCE_OBSERVATIONS
CEV-000967,CNF-00520,OBS-002947,PRESENT_CONTEXT,CADASTRAL_REVENUE,record_presence,REV-07-096-01,OBS-GEO-002947,CURRENT_CONTEXT,PRESENT_CONTEXT_ONLY,,SOURCE_OBSERVATION,OBS-002947,SOURCE_OBSERVATIONS
CEV-000968,CNF-00520,OBS-002948,PRESENT_CONTEXT,BUILDING_GIS,record_presence,GIS-07-096-02,OBS-GEO-002948,CURRENT_CONTEXT,PRESENT_CONTEXT_ONLY,,SOURCE_OBSERVATION,OBS-002948,SOURCE_OBSERVATIONS
CEV-000969,CNF-00520,OBS-002949,PRESENT_CONTEXT,DRONE_ORTHOPHOTO,record_presence,IMG-07-096-03,OBS-GEO-002949,CURRENT_CONTEXT,PRESENT_CONTEXT_ONLY,,SOURCE_OBSERVATION,OBS-002949,SOURCE_OBSERVATIONS
CEV-000970,CNF-00520,OBS-002950,PRESENT_CONTEXT,GNSS_CORS_SURVEY,record_presence,SURV-07-096-04,OBS-GEO-002950,CURRENT_CONTEXT,PRESENT_CONTEXT_ONLY,cm-level field survey,SOURCE_OBSERVATION,OBS-002950,SOURCE_OBSERVATIONS
CEV-000971,CNF-00521,OBS-002360,PRESENT_CONTEXT,CADASTRAL_REVENUE,record_presence,REV-06-054-01,OBS-GEO-002360,CURRENT_CONTEXT,PRESENT_CONTEXT_ONLY,,SOURCE_OBSERVATION,OBS-002360,SOURCE_OBSERVATIONS
CEV-000972,CNF-00521,OBS-002361,PRESENT_CONTEXT,BUILDING_GIS,record_presence,GIS-06-054-02,OBS-GEO-002361,CURRENT_CONTEXT,PRESENT_CONTEXT_ONLY,,SOURCE_OBSERVATION,OBS-002361,SOURCE_OBSERVATIONS
CEV-000973,CNF-00521,OBS-002362,PRESENT_CONTEXT,DRONE_ORTHOPHOTO,record_presence,IMG-06-054-03,OBS-GEO-002362,CURRENT_CONTEXT,PRESENT_CONTEXT_ONLY,,SOURCE_OBSERVATION,OBS-002362,SOURCE_OBSERVATIONS
CEV-000974,CNF-00521,OBS-002363,PRESENT_CONTEXT,GNSS_CORS_SURVEY,record_presence,SURV-06-054-04,OBS-GEO-002363,CURRENT_CONTEXT,PRESENT_CONTEXT_ONLY,cm-level field survey,SOURCE_OBSERVATION,OBS-002363,SOURCE_OBSERVATIONS
CEV-000975,CNF-00522,OBS-003742,PRESENT_CONTEXT,CADASTRAL_REVENUE,record_presence,REV-09-084-01,OBS-GEO-003742,CURRENT_CONTEXT,PRESENT_CONTEXT_ONLY,slight systematic cadastral shift; alternate neighboring candidate plausible,SOURCE_OBSERVATION,OBS-003742,SOURCE_OBSERVATIONS
CEV-000976,CNF-00522,OBS-003743,PRESENT_CONTEXT,BUILDING_GIS,record_presence,GIS-09-084-02,OBS-GEO-003743,CURRENT_CONTEXT,PRESENT_CONTEXT_ONLY,alternate neighboring candidate plausible,SOURCE_OBSERVATION,OBS-003743,SOURCE_OBSERVATIONS
CEV-000977,CNF-00522,OBS-003744,PRESENT_CONTEXT,DRONE_ORTHOPHOTO,record_presence,IMG-09-084-03,OBS-GEO-003744,CURRENT_CONTEXT,PRESENT_CONTEXT_ONLY,alternate neighboring candidate plausible,SOURCE_OBSERVATION,OBS-003744,SOURCE_OBSERVATIONS
CEV-000978,CNF-00522,OBS-003745,PRESENT_CONTEXT,GNSS_CORS_SURVEY,record_presence,SURV-09-084-04,OBS-GEO-003745,CURRENT_CONTEXT,PRESENT_CONTEXT_ONLY,cm-level field survey; alternate neighboring candidate plausible,SOURCE_OBSERVATION,OBS-003745,SOURCE_OBSERVATIONS
CEV-000979,CNF-00522,OBS-003746,PRESENT_CONTEXT,UTILITY_INFRASTRUCTURE,record_presence,UTIL-09-084-05,OBS-GEO-003746,CURRENT_CONTEXT,PRESENT_CONTEXT_ONLY,alternate neighboring candidate plausible,SOURCE_OBSERVATION,OBS-003746,SOURCE_OBSERVATIONS
CEV-000980,CNF-00523,OBS-000282,PRESENT_CONTEXT,MUNICIPAL_PROPERTY,record_presence,MCD-01-075-01,OBS-GEO-000282,CURRENT_CONTEXT,PRESENT_CONTEXT_ONLY,,SOURCE_OBSERVATION,OBS-000282,SOURCE_OBSERVATIONS
CEV-000981,CNF-00523,OBS-000283,PRESENT_CONTEXT,BUILDING_GIS,record_presence,GIS-01-075-02,OBS-GEO-000283,CURRENT_CONTEXT,PRESENT_CONTEXT_ONLY,,SOURCE_OBSERVATION,OBS-000283,SOURCE_OBSERVATIONS
CEV-000982,CNF-00524,OBS-000725,PRESENT_CONTEXT,CADASTRAL_REVENUE,record_presence,REV-02-084-01,OBS-GEO-000725,CURRENT_CONTEXT,PRESENT_CONTEXT_ONLY,,SOURCE_OBSERVATION,OBS-000725,SOURCE_OBSERVATIONS
CEV-000983,CNF-00524,OBS-000726,PRESENT_CONTEXT,BUILDING_GIS,record_presence,GIS-02-084-02,OBS-GEO-000726,CURRENT_CONTEXT,PRESENT_CONTEXT_ONLY,,SOURCE_OBSERVATION,OBS-000726,SOURCE_OBSERVATIONS
CEV-000984,CNF-00524,OBS-000727,PRESENT_CONTEXT,UTILITY_INFRASTRUCTURE,record_presence,UTIL-02-084-03,OBS-GEO-000727,CURRENT_CONTEXT,PRESENT_CONTEXT_ONLY,,SOURCE_OBSERVATION,OBS-000727,SOURCE_OBSERVATIONS
CEV-000985,CNF-00525,OBS-001819,PRESENT_CONTEXT,MUNICIPAL_PROPERTY,record_presence,MCD-05-029-01,OBS-GEO-001819,CURRENT_CONTEXT,PRESENT_CONTEXT_ONLY,,SOURCE_OBSERVATION,OBS-001819,SOURCE_OBSERVATIONS
CEV-000986,CNF-00525,OBS-001820,PRESENT_CONTEXT,DDA_DEVELOPMENT_AUTHORITY,record_presence,DDA-05-029-02,OBS-GEO-001820,CURRENT_CONTEXT,PRESENT_CONTEXT_ONLY,,SOURCE_OBSERVATION,OBS-001820,SOURCE_OBSERVATIONS
CEV-000987,CNF-00525,OBS-001821,PRESENT_CONTEXT,DRONE_ORTHOPHOTO,record_presence,IMG-05-029-03,OBS-GEO-001821,CURRENT_CONTEXT,PRESENT_CONTEXT_ONLY,,SOURCE_OBSERVATION,OBS-001821,SOURCE_OBSERVATIONS
CEV-000988,CNF-00526,OBS-000447,PRESENT_CONTEXT,MUNICIPAL_PROPERTY,record_presence,MCD-02-015-01,OBS-GEO-000447,CURRENT_CONTEXT,PRESENT_CONTEXT_ONLY,,SOURCE_OBSERVATION,OBS-000447,SOURCE_OBSERVATIONS
CEV-000989,CNF-00526,OBS-000448,PRESENT_CONTEXT,DRONE_ORTHOPHOTO,record_presence,IMG-02-015-02,OBS-GEO-000448,CURRENT_CONTEXT,PRESENT_CONTEXT_ONLY,,SOURCE_OBSERVATION,OBS-000448,SOURCE_OBSERVATIONS
CEV-000990,CNF-00527,OBS-003618,PRESENT_CONTEXT,MUNICIPAL_PROPERTY,record_presence,MCD-09-053-01,OBS-GEO-003618,CURRENT_CONTEXT,PRESENT_CONTEXT_ONLY,,SOURCE_OBSERVATION,OBS-003618,SOURCE_OBSERVATIONS
CEV-000991,CNF-00527,OBS-003619,PRESENT_CONTEXT,BUILDING_GIS,record_presence,GIS-09-053-02,OBS-GEO-003619,CURRENT_CONTEXT,PRESENT_CONTEXT_ONLY,,SOURCE_OBSERVATION,OBS-003619,SOURCE_OBSERVATIONS
CEV-000992,CNF-00527,OBS-003620,PRESENT_CONTEXT,DRONE_ORTHOPHOTO,record_presence,IMG-09-053-03,OBS-GEO-003620,CURRENT_CONTEXT,PRESENT_CONTEXT_ONLY,,SOURCE_OBSERVATION,OBS-003620,SOURCE_OBSERVATIONS
CEV-000993,CNF-00527,OBS-003621,PRESENT_CONTEXT,GNSS_CORS_SURVEY,record_presence,SURV-09-053-04,OBS-GEO-003621,CURRENT_CONTEXT,PRESENT_CONTEXT_ONLY,cm-level field survey,SOURCE_OBSERVATION,OBS-003621,SOURCE_OBSERVATIONS
CEV-000994,CNF-00528,OBS-003644,AMBIGUOUS_CANDIDATE_EVIDENCE,CADASTRAL_REVENUE,identity,IN-DL-110054-9-60 | alternate=IN-DL-110054-9-61,OBS-GEO-003644,CURRENT_CONTEXT,SUPPORTS_AMBIGUITY,alternate neighboring candidate plausible,SOURCE_OBSERVATION,OBS-003644,SOURCE_OBSERVATIONS
CEV-000995,CNF-00528,OBS-003645,AMBIGUOUS_CANDIDATE_EVIDENCE,MUNICIPAL_PROPERTY,identity,IN-DL-110054-9-60 | alternate=IN-DL-110054-9-61,OBS-GEO-003645,CURRENT_CONTEXT,SUPPORTS_AMBIGUITY,alternate neighboring candidate plausible,SOURCE_OBSERVATION,OBS-003645,SOURCE_OBSERVATIONS
CEV-000996,CNF-00528,OBS-003646,AMBIGUOUS_CANDIDATE_EVIDENCE,BUILDING_GIS,identity,IN-DL-110054-9-60 | alternate=IN-DL-110054-9-61,OBS-GEO-003646,CURRENT_CONTEXT,SUPPORTS_AMBIGUITY,alternate neighboring candidate plausible,SOURCE_OBSERVATION,OBS-003646,SOURCE_OBSERVATIONS
CEV-000997,CNF-00528,OBS-003647,AMBIGUOUS_CANDIDATE_EVIDENCE,DRONE_ORTHOPHOTO,identity,IN-DL-110054-9-60 | alternate=IN-DL-110054-9-61,OBS-GEO-003647,CURRENT_CONTEXT,SUPPORTS_AMBIGUITY,alternate neighboring candidate plausible,SOURCE_OBSERVATION,OBS-003647,SOURCE_OBSERVATIONS
CEV-000998,CNF-00529,OBS-001078,AMBIGUOUS_CANDIDATE_EVIDENCE,CADASTRAL_REVENUE,identity,IN-DL-110054-3-59 | alternate=IN-DL-110054-3-60,OBS-GEO-001078,CURRENT_CONTEXT,SUPPORTS_AMBIGUITY,alternate neighboring candidate plausible,SOURCE_OBSERVATION,OBS-001078,SOURCE_OBSERVATIONS
CEV-000999,CNF-00529,OBS-001079,AMBIGUOUS_CANDIDATE_EVIDENCE,MUNICIPAL_PROPERTY,identity,IN-DL-110054-3-59 | alternate=IN-DL-110054-3-60,OBS-GEO-001079,CURRENT_CONTEXT,SUPPORTS_AMBIGUITY,municipal owner differs; alternate neighboring candidate plausible,SOURCE_OBSERVATION,OBS-001079,SOURCE_OBSERVATIONS
CEV-001000,CNF-00529,OBS-001080,AMBIGUOUS_CANDIDATE_EVIDENCE,BUILDING_GIS,identity,IN-DL-110054-3-59 | alternate=IN-DL-110054-3-60,OBS-GEO-001080,CURRENT_CONTEXT,SUPPORTS_AMBIGUITY,alternate neighboring candidate plausible,SOURCE_OBSERVATION,OBS-001080,SOURCE_OBSERVATIONS
CEV-001001,CNF-00529,OBS-001081,AMBIGUOUS_CANDIDATE_EVIDENCE,DRONE_ORTHOPHOTO,identity,IN-DL-110054-3-59 | alternate=IN-DL-110054-3-60,OBS-GEO-001081,CURRENT_CONTEXT,SUPPORTS_AMBIGUITY,alternate neighboring candidate plausible,SOURCE_OBSERVATION,OBS-001081,SOURCE_OBSERVATIONS
CEV-001002,CNF-00530,OBS-002083,AMBIGUOUS_CANDIDATE_EVIDENCE,CADASTRAL_REVENUE,identity,IN-DL-110054-5-88 | alternate=IN-DL-110054-5-89,OBS-GEO-002083,CURRENT_CONTEXT,SUPPORTS_AMBIGUITY,alternate neighboring candidate plausible,SOURCE_OBSERVATION,OBS-002083,SOURCE_OBSERVATIONS
CEV-001003,CNF-00530,OBS-002084,AMBIGUOUS_CANDIDATE_EVIDENCE,MUNICIPAL_PROPERTY,identity,IN-DL-110054-5-88 | alternate=IN-DL-110054-5-89,OBS-GEO-002084,CURRENT_CONTEXT,SUPPORTS_AMBIGUITY,alternate neighboring candidate plausible,SOURCE_OBSERVATION,OBS-002084,SOURCE_OBSERVATIONS
CEV-001004,CNF-00530,OBS-002085,AMBIGUOUS_CANDIDATE_EVIDENCE,BUILDING_GIS,identity,IN-DL-110054-5-88 | alternate=IN-DL-110054-5-89,OBS-GEO-002085,CURRENT_CONTEXT,SUPPORTS_AMBIGUITY,alternate neighboring candidate plausible,SOURCE_OBSERVATION,OBS-002085,SOURCE_OBSERVATIONS
CEV-001005,CNF-00530,OBS-002086,AMBIGUOUS_CANDIDATE_EVIDENCE,DRONE_ORTHOPHOTO,identity,IN-DL-110054-5-88 | alternate=IN-DL-110054-5-89,OBS-GEO-002086,CURRENT_CONTEXT,SUPPORTS_AMBIGUITY,alternate neighboring candidate plausible,SOURCE_OBSERVATION,OBS-002086,SOURCE_OBSERVATIONS
CEV-001006,CNF-00530,OBS-002087,AMBIGUOUS_CANDIDATE_EVIDENCE,GNSS_CORS_SURVEY,identity,IN-DL-110054-5-88 | alternate=IN-DL-110054-5-89,OBS-GEO-002087,CURRENT_CONTEXT,SUPPORTS_AMBIGUITY,cm-level field survey; alternate neighboring candidate plausible,SOURCE_OBSERVATION,OBS-002087,SOURCE_OBSERVATIONS
CEV-001007,CNF-00531,OBS-002105,AMBIGUOUS_CANDIDATE_EVIDENCE,CADASTRAL_REVENUE,identity,IN-DL-110054-5-93 | alternate=IN-DL-110054-5-94,OBS-GEO-002105,CURRENT_CONTEXT,SUPPORTS_AMBIGUITY,alternate neighboring candidate plausible,SOURCE_OBSERVATION,OBS-002105,SOURCE_OBSERVATIONS
CEV-001008,CNF-00531,OBS-002106,AMBIGUOUS_CANDIDATE_EVIDENCE,MUNICIPAL_PROPERTY,identity,IN-DL-110054-5-93 | alternate=IN-DL-110054-5-94,OBS-GEO-002106,CURRENT_CONTEXT,SUPPORTS_AMBIGUITY,alternate neighboring candidate plausible,SOURCE_OBSERVATION,OBS-002106,SOURCE_OBSERVATIONS
CEV-001009,CNF-00531,OBS-002107,AMBIGUOUS_CANDIDATE_EVIDENCE,DRONE_ORTHOPHOTO,identity,IN-DL-110054-5-93 | alternate=IN-DL-110054-5-94,OBS-GEO-002107,CURRENT_CONTEXT,SUPPORTS_AMBIGUITY,alternate neighboring candidate plausible,SOURCE_OBSERVATION,OBS-002107,SOURCE_OBSERVATIONS
CEV-001010,CNF-00532,OBS-002608,AMBIGUOUS_CANDIDATE_EVIDENCE,CADASTRAL_REVENUE,identity,IN-DL-110054-7-16 | alternate=IN-DL-110054-7-17,OBS-GEO-002608,CURRENT_CONTEXT,SUPPORTS_AMBIGUITY,slight systematic cadastral shift; alternate neighboring candidate plausible,SOURCE_OBSERVATION,OBS-002608,SOURCE_OBSERVATIONS
CEV-001011,CNF-00532,OBS-002609,AMBIGUOUS_CANDIDATE_EVIDENCE,MUNICIPAL_PROPERTY,identity,IN-DL-110054-7-16 | alternate=IN-DL-110054-7-17,OBS-GEO-002609,CURRENT_CONTEXT,SUPPORTS_AMBIGUITY,alternate neighboring candidate plausible,SOURCE_OBSERVATION,OBS-002609,SOURCE_OBSERVATIONS
CEV-001012,CNF-00532,OBS-002610,AMBIGUOUS_CANDIDATE_EVIDENCE,BUILDING_GIS,identity,IN-DL-110054-7-16 | alternate=IN-DL-110054-7-17,OBS-GEO-002610,CURRENT_CONTEXT,SUPPORTS_AMBIGUITY,alternate neighboring candidate plausible,SOURCE_OBSERVATION,OBS-002610,SOURCE_OBSERVATIONS
CEV-001013,CNF-00532,OBS-002611,AMBIGUOUS_CANDIDATE_EVIDENCE,DRONE_ORTHOPHOTO,identity,IN-DL-110054-7-16 | alternate=IN-DL-110054-7-17,OBS-GEO-002611,CURRENT_CONTEXT,SUPPORTS_AMBIGUITY,alternate neighboring candidate plausible,SOURCE_OBSERVATION,OBS-002611,SOURCE_OBSERVATIONS
CEV-001014,CNF-00533,OBS-004028,AMBIGUOUS_CANDIDATE_EVIDENCE,CADASTRAL_REVENUE,identity,IN-DL-110054-10-47 | alternate=IN-DL-110054-10-48,OBS-GEO-004028,CURRENT_CONTEXT,SUPPORTS_AMBIGUITY,slight systematic cadastral shift; alternate neighboring candidate plausible,SOURCE_OBSERVATION,OBS-004028,SOURCE_OBSERVATIONS
CEV-001015,CNF-00533,OBS-004029,AMBIGUOUS_CANDIDATE_EVIDENCE,MUNICIPAL_PROPERTY,identity,IN-DL-110054-10-47 | alternate=IN-DL-110054-10-48,OBS-GEO-004029,CURRENT_CONTEXT,SUPPORTS_AMBIGUITY,alternate neighboring candidate plausible,SOURCE_OBSERVATION,OBS-004029,SOURCE_OBSERVATIONS
CEV-001016,CNF-00533,OBS-004030,AMBIGUOUS_CANDIDATE_EVIDENCE,BUILDING_GIS,identity,IN-DL-110054-10-47 | alternate=IN-DL-110054-10-48,OBS-GEO-004030,CURRENT_CONTEXT,SUPPORTS_AMBIGUITY,alternate neighboring candidate plausible,SOURCE_OBSERVATION,OBS-004030,SOURCE_OBSERVATIONS
CEV-001017,CNF-00534,OBS-003197,AMBIGUOUS_CANDIDATE_EVIDENCE,CADASTRAL_REVENUE,identity,IN-DL-110054-8-54 | alternate=IN-DL-110054-8-55,OBS-GEO-003197,CURRENT_CONTEXT,SUPPORTS_AMBIGUITY,slight systematic cadastral shift; alternate neighboring candidate plausible,SOURCE_OBSERVATION,OBS-003197,SOURCE_OBSERVATIONS
CEV-001018,CNF-00534,OBS-003198,AMBIGUOUS_CANDIDATE_EVIDENCE,MUNICIPAL_PROPERTY,identity,IN-DL-110054-8-54 | alternate=IN-DL-110054-8-55,OBS-GEO-003198,CURRENT_CONTEXT,SUPPORTS_AMBIGUITY,alternate neighboring candidate plausible,SOURCE_OBSERVATION,OBS-003198,SOURCE_OBSERVATIONS
CEV-001019,CNF-00534,OBS-003199,AMBIGUOUS_CANDIDATE_EVIDENCE,DDA_DEVELOPMENT_AUTHORITY,identity,IN-DL-110054-8-54 | alternate=IN-DL-110054-8-55,OBS-GEO-003199,CURRENT_CONTEXT,SUPPORTS_AMBIGUITY,alternate neighboring candidate plausible,SOURCE_OBSERVATION,OBS-003199,SOURCE_OBSERVATIONS
CEV-001020,CNF-00534,OBS-003200,AMBIGUOUS_CANDIDATE_EVIDENCE,DRONE_ORTHOPHOTO,identity,IN-DL-110054-8-54 | alternate=IN-DL-110054-8-55,OBS-GEO-003200,CURRENT_CONTEXT,SUPPORTS_AMBIGUITY,alternate neighboring candidate plausible,SOURCE_OBSERVATION,OBS-003200,SOURCE_OBSERVATIONS
CEV-001021,CNF-00535,OBS-001931,AMBIGUOUS_CANDIDATE_EVIDENCE,CADASTRAL_REVENUE,identity,IN-DL-110054-5-53 | alternate=IN-DL-110054-5-54,OBS-GEO-001931,CURRENT_CONTEXT,SUPPORTS_AMBIGUITY,alternate neighboring candidate plausible,SOURCE_OBSERVATION,OBS-001931,SOURCE_OBSERVATIONS
CEV-001022,CNF-00535,OBS-001932,AMBIGUOUS_CANDIDATE_EVIDENCE,MUNICIPAL_PROPERTY,identity,IN-DL-110054-5-53 | alternate=IN-DL-110054-5-54,OBS-GEO-001932,CURRENT_CONTEXT,SUPPORTS_AMBIGUITY,alternate neighboring candidate plausible,SOURCE_OBSERVATION,OBS-001932,SOURCE_OBSERVATIONS
CEV-001023,CNF-00535,OBS-001933,AMBIGUOUS_CANDIDATE_EVIDENCE,BUILDING_GIS,identity,IN-DL-110054-5-53 | alternate=IN-DL-110054-5-54,OBS-GEO-001933,CURRENT_CONTEXT,SUPPORTS_AMBIGUITY,alternate neighboring candidate plausible,SOURCE_OBSERVATION,OBS-001933,SOURCE_OBSERVATIONS
CEV-001024,CNF-00535,OBS-001934,AMBIGUOUS_CANDIDATE_EVIDENCE,DRONE_ORTHOPHOTO,identity,IN-DL-110054-5-53 | alternate=IN-DL-110054-5-54,OBS-GEO-001934,CURRENT_CONTEXT,SUPPORTS_AMBIGUITY,alternate neighboring candidate plausible,SOURCE_OBSERVATION,OBS-001934,SOURCE_OBSERVATIONS
CEV-001025,CNF-00535,OBS-001935,AMBIGUOUS_CANDIDATE_EVIDENCE,GNSS_CORS_SURVEY,identity,IN-DL-110054-5-53 | alternate=IN-DL-110054-5-54,OBS-GEO-001935,CURRENT_CONTEXT,SUPPORTS_AMBIGUITY,cm-level field survey; alternate neighboring candidate plausible,SOURCE_OBSERVATION,OBS-001935,SOURCE_OBSERVATIONS
CEV-001026,CNF-00536,OBS-000396,AMBIGUOUS_CANDIDATE_EVIDENCE,CADASTRAL_REVENUE,identity,IN-DL-110054-2-2 | alternate=IN-DL-110054-2-3,OBS-GEO-000396,CURRENT_CONTEXT,SUPPORTS_AMBIGUITY,alternate neighboring candidate plausible,SOURCE_OBSERVATION,OBS-000396,SOURCE_OBSERVATIONS
CEV-001027,CNF-00536,OBS-000397,AMBIGUOUS_CANDIDATE_EVIDENCE,MUNICIPAL_PROPERTY,identity,IN-DL-110054-2-2 | alternate=IN-DL-110054-2-3,OBS-GEO-000397,CURRENT_CONTEXT,SUPPORTS_AMBIGUITY,alternate neighboring candidate plausible,SOURCE_OBSERVATION,OBS-000397,SOURCE_OBSERVATIONS
CEV-001028,CNF-00536,OBS-000398,AMBIGUOUS_CANDIDATE_EVIDENCE,BUILDING_GIS,identity,IN-DL-110054-2-2 | alternate=IN-DL-110054-2-3,OBS-GEO-000398,CURRENT_CONTEXT,SUPPORTS_AMBIGUITY,alternate neighboring candidate plausible,SOURCE_OBSERVATION,OBS-000398,SOURCE_OBSERVATIONS
CEV-001029,CNF-00536,OBS-000399,AMBIGUOUS_CANDIDATE_EVIDENCE,DRONE_ORTHOPHOTO,identity,IN-DL-110054-2-2 | alternate=IN-DL-110054-2-3,OBS-GEO-000399,CURRENT_CONTEXT,SUPPORTS_AMBIGUITY,alternate neighboring candidate plausible,SOURCE_OBSERVATION,OBS-000399,SOURCE_OBSERVATIONS
CEV-001030,CNF-00537,OBS-002983,AMBIGUOUS_CANDIDATE_EVIDENCE,CADASTRAL_REVENUE,identity,IN-DL-110054-8-4 | alternate=IN-DL-110054-8-5,OBS-GEO-002983,CURRENT_CONTEXT,SUPPORTS_AMBIGUITY,alternate neighboring candidate plausible,SOURCE_OBSERVATION,OBS-002983,SOURCE_OBSERVATIONS
CEV-001031,CNF-00537,OBS-002984,AMBIGUOUS_CANDIDATE_EVIDENCE,MUNICIPAL_PROPERTY,identity,IN-DL-110054-8-4 | alternate=IN-DL-110054-8-5,OBS-GEO-002984,CURRENT_CONTEXT,SUPPORTS_AMBIGUITY,alternate neighboring candidate plausible,SOURCE_OBSERVATION,OBS-002984,SOURCE_OBSERVATIONS
CEV-001032,CNF-00537,OBS-002985,AMBIGUOUS_CANDIDATE_EVIDENCE,DDA_DEVELOPMENT_AUTHORITY,identity,IN-DL-110054-8-4 | alternate=IN-DL-110054-8-5,OBS-GEO-002985,CURRENT_CONTEXT,SUPPORTS_AMBIGUITY,alternate neighboring candidate plausible,SOURCE_OBSERVATION,OBS-002985,SOURCE_OBSERVATIONS
CEV-001033,CNF-00537,OBS-002986,AMBIGUOUS_CANDIDATE_EVIDENCE,BUILDING_GIS,identity,IN-DL-110054-8-4 | alternate=IN-DL-110054-8-5,OBS-GEO-002986,CURRENT_CONTEXT,SUPPORTS_AMBIGUITY,alternate neighboring candidate plausible,SOURCE_OBSERVATION,OBS-002986,SOURCE_OBSERVATIONS
CEV-001034,CNF-00537,OBS-002987,AMBIGUOUS_CANDIDATE_EVIDENCE,UTILITY_INFRASTRUCTURE,identity,IN-DL-110054-8-4 | alternate=IN-DL-110054-8-5,OBS-GEO-002987,CURRENT_CONTEXT,SUPPORTS_AMBIGUITY,alternate neighboring candidate plausible,SOURCE_OBSERVATION,OBS-002987,SOURCE_OBSERVATIONS
CEV-001035,CNF-00538,OBS-002650,AMBIGUOUS_CANDIDATE_EVIDENCE,CADASTRAL_REVENUE,identity,IN-DL-110054-7-26 | alternate=IN-DL-110054-7-27,OBS-GEO-002650,CURRENT_CONTEXT,SUPPORTS_AMBIGUITY,old cadastral geometry contradicted by GNSS; alternate neighboring candidate plausible,SOURCE_OBSERVATION,OBS-002650,SOURCE_OBSERVATIONS
CEV-001036,CNF-00538,OBS-002651,AMBIGUOUS_CANDIDATE_EVIDENCE,MUNICIPAL_PROPERTY,identity,IN-DL-110054-7-26 | alternate=IN-DL-110054-7-27,OBS-GEO-002651,CURRENT_CONTEXT,SUPPORTS_AMBIGUITY,alternate neighboring candidate plausible,SOURCE_OBSERVATION,OBS-002651,SOURCE_OBSERVATIONS
CEV-001037,CNF-00538,OBS-002652,AMBIGUOUS_CANDIDATE_EVIDENCE,BUILDING_GIS,identity,IN-DL-110054-7-26 | alternate=IN-DL-110054-7-27,OBS-GEO-002652,CURRENT_CONTEXT,SUPPORTS_AMBIGUITY,alternate neighboring candidate plausible,SOURCE_OBSERVATION,OBS-002652,SOURCE_OBSERVATIONS
CEV-001038,CNF-00538,OBS-002653,AMBIGUOUS_CANDIDATE_EVIDENCE,DRONE_ORTHOPHOTO,identity,IN-DL-110054-7-26 | alternate=IN-DL-110054-7-27,OBS-GEO-002653,CURRENT_CONTEXT,SUPPORTS_AMBIGUITY,alternate neighboring candidate plausible,SOURCE_OBSERVATION,OBS-002653,SOURCE_OBSERVATIONS
CEV-001039,CNF-00538,OBS-002654,AMBIGUOUS_CANDIDATE_EVIDENCE,GNSS_CORS_SURVEY,identity,IN-DL-110054-7-26 | alternate=IN-DL-110054-7-27,OBS-GEO-002654,CURRENT_CONTEXT,SUPPORTS_AMBIGUITY,cm-level field survey; alternate neighboring candidate plausible,SOURCE_OBSERVATION,OBS-002654,SOURCE_OBSERVATIONS
CEV-001040,CNF-00539,OBS-000599,AMBIGUOUS_CANDIDATE_EVIDENCE,CADASTRAL_REVENUE,identity,IN-DL-110054-2-54 | alternate=IN-DL-110054-2-55,OBS-GEO-000599,CURRENT_CONTEXT,SUPPORTS_AMBIGUITY,alternate neighboring candidate plausible,SOURCE_OBSERVATION,OBS-000599,SOURCE_OBSERVATIONS
CEV-001041,CNF-00539,OBS-000600,AMBIGUOUS_CANDIDATE_EVIDENCE,MUNICIPAL_PROPERTY,identity,IN-DL-110054-2-54 | alternate=IN-DL-110054-2-55,OBS-GEO-000600,CURRENT_CONTEXT,SUPPORTS_AMBIGUITY,alternate neighboring candidate plausible,SOURCE_OBSERVATION,OBS-000600,SOURCE_OBSERVATIONS
CEV-001042,CNF-00539,OBS-000601,AMBIGUOUS_CANDIDATE_EVIDENCE,BUILDING_GIS,identity,IN-DL-110054-2-54 | alternate=IN-DL-110054-2-55,OBS-GEO-000601,CURRENT_CONTEXT,SUPPORTS_AMBIGUITY,alternate neighboring candidate plausible,SOURCE_OBSERVATION,OBS-000601,SOURCE_OBSERVATIONS
CEV-001043,CNF-00539,OBS-000602,AMBIGUOUS_CANDIDATE_EVIDENCE,DRONE_ORTHOPHOTO,identity,IN-DL-110054-2-54 | alternate=IN-DL-110054-2-55,OBS-GEO-000602,CURRENT_CONTEXT,SUPPORTS_AMBIGUITY,alternate neighboring candidate plausible,SOURCE_OBSERVATION,OBS-000602,SOURCE_OBSERVATIONS
CEV-001044,CNF-00540,OBS-000318,AMBIGUOUS_CANDIDATE_EVIDENCE,CADASTRAL_REVENUE,identity,IN-DL-110054-1-84 | alternate=IN-DL-110054-1-85,OBS-GEO-000318,CURRENT_CONTEXT,SUPPORTS_AMBIGUITY,alternate neighboring candidate plausible,SOURCE_OBSERVATION,OBS-000318,SOURCE_OBSERVATIONS
CEV-001045,CNF-00540,OBS-000319,AMBIGUOUS_CANDIDATE_EVIDENCE,MUNICIPAL_PROPERTY,identity,IN-DL-110054-1-84 | alternate=IN-DL-110054-1-85,OBS-GEO-000319,CURRENT_CONTEXT,SUPPORTS_AMBIGUITY,alternate neighboring candidate plausible,SOURCE_OBSERVATION,OBS-000319,SOURCE_OBSERVATIONS
CEV-001046,CNF-00540,OBS-000320,AMBIGUOUS_CANDIDATE_EVIDENCE,BUILDING_GIS,identity,IN-DL-110054-1-84 | alternate=IN-DL-110054-1-85,OBS-GEO-000320,CURRENT_CONTEXT,SUPPORTS_AMBIGUITY,alternate neighboring candidate plausible,SOURCE_OBSERVATION,OBS-000320,SOURCE_OBSERVATIONS
CEV-001047,CNF-00540,OBS-000321,AMBIGUOUS_CANDIDATE_EVIDENCE,DRONE_ORTHOPHOTO,identity,IN-DL-110054-1-84 | alternate=IN-DL-110054-1-85,OBS-GEO-000321,CURRENT_CONTEXT,SUPPORTS_AMBIGUITY,alternate neighboring candidate plausible,SOURCE_OBSERVATION,OBS-000321,SOURCE_OBSERVATIONS
CEV-001048,CNF-00541,OBS-002612,AMBIGUOUS_CANDIDATE_EVIDENCE,CADASTRAL_REVENUE,identity,IN-DL-110054-7-17 | alternate=IN-DL-110054-7-18,OBS-GEO-002612,CURRENT_CONTEXT,SUPPORTS_AMBIGUITY,alternate neighboring candidate plausible,SOURCE_OBSERVATION,OBS-002612,SOURCE_OBSERVATIONS
CEV-001049,CNF-00541,OBS-002613,AMBIGUOUS_CANDIDATE_EVIDENCE,MUNICIPAL_PROPERTY,identity,IN-DL-110054-7-17 | alternate=IN-DL-110054-7-18,OBS-GEO-002613,CURRENT_CONTEXT,SUPPORTS_AMBIGUITY,alternate neighboring candidate plausible,SOURCE_OBSERVATION,OBS-002613,SOURCE_OBSERVATIONS
CEV-001050,CNF-00541,OBS-002614,AMBIGUOUS_CANDIDATE_EVIDENCE,BUILDING_GIS,identity,IN-DL-110054-7-17 | alternate=IN-DL-110054-7-18,OBS-GEO-002614,CURRENT_CONTEXT,SUPPORTS_AMBIGUITY,alternate neighboring candidate plausible,SOURCE_OBSERVATION,OBS-002614,SOURCE_OBSERVATIONS
CEV-001051,CNF-00541,OBS-002615,AMBIGUOUS_CANDIDATE_EVIDENCE,DRONE_ORTHOPHOTO,identity,IN-DL-110054-7-17 | alternate=IN-DL-110054-7-18,OBS-GEO-002615,CURRENT_CONTEXT,SUPPORTS_AMBIGUITY,alternate neighboring candidate plausible,SOURCE_OBSERVATION,OBS-002615,SOURCE_OBSERVATIONS
CEV-001052,CNF-00541,OBS-002616,AMBIGUOUS_CANDIDATE_EVIDENCE,GNSS_CORS_SURVEY,identity,IN-DL-110054-7-17 | alternate=IN-DL-110054-7-18,OBS-GEO-002616,CURRENT_CONTEXT,SUPPORTS_AMBIGUITY,cm-level field survey; alternate neighboring candidate plausible,SOURCE_OBSERVATION,OBS-002616,SOURCE_OBSERVATIONS
CEV-001053,CNF-00542,OBS-002028,AMBIGUOUS_CANDIDATE_EVIDENCE,CADASTRAL_REVENUE,identity,IN-DL-110054-5-75 | alternate=IN-DL-110054-5-76,OBS-GEO-002028,CURRENT_CONTEXT,SUPPORTS_AMBIGUITY,alternate neighboring candidate plausible,SOURCE_OBSERVATION,OBS-002028,SOURCE_OBSERVATIONS
CEV-001054,CNF-00542,OBS-002029,AMBIGUOUS_CANDIDATE_EVIDENCE,MUNICIPAL_PROPERTY,identity,IN-DL-110054-5-75 | alternate=IN-DL-110054-5-76,OBS-GEO-002029,CURRENT_CONTEXT,SUPPORTS_AMBIGUITY,alternate neighboring candidate plausible,SOURCE_OBSERVATION,OBS-002029,SOURCE_OBSERVATIONS
CEV-001055,CNF-00542,OBS-002030,AMBIGUOUS_CANDIDATE_EVIDENCE,BUILDING_GIS,identity,IN-DL-110054-5-75 | alternate=IN-DL-110054-5-76,OBS-GEO-002030,CURRENT_CONTEXT,SUPPORTS_AMBIGUITY,alternate neighboring candidate plausible,SOURCE_OBSERVATION,OBS-002030,SOURCE_OBSERVATIONS
CEV-001056,CNF-00542,OBS-002031,AMBIGUOUS_CANDIDATE_EVIDENCE,UTILITY_INFRASTRUCTURE,identity,IN-DL-110054-5-75 | alternate=IN-DL-110054-5-76,OBS-GEO-002031,CURRENT_CONTEXT,SUPPORTS_AMBIGUITY,alternate neighboring candidate plausible,SOURCE_OBSERVATION,OBS-002031,SOURCE_OBSERVATIONS
CEV-001057,CNF-00542,OBS-002032,AMBIGUOUS_CANDIDATE_EVIDENCE,MUNICIPAL_PROPERTY,identity,IN-DL-110054-5-75 | alternate=IN-DL-110054-5-76,OBS-GEO-002029,CURRENT_CONTEXT,SUPPORTS_AMBIGUITY,alternate neighboring candidate plausible; municipal subunit within one cadastral parcel,SOURCE_OBSERVATION,OBS-002032,SOURCE_OBSERVATIONS
CEV-001058,CNF-00542,OBS-002033,AMBIGUOUS_CANDIDATE_EVIDENCE,MUNICIPAL_PROPERTY,identity,IN-DL-110054-5-75 | alternate=IN-DL-110054-5-76,OBS-GEO-002029,CURRENT_CONTEXT,SUPPORTS_AMBIGUITY,alternate neighboring candidate plausible; municipal subunit within one cadastral parcel,SOURCE_OBSERVATION,OBS-002033,SOURCE_OBSERVATIONS
CEV-001059,CNF-00543,OBS-003488,AMBIGUOUS_CANDIDATE_EVIDENCE,CADASTRAL_REVENUE,identity,IN-DL-110054-9-22 | alternate=IN-DL-110054-9-23,OBS-GEO-003488,CURRENT_CONTEXT,SUPPORTS_AMBIGUITY,alternate neighboring candidate plausible,SOURCE_OBSERVATION,OBS-003488,SOURCE_OBSERVATIONS
CEV-001060,CNF-00543,OBS-003489,AMBIGUOUS_CANDIDATE_EVIDENCE,MUNICIPAL_PROPERTY,identity,IN-DL-110054-9-22 | alternate=IN-DL-110054-9-23,OBS-GEO-003489,CURRENT_CONTEXT,SUPPORTS_AMBIGUITY,alternate neighboring candidate plausible,SOURCE_OBSERVATION,OBS-003489,SOURCE_OBSERVATIONS
CEV-001061,CNF-00543,OBS-003490,AMBIGUOUS_CANDIDATE_EVIDENCE,BUILDING_GIS,identity,IN-DL-110054-9-22 | alternate=IN-DL-110054-9-23,OBS-GEO-003490,CURRENT_CONTEXT,SUPPORTS_AMBIGUITY,alternate neighboring candidate plausible,SOURCE_OBSERVATION,OBS-003490,SOURCE_OBSERVATIONS
CEV-001062,CNF-00543,OBS-003491,AMBIGUOUS_CANDIDATE_EVIDENCE,DRONE_ORTHOPHOTO,identity,IN-DL-110054-9-22 | alternate=IN-DL-110054-9-23,OBS-GEO-003491,CURRENT_CONTEXT,SUPPORTS_AMBIGUITY,alternate neighboring candidate plausible,SOURCE_OBSERVATION,OBS-003491,SOURCE_OBSERVATIONS
CEV-001063,CNF-00543,OBS-003492,AMBIGUOUS_CANDIDATE_EVIDENCE,UTILITY_INFRASTRUCTURE,identity,IN-DL-110054-9-22 | alternate=IN-DL-110054-9-23,OBS-GEO-003492,CURRENT_CONTEXT,SUPPORTS_AMBIGUITY,alternate neighboring candidate plausible,SOURCE_OBSERVATION,OBS-003492,SOURCE_OBSERVATIONS
CEV-001064,CNF-00544,OBS-002892,AMBIGUOUS_CANDIDATE_EVIDENCE,CADASTRAL_REVENUE,identity,IN-DL-110054-7-84 | alternate=IN-DL-110054-7-85,OBS-GEO-002892,CURRENT_CONTEXT,SUPPORTS_AMBIGUITY,alternate neighboring candidate plausible,SOURCE_OBSERVATION,OBS-002892,SOURCE_OBSERVATIONS
CEV-001065,CNF-00544,OBS-002893,AMBIGUOUS_CANDIDATE_EVIDENCE,DDA_DEVELOPMENT_AUTHORITY,identity,IN-DL-110054-7-84 | alternate=IN-DL-110054-7-85,OBS-GEO-002893,CURRENT_CONTEXT,SUPPORTS_AMBIGUITY,alternate neighboring candidate plausible,SOURCE_OBSERVATION,OBS-002893,SOURCE_OBSERVATIONS
CEV-001066,CNF-00544,OBS-002894,AMBIGUOUS_CANDIDATE_EVIDENCE,BUILDING_GIS,identity,IN-DL-110054-7-84 | alternate=IN-DL-110054-7-85,OBS-GEO-002894,CURRENT_CONTEXT,SUPPORTS_AMBIGUITY,alternate neighboring candidate plausible,SOURCE_OBSERVATION,OBS-002894,SOURCE_OBSERVATIONS
CEV-001067,CNF-00544,OBS-002895,AMBIGUOUS_CANDIDATE_EVIDENCE,DRONE_ORTHOPHOTO,identity,IN-DL-110054-7-84 | alternate=IN-DL-110054-7-85,OBS-GEO-002895,CURRENT_CONTEXT,SUPPORTS_AMBIGUITY,alternate neighboring candidate plausible,SOURCE_OBSERVATION,OBS-002895,SOURCE_OBSERVATIONS
CEV-001068,CNF-00545,OBS-001171,AMBIGUOUS_CANDIDATE_EVIDENCE,CADASTRAL_REVENUE,identity,IN-DL-110054-3-83 | alternate=IN-DL-110054-3-84,OBS-GEO-001171,CURRENT_CONTEXT,SUPPORTS_AMBIGUITY,alternate neighboring candidate plausible,SOURCE_OBSERVATION,OBS-001171,SOURCE_OBSERVATIONS
CEV-001069,CNF-00545,OBS-001172,AMBIGUOUS_CANDIDATE_EVIDENCE,MUNICIPAL_PROPERTY,identity,IN-DL-110054-3-83 | alternate=IN-DL-110054-3-84,OBS-GEO-001172,CURRENT_CONTEXT,SUPPORTS_AMBIGUITY,alternate neighboring candidate plausible,SOURCE_OBSERVATION,OBS-001172,SOURCE_OBSERVATIONS
CEV-001070,CNF-00545,OBS-001173,AMBIGUOUS_CANDIDATE_EVIDENCE,DRONE_ORTHOPHOTO,identity,IN-DL-110054-3-83 | alternate=IN-DL-110054-3-84,OBS-GEO-001173,CURRENT_CONTEXT,SUPPORTS_AMBIGUITY,alternate neighboring candidate plausible,SOURCE_OBSERVATION,OBS-001173,SOURCE_OBSERVATIONS
CEV-001071,CNF-00545,OBS-001174,AMBIGUOUS_CANDIDATE_EVIDENCE,UTILITY_INFRASTRUCTURE,identity,IN-DL-110054-3-83 | alternate=IN-DL-110054-3-84,OBS-GEO-001174,CURRENT_CONTEXT,SUPPORTS_AMBIGUITY,alternate neighboring candidate plausible,SOURCE_OBSERVATION,OBS-001174,SOURCE_OBSERVATIONS
CEV-001072,CNF-00546,OBS-004086,AMBIGUOUS_CANDIDATE_EVIDENCE,CADASTRAL_REVENUE,identity,IN-DL-110054-10-61 | alternate=IN-DL-110054-10-62,OBS-GEO-004086,CURRENT_CONTEXT,SUPPORTS_AMBIGUITY,alternate neighboring candidate plausible,SOURCE_OBSERVATION,OBS-004086,SOURCE_OBSERVATIONS
CEV-001073,CNF-00546,OBS-004087,AMBIGUOUS_CANDIDATE_EVIDENCE,MUNICIPAL_PROPERTY,identity,IN-DL-110054-10-61 | alternate=IN-DL-110054-10-62,OBS-GEO-004087,CURRENT_CONTEXT,SUPPORTS_AMBIGUITY,alternate neighboring candidate plausible,SOURCE_OBSERVATION,OBS-004087,SOURCE_OBSERVATIONS
CEV-001074,CNF-00546,OBS-004088,AMBIGUOUS_CANDIDATE_EVIDENCE,DRONE_ORTHOPHOTO,identity,IN-DL-110054-10-61 | alternate=IN-DL-110054-10-62,OBS-GEO-004088,CURRENT_CONTEXT,SUPPORTS_AMBIGUITY,alternate neighboring candidate plausible,SOURCE_OBSERVATION,OBS-004088,SOURCE_OBSERVATIONS
CEV-001075,CNF-00546,OBS-004089,AMBIGUOUS_CANDIDATE_EVIDENCE,GNSS_CORS_SURVEY,identity,IN-DL-110054-10-61 | alternate=IN-DL-110054-10-62,OBS-GEO-004089,CURRENT_CONTEXT,SUPPORTS_AMBIGUITY,cm-level field survey; alternate neighboring candidate plausible,SOURCE_OBSERVATION,OBS-004089,SOURCE_OBSERVATIONS
CEV-001076,CNF-00546,OBS-004090,AMBIGUOUS_CANDIDATE_EVIDENCE,UTILITY_INFRASTRUCTURE,identity,IN-DL-110054-10-61 | alternate=IN-DL-110054-10-62,OBS-GEO-004090,CURRENT_CONTEXT,SUPPORTS_AMBIGUITY,alternate neighboring candidate plausible,SOURCE_OBSERVATION,OBS-004090,SOURCE_OBSERVATIONS
CEV-001077,CNF-00547,OBS-000081,AMBIGUOUS_CANDIDATE_EVIDENCE,CADASTRAL_REVENUE,identity,IN-DL-110054-1-20 | alternate=IN-DL-110054-1-21,OBS-GEO-000081,CURRENT_CONTEXT,SUPPORTS_AMBIGUITY,alternate neighboring candidate plausible,SOURCE_OBSERVATION,OBS-000081,SOURCE_OBSERVATIONS
CEV-001078,CNF-00547,OBS-000082,AMBIGUOUS_CANDIDATE_EVIDENCE,MUNICIPAL_PROPERTY,identity,IN-DL-110054-1-20 | alternate=IN-DL-110054-1-21,OBS-GEO-000082,CURRENT_CONTEXT,SUPPORTS_AMBIGUITY,alternate neighboring candidate plausible,SOURCE_OBSERVATION,OBS-000082,SOURCE_OBSERVATIONS
CEV-001079,CNF-00547,OBS-000083,AMBIGUOUS_CANDIDATE_EVIDENCE,BUILDING_GIS,identity,IN-DL-110054-1-20 | alternate=IN-DL-110054-1-21,OBS-GEO-000083,CURRENT_CONTEXT,SUPPORTS_AMBIGUITY,alternate neighboring candidate plausible,SOURCE_OBSERVATION,OBS-000083,SOURCE_OBSERVATIONS
CEV-001080,CNF-00547,OBS-000084,AMBIGUOUS_CANDIDATE_EVIDENCE,DRONE_ORTHOPHOTO,identity,IN-DL-110054-1-20 | alternate=IN-DL-110054-1-21,OBS-GEO-000084,CURRENT_CONTEXT,SUPPORTS_AMBIGUITY,alternate neighboring candidate plausible,SOURCE_OBSERVATION,OBS-000084,SOURCE_OBSERVATIONS
CEV-001081,CNF-00548,OBS-000157,AMBIGUOUS_CANDIDATE_EVIDENCE,CADASTRAL_REVENUE,identity,IN-DL-110054-1-41 | alternate=IN-DL-110054-1-42,OBS-GEO-000157,CURRENT_CONTEXT,SUPPORTS_AMBIGUITY,alternate neighboring candidate plausible,SOURCE_OBSERVATION,OBS-000157,SOURCE_OBSERVATIONS
CEV-001082,CNF-00548,OBS-000158,AMBIGUOUS_CANDIDATE_EVIDENCE,MUNICIPAL_PROPERTY,identity,IN-DL-110054-1-41 | alternate=IN-DL-110054-1-42,OBS-GEO-000158,CURRENT_CONTEXT,SUPPORTS_AMBIGUITY,alternate neighboring candidate plausible,SOURCE_OBSERVATION,OBS-000158,SOURCE_OBSERVATIONS
CEV-001083,CNF-00548,OBS-000159,AMBIGUOUS_CANDIDATE_EVIDENCE,BUILDING_GIS,identity,IN-DL-110054-1-41 | alternate=IN-DL-110054-1-42,OBS-GEO-000159,CURRENT_CONTEXT,SUPPORTS_AMBIGUITY,alternate neighboring candidate plausible,SOURCE_OBSERVATION,OBS-000159,SOURCE_OBSERVATIONS
CEV-001084,CNF-00549,OBS-003622,AMBIGUOUS_CANDIDATE_EVIDENCE,CADASTRAL_REVENUE,identity,IN-DL-110054-9-54 | alternate=IN-DL-110054-9-55,OBS-GEO-003622,CURRENT_CONTEXT,SUPPORTS_AMBIGUITY,alternate neighboring candidate plausible,SOURCE_OBSERVATION,OBS-003622,SOURCE_OBSERVATIONS
CEV-001085,CNF-00549,OBS-003623,AMBIGUOUS_CANDIDATE_EVIDENCE,MUNICIPAL_PROPERTY,identity,IN-DL-110054-9-54 | alternate=IN-DL-110054-9-55,OBS-GEO-003623,CURRENT_CONTEXT,SUPPORTS_AMBIGUITY,alternate neighboring candidate plausible,SOURCE_OBSERVATION,OBS-003623,SOURCE_OBSERVATIONS
CEV-001086,CNF-00549,OBS-003624,AMBIGUOUS_CANDIDATE_EVIDENCE,BUILDING_GIS,identity,IN-DL-110054-9-54 | alternate=IN-DL-110054-9-55,OBS-GEO-003624,CURRENT_CONTEXT,SUPPORTS_AMBIGUITY,alternate neighboring candidate plausible,SOURCE_OBSERVATION,OBS-003624,SOURCE_OBSERVATIONS
CEV-001087,CNF-00549,OBS-003625,AMBIGUOUS_CANDIDATE_EVIDENCE,DRONE_ORTHOPHOTO,identity,IN-DL-110054-9-54 | alternate=IN-DL-110054-9-55,OBS-GEO-003625,CURRENT_CONTEXT,SUPPORTS_AMBIGUITY,alternate neighboring candidate plausible,SOURCE_OBSERVATION,OBS-003625,SOURCE_OBSERVATIONS
CEV-001088,CNF-00549,OBS-003626,AMBIGUOUS_CANDIDATE_EVIDENCE,GNSS_CORS_SURVEY,identity,IN-DL-110054-9-54 | alternate=IN-DL-110054-9-55,OBS-GEO-003626,CURRENT_CONTEXT,SUPPORTS_AMBIGUITY,cm-level field survey; alternate neighboring candidate plausible,SOURCE_OBSERVATION,OBS-003626,SOURCE_OBSERVATIONS
CEV-001089,CNF-00550,OBS-003742,AMBIGUOUS_CANDIDATE_EVIDENCE,CADASTRAL_REVENUE,identity,IN-DL-110054-9-84 | alternate=IN-DL-110054-9-85,OBS-GEO-003742,CURRENT_CONTEXT,SUPPORTS_AMBIGUITY,slight systematic cadastral shift; alternate neighboring candidate plausible,SOURCE_OBSERVATION,OBS-003742,SOURCE_OBSERVATIONS
CEV-001090,CNF-00550,OBS-003743,AMBIGUOUS_CANDIDATE_EVIDENCE,BUILDING_GIS,identity,IN-DL-110054-9-84 | alternate=IN-DL-110054-9-85,OBS-GEO-003743,CURRENT_CONTEXT,SUPPORTS_AMBIGUITY,alternate neighboring candidate plausible,SOURCE_OBSERVATION,OBS-003743,SOURCE_OBSERVATIONS
CEV-001091,CNF-00550,OBS-003744,AMBIGUOUS_CANDIDATE_EVIDENCE,DRONE_ORTHOPHOTO,identity,IN-DL-110054-9-84 | alternate=IN-DL-110054-9-85,OBS-GEO-003744,CURRENT_CONTEXT,SUPPORTS_AMBIGUITY,alternate neighboring candidate plausible,SOURCE_OBSERVATION,OBS-003744,SOURCE_OBSERVATIONS
CEV-001092,CNF-00550,OBS-003745,AMBIGUOUS_CANDIDATE_EVIDENCE,GNSS_CORS_SURVEY,identity,IN-DL-110054-9-84 | alternate=IN-DL-110054-9-85,OBS-GEO-003745,CURRENT_CONTEXT,SUPPORTS_AMBIGUITY,cm-level field survey; alternate neighboring candidate plausible,SOURCE_OBSERVATION,OBS-003745,SOURCE_OBSERVATIONS
CEV-001093,CNF-00550,OBS-003746,AMBIGUOUS_CANDIDATE_EVIDENCE,UTILITY_INFRASTRUCTURE,identity,IN-DL-110054-9-84 | alternate=IN-DL-110054-9-85,OBS-GEO-003746,CURRENT_CONTEXT,SUPPORTS_AMBIGUITY,alternate neighboring candidate plausible,SOURCE_OBSERVATION,OBS-003746,SOURCE_OBSERVATIONS
CEV-001094,CNF-00551,OBS-002049,AMBIGUOUS_CANDIDATE_EVIDENCE,CADASTRAL_REVENUE,identity,IN-DL-110054-5-80 | alternate=IN-DL-110054-5-81,OBS-GEO-002049,CURRENT_CONTEXT,SUPPORTS_AMBIGUITY,alternate neighboring candidate plausible,SOURCE_OBSERVATION,OBS-002049,SOURCE_OBSERVATIONS
CEV-001095,CNF-00551,OBS-002050,AMBIGUOUS_CANDIDATE_EVIDENCE,MUNICIPAL_PROPERTY,identity,IN-DL-110054-5-80 | alternate=IN-DL-110054-5-81,OBS-GEO-002050,CURRENT_CONTEXT,SUPPORTS_AMBIGUITY,alternate neighboring candidate plausible,SOURCE_OBSERVATION,OBS-002050,SOURCE_OBSERVATIONS
CEV-001096,CNF-00551,OBS-002051,AMBIGUOUS_CANDIDATE_EVIDENCE,BUILDING_GIS,identity,IN-DL-110054-5-80 | alternate=IN-DL-110054-5-81,OBS-GEO-002051,CURRENT_CONTEXT,SUPPORTS_AMBIGUITY,alternate neighboring candidate plausible,SOURCE_OBSERVATION,OBS-002051,SOURCE_OBSERVATIONS
CEV-001097,CNF-00551,OBS-002052,AMBIGUOUS_CANDIDATE_EVIDENCE,DRONE_ORTHOPHOTO,identity,IN-DL-110054-5-80 | alternate=IN-DL-110054-5-81,OBS-GEO-002052,CURRENT_CONTEXT,SUPPORTS_AMBIGUITY,alternate neighboring candidate plausible,SOURCE_OBSERVATION,OBS-002052,SOURCE_OBSERVATIONS
CEV-001098,CNF-00551,OBS-002053,AMBIGUOUS_CANDIDATE_EVIDENCE,GNSS_CORS_SURVEY,identity,IN-DL-110054-5-80 | alternate=IN-DL-110054-5-81,OBS-GEO-002053,CURRENT_CONTEXT,SUPPORTS_AMBIGUITY,cm-level field survey; alternate neighboring candidate plausible,SOURCE_OBSERVATION,OBS-002053,SOURCE_OBSERVATIONS
CEV-001099,CNF-00552,OBS-002268,AMBIGUOUS_CANDIDATE_EVIDENCE,CADASTRAL_REVENUE,identity,IN-DL-110054-6-32 | alternate=IN-DL-110054-6-33,OBS-GEO-002268,CURRENT_CONTEXT,SUPPORTS_AMBIGUITY,alternate neighboring candidate plausible,SOURCE_OBSERVATION,OBS-002268,SOURCE_OBSERVATIONS
CEV-001100,CNF-00552,OBS-002269,AMBIGUOUS_CANDIDATE_EVIDENCE,MUNICIPAL_PROPERTY,identity,IN-DL-110054-6-32 | alternate=IN-DL-110054-6-33,OBS-GEO-002269,CURRENT_CONTEXT,SUPPORTS_AMBIGUITY,alternate neighboring candidate plausible,SOURCE_OBSERVATION,OBS-002269,SOURCE_OBSERVATIONS
CEV-001101,CNF-00552,OBS-002270,AMBIGUOUS_CANDIDATE_EVIDENCE,BUILDING_GIS,identity,IN-DL-110054-6-32 | alternate=IN-DL-110054-6-33,OBS-GEO-002270,CURRENT_CONTEXT,SUPPORTS_AMBIGUITY,alternate neighboring candidate plausible,SOURCE_OBSERVATION,OBS-002270,SOURCE_OBSERVATIONS
CEV-001102,CNF-00552,OBS-002271,AMBIGUOUS_CANDIDATE_EVIDENCE,DRONE_ORTHOPHOTO,identity,IN-DL-110054-6-32 | alternate=IN-DL-110054-6-33,OBS-GEO-002271,CURRENT_CONTEXT,SUPPORTS_AMBIGUITY,alternate neighboring candidate plausible,SOURCE_OBSERVATION,OBS-002271,SOURCE_OBSERVATIONS
CEV-001103,CNF-00552,OBS-002272,AMBIGUOUS_CANDIDATE_EVIDENCE,UTILITY_INFRASTRUCTURE,identity,IN-DL-110054-6-32 | alternate=IN-DL-110054-6-33,OBS-GEO-002272,CURRENT_CONTEXT,SUPPORTS_AMBIGUITY,alternate neighboring candidate plausible,SOURCE_OBSERVATION,OBS-002272,SOURCE_OBSERVATIONS
CEV-001104,CNF-00553,OBS-000740,AMBIGUOUS_CANDIDATE_EVIDENCE,CADASTRAL_REVENUE,identity,IN-DL-110054-2-88 | alternate=IN-DL-110054-2-89,OBS-GEO-000740,CURRENT_CONTEXT,SUPPORTS_AMBIGUITY,alternate neighboring candidate plausible,SOURCE_OBSERVATION,OBS-000740,SOURCE_OBSERVATIONS
CEV-001105,CNF-00553,OBS-000741,AMBIGUOUS_CANDIDATE_EVIDENCE,MUNICIPAL_PROPERTY,identity,IN-DL-110054-2-88 | alternate=IN-DL-110054-2-89,OBS-GEO-000741,CURRENT_CONTEXT,SUPPORTS_AMBIGUITY,alternate neighboring candidate plausible,SOURCE_OBSERVATION,OBS-000741,SOURCE_OBSERVATIONS
CEV-001106,CNF-00553,OBS-000742,AMBIGUOUS_CANDIDATE_EVIDENCE,DDA_DEVELOPMENT_AUTHORITY,identity,IN-DL-110054-2-88 | alternate=IN-DL-110054-2-89,OBS-GEO-000742,CURRENT_CONTEXT,SUPPORTS_AMBIGUITY,alternate neighboring candidate plausible,SOURCE_OBSERVATION,OBS-000742,SOURCE_OBSERVATIONS
CEV-001107,CNF-00553,OBS-000743,AMBIGUOUS_CANDIDATE_EVIDENCE,BUILDING_GIS,identity,IN-DL-110054-2-88 | alternate=IN-DL-110054-2-89,OBS-GEO-000743,CURRENT_CONTEXT,SUPPORTS_AMBIGUITY,alternate neighboring candidate plausible,SOURCE_OBSERVATION,OBS-000743,SOURCE_OBSERVATIONS
CEV-001108,CNF-00554,OBS-002927,SOURCE_A,DRONE_ORTHOPHOTO,boundary/occupation,OBS-GEO-002927,OBS-GEO-002927,CURRENT_CONTEXT,SUPPORTS_SOURCE_A,possible encroachment into public land,SOURCE_OBSERVATION,OBS-002927,SOURCE_OBSERVATIONS
CEV-001109,CNF-00554,OBS-002926,SOURCE_B,DDA_DEVELOPMENT_AUTHORITY,boundary/occupation,OBS-GEO-002926,OBS-GEO-002926,CURRENT_CONTEXT,SUPPORTS_SOURCE_B,,SOURCE_OBSERVATION,OBS-002926,SOURCE_OBSERVATIONS
CEV-001110,CNF-00556,OBS-003167,SOURCE_A,DRONE_ORTHOPHOTO,boundary/occupation,OBS-GEO-003167,OBS-GEO-003167,CURRENT_CONTEXT,SUPPORTS_SOURCE_A,possible encroachment into public land,SOURCE_OBSERVATION,OBS-003167,SOURCE_OBSERVATIONS
CEV-001111,CNF-00556,OBS-003166,SOURCE_B,MUNICIPAL_PROPERTY,boundary/occupation,OBS-GEO-003166,OBS-GEO-003166,CURRENT_CONTEXT,SUPPORTS_SOURCE_B,,SOURCE_OBSERVATION,OBS-003166,SOURCE_OBSERVATIONS
CEV-001112,CNF-00557,OBS-000715,SOURCE_A,DRONE_ORTHOPHOTO,boundary/occupation,OBS-GEO-000715,OBS-GEO-000715,CURRENT_CONTEXT,SUPPORTS_SOURCE_A,possible encroachment into public land,SOURCE_OBSERVATION,OBS-000715,SOURCE_OBSERVATIONS
CEV-001113,CNF-00557,OBS-000714,SOURCE_B,DDA_DEVELOPMENT_AUTHORITY,boundary/occupation,OBS-GEO-000714,OBS-GEO-000714,CURRENT_CONTEXT,SUPPORTS_SOURCE_B,,SOURCE_OBSERVATION,OBS-000714,SOURCE_OBSERVATIONS
CEV-001114,CNF-00558,OBS-001208,SOURCE_A,DRONE_ORTHOPHOTO,boundary/occupation,OBS-GEO-001208,OBS-GEO-001208,CURRENT_CONTEXT,SUPPORTS_SOURCE_A,possible encroachment into public land,SOURCE_OBSERVATION,OBS-001208,SOURCE_OBSERVATIONS
CEV-001115,CNF-00558,OBS-001206,SOURCE_B,MUNICIPAL_PROPERTY,boundary/occupation,OBS-GEO-001206,OBS-GEO-001206,CURRENT_CONTEXT,SUPPORTS_SOURCE_B,,SOURCE_OBSERVATION,OBS-001206,SOURCE_OBSERVATIONS
CEV-001116,CNF-00559,OBS-004214,SOURCE_A,DRONE_ORTHOPHOTO,boundary/occupation,OBS-GEO-004214,OBS-GEO-004214,CURRENT_CONTEXT,SUPPORTS_SOURCE_A,possible encroachment into public land,SOURCE_OBSERVATION,OBS-004214,SOURCE_OBSERVATIONS
CEV-001117,CNF-00559,OBS-004212,SOURCE_B,DDA_DEVELOPMENT_AUTHORITY,boundary/occupation,OBS-GEO-004212,OBS-GEO-004212,CURRENT_CONTEXT,SUPPORTS_SOURCE_B,,SOURCE_OBSERVATION,OBS-004212,SOURCE_OBSERVATIONS
CEV-001118,CNF-00560,OBS-003077,SOURCE_A,DRONE_ORTHOPHOTO,boundary/occupation,OBS-GEO-003077,OBS-GEO-003077,CURRENT_CONTEXT,SUPPORTS_SOURCE_A,possible encroachment into public land,SOURCE_OBSERVATION,OBS-003077,SOURCE_OBSERVATIONS
CEV-001119,CNF-00560,OBS-003076,SOURCE_B,DDA_DEVELOPMENT_AUTHORITY,boundary/occupation,OBS-GEO-003076,OBS-GEO-003076,CURRENT_CONTEXT,SUPPORTS_SOURCE_B,,SOURCE_OBSERVATION,OBS-003076,SOURCE_OBSERVATIONS
CEV-001120,CNF-00561,OBS-001580,SOURCE_A,DRONE_ORTHOPHOTO,boundary/occupation,OBS-GEO-001580,OBS-GEO-001580,CURRENT_CONTEXT,SUPPORTS_SOURCE_A,possible encroachment into public land,SOURCE_OBSERVATION,OBS-001580,SOURCE_OBSERVATIONS
CEV-001121,CNF-00561,OBS-001579,SOURCE_B,DDA_DEVELOPMENT_AUTHORITY,boundary/occupation,OBS-GEO-001579,OBS-GEO-001579,CURRENT_CONTEXT,SUPPORTS_SOURCE_B,,SOURCE_OBSERVATION,OBS-001579,SOURCE_OBSERVATIONS
CEV-001122,CNF-00562,OBS-003129,SOURCE_A,DRONE_ORTHOPHOTO,boundary/occupation,OBS-GEO-003129,OBS-GEO-003129,CURRENT_CONTEXT,SUPPORTS_SOURCE_A,possible encroachment into public land,SOURCE_OBSERVATION,OBS-003129,SOURCE_OBSERVATIONS
CEV-001123,CNF-00562,OBS-003128,SOURCE_B,DDA_DEVELOPMENT_AUTHORITY,boundary/occupation,OBS-GEO-003128,OBS-GEO-003128,CURRENT_CONTEXT,SUPPORTS_SOURCE_B,,SOURCE_OBSERVATION,OBS-003128,SOURCE_OBSERVATIONS
CEV-001124,CNF-00563,OBS-002932,SOURCE_A,DRONE_ORTHOPHOTO,boundary/occupation,OBS-GEO-002932,OBS-GEO-002932,CURRENT_CONTEXT,SUPPORTS_SOURCE_A,possible encroachment into public land,SOURCE_OBSERVATION,OBS-002932,SOURCE_OBSERVATIONS
CEV-001125,CNF-00563,OBS-002931,SOURCE_B,DDA_DEVELOPMENT_AUTHORITY,boundary/occupation,OBS-GEO-002931,OBS-GEO-002931,CURRENT_CONTEXT,SUPPORTS_SOURCE_B,,SOURCE_OBSERVATION,OBS-002931,SOURCE_OBSERVATIONS
CEV-001126,CNF-00564,OBS-003083,SOURCE_A,DRONE_ORTHOPHOTO,boundary/occupation,OBS-GEO-003083,OBS-GEO-003083,CURRENT_CONTEXT,SUPPORTS_SOURCE_A,possible encroachment into public land,SOURCE_OBSERVATION,OBS-003083,SOURCE_OBSERVATIONS
CEV-001127,CNF-00564,OBS-003081,SOURCE_B,DDA_DEVELOPMENT_AUTHORITY,boundary/occupation,OBS-GEO-003081,OBS-GEO-003081,CURRENT_CONTEXT,SUPPORTS_SOURCE_B,,SOURCE_OBSERVATION,OBS-003081,SOURCE_OBSERVATIONS
CEV-001128,CNF-00565,OBS-003156,SOURCE_A,DRONE_ORTHOPHOTO,boundary/occupation,OBS-GEO-003156,OBS-GEO-003156,CURRENT_CONTEXT,SUPPORTS_SOURCE_A,possible encroachment into public land,SOURCE_OBSERVATION,OBS-003156,SOURCE_OBSERVATIONS
CEV-001129,CNF-00565,OBS-003155,SOURCE_B,MUNICIPAL_PROPERTY,boundary/occupation,OBS-GEO-003155,OBS-GEO-003155,CURRENT_CONTEXT,SUPPORTS_SOURCE_B,,SOURCE_OBSERVATION,OBS-003155,SOURCE_OBSERVATIONS
CEV-001130,CNF-00567,OBS-000953,SOURCE_A,DRONE_ORTHOPHOTO,boundary/occupation,OBS-GEO-000953,OBS-GEO-000953,CURRENT_CONTEXT,SUPPORTS_SOURCE_A,possible encroachment into public land,SOURCE_OBSERVATION,OBS-000953,SOURCE_OBSERVATIONS
CEV-001131,CNF-00567,OBS-000952,SOURCE_B,DDA_DEVELOPMENT_AUTHORITY,boundary/occupation,OBS-GEO-000952,OBS-GEO-000952,CURRENT_CONTEXT,SUPPORTS_SOURCE_B,,SOURCE_OBSERVATION,OBS-000952,SOURCE_OBSERVATIONS
CEV-001132,CNF-00569,OBS-003214,SOURCE_A,DRONE_ORTHOPHOTO,boundary/occupation,OBS-GEO-003214,OBS-GEO-003214,CURRENT_CONTEXT,SUPPORTS_SOURCE_A,possible encroachment into public land,SOURCE_OBSERVATION,OBS-003214,SOURCE_OBSERVATIONS
CEV-001133,CNF-00569,OBS-003212,SOURCE_B,DDA_DEVELOPMENT_AUTHORITY,boundary/occupation,OBS-GEO-003212,OBS-GEO-003212,CURRENT_CONTEXT,SUPPORTS_SOURCE_B,,SOURCE_OBSERVATION,OBS-003212,SOURCE_OBSERVATIONS
CEV-001134,CNF-00570,OBS-004264,SOURCE_A,CADASTRAL_REVENUE,park_boundary,OBS-GEO-004264,OBS-GEO-004264,CURRENT_CONTEXT,SUPPORTS_SOURCE_A,park boundary differs,SOURCE_OBSERVATION,OBS-004264,SOURCE_OBSERVATIONS
CEV-001135,CNF-00570,OBS-004267,SOURCE_B,DRONE_ORTHOPHOTO,park_boundary,OBS-GEO-004267,OBS-GEO-004267,CURRENT_CONTEXT,SUPPORTS_SOURCE_B,,SOURCE_OBSERVATION,OBS-004267,SOURCE_OBSERVATIONS
CEV-001136,CNF-00571,OBS-001827,SOURCE_A,CADASTRAL_REVENUE,park_boundary,OBS-GEO-001827,OBS-GEO-001827,CURRENT_CONTEXT,SUPPORTS_SOURCE_A,park boundary differs,SOURCE_OBSERVATION,OBS-001827,SOURCE_OBSERVATIONS
CEV-001137,CNF-00571,OBS-001829,SOURCE_B,DDA_DEVELOPMENT_AUTHORITY,park_boundary,OBS-GEO-001829,OBS-GEO-001829,CURRENT_CONTEXT,SUPPORTS_SOURCE_B,,SOURCE_OBSERVATION,OBS-001829,SOURCE_OBSERVATIONS
CEV-001138,CNF-00572,OBS-000306,SOURCE_A,CADASTRAL_REVENUE,park_boundary,OBS-GEO-000306,OBS-GEO-000306,CURRENT_CONTEXT,SUPPORTS_SOURCE_A,park boundary differs,SOURCE_OBSERVATION,OBS-000306,SOURCE_OBSERVATIONS
CEV-001139,CNF-00572,OBS-000309,SOURCE_B,DRONE_ORTHOPHOTO,park_boundary,OBS-GEO-000309,OBS-GEO-000309,CURRENT_CONTEXT,SUPPORTS_SOURCE_B,,SOURCE_OBSERVATION,OBS-000309,SOURCE_OBSERVATIONS
CEV-001140,CNF-00573,OBS-000345,SOURCE_A,CADASTRAL_REVENUE,park_boundary,OBS-GEO-000345,OBS-GEO-000345,CURRENT_CONTEXT,SUPPORTS_SOURCE_A,park boundary differs,SOURCE_OBSERVATION,OBS-000345,SOURCE_OBSERVATIONS
CEV-001141,CNF-00573,OBS-000348,SOURCE_B,DRONE_ORTHOPHOTO,park_boundary,OBS-GEO-000348,OBS-GEO-000348,CURRENT_CONTEXT,SUPPORTS_SOURCE_B,,SOURCE_OBSERVATION,OBS-000348,SOURCE_OBSERVATIONS
CEV-001142,CNF-00574,OBS-003157,SOURCE_A,CADASTRAL_REVENUE,park_boundary,OBS-GEO-003157,OBS-GEO-003157,CURRENT_CONTEXT,SUPPORTS_SOURCE_A,park boundary differs,SOURCE_OBSERVATION,OBS-003157,SOURCE_OBSERVATIONS
CEV-001143,CNF-00574,OBS-003159,SOURCE_B,DRONE_ORTHOPHOTO,park_boundary,OBS-GEO-003159,OBS-GEO-003159,CURRENT_CONTEXT,SUPPORTS_SOURCE_B,,SOURCE_OBSERVATION,OBS-003159,SOURCE_OBSERVATIONS
CEV-001144,CNF-00575,OBS-003297,SOURCE_A,CADASTRAL_REVENUE,park_boundary,OBS-GEO-003297,OBS-GEO-003297,CURRENT_CONTEXT,SUPPORTS_SOURCE_A,park boundary differs,SOURCE_OBSERVATION,OBS-003297,SOURCE_OBSERVATIONS
CEV-001145,CNF-00575,OBS-003300,SOURCE_B,DRONE_ORTHOPHOTO,park_boundary,OBS-GEO-003300,OBS-GEO-003300,CURRENT_CONTEXT,SUPPORTS_SOURCE_B,,SOURCE_OBSERVATION,OBS-003300,SOURCE_OBSERVATIONS
CEV-001146,CNF-00576,OBS-003340,SOURCE_A,CADASTRAL_REVENUE,park_boundary,OBS-GEO-003340,OBS-GEO-003340,CURRENT_CONTEXT,SUPPORTS_SOURCE_A,park boundary differs,SOURCE_OBSERVATION,OBS-003340,SOURCE_OBSERVATIONS
CEV-001147,CNF-00576,OBS-003342,SOURCE_B,DRONE_ORTHOPHOTO,park_boundary,OBS-GEO-003342,OBS-GEO-003342,CURRENT_CONTEXT,SUPPORTS_SOURCE_B,,SOURCE_OBSERVATION,OBS-003342,SOURCE_OBSERVATIONS
CEV-001148,CNF-00577,OBS-003126,SOURCE_A,CADASTRAL_REVENUE,park_boundary,OBS-GEO-003126,OBS-GEO-003126,CURRENT_CONTEXT,SUPPORTS_SOURCE_A,old cadastral geometry contradicted by GNSS; park boundary differs,SOURCE_OBSERVATION,OBS-003126,SOURCE_OBSERVATIONS
CEV-001149,CNF-00577,OBS-003129,SOURCE_B,DRONE_ORTHOPHOTO,park_boundary,OBS-GEO-003129,OBS-GEO-003129,CURRENT_CONTEXT,SUPPORTS_SOURCE_B,possible encroachment into public land,SOURCE_OBSERVATION,OBS-003129,SOURCE_OBSERVATIONS
CEV-001150,CNF-00578,OBS-000755,SOURCE_A,CADASTRAL_REVENUE,park_boundary,OBS-GEO-000755,OBS-GEO-000755,CURRENT_CONTEXT,SUPPORTS_SOURCE_A,pre-road-widening boundary; park boundary differs,SOURCE_OBSERVATION,OBS-000755,SOURCE_OBSERVATIONS
CEV-001151,CNF-00578,OBS-000758,SOURCE_B,DRONE_ORTHOPHOTO,park_boundary,OBS-GEO-000758,OBS-GEO-000758,CURRENT_CONTEXT,SUPPORTS_SOURCE_B,,SOURCE_OBSERVATION,OBS-000758,SOURCE_OBSERVATIONS
CEV-001152,CNF-00579,OBS-002054,SOURCE_A,CADASTRAL_REVENUE,park_boundary,OBS-GEO-002054,OBS-GEO-002054,CURRENT_CONTEXT,SUPPORTS_SOURCE_A,park boundary differs,SOURCE_OBSERVATION,OBS-002054,SOURCE_OBSERVATIONS
CEV-001153,CNF-00579,OBS-002057,SOURCE_B,GNSS_CORS_SURVEY,park_boundary,OBS-GEO-002057,OBS-GEO-002057,CURRENT_CONTEXT,SUPPORTS_SOURCE_B,cm-level field survey,SOURCE_OBSERVATION,OBS-002057,SOURCE_OBSERVATIONS
CEV-001154,CNF-00580,OBS-003210,SOURCE_A,CADASTRAL_REVENUE,park_boundary,OBS-GEO-003210,OBS-GEO-003210,CURRENT_CONTEXT,SUPPORTS_SOURCE_A,park boundary differs,SOURCE_OBSERVATION,OBS-003210,SOURCE_OBSERVATIONS
CEV-001155,CNF-00580,OBS-003214,SOURCE_B,DRONE_ORTHOPHOTO,park_boundary,OBS-GEO-003214,OBS-GEO-003214,CURRENT_CONTEXT,SUPPORTS_SOURCE_B,possible encroachment into public land,SOURCE_OBSERVATION,OBS-003214,SOURCE_OBSERVATIONS
CEV-001156,CNF-00582,OBS-002384,SOURCE_A,CADASTRAL_REVENUE,boundary,OBS-GEO-002384,OBS-GEO-002384,CURRENT_CONTEXT,SUPPORTS_SOURCE_A,pre-road-widening boundary,SOURCE_OBSERVATION,OBS-002384,SOURCE_OBSERVATIONS
CEV-001157,CNF-00582,OBS-002388,SOURCE_B,GNSS_CORS_SURVEY,boundary,OBS-GEO-002388,OBS-GEO-002388,CURRENT_CONTEXT,SUPPORTS_SOURCE_B,cm-level field survey,SOURCE_OBSERVATION,OBS-002388,SOURCE_OBSERVATIONS
CEV-001158,CNF-00583,OBS-001918,SOURCE_A,CADASTRAL_REVENUE,boundary,OBS-GEO-001918,OBS-GEO-001918,CURRENT_CONTEXT,SUPPORTS_SOURCE_A,pre-road-widening boundary,SOURCE_OBSERVATION,OBS-001918,SOURCE_OBSERVATIONS
CEV-001159,CNF-00583,OBS-001922,SOURCE_B,GNSS_CORS_SURVEY,boundary,OBS-GEO-001922,OBS-GEO-001922,CURRENT_CONTEXT,SUPPORTS_SOURCE_B,cm-level field survey,SOURCE_OBSERVATION,OBS-001922,SOURCE_OBSERVATIONS
CEV-001160,CNF-00584,OBS-001775,SOURCE_A,CADASTRAL_REVENUE,boundary,OBS-GEO-001775,OBS-GEO-001775,CURRENT_CONTEXT,SUPPORTS_SOURCE_A,pre-road-widening boundary,SOURCE_OBSERVATION,OBS-001775,SOURCE_OBSERVATIONS
CEV-001161,CNF-00584,OBS-001780,SOURCE_B,GNSS_CORS_SURVEY,boundary,OBS-GEO-001780,OBS-GEO-001780,CURRENT_CONTEXT,SUPPORTS_SOURCE_B,cm-level field survey,SOURCE_OBSERVATION,OBS-001780,SOURCE_OBSERVATIONS
CEV-001162,CNF-00585,OBS-000340,SOURCE_A,CADASTRAL_REVENUE,boundary,OBS-GEO-000340,OBS-GEO-000340,CURRENT_CONTEXT,SUPPORTS_SOURCE_A,pre-road-widening boundary,SOURCE_OBSERVATION,OBS-000340,SOURCE_OBSERVATIONS
CEV-001163,CNF-00585,OBS-000344,SOURCE_B,GNSS_CORS_SURVEY,boundary,OBS-GEO-000344,OBS-GEO-000344,CURRENT_CONTEXT,SUPPORTS_SOURCE_B,cm-level field survey,SOURCE_OBSERVATION,OBS-000344,SOURCE_OBSERVATIONS
CEV-001164,CNF-00586,OBS-003859,SOURCE_A,CADASTRAL_REVENUE,boundary,OBS-GEO-003859,OBS-GEO-003859,CURRENT_CONTEXT,SUPPORTS_SOURCE_A,pre-road-widening boundary,SOURCE_OBSERVATION,OBS-003859,SOURCE_OBSERVATIONS
CEV-001165,CNF-00586,OBS-003862,SOURCE_B,GNSS_CORS_SURVEY,boundary,OBS-GEO-003862,OBS-GEO-003862,CURRENT_CONTEXT,SUPPORTS_SOURCE_B,cm-level field survey,SOURCE_OBSERVATION,OBS-003862,SOURCE_OBSERVATIONS
CEV-001166,CNF-00587,OBS-002389,SOURCE_A,CADASTRAL_REVENUE,boundary,OBS-GEO-002389,OBS-GEO-002389,CURRENT_CONTEXT,SUPPORTS_SOURCE_A,pre-road-widening boundary,SOURCE_OBSERVATION,OBS-002389,SOURCE_OBSERVATIONS
CEV-001167,CNF-00587,OBS-002393,SOURCE_B,GNSS_CORS_SURVEY,boundary,OBS-GEO-002393,OBS-GEO-002393,CURRENT_CONTEXT,SUPPORTS_SOURCE_B,cm-level field survey,SOURCE_OBSERVATION,OBS-002393,SOURCE_OBSERVATIONS
CEV-001168,CNF-00588,OBS-002665,SOURCE_A,CADASTRAL_REVENUE,boundary,OBS-GEO-002665,OBS-GEO-002665,CURRENT_CONTEXT,SUPPORTS_SOURCE_A,pre-road-widening boundary,SOURCE_OBSERVATION,OBS-002665,SOURCE_OBSERVATIONS
CEV-001169,CNF-00588,OBS-002668,SOURCE_B,GNSS_CORS_SURVEY,boundary,OBS-GEO-002668,OBS-GEO-002668,CURRENT_CONTEXT,SUPPORTS_SOURCE_B,cm-level field survey,SOURCE_OBSERVATION,OBS-002668,SOURCE_OBSERVATIONS
CEV-001170,CNF-00589,OBS-003863,SOURCE_A,CADASTRAL_REVENUE,boundary,OBS-GEO-003863,OBS-GEO-003863,CURRENT_CONTEXT,SUPPORTS_SOURCE_A,pre-road-widening boundary,SOURCE_OBSERVATION,OBS-003863,SOURCE_OBSERVATIONS
CEV-001171,CNF-00589,OBS-003867,SOURCE_B,GNSS_CORS_SURVEY,boundary,OBS-GEO-003867,OBS-GEO-003867,CURRENT_CONTEXT,SUPPORTS_SOURCE_B,cm-level field survey,SOURCE_OBSERVATION,OBS-003867,SOURCE_OBSERVATIONS
CEV-001172,CNF-00590,OBS-001640,SOURCE_A,CADASTRAL_REVENUE,boundary,OBS-GEO-001640,OBS-GEO-001640,CURRENT_CONTEXT,SUPPORTS_SOURCE_A,pre-road-widening boundary,SOURCE_OBSERVATION,OBS-001640,SOURCE_OBSERVATIONS
CEV-001173,CNF-00590,OBS-001644,SOURCE_B,GNSS_CORS_SURVEY,boundary,OBS-GEO-001644,OBS-GEO-001644,CURRENT_CONTEXT,SUPPORTS_SOURCE_B,cm-level field survey,SOURCE_OBSERVATION,OBS-001644,SOURCE_OBSERVATIONS
CEV-001174,CNF-00591,OBS-002624,SOURCE_A,CADASTRAL_REVENUE,boundary,OBS-GEO-002624,OBS-GEO-002624,CURRENT_CONTEXT,SUPPORTS_SOURCE_A,pre-road-widening boundary,SOURCE_OBSERVATION,OBS-002624,SOURCE_OBSERVATIONS
CEV-001175,CNF-00591,OBS-002628,SOURCE_B,GNSS_CORS_SURVEY,boundary,OBS-GEO-002628,OBS-GEO-002628,CURRENT_CONTEXT,SUPPORTS_SOURCE_B,cm-level field survey,SOURCE_OBSERVATION,OBS-002628,SOURCE_OBSERVATIONS
CEV-001176,CNF-00592,OBS-003351,SOURCE_A,CADASTRAL_REVENUE,boundary,OBS-GEO-003351,OBS-GEO-003351,CURRENT_CONTEXT,SUPPORTS_SOURCE_A,pre-road-widening boundary,SOURCE_OBSERVATION,OBS-003351,SOURCE_OBSERVATIONS
CEV-001177,CNF-00592,OBS-003355,SOURCE_B,GNSS_CORS_SURVEY,boundary,OBS-GEO-003355,OBS-GEO-003355,CURRENT_CONTEXT,SUPPORTS_SOURCE_B,cm-level field survey,SOURCE_OBSERVATION,OBS-003355,SOURCE_OBSERVATIONS
CEV-001178,CNF-00593,OBS-000628,SOURCE_A,CADASTRAL_REVENUE,boundary,OBS-GEO-000628,OBS-GEO-000628,CURRENT_CONTEXT,SUPPORTS_SOURCE_A,pre-road-widening boundary,SOURCE_OBSERVATION,OBS-000628,SOURCE_OBSERVATIONS
CEV-001179,CNF-00593,OBS-000632,SOURCE_B,GNSS_CORS_SURVEY,boundary,OBS-GEO-000632,OBS-GEO-000632,CURRENT_CONTEXT,SUPPORTS_SOURCE_B,cm-level field survey,SOURCE_OBSERVATION,OBS-000632,SOURCE_OBSERVATIONS
CEV-001180,CNF-00594,OBS-003648,SOURCE_A,CADASTRAL_REVENUE,boundary,OBS-GEO-003648,OBS-GEO-003648,CURRENT_CONTEXT,SUPPORTS_SOURCE_A,pre-road-widening boundary,SOURCE_OBSERVATION,OBS-003648,SOURCE_OBSERVATIONS
CEV-001181,CNF-00594,OBS-003651,SOURCE_B,GNSS_CORS_SURVEY,boundary,OBS-GEO-003651,OBS-GEO-003651,CURRENT_CONTEXT,SUPPORTS_SOURCE_B,cm-level field survey,SOURCE_OBSERVATION,OBS-003651,SOURCE_OBSERVATIONS
CEV-001182,CNF-00595,OBS-003567,SOURCE_A,CADASTRAL_REVENUE,boundary,OBS-GEO-003567,OBS-GEO-003567,CURRENT_CONTEXT,SUPPORTS_SOURCE_A,old cadastral geometry contradicted by GNSS; pre-road-widening boundary,SOURCE_OBSERVATION,OBS-003567,SOURCE_OBSERVATIONS
CEV-001183,CNF-00595,OBS-003571,SOURCE_B,GNSS_CORS_SURVEY,boundary,OBS-GEO-003571,OBS-GEO-003571,CURRENT_CONTEXT,SUPPORTS_SOURCE_B,cm-level field survey,SOURCE_OBSERVATION,OBS-003571,SOURCE_OBSERVATIONS
CEV-001184,CNF-00596,OBS-000896,SOURCE_A,CADASTRAL_REVENUE,boundary,OBS-GEO-000896,OBS-GEO-000896,CURRENT_CONTEXT,SUPPORTS_SOURCE_A,pre-road-widening boundary,SOURCE_OBSERVATION,OBS-000896,SOURCE_OBSERVATIONS
CEV-001185,CNF-00596,OBS-000901,SOURCE_B,GNSS_CORS_SURVEY,boundary,OBS-GEO-000901,OBS-GEO-000901,CURRENT_CONTEXT,SUPPORTS_SOURCE_B,cm-level field survey,SOURCE_OBSERVATION,OBS-000901,SOURCE_OBSERVATIONS
CEV-001186,CNF-00598,OBS-000755,SOURCE_A,CADASTRAL_REVENUE,boundary,OBS-GEO-000755,OBS-GEO-000755,CURRENT_CONTEXT,SUPPORTS_SOURCE_A,pre-road-widening boundary; park boundary differs,SOURCE_OBSERVATION,OBS-000755,SOURCE_OBSERVATIONS
CEV-001187,CNF-00598,OBS-000759,SOURCE_B,GNSS_CORS_SURVEY,boundary,OBS-GEO-000759,OBS-GEO-000759,CURRENT_CONTEXT,SUPPORTS_SOURCE_B,cm-level field survey,SOURCE_OBSERVATION,OBS-000759,SOURCE_OBSERVATIONS
CEV-001188,CNF-00599,OBS-004132,SOURCE_A,CADASTRAL_REVENUE,boundary,OBS-GEO-004132,OBS-GEO-004132,CURRENT_CONTEXT,SUPPORTS_SOURCE_A,pre-road-widening boundary,SOURCE_OBSERVATION,OBS-004132,SOURCE_OBSERVATIONS
CEV-001189,CNF-00599,OBS-004137,SOURCE_B,GNSS_CORS_SURVEY,boundary,OBS-GEO-004137,OBS-GEO-004137,CURRENT_CONTEXT,SUPPORTS_SOURCE_B,cm-level field survey,SOURCE_OBSERVATION,OBS-004137,SOURCE_OBSERVATIONS
CEV-001190,CNF-00600,OBS-003966,CURRENT_STATE_CONTEXT,CADASTRAL_REVENUE,lineage,REV-10-034-01,OBS-GEO-003966,CURRENT_CONTEXT,SUPPORTS_CURRENT_STATE,,SOURCE_OBSERVATION,OBS-003966,SOURCE_OBSERVATIONS
CEV-001191,CNF-00600,OBS-003967,CURRENT_STATE_CONTEXT,MUNICIPAL_PROPERTY,lineage,MCD-10-034-02,OBS-GEO-003967,CURRENT_CONTEXT,SUPPORTS_CURRENT_STATE,,SOURCE_OBSERVATION,OBS-003967,SOURCE_OBSERVATIONS
CEV-001192,CNF-00601,OBS-003838,CURRENT_STATE_CONTEXT,CADASTRAL_REVENUE,lineage,REV-10-005-01,OBS-GEO-003838,CURRENT_CONTEXT,SUPPORTS_CURRENT_STATE,,SOURCE_OBSERVATION,OBS-003838,SOURCE_OBSERVATIONS
CEV-001193,CNF-00601,OBS-003839,CURRENT_STATE_CONTEXT,MUNICIPAL_PROPERTY,lineage,MCD-10-005-02,OBS-GEO-003839,CURRENT_CONTEXT,SUPPORTS_CURRENT_STATE,,SOURCE_OBSERVATION,OBS-003839,SOURCE_OBSERVATIONS
CEV-001194,CNF-00602,OBS-003955,CURRENT_STATE_CONTEXT,CADASTRAL_REVENUE,lineage,REV-10-032-01,OBS-GEO-003955,CURRENT_CONTEXT,SUPPORTS_CURRENT_STATE,,SOURCE_OBSERVATION,OBS-003955,SOURCE_OBSERVATIONS
CEV-001195,CNF-00602,OBS-003956,CURRENT_STATE_CONTEXT,MUNICIPAL_PROPERTY,lineage,MCD-10-032-02,OBS-GEO-003956,CURRENT_CONTEXT,SUPPORTS_CURRENT_STATE,,SOURCE_OBSERVATION,OBS-003956,SOURCE_OBSERVATIONS
CEV-001196,CNF-00603,OBS-002114,CURRENT_STATE_CONTEXT,CADASTRAL_REVENUE,lineage,REV-05-096-01,OBS-GEO-002114,CURRENT_CONTEXT,SUPPORTS_CURRENT_STATE,,SOURCE_OBSERVATION,OBS-002114,SOURCE_OBSERVATIONS
CEV-001197,CNF-00603,OBS-002115,CURRENT_STATE_CONTEXT,MUNICIPAL_PROPERTY,lineage,MCD-05-096-02,OBS-GEO-002115,CURRENT_CONTEXT,SUPPORTS_CURRENT_STATE,,SOURCE_OBSERVATION,OBS-002115,SOURCE_OBSERVATIONS
CEV-001198,CNF-00604,OBS-003796,CURRENT_STATE_CONTEXT,CADASTRAL_REVENUE,lineage,REV-09-096-01,OBS-GEO-003796,CURRENT_CONTEXT,SUPPORTS_CURRENT_STATE,,SOURCE_OBSERVATION,OBS-003796,SOURCE_OBSERVATIONS
CEV-001199,CNF-00604,OBS-003797,CURRENT_STATE_CONTEXT,MUNICIPAL_PROPERTY,lineage,MCD-09-096-02,OBS-GEO-003797,CURRENT_CONTEXT,SUPPORTS_CURRENT_STATE,,SOURCE_OBSERVATION,OBS-003797,SOURCE_OBSERVATIONS
CEV-001200,CNF-00605,OBS-003807,CURRENT_STATE_CONTEXT,CADASTRAL_REVENUE,lineage,REV-09-098-01,OBS-GEO-003807,CURRENT_CONTEXT,SUPPORTS_CURRENT_STATE,slight systematic cadastral shift,SOURCE_OBSERVATION,OBS-003807,SOURCE_OBSERVATIONS
CEV-001201,CNF-00605,OBS-003808,CURRENT_STATE_CONTEXT,MUNICIPAL_PROPERTY,lineage,MCD-09-098-02,OBS-GEO-003808,CURRENT_CONTEXT,SUPPORTS_CURRENT_STATE,,SOURCE_OBSERVATION,OBS-003808,SOURCE_OBSERVATIONS
CEV-001202,CNF-00606,OBS-003868,CURRENT_STATE_CONTEXT,CADASTRAL_REVENUE,lineage,REV-10-012-01,OBS-GEO-003868,CURRENT_CONTEXT,SUPPORTS_CURRENT_STATE,,SOURCE_OBSERVATION,OBS-003868,SOURCE_OBSERVATIONS
CEV-001203,CNF-00606,OBS-003869,CURRENT_STATE_CONTEXT,MUNICIPAL_PROPERTY,lineage,MCD-10-012-02,OBS-GEO-003869,CURRENT_CONTEXT,SUPPORTS_CURRENT_STATE,,SOURCE_OBSERVATION,OBS-003869,SOURCE_OBSERVATIONS
CEV-001204,CNF-00607,OBS-002539,CURRENT_STATE_CONTEXT,CADASTRAL_REVENUE,lineage,REV-06-099-01,OBS-GEO-002539,CURRENT_CONTEXT,SUPPORTS_CURRENT_STATE,,SOURCE_OBSERVATION,OBS-002539,SOURCE_OBSERVATIONS
CEV-001205,CNF-00607,OBS-002540,CURRENT_STATE_CONTEXT,MUNICIPAL_PROPERTY,lineage,MCD-06-099-02,OBS-GEO-002540,CURRENT_CONTEXT,SUPPORTS_CURRENT_STATE,,SOURCE_OBSERVATION,OBS-002540,SOURCE_OBSERVATIONS
CEV-001206,CNF-00608,OBS-003924,CURRENT_STATE_CONTEXT,CADASTRAL_REVENUE,lineage,REV-10-025-01,OBS-GEO-003924,CURRENT_CONTEXT,SUPPORTS_CURRENT_STATE,,SOURCE_OBSERVATION,OBS-003924,SOURCE_OBSERVATIONS
CEV-001207,CNF-00608,OBS-003925,CURRENT_STATE_CONTEXT,MUNICIPAL_PROPERTY,lineage,MCD-10-025-02,OBS-GEO-003925,CURRENT_CONTEXT,SUPPORTS_CURRENT_STATE,,SOURCE_OBSERVATION,OBS-003925,SOURCE_OBSERVATIONS
CEV-001208,CNF-00609,OBS-003934,CURRENT_STATE_CONTEXT,CADASTRAL_REVENUE,lineage,REV-10-027-01,OBS-GEO-003934,CURRENT_CONTEXT,SUPPORTS_CURRENT_STATE,,SOURCE_OBSERVATION,OBS-003934,SOURCE_OBSERVATIONS
CEV-001209,CNF-00609,OBS-003935,CURRENT_STATE_CONTEXT,MUNICIPAL_PROPERTY,lineage,MCD-10-027-02,OBS-GEO-003935,CURRENT_CONTEXT,SUPPORTS_CURRENT_STATE,municipal owner differs,SOURCE_OBSERVATION,OBS-003935,SOURCE_OBSERVATIONS
CEV-001210,CNF-00610,OBS-003960,CURRENT_STATE_CONTEXT,CADASTRAL_REVENUE,lineage,REV-10-033-01,OBS-GEO-003960,CURRENT_CONTEXT,SUPPORTS_CURRENT_STATE,,SOURCE_OBSERVATION,OBS-003960,SOURCE_OBSERVATIONS
CEV-001211,CNF-00610,OBS-003961,CURRENT_STATE_CONTEXT,MUNICIPAL_PROPERTY,lineage,MCD-10-033-02,OBS-GEO-003961,CURRENT_CONTEXT,SUPPORTS_CURRENT_STATE,,SOURCE_OBSERVATION,OBS-003961,SOURCE_OBSERVATIONS
CEV-001212,CNF-00611,OBS-003998,CURRENT_STATE_CONTEXT,CADASTRAL_REVENUE,lineage,REV-10-042-01,OBS-GEO-003998,CURRENT_CONTEXT,SUPPORTS_CURRENT_STATE,,SOURCE_OBSERVATION,OBS-003998,SOURCE_OBSERVATIONS
CEV-001213,CNF-00611,OBS-003999,CURRENT_STATE_CONTEXT,MUNICIPAL_PROPERTY,lineage,MCD-10-042-02,OBS-GEO-003999,CURRENT_CONTEXT,SUPPORTS_CURRENT_STATE,,SOURCE_OBSERVATION,OBS-003999,SOURCE_OBSERVATIONS
CEV-001214,CNF-00612,OBS-002965,CURRENT_STATE_CONTEXT,CADASTRAL_REVENUE,lineage,REV-07-100-01,OBS-GEO-002965,CURRENT_CONTEXT,SUPPORTS_CURRENT_STATE,slight systematic cadastral shift,SOURCE_OBSERVATION,OBS-002965,SOURCE_OBSERVATIONS
CEV-001215,CNF-00612,OBS-002966,CURRENT_STATE_CONTEXT,MUNICIPAL_PROPERTY,lineage,MCD-07-100-02,OBS-GEO-002966,CURRENT_CONTEXT,SUPPORTS_CURRENT_STATE,,SOURCE_OBSERVATION,OBS-002966,SOURCE_OBSERVATIONS
CEV-001216,CNF-00613,OBS-003907,CURRENT_STATE_CONTEXT,CADASTRAL_REVENUE,lineage,REV-10-021-01,OBS-GEO-003907,CURRENT_CONTEXT,SUPPORTS_CURRENT_STATE,,SOURCE_OBSERVATION,OBS-003907,SOURCE_OBSERVATIONS
CEV-001217,CNF-00613,OBS-003908,CURRENT_STATE_CONTEXT,MUNICIPAL_PROPERTY,lineage,MCD-10-021-02,OBS-GEO-003908,CURRENT_CONTEXT,SUPPORTS_CURRENT_STATE,,SOURCE_OBSERVATION,OBS-003908,SOURCE_OBSERVATIONS
CEV-001218,CNF-00614,OBS-003817,CURRENT_STATE_CONTEXT,CADASTRAL_REVENUE,lineage,REV-09-100-01,OBS-GEO-003817,CURRENT_CONTEXT,SUPPORTS_CURRENT_STATE,,SOURCE_OBSERVATION,OBS-003817,SOURCE_OBSERVATIONS
CEV-001219,CNF-00614,OBS-003818,CURRENT_STATE_CONTEXT,MUNICIPAL_PROPERTY,lineage,MCD-09-100-02,OBS-GEO-003818,CURRENT_CONTEXT,SUPPORTS_CURRENT_STATE,,SOURCE_OBSERVATION,OBS-003818,SOURCE_OBSERVATIONS
CEV-001220,CNF-00615,OBS-003773,CURRENT_STATE_CONTEXT,CADASTRAL_REVENUE,lineage,REV-09-091-01,OBS-GEO-003773,CURRENT_CONTEXT,SUPPORTS_CURRENT_STATE,,SOURCE_OBSERVATION,OBS-003773,SOURCE_OBSERVATIONS
CEV-001221,CNF-00615,OBS-003774,CURRENT_STATE_CONTEXT,MUNICIPAL_PROPERTY,lineage,MCD-09-091-02,OBS-GEO-003774,CURRENT_CONTEXT,SUPPORTS_CURRENT_STATE,,SOURCE_OBSERVATION,OBS-003774,SOURCE_OBSERVATIONS
CEV-001222,CNF-00616,OBS-000740,CURRENT_STATE_CONTEXT,CADASTRAL_REVENUE,lineage,REV-02-088-01,OBS-GEO-000740,CURRENT_CONTEXT,SUPPORTS_CURRENT_STATE,alternate neighboring candidate plausible,SOURCE_OBSERVATION,OBS-000740,SOURCE_OBSERVATIONS
CEV-001223,CNF-00616,OBS-000741,CURRENT_STATE_CONTEXT,MUNICIPAL_PROPERTY,lineage,MCD-02-088-02,OBS-GEO-000741,CURRENT_CONTEXT,SUPPORTS_CURRENT_STATE,alternate neighboring candidate plausible,SOURCE_OBSERVATION,OBS-000741,SOURCE_OBSERVATIONS
CEV-001224,CNF-00617,OBS-003801,CURRENT_STATE_CONTEXT,CADASTRAL_REVENUE,lineage,REV-09-097-01,OBS-GEO-003801,CURRENT_CONTEXT,SUPPORTS_CURRENT_STATE,,SOURCE_OBSERVATION,OBS-003801,SOURCE_OBSERVATIONS
CEV-001225,CNF-00617,OBS-003802,CURRENT_STATE_CONTEXT,MUNICIPAL_PROPERTY,lineage,MCD-09-097-02,OBS-GEO-003802,CURRENT_CONTEXT,SUPPORTS_CURRENT_STATE,,SOURCE_OBSERVATION,OBS-003802,SOURCE_OBSERVATIONS
CEV-001226,CNF-00626,OBS-002087,STRONG_SPATIAL_EVIDENCE,GNSS_CORS_SURVEY,authoritative_state,OBS-GEO-002087,OBS-GEO-002087,CURRENT_CONTEXT,SUPPORTS_PROPOSAL_EVIDENCE,cm-level field survey; alternate neighboring candidate plausible,SOURCE_OBSERVATION,OBS-002087,SOURCE_OBSERVATIONS
CEV-001227,CNF-00626,OBS-002086,STRONG_SPATIAL_EVIDENCE,DRONE_ORTHOPHOTO,authoritative_state,OBS-GEO-002086,OBS-GEO-002086,CURRENT_CONTEXT,SUPPORTS_PROPOSAL_EVIDENCE,alternate neighboring candidate plausible,SOURCE_OBSERVATION,OBS-002086,SOURCE_OBSERVATIONS
CEV-001228,CNF-00626,OBS-002085,STRONG_SPATIAL_EVIDENCE,BUILDING_GIS,authoritative_state,OBS-GEO-002085,OBS-GEO-002085,CURRENT_CONTEXT,SUPPORTS_PROPOSAL_EVIDENCE,alternate neighboring candidate plausible,SOURCE_OBSERVATION,OBS-002085,SOURCE_OBSERVATIONS
CEV-001229,CNF-00627,OBS-001007,STRONG_SPATIAL_EVIDENCE,GNSS_CORS_SURVEY,authoritative_state,OBS-GEO-001007,OBS-GEO-001007,CURRENT_CONTEXT,SUPPORTS_PROPOSAL_EVIDENCE,cm-level field survey,SOURCE_OBSERVATION,OBS-001007,SOURCE_OBSERVATIONS
CEV-001230,CNF-00627,OBS-001006,STRONG_SPATIAL_EVIDENCE,DRONE_ORTHOPHOTO,authoritative_state,OBS-GEO-001006,OBS-GEO-001006,CURRENT_CONTEXT,SUPPORTS_PROPOSAL_EVIDENCE,,SOURCE_OBSERVATION,OBS-001006,SOURCE_OBSERVATIONS
CEV-001231,CNF-00628,OBS-000096,STRONG_SPATIAL_EVIDENCE,GNSS_CORS_SURVEY,authoritative_state,OBS-GEO-000096,OBS-GEO-000096,CURRENT_CONTEXT,SUPPORTS_PROPOSAL_EVIDENCE,cm-level field survey,SOURCE_OBSERVATION,OBS-000096,SOURCE_OBSERVATIONS
CEV-001232,CNF-00628,OBS-000095,STRONG_SPATIAL_EVIDENCE,DRONE_ORTHOPHOTO,authoritative_state,OBS-GEO-000095,OBS-GEO-000095,CURRENT_CONTEXT,SUPPORTS_PROPOSAL_EVIDENCE,physical occupation differs from legal state,SOURCE_OBSERVATION,OBS-000095,SOURCE_OBSERVATIONS
CEV-001233,CNF-00628,OBS-000094,STRONG_SPATIAL_EVIDENCE,BUILDING_GIS,authoritative_state,OBS-GEO-000094,OBS-GEO-000094,CURRENT_CONTEXT,SUPPORTS_PROPOSAL_EVIDENCE,,SOURCE_OBSERVATION,OBS-000094,SOURCE_OBSERVATIONS
CEV-001234,CNF-00629,OBS-001462,STRONG_SPATIAL_EVIDENCE,GNSS_CORS_SURVEY,authoritative_state,OBS-GEO-001462,OBS-GEO-001462,CURRENT_CONTEXT,SUPPORTS_PROPOSAL_EVIDENCE,cm-level field survey,SOURCE_OBSERVATION,OBS-001462,SOURCE_OBSERVATIONS
CEV-001235,CNF-00629,OBS-001461,STRONG_SPATIAL_EVIDENCE,DRONE_ORTHOPHOTO,authoritative_state,OBS-GEO-001461,OBS-GEO-001461,CURRENT_CONTEXT,SUPPORTS_PROPOSAL_EVIDENCE,,SOURCE_OBSERVATION,OBS-001461,SOURCE_OBSERVATIONS
CEV-001236,CNF-00629,OBS-001460,STRONG_SPATIAL_EVIDENCE,BUILDING_GIS,authoritative_state,OBS-GEO-001460,OBS-GEO-001460,CURRENT_CONTEXT,SUPPORTS_PROPOSAL_EVIDENCE,,SOURCE_OBSERVATION,OBS-001460,SOURCE_OBSERVATIONS
CEV-001237,CNF-00630,OBS-002500,STRONG_SPATIAL_EVIDENCE,GNSS_CORS_SURVEY,authoritative_state,OBS-GEO-002500,OBS-GEO-002500,CURRENT_CONTEXT,SUPPORTS_PROPOSAL_EVIDENCE,cm-level field survey,SOURCE_OBSERVATION,OBS-002500,SOURCE_OBSERVATIONS
CEV-001238,CNF-00630,OBS-002499,STRONG_SPATIAL_EVIDENCE,DRONE_ORTHOPHOTO,authoritative_state,OBS-GEO-002499,OBS-GEO-002499,CURRENT_CONTEXT,SUPPORTS_PROPOSAL_EVIDENCE,,SOURCE_OBSERVATION,OBS-002499,SOURCE_OBSERVATIONS
CEV-001239,CNF-00630,OBS-002498,STRONG_SPATIAL_EVIDENCE,BUILDING_GIS,authoritative_state,OBS-GEO-002498,OBS-GEO-002498,CURRENT_CONTEXT,SUPPORTS_PROPOSAL_EVIDENCE,,SOURCE_OBSERVATION,OBS-002498,SOURCE_OBSERVATIONS
CEV-001240,CNF-00631,OBS-001362,STRONG_SPATIAL_EVIDENCE,GNSS_CORS_SURVEY,authoritative_state,OBS-GEO-001362,OBS-GEO-001362,CURRENT_CONTEXT,SUPPORTS_PROPOSAL_EVIDENCE,cm-level field survey,SOURCE_OBSERVATION,OBS-001362,SOURCE_OBSERVATIONS
CEV-001241,CNF-00631,OBS-001361,STRONG_SPATIAL_EVIDENCE,DRONE_ORTHOPHOTO,authoritative_state,OBS-GEO-001361,OBS-GEO-001361,CURRENT_CONTEXT,SUPPORTS_PROPOSAL_EVIDENCE,,SOURCE_OBSERVATION,OBS-001361,SOURCE_OBSERVATIONS
CEV-001242,CNF-00631,OBS-001360,STRONG_SPATIAL_EVIDENCE,BUILDING_GIS,authoritative_state,OBS-GEO-001360,OBS-GEO-001360,CURRENT_CONTEXT,SUPPORTS_PROPOSAL_EVIDENCE,,SOURCE_OBSERVATION,OBS-001360,SOURCE_OBSERVATIONS
CEV-001243,CNF-00632,OBS-001857,STRONG_SPATIAL_EVIDENCE,GNSS_CORS_SURVEY,authoritative_state,OBS-GEO-001857,OBS-GEO-001857,CURRENT_CONTEXT,SUPPORTS_PROPOSAL_EVIDENCE,cm-level field survey,SOURCE_OBSERVATION,OBS-001857,SOURCE_OBSERVATIONS
CEV-001244,CNF-00632,OBS-001856,STRONG_SPATIAL_EVIDENCE,DRONE_ORTHOPHOTO,authoritative_state,OBS-GEO-001856,OBS-GEO-001856,CURRENT_CONTEXT,SUPPORTS_PROPOSAL_EVIDENCE,,SOURCE_OBSERVATION,OBS-001856,SOURCE_OBSERVATIONS
CEV-001245,CNF-00632,OBS-001855,STRONG_SPATIAL_EVIDENCE,BUILDING_GIS,authoritative_state,OBS-GEO-001855,OBS-GEO-001855,CURRENT_CONTEXT,SUPPORTS_PROPOSAL_EVIDENCE,,SOURCE_OBSERVATION,OBS-001855,SOURCE_OBSERVATIONS
CEV-001246,CNF-00633,OBS-003281,STRONG_SPATIAL_EVIDENCE,GNSS_CORS_SURVEY,authoritative_state,OBS-GEO-003281,OBS-GEO-003281,CURRENT_CONTEXT,SUPPORTS_PROPOSAL_EVIDENCE,cm-level field survey,SOURCE_OBSERVATION,OBS-003281,SOURCE_OBSERVATIONS
CEV-001247,CNF-00633,OBS-003280,STRONG_SPATIAL_EVIDENCE,BUILDING_GIS,authoritative_state,OBS-GEO-003280,OBS-GEO-003280,CURRENT_CONTEXT,SUPPORTS_PROPOSAL_EVIDENCE,,SOURCE_OBSERVATION,OBS-003280,SOURCE_OBSERVATIONS
CEV-001248,CNF-00634,OBS-003482,STRONG_SPATIAL_EVIDENCE,GNSS_CORS_SURVEY,authoritative_state,OBS-GEO-003482,OBS-GEO-003482,CURRENT_CONTEXT,SUPPORTS_PROPOSAL_EVIDENCE,cm-level field survey,SOURCE_OBSERVATION,OBS-003482,SOURCE_OBSERVATIONS
CEV-001249,CNF-00634,OBS-003481,STRONG_SPATIAL_EVIDENCE,DRONE_ORTHOPHOTO,authoritative_state,OBS-GEO-003481,OBS-GEO-003481,CURRENT_CONTEXT,SUPPORTS_PROPOSAL_EVIDENCE,,SOURCE_OBSERVATION,OBS-003481,SOURCE_OBSERVATIONS
CEV-001250,CNF-00634,OBS-003480,STRONG_SPATIAL_EVIDENCE,BUILDING_GIS,authoritative_state,OBS-GEO-003480,OBS-GEO-003480,CURRENT_CONTEXT,SUPPORTS_PROPOSAL_EVIDENCE,,SOURCE_OBSERVATION,OBS-003480,SOURCE_OBSERVATIONS
CEV-001251,CNF-00635,OBS-000768,STRONG_SPATIAL_EVIDENCE,GNSS_CORS_SURVEY,authoritative_state,OBS-GEO-000768,OBS-GEO-000768,CURRENT_CONTEXT,SUPPORTS_PROPOSAL_EVIDENCE,cm-level field survey,SOURCE_OBSERVATION,OBS-000768,SOURCE_OBSERVATIONS
CEV-001252,CNF-00635,OBS-000767,STRONG_SPATIAL_EVIDENCE,DRONE_ORTHOPHOTO,authoritative_state,OBS-GEO-000767,OBS-GEO-000767,CURRENT_CONTEXT,SUPPORTS_PROPOSAL_EVIDENCE,,SOURCE_OBSERVATION,OBS-000767,SOURCE_OBSERVATIONS
CEV-001253,CNF-00635,OBS-000766,STRONG_SPATIAL_EVIDENCE,BUILDING_GIS,authoritative_state,OBS-GEO-000766,OBS-GEO-000766,CURRENT_CONTEXT,SUPPORTS_PROPOSAL_EVIDENCE,,SOURCE_OBSERVATION,OBS-000766,SOURCE_OBSERVATIONS
CEV-001254,CNF-00636,OBS-003651,STRONG_SPATIAL_EVIDENCE,GNSS_CORS_SURVEY,authoritative_state,OBS-GEO-003651,OBS-GEO-003651,CURRENT_CONTEXT,SUPPORTS_PROPOSAL_EVIDENCE,cm-level field survey,SOURCE_OBSERVATION,OBS-003651,SOURCE_OBSERVATIONS
CEV-001255,CNF-00636,OBS-003650,STRONG_SPATIAL_EVIDENCE,DRONE_ORTHOPHOTO,authoritative_state,OBS-GEO-003650,OBS-GEO-003650,CURRENT_CONTEXT,SUPPORTS_PROPOSAL_EVIDENCE,,SOURCE_OBSERVATION,OBS-003650,SOURCE_OBSERVATIONS
CEV-001256,CNF-00637,OBS-002331,STRONG_SPATIAL_EVIDENCE,GNSS_CORS_SURVEY,authoritative_state,OBS-GEO-002331,OBS-GEO-002331,CURRENT_CONTEXT,SUPPORTS_PROPOSAL_EVIDENCE,cm-level field survey,SOURCE_OBSERVATION,OBS-002331,SOURCE_OBSERVATIONS
CEV-001257,CNF-00637,OBS-002330,STRONG_SPATIAL_EVIDENCE,BUILDING_GIS,authoritative_state,OBS-GEO-002330,OBS-GEO-002330,CURRENT_CONTEXT,SUPPORTS_PROPOSAL_EVIDENCE,,SOURCE_OBSERVATION,OBS-002330,SOURCE_OBSERVATIONS
CEV-001258,CNF-00638,OBS-001398,STRONG_SPATIAL_EVIDENCE,GNSS_CORS_SURVEY,authoritative_state,OBS-GEO-001398,OBS-GEO-001398,CURRENT_CONTEXT,SUPPORTS_PROPOSAL_EVIDENCE,cm-level field survey,SOURCE_OBSERVATION,OBS-001398,SOURCE_OBSERVATIONS
CEV-001259,CNF-00638,OBS-001397,STRONG_SPATIAL_EVIDENCE,DRONE_ORTHOPHOTO,authoritative_state,OBS-GEO-001397,OBS-GEO-001397,CURRENT_CONTEXT,SUPPORTS_PROPOSAL_EVIDENCE,,SOURCE_OBSERVATION,OBS-001397,SOURCE_OBSERVATIONS
CEV-001260,CNF-00638,OBS-001396,STRONG_SPATIAL_EVIDENCE,BUILDING_GIS,authoritative_state,OBS-GEO-001396,OBS-GEO-001396,CURRENT_CONTEXT,SUPPORTS_PROPOSAL_EVIDENCE,,SOURCE_OBSERVATION,OBS-001396,SOURCE_OBSERVATIONS
CEV-001261,CNF-00639,OBS-004143,STRONG_SPATIAL_EVIDENCE,GNSS_CORS_SURVEY,authoritative_state,OBS-GEO-004143,OBS-GEO-004143,CURRENT_CONTEXT,SUPPORTS_PROPOSAL_EVIDENCE,cm-level field survey,SOURCE_OBSERVATION,OBS-004143,SOURCE_OBSERVATIONS
CEV-001262,CNF-00639,OBS-004142,STRONG_SPATIAL_EVIDENCE,DRONE_ORTHOPHOTO,authoritative_state,OBS-GEO-004142,OBS-GEO-004142,CURRENT_CONTEXT,SUPPORTS_PROPOSAL_EVIDENCE,,SOURCE_OBSERVATION,OBS-004142,SOURCE_OBSERVATIONS
CEV-001263,CNF-00639,OBS-004141,STRONG_SPATIAL_EVIDENCE,BUILDING_GIS,authoritative_state,OBS-GEO-004141,OBS-GEO-004141,CURRENT_CONTEXT,SUPPORTS_PROPOSAL_EVIDENCE,,SOURCE_OBSERVATION,OBS-004141,SOURCE_OBSERVATIONS
CEV-001264,CNF-00640,OBS-003760,STRONG_SPATIAL_EVIDENCE,GNSS_CORS_SURVEY,authoritative_state,OBS-GEO-003760,OBS-GEO-003760,CURRENT_CONTEXT,SUPPORTS_PROPOSAL_EVIDENCE,cm-level field survey,SOURCE_OBSERVATION,OBS-003760,SOURCE_OBSERVATIONS
CEV-001265,CNF-00640,OBS-003759,STRONG_SPATIAL_EVIDENCE,DRONE_ORTHOPHOTO,authoritative_state,OBS-GEO-003759,OBS-GEO-003759,CURRENT_CONTEXT,SUPPORTS_PROPOSAL_EVIDENCE,,SOURCE_OBSERVATION,OBS-003759,SOURCE_OBSERVATIONS
CEV-001266,CNF-00640,OBS-003758,STRONG_SPATIAL_EVIDENCE,BUILDING_GIS,authoritative_state,OBS-GEO-003758,OBS-GEO-003758,CURRENT_CONTEXT,SUPPORTS_PROPOSAL_EVIDENCE,,SOURCE_OBSERVATION,OBS-003758,SOURCE_OBSERVATIONS
CEV-001267,CNF-00641,OBS-001917,STRONG_SPATIAL_EVIDENCE,GNSS_CORS_SURVEY,authoritative_state,OBS-GEO-001917,OBS-GEO-001917,CURRENT_CONTEXT,SUPPORTS_PROPOSAL_EVIDENCE,cm-level field survey,SOURCE_OBSERVATION,OBS-001917,SOURCE_OBSERVATIONS
CEV-001268,CNF-00641,OBS-001916,STRONG_SPATIAL_EVIDENCE,BUILDING_GIS,authoritative_state,OBS-GEO-001916,OBS-GEO-001916,CURRENT_CONTEXT,SUPPORTS_PROPOSAL_EVIDENCE,,SOURCE_OBSERVATION,OBS-001916,SOURCE_OBSERVATIONS
CEV-001269,CNF-00642,OBS-004085,STRONG_SPATIAL_EVIDENCE,GNSS_CORS_SURVEY,authoritative_state,OBS-GEO-004085,OBS-GEO-004085,CURRENT_CONTEXT,SUPPORTS_PROPOSAL_EVIDENCE,cm-level field survey,SOURCE_OBSERVATION,OBS-004085,SOURCE_OBSERVATIONS
CEV-001270,CNF-00642,OBS-004084,STRONG_SPATIAL_EVIDENCE,DRONE_ORTHOPHOTO,authoritative_state,OBS-GEO-004084,OBS-GEO-004084,CURRENT_CONTEXT,SUPPORTS_PROPOSAL_EVIDENCE,,SOURCE_OBSERVATION,OBS-004084,SOURCE_OBSERVATIONS
CEV-001271,CNF-00642,OBS-004083,STRONG_SPATIAL_EVIDENCE,BUILDING_GIS,authoritative_state,OBS-GEO-004083,OBS-GEO-004083,CURRENT_CONTEXT,SUPPORTS_PROPOSAL_EVIDENCE,,SOURCE_OBSERVATION,OBS-004083,SOURCE_OBSERVATIONS
CEV-001272,CNF-00643,OBS-004114,STRONG_SPATIAL_EVIDENCE,GNSS_CORS_SURVEY,authoritative_state,OBS-GEO-004114,OBS-GEO-004114,CURRENT_CONTEXT,SUPPORTS_PROPOSAL_EVIDENCE,cm-level field survey,SOURCE_OBSERVATION,OBS-004114,SOURCE_OBSERVATIONS
CEV-001273,CNF-00643,OBS-004113,STRONG_SPATIAL_EVIDENCE,DRONE_ORTHOPHOTO,authoritative_state,OBS-GEO-004113,OBS-GEO-004113,CURRENT_CONTEXT,SUPPORTS_PROPOSAL_EVIDENCE,,SOURCE_OBSERVATION,OBS-004113,SOURCE_OBSERVATIONS
CEV-001274,CNF-00643,OBS-004112,STRONG_SPATIAL_EVIDENCE,BUILDING_GIS,authoritative_state,OBS-GEO-004112,OBS-GEO-004112,CURRENT_CONTEXT,SUPPORTS_PROPOSAL_EVIDENCE,,SOURCE_OBSERVATION,OBS-004112,SOURCE_OBSERVATIONS
CEV-001275,CNF-00644,OBS-003745,STRONG_SPATIAL_EVIDENCE,GNSS_CORS_SURVEY,authoritative_state,OBS-GEO-003745,OBS-GEO-003745,CURRENT_CONTEXT,SUPPORTS_PROPOSAL_EVIDENCE,cm-level field survey; alternate neighboring candidate plausible,SOURCE_OBSERVATION,OBS-003745,SOURCE_OBSERVATIONS
CEV-001276,CNF-00644,OBS-003744,STRONG_SPATIAL_EVIDENCE,DRONE_ORTHOPHOTO,authoritative_state,OBS-GEO-003744,OBS-GEO-003744,CURRENT_CONTEXT,SUPPORTS_PROPOSAL_EVIDENCE,alternate neighboring candidate plausible,SOURCE_OBSERVATION,OBS-003744,SOURCE_OBSERVATIONS
CEV-001277,CNF-00644,OBS-003743,STRONG_SPATIAL_EVIDENCE,BUILDING_GIS,authoritative_state,OBS-GEO-003743,OBS-GEO-003743,CURRENT_CONTEXT,SUPPORTS_PROPOSAL_EVIDENCE,alternate neighboring candidate plausible,SOURCE_OBSERVATION,OBS-003743,SOURCE_OBSERVATIONS
CEV-001278,CNF-00645,OBS-002681,STRONG_SPATIAL_EVIDENCE,GNSS_CORS_SURVEY,authoritative_state,OBS-GEO-002681,OBS-GEO-002681,CURRENT_CONTEXT,SUPPORTS_PROPOSAL_EVIDENCE,cm-level field survey,SOURCE_OBSERVATION,OBS-002681,SOURCE_OBSERVATIONS
CEV-001279,CNF-00645,OBS-002680,STRONG_SPATIAL_EVIDENCE,BUILDING_GIS,authoritative_state,OBS-GEO-002680,OBS-GEO-002680,CURRENT_CONTEXT,SUPPORTS_PROPOSAL_EVIDENCE,,SOURCE_OBSERVATION,OBS-002680,SOURCE_OBSERVATIONS
CEV-001280,CNF-00646,OBS-003725,STRONG_SPATIAL_EVIDENCE,GNSS_CORS_SURVEY,authoritative_state,OBS-GEO-003725,OBS-GEO-003725,CURRENT_CONTEXT,SUPPORTS_PROPOSAL_EVIDENCE,cm-level field survey,SOURCE_OBSERVATION,OBS-003725,SOURCE_OBSERVATIONS
CEV-001281,CNF-00646,OBS-003724,STRONG_SPATIAL_EVIDENCE,DRONE_ORTHOPHOTO,authoritative_state,OBS-GEO-003724,OBS-GEO-003724,CURRENT_CONTEXT,SUPPORTS_PROPOSAL_EVIDENCE,,SOURCE_OBSERVATION,OBS-003724,SOURCE_OBSERVATIONS
CEV-001282,CNF-00646,OBS-003723,STRONG_SPATIAL_EVIDENCE,BUILDING_GIS,authoritative_state,OBS-GEO-003723,OBS-GEO-003723,CURRENT_CONTEXT,SUPPORTS_PROPOSAL_EVIDENCE,,SOURCE_OBSERVATION,OBS-003723,SOURCE_OBSERVATIONS
CEV-001283,CNF-00647,OBS-002128,STRONG_SPATIAL_EVIDENCE,GNSS_CORS_SURVEY,authoritative_state,OBS-GEO-002128,OBS-GEO-002128,CURRENT_CONTEXT,SUPPORTS_PROPOSAL_EVIDENCE,cm-level field survey,SOURCE_OBSERVATION,OBS-002128,SOURCE_OBSERVATIONS
CEV-001284,CNF-00647,OBS-002127,STRONG_SPATIAL_EVIDENCE,DRONE_ORTHOPHOTO,authoritative_state,OBS-GEO-002127,OBS-GEO-002127,CURRENT_CONTEXT,SUPPORTS_PROPOSAL_EVIDENCE,,SOURCE_OBSERVATION,OBS-002127,SOURCE_OBSERVATIONS
CEV-001285,CNF-00648,OBS-004271,SOURCE_A,CADASTRAL_REVENUE,parcel_id,IN-DL-110054-1-101,OBS-GEO-004271,CURRENT_CONTEXT,SUPPORTS_SOURCE_A,retired historical parcel persists in stale source,SOURCE_OBSERVATION,OBS-004271,SOURCE_OBSERVATIONS
CEV-001286,CNF-00649,OBS-004272,SOURCE_A,CADASTRAL_REVENUE,record_status,OUTDATED_RETIRED_PARCEL,OBS-GEO-004272,CURRENT_CONTEXT,SUPPORTS_SOURCE_A,retired historical parcel persists in stale source,SOURCE_OBSERVATION,OBS-004272,SOURCE_OBSERVATIONS
CEV-001287,CNF-00650,OBS-004274,SOURCE_A,CADASTRAL_REVENUE,parcel_id,IN-DL-110054-1-103,OBS-GEO-004274,CURRENT_CONTEXT,SUPPORTS_SOURCE_A,retired historical parcel persists in stale source,SOURCE_OBSERVATION,OBS-004274,SOURCE_OBSERVATIONS
CEV-001288,CNF-00651,OBS-004275,SOURCE_A,CADASTRAL_REVENUE,record_status,OUTDATED_RETIRED_PARCEL,OBS-GEO-004275,CURRENT_CONTEXT,SUPPORTS_SOURCE_A,retired historical parcel persists in stale source,SOURCE_OBSERVATION,OBS-004275,SOURCE_OBSERVATIONS
CEV-001289,CNF-00652,OBS-004277,SOURCE_A,CADASTRAL_REVENUE,record_status,OUTDATED_RETIRED_PARCEL,OBS-GEO-004277,CURRENT_CONTEXT,SUPPORTS_SOURCE_A,retired historical parcel persists in stale source,SOURCE_OBSERVATION,OBS-004277,SOURCE_OBSERVATIONS
CEV-001290,CNF-00653,OBS-004279,SOURCE_A,CADASTRAL_REVENUE,parcel_id,IN-DL-110054-1-106,OBS-GEO-004279,CURRENT_CONTEXT,SUPPORTS_SOURCE_A,retired historical parcel persists in stale source,SOURCE_OBSERVATION,OBS-004279,SOURCE_OBSERVATIONS
CEV-001291,CNF-00654,OBS-004281,SOURCE_A,CADASTRAL_REVENUE,record_status,OUTDATED_RETIRED_PARCEL,OBS-GEO-004281,CURRENT_CONTEXT,SUPPORTS_SOURCE_A,retired historical parcel persists in stale source,SOURCE_OBSERVATION,OBS-004281,SOURCE_OBSERVATIONS
CEV-001292,CNF-00655,OBS-004284,SOURCE_A,CADASTRAL_REVENUE,record_status,OUTDATED_RETIRED_PARCEL,OBS-GEO-004284,CURRENT_CONTEXT,SUPPORTS_SOURCE_A,retired historical parcel persists in stale source,SOURCE_OBSERVATION,OBS-004284,SOURCE_OBSERVATIONS
CEV-001293,CNF-00656,OBS-004286,SOURCE_A,CADASTRAL_REVENUE,parcel_id,IN-DL-110054-2-105,OBS-GEO-004286,CURRENT_CONTEXT,SUPPORTS_SOURCE_A,retired historical parcel persists in stale source,SOURCE_OBSERVATION,OBS-004286,SOURCE_OBSERVATIONS
CEV-001294,CNF-00657,OBS-004287,SOURCE_A,CADASTRAL_REVENUE,record_status,OUTDATED_RETIRED_PARCEL,OBS-GEO-004287,CURRENT_CONTEXT,SUPPORTS_SOURCE_A,retired historical parcel persists in stale source,SOURCE_OBSERVATION,OBS-004287,SOURCE_OBSERVATIONS
CEV-001295,CNF-00658,OBS-004289,SOURCE_A,CADASTRAL_REVENUE,record_status,OUTDATED_RETIRED_PARCEL,OBS-GEO-004289,CURRENT_CONTEXT,SUPPORTS_SOURCE_A,retired historical parcel persists in stale source,SOURCE_OBSERVATION,OBS-004289,SOURCE_OBSERVATIONS
CEV-001296,CNF-00659,OBS-004293,SOURCE_A,CADASTRAL_REVENUE,parcel_id,IN-DL-110054-3-104,OBS-GEO-004293,CURRENT_CONTEXT,SUPPORTS_SOURCE_A,retired historical parcel persists in stale source,SOURCE_OBSERVATION,OBS-004293,SOURCE_OBSERVATIONS
CEV-001297,CNF-00660,OBS-004294,SOURCE_A,CADASTRAL_REVENUE,record_status,OUTDATED_RETIRED_PARCEL,OBS-GEO-004294,CURRENT_CONTEXT,SUPPORTS_SOURCE_A,retired historical parcel persists in stale source,SOURCE_OBSERVATION,OBS-004294,SOURCE_OBSERVATIONS
CEV-001298,CNF-00661,OBS-004297,SOURCE_A,CADASTRAL_REVENUE,parcel_id,IN-DL-110054-4-101,OBS-GEO-004297,CURRENT_CONTEXT,SUPPORTS_SOURCE_A,retired historical parcel persists in stale source,SOURCE_OBSERVATION,OBS-004297,SOURCE_OBSERVATIONS
CEV-001299,CNF-00662,OBS-004298,SOURCE_A,CADASTRAL_REVENUE,parcel_id,IN-DL-110054-4-102,OBS-GEO-004298,CURRENT_CONTEXT,SUPPORTS_SOURCE_A,retired historical parcel persists in stale source,SOURCE_OBSERVATION,OBS-004298,SOURCE_OBSERVATIONS
CEV-001300,CNF-00663,OBS-004299,SOURCE_A,CADASTRAL_REVENUE,record_status,OUTDATED_RETIRED_PARCEL,OBS-GEO-004299,CURRENT_CONTEXT,SUPPORTS_SOURCE_A,retired historical parcel persists in stale source,SOURCE_OBSERVATION,OBS-004299,SOURCE_OBSERVATIONS
CEV-001301,CNF-00664,OBS-004301,SOURCE_A,CADASTRAL_REVENUE,record_status,OUTDATED_RETIRED_PARCEL,OBS-GEO-004301,CURRENT_CONTEXT,SUPPORTS_SOURCE_A,retired historical parcel persists in stale source,SOURCE_OBSERVATION,OBS-004301,SOURCE_OBSERVATIONS
CEV-001302,CNF-00665,OBS-004303,SOURCE_A,CADASTRAL_REVENUE,parcel_id,IN-DL-110054-4-105,OBS-GEO-004303,CURRENT_CONTEXT,SUPPORTS_SOURCE_A,retired historical parcel persists in stale source,SOURCE_OBSERVATION,OBS-004303,SOURCE_OBSERVATIONS
CEV-001303,CNF-00666,OBS-004305,SOURCE_A,CADASTRAL_REVENUE,record_status,OUTDATED_RETIRED_PARCEL,OBS-GEO-004305,CURRENT_CONTEXT,SUPPORTS_SOURCE_A,retired historical parcel persists in stale source,SOURCE_OBSERVATION,OBS-004305,SOURCE_OBSERVATIONS
CEV-001304,CNF-00667,OBS-004305,SOURCE_A,CADASTRAL_REVENUE,parcel_id,IN-DL-110054-5-101,OBS-GEO-004305,CURRENT_CONTEXT,SUPPORTS_SOURCE_A,retired historical parcel persists in stale source,SOURCE_OBSERVATION,OBS-004305,SOURCE_OBSERVATIONS
CEV-001305,CNF-00668,OBS-004307,SOURCE_A,CADASTRAL_REVENUE,record_status,OUTDATED_RETIRED_PARCEL,OBS-GEO-004307,CURRENT_CONTEXT,SUPPORTS_SOURCE_A,retired historical parcel persists in stale source,SOURCE_OBSERVATION,OBS-004307,SOURCE_OBSERVATIONS
CEV-001306,CNF-00669,OBS-004307,SOURCE_A,CADASTRAL_REVENUE,parcel_id,IN-DL-110054-5-102,OBS-GEO-004307,CURRENT_CONTEXT,SUPPORTS_SOURCE_A,retired historical parcel persists in stale source,SOURCE_OBSERVATION,OBS-004307,SOURCE_OBSERVATIONS
CEV-001307,CNF-00670,OBS-004310,SOURCE_A,CADASTRAL_REVENUE,record_status,OUTDATED_RETIRED_PARCEL,OBS-GEO-004310,CURRENT_CONTEXT,SUPPORTS_SOURCE_A,retired historical parcel persists in stale source,SOURCE_OBSERVATION,OBS-004310,SOURCE_OBSERVATIONS
CEV-001308,CNF-00671,OBS-004310,SOURCE_A,CADASTRAL_REVENUE,parcel_id,IN-DL-110054-5-104,OBS-GEO-004310,CURRENT_CONTEXT,SUPPORTS_SOURCE_A,retired historical parcel persists in stale source,SOURCE_OBSERVATION,OBS-004310,SOURCE_OBSERVATIONS
CEV-001309,CNF-00672,OBS-004312,SOURCE_A,CADASTRAL_REVENUE,record_status,OUTDATED_RETIRED_PARCEL,OBS-GEO-004312,CURRENT_CONTEXT,SUPPORTS_SOURCE_A,retired historical parcel persists in stale source,SOURCE_OBSERVATION,OBS-004312,SOURCE_OBSERVATIONS
CEV-001310,CNF-00673,OBS-004318,SOURCE_A,CADASTRAL_REVENUE,record_status,OUTDATED_RETIRED_PARCEL,OBS-GEO-004318,CURRENT_CONTEXT,SUPPORTS_SOURCE_A,retired historical parcel persists in stale source,SOURCE_OBSERVATION,OBS-004318,SOURCE_OBSERVATIONS
CEV-001311,CNF-00674,OBS-004318,SOURCE_A,CADASTRAL_REVENUE,parcel_id,IN-DL-110054-6-104,OBS-GEO-004318,CURRENT_CONTEXT,SUPPORTS_SOURCE_A,retired historical parcel persists in stale source,SOURCE_OBSERVATION,OBS-004318,SOURCE_OBSERVATIONS
CEV-001312,CNF-00675,OBS-004320,SOURCE_A,CADASTRAL_REVENUE,record_status,OUTDATED_RETIRED_PARCEL,OBS-GEO-004320,CURRENT_CONTEXT,SUPPORTS_SOURCE_A,retired historical parcel persists in stale source,SOURCE_OBSERVATION,OBS-004320,SOURCE_OBSERVATIONS
CEV-001313,CNF-00676,OBS-004322,SOURCE_A,CADASTRAL_REVENUE,record_status,OUTDATED_RETIRED_PARCEL,OBS-GEO-004322,CURRENT_CONTEXT,SUPPORTS_SOURCE_A,retired historical parcel persists in stale source,SOURCE_OBSERVATION,OBS-004322,SOURCE_OBSERVATIONS
CEV-001314,CNF-00677,OBS-004324,SOURCE_A,CADASTRAL_REVENUE,parcel_id,IN-DL-110054-7-101,OBS-GEO-004324,CURRENT_CONTEXT,SUPPORTS_SOURCE_A,retired historical parcel persists in stale source,SOURCE_OBSERVATION,OBS-004324,SOURCE_OBSERVATIONS
CEV-001315,CNF-00678,OBS-004325,SOURCE_A,CADASTRAL_REVENUE,parcel_id,IN-DL-110054-7-102,OBS-GEO-004325,CURRENT_CONTEXT,SUPPORTS_SOURCE_A,retired historical parcel persists in stale source,SOURCE_OBSERVATION,OBS-004325,SOURCE_OBSERVATIONS
CEV-001316,CNF-00679,OBS-004327,SOURCE_A,CADASTRAL_REVENUE,parcel_id,IN-DL-110054-7-104,OBS-GEO-004327,CURRENT_CONTEXT,SUPPORTS_SOURCE_A,retired historical parcel persists in stale source,SOURCE_OBSERVATION,OBS-004327,SOURCE_OBSERVATIONS
CEV-001317,CNF-00680,OBS-004328,SOURCE_A,CADASTRAL_REVENUE,parcel_id,IN-DL-110054-7-105,OBS-GEO-004328,CURRENT_CONTEXT,SUPPORTS_SOURCE_A,retired historical parcel persists in stale source,SOURCE_OBSERVATION,OBS-004328,SOURCE_OBSERVATIONS
CEV-001318,CNF-00681,OBS-004329,SOURCE_A,CADASTRAL_REVENUE,record_status,OUTDATED_RETIRED_PARCEL,OBS-GEO-004329,CURRENT_CONTEXT,SUPPORTS_SOURCE_A,retired historical parcel persists in stale source,SOURCE_OBSERVATION,OBS-004329,SOURCE_OBSERVATIONS
CEV-001319,CNF-00682,OBS-004331,SOURCE_A,CADASTRAL_REVENUE,record_status,OUTDATED_RETIRED_PARCEL,OBS-GEO-004331,CURRENT_CONTEXT,SUPPORTS_SOURCE_A,retired historical parcel persists in stale source,SOURCE_OBSERVATION,OBS-004331,SOURCE_OBSERVATIONS
CEV-001320,CNF-00683,OBS-004333,SOURCE_A,CADASTRAL_REVENUE,record_status,OUTDATED_RETIRED_PARCEL,OBS-GEO-004333,CURRENT_CONTEXT,SUPPORTS_SOURCE_A,retired historical parcel persists in stale source,SOURCE_OBSERVATION,OBS-004333,SOURCE_OBSERVATIONS
CEV-001321,CNF-00684,OBS-004335,SOURCE_A,CADASTRAL_REVENUE,record_status,OUTDATED_RETIRED_PARCEL,OBS-GEO-004335,CURRENT_CONTEXT,SUPPORTS_SOURCE_A,retired historical parcel persists in stale source,SOURCE_OBSERVATION,OBS-004335,SOURCE_OBSERVATIONS
CEV-001322,CNF-00685,OBS-004335,SOURCE_A,CADASTRAL_REVENUE,parcel_id,IN-DL-110054-8-103,OBS-GEO-004335,CURRENT_CONTEXT,SUPPORTS_SOURCE_A,retired historical parcel persists in stale source,SOURCE_OBSERVATION,OBS-004335,SOURCE_OBSERVATIONS
CEV-001323,CNF-00686,OBS-004338,SOURCE_A,CADASTRAL_REVENUE,record_status,OUTDATED_RETIRED_PARCEL,OBS-GEO-004338,CURRENT_CONTEXT,SUPPORTS_SOURCE_A,retired historical parcel persists in stale source,SOURCE_OBSERVATION,OBS-004338,SOURCE_OBSERVATIONS
CEV-001324,CNF-00687,OBS-004344,SOURCE_A,CADASTRAL_REVENUE,record_status,OUTDATED_RETIRED_PARCEL,OBS-GEO-004344,CURRENT_CONTEXT,SUPPORTS_SOURCE_A,retired historical parcel persists in stale source,SOURCE_OBSERVATION,OBS-004344,SOURCE_OBSERVATIONS
CEV-001325,CNF-00688,OBS-004344,SOURCE_A,CADASTRAL_REVENUE,parcel_id,IN-DL-110054-9-104,OBS-GEO-004344,CURRENT_CONTEXT,SUPPORTS_SOURCE_A,retired historical parcel persists in stale source,SOURCE_OBSERVATION,OBS-004344,SOURCE_OBSERVATIONS
CEV-001326,CNF-00689,OBS-004346,SOURCE_A,CADASTRAL_REVENUE,parcel_id,IN-DL-110054-9-105,OBS-GEO-004346,CURRENT_CONTEXT,SUPPORTS_SOURCE_A,retired historical parcel persists in stale source,SOURCE_OBSERVATION,OBS-004346,SOURCE_OBSERVATIONS
CEV-001327,CNF-00690,OBS-004348,SOURCE_A,CADASTRAL_REVENUE,parcel_id,IN-DL-110054-10-101,OBS-GEO-004348,CURRENT_CONTEXT,SUPPORTS_SOURCE_A,retired historical parcel persists in stale source,SOURCE_OBSERVATION,OBS-004348,SOURCE_OBSERVATIONS
CEV-001328,CNF-00691,OBS-004349,SOURCE_A,CADASTRAL_REVENUE,record_status,OUTDATED_RETIRED_PARCEL,OBS-GEO-004349,CURRENT_CONTEXT,SUPPORTS_SOURCE_A,retired historical parcel persists in stale source,SOURCE_OBSERVATION,OBS-004349,SOURCE_OBSERVATIONS
CEV-001329,CNF-00692,OBS-001645,SOURCE_A,CADASTRAL_REVENUE,lineage,IN-DL-110054-4-101,OBS-GEO-001645,CURRENT_CONTEXT,SUPPORTS_SOURCE_A,old cadastral geometry contradicted by GNSS,SOURCE_OBSERVATION,OBS-001645,SOURCE_OBSERVATIONS
CEV-001330,CNF-00693,OBS-001201,SOURCE_A,CADASTRAL_REVENUE,lineage,IN-DL-110054-3-101,OBS-GEO-001201,CURRENT_CONTEXT,SUPPORTS_SOURCE_A,,SOURCE_OBSERVATION,OBS-001201,SOURCE_OBSERVATIONS
CEV-001331,CNF-00694,OBS-000794,SOURCE_A,CADASTRAL_REVENUE,lineage,IN-DL-110054-2-106,OBS-GEO-000794,CURRENT_CONTEXT,SUPPORTS_SOURCE_A,,SOURCE_OBSERVATION,OBS-000794,SOURCE_OBSERVATIONS
CEV-001332,CNF-00695,OBS-001651,SOURCE_A,CADASTRAL_REVENUE,lineage,IN-DL-110054-4-101,OBS-GEO-001651,CURRENT_CONTEXT,SUPPORTS_SOURCE_A,,SOURCE_OBSERVATION,OBS-001651,SOURCE_OBSERVATIONS
CEV-001333,CNF-00696,OBS-001214,SOURCE_A,CADASTRAL_REVENUE,lineage,IN-DL-110054-3-104;IN-DL-110054-3-105,OBS-GEO-001214,CURRENT_CONTEXT,SUPPORTS_SOURCE_A,,SOURCE_OBSERVATION,OBS-001214,SOURCE_OBSERVATIONS
CEV-001334,CNF-00697,OBS-002938,SOURCE_A,CADASTRAL_REVENUE,lineage,IN-DL-110054-7-104;IN-DL-110054-7-105,OBS-GEO-002938,CURRENT_CONTEXT,SUPPORTS_SOURCE_A,,SOURCE_OBSERVATION,OBS-002938,SOURCE_OBSERVATIONS
CEV-001335,CNF-00698,OBS-003817,SOURCE_A,CADASTRAL_REVENUE,lineage,IN-DL-110054-8-106;IN-DL-110054-9-106,OBS-GEO-003817,CURRENT_CONTEXT,SUPPORTS_SOURCE_A,,SOURCE_OBSERVATION,OBS-003817,SOURCE_OBSERVATIONS
CEV-001336,CNF-00699,OBS-000350,SOURCE_A,CADASTRAL_REVENUE,lineage,IN-DL-110054-1-101,OBS-GEO-000350,CURRENT_CONTEXT,SUPPORTS_SOURCE_A,,SOURCE_OBSERVATION,OBS-000350,SOURCE_OBSERVATIONS
CEV-001337,CNF-00700,OBS-004225,SOURCE_A,CADASTRAL_REVENUE,lineage,IN-DL-110054-10-101,OBS-GEO-004225,CURRENT_CONTEXT,SUPPORTS_SOURCE_A,local spatial distortion,SOURCE_OBSERVATION,OBS-004225,SOURCE_OBSERVATIONS
CEV-001338,CNF-00701,OBS-000361,SOURCE_A,CADASTRAL_REVENUE,lineage,IN-DL-110054-1-106,OBS-GEO-000361,CURRENT_CONTEXT,SUPPORTS_SOURCE_A,,SOURCE_OBSERVATION,OBS-000361,SOURCE_OBSERVATIONS
CEV-001339,CNF-00702,OBS-001659,SOURCE_A,CADASTRAL_REVENUE,lineage,IN-DL-110054-4-104;IN-DL-110054-4-105,OBS-GEO-001659,CURRENT_CONTEXT,SUPPORTS_SOURCE_A,,SOURCE_OBSERVATION,OBS-001659,SOURCE_OBSERVATIONS
CEV-001340,CNF-00703,OBS-001654,SOURCE_A,CADASTRAL_REVENUE,lineage,IN-DL-110054-4-102;IN-DL-110054-4-103,OBS-GEO-001654,CURRENT_CONTEXT,SUPPORTS_SOURCE_A,,SOURCE_OBSERVATION,OBS-001654,SOURCE_OBSERVATIONS
CEV-001341,CNF-00704,OBS-000353,SOURCE_A,CADASTRAL_REVENUE,lineage,IN-DL-110054-1-102;IN-DL-110054-1-103,OBS-GEO-000353,CURRENT_CONTEXT,SUPPORTS_SOURCE_A,,SOURCE_OBSERVATION,OBS-000353,SOURCE_OBSERVATIONS
CEV-001342,CNF-00705,OBS-002518,SOURCE_A,CADASTRAL_REVENUE,lineage,IN-DL-110054-6-104;IN-DL-110054-6-105;IN-DL-110054-6-106,OBS-GEO-002518,CURRENT_CONTEXT,SUPPORTS_SOURCE_A,,SOURCE_OBSERVATION,OBS-002518,SOURCE_OBSERVATIONS
CEV-001343,CNF-00706,OBS-004240,SOURCE_A,CADASTRAL_REVENUE,lineage,IN-DL-110054-10-104;IN-DL-110054-10-105;IN-DL-110054-10-106,OBS-GEO-004240,CURRENT_CONTEXT,SUPPORTS_SOURCE_A,,SOURCE_OBSERVATION,OBS-004240,SOURCE_OBSERVATIONS
CEV-001344,CNF-00707,OBS-000769,SOURCE_A,CADASTRAL_REVENUE,lineage,IN-DL-110054-2-104;IN-DL-110054-2-105,OBS-GEO-000769,CURRENT_CONTEXT,SUPPORTS_SOURCE_A,,SOURCE_OBSERVATION,OBS-000769,SOURCE_OBSERVATIONS
CEV-001345,CNF-00708,OBS-002108,SOURCE_A,CADASTRAL_REVENUE,lineage,IN-DL-110054-5-104;IN-DL-110054-5-105,OBS-GEO-002108,CURRENT_CONTEXT,SUPPORTS_SOURCE_A,,SOURCE_OBSERVATION,OBS-002108,SOURCE_OBSERVATIONS
CEV-001346,CNF-00709,OBS-002099,SOURCE_A,CADASTRAL_REVENUE,lineage,IN-DL-110054-5-101,OBS-GEO-002099,CURRENT_CONTEXT,SUPPORTS_SOURCE_A,,SOURCE_OBSERVATION,OBS-002099,SOURCE_OBSERVATIONS
CEV-001347,CNF-00710,OBS-003786,SOURCE_A,CADASTRAL_REVENUE,lineage,IN-DL-110054-9-104;IN-DL-110054-9-105,OBS-GEO-003786,CURRENT_CONTEXT,SUPPORTS_SOURCE_A,,SOURCE_OBSERVATION,OBS-003786,SOURCE_OBSERVATIONS
CEV-001348,CNF-00711,OBS-002513,SOURCE_A,CADASTRAL_REVENUE,lineage,IN-DL-110054-6-102;IN-DL-110054-6-103,OBS-GEO-002513,CURRENT_CONTEXT,SUPPORTS_SOURCE_A,,SOURCE_OBSERVATION,OBS-002513,SOURCE_OBSERVATIONS
CEV-001349,CNF-00712,OBS-001205,SOURCE_A,CADASTRAL_REVENUE,lineage,IN-DL-110054-3-101,OBS-GEO-001205,CURRENT_CONTEXT,SUPPORTS_SOURCE_A,,SOURCE_OBSERVATION,OBS-001205,SOURCE_OBSERVATIONS
CEV-001350,CNF-00713,OBS-000358,SOURCE_A,CADASTRAL_REVENUE,lineage,IN-DL-110054-1-104;IN-DL-110054-1-105,OBS-GEO-000358,CURRENT_CONTEXT,SUPPORTS_SOURCE_A,slight systematic cadastral shift,SOURCE_OBSERVATION,OBS-000358,SOURCE_OBSERVATIONS
CEV-001351,CNF-00714,OBS-002105,SOURCE_A,CADASTRAL_REVENUE,lineage,IN-DL-110054-5-102;IN-DL-110054-5-103,OBS-GEO-002105,CURRENT_CONTEXT,SUPPORTS_SOURCE_A,alternate neighboring candidate plausible,SOURCE_OBSERVATION,OBS-002105,SOURCE_OBSERVATIONS
CEV-001352,CNF-00715,OBS-002965,SOURCE_A,CADASTRAL_REVENUE,lineage,IN-DL-110054-7-106,OBS-GEO-002965,CURRENT_CONTEXT,SUPPORTS_SOURCE_A,slight systematic cadastral shift,SOURCE_OBSERVATION,OBS-002965,SOURCE_OBSERVATIONS
CEV-001353,CNF-00001,OBS-000041,SOURCE_A,CADASTRAL_REVENUE,owner_name,Sneha Bansal,OBS-GEO-000041,CURRENT_CONTEXT,SUPPORTS_SOURCE_A,Restored semantic evidence after final cross-sheet audit,SOURCE_OBSERVATION,OBS-000041,SOURCE_OBSERVATIONS
CEV-001354,CNF-00001,OBS-000042,SOURCE_B,MUNICIPAL_PROPERTY,owner_name,S. Bansal,OBS-GEO-000042,CURRENT_CONTEXT,SUPPORTS_SOURCE_B,Restored semantic evidence after final cross-sheet audit,SOURCE_OBSERVATION,OBS-000042,SOURCE_OBSERVATIONS
CEV-001355,CNF-00004,OBS-000081,SOURCE_A,CADASTRAL_REVENUE,owner_name,Aarav Aggarwal,OBS-GEO-000081,CURRENT_CONTEXT,SUPPORTS_SOURCE_A,Restored semantic evidence after final cross-sheet audit,SOURCE_OBSERVATION,OBS-000081,SOURCE_OBSERVATIONS
CEV-001356,CNF-00004,OBS-000082,SOURCE_B,MUNICIPAL_PROPERTY,owner_name,A. Aggarwal,OBS-GEO-000082,CURRENT_CONTEXT,SUPPORTS_SOURCE_B,Restored semantic evidence after final cross-sheet audit,SOURCE_OBSERVATION,OBS-000082,SOURCE_OBSERVATIONS
CEV-001357,CNF-00009,OBS-000154,SOURCE_A,CADASTRAL_REVENUE,owner_name,Aarav Tiwari,OBS-GEO-000154,CURRENT_CONTEXT,SUPPORTS_SOURCE_A,Restored semantic evidence after final cross-sheet audit,SOURCE_OBSERVATION,OBS-000154,SOURCE_OBSERVATIONS
CEV-001358,CNF-00009,OBS-000155,SOURCE_B,MUNICIPAL_PROPERTY,owner_name,A. Tiwari,OBS-GEO-000155,CURRENT_CONTEXT,SUPPORTS_SOURCE_B,Restored semantic evidence after final cross-sheet audit,SOURCE_OBSERVATION,OBS-000155,SOURCE_OBSERVATIONS
CEV-001359,CNF-00012,OBS-000189,SOURCE_A,CADASTRAL_REVENUE,owner_name,Sneha Chawla,OBS-GEO-000189,CURRENT_CONTEXT,SUPPORTS_SOURCE_A,Restored semantic evidence after final cross-sheet audit,SOURCE_OBSERVATION,OBS-000189,SOURCE_OBSERVATIONS
CEV-001360,CNF-00012,OBS-000190,SOURCE_B,MUNICIPAL_PROPERTY,owner_name,S. Chawla,OBS-GEO-000190,CURRENT_CONTEXT,SUPPORTS_SOURCE_B,Restored semantic evidence after final cross-sheet audit,SOURCE_OBSERVATION,OBS-000190,SOURCE_OBSERVATIONS
CEV-001361,CNF-00016,OBS-000264,SOURCE_A,CADASTRAL_REVENUE,owner_name,Sneha Verma,OBS-GEO-000264,CURRENT_CONTEXT,SUPPORTS_SOURCE_A,Restored semantic evidence after final cross-sheet audit,SOURCE_OBSERVATION,OBS-000264,SOURCE_OBSERVATIONS
CEV-001362,CNF-00016,OBS-000265,SOURCE_B,MUNICIPAL_PROPERTY,owner_name,S. Verma,OBS-GEO-000265,CURRENT_CONTEXT,SUPPORTS_SOURCE_B,Restored semantic evidence after final cross-sheet audit,SOURCE_OBSERVATION,OBS-000265,SOURCE_OBSERVATIONS
CEV-001363,CNF-00019,OBS-000302,SOURCE_A,CADASTRAL_REVENUE,owner_name,Aarav Mehta,OBS-GEO-000302,CURRENT_CONTEXT,SUPPORTS_SOURCE_A,Restored semantic evidence after final cross-sheet audit,SOURCE_OBSERVATION,OBS-000302,SOURCE_OBSERVATIONS
CEV-001364,CNF-00019,OBS-000303,SOURCE_B,MUNICIPAL_PROPERTY,owner_name,A. Mehta,OBS-GEO-000303,CURRENT_CONTEXT,SUPPORTS_SOURCE_B,Restored semantic evidence after final cross-sheet audit,SOURCE_OBSERVATION,OBS-000303,SOURCE_OBSERVATIONS
CEV-001365,CNF-00024,OBS-000385,SOURCE_A,CADASTRAL_REVENUE,owner_name,Aarav Bansal,OBS-GEO-000385,CURRENT_CONTEXT,SUPPORTS_SOURCE_A,Restored semantic evidence after final cross-sheet audit,SOURCE_OBSERVATION,OBS-000385,SOURCE_OBSERVATIONS
CEV-001366,CNF-00024,OBS-000386,SOURCE_B,MUNICIPAL_PROPERTY,owner_name,A. Bansal,OBS-GEO-000386,CURRENT_CONTEXT,SUPPORTS_SOURCE_B,Restored semantic evidence after final cross-sheet audit,SOURCE_OBSERVATION,OBS-000386,SOURCE_OBSERVATIONS
CEV-001367,CNF-00025,OBS-000425,SOURCE_A,CADASTRAL_REVENUE,owner_name,Sneha Aggarwal,OBS-GEO-000425,CURRENT_CONTEXT,SUPPORTS_SOURCE_A,Restored semantic evidence after final cross-sheet audit,SOURCE_OBSERVATION,OBS-000425,SOURCE_OBSERVATIONS
CEV-001368,CNF-00025,OBS-000426,SOURCE_B,MUNICIPAL_PROPERTY,owner_name,S. Aggarwal,OBS-GEO-000426,CURRENT_CONTEXT,SUPPORTS_SOURCE_B,Restored semantic evidence after final cross-sheet audit,SOURCE_OBSERVATION,OBS-000426,SOURCE_OBSERVATIONS
CEV-001369,CNF-00028,OBS-000464,SOURCE_A,CADASTRAL_REVENUE,owner_name,Matrika Traders Association,OBS-GEO-000464,CURRENT_CONTEXT,SUPPORTS_SOURCE_A,Restored semantic evidence after final cross-sheet audit,SOURCE_OBSERVATION,OBS-000464,SOURCE_OBSERVATIONS
CEV-001370,CNF-00028,OBS-000465,SOURCE_B,MUNICIPAL_PROPERTY,owner_name,M. Association,OBS-GEO-000465,CURRENT_CONTEXT,SUPPORTS_SOURCE_B,Restored semantic evidence after final cross-sheet audit,SOURCE_OBSERVATION,OBS-000465,SOURCE_OBSERVATIONS
CEV-001371,CNF-00033,OBS-000541,SOURCE_A,CADASTRAL_REVENUE,owner_name,Aarav Chawla,OBS-GEO-000541,CURRENT_CONTEXT,SUPPORTS_SOURCE_A,Restored semantic evidence after final cross-sheet audit,SOURCE_OBSERVATION,OBS-000541,SOURCE_OBSERVATIONS
CEV-001372,CNF-00033,OBS-000542,SOURCE_B,MUNICIPAL_PROPERTY,owner_name,A. Chawla,OBS-GEO-000542,CURRENT_CONTEXT,SUPPORTS_SOURCE_B,Restored semantic evidence after final cross-sheet audit,SOURCE_OBSERVATION,OBS-000542,SOURCE_OBSERVATIONS
CEV-001373,CNF-00036,OBS-000581,SOURCE_A,CADASTRAL_REVENUE,owner_name,Sneha Bhatia,OBS-GEO-000581,CURRENT_CONTEXT,SUPPORTS_SOURCE_A,Restored semantic evidence after final cross-sheet audit,SOURCE_OBSERVATION,OBS-000581,SOURCE_OBSERVATIONS
CEV-001374,CNF-00036,OBS-000582,SOURCE_B,MUNICIPAL_PROPERTY,owner_name,S. Bhatia,OBS-GEO-000582,CURRENT_CONTEXT,SUPPORTS_SOURCE_B,Restored semantic evidence after final cross-sheet audit,SOURCE_OBSERVATION,OBS-000582,SOURCE_OBSERVATIONS
CEV-001375,CNF-00039,OBS-000665,SOURCE_A,CADASTRAL_REVENUE,owner_name,Sneha Mehta,OBS-GEO-000665,CURRENT_CONTEXT,SUPPORTS_SOURCE_A,Restored semantic evidence after final cross-sheet audit,SOURCE_OBSERVATION,OBS-000665,SOURCE_OBSERVATIONS
CEV-001376,CNF-00039,OBS-000666,SOURCE_B,MUNICIPAL_PROPERTY,owner_name,S. Mehta,OBS-GEO-000666,CURRENT_CONTEXT,SUPPORTS_SOURCE_B,Restored semantic evidence after final cross-sheet audit,SOURCE_OBSERVATION,OBS-000666,SOURCE_OBSERVATIONS
CEV-001377,CNF-00042,OBS-000708,SOURCE_A,CADASTRAL_REVENUE,owner_name,Aarav Khanna,OBS-GEO-000708,CURRENT_CONTEXT,SUPPORTS_SOURCE_A,Restored semantic evidence after final cross-sheet audit,SOURCE_OBSERVATION,OBS-000708,SOURCE_OBSERVATIONS
CEV-001378,CNF-00042,OBS-000709,SOURCE_B,MUNICIPAL_PROPERTY,owner_name,A. Khanna,OBS-GEO-000709,CURRENT_CONTEXT,SUPPORTS_SOURCE_B,Restored semantic evidence after final cross-sheet audit,SOURCE_OBSERVATION,OBS-000709,SOURCE_OBSERVATIONS
CEV-001379,CNF-00056,OBS-001122,SOURCE_A,CADASTRAL_REVENUE,owner_name,Sneha Khanna,OBS-GEO-001122,CURRENT_CONTEXT,SUPPORTS_SOURCE_A,Restored semantic evidence after final cross-sheet audit,SOURCE_OBSERVATION,OBS-001122,SOURCE_OBSERVATIONS
CEV-001380,CNF-00056,OBS-001123,SOURCE_B,MUNICIPAL_PROPERTY,owner_name,S. Khanna,OBS-GEO-001123,CURRENT_CONTEXT,SUPPORTS_SOURCE_B,Restored semantic evidence after final cross-sheet audit,SOURCE_OBSERVATION,OBS-001123,SOURCE_OBSERVATIONS
CEV-001381,CNF-00059,OBS-001160,SOURCE_A,CADASTRAL_REVENUE,owner_name,Aarav Bansal,OBS-GEO-001160,CURRENT_CONTEXT,SUPPORTS_SOURCE_A,Restored semantic evidence after final cross-sheet audit,SOURCE_OBSERVATION,OBS-001160,SOURCE_OBSERVATIONS
CEV-001382,CNF-00059,OBS-001161,SOURCE_B,MUNICIPAL_PROPERTY,owner_name,A. Bansal,OBS-GEO-001161,CURRENT_CONTEXT,SUPPORTS_SOURCE_B,Restored semantic evidence after final cross-sheet audit,SOURCE_OBSERVATION,OBS-001161,SOURCE_OBSERVATIONS
CEV-001383,CNF-00064,OBS-001242,SOURCE_A,CADASTRAL_REVENUE,owner_name,Aarav Saxena,OBS-GEO-001242,CURRENT_CONTEXT,SUPPORTS_SOURCE_A,Restored semantic evidence after final cross-sheet audit,SOURCE_OBSERVATION,OBS-001242,SOURCE_OBSERVATIONS
CEV-001384,CNF-00064,OBS-001243,SOURCE_B,MUNICIPAL_PROPERTY,owner_name,A. Saxena,OBS-GEO-001243,CURRENT_CONTEXT,SUPPORTS_SOURCE_B,Restored semantic evidence after final cross-sheet audit,SOURCE_OBSERVATION,OBS-001243,SOURCE_OBSERVATIONS
CEV-001385,CNF-00065,OBS-001291,SOURCE_A,CADASTRAL_REVENUE,owner_name,Pramaan Institute of Civic Studies,OBS-GEO-001291,CURRENT_CONTEXT,SUPPORTS_SOURCE_A,Restored semantic evidence after final cross-sheet audit,SOURCE_OBSERVATION,OBS-001291,SOURCE_OBSERVATIONS
CEV-001386,CNF-00065,OBS-001292,SOURCE_B,MUNICIPAL_PROPERTY,owner_name,P. Studies,OBS-GEO-001292,CURRENT_CONTEXT,SUPPORTS_SOURCE_B,Restored semantic evidence after final cross-sheet audit,SOURCE_OBSERVATION,OBS-001292,SOURCE_OBSERVATIONS
CEV-001387,CNF-00068,OBS-001334,SOURCE_A,CADASTRAL_REVENUE,owner_name,Pramaan Institute of Civic Studies,OBS-GEO-001334,CURRENT_CONTEXT,SUPPORTS_SOURCE_A,Restored semantic evidence after final cross-sheet audit,SOURCE_OBSERVATION,OBS-001334,SOURCE_OBSERVATIONS
CEV-001388,CNF-00068,OBS-001335,SOURCE_B,MUNICIPAL_PROPERTY,owner_name,P. Studies,OBS-GEO-001335,CURRENT_CONTEXT,SUPPORTS_SOURCE_B,Restored semantic evidence after final cross-sheet audit,SOURCE_OBSERVATION,OBS-001335,SOURCE_OBSERVATIONS
CEV-001389,CNF-00073,OBS-001421,SOURCE_A,CADASTRAL_REVENUE,owner_name,Pramaan Institute of Civic Studies,OBS-GEO-001421,CURRENT_CONTEXT,SUPPORTS_SOURCE_A,Restored semantic evidence after final cross-sheet audit,SOURCE_OBSERVATION,OBS-001421,SOURCE_OBSERVATIONS
CEV-001390,CNF-00073,OBS-001422,SOURCE_B,MUNICIPAL_PROPERTY,owner_name,P. Studies,OBS-GEO-001422,CURRENT_CONTEXT,SUPPORTS_SOURCE_B,Restored semantic evidence after final cross-sheet audit,SOURCE_OBSERVATION,OBS-001422,SOURCE_OBSERVATIONS
CEV-001391,CNF-00076,OBS-001464,SOURCE_A,CADASTRAL_REVENUE,owner_name,Pramaan Institute of Civic Studies,OBS-GEO-001464,CURRENT_CONTEXT,SUPPORTS_SOURCE_A,Restored semantic evidence after final cross-sheet audit,SOURCE_OBSERVATION,OBS-001464,SOURCE_OBSERVATIONS
CEV-001392,CNF-00076,OBS-001465,SOURCE_B,MUNICIPAL_PROPERTY,owner_name,P. Studies,OBS-GEO-001465,CURRENT_CONTEXT,SUPPORTS_SOURCE_B,Restored semantic evidence after final cross-sheet audit,SOURCE_OBSERVATION,OBS-001465,SOURCE_OBSERVATIONS
CEV-001393,CNF-00080,OBS-001554,SOURCE_A,CADASTRAL_REVENUE,owner_name,Pramaan Institute of Civic Studies,OBS-GEO-001554,CURRENT_CONTEXT,SUPPORTS_SOURCE_A,Restored semantic evidence after final cross-sheet audit,SOURCE_OBSERVATION,OBS-001554,SOURCE_OBSERVATIONS
CEV-001394,CNF-00080,OBS-001555,SOURCE_B,MUNICIPAL_PROPERTY,owner_name,P. Studies,OBS-GEO-001555,CURRENT_CONTEXT,SUPPORTS_SOURCE_B,Restored semantic evidence after final cross-sheet audit,SOURCE_OBSERVATION,OBS-001555,SOURCE_OBSERVATIONS
CEV-001395,CNF-00087,OBS-001682,SOURCE_A,CADASTRAL_REVENUE,owner_name,Aarav Tiwari,OBS-GEO-001682,CURRENT_CONTEXT,SUPPORTS_SOURCE_A,Restored semantic evidence after final cross-sheet audit,SOURCE_OBSERVATION,OBS-001682,SOURCE_OBSERVATIONS
CEV-001396,CNF-00087,OBS-001683,SOURCE_B,MUNICIPAL_PROPERTY,owner_name,A. Tiwari,OBS-GEO-001683,CURRENT_CONTEXT,SUPPORTS_SOURCE_B,Restored semantic evidence after final cross-sheet audit,SOURCE_OBSERVATION,OBS-001683,SOURCE_OBSERVATIONS
CEV-001397,CNF-00088,OBS-001730,SOURCE_A,CADASTRAL_REVENUE,owner_name,Aarohan Heights Residents Association,OBS-GEO-001730,CURRENT_CONTEXT,SUPPORTS_SOURCE_A,Restored semantic evidence after final cross-sheet audit,SOURCE_OBSERVATION,OBS-001730,SOURCE_OBSERVATIONS
CEV-001398,CNF-00088,OBS-001731,SOURCE_B,MUNICIPAL_PROPERTY,owner_name,A. Association,OBS-GEO-001731,CURRENT_CONTEXT,SUPPORTS_SOURCE_B,Restored semantic evidence after final cross-sheet audit,SOURCE_OBSERVATION,OBS-001731,SOURCE_OBSERVATIONS
CEV-001399,CNF-00091,OBS-001775,SOURCE_A,CADASTRAL_REVENUE,owner_name,Aarohan Heights Residents Association,OBS-GEO-001775,CURRENT_CONTEXT,SUPPORTS_SOURCE_A,Restored semantic evidence after final cross-sheet audit,SOURCE_OBSERVATION,OBS-001775,SOURCE_OBSERVATIONS
CEV-001400,CNF-00091,OBS-001776,SOURCE_B,MUNICIPAL_PROPERTY,owner_name,A. Association,OBS-GEO-001776,CURRENT_CONTEXT,SUPPORTS_SOURCE_B,Restored semantic evidence after final cross-sheet audit,SOURCE_OBSERVATION,OBS-001776,SOURCE_OBSERVATIONS
CEV-001401,CNF-00096,OBS-001867,SOURCE_A,CADASTRAL_REVENUE,owner_name,Aarohan Heights Residents Association,OBS-GEO-001867,CURRENT_CONTEXT,SUPPORTS_SOURCE_A,Restored semantic evidence after final cross-sheet audit,SOURCE_OBSERVATION,OBS-001867,SOURCE_OBSERVATIONS
CEV-001402,CNF-00096,OBS-001868,SOURCE_B,MUNICIPAL_PROPERTY,owner_name,A. Association,OBS-GEO-001868,CURRENT_CONTEXT,SUPPORTS_SOURCE_B,Restored semantic evidence after final cross-sheet audit,SOURCE_OBSERVATION,OBS-001868,SOURCE_OBSERVATIONS
CEV-001403,CNF-00099,OBS-001918,SOURCE_A,CADASTRAL_REVENUE,owner_name,Aarohan Heights Residents Association,OBS-GEO-001918,CURRENT_CONTEXT,SUPPORTS_SOURCE_A,Restored semantic evidence after final cross-sheet audit,SOURCE_OBSERVATION,OBS-001918,SOURCE_OBSERVATIONS
CEV-001404,CNF-00099,OBS-001919,SOURCE_B,MUNICIPAL_PROPERTY,owner_name,A. Association,OBS-GEO-001919,CURRENT_CONTEXT,SUPPORTS_SOURCE_B,Restored semantic evidence after final cross-sheet audit,SOURCE_OBSERVATION,OBS-001919,SOURCE_OBSERVATIONS
CEV-001405,CNF-00103,OBS-002004,SOURCE_A,CADASTRAL_REVENUE,owner_name,Aarohan Heights Residents Association,OBS-GEO-002004,CURRENT_CONTEXT,SUPPORTS_SOURCE_A,Restored semantic evidence after final cross-sheet audit,SOURCE_OBSERVATION,OBS-002004,SOURCE_OBSERVATIONS
CEV-001406,CNF-00103,OBS-002005,SOURCE_B,MUNICIPAL_PROPERTY,owner_name,A. Association,OBS-GEO-002005,CURRENT_CONTEXT,SUPPORTS_SOURCE_B,Restored semantic evidence after final cross-sheet audit,SOURCE_OBSERVATION,OBS-002005,SOURCE_OBSERVATIONS
CEV-001407,CNF-00105,OBS-002049,SOURCE_A,CADASTRAL_REVENUE,owner_name,Pramaan Redevelopment LLP,OBS-GEO-002049,CURRENT_CONTEXT,SUPPORTS_SOURCE_A,Restored semantic evidence after final cross-sheet audit,SOURCE_OBSERVATION,OBS-002049,SOURCE_OBSERVATIONS
CEV-001408,CNF-00105,OBS-002050,SOURCE_B,MUNICIPAL_PROPERTY,owner_name,P. LLP,OBS-GEO-002050,CURRENT_CONTEXT,SUPPORTS_SOURCE_B,Restored semantic evidence after final cross-sheet audit,SOURCE_OBSERVATION,OBS-002050,SOURCE_OBSERVATIONS
CEV-001409,CNF-00110,OBS-002134,SOURCE_A,CADASTRAL_REVENUE,owner_name,Pramaan Redevelopment LLP,OBS-GEO-002134,CURRENT_CONTEXT,SUPPORTS_SOURCE_A,Restored semantic evidence after final cross-sheet audit,SOURCE_OBSERVATION,OBS-002134,SOURCE_OBSERVATIONS
CEV-001410,CNF-00110,OBS-002135,SOURCE_B,MUNICIPAL_PROPERTY,owner_name,P. LLP,OBS-GEO-002135,CURRENT_CONTEXT,SUPPORTS_SOURCE_B,Restored semantic evidence after final cross-sheet audit,SOURCE_OBSERVATION,OBS-002135,SOURCE_OBSERVATIONS
CEV-001411,CNF-00111,OBS-002180,SOURCE_A,CADASTRAL_REVENUE,owner_name,Sneha Bhatia,OBS-GEO-002180,CURRENT_CONTEXT,SUPPORTS_SOURCE_A,Restored semantic evidence after final cross-sheet audit,SOURCE_OBSERVATION,OBS-002180,SOURCE_OBSERVATIONS
CEV-001412,CNF-00111,OBS-002181,SOURCE_B,MUNICIPAL_PROPERTY,owner_name,S. Bhatia,OBS-GEO-002181,CURRENT_CONTEXT,SUPPORTS_SOURCE_B,Restored semantic evidence after final cross-sheet audit,SOURCE_OBSERVATION,OBS-002181,SOURCE_OBSERVATIONS
CEV-001413,CNF-00114,OBS-002224,SOURCE_A,CADASTRAL_REVENUE,owner_name,Aarav Verma,OBS-GEO-002224,CURRENT_CONTEXT,SUPPORTS_SOURCE_A,Restored semantic evidence after final cross-sheet audit,SOURCE_OBSERVATION,OBS-002224,SOURCE_OBSERVATIONS
CEV-001414,CNF-00114,OBS-002225,SOURCE_B,MUNICIPAL_PROPERTY,owner_name,A. Verma,OBS-GEO-002225,CURRENT_CONTEXT,SUPPORTS_SOURCE_B,Restored semantic evidence after final cross-sheet audit,SOURCE_OBSERVATION,OBS-002225,SOURCE_OBSERVATIONS
CEV-001415,CNF-00118,OBS-002303,SOURCE_A,CADASTRAL_REVENUE,owner_name,Aarav Khanna,OBS-GEO-002303,CURRENT_CONTEXT,SUPPORTS_SOURCE_A,Restored semantic evidence after final cross-sheet audit,SOURCE_OBSERVATION,OBS-002303,SOURCE_OBSERVATIONS
CEV-001416,CNF-00118,OBS-002304,SOURCE_B,MUNICIPAL_PROPERTY,owner_name,A. Khanna,OBS-GEO-002304,CURRENT_CONTEXT,SUPPORTS_SOURCE_B,Restored semantic evidence after final cross-sheet audit,SOURCE_OBSERVATION,OBS-002304,SOURCE_OBSERVATIONS
CEV-001417,CNF-00121,OBS-002344,SOURCE_A,CADASTRAL_REVENUE,owner_name,Sneha Bansal,OBS-GEO-002344,CURRENT_CONTEXT,SUPPORTS_SOURCE_A,Restored semantic evidence after final cross-sheet audit,SOURCE_OBSERVATION,OBS-002344,SOURCE_OBSERVATIONS
CEV-001418,CNF-00121,OBS-002345,SOURCE_B,MUNICIPAL_PROPERTY,owner_name,S. Bansal,OBS-GEO-002345,CURRENT_CONTEXT,SUPPORTS_SOURCE_B,Restored semantic evidence after final cross-sheet audit,SOURCE_OBSERVATION,OBS-002345,SOURCE_OBSERVATIONS
CEV-001419,CNF-00125,OBS-002423,SOURCE_A,CADASTRAL_REVENUE,owner_name,Sneha Saxena,OBS-GEO-002423,CURRENT_CONTEXT,SUPPORTS_SOURCE_A,Restored semantic evidence after final cross-sheet audit,SOURCE_OBSERVATION,OBS-002423,SOURCE_OBSERVATIONS
CEV-001420,CNF-00125,OBS-002424,SOURCE_B,MUNICIPAL_PROPERTY,owner_name,S. Saxena,OBS-GEO-002424,CURRENT_CONTEXT,SUPPORTS_SOURCE_B,Restored semantic evidence after final cross-sheet audit,SOURCE_OBSERVATION,OBS-002424,SOURCE_OBSERVATIONS
CEV-001421,CNF-00128,OBS-002460,SOURCE_A,CADASTRAL_REVENUE,owner_name,Aarav Tiwari,OBS-GEO-002460,CURRENT_CONTEXT,SUPPORTS_SOURCE_A,Restored semantic evidence after final cross-sheet audit,SOURCE_OBSERVATION,OBS-002460,SOURCE_OBSERVATIONS
CEV-001422,CNF-00128,OBS-002461,SOURCE_B,MUNICIPAL_PROPERTY,owner_name,A. Tiwari,OBS-GEO-002461,CURRENT_CONTEXT,SUPPORTS_SOURCE_B,Restored semantic evidence after final cross-sheet audit,SOURCE_OBSERVATION,OBS-002461,SOURCE_OBSERVATIONS
CEV-001423,CNF-00133,OBS-002544,SOURCE_A,CADASTRAL_REVENUE,owner_name,Aarav Bhatia,OBS-GEO-002544,CURRENT_CONTEXT,SUPPORTS_SOURCE_A,Restored semantic evidence after final cross-sheet audit,SOURCE_OBSERVATION,OBS-002544,SOURCE_OBSERVATIONS
CEV-001424,CNF-00133,OBS-002545,SOURCE_B,MUNICIPAL_PROPERTY,owner_name,A. Bhatia,OBS-GEO-002545,CURRENT_CONTEXT,SUPPORTS_SOURCE_B,Restored semantic evidence after final cross-sheet audit,SOURCE_OBSERVATION,OBS-002545,SOURCE_OBSERVATIONS
CEV-001425,CNF-00134,OBS-002580,SOURCE_A,CADASTRAL_REVENUE,owner_name,Sneha Verma,OBS-GEO-002580,CURRENT_CONTEXT,SUPPORTS_SOURCE_A,Restored semantic evidence after final cross-sheet audit,SOURCE_OBSERVATION,OBS-002580,SOURCE_OBSERVATIONS
CEV-001426,CNF-00134,OBS-002581,SOURCE_B,MUNICIPAL_PROPERTY,owner_name,S. Verma,OBS-GEO-002581,CURRENT_CONTEXT,SUPPORTS_SOURCE_B,Restored semantic evidence after final cross-sheet audit,SOURCE_OBSERVATION,OBS-002581,SOURCE_OBSERVATIONS
CEV-001427,CNF-00137,OBS-002624,SOURCE_A,CADASTRAL_REVENUE,owner_name,Aarav Mehta,OBS-GEO-002624,CURRENT_CONTEXT,SUPPORTS_SOURCE_A,Restored semantic evidence after final cross-sheet audit,SOURCE_OBSERVATION,OBS-002624,SOURCE_OBSERVATIONS
CEV-001428,CNF-00137,OBS-002625,SOURCE_B,MUNICIPAL_PROPERTY,owner_name,A. Mehta,OBS-GEO-002625,CURRENT_CONTEXT,SUPPORTS_SOURCE_B,Restored semantic evidence after final cross-sheet audit,SOURCE_OBSERVATION,OBS-002625,SOURCE_OBSERVATIONS
CEV-001429,CNF-00142,OBS-002707,SOURCE_A,CADASTRAL_REVENUE,owner_name,Aarav Bansal,OBS-GEO-002707,CURRENT_CONTEXT,SUPPORTS_SOURCE_A,Restored semantic evidence after final cross-sheet audit,SOURCE_OBSERVATION,OBS-002707,SOURCE_OBSERVATIONS
CEV-001430,CNF-00142,OBS-002708,SOURCE_B,MUNICIPAL_PROPERTY,owner_name,A. Bansal,OBS-GEO-002708,CURRENT_CONTEXT,SUPPORTS_SOURCE_B,Restored semantic evidence after final cross-sheet audit,SOURCE_OBSERVATION,OBS-002708,SOURCE_OBSERVATIONS
CEV-001431,CNF-00145,OBS-002751,SOURCE_A,CADASTRAL_REVENUE,owner_name,Sneha Aggarwal,OBS-GEO-002751,CURRENT_CONTEXT,SUPPORTS_SOURCE_A,Restored semantic evidence after final cross-sheet audit,SOURCE_OBSERVATION,OBS-002751,SOURCE_OBSERVATIONS
CEV-001432,CNF-00145,OBS-002752,SOURCE_B,MUNICIPAL_PROPERTY,owner_name,S. Aggarwal,OBS-GEO-002752,CURRENT_CONTEXT,SUPPORTS_SOURCE_B,Restored semantic evidence after final cross-sheet audit,SOURCE_OBSERVATION,OBS-002752,SOURCE_OBSERVATIONS
CEV-001433,CNF-00149,OBS-002825,SOURCE_A,CADASTRAL_REVENUE,owner_name,Sneha Tiwari,OBS-GEO-002825,CURRENT_CONTEXT,SUPPORTS_SOURCE_A,Restored semantic evidence after final cross-sheet audit,SOURCE_OBSERVATION,OBS-002825,SOURCE_OBSERVATIONS
CEV-001434,CNF-00149,OBS-002826,SOURCE_B,MUNICIPAL_PROPERTY,owner_name,S. Tiwari,OBS-GEO-002826,CURRENT_CONTEXT,SUPPORTS_SOURCE_B,Restored semantic evidence after final cross-sheet audit,SOURCE_OBSERVATION,OBS-002826,SOURCE_OBSERVATIONS
CEV-001435,CNF-00152,OBS-002873,SOURCE_A,CADASTRAL_REVENUE,owner_name,Aarav Chawla,OBS-GEO-002873,CURRENT_CONTEXT,SUPPORTS_SOURCE_A,Restored semantic evidence after final cross-sheet audit,SOURCE_OBSERVATION,OBS-002873,SOURCE_OBSERVATIONS
CEV-001436,CNF-00152,OBS-002874,SOURCE_B,MUNICIPAL_PROPERTY,owner_name,A. Chawla,OBS-GEO-002874,CURRENT_CONTEXT,SUPPORTS_SOURCE_B,Restored semantic evidence after final cross-sheet audit,SOURCE_OBSERVATION,OBS-002874,SOURCE_OBSERVATIONS
CEV-001437,CNF-00157,OBS-002965,SOURCE_A,CADASTRAL_REVENUE,owner_name,Pramaan Redevelopment LLP,OBS-GEO-002965,CURRENT_CONTEXT,SUPPORTS_SOURCE_A,Restored semantic evidence after final cross-sheet audit,SOURCE_OBSERVATION,OBS-002965,SOURCE_OBSERVATIONS
CEV-001438,CNF-00157,OBS-002966,SOURCE_B,MUNICIPAL_PROPERTY,owner_name,P. LLP,OBS-GEO-002966,CURRENT_CONTEXT,SUPPORTS_SOURCE_B,Restored semantic evidence after final cross-sheet audit,SOURCE_OBSERVATION,OBS-002966,SOURCE_OBSERVATIONS
CEV-001439,CNF-00162,OBS-003142,SOURCE_A,CADASTRAL_REVENUE,owner_name,Pramaan Community Health Trust,OBS-GEO-003142,CURRENT_CONTEXT,SUPPORTS_SOURCE_A,Restored semantic evidence after final cross-sheet audit,SOURCE_OBSERVATION,OBS-003142,SOURCE_OBSERVATIONS
CEV-001440,CNF-00162,OBS-003143,SOURCE_B,MUNICIPAL_PROPERTY,owner_name,P. Trust,OBS-GEO-003143,CURRENT_CONTEXT,SUPPORTS_SOURCE_B,Restored semantic evidence after final cross-sheet audit,SOURCE_OBSERVATION,OBS-003143,SOURCE_OBSERVATIONS
CEV-001441,CNF-00165,OBS-003180,SOURCE_A,CADASTRAL_REVENUE,owner_name,Pramaan Community Trust,OBS-GEO-003180,CURRENT_CONTEXT,SUPPORTS_SOURCE_A,Restored semantic evidence after final cross-sheet audit,SOURCE_OBSERVATION,OBS-003180,SOURCE_OBSERVATIONS
CEV-001442,CNF-00165,OBS-003181,SOURCE_B,MUNICIPAL_PROPERTY,owner_name,P. Trust,OBS-GEO-003181,CURRENT_CONTEXT,SUPPORTS_SOURCE_B,Restored semantic evidence after final cross-sheet audit,SOURCE_OBSERVATION,OBS-003181,SOURCE_OBSERVATIONS
CEV-001443,CNF-00169,OBS-003261,SOURCE_A,CADASTRAL_REVENUE,owner_name,Pramaan Community Health Trust,OBS-GEO-003261,CURRENT_CONTEXT,SUPPORTS_SOURCE_A,Restored semantic evidence after final cross-sheet audit,SOURCE_OBSERVATION,OBS-003261,SOURCE_OBSERVATIONS
CEV-001444,CNF-00169,OBS-003262,SOURCE_B,MUNICIPAL_PROPERTY,owner_name,P. Trust,OBS-GEO-003262,CURRENT_CONTEXT,SUPPORTS_SOURCE_B,Restored semantic evidence after final cross-sheet audit,SOURCE_OBSERVATION,OBS-003262,SOURCE_OBSERVATIONS
CEV-001445,CNF-00172,OBS-003305,SOURCE_A,CADASTRAL_REVENUE,owner_name,Pramaan Community Trust,OBS-GEO-003305,CURRENT_CONTEXT,SUPPORTS_SOURCE_A,Restored semantic evidence after final cross-sheet audit,SOURCE_OBSERVATION,OBS-003305,SOURCE_OBSERVATIONS
CEV-001446,CNF-00172,OBS-003306,SOURCE_B,MUNICIPAL_PROPERTY,owner_name,P. Trust,OBS-GEO-003306,CURRENT_CONTEXT,SUPPORTS_SOURCE_B,Restored semantic evidence after final cross-sheet audit,SOURCE_OBSERVATION,OBS-003306,SOURCE_OBSERVATIONS
CEV-001447,CNF-00176,OBS-003436,SOURCE_A,CADASTRAL_REVENUE,owner_name,Sneha Khanna,OBS-GEO-003436,CURRENT_CONTEXT,SUPPORTS_SOURCE_A,Restored semantic evidence after final cross-sheet audit,SOURCE_OBSERVATION,OBS-003436,SOURCE_OBSERVATIONS
CEV-001448,CNF-00176,OBS-003437,SOURCE_B,MUNICIPAL_PROPERTY,owner_name,S. Khanna,OBS-GEO-003437,CURRENT_CONTEXT,SUPPORTS_SOURCE_B,Restored semantic evidence after final cross-sheet audit,SOURCE_OBSERVATION,OBS-003437,SOURCE_OBSERVATIONS
CEV-001449,CNF-00179,OBS-003478,SOURCE_A,CADASTRAL_REVENUE,owner_name,Aarav Bansal,OBS-GEO-003478,CURRENT_CONTEXT,SUPPORTS_SOURCE_A,Restored semantic evidence after final cross-sheet audit,SOURCE_OBSERVATION,OBS-003478,SOURCE_OBSERVATIONS
CEV-001450,CNF-00179,OBS-003479,SOURCE_B,MUNICIPAL_PROPERTY,owner_name,A. Bansal,OBS-GEO-003479,CURRENT_CONTEXT,SUPPORTS_SOURCE_B,Restored semantic evidence after final cross-sheet audit,SOURCE_OBSERVATION,OBS-003479,SOURCE_OBSERVATIONS
CEV-001451,CNF-00184,OBS-003563,SOURCE_A,CADASTRAL_REVENUE,owner_name,Aarav Saxena,OBS-GEO-003563,CURRENT_CONTEXT,SUPPORTS_SOURCE_A,Restored semantic evidence after final cross-sheet audit,SOURCE_OBSERVATION,OBS-003563,SOURCE_OBSERVATIONS
CEV-001452,CNF-00184,OBS-003564,SOURCE_B,MUNICIPAL_PROPERTY,owner_name,A. Saxena,OBS-GEO-003564,CURRENT_CONTEXT,SUPPORTS_SOURCE_B,Restored semantic evidence after final cross-sheet audit,SOURCE_OBSERVATION,OBS-003564,SOURCE_OBSERVATIONS
CEV-001453,CNF-00187,OBS-003604,SOURCE_A,CADASTRAL_REVENUE,owner_name,Sneha Tiwari,OBS-GEO-003604,CURRENT_CONTEXT,SUPPORTS_SOURCE_A,Restored semantic evidence after final cross-sheet audit,SOURCE_OBSERVATION,OBS-003604,SOURCE_OBSERVATIONS
CEV-001454,CNF-00187,OBS-003605,SOURCE_B,MUNICIPAL_PROPERTY,owner_name,S. Tiwari,OBS-GEO-003605,CURRENT_CONTEXT,SUPPORTS_SOURCE_B,Restored semantic evidence after final cross-sheet audit,SOURCE_OBSERVATION,OBS-003605,SOURCE_OBSERVATIONS
CEV-001455,CNF-00191,OBS-003683,SOURCE_A,CADASTRAL_REVENUE,owner_name,Sneha Bhatia,OBS-GEO-003683,CURRENT_CONTEXT,SUPPORTS_SOURCE_A,Restored semantic evidence after final cross-sheet audit,SOURCE_OBSERVATION,OBS-003683,SOURCE_OBSERVATIONS
CEV-001456,CNF-00191,OBS-003684,SOURCE_B,MUNICIPAL_PROPERTY,owner_name,S. Bhatia,OBS-GEO-003684,CURRENT_CONTEXT,SUPPORTS_SOURCE_B,Restored semantic evidence after final cross-sheet audit,SOURCE_OBSERVATION,OBS-003684,SOURCE_OBSERVATIONS
CEV-001457,CNF-00194,OBS-003727,SOURCE_A,CADASTRAL_REVENUE,owner_name,Aarav Verma,OBS-GEO-003727,CURRENT_CONTEXT,SUPPORTS_SOURCE_A,Restored semantic evidence after final cross-sheet audit,SOURCE_OBSERVATION,OBS-003727,SOURCE_OBSERVATIONS
CEV-001458,CNF-00194,OBS-003728,SOURCE_B,MUNICIPAL_PROPERTY,owner_name,A. Verma,OBS-GEO-003728,CURRENT_CONTEXT,SUPPORTS_SOURCE_B,Restored semantic evidence after final cross-sheet audit,SOURCE_OBSERVATION,OBS-003728,SOURCE_OBSERVATIONS
CEV-001459,CNF-00199,OBS-003817,SOURCE_A,CADASTRAL_REVENUE,owner_name,Pramaan Redevelopment LLP,OBS-GEO-003817,CURRENT_CONTEXT,SUPPORTS_SOURCE_A,Restored semantic evidence after final cross-sheet audit,SOURCE_OBSERVATION,OBS-003817,SOURCE_OBSERVATIONS
CEV-001460,CNF-00199,OBS-003818,SOURCE_B,MUNICIPAL_PROPERTY,owner_name,P. LLP,OBS-GEO-003818,CURRENT_CONTEXT,SUPPORTS_SOURCE_B,Restored semantic evidence after final cross-sheet audit,SOURCE_OBSERVATION,OBS-003818,SOURCE_OBSERVATIONS
CEV-001461,CNF-00200,OBS-003859,SOURCE_A,CADASTRAL_REVENUE,owner_name,Sneha Bansal,OBS-GEO-003859,CURRENT_CONTEXT,SUPPORTS_SOURCE_A,Restored semantic evidence after final cross-sheet audit,SOURCE_OBSERVATION,OBS-003859,SOURCE_OBSERVATIONS
CEV-001462,CNF-00200,OBS-003860,SOURCE_B,MUNICIPAL_PROPERTY,owner_name,S. Bansal,OBS-GEO-003860,CURRENT_CONTEXT,SUPPORTS_SOURCE_B,Restored semantic evidence after final cross-sheet audit,SOURCE_OBSERVATION,OBS-003860,SOURCE_OBSERVATIONS
CEV-001463,CNF-00203,OBS-003905,SOURCE_A,CADASTRAL_REVENUE,owner_name,Aarav Aggarwal,OBS-GEO-003905,CURRENT_CONTEXT,SUPPORTS_SOURCE_A,Restored semantic evidence after final cross-sheet audit,SOURCE_OBSERVATION,OBS-003905,SOURCE_OBSERVATIONS
CEV-001464,CNF-00203,OBS-003906,SOURCE_B,MUNICIPAL_PROPERTY,owner_name,A. Aggarwal,OBS-GEO-003906,CURRENT_CONTEXT,SUPPORTS_SOURCE_B,Restored semantic evidence after final cross-sheet audit,SOURCE_OBSERVATION,OBS-003906,SOURCE_OBSERVATIONS
CEV-001465,CNF-00208,OBS-003991,SOURCE_A,CADASTRAL_REVENUE,owner_name,Aarav Tiwari,OBS-GEO-003991,CURRENT_CONTEXT,SUPPORTS_SOURCE_A,Restored semantic evidence after final cross-sheet audit,SOURCE_OBSERVATION,OBS-003991,SOURCE_OBSERVATIONS
CEV-001466,CNF-00208,OBS-003992,SOURCE_B,MUNICIPAL_PROPERTY,owner_name,A. Tiwari,OBS-GEO-003992,CURRENT_CONTEXT,SUPPORTS_SOURCE_B,Restored semantic evidence after final cross-sheet audit,SOURCE_OBSERVATION,OBS-003992,SOURCE_OBSERVATIONS
CEV-001467,CNF-00211,OBS-004038,SOURCE_A,CADASTRAL_REVENUE,owner_name,Sneha Chawla,OBS-GEO-004038,CURRENT_CONTEXT,SUPPORTS_SOURCE_A,Restored semantic evidence after final cross-sheet audit,SOURCE_OBSERVATION,OBS-004038,SOURCE_OBSERVATIONS
CEV-001468,CNF-00211,OBS-004039,SOURCE_B,MUNICIPAL_PROPERTY,owner_name,S. Chawla,OBS-GEO-004039,CURRENT_CONTEXT,SUPPORTS_SOURCE_B,Restored semantic evidence after final cross-sheet audit,SOURCE_OBSERVATION,OBS-004039,SOURCE_OBSERVATIONS
CEV-001469,CNF-00215,OBS-004129,SOURCE_A,CADASTRAL_REVENUE,owner_name,Sneha Verma,OBS-GEO-004129,CURRENT_CONTEXT,SUPPORTS_SOURCE_A,Restored semantic evidence after final cross-sheet audit,SOURCE_OBSERVATION,OBS-004129,SOURCE_OBSERVATIONS
CEV-001470,CNF-00215,OBS-004130,SOURCE_B,MUNICIPAL_PROPERTY,owner_name,S. Verma,OBS-GEO-004130,CURRENT_CONTEXT,SUPPORTS_SOURCE_B,Restored semantic evidence after final cross-sheet audit,SOURCE_OBSERVATION,OBS-004130,SOURCE_OBSERVATIONS
CEV-001471,CNF-00218,OBS-004174,SOURCE_A,CADASTRAL_REVENUE,owner_name,Aarav Mehta,OBS-GEO-004174,CURRENT_CONTEXT,SUPPORTS_SOURCE_A,Restored semantic evidence after final cross-sheet audit,SOURCE_OBSERVATION,OBS-004174,SOURCE_OBSERVATIONS
CEV-001472,CNF-00218,OBS-004175,SOURCE_B,MUNICIPAL_PROPERTY,owner_name,A. Mehta,OBS-GEO-004175,CURRENT_CONTEXT,SUPPORTS_SOURCE_B,Restored semantic evidence after final cross-sheet audit,SOURCE_OBSERVATION,OBS-004175,SOURCE_OBSERVATIONS
CEV-001473,CNF-00380,OBS-002892,SOURCE_A,CADASTRAL_REVENUE,owner_name,Yamuna View Apartment Owners Association,OBS-GEO-002892,CURRENT_CONTEXT,SUPPORTS_SOURCE_A,Restored semantic evidence after final cross-sheet audit,SOURCE_OBSERVATION,OBS-002892,SOURCE_OBSERVATIONS
CEV-001474,CNF-00380,OBS-004355,SOURCE_B,MUNICIPAL_PROPERTY,owner_name,Ishaan Kapoor,OBS-GEO-004355,CURRENT_CONTEXT,SUPPORTS_SOURCE_B,Restored semantic evidence after final cross-sheet audit,SOURCE_OBSERVATION,OBS-004355,SOURCE_OBSERVATIONS
CEV-001475,CNF-00399,OBS-004356,SOURCE_A,DDA_DEVELOPMENT_AUTHORITY,owner_name,Delhi Development Authority,OBS-GEO-004356,CURRENT_CONTEXT,SUPPORTS_SOURCE_A,Restored semantic evidence after final cross-sheet audit,SOURCE_OBSERVATION,OBS-004356,SOURCE_OBSERVATIONS
CEV-001476,CNF-00399,OBS-004357,SOURCE_B,MUNICIPAL_PROPERTY,owner_name,Ishaan Kapoor,OBS-GEO-004357,CURRENT_CONTEXT,SUPPORTS_SOURCE_B,Restored semantic evidence after final cross-sheet audit,SOURCE_OBSERVATION,OBS-004357,SOURCE_OBSERVATIONS
CEV-001477,CNF-00429,OBS-004358,SOURCE_A,BUILDING_GIS,building_footprint,footprint crosses boundary,OBS-GEO-004358,CURRENT_CONTEXT,SUPPORTS_SOURCE_A,Restored semantic evidence after final cross-sheet audit,SOURCE_OBSERVATION,OBS-004358,SOURCE_OBSERVATIONS
CEV-001478,CNF-00429,OBS-000163,SOURCE_B,CADASTRAL_REVENUE,building_footprint,legal parcel edge,OBS-GEO-000163,CURRENT_CONTEXT,SUPPORTS_SOURCE_B,Restored semantic evidence after final cross-sheet audit,SOURCE_OBSERVATION,OBS-000163,SOURCE_OBSERVATIONS
CEV-001479,CNF-00445,OBS-004359,SOURCE_A,BUILDING_GIS,building_footprint,footprint crosses boundary,OBS-GEO-004359,CURRENT_CONTEXT,SUPPORTS_SOURCE_A,Restored semantic evidence after final cross-sheet audit,SOURCE_OBSERVATION,OBS-004359,SOURCE_OBSERVATIONS
CEV-001480,CNF-00445,OBS-000477,SOURCE_B,CADASTRAL_REVENUE,building_footprint,legal parcel edge,OBS-GEO-000477,CURRENT_CONTEXT,SUPPORTS_SOURCE_B,Restored semantic evidence after final cross-sheet audit,SOURCE_OBSERVATION,OBS-000477,SOURCE_OBSERVATIONS
CEV-001481,CNF-00458,OBS-004360,SOURCE_A,DRONE_ORTHOPHOTO,occupation_extent,recent physical occupation,OBS-GEO-004360,CURRENT_CONTEXT,SUPPORTS_SOURCE_A,Restored semantic evidence after final cross-sheet audit,SOURCE_OBSERVATION,OBS-004360,SOURCE_OBSERVATIONS
CEV-001482,CNF-00458,OBS-003664,SOURCE_B,CADASTRAL_REVENUE,occupation_extent,legal geometry/use,OBS-GEO-003664,CURRENT_CONTEXT,SUPPORTS_SOURCE_B,Restored semantic evidence after final cross-sheet audit,SOURCE_OBSERVATION,OBS-003664,SOURCE_OBSERVATIONS
CEV-001483,CNF-00461,OBS-004361,SOURCE_A,DRONE_ORTHOPHOTO,occupation_extent,recent physical occupation,OBS-GEO-004361,CURRENT_CONTEXT,SUPPORTS_SOURCE_A,Restored semantic evidence after final cross-sheet audit,SOURCE_OBSERVATION,OBS-004361,SOURCE_OBSERVATIONS
CEV-001484,CNF-00461,OBS-000456,SOURCE_B,CADASTRAL_REVENUE,occupation_extent,legal geometry/use,OBS-GEO-000456,CURRENT_CONTEXT,SUPPORTS_SOURCE_B,Restored semantic evidence after final cross-sheet audit,SOURCE_OBSERVATION,OBS-000456,SOURCE_OBSERVATIONS
CEV-001485,CNF-00472,OBS-004362,SOURCE_A,DRONE_ORTHOPHOTO,occupation_extent,recent physical occupation,OBS-GEO-004362,CURRENT_CONTEXT,SUPPORTS_SOURCE_A,Restored semantic evidence after final cross-sheet audit,SOURCE_OBSERVATION,OBS-004362,SOURCE_OBSERVATIONS
CEV-001486,CNF-00472,OBS-003049,SOURCE_B,CADASTRAL_REVENUE,occupation_extent,legal geometry/use,OBS-GEO-003049,CURRENT_CONTEXT,SUPPORTS_SOURCE_B,Restored semantic evidence after final cross-sheet audit,SOURCE_OBSERVATION,OBS-003049,SOURCE_OBSERVATIONS
CEV-001487,CNF-00475,OBS-004363,SOURCE_A,DRONE_ORTHOPHOTO,occupation_extent,recent physical occupation,OBS-GEO-004363,CURRENT_CONTEXT,SUPPORTS_SOURCE_A,Restored semantic evidence after final cross-sheet audit,SOURCE_OBSERVATION,OBS-004363,SOURCE_OBSERVATIONS
CEV-001488,CNF-00475,OBS-002437,SOURCE_B,CADASTRAL_REVENUE,occupation_extent,legal geometry/use,OBS-GEO-002437,CURRENT_CONTEXT,SUPPORTS_SOURCE_B,Restored semantic evidence after final cross-sheet audit,SOURCE_OBSERVATION,OBS-002437,SOURCE_OBSERVATIONS
CEV-001489,CNF-00555,OBS-004364,SOURCE_A,DRONE_ORTHOPHOTO,boundary/occupation,physical occupation detected,OBS-GEO-004364,CURRENT_CONTEXT,SUPPORTS_SOURCE_A,Restored semantic evidence after final cross-sheet audit,SOURCE_OBSERVATION,OBS-004364,SOURCE_OBSERVATIONS
CEV-001490,CNF-00555,OBS-004096,SOURCE_B,MUNICIPAL_PROPERTY,boundary/occupation,public land boundary,OBS-GEO-004096,CURRENT_CONTEXT,SUPPORTS_SOURCE_B,Restored semantic evidence after final cross-sheet audit,SOURCE_OBSERVATION,OBS-004096,SOURCE_OBSERVATIONS
CEV-001491,CNF-00566,OBS-004365,SOURCE_A,DRONE_ORTHOPHOTO,boundary/occupation,physical occupation detected,OBS-GEO-004365,CURRENT_CONTEXT,SUPPORTS_SOURCE_A,Restored semantic evidence after final cross-sheet audit,SOURCE_OBSERVATION,OBS-004365,SOURCE_OBSERVATIONS
CEV-001492,CNF-00566,OBS-003174,SOURCE_B,DDA_DEVELOPMENT_AUTHORITY,boundary/occupation,public land boundary,OBS-GEO-003174,CURRENT_CONTEXT,SUPPORTS_SOURCE_B,Restored semantic evidence after final cross-sheet audit,SOURCE_OBSERVATION,OBS-003174,SOURCE_OBSERVATIONS
CEV-001493,CNF-00568,OBS-004366,SOURCE_A,DRONE_ORTHOPHOTO,boundary/occupation,physical occupation detected,OBS-GEO-004366,CURRENT_CONTEXT,SUPPORTS_SOURCE_A,Restored semantic evidence after final cross-sheet audit,SOURCE_OBSERVATION,OBS-004366,SOURCE_OBSERVATIONS
CEV-001494,CNF-00568,OBS-001169,SOURCE_B,DDA_DEVELOPMENT_AUTHORITY,boundary/occupation,public land boundary,OBS-GEO-001169,CURRENT_CONTEXT,SUPPORTS_SOURCE_B,Restored semantic evidence after final cross-sheet audit,SOURCE_OBSERVATION,OBS-001169,SOURCE_OBSERVATIONS
CEV-001495,CNF-00581,OBS-001164,SOURCE_A,DDA_DEVELOPMENT_AUTHORITY,park_boundary,older legal edge,OBS-GEO-001164,CURRENT_CONTEXT,SUPPORTS_SOURCE_A,Restored semantic evidence after final cross-sheet audit,SOURCE_OBSERVATION,OBS-001164,SOURCE_OBSERVATIONS
CEV-001496,CNF-00581,OBS-001165,SOURCE_B,DRONE_ORTHOPHOTO,park_boundary,current fenced/landscaped edge,OBS-GEO-001165,CURRENT_CONTEXT,SUPPORTS_SOURCE_B,Restored semantic evidence after final cross-sheet audit,SOURCE_OBSERVATION,OBS-001165,SOURCE_OBSERVATIONS
CEV-001497,CNF-00597,OBS-001126,SOURCE_A,MUNICIPAL_PROPERTY,boundary,pre-widening line,OBS-GEO-001126,CURRENT_CONTEXT,SUPPORTS_SOURCE_A,Restored semantic evidence after final cross-sheet audit,SOURCE_OBSERVATION,OBS-001126,SOURCE_OBSERVATIONS
CEV-001498,CNF-00597,OBS-001128,SOURCE_B,GNSS_CORS_SURVEY,boundary,post-widening survey,OBS-GEO-001128,CURRENT_CONTEXT,SUPPORTS_SOURCE_B,Restored semantic evidence after final cross-sheet audit,SOURCE_OBSERVATION,OBS-001128,SOURCE_OBSERVATIONS
CEV-001499,CNF-00344,,SOURCE_A,CANONICAL_REGISTRY,identity,IN-DL-110054-6-79,,SYSTEM_CONTEXT,SYSTEM_EVIDENCE,Canonical registry state,CANONICAL_STATE,IN-DL-110054-6-79,CANONICAL_PARCELS
CEV-001500,CNF-00500,,SOURCE_A,EXPECTED_ADMIN_SOURCE,record_presence,expected record missing,,SYSTEM_CONTEXT,SYSTEM_EVIDENCE,Source-coverage/absence evidence,SOURCE_COVERAGE_STATE,IN-DL-110054-3-87,SOURCE_OBSERVATIONS
CEV-001501,CNF-00501,,SOURCE_A,EXPECTED_ADMIN_SOURCE,record_presence,expected record missing,,SYSTEM_CONTEXT,SYSTEM_EVIDENCE,Source-coverage/absence evidence,SOURCE_COVERAGE_STATE,IN-DL-110054-4-78,SOURCE_OBSERVATIONS
CEV-001502,CNF-00502,,SOURCE_A,EXPECTED_ADMIN_SOURCE,record_presence,expected record missing,,SYSTEM_CONTEXT,SYSTEM_EVIDENCE,Source-coverage/absence evidence,SOURCE_COVERAGE_STATE,IN-DL-110054-3-12,SOURCE_OBSERVATIONS
CEV-001503,CNF-00503,,SOURCE_A,EXPECTED_ADMIN_SOURCE,record_presence,expected record missing,,SYSTEM_CONTEXT,SYSTEM_EVIDENCE,Source-coverage/absence evidence,SOURCE_COVERAGE_STATE,IN-DL-110054-6-65,SOURCE_OBSERVATIONS
CEV-001504,CNF-00504,,SOURCE_A,EXPECTED_ADMIN_SOURCE,record_presence,expected record missing,,SYSTEM_CONTEXT,SYSTEM_EVIDENCE,Source-coverage/absence evidence,SOURCE_COVERAGE_STATE,IN-DL-110054-8-31,SOURCE_OBSERVATIONS
CEV-001505,CNF-00505,,SOURCE_A,EXPECTED_ADMIN_SOURCE,record_presence,expected record missing,,SYSTEM_CONTEXT,SYSTEM_EVIDENCE,Source-coverage/absence evidence,SOURCE_COVERAGE_STATE,IN-DL-110054-6-9,SOURCE_OBSERVATIONS
CEV-001506,CNF-00506,,SOURCE_A,EXPECTED_ADMIN_SOURCE,record_presence,expected record missing,,SYSTEM_CONTEXT,SYSTEM_EVIDENCE,Source-coverage/absence evidence,SOURCE_COVERAGE_STATE,IN-DL-110054-10-48,SOURCE_OBSERVATIONS
CEV-001507,CNF-00507,,SOURCE_A,EXPECTED_ADMIN_SOURCE,record_presence,expected record missing,,SYSTEM_CONTEXT,SYSTEM_EVIDENCE,Source-coverage/absence evidence,SOURCE_COVERAGE_STATE,IN-DL-110054-2-67,SOURCE_OBSERVATIONS
CEV-001508,CNF-00508,,SOURCE_A,EXPECTED_ADMIN_SOURCE,record_presence,expected record missing,,SYSTEM_CONTEXT,SYSTEM_EVIDENCE,Source-coverage/absence evidence,SOURCE_COVERAGE_STATE,IN-DL-110054-10-7,SOURCE_OBSERVATIONS
CEV-001509,CNF-00509,,SOURCE_A,EXPECTED_ADMIN_SOURCE,record_presence,expected record missing,,SYSTEM_CONTEXT,SYSTEM_EVIDENCE,Source-coverage/absence evidence,SOURCE_COVERAGE_STATE,IN-DL-110054-8-68,SOURCE_OBSERVATIONS
CEV-001510,CNF-00510,,SOURCE_A,EXPECTED_ADMIN_SOURCE,record_presence,expected record missing,,SYSTEM_CONTEXT,SYSTEM_EVIDENCE,Source-coverage/absence evidence,SOURCE_COVERAGE_STATE,IN-DL-110054-6-79,SOURCE_OBSERVATIONS
CEV-001511,CNF-00511,,SOURCE_A,EXPECTED_ADMIN_SOURCE,record_presence,expected record missing,,SYSTEM_CONTEXT,SYSTEM_EVIDENCE,Source-coverage/absence evidence,SOURCE_COVERAGE_STATE,IN-DL-110054-10-17,SOURCE_OBSERVATIONS
CEV-001512,CNF-00512,,SOURCE_A,EXPECTED_ADMIN_SOURCE,record_presence,expected record missing,,SYSTEM_CONTEXT,SYSTEM_EVIDENCE,Source-coverage/absence evidence,SOURCE_COVERAGE_STATE,IN-DL-110054-3-86,SOURCE_OBSERVATIONS
CEV-001513,CNF-00513,,SOURCE_A,EXPECTED_ADMIN_SOURCE,record_presence,expected record missing,,SYSTEM_CONTEXT,SYSTEM_EVIDENCE,Source-coverage/absence evidence,SOURCE_COVERAGE_STATE,IN-DL-110054-3-81,SOURCE_OBSERVATIONS
CEV-001514,CNF-00514,,SOURCE_A,EXPECTED_ADMIN_SOURCE,record_presence,expected record missing,,SYSTEM_CONTEXT,SYSTEM_EVIDENCE,Source-coverage/absence evidence,SOURCE_COVERAGE_STATE,IN-DL-110054-9-67,SOURCE_OBSERVATIONS
CEV-001515,CNF-00515,,SOURCE_A,EXPECTED_ADMIN_SOURCE,record_presence,expected record missing,,SYSTEM_CONTEXT,SYSTEM_EVIDENCE,Source-coverage/absence evidence,SOURCE_COVERAGE_STATE,IN-DL-110054-10-23,SOURCE_OBSERVATIONS
CEV-001516,CNF-00516,,SOURCE_A,EXPECTED_ADMIN_SOURCE,record_presence,expected record missing,,SYSTEM_CONTEXT,SYSTEM_EVIDENCE,Source-coverage/absence evidence,SOURCE_COVERAGE_STATE,IN-DL-110054-7-84,SOURCE_OBSERVATIONS
CEV-001517,CNF-00517,,SOURCE_A,EXPECTED_ADMIN_SOURCE,record_presence,expected record missing,,SYSTEM_CONTEXT,SYSTEM_EVIDENCE,Source-coverage/absence evidence,SOURCE_COVERAGE_STATE,IN-DL-110054-2-69,SOURCE_OBSERVATIONS
CEV-001518,CNF-00518,,SOURCE_A,EXPECTED_ADMIN_SOURCE,record_presence,expected record missing,,SYSTEM_CONTEXT,SYSTEM_EVIDENCE,Source-coverage/absence evidence,SOURCE_COVERAGE_STATE,IN-DL-110054-8-14,SOURCE_OBSERVATIONS
CEV-001519,CNF-00519,,SOURCE_A,EXPECTED_ADMIN_SOURCE,record_presence,expected record missing,,SYSTEM_CONTEXT,SYSTEM_EVIDENCE,Source-coverage/absence evidence,SOURCE_COVERAGE_STATE,IN-DL-110054-3-71,SOURCE_OBSERVATIONS
CEV-001520,CNF-00520,,SOURCE_A,EXPECTED_ADMIN_SOURCE,record_presence,expected record missing,,SYSTEM_CONTEXT,SYSTEM_EVIDENCE,Source-coverage/absence evidence,SOURCE_COVERAGE_STATE,IN-DL-110054-7-96,SOURCE_OBSERVATIONS
CEV-001521,CNF-00521,,SOURCE_A,EXPECTED_ADMIN_SOURCE,record_presence,expected record missing,,SYSTEM_CONTEXT,SYSTEM_EVIDENCE,Source-coverage/absence evidence,SOURCE_COVERAGE_STATE,IN-DL-110054-6-54,SOURCE_OBSERVATIONS
CEV-001522,CNF-00522,,SOURCE_A,EXPECTED_ADMIN_SOURCE,record_presence,expected record missing,,SYSTEM_CONTEXT,SYSTEM_EVIDENCE,Source-coverage/absence evidence,SOURCE_COVERAGE_STATE,IN-DL-110054-9-84,SOURCE_OBSERVATIONS
CEV-001523,CNF-00523,,SOURCE_A,EXPECTED_ADMIN_SOURCE,record_presence,expected record missing,,SYSTEM_CONTEXT,SYSTEM_EVIDENCE,Source-coverage/absence evidence,SOURCE_COVERAGE_STATE,IN-DL-110054-1-75,SOURCE_OBSERVATIONS
CEV-001524,CNF-00524,,SOURCE_A,EXPECTED_ADMIN_SOURCE,record_presence,expected record missing,,SYSTEM_CONTEXT,SYSTEM_EVIDENCE,Source-coverage/absence evidence,SOURCE_COVERAGE_STATE,IN-DL-110054-2-84,SOURCE_OBSERVATIONS
CEV-001525,CNF-00525,,SOURCE_A,EXPECTED_ADMIN_SOURCE,record_presence,expected record missing,,SYSTEM_CONTEXT,SYSTEM_EVIDENCE,Source-coverage/absence evidence,SOURCE_COVERAGE_STATE,IN-DL-110054-5-29,SOURCE_OBSERVATIONS
CEV-001526,CNF-00526,,SOURCE_A,EXPECTED_ADMIN_SOURCE,record_presence,expected record missing,,SYSTEM_CONTEXT,SYSTEM_EVIDENCE,Source-coverage/absence evidence,SOURCE_COVERAGE_STATE,IN-DL-110054-2-15,SOURCE_OBSERVATIONS
CEV-001527,CNF-00527,,SOURCE_A,EXPECTED_ADMIN_SOURCE,record_presence,expected record missing,,SYSTEM_CONTEXT,SYSTEM_EVIDENCE,Source-coverage/absence evidence,SOURCE_COVERAGE_STATE,IN-DL-110054-9-53,SOURCE_OBSERVATIONS
CEV-001528,CNF-00528,,SOURCE_B,CANONICAL_REGISTRY,identity,one canonical identity required,,SYSTEM_CONTEXT,SYSTEM_EVIDENCE,Canonical registry state,CANONICAL_STATE,IN-DL-110054-9-60,CANONICAL_PARCELS
CEV-001529,CNF-00529,,SOURCE_B,CANONICAL_REGISTRY,identity,one canonical identity required,,SYSTEM_CONTEXT,SYSTEM_EVIDENCE,Canonical registry state,CANONICAL_STATE,IN-DL-110054-3-59,CANONICAL_PARCELS
CEV-001530,CNF-00530,,SOURCE_B,CANONICAL_REGISTRY,identity,one canonical identity required,,SYSTEM_CONTEXT,SYSTEM_EVIDENCE,Canonical registry state,CANONICAL_STATE,IN-DL-110054-5-88,CANONICAL_PARCELS
CEV-001531,CNF-00531,,SOURCE_B,CANONICAL_REGISTRY,identity,one canonical identity required,,SYSTEM_CONTEXT,SYSTEM_EVIDENCE,Canonical registry state,CANONICAL_STATE,IN-DL-110054-5-93,CANONICAL_PARCELS
CEV-001532,CNF-00532,,SOURCE_B,CANONICAL_REGISTRY,identity,one canonical identity required,,SYSTEM_CONTEXT,SYSTEM_EVIDENCE,Canonical registry state,CANONICAL_STATE,IN-DL-110054-7-16,CANONICAL_PARCELS
CEV-001533,CNF-00533,,SOURCE_B,CANONICAL_REGISTRY,identity,one canonical identity required,,SYSTEM_CONTEXT,SYSTEM_EVIDENCE,Canonical registry state,CANONICAL_STATE,IN-DL-110054-10-47,CANONICAL_PARCELS
CEV-001534,CNF-00534,,SOURCE_B,CANONICAL_REGISTRY,identity,one canonical identity required,,SYSTEM_CONTEXT,SYSTEM_EVIDENCE,Canonical registry state,CANONICAL_STATE,IN-DL-110054-8-54,CANONICAL_PARCELS
CEV-001535,CNF-00535,,SOURCE_B,CANONICAL_REGISTRY,identity,one canonical identity required,,SYSTEM_CONTEXT,SYSTEM_EVIDENCE,Canonical registry state,CANONICAL_STATE,IN-DL-110054-5-53,CANONICAL_PARCELS
CEV-001536,CNF-00536,,SOURCE_B,CANONICAL_REGISTRY,identity,one canonical identity required,,SYSTEM_CONTEXT,SYSTEM_EVIDENCE,Canonical registry state,CANONICAL_STATE,IN-DL-110054-2-2,CANONICAL_PARCELS
CEV-001537,CNF-00537,,SOURCE_B,CANONICAL_REGISTRY,identity,one canonical identity required,,SYSTEM_CONTEXT,SYSTEM_EVIDENCE,Canonical registry state,CANONICAL_STATE,IN-DL-110054-8-4,CANONICAL_PARCELS
CEV-001538,CNF-00538,,SOURCE_B,CANONICAL_REGISTRY,identity,one canonical identity required,,SYSTEM_CONTEXT,SYSTEM_EVIDENCE,Canonical registry state,CANONICAL_STATE,IN-DL-110054-7-26,CANONICAL_PARCELS
CEV-001539,CNF-00539,,SOURCE_B,CANONICAL_REGISTRY,identity,one canonical identity required,,SYSTEM_CONTEXT,SYSTEM_EVIDENCE,Canonical registry state,CANONICAL_STATE,IN-DL-110054-2-54,CANONICAL_PARCELS
CEV-001540,CNF-00540,,SOURCE_B,CANONICAL_REGISTRY,identity,one canonical identity required,,SYSTEM_CONTEXT,SYSTEM_EVIDENCE,Canonical registry state,CANONICAL_STATE,IN-DL-110054-1-84,CANONICAL_PARCELS
CEV-001541,CNF-00541,,SOURCE_B,CANONICAL_REGISTRY,identity,one canonical identity required,,SYSTEM_CONTEXT,SYSTEM_EVIDENCE,Canonical registry state,CANONICAL_STATE,IN-DL-110054-7-17,CANONICAL_PARCELS
CEV-001542,CNF-00542,,SOURCE_B,CANONICAL_REGISTRY,identity,one canonical identity required,,SYSTEM_CONTEXT,SYSTEM_EVIDENCE,Canonical registry state,CANONICAL_STATE,IN-DL-110054-5-75,CANONICAL_PARCELS
CEV-001543,CNF-00543,,SOURCE_B,CANONICAL_REGISTRY,identity,one canonical identity required,,SYSTEM_CONTEXT,SYSTEM_EVIDENCE,Canonical registry state,CANONICAL_STATE,IN-DL-110054-9-22,CANONICAL_PARCELS
CEV-001544,CNF-00544,,SOURCE_B,CANONICAL_REGISTRY,identity,one canonical identity required,,SYSTEM_CONTEXT,SYSTEM_EVIDENCE,Canonical registry state,CANONICAL_STATE,IN-DL-110054-7-84,CANONICAL_PARCELS
CEV-001545,CNF-00545,,SOURCE_B,CANONICAL_REGISTRY,identity,one canonical identity required,,SYSTEM_CONTEXT,SYSTEM_EVIDENCE,Canonical registry state,CANONICAL_STATE,IN-DL-110054-3-83,CANONICAL_PARCELS
CEV-001546,CNF-00546,,SOURCE_B,CANONICAL_REGISTRY,identity,one canonical identity required,,SYSTEM_CONTEXT,SYSTEM_EVIDENCE,Canonical registry state,CANONICAL_STATE,IN-DL-110054-10-61,CANONICAL_PARCELS
CEV-001547,CNF-00547,,SOURCE_B,CANONICAL_REGISTRY,identity,one canonical identity required,,SYSTEM_CONTEXT,SYSTEM_EVIDENCE,Canonical registry state,CANONICAL_STATE,IN-DL-110054-1-20,CANONICAL_PARCELS
CEV-001548,CNF-00548,,SOURCE_B,CANONICAL_REGISTRY,identity,one canonical identity required,,SYSTEM_CONTEXT,SYSTEM_EVIDENCE,Canonical registry state,CANONICAL_STATE,IN-DL-110054-1-41,CANONICAL_PARCELS
CEV-001549,CNF-00549,,SOURCE_B,CANONICAL_REGISTRY,identity,one canonical identity required,,SYSTEM_CONTEXT,SYSTEM_EVIDENCE,Canonical registry state,CANONICAL_STATE,IN-DL-110054-9-54,CANONICAL_PARCELS
CEV-001550,CNF-00550,,SOURCE_B,CANONICAL_REGISTRY,identity,one canonical identity required,,SYSTEM_CONTEXT,SYSTEM_EVIDENCE,Canonical registry state,CANONICAL_STATE,IN-DL-110054-9-84,CANONICAL_PARCELS
CEV-001551,CNF-00551,,SOURCE_B,CANONICAL_REGISTRY,identity,one canonical identity required,,SYSTEM_CONTEXT,SYSTEM_EVIDENCE,Canonical registry state,CANONICAL_STATE,IN-DL-110054-5-80,CANONICAL_PARCELS
CEV-001552,CNF-00552,,SOURCE_B,CANONICAL_REGISTRY,identity,one canonical identity required,,SYSTEM_CONTEXT,SYSTEM_EVIDENCE,Canonical registry state,CANONICAL_STATE,IN-DL-110054-6-32,CANONICAL_PARCELS
CEV-001553,CNF-00553,,SOURCE_B,CANONICAL_REGISTRY,identity,one canonical identity required,,SYSTEM_CONTEXT,SYSTEM_EVIDENCE,Canonical registry state,CANONICAL_STATE,IN-DL-110054-2-88,CANONICAL_PARCELS
CEV-001554,CNF-00600,,SOURCE_A,HISTORICAL_CADASTRE,lineage,former plots,,SYSTEM_CONTEXT,SYSTEM_EVIDENCE,Historical/redevelopment context,HISTORICAL_CONTEXT,IN-DL-110054-10-34,RECONCILED_PARCELS
CEV-001555,CNF-00600,,SOURCE_B,CURRENT_CANONICAL,lineage,one redevelopment parcel,,SYSTEM_CONTEXT,SYSTEM_EVIDENCE,Canonical registry state,CANONICAL_STATE,IN-DL-110054-10-34,CANONICAL_PARCELS
CEV-001556,CNF-00601,,SOURCE_A,HISTORICAL_CADASTRE,lineage,former plots,,SYSTEM_CONTEXT,SYSTEM_EVIDENCE,Historical/redevelopment context,HISTORICAL_CONTEXT,IN-DL-110054-10-5,RECONCILED_PARCELS
CEV-001557,CNF-00601,,SOURCE_B,CURRENT_CANONICAL,lineage,one redevelopment parcel,,SYSTEM_CONTEXT,SYSTEM_EVIDENCE,Canonical registry state,CANONICAL_STATE,IN-DL-110054-10-5,CANONICAL_PARCELS
CEV-001558,CNF-00602,,SOURCE_A,HISTORICAL_CADASTRE,lineage,former plots,,SYSTEM_CONTEXT,SYSTEM_EVIDENCE,Historical/redevelopment context,HISTORICAL_CONTEXT,IN-DL-110054-10-32,RECONCILED_PARCELS
CEV-001559,CNF-00602,,SOURCE_B,CURRENT_CANONICAL,lineage,one redevelopment parcel,,SYSTEM_CONTEXT,SYSTEM_EVIDENCE,Canonical registry state,CANONICAL_STATE,IN-DL-110054-10-32,CANONICAL_PARCELS
CEV-001560,CNF-00603,,SOURCE_A,HISTORICAL_CADASTRE,lineage,former plots,,SYSTEM_CONTEXT,SYSTEM_EVIDENCE,Historical/redevelopment context,HISTORICAL_CONTEXT,IN-DL-110054-5-96,RECONCILED_PARCELS
CEV-001561,CNF-00603,,SOURCE_B,CURRENT_CANONICAL,lineage,one redevelopment parcel,,SYSTEM_CONTEXT,SYSTEM_EVIDENCE,Canonical registry state,CANONICAL_STATE,IN-DL-110054-5-96,CANONICAL_PARCELS
CEV-001562,CNF-00604,,SOURCE_A,HISTORICAL_CADASTRE,lineage,former plots,,SYSTEM_CONTEXT,SYSTEM_EVIDENCE,Historical/redevelopment context,HISTORICAL_CONTEXT,IN-DL-110054-9-96,RECONCILED_PARCELS
CEV-001563,CNF-00604,,SOURCE_B,CURRENT_CANONICAL,lineage,one redevelopment parcel,,SYSTEM_CONTEXT,SYSTEM_EVIDENCE,Canonical registry state,CANONICAL_STATE,IN-DL-110054-9-96,CANONICAL_PARCELS
CEV-001564,CNF-00605,,SOURCE_A,HISTORICAL_CADASTRE,lineage,former plots,,SYSTEM_CONTEXT,SYSTEM_EVIDENCE,Historical/redevelopment context,HISTORICAL_CONTEXT,IN-DL-110054-9-98,RECONCILED_PARCELS
CEV-001565,CNF-00605,,SOURCE_B,CURRENT_CANONICAL,lineage,one redevelopment parcel,,SYSTEM_CONTEXT,SYSTEM_EVIDENCE,Canonical registry state,CANONICAL_STATE,IN-DL-110054-9-98,CANONICAL_PARCELS
CEV-001566,CNF-00606,,SOURCE_A,HISTORICAL_CADASTRE,lineage,former plots,,SYSTEM_CONTEXT,SYSTEM_EVIDENCE,Historical/redevelopment context,HISTORICAL_CONTEXT,IN-DL-110054-10-12,RECONCILED_PARCELS
CEV-001567,CNF-00606,,SOURCE_B,CURRENT_CANONICAL,lineage,one redevelopment parcel,,SYSTEM_CONTEXT,SYSTEM_EVIDENCE,Canonical registry state,CANONICAL_STATE,IN-DL-110054-10-12,CANONICAL_PARCELS
CEV-001568,CNF-00607,,SOURCE_A,HISTORICAL_CADASTRE,lineage,former plots,,SYSTEM_CONTEXT,SYSTEM_EVIDENCE,Historical/redevelopment context,HISTORICAL_CONTEXT,IN-DL-110054-6-99,RECONCILED_PARCELS
CEV-001569,CNF-00607,,SOURCE_B,CURRENT_CANONICAL,lineage,one redevelopment parcel,,SYSTEM_CONTEXT,SYSTEM_EVIDENCE,Canonical registry state,CANONICAL_STATE,IN-DL-110054-6-99,CANONICAL_PARCELS
CEV-001570,CNF-00608,,SOURCE_A,HISTORICAL_CADASTRE,lineage,former plots,,SYSTEM_CONTEXT,SYSTEM_EVIDENCE,Historical/redevelopment context,HISTORICAL_CONTEXT,IN-DL-110054-10-25,RECONCILED_PARCELS
CEV-001571,CNF-00608,,SOURCE_B,CURRENT_CANONICAL,lineage,one redevelopment parcel,,SYSTEM_CONTEXT,SYSTEM_EVIDENCE,Canonical registry state,CANONICAL_STATE,IN-DL-110054-10-25,CANONICAL_PARCELS
CEV-001572,CNF-00609,,SOURCE_A,HISTORICAL_CADASTRE,lineage,former plots,,SYSTEM_CONTEXT,SYSTEM_EVIDENCE,Historical/redevelopment context,HISTORICAL_CONTEXT,IN-DL-110054-10-27,RECONCILED_PARCELS
CEV-001573,CNF-00609,,SOURCE_B,CURRENT_CANONICAL,lineage,one redevelopment parcel,,SYSTEM_CONTEXT,SYSTEM_EVIDENCE,Canonical registry state,CANONICAL_STATE,IN-DL-110054-10-27,CANONICAL_PARCELS
CEV-001574,CNF-00610,,SOURCE_A,HISTORICAL_CADASTRE,lineage,former plots,,SYSTEM_CONTEXT,SYSTEM_EVIDENCE,Historical/redevelopment context,HISTORICAL_CONTEXT,IN-DL-110054-10-33,RECONCILED_PARCELS
CEV-001575,CNF-00610,,SOURCE_B,CURRENT_CANONICAL,lineage,one redevelopment parcel,,SYSTEM_CONTEXT,SYSTEM_EVIDENCE,Canonical registry state,CANONICAL_STATE,IN-DL-110054-10-33,CANONICAL_PARCELS
CEV-001576,CNF-00611,,SOURCE_A,HISTORICAL_CADASTRE,lineage,former plots,,SYSTEM_CONTEXT,SYSTEM_EVIDENCE,Historical/redevelopment context,HISTORICAL_CONTEXT,IN-DL-110054-10-42,RECONCILED_PARCELS
CEV-001577,CNF-00611,,SOURCE_B,CURRENT_CANONICAL,lineage,one redevelopment parcel,,SYSTEM_CONTEXT,SYSTEM_EVIDENCE,Canonical registry state,CANONICAL_STATE,IN-DL-110054-10-42,CANONICAL_PARCELS
CEV-001578,CNF-00612,,SOURCE_A,HISTORICAL_CADASTRE,lineage,former plots,,SYSTEM_CONTEXT,SYSTEM_EVIDENCE,Historical/redevelopment context,HISTORICAL_CONTEXT,IN-DL-110054-7-100,RECONCILED_PARCELS
CEV-001579,CNF-00612,,SOURCE_B,CURRENT_CANONICAL,lineage,one redevelopment parcel,,SYSTEM_CONTEXT,SYSTEM_EVIDENCE,Canonical registry state,CANONICAL_STATE,IN-DL-110054-7-100,CANONICAL_PARCELS
CEV-001580,CNF-00613,,SOURCE_A,HISTORICAL_CADASTRE,lineage,former plots,,SYSTEM_CONTEXT,SYSTEM_EVIDENCE,Historical/redevelopment context,HISTORICAL_CONTEXT,IN-DL-110054-10-21,RECONCILED_PARCELS
CEV-001581,CNF-00613,,SOURCE_B,CURRENT_CANONICAL,lineage,one redevelopment parcel,,SYSTEM_CONTEXT,SYSTEM_EVIDENCE,Canonical registry state,CANONICAL_STATE,IN-DL-110054-10-21,CANONICAL_PARCELS
CEV-001582,CNF-00614,,SOURCE_A,HISTORICAL_CADASTRE,lineage,former plots,,SYSTEM_CONTEXT,SYSTEM_EVIDENCE,Historical/redevelopment context,HISTORICAL_CONTEXT,IN-DL-110054-9-100,RECONCILED_PARCELS
CEV-001583,CNF-00614,,SOURCE_B,CURRENT_CANONICAL,lineage,one redevelopment parcel,,SYSTEM_CONTEXT,SYSTEM_EVIDENCE,Canonical registry state,CANONICAL_STATE,IN-DL-110054-9-100,CANONICAL_PARCELS
CEV-001584,CNF-00615,,SOURCE_A,HISTORICAL_CADASTRE,lineage,former plots,,SYSTEM_CONTEXT,SYSTEM_EVIDENCE,Historical/redevelopment context,HISTORICAL_CONTEXT,IN-DL-110054-9-91,RECONCILED_PARCELS
CEV-001585,CNF-00615,,SOURCE_B,CURRENT_CANONICAL,lineage,one redevelopment parcel,,SYSTEM_CONTEXT,SYSTEM_EVIDENCE,Canonical registry state,CANONICAL_STATE,IN-DL-110054-9-91,CANONICAL_PARCELS
CEV-001586,CNF-00616,,SOURCE_A,HISTORICAL_CADASTRE,lineage,former plots,,SYSTEM_CONTEXT,SYSTEM_EVIDENCE,Historical/redevelopment context,HISTORICAL_CONTEXT,IN-DL-110054-2-88,RECONCILED_PARCELS
CEV-001587,CNF-00616,,SOURCE_B,CURRENT_CANONICAL,lineage,one redevelopment parcel,,SYSTEM_CONTEXT,SYSTEM_EVIDENCE,Canonical registry state,CANONICAL_STATE,IN-DL-110054-2-88,CANONICAL_PARCELS
CEV-001588,CNF-00617,,SOURCE_A,HISTORICAL_CADASTRE,lineage,former plots,,SYSTEM_CONTEXT,SYSTEM_EVIDENCE,Historical/redevelopment context,HISTORICAL_CONTEXT,IN-DL-110054-9-97,RECONCILED_PARCELS
CEV-001589,CNF-00617,,SOURCE_B,CURRENT_CANONICAL,lineage,one redevelopment parcel,,SYSTEM_CONTEXT,SYSTEM_EVIDENCE,Canonical registry state,CANONICAL_STATE,IN-DL-110054-9-97,CANONICAL_PARCELS
CEV-001590,CNF-00618,,SOURCE_A,MUTATION_REGISTER,ownership/geometry,V2_BAD,,SYSTEM_CONTEXT,SYSTEM_EVIDENCE,Incorrect mutation event,GEOGIT_EVENT,EVT-005232,GEOGIT_EVENTS
CEV-001591,CNF-00618,,SOURCE_B,GEOGIT_HISTORY,ownership/geometry,V1,,SYSTEM_CONTEXT,SYSTEM_EVIDENCE,Rollback event,GEOGIT_EVENT,EVT-005233,GEOGIT_EVENTS
CEV-001592,CNF-00619,,SOURCE_A,MUTATION_REGISTER,ownership/geometry,V2_BAD,,SYSTEM_CONTEXT,SYSTEM_EVIDENCE,Incorrect mutation event,GEOGIT_EVENT,EVT-000835,GEOGIT_EVENTS
CEV-001593,CNF-00619,,SOURCE_B,GEOGIT_HISTORY,ownership/geometry,V1,,SYSTEM_CONTEXT,SYSTEM_EVIDENCE,Rollback event,GEOGIT_EVENT,EVT-000836,GEOGIT_EVENTS
CEV-001594,CNF-00620,,SOURCE_A,MUTATION_REGISTER,ownership/geometry,V2_BAD,,SYSTEM_CONTEXT,SYSTEM_EVIDENCE,Incorrect mutation event,GEOGIT_EVENT,EVT-002685,GEOGIT_EVENTS
CEV-001595,CNF-00620,,SOURCE_B,GEOGIT_HISTORY,ownership/geometry,V1,,SYSTEM_CONTEXT,SYSTEM_EVIDENCE,Rollback event,GEOGIT_EVENT,EVT-002686,GEOGIT_EVENTS
CEV-001596,CNF-00621,,SOURCE_A,MUTATION_REGISTER,ownership/geometry,V2_BAD,,SYSTEM_CONTEXT,SYSTEM_EVIDENCE,Incorrect mutation event,GEOGIT_EVENT,EVT-001073,GEOGIT_EVENTS
CEV-001597,CNF-00621,,SOURCE_B,GEOGIT_HISTORY,ownership/geometry,V1,,SYSTEM_CONTEXT,SYSTEM_EVIDENCE,Rollback event,GEOGIT_EVENT,EVT-001074,GEOGIT_EVENTS
CEV-001598,CNF-00622,,SOURCE_A,MUTATION_REGISTER,ownership/geometry,V2_BAD,,SYSTEM_CONTEXT,SYSTEM_EVIDENCE,Incorrect mutation event,GEOGIT_EVENT,EVT-000528,GEOGIT_EVENTS
CEV-001599,CNF-00622,,SOURCE_B,GEOGIT_HISTORY,ownership/geometry,V1,,SYSTEM_CONTEXT,SYSTEM_EVIDENCE,Rollback event,GEOGIT_EVENT,EVT-000529,GEOGIT_EVENTS
CEV-001600,CNF-00623,,SOURCE_A,MUTATION_REGISTER,ownership/geometry,V2_BAD,,SYSTEM_CONTEXT,SYSTEM_EVIDENCE,Incorrect mutation event,GEOGIT_EVENT,EVT-001114,GEOGIT_EVENTS
CEV-001601,CNF-00623,,SOURCE_B,GEOGIT_HISTORY,ownership/geometry,V1,,SYSTEM_CONTEXT,SYSTEM_EVIDENCE,Rollback event,GEOGIT_EVENT,EVT-001115,GEOGIT_EVENTS
CEV-001602,CNF-00624,,SOURCE_A,MUTATION_REGISTER,ownership/geometry,V2_BAD,,SYSTEM_CONTEXT,SYSTEM_EVIDENCE,Incorrect mutation event,GEOGIT_EVENT,EVT-003115,GEOGIT_EVENTS
CEV-001603,CNF-00624,,SOURCE_B,GEOGIT_HISTORY,ownership/geometry,V1,,SYSTEM_CONTEXT,SYSTEM_EVIDENCE,Rollback event,GEOGIT_EVENT,EVT-003116,GEOGIT_EVENTS
CEV-001604,CNF-00625,,SOURCE_A,MUTATION_REGISTER,ownership/geometry,V2_BAD,,SYSTEM_CONTEXT,SYSTEM_EVIDENCE,Incorrect mutation event,GEOGIT_EVENT,EVT-002672,GEOGIT_EVENTS
CEV-001605,CNF-00625,,SOURCE_B,GEOGIT_HISTORY,ownership/geometry,V1,,SYSTEM_CONTEXT,SYSTEM_EVIDENCE,Rollback event,GEOGIT_EVENT,EVT-002673,GEOGIT_EVENTS
CEV-001606,CNF-00626,,SOURCE_B,AUTHORITY_GATE,authoritative_state,previous legal state remains,,SYSTEM_CONTEXT,SYSTEM_EVIDENCE,Policy/human authority gate,RECONCILIATION_STATE,IN-DL-110054-5-88,RECONCILED_PARCELS
CEV-001607,CNF-00627,,SOURCE_B,AUTHORITY_GATE,authoritative_state,previous legal state remains,,SYSTEM_CONTEXT,SYSTEM_EVIDENCE,Policy/human authority gate,RECONCILIATION_STATE,IN-DL-110054-3-43,RECONCILED_PARCELS
CEV-001608,CNF-00628,,SOURCE_B,AUTHORITY_GATE,authoritative_state,previous legal state remains,,SYSTEM_CONTEXT,SYSTEM_EVIDENCE,Policy/human authority gate,RECONCILIATION_STATE,IN-DL-110054-1-23,RECONCILED_PARCELS
CEV-001609,CNF-00629,,SOURCE_B,AUTHORITY_GATE,authoritative_state,previous legal state remains,,SYSTEM_CONTEXT,SYSTEM_EVIDENCE,Policy/human authority gate,RECONCILIATION_STATE,IN-DL-110054-4-49,RECONCILED_PARCELS
CEV-001610,CNF-00630,,SOURCE_B,AUTHORITY_GATE,authoritative_state,previous legal state remains,,SYSTEM_CONTEXT,SYSTEM_EVIDENCE,Policy/human authority gate,RECONCILIATION_STATE,IN-DL-110054-6-89,RECONCILED_PARCELS
CEV-001611,CNF-00631,,SOURCE_B,AUTHORITY_GATE,authoritative_state,previous legal state remains,,SYSTEM_CONTEXT,SYSTEM_EVIDENCE,Policy/human authority gate,RECONCILIATION_STATE,IN-DL-110054-4-25,RECONCILED_PARCELS
CEV-001612,CNF-00632,,SOURCE_B,AUTHORITY_GATE,authoritative_state,previous legal state remains,,SYSTEM_CONTEXT,SYSTEM_EVIDENCE,Policy/human authority gate,RECONCILIATION_STATE,IN-DL-110054-5-37,RECONCILED_PARCELS
CEV-001613,CNF-00633,,SOURCE_B,AUTHORITY_GATE,authoritative_state,previous legal state remains,,SYSTEM_CONTEXT,SYSTEM_EVIDENCE,Policy/human authority gate,RECONCILIATION_STATE,IN-DL-110054-8-74,RECONCILED_PARCELS
CEV-001614,CNF-00634,,SOURCE_B,AUTHORITY_GATE,authoritative_state,previous legal state remains,,SYSTEM_CONTEXT,SYSTEM_EVIDENCE,Policy/human authority gate,RECONCILIATION_STATE,IN-DL-110054-9-20,RECONCILED_PARCELS
CEV-001615,CNF-00635,,SOURCE_B,AUTHORITY_GATE,authoritative_state,previous legal state remains,,SYSTEM_CONTEXT,SYSTEM_EVIDENCE,Policy/human authority gate,RECONCILIATION_STATE,IN-DL-110054-2-93,RECONCILED_PARCELS
CEV-001616,CNF-00636,,SOURCE_B,AUTHORITY_GATE,authoritative_state,previous legal state remains,,SYSTEM_CONTEXT,SYSTEM_EVIDENCE,Policy/human authority gate,RECONCILIATION_STATE,IN-DL-110054-9-61,RECONCILED_PARCELS
CEV-001617,CNF-00637,,SOURCE_B,AUTHORITY_GATE,authoritative_state,previous legal state remains,,SYSTEM_CONTEXT,SYSTEM_EVIDENCE,Policy/human authority gate,RECONCILIATION_STATE,IN-DL-110054-6-46,RECONCILED_PARCELS
CEV-001618,CNF-00638,,SOURCE_B,AUTHORITY_GATE,authoritative_state,previous legal state remains,,SYSTEM_CONTEXT,SYSTEM_EVIDENCE,Policy/human authority gate,RECONCILIATION_STATE,IN-DL-110054-4-34,RECONCILED_PARCELS
CEV-001619,CNF-00639,,SOURCE_B,AUTHORITY_GATE,authoritative_state,previous legal state remains,,SYSTEM_CONTEXT,SYSTEM_EVIDENCE,Policy/human authority gate,RECONCILIATION_STATE,IN-DL-110054-10-72,RECONCILED_PARCELS
CEV-001620,CNF-00640,,SOURCE_B,AUTHORITY_GATE,authoritative_state,previous legal state remains,,SYSTEM_CONTEXT,SYSTEM_EVIDENCE,Policy/human authority gate,RECONCILIATION_STATE,IN-DL-110054-9-87,RECONCILED_PARCELS
CEV-001621,CNF-00641,,SOURCE_B,AUTHORITY_GATE,authoritative_state,previous legal state remains,,SYSTEM_CONTEXT,SYSTEM_EVIDENCE,Policy/human authority gate,RECONCILIATION_STATE,IN-DL-110054-5-49,RECONCILED_PARCELS
CEV-001622,CNF-00642,,SOURCE_B,AUTHORITY_GATE,authoritative_state,previous legal state remains,,SYSTEM_CONTEXT,SYSTEM_EVIDENCE,Policy/human authority gate,RECONCILIATION_STATE,IN-DL-110054-10-60,RECONCILED_PARCELS
CEV-001623,CNF-00643,,SOURCE_B,AUTHORITY_GATE,authoritative_state,previous legal state remains,,SYSTEM_CONTEXT,SYSTEM_EVIDENCE,Policy/human authority gate,RECONCILIATION_STATE,IN-DL-110054-10-66,RECONCILED_PARCELS
CEV-001624,CNF-00644,,SOURCE_B,AUTHORITY_GATE,authoritative_state,previous legal state remains,,SYSTEM_CONTEXT,SYSTEM_EVIDENCE,Policy/human authority gate,RECONCILIATION_STATE,IN-DL-110054-9-84,RECONCILED_PARCELS
CEV-001625,CNF-00645,,SOURCE_B,AUTHORITY_GATE,authoritative_state,previous legal state remains,,SYSTEM_CONTEXT,SYSTEM_EVIDENCE,Policy/human authority gate,RECONCILIATION_STATE,IN-DL-110054-7-33,RECONCILED_PARCELS
CEV-001626,CNF-00646,,SOURCE_B,AUTHORITY_GATE,authoritative_state,previous legal state remains,,SYSTEM_CONTEXT,SYSTEM_EVIDENCE,Policy/human authority gate,RECONCILIATION_STATE,IN-DL-110054-9-79,RECONCILED_PARCELS
CEV-001627,CNF-00647,,SOURCE_B,AUTHORITY_GATE,authoritative_state,previous legal state remains,,SYSTEM_CONTEXT,SYSTEM_EVIDENCE,Policy/human authority gate,RECONCILIATION_STATE,IN-DL-110054-5-98,RECONCILED_PARCELS
CEV-001628,CNF-00648,,SOURCE_B,PARCEL_LINEAGE,parcel_id,SPLIT,,SYSTEM_CONTEXT,SYSTEM_EVIDENCE,Parcel lineage evidence,LINEAGE_EVENT,LIN-0003,PARCEL_LINEAGE
CEV-001629,CNF-00648,,SOURCE_B,PARCEL_LINEAGE,parcel_id,SPLIT,,SYSTEM_CONTEXT,SYSTEM_EVIDENCE,Parcel lineage evidence,LINEAGE_EVENT,LIN-0004,PARCEL_LINEAGE
CEV-001630,CNF-00649,,SOURCE_B,CANONICAL_REGISTRY,record_status,HISTORICAL_RETIRED,,SYSTEM_CONTEXT,SYSTEM_EVIDENCE,Canonical registry state,CANONICAL_STATE,IN-DL-110054-1-102,CANONICAL_PARCELS
CEV-001631,CNF-00650,,SOURCE_B,PARCEL_LINEAGE,parcel_id,MERGE,,SYSTEM_CONTEXT,SYSTEM_EVIDENCE,Parcel lineage evidence,LINEAGE_EVENT,LIN-0016,PARCEL_LINEAGE
CEV-001632,CNF-00651,,SOURCE_B,CANONICAL_REGISTRY,record_status,HISTORICAL_RETIRED,,SYSTEM_CONTEXT,SYSTEM_EVIDENCE,Canonical registry state,CANONICAL_STATE,IN-DL-110054-1-104,CANONICAL_PARCELS
CEV-001633,CNF-00652,,SOURCE_B,CANONICAL_REGISTRY,record_status,HISTORICAL_RETIRED,,SYSTEM_CONTEXT,SYSTEM_EVIDENCE,Canonical registry state,CANONICAL_STATE,IN-DL-110054-1-105,CANONICAL_PARCELS
CEV-001634,CNF-00653,,SOURCE_B,PARCEL_LINEAGE,parcel_id,SPLIT,,SYSTEM_CONTEXT,SYSTEM_EVIDENCE,Parcel lineage evidence,LINEAGE_EVENT,LIN-0055,PARCEL_LINEAGE
CEV-001635,CNF-00653,,SOURCE_B,PARCEL_LINEAGE,parcel_id,SPLIT,,SYSTEM_CONTEXT,SYSTEM_EVIDENCE,Parcel lineage evidence,LINEAGE_EVENT,LIN-0056,PARCEL_LINEAGE
CEV-001636,CNF-00654,,SOURCE_B,CANONICAL_REGISTRY,record_status,HISTORICAL_RETIRED,,SYSTEM_CONTEXT,SYSTEM_EVIDENCE,Canonical registry state,CANONICAL_STATE,IN-DL-110054-2-102,CANONICAL_PARCELS
CEV-001637,CNF-00655,,SOURCE_B,CANONICAL_REGISTRY,record_status,HISTORICAL_RETIRED,,SYSTEM_CONTEXT,SYSTEM_EVIDENCE,Canonical registry state,CANONICAL_STATE,IN-DL-110054-2-104,CANONICAL_PARCELS
CEV-001638,CNF-00656,,SOURCE_B,PARCEL_LINEAGE,parcel_id,REDEVELOPMENT_CONSOLIDATION,,SYSTEM_CONTEXT,SYSTEM_EVIDENCE,Parcel lineage evidence,LINEAGE_EVENT,LIN-0052,PARCEL_LINEAGE
CEV-001639,CNF-00657,,SOURCE_B,CANONICAL_REGISTRY,record_status,HISTORICAL_RETIRED,,SYSTEM_CONTEXT,SYSTEM_EVIDENCE,Canonical registry state,CANONICAL_STATE,IN-DL-110054-2-106,CANONICAL_PARCELS
CEV-001640,CNF-00658,,SOURCE_B,CANONICAL_REGISTRY,record_status,HISTORICAL_RETIRED,,SYSTEM_CONTEXT,SYSTEM_EVIDENCE,Canonical registry state,CANONICAL_STATE,IN-DL-110054-3-101,CANONICAL_PARCELS
CEV-001641,CNF-00659,,SOURCE_B,PARCEL_LINEAGE,parcel_id,REDEVELOPMENT_CONSOLIDATION,,SYSTEM_CONTEXT,SYSTEM_EVIDENCE,Parcel lineage evidence,LINEAGE_EVENT,LIN-0057,PARCEL_LINEAGE
CEV-001642,CNF-00660,,SOURCE_B,CANONICAL_REGISTRY,record_status,HISTORICAL_RETIRED,,SYSTEM_CONTEXT,SYSTEM_EVIDENCE,Canonical registry state,CANONICAL_STATE,IN-DL-110054-3-105,CANONICAL_PARCELS
CEV-001643,CNF-00661,,SOURCE_B,PARCEL_LINEAGE,parcel_id,SPLIT,,SYSTEM_CONTEXT,SYSTEM_EVIDENCE,Parcel lineage evidence,LINEAGE_EVENT,LIN-0019,PARCEL_LINEAGE
CEV-001644,CNF-00661,,SOURCE_B,PARCEL_LINEAGE,parcel_id,SPLIT,,SYSTEM_CONTEXT,SYSTEM_EVIDENCE,Parcel lineage evidence,LINEAGE_EVENT,LIN-0020,PARCEL_LINEAGE
CEV-001645,CNF-00662,,SOURCE_B,PARCEL_LINEAGE,parcel_id,MERGE,,SYSTEM_CONTEXT,SYSTEM_EVIDENCE,Parcel lineage evidence,LINEAGE_EVENT,LIN-0033,PARCEL_LINEAGE
CEV-001646,CNF-00663,,SOURCE_B,CANONICAL_REGISTRY,record_status,HISTORICAL_RETIRED,,SYSTEM_CONTEXT,SYSTEM_EVIDENCE,Canonical registry state,CANONICAL_STATE,IN-DL-110054-4-103,CANONICAL_PARCELS
CEV-001647,CNF-00664,,SOURCE_B,CANONICAL_REGISTRY,record_status,HISTORICAL_RETIRED,,SYSTEM_CONTEXT,SYSTEM_EVIDENCE,Canonical registry state,CANONICAL_STATE,IN-DL-110054-4-104,CANONICAL_PARCELS
CEV-001648,CNF-00665,,SOURCE_B,PARCEL_LINEAGE,parcel_id,REDEVELOPMENT_CONSOLIDATION,,SYSTEM_CONTEXT,SYSTEM_EVIDENCE,Parcel lineage evidence,LINEAGE_EVENT,LIN-0064,PARCEL_LINEAGE
CEV-001649,CNF-00666,,SOURCE_B,CANONICAL_REGISTRY,record_status,HISTORICAL_RETIRED,,SYSTEM_CONTEXT,SYSTEM_EVIDENCE,Canonical registry state,CANONICAL_STATE,IN-DL-110054-5-101,CANONICAL_PARCELS
CEV-001650,CNF-00667,,SOURCE_B,PARCEL_LINEAGE,parcel_id,SPLIT,,SYSTEM_CONTEXT,SYSTEM_EVIDENCE,Parcel lineage evidence,LINEAGE_EVENT,LIN-0025,PARCEL_LINEAGE
CEV-001651,CNF-00667,,SOURCE_B,PARCEL_LINEAGE,parcel_id,SPLIT,,SYSTEM_CONTEXT,SYSTEM_EVIDENCE,Parcel lineage evidence,LINEAGE_EVENT,LIN-0026,PARCEL_LINEAGE
CEV-001652,CNF-00668,,SOURCE_B,CANONICAL_REGISTRY,record_status,HISTORICAL_RETIRED,,SYSTEM_CONTEXT,SYSTEM_EVIDENCE,Canonical registry state,CANONICAL_STATE,IN-DL-110054-5-102,CANONICAL_PARCELS
CEV-001653,CNF-00669,,SOURCE_B,PARCEL_LINEAGE,parcel_id,MERGE,,SYSTEM_CONTEXT,SYSTEM_EVIDENCE,Parcel lineage evidence,LINEAGE_EVENT,LIN-0037,PARCEL_LINEAGE
CEV-001654,CNF-00670,,SOURCE_B,CANONICAL_REGISTRY,record_status,HISTORICAL_RETIRED,,SYSTEM_CONTEXT,SYSTEM_EVIDENCE,Canonical registry state,CANONICAL_STATE,IN-DL-110054-5-104,CANONICAL_PARCELS
CEV-001655,CNF-00671,,SOURCE_B,PARCEL_LINEAGE,parcel_id,REDEVELOPMENT_CONSOLIDATION,,SYSTEM_CONTEXT,SYSTEM_EVIDENCE,Parcel lineage evidence,LINEAGE_EVENT,LIN-0044,PARCEL_LINEAGE
CEV-001656,CNF-00672,,SOURCE_B,CANONICAL_REGISTRY,record_status,HISTORICAL_RETIRED,,SYSTEM_CONTEXT,SYSTEM_EVIDENCE,Canonical registry state,CANONICAL_STATE,IN-DL-110054-5-105,CANONICAL_PARCELS
CEV-001657,CNF-00673,,SOURCE_B,CANONICAL_REGISTRY,record_status,HISTORICAL_RETIRED,,SYSTEM_CONTEXT,SYSTEM_EVIDENCE,Canonical registry state,CANONICAL_STATE,IN-DL-110054-6-104,CANONICAL_PARCELS
CEV-001658,CNF-00674,,SOURCE_B,PARCEL_LINEAGE,parcel_id,REDEVELOPMENT_CONSOLIDATION,,SYSTEM_CONTEXT,SYSTEM_EVIDENCE,Parcel lineage evidence,LINEAGE_EVENT,LIN-0048,PARCEL_LINEAGE
CEV-001659,CNF-00675,,SOURCE_B,CANONICAL_REGISTRY,record_status,HISTORICAL_RETIRED,,SYSTEM_CONTEXT,SYSTEM_EVIDENCE,Canonical registry state,CANONICAL_STATE,IN-DL-110054-6-105,CANONICAL_PARCELS
CEV-001660,CNF-00676,,SOURCE_B,CANONICAL_REGISTRY,record_status,HISTORICAL_RETIRED,,SYSTEM_CONTEXT,SYSTEM_EVIDENCE,Canonical registry state,CANONICAL_STATE,IN-DL-110054-6-106,CANONICAL_PARCELS
CEV-001661,CNF-00677,,SOURCE_B,PARCEL_LINEAGE,parcel_id,SPLIT,,SYSTEM_CONTEXT,SYSTEM_EVIDENCE,Parcel lineage evidence,LINEAGE_EVENT,LIN-0035,PARCEL_LINEAGE
CEV-001662,CNF-00677,,SOURCE_B,PARCEL_LINEAGE,parcel_id,SPLIT,,SYSTEM_CONTEXT,SYSTEM_EVIDENCE,Parcel lineage evidence,LINEAGE_EVENT,LIN-0036,PARCEL_LINEAGE
CEV-001663,CNF-00678,,SOURCE_B,PARCEL_LINEAGE,parcel_id,MERGE,,SYSTEM_CONTEXT,SYSTEM_EVIDENCE,Parcel lineage evidence,LINEAGE_EVENT,LIN-0011,PARCEL_LINEAGE
CEV-001664,CNF-00679,,SOURCE_B,PARCEL_LINEAGE,parcel_id,REDEVELOPMENT_CONSOLIDATION,,SYSTEM_CONTEXT,SYSTEM_EVIDENCE,Parcel lineage evidence,LINEAGE_EVENT,LIN-0053,PARCEL_LINEAGE
CEV-001665,CNF-00680,,SOURCE_B,PARCEL_LINEAGE,parcel_id,REDEVELOPMENT_CONSOLIDATION,,SYSTEM_CONTEXT,SYSTEM_EVIDENCE,Parcel lineage evidence,LINEAGE_EVENT,LIN-0054,PARCEL_LINEAGE
CEV-001666,CNF-00681,,SOURCE_B,CANONICAL_REGISTRY,record_status,HISTORICAL_RETIRED,,SYSTEM_CONTEXT,SYSTEM_EVIDENCE,Canonical registry state,CANONICAL_STATE,IN-DL-110054-7-106,CANONICAL_PARCELS
CEV-001667,CNF-00682,,SOURCE_B,CANONICAL_REGISTRY,record_status,HISTORICAL_RETIRED,,SYSTEM_CONTEXT,SYSTEM_EVIDENCE,Canonical registry state,CANONICAL_STATE,IN-DL-110054-8-101,CANONICAL_PARCELS
CEV-001668,CNF-00683,,SOURCE_B,CANONICAL_REGISTRY,record_status,HISTORICAL_RETIRED,,SYSTEM_CONTEXT,SYSTEM_EVIDENCE,Canonical registry state,CANONICAL_STATE,IN-DL-110054-8-102,CANONICAL_PARCELS
CEV-001669,CNF-00684,,SOURCE_B,CANONICAL_REGISTRY,record_status,HISTORICAL_RETIRED,,SYSTEM_CONTEXT,SYSTEM_EVIDENCE,Canonical registry state,CANONICAL_STATE,IN-DL-110054-8-103,CANONICAL_PARCELS
CEV-001670,CNF-00685,,SOURCE_B,PARCEL_LINEAGE,parcel_id,MERGE,,SYSTEM_CONTEXT,SYSTEM_EVIDENCE,Parcel lineage evidence,LINEAGE_EVENT,LIN-0018,PARCEL_LINEAGE
CEV-001671,CNF-00686,,SOURCE_B,CANONICAL_REGISTRY,record_status,HISTORICAL_RETIRED,,SYSTEM_CONTEXT,SYSTEM_EVIDENCE,Canonical registry state,CANONICAL_STATE,IN-DL-110054-8-105,CANONICAL_PARCELS
CEV-001672,CNF-00687,,SOURCE_B,CANONICAL_REGISTRY,record_status,HISTORICAL_RETIRED,,SYSTEM_CONTEXT,SYSTEM_EVIDENCE,Canonical registry state,CANONICAL_STATE,IN-DL-110054-9-104,CANONICAL_PARCELS
CEV-001673,CNF-00688,,SOURCE_B,PARCEL_LINEAGE,parcel_id,REDEVELOPMENT_CONSOLIDATION,,SYSTEM_CONTEXT,SYSTEM_EVIDENCE,Parcel lineage evidence,LINEAGE_EVENT,LIN-0065,PARCEL_LINEAGE
CEV-001674,CNF-00689,,SOURCE_B,PARCEL_LINEAGE,parcel_id,REDEVELOPMENT_CONSOLIDATION,,SYSTEM_CONTEXT,SYSTEM_EVIDENCE,Parcel lineage evidence,LINEAGE_EVENT,LIN-0066,PARCEL_LINEAGE
CEV-001675,CNF-00690,,SOURCE_B,PARCEL_LINEAGE,parcel_id,SPLIT,,SYSTEM_CONTEXT,SYSTEM_EVIDENCE,Parcel lineage evidence,LINEAGE_EVENT,LIN-0007,PARCEL_LINEAGE
CEV-001676,CNF-00690,,SOURCE_B,PARCEL_LINEAGE,parcel_id,SPLIT,,SYSTEM_CONTEXT,SYSTEM_EVIDENCE,Parcel lineage evidence,LINEAGE_EVENT,LIN-0008,PARCEL_LINEAGE
CEV-001677,CNF-00691,,SOURCE_B,CANONICAL_REGISTRY,record_status,HISTORICAL_RETIRED,,SYSTEM_CONTEXT,SYSTEM_EVIDENCE,Canonical registry state,CANONICAL_STATE,IN-DL-110054-10-102,CANONICAL_PARCELS
CEV-001678,CNF-00692,,SOURCE_B,PARCEL_LINEAGE,lineage,SPLIT,,SYSTEM_CONTEXT,SYSTEM_EVIDENCE,Parcel lineage evidence,LINEAGE_EVENT,LIN-0019,PARCEL_LINEAGE
CEV-001679,CNF-00693,,SOURCE_B,PARCEL_LINEAGE,lineage,SPLIT,,SYSTEM_CONTEXT,SYSTEM_EVIDENCE,Parcel lineage evidence,LINEAGE_EVENT,LIN-0013,PARCEL_LINEAGE
CEV-001680,CNF-00694,,SOURCE_B,PARCEL_LINEAGE,lineage,CROSS_CELL_SPLIT,,SYSTEM_CONTEXT,SYSTEM_EVIDENCE,Parcel lineage evidence,LINEAGE_EVENT,LIN-0067,PARCEL_LINEAGE
CEV-001681,CNF-00695,,SOURCE_B,PARCEL_LINEAGE,lineage,SPLIT,,SYSTEM_CONTEXT,SYSTEM_EVIDENCE,Parcel lineage evidence,LINEAGE_EVENT,LIN-0020,PARCEL_LINEAGE
CEV-001682,CNF-00696,,SOURCE_B,PARCEL_LINEAGE,lineage,REDEVELOPMENT_CONSOLIDATION,,SYSTEM_CONTEXT,SYSTEM_EVIDENCE,Parcel lineage evidence,LINEAGE_EVENT,LIN-0057,PARCEL_LINEAGE
CEV-001683,CNF-00696,,SOURCE_B,PARCEL_LINEAGE,lineage,REDEVELOPMENT_CONSOLIDATION,,SYSTEM_CONTEXT,SYSTEM_EVIDENCE,Parcel lineage evidence,LINEAGE_EVENT,LIN-0058,PARCEL_LINEAGE
CEV-001684,CNF-00697,,SOURCE_B,PARCEL_LINEAGE,lineage,REDEVELOPMENT_CONSOLIDATION,,SYSTEM_CONTEXT,SYSTEM_EVIDENCE,Parcel lineage evidence,LINEAGE_EVENT,LIN-0053,PARCEL_LINEAGE
CEV-001685,CNF-00697,,SOURCE_B,PARCEL_LINEAGE,lineage,REDEVELOPMENT_CONSOLIDATION,,SYSTEM_CONTEXT,SYSTEM_EVIDENCE,Parcel lineage evidence,LINEAGE_EVENT,LIN-0054,PARCEL_LINEAGE
CEV-001686,CNF-00698,,SOURCE_B,PARCEL_LINEAGE,lineage,CROSS_CELL_MERGE,,SYSTEM_CONTEXT,SYSTEM_EVIDENCE,Parcel lineage evidence,LINEAGE_EVENT,LIN-0071,PARCEL_LINEAGE
CEV-001687,CNF-00698,,SOURCE_B,PARCEL_LINEAGE,lineage,CROSS_CELL_MERGE,,SYSTEM_CONTEXT,SYSTEM_EVIDENCE,Parcel lineage evidence,LINEAGE_EVENT,LIN-0072,PARCEL_LINEAGE
CEV-001688,CNF-00699,,SOURCE_B,PARCEL_LINEAGE,lineage,SPLIT,,SYSTEM_CONTEXT,SYSTEM_EVIDENCE,Parcel lineage evidence,LINEAGE_EVENT,LIN-0004,PARCEL_LINEAGE
CEV-001689,CNF-00700,,SOURCE_B,PARCEL_LINEAGE,lineage,SPLIT,,SYSTEM_CONTEXT,SYSTEM_EVIDENCE,Parcel lineage evidence,LINEAGE_EVENT,LIN-0007,PARCEL_LINEAGE
CEV-001690,CNF-00701,,SOURCE_B,PARCEL_LINEAGE,lineage,SPLIT,,SYSTEM_CONTEXT,SYSTEM_EVIDENCE,Parcel lineage evidence,LINEAGE_EVENT,LIN-0055,PARCEL_LINEAGE
CEV-001691,CNF-00702,,SOURCE_B,PARCEL_LINEAGE,lineage,REDEVELOPMENT_CONSOLIDATION,,SYSTEM_CONTEXT,SYSTEM_EVIDENCE,Parcel lineage evidence,LINEAGE_EVENT,LIN-0063,PARCEL_LINEAGE
CEV-001692,CNF-00702,,SOURCE_B,PARCEL_LINEAGE,lineage,REDEVELOPMENT_CONSOLIDATION,,SYSTEM_CONTEXT,SYSTEM_EVIDENCE,Parcel lineage evidence,LINEAGE_EVENT,LIN-0064,PARCEL_LINEAGE
CEV-001693,CNF-00703,,SOURCE_B,PARCEL_LINEAGE,lineage,MERGE,,SYSTEM_CONTEXT,SYSTEM_EVIDENCE,Parcel lineage evidence,LINEAGE_EVENT,LIN-0033,PARCEL_LINEAGE
CEV-001694,CNF-00703,,SOURCE_B,PARCEL_LINEAGE,lineage,MERGE,,SYSTEM_CONTEXT,SYSTEM_EVIDENCE,Parcel lineage evidence,LINEAGE_EVENT,LIN-0034,PARCEL_LINEAGE
CEV-001695,CNF-00704,,SOURCE_B,PARCEL_LINEAGE,lineage,MERGE,,SYSTEM_CONTEXT,SYSTEM_EVIDENCE,Parcel lineage evidence,LINEAGE_EVENT,LIN-0015,PARCEL_LINEAGE
CEV-001696,CNF-00704,,SOURCE_B,PARCEL_LINEAGE,lineage,MERGE,,SYSTEM_CONTEXT,SYSTEM_EVIDENCE,Parcel lineage evidence,LINEAGE_EVENT,LIN-0016,PARCEL_LINEAGE
CEV-001697,CNF-00705,,SOURCE_B,PARCEL_LINEAGE,lineage,REDEVELOPMENT_CONSOLIDATION,,SYSTEM_CONTEXT,SYSTEM_EVIDENCE,Parcel lineage evidence,LINEAGE_EVENT,LIN-0048,PARCEL_LINEAGE
CEV-001698,CNF-00705,,SOURCE_B,PARCEL_LINEAGE,lineage,REDEVELOPMENT_CONSOLIDATION,,SYSTEM_CONTEXT,SYSTEM_EVIDENCE,Parcel lineage evidence,LINEAGE_EVENT,LIN-0049,PARCEL_LINEAGE
CEV-001699,CNF-00706,,SOURCE_B,PARCEL_LINEAGE,lineage,REDEVELOPMENT_CONSOLIDATION,,SYSTEM_CONTEXT,SYSTEM_EVIDENCE,Parcel lineage evidence,LINEAGE_EVENT,LIN-0041,PARCEL_LINEAGE
CEV-001700,CNF-00706,,SOURCE_B,PARCEL_LINEAGE,lineage,REDEVELOPMENT_CONSOLIDATION,,SYSTEM_CONTEXT,SYSTEM_EVIDENCE,Parcel lineage evidence,LINEAGE_EVENT,LIN-0042,PARCEL_LINEAGE
CEV-001701,CNF-00707,,SOURCE_B,PARCEL_LINEAGE,lineage,REDEVELOPMENT_CONSOLIDATION,,SYSTEM_CONTEXT,SYSTEM_EVIDENCE,Parcel lineage evidence,LINEAGE_EVENT,LIN-0051,PARCEL_LINEAGE
CEV-001702,CNF-00707,,SOURCE_B,PARCEL_LINEAGE,lineage,REDEVELOPMENT_CONSOLIDATION,,SYSTEM_CONTEXT,SYSTEM_EVIDENCE,Parcel lineage evidence,LINEAGE_EVENT,LIN-0052,PARCEL_LINEAGE
CEV-001703,CNF-00708,,SOURCE_B,PARCEL_LINEAGE,lineage,REDEVELOPMENT_CONSOLIDATION,,SYSTEM_CONTEXT,SYSTEM_EVIDENCE,Parcel lineage evidence,LINEAGE_EVENT,LIN-0044,PARCEL_LINEAGE
CEV-001704,CNF-00708,,SOURCE_B,PARCEL_LINEAGE,lineage,REDEVELOPMENT_CONSOLIDATION,,SYSTEM_CONTEXT,SYSTEM_EVIDENCE,Parcel lineage evidence,LINEAGE_EVENT,LIN-0045,PARCEL_LINEAGE
CEV-001705,CNF-00709,,SOURCE_B,PARCEL_LINEAGE,lineage,SPLIT,,SYSTEM_CONTEXT,SYSTEM_EVIDENCE,Parcel lineage evidence,LINEAGE_EVENT,LIN-0025,PARCEL_LINEAGE
CEV-001706,CNF-00710,,SOURCE_B,PARCEL_LINEAGE,lineage,REDEVELOPMENT_CONSOLIDATION,,SYSTEM_CONTEXT,SYSTEM_EVIDENCE,Parcel lineage evidence,LINEAGE_EVENT,LIN-0065,PARCEL_LINEAGE
CEV-001707,CNF-00710,,SOURCE_B,PARCEL_LINEAGE,lineage,REDEVELOPMENT_CONSOLIDATION,,SYSTEM_CONTEXT,SYSTEM_EVIDENCE,Parcel lineage evidence,LINEAGE_EVENT,LIN-0066,PARCEL_LINEAGE
CEV-001708,CNF-00711,,SOURCE_B,PARCEL_LINEAGE,lineage,MERGE,,SYSTEM_CONTEXT,SYSTEM_EVIDENCE,Parcel lineage evidence,LINEAGE_EVENT,LIN-0039,PARCEL_LINEAGE
CEV-001709,CNF-00711,,SOURCE_B,PARCEL_LINEAGE,lineage,MERGE,,SYSTEM_CONTEXT,SYSTEM_EVIDENCE,Parcel lineage evidence,LINEAGE_EVENT,LIN-0040,PARCEL_LINEAGE
CEV-001710,CNF-00712,,SOURCE_B,PARCEL_LINEAGE,lineage,SPLIT,,SYSTEM_CONTEXT,SYSTEM_EVIDENCE,Parcel lineage evidence,LINEAGE_EVENT,LIN-0014,PARCEL_LINEAGE
CEV-001711,CNF-00713,,SOURCE_B,PARCEL_LINEAGE,lineage,REDEVELOPMENT_CONSOLIDATION,,SYSTEM_CONTEXT,SYSTEM_EVIDENCE,Parcel lineage evidence,LINEAGE_EVENT,LIN-0046,PARCEL_LINEAGE
CEV-001712,CNF-00713,,SOURCE_B,PARCEL_LINEAGE,lineage,REDEVELOPMENT_CONSOLIDATION,,SYSTEM_CONTEXT,SYSTEM_EVIDENCE,Parcel lineage evidence,LINEAGE_EVENT,LIN-0047,PARCEL_LINEAGE
CEV-001713,CNF-00714,,SOURCE_B,PARCEL_LINEAGE,lineage,MERGE,,SYSTEM_CONTEXT,SYSTEM_EVIDENCE,Parcel lineage evidence,LINEAGE_EVENT,LIN-0037,PARCEL_LINEAGE
CEV-001714,CNF-00714,,SOURCE_B,PARCEL_LINEAGE,lineage,MERGE,,SYSTEM_CONTEXT,SYSTEM_EVIDENCE,Parcel lineage evidence,LINEAGE_EVENT,LIN-0038,PARCEL_LINEAGE
CEV-001715,CNF-00715,,SOURCE_B,PARCEL_LINEAGE,lineage,CROSS_CELL_SPLIT,,SYSTEM_CONTEXT,SYSTEM_EVIDENCE,Parcel lineage evidence,LINEAGE_EVENT,LIN-0073,PARCEL_LINEAGE
