conflict_id,canonical_parcel_id,conflict_type,source_a,source_b,attribute_or_geometry,source_a_value,source_b_value,severity,criticality,explanation,status,recommended_next_evidence,human_review_required,benchmark_case_ids,source_a_observation_id,source_b_observation_id
CNF-00002,IN-DL-110054-1-12,AREA_MISMATCH,CADASTRAL_REVENUE,MUNICIPAL_PROPERTY,area_sqm,665.04,648.68,MODERATE,MEDIUM,Moderate area-basis disagreement.,RESOLVED,Recent survey / map-sheet check,False,,OBS-000049,OBS-000050
CNF-00003,IN-DL-110054-1-15,TEMPORAL_VERSION_MISMATCH,CADASTRAL_REVENUE,BUILDING_GIS,temporal_state,2018-06-15,2026-11-15,MODERATE,MEDIUM,Sources represent different years.,RESOLVED,Mutation chronology,False,,OBS-000060,OBS-000062
CNF-00005,IN-DL-110054-1-24,AREA_MISMATCH,CADASTRAL_REVENUE,MUNICIPAL_PROPERTY,area_sqm,726.46,727.1,MODERATE,MEDIUM,Moderate area-basis disagreement.,RESOLVED,Recent survey / map-sheet check,False,,OBS-000099,OBS-000100
CNF-00006,IN-DL-110054-1-30,OWNER_NAME_VARIATION,CADASTRAL_REVENUE,MUNICIPAL_PROPERTY,owner_name,Sneha Saxena,S. Saxena,MINOR,LOW,Abbreviation / formatting variation only.,RESOLVED,No extra evidence needed,False,,OBS-000118,OBS-000119
CNF-00007,IN-DL-110054-1-30,TEMPORAL_VERSION_MISMATCH,CADASTRAL_REVENUE,DRONE_ORTHOPHOTO,temporal_state,2019-06-15,2026-07-10,MODERATE,MEDIUM,Sources represent different years.,RESOLVED,Mutation chronology,False,,OBS-000118,OBS-000121
CNF-00008,IN-DL-110054-1-36,AREA_MISMATCH,CADASTRAL_REVENUE,MUNICIPAL_PROPERTY,area_sqm,1024.39,1047.02,MODERATE,MEDIUM,Moderate area-basis disagreement.,RESOLVED,Recent survey / map-sheet check,False,,OBS-000142,OBS-000143
CNF-00010,IN-DL-110054-1-45,TEMPORAL_VERSION_MISMATCH,CADASTRAL_REVENUE,DRONE_ORTHOPHOTO,temporal_state,2020-06-15,2026-07-10,MODERATE,MEDIUM,Sources represent different years.,RESOLVED,Mutation chronology,False,,OBS-000169,OBS-000172
CNF-00011,IN-DL-110054-1-48,AREA_MISMATCH,CADASTRAL_REVENUE,MUNICIPAL_PROPERTY,area_sqm,889.74,902.92,MODERATE,MEDIUM,Moderate area-basis disagreement.,RESOLVED,Recent survey / map-sheet check,False,,OBS-000181,OBS-000182
CNF-00013,IN-DL-110054-1-60,OWNER_NAME_VARIATION,CADASTRAL_REVENUE,MUNICIPAL_PROPERTY,owner_name,Aarav Bhatia,A. Bhatia,MINOR,LOW,Abbreviation / formatting variation only.,RESOLVED,No extra evidence needed,False,,OBS-000225,OBS-000226
CNF-00014,IN-DL-110054-1-60,AREA_MISMATCH,CADASTRAL_REVENUE,MUNICIPAL_PROPERTY,area_sqm,960.09,972.99,MODERATE,MEDIUM,Moderate area-basis disagreement.,RESOLVED,Recent survey / map-sheet check,False,,OBS-000225,OBS-000226
CNF-00015,IN-DL-110054-1-60,TEMPORAL_VERSION_MISMATCH,CADASTRAL_REVENUE,DRONE_ORTHOPHOTO,temporal_state,2021-06-15,2026-07-10,MODERATE,MEDIUM,Sources represent different years.,RESOLVED,Mutation chronology,False,,OBS-000225,OBS-000228
CNF-00017,IN-DL-110054-1-72,AREA_MISMATCH,CADASTRAL_REVENUE,MUNICIPAL_PROPERTY,area_sqm,687.25,703.56,MODERATE,MEDIUM,Moderate area-basis disagreement.,RESOLVED,Recent survey / map-sheet check,False,TC02_SLIGHT_GEOMETRY_SHIFT,OBS-000272,OBS-000273
CNF-00018,IN-DL-110054-1-75,TEMPORAL_VERSION_MISMATCH,MUNICIPAL_PROPERTY,BUILDING_GIS,temporal_state,2025-08-10,2026-11-15,MODERATE,MEDIUM,Sources represent different years.,RESOLVED,Mutation chronology,False,TC17_MISSING_SOURCE_RECORD,OBS-000282,OBS-000283
CNF-00020,IN-DL-110054-1-84,AREA_MISMATCH,CADASTRAL_REVENUE,MUNICIPAL_PROPERTY,area_sqm,834.05,810.72,MODERATE,MEDIUM,Moderate area-basis disagreement.,RESOLVED,Recent survey / map-sheet check,False,TC18_AMBIGUOUS_CANDIDATE_MATCH,OBS-000318,OBS-000319
CNF-00021,IN-DL-110054-1-90,OWNER_NAME_VARIATION,CADASTRAL_REVENUE,MUNICIPAL_PROPERTY,owner_name,Sneha Khanna,S. Khanna,MINOR,LOW,Abbreviation / formatting variation only.,RESOLVED,No extra evidence needed,False,TC21_ROAD_WIDENING_BOUNDARY_CORRECTION,OBS-000340,OBS-000341
CNF-00022,IN-DL-110054-1-90,TEMPORAL_VERSION_MISMATCH,CADASTRAL_REVENUE,DRONE_ORTHOPHOTO,temporal_state,2023-06-15,2026-07-10,MODERATE,MEDIUM,Sources represent different years.,RESOLVED,Mutation chronology,False,TC21_ROAD_WIDENING_BOUNDARY_CORRECTION,OBS-000340,OBS-000343
CNF-00023,IN-DL-110054-1-96,AREA_MISMATCH,CADASTRAL_REVENUE,MUNICIPAL_PROPERTY,area_sqm,1067.34,1095.16,MODERATE,MEDIUM,Moderate area-basis disagreement.,RESOLVED,Recent survey / map-sheet check,False,TC07_PARCEL_SPLIT,OBS-000366,OBS-000367
CNF-00026,IN-DL-110054-2-12,AREA_MISMATCH,CADASTRAL_REVENUE,MUNICIPAL_PROPERTY,area_sqm,638.14,658.72,MODERATE,MEDIUM,Moderate area-basis disagreement.,RESOLVED,Recent survey / map-sheet check,False,,OBS-000435,OBS-000436
CNF-00027,IN-DL-110054-2-15,TEMPORAL_VERSION_MISMATCH,MUNICIPAL_PROPERTY,DRONE_ORTHOPHOTO,temporal_state,2021-04-10,2026-07-10,MODERATE,MEDIUM,Sources represent different years.,RESOLVED,Mutation chronology,False,TC17_MISSING_SOURCE_RECORD,OBS-000447,OBS-000448
CNF-00029,IN-DL-110054-2-24,AREA_MISMATCH,CADASTRAL_REVENUE,MUNICIPAL_PROPERTY,area_sqm,857.21,859.26,MODERATE,MEDIUM,Moderate area-basis disagreement.,RESOLVED,Recent survey / map-sheet check,False,,OBS-000480,OBS-000481
CNF-00030,IN-DL-110054-2-30,OWNER_NAME_VARIATION,CADASTRAL_REVENUE,MUNICIPAL_PROPERTY,owner_name,Sneha Tiwari,S. Tiwari,MINOR,LOW,Abbreviation / formatting variation only.,RESOLVED,No extra evidence needed,False,,OBS-000504,OBS-000505
CNF-00031,IN-DL-110054-2-30,TEMPORAL_VERSION_MISMATCH,CADASTRAL_REVENUE,DRONE_ORTHOPHOTO,temporal_state,2019-06-15,2026-07-10,MODERATE,MEDIUM,Sources represent different years.,RESOLVED,Mutation chronology,False,,OBS-000504,OBS-000507
CNF-00032,IN-DL-110054-2-36,AREA_MISMATCH,CADASTRAL_REVENUE,MUNICIPAL_PROPERTY,area_sqm,1094.35,1099.56,MODERATE,MEDIUM,Moderate area-basis disagreement.,RESOLVED,Recent survey / map-sheet check,False,TC05_ONE_CADASTRAL_TO_SEVERAL_MUNICIPAL,OBS-000527,OBS-000528
CNF-00034,IN-DL-110054-2-45,TEMPORAL_VERSION_MISMATCH,CADASTRAL_REVENUE,DRONE_ORTHOPHOTO,temporal_state,2020-06-15,2026-07-10,MODERATE,MEDIUM,Sources represent different years.,RESOLVED,Mutation chronology,False,,OBS-000562,OBS-000565
CNF-00035,IN-DL-110054-2-48,AREA_MISMATCH,CADASTRAL_REVENUE,MUNICIPAL_PROPERTY,area_sqm,792.64,815.34,MODERATE,MEDIUM,Moderate area-basis disagreement.,RESOLVED,Recent survey / map-sheet check,False,,OBS-000575,OBS-000576
CNF-00037,IN-DL-110054-2-60,OWNER_NAME_VARIATION,CADASTRAL_REVENUE,MUNICIPAL_PROPERTY,owner_name,Aarav Verma,A. Verma,MINOR,LOW,Abbreviation / formatting variation only.,RESOLVED,No extra evidence needed,False,TC03_SIGNIFICANT_LOCAL_DISTORTION,OBS-000625,OBS-000626
CNF-00038,IN-DL-110054-2-60,TEMPORAL_VERSION_MISMATCH,CADASTRAL_REVENUE,BUILDING_GIS,temporal_state,2021-06-15,2025-11-15,MODERATE,MEDIUM,Sources represent different years.,RESOLVED,Mutation chronology,False,TC03_SIGNIFICANT_LOCAL_DISTORTION,OBS-000625,OBS-000627
CNF-00040,IN-DL-110054-2-72,AREA_MISMATCH,CADASTRAL_REVENUE,MUNICIPAL_PROPERTY,area_sqm,732.66,734.01,MODERATE,MEDIUM,Moderate area-basis disagreement.,RESOLVED,Recent survey / map-sheet check,False,,OBS-000674,OBS-000675
CNF-00041,IN-DL-110054-2-75,TEMPORAL_VERSION_MISMATCH,CADASTRAL_REVENUE,BUILDING_GIS,temporal_state,2022-06-15,2026-11-15,MODERATE,MEDIUM,Sources represent different years.,RESOLVED,Mutation chronology,False,,OBS-000687,OBS-000689
CNF-00043,IN-DL-110054-2-84,AREA_MISMATCH,CADASTRAL_REVENUE,UTILITY_INFRASTRUCTURE,area_sqm,893.16,926.95,MODERATE,MEDIUM,Moderate area-basis disagreement.,RESOLVED,Recent survey / map-sheet check,False,TC17_MISSING_SOURCE_RECORD,OBS-000725,OBS-000727
CNF-00044,IN-DL-110054-2-90,TEMPORAL_VERSION_MISMATCH,CADASTRAL_REVENUE,DRONE_ORTHOPHOTO,temporal_state,2023-06-15,2026-07-10,MODERATE,MEDIUM,Sources represent different years.,RESOLVED,Mutation chronology,False,TC14_PHYSICAL_OCCUPATION_VS_LEGAL_GEOMETRY,OBS-000749,OBS-000753
CNF-00045,IN-DL-110054-2-96,AREA_MISMATCH,CADASTRAL_REVENUE,MUNICIPAL_PROPERTY,area_sqm,980.83,951.66,MODERATE,MEDIUM,Moderate area-basis disagreement.,RESOLVED,Recent survey / map-sheet check,False,,OBS-000777,OBS-000778
CNF-00046,IN-DL-110054-3-12,AREA_MISMATCH,CADASTRAL_REVENUE,DRONE_ORTHOPHOTO,area_sqm,823.75,848.56,MODERATE,MEDIUM,Moderate area-basis disagreement.,RESOLVED,Recent survey / map-sheet check,False,TC17_MISSING_SOURCE_RECORD,OBS-000854,OBS-000857
CNF-00047,IN-DL-110054-3-15,TEMPORAL_VERSION_MISMATCH,CADASTRAL_REVENUE,DRONE_ORTHOPHOTO,temporal_state,2018-06-15,2026-07-10,MODERATE,MEDIUM,Sources represent different years.,RESOLVED,Mutation chronology,False,,OBS-000869,OBS-000873
CNF-00048,IN-DL-110054-3-24,AREA_MISMATCH,CADASTRAL_REVENUE,MUNICIPAL_PROPERTY,area_sqm,765.45,738.97,MODERATE,MEDIUM,Moderate area-basis disagreement.,RESOLVED,Recent survey / map-sheet check,False,,OBS-000912,OBS-000913
CNF-00049,IN-DL-110054-3-30,TEMPORAL_VERSION_MISMATCH,CADASTRAL_REVENUE,DRONE_ORTHOPHOTO,temporal_state,2019-06-15,2026-07-10,MODERATE,MEDIUM,Sources represent different years.,RESOLVED,Mutation chronology,False,,OBS-000940,OBS-000944
CNF-00050,IN-DL-110054-3-36,AREA_MISMATCH,CADASTRAL_REVENUE,MUNICIPAL_PROPERTY,area_sqm,1106.15,1131.02,MODERATE,MEDIUM,Moderate area-basis disagreement.,RESOLVED,Recent survey / map-sheet check,False,TC12_DDA_VS_MUNICIPAL_DISAGREEMENT,OBS-000968,OBS-000969
CNF-00051,IN-DL-110054-3-45,TEMPORAL_VERSION_MISMATCH,CADASTRAL_REVENUE,DRONE_ORTHOPHOTO,temporal_state,2020-06-15,2026-07-10,MODERATE,MEDIUM,Sources represent different years.,RESOLVED,Mutation chronology,False,TC12_DDA_VS_MUNICIPAL_DISAGREEMENT,OBS-001015,OBS-001018
CNF-00052,IN-DL-110054-3-48,AREA_MISMATCH,CADASTRAL_REVENUE,MUNICIPAL_PROPERTY,area_sqm,613.51,593.8,MODERATE,MEDIUM,Moderate area-basis disagreement.,RESOLVED,Recent survey / map-sheet check,False,,OBS-001029,OBS-001030
CNF-00053,IN-DL-110054-3-60,OWNER_NAME_VARIATION,CADASTRAL_REVENUE,MUNICIPAL_PROPERTY,owner_name,Aarav Mehta,A. Mehta,MINOR,LOW,Abbreviation / formatting variation only.,RESOLVED,No extra evidence needed,False,,OBS-001082,OBS-001083
CNF-00054,IN-DL-110054-3-60,AREA_MISMATCH,CADASTRAL_REVENUE,MUNICIPAL_PROPERTY,area_sqm,1121.04,1085.8,MODERATE,MEDIUM,Moderate area-basis disagreement.,RESOLVED,Recent survey / map-sheet check,False,,OBS-001082,OBS-001083
CNF-00055,IN-DL-110054-3-60,TEMPORAL_VERSION_MISMATCH,CADASTRAL_REVENUE,BUILDING_GIS,temporal_state,2021-06-15,2025-11-15,MODERATE,MEDIUM,Sources represent different years.,RESOLVED,Mutation chronology,False,,OBS-001082,OBS-001084
CNF-00057,IN-DL-110054-3-72,AREA_MISMATCH,CADASTRAL_REVENUE,MUNICIPAL_PROPERTY,area_sqm,858.29,842.98,MODERATE,MEDIUM,Moderate area-basis disagreement.,RESOLVED,Recent survey / map-sheet check,False,,OBS-001130,OBS-001131
CNF-00058,IN-DL-110054-3-75,TEMPORAL_VERSION_MISMATCH,CADASTRAL_REVENUE,BUILDING_GIS,temporal_state,2022-06-15,2026-11-15,MODERATE,MEDIUM,Sources represent different years.,RESOLVED,Mutation chronology,False,TC02_SLIGHT_GEOMETRY_SHIFT,OBS-001142,OBS-001144
CNF-00060,IN-DL-110054-3-84,AREA_MISMATCH,CADASTRAL_REVENUE,MUNICIPAL_PROPERTY,area_sqm,686.05,680.01,MODERATE,MEDIUM,Moderate area-basis disagreement.,RESOLVED,Recent survey / map-sheet check,False,,OBS-001175,OBS-001176
CNF-00061,IN-DL-110054-3-90,OWNER_NAME_VARIATION,CADASTRAL_REVENUE,MUNICIPAL_PROPERTY,owner_name,Sneha Aggarwal,S. Aggarwal,MINOR,LOW,Abbreviation / formatting variation only.,RESOLVED,No extra evidence needed,False,,OBS-001198,OBS-001199
CNF-00062,IN-DL-110054-3-90,TEMPORAL_VERSION_MISMATCH,CADASTRAL_REVENUE,MUNICIPAL_PROPERTY,temporal_state,2023-06-15,2026-09-10,MODERATE,MEDIUM,Sources represent different years.,RESOLVED,Mutation chronology,False,,OBS-001198,OBS-001199
CNF-00063,IN-DL-110054-3-96,AREA_MISMATCH,CADASTRAL_REVENUE,MUNICIPAL_PROPERTY,area_sqm,991.81,964.15,MODERATE,MEDIUM,Moderate area-basis disagreement.,RESOLVED,Recent survey / map-sheet check,False,TC02_SLIGHT_GEOMETRY_SHIFT;TC11_GOVERNMENT_PRIVATE_OWNERSHIP_CONFLICT,OBS-001223,OBS-001224
CNF-00066,IN-DL-110054-4-12,AREA_MISMATCH,CADASTRAL_REVENUE,MUNICIPAL_PROPERTY,area_sqm,878.45,871.36,MODERATE,MEDIUM,Moderate area-basis disagreement.,RESOLVED,Recent survey / map-sheet check,False,,OBS-001299,OBS-001300
CNF-00067,IN-DL-110054-4-15,TEMPORAL_VERSION_MISMATCH,CADASTRAL_REVENUE,DRONE_ORTHOPHOTO,temporal_state,2018-06-15,2026-07-10,MODERATE,MEDIUM,Sources represent different years.,RESOLVED,Mutation chronology,False,,OBS-001312,OBS-001315
CNF-00069,IN-DL-110054-4-24,AREA_MISMATCH,CADASTRAL_REVENUE,MUNICIPAL_PROPERTY,area_sqm,699.06,687.95,MODERATE,MEDIUM,Moderate area-basis disagreement.,RESOLVED,Recent survey / map-sheet check,False,TC14_PHYSICAL_OCCUPATION_VS_LEGAL_GEOMETRY,OBS-001351,OBS-001352
CNF-00070,IN-DL-110054-4-30,OWNER_NAME_VARIATION,CADASTRAL_REVENUE,MUNICIPAL_PROPERTY,owner_name,Pramaan Institute of Civic Studies,P. Studies,MINOR,LOW,Abbreviation / formatting variation only.,RESOLVED,No extra evidence needed,False,,OBS-001376,OBS-001377
CNF-00071,IN-DL-110054-4-30,TEMPORAL_VERSION_MISMATCH,CADASTRAL_REVENUE,DRONE_ORTHOPHOTO,temporal_state,2019-06-15,2026-07-10,MODERATE,MEDIUM,Sources represent different years.,RESOLVED,Mutation chronology,False,,OBS-001376,OBS-001380
CNF-00072,IN-DL-110054-4-36,AREA_MISMATCH,CADASTRAL_REVENUE,MUNICIPAL_PROPERTY,area_sqm,955.43,993.37,MODERATE,MEDIUM,Moderate area-basis disagreement.,RESOLVED,Recent survey / map-sheet check,False,,OBS-001404,OBS-001405
CNF-00074,IN-DL-110054-4-45,TEMPORAL_VERSION_MISMATCH,CADASTRAL_REVENUE,DRONE_ORTHOPHOTO,temporal_state,2020-06-15,2026-07-10,MODERATE,MEDIUM,Sources represent different years.,RESOLVED,Mutation chronology,False,TC15_GNSS_CONTRADICTS_OLD_CADASTRE,OBS-001444,OBS-001447
CNF-00075,IN-DL-110054-4-48,AREA_MISMATCH,CADASTRAL_REVENUE,MUNICIPAL_PROPERTY,area_sqm,689.12,692.22,MODERATE,MEDIUM,Moderate area-basis disagreement.,RESOLVED,Recent survey / map-sheet check,False,,OBS-001455,OBS-001456
CNF-00077,IN-DL-110054-4-60,OWNER_NAME_VARIATION,CADASTRAL_REVENUE,MUNICIPAL_PROPERTY,owner_name,Pramaan Institute of Civic Studies,P. Studies,MINOR,LOW,Abbreviation / formatting variation only.,RESOLVED,No extra evidence needed,False,,OBS-001511,OBS-001512
CNF-00078,IN-DL-110054-4-60,AREA_MISMATCH,CADASTRAL_REVENUE,MUNICIPAL_PROPERTY,area_sqm,1086.04,1057.41,MODERATE,MEDIUM,Moderate area-basis disagreement.,RESOLVED,Recent survey / map-sheet check,False,,OBS-001511,OBS-001512
CNF-00079,IN-DL-110054-4-60,TEMPORAL_VERSION_MISMATCH,CADASTRAL_REVENUE,DRONE_ORTHOPHOTO,temporal_state,2021-06-15,2026-07-10,MODERATE,MEDIUM,Sources represent different years.,RESOLVED,Mutation chronology,False,,OBS-001511,OBS-001515
CNF-00081,IN-DL-110054-4-72,AREA_MISMATCH,CADASTRAL_REVENUE,MUNICIPAL_PROPERTY,area_sqm,787.32,799.02,MODERATE,MEDIUM,Moderate area-basis disagreement.,RESOLVED,Recent survey / map-sheet check,False,,OBS-001565,OBS-001566
CNF-00082,IN-DL-110054-4-75,TEMPORAL_VERSION_MISMATCH,CADASTRAL_REVENUE,DRONE_ORTHOPHOTO,temporal_state,2022-06-15,2026-07-10,MODERATE,MEDIUM,Sources represent different years.,RESOLVED,Mutation chronology,False,TC19_ENCROACHMENT_INTO_PUBLIC_LAND,OBS-001577,OBS-001580
CNF-00083,IN-DL-110054-4-84,AREA_MISMATCH,CADASTRAL_REVENUE,MUNICIPAL_PROPERTY,area_sqm,626.18,618.36,MODERATE,MEDIUM,Moderate area-basis disagreement.,RESOLVED,Recent survey / map-sheet check,False,,OBS-001614,OBS-001615
CNF-00084,IN-DL-110054-4-90,OWNER_NAME_VARIATION,CADASTRAL_REVENUE,MUNICIPAL_PROPERTY,owner_name,Sneha Saxena,S. Saxena,MINOR,LOW,Abbreviation / formatting variation only.,RESOLVED,No extra evidence needed,False,TC21_ROAD_WIDENING_BOUNDARY_CORRECTION,OBS-001640,OBS-001641
CNF-00085,IN-DL-110054-4-90,TEMPORAL_VERSION_MISMATCH,CADASTRAL_REVENUE,DRONE_ORTHOPHOTO,temporal_state,2023-06-15,2026-07-10,MODERATE,MEDIUM,Sources represent different years.,RESOLVED,Mutation chronology,False,TC21_ROAD_WIDENING_BOUNDARY_CORRECTION,OBS-001640,OBS-001643
CNF-00086,IN-DL-110054-4-96,AREA_MISMATCH,CADASTRAL_REVENUE,MUNICIPAL_PROPERTY,area_sqm,1016.43,1019.67,MODERATE,MEDIUM,Moderate area-basis disagreement.,RESOLVED,Recent survey / map-sheet check,False,,OBS-001669,OBS-001670
CNF-00089,IN-DL-110054-5-12,AREA_MISMATCH,CADASTRAL_REVENUE,MUNICIPAL_PROPERTY,area_sqm,700.87,705,MODERATE,MEDIUM,Moderate area-basis disagreement.,RESOLVED,Recent survey / map-sheet check,False,,OBS-001738,OBS-001739
CNF-00090,IN-DL-110054-5-15,TEMPORAL_VERSION_MISMATCH,CADASTRAL_REVENUE,BUILDING_GIS,temporal_state,2018-06-15,2026-11-15,MODERATE,MEDIUM,Sources represent different years.,RESOLVED,Mutation chronology,False,,OBS-001753,OBS-001755
CNF-00092,IN-DL-110054-5-24,AREA_MISMATCH,CADASTRAL_REVENUE,MUNICIPAL_PROPERTY,area_sqm,736.83,757.97,MODERATE,MEDIUM,Moderate area-basis disagreement.,RESOLVED,Recent survey / map-sheet check,False,,OBS-001794,OBS-001795
CNF-00093,IN-DL-110054-5-30,OWNER_NAME_VARIATION,CADASTRAL_REVENUE,MUNICIPAL_PROPERTY,owner_name,Aarohan Heights Residents Association,A. Association,MINOR,LOW,Abbreviation / formatting variation only.,RESOLVED,No extra evidence needed,False,,OBS-001822,OBS-001823
CNF-00094,IN-DL-110054-5-30,TEMPORAL_VERSION_MISMATCH,CADASTRAL_REVENUE,DRONE_ORTHOPHOTO,temporal_state,2019-06-15,2026-07-10,MODERATE,MEDIUM,Sources represent different years.,RESOLVED,Mutation chronology,False,,OBS-001822,OBS-001826
CNF-00095,IN-DL-110054-5-36,AREA_MISMATCH,CADASTRAL_REVENUE,MUNICIPAL_PROPERTY,area_sqm,907.58,899.86,MODERATE,MEDIUM,Moderate area-basis disagreement.,RESOLVED,Recent survey / map-sheet check,False,,OBS-001849,OBS-001850
CNF-00097,IN-DL-110054-5-45,TEMPORAL_VERSION_MISMATCH,CADASTRAL_REVENUE,DRONE_ORTHOPHOTO,temporal_state,2020-06-15,2026-07-10,MODERATE,MEDIUM,Sources represent different years.,RESOLVED,Mutation chronology,False,,OBS-001892,OBS-001896
CNF-00098,IN-DL-110054-5-48,AREA_MISMATCH,CADASTRAL_REVENUE,MUNICIPAL_PROPERTY,area_sqm,877.91,877.8,MODERATE,MEDIUM,Moderate area-basis disagreement.,RESOLVED,Recent survey / map-sheet check,False,,OBS-001909,OBS-001910
CNF-00100,IN-DL-110054-5-60,OWNER_NAME_VARIATION,CADASTRAL_REVENUE,MUNICIPAL_PROPERTY,owner_name,Aarohan Heights Residents Association,A. Association,MINOR,LOW,Abbreviation / formatting variation only.,RESOLVED,No extra evidence needed,False,,OBS-001959,OBS-001960
CNF-00101,IN-DL-110054-5-60,AREA_MISMATCH,CADASTRAL_REVENUE,MUNICIPAL_PROPERTY,area_sqm,1021.09,1020.73,MODERATE,MEDIUM,Moderate area-basis disagreement.,RESOLVED,Recent survey / map-sheet check,False,,OBS-001959,OBS-001960
CNF-00102,IN-DL-110054-5-60,TEMPORAL_VERSION_MISMATCH,CADASTRAL_REVENUE,GNSS_CORS_SURVEY,temporal_state,2021-06-15,2026-05-05,MODERATE,MEDIUM,Sources represent different years.,RESOLVED,Mutation chronology,False,,OBS-001959,OBS-001963
CNF-00104,IN-DL-110054-5-75,TEMPORAL_VERSION_MISMATCH,CADASTRAL_REVENUE,BUILDING_GIS,temporal_state,2022-06-15,2026-11-15,MODERATE,MEDIUM,Sources represent different years.,RESOLVED,Mutation chronology,False,TC05_ONE_CADASTRAL_TO_SEVERAL_MUNICIPAL;TC18_AMBIGUOUS_CANDIDATE_MATCH,OBS-002028,OBS-002030
CNF-00106,IN-DL-110054-5-84,AREA_MISMATCH,CADASTRAL_REVENUE,MUNICIPAL_PROPERTY,area_sqm,783.88,759.54,MODERATE,MEDIUM,Moderate area-basis disagreement.,RESOLVED,Recent survey / map-sheet check,False,,OBS-002063,OBS-002064
CNF-00107,IN-DL-110054-5-90,OWNER_NAME_VARIATION,CADASTRAL_REVENUE,MUNICIPAL_PROPERTY,owner_name,Pramaan Redevelopment LLP,P. LLP,MINOR,LOW,Abbreviation / formatting variation only.,RESOLVED,No extra evidence needed,False,,OBS-002094,OBS-002095
CNF-00108,IN-DL-110054-5-90,TEMPORAL_VERSION_MISMATCH,CADASTRAL_REVENUE,DRONE_ORTHOPHOTO,temporal_state,2023-06-15,2026-07-10,MODERATE,MEDIUM,Sources represent different years.,RESOLVED,Mutation chronology,False,,OBS-002094,OBS-002098
CNF-00109,IN-DL-110054-5-96,AREA_MISMATCH,CADASTRAL_REVENUE,MUNICIPAL_PROPERTY,area_sqm,1038.09,1075.74,MODERATE,MEDIUM,Moderate area-basis disagreement.,RESOLVED,Recent survey / map-sheet check,False,TC22_REDEVELOPMENT_CONSOLIDATION,OBS-002114,OBS-002115
CNF-00112,IN-DL-110054-6-12,AREA_MISMATCH,CADASTRAL_REVENUE,MUNICIPAL_PROPERTY,area_sqm,640.57,661.87,MODERATE,MEDIUM,Moderate area-basis disagreement.,RESOLVED,Recent survey / map-sheet check,False,,OBS-002189,OBS-002190
CNF-00113,IN-DL-110054-6-15,TEMPORAL_VERSION_MISMATCH,CADASTRAL_REVENUE,DRONE_ORTHOPHOTO,temporal_state,2018-06-15,2026-07-10,MODERATE,MEDIUM,Sources represent different years.,RESOLVED,Mutation chronology,False,,OBS-002202,OBS-002205
CNF-00115,IN-DL-110054-6-24,AREA_MISMATCH,CADASTRAL_REVENUE,MUNICIPAL_PROPERTY,area_sqm,740.19,755.39,MODERATE,MEDIUM,Moderate area-basis disagreement.,RESOLVED,Recent survey / map-sheet check,False,,OBS-002240,OBS-002241
CNF-00116,IN-DL-110054-6-30,TEMPORAL_VERSION_MISMATCH,CADASTRAL_REVENUE,BUILDING_GIS,temporal_state,2019-06-15,2025-11-15,MODERATE,MEDIUM,Sources represent different years.,RESOLVED,Mutation chronology,False,TC10_OWNERSHIP_CONFLICT,OBS-002263,OBS-002265
CNF-00117,IN-DL-110054-6-36,AREA_MISMATCH,CADASTRAL_REVENUE,MUNICIPAL_PROPERTY,area_sqm,1094.08,1087.63,MODERATE,MEDIUM,Moderate area-basis disagreement.,RESOLVED,Recent survey / map-sheet check,False,,OBS-002286,OBS-002287
CNF-00119,IN-DL-110054-6-45,TEMPORAL_VERSION_MISMATCH,CADASTRAL_REVENUE,BUILDING_GIS,temporal_state,2020-06-15,2026-11-15,MODERATE,MEDIUM,Sources represent different years.,RESOLVED,Mutation chronology,False,TC02_SLIGHT_GEOMETRY_SHIFT,OBS-002324,OBS-002326
CNF-00120,IN-DL-110054-6-48,AREA_MISMATCH,CADASTRAL_REVENUE,MUNICIPAL_PROPERTY,area_sqm,813.76,812.97,MODERATE,MEDIUM,Moderate area-basis disagreement.,RESOLVED,Recent survey / map-sheet check,False,TC23_INCORRECT_MUTATION_ROLLED_BACK,OBS-002336,OBS-002337
CNF-00122,IN-DL-110054-6-60,OWNER_NAME_VARIATION,CADASTRAL_REVENUE,MUNICIPAL_PROPERTY,owner_name,Aarav Aggarwal,A. Aggarwal,MINOR,LOW,Abbreviation / formatting variation only.,RESOLVED,No extra evidence needed,False,TC21_ROAD_WIDENING_BOUNDARY_CORRECTION,OBS-002384,OBS-002385
CNF-00123,IN-DL-110054-6-60,AREA_MISMATCH,CADASTRAL_REVENUE,MUNICIPAL_PROPERTY,area_sqm,1111.41,1002.51,MODERATE,MEDIUM,Moderate area-basis disagreement.,RESOLVED,Recent survey / map-sheet check,False,TC21_ROAD_WIDENING_BOUNDARY_CORRECTION,OBS-002384,OBS-002385
CNF-00124,IN-DL-110054-6-60,TEMPORAL_VERSION_MISMATCH,CADASTRAL_REVENUE,DRONE_ORTHOPHOTO,temporal_state,2021-06-15,2026-07-10,MODERATE,MEDIUM,Sources represent different years.,RESOLVED,Mutation chronology,False,TC21_ROAD_WIDENING_BOUNDARY_CORRECTION,OBS-002384,OBS-002387
CNF-00126,IN-DL-110054-6-72,AREA_MISMATCH,CADASTRAL_REVENUE,MUNICIPAL_PROPERTY,area_sqm,681.47,662.84,MODERATE,MEDIUM,Moderate area-basis disagreement.,RESOLVED,Recent survey / map-sheet check,False,,OBS-002430,OBS-002431
CNF-00127,IN-DL-110054-6-75,TEMPORAL_VERSION_MISMATCH,CADASTRAL_REVENUE,DRONE_ORTHOPHOTO,temporal_state,2022-06-15,2026-07-10,MODERATE,MEDIUM,Sources represent different years.,RESOLVED,Mutation chronology,False,,OBS-002441,OBS-002444
CNF-00129,IN-DL-110054-6-84,AREA_MISMATCH,CADASTRAL_REVENUE,MUNICIPAL_PROPERTY,area_sqm,846.63,852.53,MODERATE,MEDIUM,Moderate area-basis disagreement.,RESOLVED,Recent survey / map-sheet check,False,,OBS-002475,OBS-002476
CNF-00130,IN-DL-110054-6-90,OWNER_NAME_VARIATION,CADASTRAL_REVENUE,MUNICIPAL_PROPERTY,owner_name,Sneha Chawla,S. Chawla,MINOR,LOW,Abbreviation / formatting variation only.,RESOLVED,No extra evidence needed,False,TC02_SLIGHT_GEOMETRY_SHIFT,OBS-002501,OBS-002502
CNF-00131,IN-DL-110054-6-90,TEMPORAL_VERSION_MISMATCH,CADASTRAL_REVENUE,DRONE_ORTHOPHOTO,temporal_state,2023-06-15,2026-07-10,MODERATE,MEDIUM,Sources represent different years.,RESOLVED,Mutation chronology,False,TC02_SLIGHT_GEOMETRY_SHIFT,OBS-002501,OBS-002504
CNF-00132,IN-DL-110054-6-96,AREA_MISMATCH,CADASTRAL_REVENUE,MUNICIPAL_PROPERTY,area_sqm,1109.31,1134.9,MODERATE,MEDIUM,Moderate area-basis disagreement.,RESOLVED,Recent survey / map-sheet check,False,,OBS-002528,OBS-002529
CNF-00135,IN-DL-110054-7-12,AREA_MISMATCH,CADASTRAL_REVENUE,MUNICIPAL_PROPERTY,area_sqm,764.22,793.49,MODERATE,MEDIUM,Moderate area-basis disagreement.,RESOLVED,Recent survey / map-sheet check,False,,OBS-002591,OBS-002592
CNF-00136,IN-DL-110054-7-15,TEMPORAL_VERSION_MISMATCH,CADASTRAL_REVENUE,DRONE_ORTHOPHOTO,temporal_state,2018-06-15,2026-07-10,MODERATE,MEDIUM,Sources represent different years.,RESOLVED,Mutation chronology,False,,OBS-002604,OBS-002607
CNF-00138,IN-DL-110054-7-24,AREA_MISMATCH,CADASTRAL_REVENUE,MUNICIPAL_PROPERTY,area_sqm,717.55,734.96,MODERATE,MEDIUM,Moderate area-basis disagreement.,RESOLVED,Recent survey / map-sheet check,False,,OBS-002642,OBS-002643
CNF-00139,IN-DL-110054-7-30,OWNER_NAME_VARIATION,CADASTRAL_REVENUE,MUNICIPAL_PROPERTY,owner_name,Sneha Khanna,S. Khanna,MINOR,LOW,Abbreviation / formatting variation only.,RESOLVED,No extra evidence needed,False,TC21_ROAD_WIDENING_BOUNDARY_CORRECTION,OBS-002665,OBS-002666
CNF-00140,IN-DL-110054-7-30,TEMPORAL_VERSION_MISMATCH,CADASTRAL_REVENUE,GNSS_CORS_SURVEY,temporal_state,2019-06-15,2026-07-05,MODERATE,MEDIUM,Sources represent different years.,RESOLVED,Mutation chronology,False,TC21_ROAD_WIDENING_BOUNDARY_CORRECTION,OBS-002665,OBS-002668
CNF-00141,IN-DL-110054-7-36,AREA_MISMATCH,CADASTRAL_REVENUE,MUNICIPAL_PROPERTY,area_sqm,1206.21,1179.84,MODERATE,MEDIUM,Moderate area-basis disagreement.,RESOLVED,Recent survey / map-sheet check,False,,OBS-002691,OBS-002692
CNF-00143,IN-DL-110054-7-45,TEMPORAL_VERSION_MISMATCH,CADASTRAL_REVENUE,BUILDING_GIS,temporal_state,2020-06-15,2026-11-15,MODERATE,MEDIUM,Sources represent different years.,RESOLVED,Mutation chronology,False,TC15_GNSS_CONTRADICTS_OLD_CADASTRE,OBS-002732,OBS-002734
CNF-00144,IN-DL-110054-7-48,AREA_MISMATCH,CADASTRAL_REVENUE,MUNICIPAL_PROPERTY,area_sqm,662.22,673.57,MODERATE,MEDIUM,Moderate area-basis disagreement.,RESOLVED,Recent survey / map-sheet check,False,,OBS-002744,OBS-002745
CNF-00146,IN-DL-110054-7-60,OWNER_NAME_VARIATION,CADASTRAL_REVENUE,MUNICIPAL_PROPERTY,owner_name,Aarav Saxena,A. Saxena,MINOR,LOW,Abbreviation / formatting variation only.,RESOLVED,No extra evidence needed,False,,OBS-002788,OBS-002789
CNF-00147,IN-DL-110054-7-60,AREA_MISMATCH,CADASTRAL_REVENUE,MUNICIPAL_PROPERTY,area_sqm,1067.6,1054.2,MODERATE,MEDIUM,Moderate area-basis disagreement.,RESOLVED,Recent survey / map-sheet check,False,,OBS-002788,OBS-002789
CNF-00148,IN-DL-110054-7-60,TEMPORAL_VERSION_MISMATCH,CADASTRAL_REVENUE,DRONE_ORTHOPHOTO,temporal_state,2021-06-15,2026-07-10,MODERATE,MEDIUM,Sources represent different years.,RESOLVED,Mutation chronology,False,,OBS-002788,OBS-002791
CNF-00150,IN-DL-110054-7-72,AREA_MISMATCH,CADASTRAL_REVENUE,MUNICIPAL_PROPERTY,area_sqm,874.12,884.87,MODERATE,MEDIUM,Moderate area-basis disagreement.,RESOLVED,Recent survey / map-sheet check,False,,OBS-002834,OBS-002835
CNF-00151,IN-DL-110054-7-75,TEMPORAL_VERSION_MISMATCH,CADASTRAL_REVENUE,DRONE_ORTHOPHOTO,temporal_state,2022-06-15,2026-07-10,MODERATE,MEDIUM,Sources represent different years.,RESOLVED,Mutation chronology,False,,OBS-002849,OBS-002853
CNF-00153,IN-DL-110054-7-84,AREA_MISMATCH,CADASTRAL_REVENUE,BUILDING_GIS,area_sqm,727.54,754.83,MODERATE,MEDIUM,Moderate area-basis disagreement.,RESOLVED,Recent survey / map-sheet check,False,TC10_OWNERSHIP_CONFLICT;TC17_MISSING_SOURCE_RECORD;TC18_AMBIGUOUS_CANDIDATE_MATCH,OBS-002892,OBS-002894
CNF-00154,IN-DL-110054-7-90,OWNER_NAME_VARIATION,CADASTRAL_REVENUE,MUNICIPAL_PROPERTY,owner_name,Sneha Bhatia,S. Bhatia,MINOR,LOW,Abbreviation / formatting variation only.,RESOLVED,No extra evidence needed,False,,OBS-002920,OBS-002921
CNF-00155,IN-DL-110054-7-90,TEMPORAL_VERSION_MISMATCH,CADASTRAL_REVENUE,DRONE_ORTHOPHOTO,temporal_state,2023-06-15,2026-07-10,MODERATE,MEDIUM,Sources represent different years.,RESOLVED,Mutation chronology,False,,OBS-002920,OBS-002923
CNF-00156,IN-DL-110054-7-96,AREA_MISMATCH,CADASTRAL_REVENUE,BUILDING_GIS,area_sqm,1064.88,1098.59,MODERATE,MEDIUM,Moderate area-basis disagreement.,RESOLVED,Recent survey / map-sheet check,False,TC04_DUPLICATE_SOURCE_PARCEL;TC17_MISSING_SOURCE_RECORD,OBS-002947,OBS-002948
CNF-00158,IN-DL-110054-8-12,AREA_MISMATCH,CADASTRAL_REVENUE,MUNICIPAL_PROPERTY,area_sqm,825.48,848.6,MODERATE,MEDIUM,Moderate area-basis disagreement.,RESOLVED,Recent survey / map-sheet check,False,,OBS-003022,OBS-003023
CNF-00159,IN-DL-110054-8-15,TEMPORAL_VERSION_MISMATCH,CADASTRAL_REVENUE,DRONE_ORTHOPHOTO,temporal_state,2018-06-15,2026-07-10,MODERATE,MEDIUM,Sources represent different years.,RESOLVED,Mutation chronology,False,,OBS-003034,OBS-003038
CNF-00160,IN-DL-110054-8-24,AREA_MISMATCH,CADASTRAL_REVENUE,MUNICIPAL_PROPERTY,area_sqm,801.24,815.36,MODERATE,MEDIUM,Moderate area-basis disagreement.,RESOLVED,Recent survey / map-sheet check,False,TC05_ONE_CADASTRAL_TO_SEVERAL_MUNICIPAL;TC19_ENCROACHMENT_INTO_PUBLIC_LAND,OBS-003074,OBS-003075
CNF-00161,IN-DL-110054-8-30,TEMPORAL_VERSION_MISMATCH,CADASTRAL_REVENUE,DRONE_ORTHOPHOTO,temporal_state,2019-06-15,2026-07-10,MODERATE,MEDIUM,Sources represent different years.,RESOLVED,Mutation chronology,False,,OBS-003100,OBS-003104
CNF-00163,IN-DL-110054-8-45,TEMPORAL_VERSION_MISMATCH,CADASTRAL_REVENUE,DRONE_ORTHOPHOTO,temporal_state,2020-06-15,2026-07-10,MODERATE,MEDIUM,Sources represent different years.,RESOLVED,Mutation chronology,False,TC10_OWNERSHIP_CONFLICT;TC11_GOVERNMENT_PRIVATE_OWNERSHIP_CONFLICT,OBS-003161,OBS-003164
CNF-00164,IN-DL-110054-8-48,AREA_MISMATCH,CADASTRAL_REVENUE,MUNICIPAL_PROPERTY,area_sqm,695.67,700.94,MODERATE,MEDIUM,Moderate area-basis disagreement.,RESOLVED,Recent survey / map-sheet check,False,TC19_ENCROACHMENT_INTO_PUBLIC_LAND,OBS-003172,OBS-003173
CNF-00166,IN-DL-110054-8-60,OWNER_NAME_VARIATION,CADASTRAL_REVENUE,MUNICIPAL_PROPERTY,owner_name,Pramaan Community Trust,P. Trust,MINOR,LOW,Abbreviation / formatting variation only.,RESOLVED,No extra evidence needed,False,,OBS-003223,OBS-003224
CNF-00167,IN-DL-110054-8-60,AREA_MISMATCH,CADASTRAL_REVENUE,MUNICIPAL_PROPERTY,area_sqm,967.68,965.82,MODERATE,MEDIUM,Moderate area-basis disagreement.,RESOLVED,Recent survey / map-sheet check,False,,OBS-003223,OBS-003224
CNF-00168,IN-DL-110054-8-60,TEMPORAL_VERSION_MISMATCH,CADASTRAL_REVENUE,DRONE_ORTHOPHOTO,temporal_state,2021-06-15,2026-07-10,MODERATE,MEDIUM,Sources represent different years.,RESOLVED,Mutation chronology,False,,OBS-003223,OBS-003225
CNF-00170,IN-DL-110054-8-72,AREA_MISMATCH,CADASTRAL_REVENUE,MUNICIPAL_PROPERTY,area_sqm,836.97,817.8,MODERATE,MEDIUM,Moderate area-basis disagreement.,RESOLVED,Recent survey / map-sheet check,False,,OBS-003269,OBS-003270
CNF-00171,IN-DL-110054-8-75,TEMPORAL_VERSION_MISMATCH,CADASTRAL_REVENUE,DRONE_ORTHOPHOTO,temporal_state,2022-06-15,2026-07-10,MODERATE,MEDIUM,Sources represent different years.,RESOLVED,Mutation chronology,False,,OBS-003283,OBS-003286
CNF-00173,IN-DL-110054-8-84,AREA_MISMATCH,CADASTRAL_REVENUE,MUNICIPAL_PROPERTY,area_sqm,707.36,724.95,MODERATE,MEDIUM,Moderate area-basis disagreement.,RESOLVED,Recent survey / map-sheet check,False,TC11_GOVERNMENT_PRIVATE_OWNERSHIP_CONFLICT,OBS-003322,OBS-003323
CNF-00174,IN-DL-110054-8-90,TEMPORAL_VERSION_MISMATCH,CADASTRAL_REVENUE,MUNICIPAL_PROPERTY,temporal_state,2023-06-15,2026-09-10,MODERATE,MEDIUM,Sources represent different years.,RESOLVED,Mutation chronology,False,,OBS-003348,OBS-003349
CNF-00175,IN-DL-110054-8-96,AREA_MISMATCH,CADASTRAL_REVENUE,MUNICIPAL_PROPERTY,area_sqm,922.63,932.98,MODERATE,MEDIUM,Moderate area-basis disagreement.,RESOLVED,Recent survey / map-sheet check,False,TC02_SLIGHT_GEOMETRY_SHIFT,OBS-003375,OBS-003376
CNF-00177,IN-DL-110054-9-12,AREA_MISMATCH,CADASTRAL_REVENUE,MUNICIPAL_PROPERTY,area_sqm,743.95,765.48,MODERATE,MEDIUM,Moderate area-basis disagreement.,RESOLVED,Recent survey / map-sheet check,False,,OBS-003445,OBS-003446
CNF-00178,IN-DL-110054-9-15,TEMPORAL_VERSION_MISMATCH,CADASTRAL_REVENUE,DRONE_ORTHOPHOTO,temporal_state,2018-06-15,2026-07-10,MODERATE,MEDIUM,Sources represent different years.,RESOLVED,Mutation chronology,False,,OBS-003455,OBS-003458
CNF-00180,IN-DL-110054-9-24,AREA_MISMATCH,CADASTRAL_REVENUE,MUNICIPAL_PROPERTY,area_sqm,816.6,837.52,MODERATE,MEDIUM,Moderate area-basis disagreement.,RESOLVED,Recent survey / map-sheet check,False,,OBS-003496,OBS-003497
CNF-00181,IN-DL-110054-9-30,OWNER_NAME_VARIATION,CADASTRAL_REVENUE,MUNICIPAL_PROPERTY,owner_name,Sneha Aggarwal,S. Aggarwal,MINOR,LOW,Abbreviation / formatting variation only.,RESOLVED,No extra evidence needed,False,TC15_GNSS_CONTRADICTS_OLD_CADASTRE,OBS-003520,OBS-003521
CNF-00182,IN-DL-110054-9-30,TEMPORAL_VERSION_MISMATCH,CADASTRAL_REVENUE,DRONE_ORTHOPHOTO,temporal_state,2019-06-15,2026-07-10,MODERATE,MEDIUM,Sources represent different years.,RESOLVED,Mutation chronology,False,TC15_GNSS_CONTRADICTS_OLD_CADASTRE,OBS-003520,OBS-003523
CNF-00183,IN-DL-110054-9-36,AREA_MISMATCH,CADASTRAL_REVENUE,MUNICIPAL_PROPERTY,area_sqm,869.96,867.02,MODERATE,MEDIUM,Moderate area-basis disagreement.,RESOLVED,Recent survey / map-sheet check,False,,OBS-003546,OBS-003547
CNF-00185,IN-DL-110054-9-45,TEMPORAL_VERSION_MISMATCH,CADASTRAL_REVENUE,DRONE_ORTHOPHOTO,temporal_state,2020-06-15,2026-07-10,MODERATE,MEDIUM,Sources represent different years.,RESOLVED,Mutation chronology,False,,OBS-003585,OBS-003588
CNF-00186,IN-DL-110054-9-48,AREA_MISMATCH,CADASTRAL_REVENUE,MUNICIPAL_PROPERTY,area_sqm,790.6,817.45,MODERATE,MEDIUM,Moderate area-basis disagreement.,RESOLVED,Recent survey / map-sheet check,False,,OBS-003597,OBS-003598
CNF-00188,IN-DL-110054-9-60,OWNER_NAME_VARIATION,CADASTRAL_REVENUE,MUNICIPAL_PROPERTY,owner_name,Aarav Chawla,A. Chawla,MINOR,LOW,Abbreviation / formatting variation only.,RESOLVED,No extra evidence needed,False,TC18_AMBIGUOUS_CANDIDATE_MATCH,OBS-003644,OBS-003645
CNF-00189,IN-DL-110054-9-60,AREA_MISMATCH,CADASTRAL_REVENUE,MUNICIPAL_PROPERTY,area_sqm,1047.16,1083.42,MODERATE,MEDIUM,Moderate area-basis disagreement.,RESOLVED,Recent survey / map-sheet check,False,TC18_AMBIGUOUS_CANDIDATE_MATCH,OBS-003644,OBS-003645
CNF-00190,IN-DL-110054-9-60,TEMPORAL_VERSION_MISMATCH,CADASTRAL_REVENUE,DRONE_ORTHOPHOTO,temporal_state,2021-06-15,2026-07-10,MODERATE,MEDIUM,Sources represent different years.,RESOLVED,Mutation chronology,False,TC18_AMBIGUOUS_CANDIDATE_MATCH,OBS-003644,OBS-003647
CNF-00192,IN-DL-110054-9-72,AREA_MISMATCH,CADASTRAL_REVENUE,MUNICIPAL_PROPERTY,area_sqm,656.78,660.45,MODERATE,MEDIUM,Moderate area-basis disagreement.,RESOLVED,Recent survey / map-sheet check,False,,OBS-003689,OBS-003690
CNF-00193,IN-DL-110054-9-75,TEMPORAL_VERSION_MISMATCH,CADASTRAL_REVENUE,DRONE_ORTHOPHOTO,temporal_state,2022-06-15,2026-07-10,MODERATE,MEDIUM,Sources represent different years.,RESOLVED,Mutation chronology,False,TC04_DUPLICATE_SOURCE_PARCEL,OBS-003703,OBS-003707
CNF-00195,IN-DL-110054-9-84,AREA_MISMATCH,CADASTRAL_REVENUE,DRONE_ORTHOPHOTO,area_sqm,748.28,776.62,MODERATE,MEDIUM,Moderate area-basis disagreement.,RESOLVED,Recent survey / map-sheet check,False,TC02_SLIGHT_GEOMETRY_SHIFT;TC11_GOVERNMENT_PRIVATE_OWNERSHIP_CONFLICT;TC17_MISSING_SOURCE_RECORD;TC18_AMBIGUOUS_CANDIDATE_MATCH;TC25_STRONG_EVIDENCE_PENDING_APPROVAL,OBS-003742,OBS-003744
CNF-00196,IN-DL-110054-9-90,OWNER_NAME_VARIATION,CADASTRAL_REVENUE,MUNICIPAL_PROPERTY,owner_name,Pramaan Community Trust,P. Trust,MINOR,LOW,Abbreviation / formatting variation only.,RESOLVED,No extra evidence needed,False,,OBS-003770,OBS-003771
CNF-00197,IN-DL-110054-9-90,TEMPORAL_VERSION_MISMATCH,CADASTRAL_REVENUE,MUNICIPAL_PROPERTY,temporal_state,2023-06-15,2026-09-10,MODERATE,MEDIUM,Sources represent different years.,RESOLVED,Mutation chronology,False,,OBS-003770,OBS-003771
CNF-00198,IN-DL-110054-9-96,AREA_MISMATCH,CADASTRAL_REVENUE,MUNICIPAL_PROPERTY,area_sqm,950.42,948.71,MODERATE,MEDIUM,Moderate area-basis disagreement.,RESOLVED,Recent survey / map-sheet check,False,TC22_REDEVELOPMENT_CONSOLIDATION,OBS-003796,OBS-003797
CNF-00201,IN-DL-110054-10-12,AREA_MISMATCH,CADASTRAL_REVENUE,MUNICIPAL_PROPERTY,area_sqm,726.66,745.82,MODERATE,MEDIUM,Moderate area-basis disagreement.,RESOLVED,Recent survey / map-sheet check,False,TC22_REDEVELOPMENT_CONSOLIDATION,OBS-003868,OBS-003869
CNF-00202,IN-DL-110054-10-15,TEMPORAL_VERSION_MISMATCH,CADASTRAL_REVENUE,DRONE_ORTHOPHOTO,temporal_state,2018-06-15,2026-07-10,MODERATE,MEDIUM,Sources represent different years.,RESOLVED,Mutation chronology,False,TC13_BUILDING_CROSSES_BOUNDARY,OBS-003883,OBS-003887
CNF-00204,IN-DL-110054-10-24,AREA_MISMATCH,CADASTRAL_REVENUE,MUNICIPAL_PROPERTY,area_sqm,667.92,658.62,MODERATE,MEDIUM,Moderate area-basis disagreement.,RESOLVED,Recent survey / map-sheet check,False,,OBS-003920,OBS-003921
CNF-00205,IN-DL-110054-10-30,OWNER_NAME_VARIATION,CADASTRAL_REVENUE,MUNICIPAL_PROPERTY,owner_name,Sneha Saxena,S. Saxena,MINOR,LOW,Abbreviation / formatting variation only.,RESOLVED,No extra evidence needed,False,,OBS-003948,OBS-003949
CNF-00206,IN-DL-110054-10-30,TEMPORAL_VERSION_MISMATCH,CADASTRAL_REVENUE,DRONE_ORTHOPHOTO,temporal_state,2019-06-15,2026-07-10,MODERATE,MEDIUM,Sources represent different years.,RESOLVED,Mutation chronology,False,,OBS-003948,OBS-003950
CNF-00207,IN-DL-110054-10-36,AREA_MISMATCH,CADASTRAL_REVENUE,MUNICIPAL_PROPERTY,area_sqm,1021.49,1024.59,MODERATE,MEDIUM,Moderate area-basis disagreement.,RESOLVED,Recent survey / map-sheet check,False,,OBS-003976,OBS-003977
CNF-00209,IN-DL-110054-10-45,TEMPORAL_VERSION_MISMATCH,CADASTRAL_REVENUE,DRONE_ORTHOPHOTO,temporal_state,2020-06-15,2026-07-10,MODERATE,MEDIUM,Sources represent different years.,RESOLVED,Mutation chronology,False,,OBS-004016,OBS-004020
CNF-00210,IN-DL-110054-10-48,AREA_MISMATCH,CADASTRAL_REVENUE,DRONE_ORTHOPHOTO,area_sqm,762.11,785.36,MODERATE,MEDIUM,Moderate area-basis disagreement.,RESOLVED,Recent survey / map-sheet check,False,TC17_MISSING_SOURCE_RECORD,OBS-004031,OBS-004033
CNF-00212,IN-DL-110054-10-60,OWNER_NAME_VARIATION,CADASTRAL_REVENUE,MUNICIPAL_PROPERTY,owner_name,Aarav Bhatia,A. Bhatia,MINOR,LOW,Abbreviation / formatting variation only.,RESOLVED,No extra evidence needed,False,TC25_STRONG_EVIDENCE_PENDING_APPROVAL,OBS-004081,OBS-004082
CNF-00213,IN-DL-110054-10-60,AREA_MISMATCH,CADASTRAL_REVENUE,MUNICIPAL_PROPERTY,area_sqm,1209.85,1245.87,MODERATE,MEDIUM,Moderate area-basis disagreement.,RESOLVED,Recent survey / map-sheet check,False,TC25_STRONG_EVIDENCE_PENDING_APPROVAL,OBS-004081,OBS-004082
CNF-00214,IN-DL-110054-10-60,TEMPORAL_VERSION_MISMATCH,CADASTRAL_REVENUE,DRONE_ORTHOPHOTO,temporal_state,2021-06-15,2026-07-10,MODERATE,MEDIUM,Sources represent different years.,RESOLVED,Mutation chronology,False,TC25_STRONG_EVIDENCE_PENDING_APPROVAL,OBS-004081,OBS-004084
CNF-00216,IN-DL-110054-10-72,AREA_MISMATCH,CADASTRAL_REVENUE,MUNICIPAL_PROPERTY,area_sqm,665.2,664.24,MODERATE,MEDIUM,Moderate area-basis disagreement.,RESOLVED,Recent survey / map-sheet check,False,TC10_OWNERSHIP_CONFLICT;TC25_STRONG_EVIDENCE_PENDING_APPROVAL,OBS-004138,OBS-004139
CNF-00217,IN-DL-110054-10-75,TEMPORAL_VERSION_MISMATCH,CADASTRAL_REVENUE,DRONE_ORTHOPHOTO,temporal_state,2022-06-15,2026-07-10,MODERATE,MEDIUM,Sources represent different years.,RESOLVED,Mutation chronology,False,,OBS-004153,OBS-004157
CNF-00219,IN-DL-110054-10-84,AREA_MISMATCH,CADASTRAL_REVENUE,MUNICIPAL_PROPERTY,area_sqm,729.7,736.82,MODERATE,MEDIUM,Moderate area-basis disagreement.,RESOLVED,Recent survey / map-sheet check,False,,OBS-004191,OBS-004192
CNF-00220,IN-DL-110054-10-90,TEMPORAL_VERSION_MISMATCH,CADASTRAL_REVENUE,MUNICIPAL_PROPERTY,temporal_state,2023-06-15,2026-09-10,MODERATE,MEDIUM,Sources represent different years.,RESOLVED,Mutation chronology,False,,OBS-004222,OBS-004223
CNF-00221,IN-DL-110054-10-96,AREA_MISMATCH,CADASTRAL_REVENUE,MUNICIPAL_PROPERTY,area_sqm,1157,1167.48,MODERATE,MEDIUM,Moderate area-basis disagreement.,RESOLVED,Recent survey / map-sheet check,False,,OBS-004251,OBS-004252
CNF-00222,IN-DL-110054-9-7,SHIFTED_GEOMETRY,CADASTRAL_REVENUE,DRONE_ORTHOPHOTO,geometry,OBS-GEO-003423,OBS-GEO-003426,MINOR,MEDIUM,Slight spatial shift but identity remains strong.,RESOLVED,Local transformation residual check,False,TC02_SLIGHT_GEOMETRY_SHIFT,OBS-003423,OBS-003426
CNF-00223,IN-DL-110054-7-88,SHIFTED_GEOMETRY,CADASTRAL_REVENUE,BUILDING_GIS,geometry,OBS-GEO-002913,OBS-GEO-002915,MINOR,MEDIUM,Slight spatial shift but identity remains strong.,RESOLVED,Local transformation residual check,False,TC02_SLIGHT_GEOMETRY_SHIFT,OBS-002913,OBS-002915
CNF-00224,IN-DL-110054-4-85,SHIFTED_GEOMETRY,CADASTRAL_REVENUE,DRONE_ORTHOPHOTO,geometry,OBS-GEO-001619,OBS-GEO-001622,MINOR,MEDIUM,Slight spatial shift but identity remains strong.,RESOLVED,Local transformation residual check,False,TC02_SLIGHT_GEOMETRY_SHIFT,OBS-001619,OBS-001622
CNF-00225,IN-DL-110054-7-29,SHIFTED_GEOMETRY,CADASTRAL_REVENUE,DRONE_ORTHOPHOTO,geometry,OBS-GEO-002661,OBS-GEO-002664,MINOR,MEDIUM,Slight spatial shift but identity remains strong.,RESOLVED,Local transformation residual check,False,TC02_SLIGHT_GEOMETRY_SHIFT,OBS-002661,OBS-002664
CNF-00226,IN-DL-110054-9-98,SHIFTED_GEOMETRY,CADASTRAL_REVENUE,GNSS_CORS_SURVEY,geometry,OBS-GEO-003807,OBS-GEO-003810,MINOR,MEDIUM,Slight spatial shift but identity remains strong.,RESOLVED,Local transformation residual check,False,TC02_SLIGHT_GEOMETRY_SHIFT;TC22_REDEVELOPMENT_CONSOLIDATION,OBS-003807,OBS-003810
CNF-00227,IN-DL-110054-2-41,SHIFTED_GEOMETRY,CADASTRAL_REVENUE,GNSS_CORS_SURVEY,geometry,OBS-GEO-000546,OBS-GEO-000549,MINOR,MEDIUM,Slight spatial shift but identity remains strong.,RESOLVED,Local transformation residual check,False,TC02_SLIGHT_GEOMETRY_SHIFT,OBS-000546,OBS-000549
CNF-00228,IN-DL-110054-4-78,SHIFTED_GEOMETRY,CADASTRAL_REVENUE,DRONE_ORTHOPHOTO,geometry,OBS-GEO-001590,OBS-GEO-001592,MINOR,MEDIUM,Slight spatial shift but identity remains strong.,RESOLVED,Local transformation residual check,False,TC02_SLIGHT_GEOMETRY_SHIFT;TC17_MISSING_SOURCE_RECORD,OBS-001590,OBS-001592
CNF-00229,IN-DL-110054-3-43,SHIFTED_GEOMETRY,CADASTRAL_REVENUE,DRONE_ORTHOPHOTO,geometry,OBS-GEO-001003,OBS-GEO-001006,MINOR,MEDIUM,Slight spatial shift but identity remains strong.,RESOLVED,Local transformation residual check,False,TC02_SLIGHT_GEOMETRY_SHIFT;TC25_STRONG_EVIDENCE_PENDING_APPROVAL,OBS-001003,OBS-001006
CNF-00230,IN-DL-110054-3-85,SHIFTED_GEOMETRY,CADASTRAL_REVENUE,DRONE_ORTHOPHOTO,geometry,OBS-GEO-001179,OBS-GEO-001181,MINOR,MEDIUM,Slight spatial shift but identity remains strong.,RESOLVED,Local transformation residual check,False,TC02_SLIGHT_GEOMETRY_SHIFT,OBS-001179,OBS-001181
CNF-00231,IN-DL-110054-6-100,SHIFTED_GEOMETRY,CADASTRAL_REVENUE,BUILDING_GIS,geometry,OBS-GEO-002544,OBS-GEO-002546,MINOR,MEDIUM,Slight spatial shift but identity remains strong.,RESOLVED,Local transformation residual check,False,TC02_SLIGHT_GEOMETRY_SHIFT,OBS-002544,OBS-002546
CNF-00232,IN-DL-110054-9-68,SHIFTED_GEOMETRY,CADASTRAL_REVENUE,BUILDING_GIS,geometry,OBS-GEO-003676,OBS-GEO-003678,MINOR,MEDIUM,Slight spatial shift but identity remains strong.,RESOLVED,Local transformation residual check,False,TC02_SLIGHT_GEOMETRY_SHIFT,OBS-003676,OBS-003678
CNF-00233,IN-DL-110054-2-18,SHIFTED_GEOMETRY,CADASTRAL_REVENUE,MUNICIPAL_PROPERTY,geometry,OBS-GEO-000456,OBS-GEO-000457,MINOR,MEDIUM,Slight spatial shift but identity remains strong.,RESOLVED,Local transformation residual check,False,TC02_SLIGHT_GEOMETRY_SHIFT;TC04_DUPLICATE_SOURCE_PARCEL;TC14_PHYSICAL_OCCUPATION_VS_LEGAL_GEOMETRY,OBS-000456,OBS-000457
CNF-00234,IN-DL-110054-3-66,SHIFTED_GEOMETRY,CADASTRAL_REVENUE,DRONE_ORTHOPHOTO,geometry,OBS-GEO-001106,OBS-GEO-001109,MINOR,MEDIUM,Slight spatial shift but identity remains strong.,RESOLVED,Local transformation residual check,False,TC02_SLIGHT_GEOMETRY_SHIFT,OBS-001106,OBS-001109
CNF-00235,IN-DL-110054-5-51,SHIFTED_GEOMETRY,CADASTRAL_REVENUE,DRONE_ORTHOPHOTO,geometry,OBS-GEO-001923,OBS-GEO-001926,MINOR,MEDIUM,Slight spatial shift but identity remains strong.,RESOLVED,Local transformation residual check,False,TC02_SLIGHT_GEOMETRY_SHIFT,OBS-001923,OBS-001926
CNF-00236,IN-DL-110054-8-96,SHIFTED_GEOMETRY,CADASTRAL_REVENUE,DRONE_ORTHOPHOTO,geometry,OBS-GEO-003375,OBS-GEO-003379,MINOR,MEDIUM,Slight spatial shift but identity remains strong.,RESOLVED,Local transformation residual check,False,TC02_SLIGHT_GEOMETRY_SHIFT,OBS-003375,OBS-003379
CNF-00237,IN-DL-110054-9-21,SHIFTED_GEOMETRY,CADASTRAL_REVENUE,DRONE_ORTHOPHOTO,geometry,OBS-GEO-003483,OBS-GEO-003486,MINOR,MEDIUM,Slight spatial shift but identity remains strong.,RESOLVED,Local transformation residual check,False,TC02_SLIGHT_GEOMETRY_SHIFT,OBS-003483,OBS-003486
CNF-00238,IN-DL-110054-10-47,SHIFTED_GEOMETRY,CADASTRAL_REVENUE,BUILDING_GIS,geometry,OBS-GEO-004028,OBS-GEO-004030,MINOR,MEDIUM,Slight spatial shift but identity remains strong.,RESOLVED,Local transformation residual check,False,TC02_SLIGHT_GEOMETRY_SHIFT;TC18_AMBIGUOUS_CANDIDATE_MATCH,OBS-004028,OBS-004030
CNF-00239,IN-DL-110054-4-51,SHIFTED_GEOMETRY,CADASTRAL_REVENUE,DRONE_ORTHOPHOTO,geometry,OBS-GEO-001468,OBS-GEO-001472,MINOR,MEDIUM,Slight spatial shift but identity remains strong.,RESOLVED,Local transformation residual check,False,TC02_SLIGHT_GEOMETRY_SHIFT,OBS-001468,OBS-001472
CNF-00240,IN-DL-110054-9-44,SHIFTED_GEOMETRY,CADASTRAL_REVENUE,DRONE_ORTHOPHOTO,geometry,OBS-GEO-003580,OBS-GEO-003583,MINOR,MEDIUM,Slight spatial shift but identity remains strong.,RESOLVED,Local transformation residual check,False,TC02_SLIGHT_GEOMETRY_SHIFT,OBS-003580,OBS-003583
CNF-00241,IN-DL-110054-7-97,SHIFTED_GEOMETRY,CADASTRAL_REVENUE,DRONE_ORTHOPHOTO,geometry,OBS-GEO-002952,OBS-GEO-002955,MINOR,MEDIUM,Slight spatial shift but identity remains strong.,RESOLVED,Local transformation residual check,False,TC02_SLIGHT_GEOMETRY_SHIFT,OBS-002952,OBS-002955
CNF-00242,IN-DL-110054-5-65,SHIFTED_GEOMETRY,CADASTRAL_REVENUE,DRONE_ORTHOPHOTO,geometry,OBS-GEO-001981,OBS-GEO-001984,MINOR,MEDIUM,Slight spatial shift but identity remains strong.,RESOLVED,Local transformation residual check,False,TC02_SLIGHT_GEOMETRY_SHIFT;TC13_BUILDING_CROSSES_BOUNDARY,OBS-001981,OBS-001984
CNF-00243,IN-DL-110054-8-54,SHIFTED_GEOMETRY,CADASTRAL_REVENUE,DRONE_ORTHOPHOTO,geometry,OBS-GEO-003197,OBS-GEO-003200,MINOR,MEDIUM,Slight spatial shift but identity remains strong.,RESOLVED,Local transformation residual check,False,TC02_SLIGHT_GEOMETRY_SHIFT;TC18_AMBIGUOUS_CANDIDATE_MATCH,OBS-003197,OBS-003200
CNF-00244,IN-DL-110054-2-64,SHIFTED_GEOMETRY,CADASTRAL_REVENUE,DRONE_ORTHOPHOTO,geometry,OBS-GEO-000641,OBS-GEO-000644,MINOR,MEDIUM,Slight spatial shift but identity remains strong.,RESOLVED,Local transformation residual check,False,TC02_SLIGHT_GEOMETRY_SHIFT,OBS-000641,OBS-000644
CNF-00245,IN-DL-110054-4-66,SHIFTED_GEOMETRY,CADASTRAL_REVENUE,DRONE_ORTHOPHOTO,geometry,OBS-GEO-001539,OBS-GEO-001542,MINOR,MEDIUM,Slight spatial shift but identity remains strong.,RESOLVED,Local transformation residual check,False,TC02_SLIGHT_GEOMETRY_SHIFT,OBS-001539,OBS-001542
CNF-00246,IN-DL-110054-8-100,SHIFTED_GEOMETRY,CADASTRAL_REVENUE,DRONE_ORTHOPHOTO,geometry,OBS-GEO-003394,OBS-GEO-003396,MINOR,MEDIUM,Slight spatial shift but identity remains strong.,RESOLVED,Local transformation residual check,False,TC02_SLIGHT_GEOMETRY_SHIFT,OBS-003394,OBS-003396
CNF-00247,IN-DL-110054-7-16,SHIFTED_GEOMETRY,CADASTRAL_REVENUE,DRONE_ORTHOPHOTO,geometry,OBS-GEO-002608,OBS-GEO-002611,MINOR,MEDIUM,Slight spatial shift but identity remains strong.,RESOLVED,Local transformation residual check,False,TC02_SLIGHT_GEOMETRY_SHIFT;TC18_AMBIGUOUS_CANDIDATE_MATCH,OBS-002608,OBS-002611
CNF-00248,IN-DL-110054-5-86,SHIFTED_GEOMETRY,CADASTRAL_REVENUE,DRONE_ORTHOPHOTO,geometry,OBS-GEO-002073,OBS-GEO-002076,MINOR,MEDIUM,Slight spatial shift but identity remains strong.,RESOLVED,Local transformation residual check,False,TC02_SLIGHT_GEOMETRY_SHIFT,OBS-002073,OBS-002076
CNF-00249,IN-DL-110054-2-49,SHIFTED_GEOMETRY,CADASTRAL_REVENUE,BUILDING_GIS,geometry,OBS-GEO-000578,OBS-GEO-000580,MINOR,MEDIUM,Slight spatial shift but identity remains strong.,RESOLVED,Local transformation residual check,False,TC02_SLIGHT_GEOMETRY_SHIFT,OBS-000578,OBS-000580
CNF-00250,IN-DL-110054-7-65,SHIFTED_GEOMETRY,CADASTRAL_REVENUE,DRONE_ORTHOPHOTO,geometry,OBS-GEO-002806,OBS-GEO-002809,MINOR,MEDIUM,Slight spatial shift but identity remains strong.,RESOLVED,Local transformation residual check,False,TC02_SLIGHT_GEOMETRY_SHIFT,OBS-002806,OBS-002809
CNF-00251,IN-DL-110054-3-61,SHIFTED_GEOMETRY,CADASTRAL_REVENUE,DRONE_ORTHOPHOTO,geometry,OBS-GEO-001086,OBS-GEO-001089,MINOR,MEDIUM,Slight spatial shift but identity remains strong.,RESOLVED,Local transformation residual check,False,TC02_SLIGHT_GEOMETRY_SHIFT;TC10_OWNERSHIP_CONFLICT,OBS-001086,OBS-001089
CNF-00252,IN-DL-110054-1-70,SHIFTED_GEOMETRY,CADASTRAL_REVENUE,DRONE_ORTHOPHOTO,geometry,OBS-GEO-000264,OBS-GEO-000267,MINOR,MEDIUM,Slight spatial shift but identity remains strong.,RESOLVED,Local transformation residual check,False,TC02_SLIGHT_GEOMETRY_SHIFT,OBS-000264,OBS-000267
CNF-00253,IN-DL-110054-5-74,SHIFTED_GEOMETRY,CADASTRAL_REVENUE,DRONE_ORTHOPHOTO,geometry,OBS-GEO-002024,OBS-GEO-002027,MINOR,MEDIUM,Slight spatial shift but identity remains strong.,RESOLVED,Local transformation residual check,False,TC02_SLIGHT_GEOMETRY_SHIFT,OBS-002024,OBS-002027
CNF-00254,IN-DL-110054-1-4,SHIFTED_GEOMETRY,CADASTRAL_REVENUE,DRONE_ORTHOPHOTO,geometry,OBS-GEO-000013,OBS-GEO-000016,MINOR,MEDIUM,Slight spatial shift but identity remains strong.,RESOLVED,Local transformation residual check,False,TC02_SLIGHT_GEOMETRY_SHIFT;TC04_DUPLICATE_SOURCE_PARCEL,OBS-000013,OBS-000016
CNF-00255,IN-DL-110054-2-93,SHIFTED_GEOMETRY,CADASTRAL_REVENUE,DRONE_ORTHOPHOTO,geometry,OBS-GEO-000763,OBS-GEO-000767,MINOR,MEDIUM,Slight spatial shift but identity remains strong.,RESOLVED,Local transformation residual check,False,TC02_SLIGHT_GEOMETRY_SHIFT;TC03_SIGNIFICANT_LOCAL_DISTORTION;TC06_SEVERAL_HISTORICAL_TO_ONE_CURRENT;TC25_STRONG_EVIDENCE_PENDING_APPROVAL,OBS-000763,OBS-000767
CNF-00256,IN-DL-110054-7-5,SHIFTED_GEOMETRY,CADASTRAL_REVENUE,DRONE_ORTHOPHOTO,geometry,OBS-GEO-002562,OBS-GEO-002565,MINOR,MEDIUM,Slight spatial shift but identity remains strong.,RESOLVED,Local transformation residual check,False,TC02_SLIGHT_GEOMETRY_SHIFT,OBS-002562,OBS-002565
CNF-00257,IN-DL-110054-4-89,SHIFTED_GEOMETRY,CADASTRAL_REVENUE,BUILDING_GIS,geometry,OBS-GEO-001637,OBS-GEO-001639,MINOR,MEDIUM,Slight spatial shift but identity remains strong.,RESOLVED,Local transformation residual check,False,TC02_SLIGHT_GEOMETRY_SHIFT,OBS-001637,OBS-001639
CNF-00258,IN-DL-110054-1-72,SHIFTED_GEOMETRY,CADASTRAL_REVENUE,DRONE_ORTHOPHOTO,geometry,OBS-GEO-000272,OBS-GEO-000275,MINOR,MEDIUM,Slight spatial shift but identity remains strong.,RESOLVED,Local transformation residual check,False,TC02_SLIGHT_GEOMETRY_SHIFT,OBS-000272,OBS-000275
CNF-00259,IN-DL-110054-7-43,SHIFTED_GEOMETRY,CADASTRAL_REVENUE,DRONE_ORTHOPHOTO,geometry,OBS-GEO-002723,OBS-GEO-002726,MINOR,MEDIUM,Slight spatial shift but identity remains strong.,RESOLVED,Local transformation residual check,False,TC02_SLIGHT_GEOMETRY_SHIFT,OBS-002723,OBS-002726
CNF-00260,IN-DL-110054-3-39,SHIFTED_GEOMETRY,CADASTRAL_REVENUE,DRONE_ORTHOPHOTO,geometry,OBS-GEO-000981,OBS-GEO-000985,MINOR,MEDIUM,Slight spatial shift but identity remains strong.,RESOLVED,Local transformation residual check,False,TC02_SLIGHT_GEOMETRY_SHIFT;TC12_DDA_VS_MUNICIPAL_DISAGREEMENT,OBS-000981,OBS-000985
CNF-00261,IN-DL-110054-6-46,SHIFTED_GEOMETRY,CADASTRAL_REVENUE,GNSS_CORS_SURVEY,geometry,OBS-GEO-002328,OBS-GEO-002331,MINOR,MEDIUM,Slight spatial shift but identity remains strong.,RESOLVED,Local transformation residual check,False,TC02_SLIGHT_GEOMETRY_SHIFT;TC10_OWNERSHIP_CONFLICT;TC25_STRONG_EVIDENCE_PENDING_APPROVAL,OBS-002328,OBS-002331
CNF-00262,IN-DL-110054-8-3,SHIFTED_GEOMETRY,CADASTRAL_REVENUE,DRONE_ORTHOPHOTO,geometry,OBS-GEO-002977,OBS-GEO-002981,MINOR,MEDIUM,Slight spatial shift but identity remains strong.,RESOLVED,Local transformation residual check,False,TC02_SLIGHT_GEOMETRY_SHIFT,OBS-002977,OBS-002981
CNF-00263,IN-DL-110054-4-18,SHIFTED_GEOMETRY,CADASTRAL_REVENUE,DRONE_ORTHOPHOTO,geometry,OBS-GEO-001325,OBS-GEO-001328,MINOR,MEDIUM,Slight spatial shift but identity remains strong.,RESOLVED,Local transformation residual check,False,TC02_SLIGHT_GEOMETRY_SHIFT,OBS-001325,OBS-001328
CNF-00264,IN-DL-110054-7-58,SHIFTED_GEOMETRY,CADASTRAL_REVENUE,BUILDING_GIS,geometry,OBS-GEO-002781,OBS-GEO-002783,MINOR,MEDIUM,Slight spatial shift but identity remains strong.,RESOLVED,Local transformation residual check,False,TC02_SLIGHT_GEOMETRY_SHIFT,OBS-002781,OBS-002783
CNF-00265,IN-DL-110054-10-76,SHIFTED_GEOMETRY,CADASTRAL_REVENUE,DRONE_ORTHOPHOTO,geometry,OBS-GEO-004158,OBS-GEO-004162,MINOR,MEDIUM,Slight spatial shift but identity remains strong.,RESOLVED,Local transformation residual check,False,TC02_SLIGHT_GEOMETRY_SHIFT,OBS-004158,OBS-004162
CNF-00266,IN-DL-110054-3-57,SHIFTED_GEOMETRY,CADASTRAL_REVENUE,DRONE_ORTHOPHOTO,geometry,OBS-GEO-001068,OBS-GEO-001071,MINOR,MEDIUM,Slight spatial shift but identity remains strong.,RESOLVED,Local transformation residual check,False,TC02_SLIGHT_GEOMETRY_SHIFT,OBS-001068,OBS-001071
CNF-00267,IN-DL-110054-4-43,SHIFTED_GEOMETRY,CADASTRAL_REVENUE,DRONE_ORTHOPHOTO,geometry,OBS-GEO-001435,OBS-GEO-001438,MINOR,MEDIUM,Slight spatial shift but identity remains strong.,RESOLVED,Local transformation residual check,False,TC02_SLIGHT_GEOMETRY_SHIFT,OBS-001435,OBS-001438
CNF-00268,IN-DL-110054-3-55,SHIFTED_GEOMETRY,CADASTRAL_REVENUE,BUILDING_GIS,geometry,OBS-GEO-001060,OBS-GEO-001062,MINOR,MEDIUM,Slight spatial shift but identity remains strong.,RESOLVED,Local transformation residual check,False,TC02_SLIGHT_GEOMETRY_SHIFT,OBS-001060,OBS-001062
CNF-00269,IN-DL-110054-8-49,SHIFTED_GEOMETRY,CADASTRAL_REVENUE,DRONE_ORTHOPHOTO,geometry,OBS-GEO-003176,OBS-GEO-003179,MINOR,MEDIUM,Slight spatial shift but identity remains strong.,RESOLVED,Local transformation residual check,False,TC02_SLIGHT_GEOMETRY_SHIFT,OBS-003176,OBS-003179
CNF-00270,IN-DL-110054-1-94,SHIFTED_GEOMETRY,CADASTRAL_REVENUE,DRONE_ORTHOPHOTO,geometry,OBS-GEO-000358,OBS-GEO-000360,MINOR,MEDIUM,Slight spatial shift but identity remains strong.,RESOLVED,Local transformation residual check,False,TC02_SLIGHT_GEOMETRY_SHIFT;TC06_SEVERAL_HISTORICAL_TO_ONE_CURRENT,OBS-000358,OBS-000360
CNF-00271,IN-DL-110054-6-45,SHIFTED_GEOMETRY,CADASTRAL_REVENUE,GNSS_CORS_SURVEY,geometry,OBS-GEO-002324,OBS-GEO-002327,MINOR,MEDIUM,Slight spatial shift but identity remains strong.,RESOLVED,Local transformation residual check,False,TC02_SLIGHT_GEOMETRY_SHIFT,OBS-002324,OBS-002327
CNF-00272,IN-DL-110054-3-40,SHIFTED_GEOMETRY,CADASTRAL_REVENUE,DRONE_ORTHOPHOTO,geometry,OBS-GEO-000987,OBS-GEO-000991,MINOR,MEDIUM,Slight spatial shift but identity remains strong.,RESOLVED,Local transformation residual check,False,TC02_SLIGHT_GEOMETRY_SHIFT,OBS-000987,OBS-000991
CNF-00273,IN-DL-110054-1-46,SHIFTED_GEOMETRY,CADASTRAL_REVENUE,DRONE_ORTHOPHOTO,geometry,OBS-GEO-000173,OBS-GEO-000176,MINOR,MEDIUM,Slight spatial shift but identity remains strong.,RESOLVED,Local transformation residual check,False,TC02_SLIGHT_GEOMETRY_SHIFT,OBS-000173,OBS-000176
CNF-00274,IN-DL-110054-3-46,SHIFTED_GEOMETRY,CADASTRAL_REVENUE,DRONE_ORTHOPHOTO,geometry,OBS-GEO-001019,OBS-GEO-001023,MINOR,MEDIUM,Slight spatial shift but identity remains strong.,RESOLVED,Local transformation residual check,False,TC02_SLIGHT_GEOMETRY_SHIFT,OBS-001019,OBS-001023
CNF-00275,IN-DL-110054-3-96,SHIFTED_GEOMETRY,CADASTRAL_REVENUE,DRONE_ORTHOPHOTO,geometry,OBS-GEO-001223,OBS-GEO-001226,MINOR,MEDIUM,Slight spatial shift but identity remains strong.,RESOLVED,Local transformation residual check,False,TC02_SLIGHT_GEOMETRY_SHIFT;TC11_GOVERNMENT_PRIVATE_OWNERSHIP_CONFLICT,OBS-001223,OBS-001226
CNF-00276,IN-DL-110054-9-16,SHIFTED_GEOMETRY,CADASTRAL_REVENUE,DRONE_ORTHOPHOTO,geometry,OBS-GEO-003459,OBS-GEO-003462,MINOR,MEDIUM,Slight spatial shift but identity remains strong.,RESOLVED,Local transformation residual check,False,TC02_SLIGHT_GEOMETRY_SHIFT,OBS-003459,OBS-003462
CNF-00277,IN-DL-110054-9-47,SHIFTED_GEOMETRY,CADASTRAL_REVENUE,GNSS_CORS_SURVEY,geometry,OBS-GEO-003593,OBS-GEO-003596,MINOR,MEDIUM,Slight spatial shift but identity remains strong.,RESOLVED,Local transformation residual check,False,TC02_SLIGHT_GEOMETRY_SHIFT,OBS-003593,OBS-003596
CNF-00278,IN-DL-110054-6-90,SHIFTED_GEOMETRY,CADASTRAL_REVENUE,DRONE_ORTHOPHOTO,geometry,OBS-GEO-002501,OBS-GEO-002504,MINOR,MEDIUM,Slight spatial shift but identity remains strong.,RESOLVED,Local transformation residual check,False,TC02_SLIGHT_GEOMETRY_SHIFT,OBS-002501,OBS-002504
CNF-00279,IN-DL-110054-4-40,SHIFTED_GEOMETRY,CADASTRAL_REVENUE,DRONE_ORTHOPHOTO,geometry,OBS-GEO-001421,OBS-GEO-001425,MINOR,MEDIUM,Slight spatial shift but identity remains strong.,RESOLVED,Local transformation residual check,False,TC02_SLIGHT_GEOMETRY_SHIFT,OBS-001421,OBS-001425
CNF-00280,IN-DL-110054-6-38,SHIFTED_GEOMETRY,CADASTRAL_REVENUE,DRONE_ORTHOPHOTO,geometry,OBS-GEO-002296,OBS-GEO-002299,MINOR,MEDIUM,Slight spatial shift but identity remains strong.,RESOLVED,Local transformation residual check,False,TC02_SLIGHT_GEOMETRY_SHIFT,OBS-002296,OBS-002299
CNF-00281,IN-DL-110054-10-18,SHIFTED_GEOMETRY,CADASTRAL_REVENUE,DRONE_ORTHOPHOTO,geometry,OBS-GEO-003897,OBS-GEO-003899,MINOR,MEDIUM,Slight spatial shift but identity remains strong.,RESOLVED,Local transformation residual check,False,TC02_SLIGHT_GEOMETRY_SHIFT,OBS-003897,OBS-003899
CNF-00282,IN-DL-110054-7-39,SHIFTED_GEOMETRY,CADASTRAL_REVENUE,DRONE_ORTHOPHOTO,geometry,OBS-GEO-002702,OBS-GEO-002705,MINOR,MEDIUM,Slight spatial shift but identity remains strong.,RESOLVED,Local transformation residual check,False,TC02_SLIGHT_GEOMETRY_SHIFT,OBS-002702,OBS-002705
CNF-00283,IN-DL-110054-6-25,SHIFTED_GEOMETRY,CADASTRAL_REVENUE,DRONE_ORTHOPHOTO,geometry,OBS-GEO-002244,OBS-GEO-002246,MINOR,MEDIUM,Slight spatial shift but identity remains strong.,RESOLVED,Local transformation residual check,False,TC02_SLIGHT_GEOMETRY_SHIFT;TC14_PHYSICAL_OCCUPATION_VS_LEGAL_GEOMETRY,OBS-002244,OBS-002246
CNF-00284,IN-DL-110054-9-84,SHIFTED_GEOMETRY,CADASTRAL_REVENUE,DRONE_ORTHOPHOTO,geometry,OBS-GEO-003742,OBS-GEO-003744,MINOR,MEDIUM,Slight spatial shift but identity remains strong.,RESOLVED,Local transformation residual check,False,TC02_SLIGHT_GEOMETRY_SHIFT;TC11_GOVERNMENT_PRIVATE_OWNERSHIP_CONFLICT;TC17_MISSING_SOURCE_RECORD;TC18_AMBIGUOUS_CANDIDATE_MATCH;TC25_STRONG_EVIDENCE_PENDING_APPROVAL,OBS-003742,OBS-003744
CNF-00285,IN-DL-110054-3-75,SHIFTED_GEOMETRY,CADASTRAL_REVENUE,BUILDING_GIS,geometry,OBS-GEO-001142,OBS-GEO-001144,MINOR,MEDIUM,Slight spatial shift but identity remains strong.,RESOLVED,Local transformation residual check,False,TC02_SLIGHT_GEOMETRY_SHIFT,OBS-001142,OBS-001144
CNF-00286,IN-DL-110054-2-55,SHIFTED_GEOMETRY,CADASTRAL_REVENUE,BUILDING_GIS,geometry,OBS-GEO-000603,OBS-GEO-000605,MINOR,MEDIUM,Slight spatial shift but identity remains strong.,RESOLVED,Local transformation residual check,False,TC02_SLIGHT_GEOMETRY_SHIFT,OBS-000603,OBS-000605
CNF-00287,IN-DL-110054-4-8,SHIFTED_GEOMETRY,CADASTRAL_REVENUE,DRONE_ORTHOPHOTO,geometry,OBS-GEO-001281,OBS-GEO-001284,MINOR,MEDIUM,Slight spatial shift but identity remains strong.,RESOLVED,Local transformation residual check,False,TC02_SLIGHT_GEOMETRY_SHIFT;TC11_GOVERNMENT_PRIVATE_OWNERSHIP_CONFLICT,OBS-001281,OBS-001284
CNF-00288,IN-DL-110054-8-20,SHIFTED_GEOMETRY,CADASTRAL_REVENUE,DRONE_ORTHOPHOTO,geometry,OBS-GEO-003057,OBS-GEO-003061,MINOR,MEDIUM,Slight spatial shift but identity remains strong.,RESOLVED,Local transformation residual check,False,TC02_SLIGHT_GEOMETRY_SHIFT,OBS-003057,OBS-003061
CNF-00289,IN-DL-110054-10-59,SHIFTED_GEOMETRY,CADASTRAL_REVENUE,DRONE_ORTHOPHOTO,geometry,OBS-GEO-004077,OBS-GEO-004079,MINOR,MEDIUM,Slight spatial shift but identity remains strong.,RESOLVED,Local transformation residual check,False,TC02_SLIGHT_GEOMETRY_SHIFT,OBS-004077,OBS-004079
CNF-00290,IN-DL-110054-1-47,SHIFTED_GEOMETRY,CADASTRAL_REVENUE,DRONE_ORTHOPHOTO,geometry,OBS-GEO-000177,OBS-GEO-000180,MINOR,MEDIUM,Slight spatial shift but identity remains strong.,RESOLVED,Local transformation residual check,False,TC02_SLIGHT_GEOMETRY_SHIFT;TC14_PHYSICAL_OCCUPATION_VS_LEGAL_GEOMETRY,OBS-000177,OBS-000180
CNF-00291,IN-DL-110054-7-100,SHIFTED_GEOMETRY,CADASTRAL_REVENUE,BUILDING_GIS,geometry,OBS-GEO-002965,OBS-GEO-002967,MINOR,MEDIUM,Slight spatial shift but identity remains strong.,RESOLVED,Local transformation residual check,False,TC02_SLIGHT_GEOMETRY_SHIFT;TC09_CROSS_CELL_SPLIT;TC22_REDEVELOPMENT_CONSOLIDATION,OBS-002965,OBS-002967
CNF-00292,IN-DL-110054-3-69,LOCAL_SPATIAL_DISTORTION,CADASTRAL_REVENUE,BUILDING_GIS,geometry,OBS-GEO-001119,OBS-GEO-001121,MAJOR,HIGH,Local scale/rotation distortion affects boundaries.,OPEN,GNSS + local correction model,True,TC03_SIGNIFICANT_LOCAL_DISTORTION;TC10_OWNERSHIP_CONFLICT,OBS-001119,OBS-001121
CNF-00293,IN-DL-110054-10-87,LOCAL_SPATIAL_DISTORTION,CADASTRAL_REVENUE,DRONE_ORTHOPHOTO,geometry,OBS-GEO-004206,OBS-GEO-004209,MAJOR,HIGH,Local scale/rotation distortion affects boundaries.,OPEN,GNSS + local correction model,True,TC03_SIGNIFICANT_LOCAL_DISTORTION,OBS-004206,OBS-004209
CNF-00294,IN-DL-110054-5-6,LOCAL_SPATIAL_DISTORTION,CADASTRAL_REVENUE,DRONE_ORTHOPHOTO,geometry,OBS-GEO-001712,OBS-GEO-001716,MAJOR,HIGH,Local scale/rotation distortion affects boundaries.,OPEN,GNSS + local correction model,True,TC03_SIGNIFICANT_LOCAL_DISTORTION,OBS-001712,OBS-001716
CNF-00295,IN-DL-110054-7-77,LOCAL_SPATIAL_DISTORTION,CADASTRAL_REVENUE,DRONE_ORTHOPHOTO,geometry,OBS-GEO-002861,OBS-GEO-002864,MAJOR,HIGH,Local scale/rotation distortion affects boundaries.,OPEN,GNSS + local correction model,True,TC03_SIGNIFICANT_LOCAL_DISTORTION,OBS-002861,OBS-002864
CNF-00296,IN-DL-110054-10-91,LOCAL_SPATIAL_DISTORTION,CADASTRAL_REVENUE,GNSS_CORS_SURVEY,geometry,OBS-GEO-004225,OBS-GEO-004228,MAJOR,HIGH,Local scale/rotation distortion affects boundaries.,OPEN,GNSS + local correction model,True,TC03_SIGNIFICANT_LOCAL_DISTORTION;TC07_PARCEL_SPLIT,OBS-004225,OBS-004228
CNF-00297,IN-DL-110054-10-54,LOCAL_SPATIAL_DISTORTION,CADASTRAL_REVENUE,DRONE_ORTHOPHOTO,geometry,OBS-GEO-004057,OBS-GEO-004060,MAJOR,HIGH,Local scale/rotation distortion affects boundaries.,OPEN,GNSS + local correction model,True,TC03_SIGNIFICANT_LOCAL_DISTORTION,OBS-004057,OBS-004060
CNF-00298,IN-DL-110054-8-28,LOCAL_SPATIAL_DISTORTION,CADASTRAL_REVENUE,MUNICIPAL_PROPERTY,geometry,OBS-GEO-003092,OBS-GEO-003093,MAJOR,HIGH,Local scale/rotation distortion affects boundaries.,OPEN,GNSS + local correction model,True,TC03_SIGNIFICANT_LOCAL_DISTORTION;TC05_ONE_CADASTRAL_TO_SEVERAL_MUNICIPAL,OBS-003092,OBS-003093
CNF-00299,IN-DL-110054-3-98,LOCAL_SPATIAL_DISTORTION,CADASTRAL_REVENUE,DRONE_ORTHOPHOTO,geometry,OBS-GEO-001234,OBS-GEO-001238,MAJOR,HIGH,Local scale/rotation distortion affects boundaries.,OPEN,GNSS + local correction model,True,TC03_SIGNIFICANT_LOCAL_DISTORTION,OBS-001234,OBS-001238
CNF-00300,IN-DL-110054-4-54,LOCAL_SPATIAL_DISTORTION,CADASTRAL_REVENUE,GNSS_CORS_SURVEY,geometry,OBS-GEO-001483,OBS-GEO-001488,MAJOR,HIGH,Local scale/rotation distortion affects boundaries.,OPEN,GNSS + local correction model,True,TC03_SIGNIFICANT_LOCAL_DISTORTION;TC11_GOVERNMENT_PRIVATE_OWNERSHIP_CONFLICT,OBS-001483,OBS-001488
CNF-00301,IN-DL-110054-8-16,LOCAL_SPATIAL_DISTORTION,CADASTRAL_REVENUE,GNSS_CORS_SURVEY,geometry,OBS-GEO-003039,OBS-GEO-003043,MAJOR,HIGH,Local scale/rotation distortion affects boundaries.,OPEN,GNSS + local correction model,True,TC03_SIGNIFICANT_LOCAL_DISTORTION;TC10_OWNERSHIP_CONFLICT;TC13_BUILDING_CROSSES_BOUNDARY,OBS-003039,OBS-003043
CNF-00302,IN-DL-110054-2-93,LOCAL_SPATIAL_DISTORTION,CADASTRAL_REVENUE,GNSS_CORS_SURVEY,geometry,OBS-GEO-000763,OBS-GEO-000768,MAJOR,HIGH,Local scale/rotation distortion affects boundaries.,OPEN,GNSS + local correction model,True,TC02_SLIGHT_GEOMETRY_SHIFT;TC03_SIGNIFICANT_LOCAL_DISTORTION;TC06_SEVERAL_HISTORICAL_TO_ONE_CURRENT;TC25_STRONG_EVIDENCE_PENDING_APPROVAL,OBS-000763,OBS-000768
CNF-00303,IN-DL-110054-3-99,LOCAL_SPATIAL_DISTORTION,CADASTRAL_REVENUE,DRONE_ORTHOPHOTO,geometry,OBS-GEO-001239,OBS-GEO-001241,MAJOR,HIGH,Local scale/rotation distortion affects boundaries.,OPEN,GNSS + local correction model,True,TC03_SIGNIFICANT_LOCAL_DISTORTION,OBS-001239,OBS-001241
CNF-00304,IN-DL-110054-7-4,LOCAL_SPATIAL_DISTORTION,CADASTRAL_REVENUE,DRONE_ORTHOPHOTO,geometry,OBS-GEO-002558,OBS-GEO-002560,MAJOR,HIGH,Local scale/rotation distortion affects boundaries.,OPEN,GNSS + local correction model,True,TC03_SIGNIFICANT_LOCAL_DISTORTION;TC05_ONE_CADASTRAL_TO_SEVERAL_MUNICIPAL,OBS-002558,OBS-002560
CNF-00305,IN-DL-110054-6-11,LOCAL_SPATIAL_DISTORTION,CADASTRAL_REVENUE,GNSS_CORS_SURVEY,geometry,OBS-GEO-002184,OBS-GEO-002188,MAJOR,HIGH,Local scale/rotation distortion affects boundaries.,OPEN,GNSS + local correction model,True,TC03_SIGNIFICANT_LOCAL_DISTORTION,OBS-002184,OBS-002188
CNF-00306,IN-DL-110054-1-68,LOCAL_SPATIAL_DISTORTION,CADASTRAL_REVENUE,DRONE_ORTHOPHOTO,geometry,OBS-GEO-000256,OBS-GEO-000259,MAJOR,HIGH,Local scale/rotation distortion affects boundaries.,OPEN,GNSS + local correction model,True,TC03_SIGNIFICANT_LOCAL_DISTORTION,OBS-000256,OBS-000259
CNF-00307,IN-DL-110054-7-64,LOCAL_SPATIAL_DISTORTION,CADASTRAL_REVENUE,BUILDING_GIS,geometry,OBS-GEO-002803,OBS-GEO-002805,MAJOR,HIGH,Local scale/rotation distortion affects boundaries.,OPEN,GNSS + local correction model,True,TC03_SIGNIFICANT_LOCAL_DISTORTION,OBS-002803,OBS-002805
CNF-00308,IN-DL-110054-2-60,LOCAL_SPATIAL_DISTORTION,CADASTRAL_REVENUE,BUILDING_GIS,geometry,OBS-GEO-000625,OBS-GEO-000627,MAJOR,HIGH,Local scale/rotation distortion affects boundaries.,OPEN,GNSS + local correction model,True,TC03_SIGNIFICANT_LOCAL_DISTORTION,OBS-000625,OBS-000627
CNF-00309,IN-DL-110054-4-4,LOCAL_SPATIAL_DISTORTION,CADASTRAL_REVENUE,DRONE_ORTHOPHOTO,geometry,OBS-GEO-001262,OBS-GEO-001266,MAJOR,HIGH,Local scale/rotation distortion affects boundaries.,OPEN,GNSS + local correction model,True,TC03_SIGNIFICANT_LOCAL_DISTORTION,OBS-001262,OBS-001266
CNF-00310,IN-DL-110054-6-58,LOCAL_SPATIAL_DISTORTION,CADASTRAL_REVENUE,BUILDING_GIS,geometry,OBS-GEO-002377,OBS-GEO-002379,MAJOR,HIGH,Local scale/rotation distortion affects boundaries.,OPEN,GNSS + local correction model,True,TC03_SIGNIFICANT_LOCAL_DISTORTION;TC10_OWNERSHIP_CONFLICT,OBS-002377,OBS-002379
CNF-00311,IN-DL-110054-7-1,LOCAL_SPATIAL_DISTORTION,CADASTRAL_REVENUE,DRONE_ORTHOPHOTO,geometry,OBS-GEO-002547,OBS-GEO-002549,MAJOR,HIGH,Local scale/rotation distortion affects boundaries.,OPEN,GNSS + local correction model,True,TC03_SIGNIFICANT_LOCAL_DISTORTION,OBS-002547,OBS-002549
CNF-00312,IN-DL-110054-1-26,LOCAL_SPATIAL_DISTORTION,CADASTRAL_REVENUE,MUNICIPAL_PROPERTY,geometry,OBS-GEO-000106,OBS-GEO-000107,MAJOR,HIGH,Local scale/rotation distortion affects boundaries.,OPEN,GNSS + local correction model,True,TC03_SIGNIFICANT_LOCAL_DISTORTION;TC10_OWNERSHIP_CONFLICT,OBS-000106,OBS-000107
CNF-00313,IN-DL-110054-8-66,LOCAL_SPATIAL_DISTORTION,CADASTRAL_REVENUE,DRONE_ORTHOPHOTO,geometry,OBS-GEO-003246,OBS-GEO-003249,MAJOR,HIGH,Local scale/rotation distortion affects boundaries.,OPEN,GNSS + local correction model,True,TC03_SIGNIFICANT_LOCAL_DISTORTION,OBS-003246,OBS-003249
CNF-00314,IN-DL-110054-1-56,LOCAL_SPATIAL_DISTORTION,CADASTRAL_REVENUE,DRONE_ORTHOPHOTO,geometry,OBS-GEO-000211,OBS-GEO-000214,MAJOR,HIGH,Local scale/rotation distortion affects boundaries.,OPEN,GNSS + local correction model,True,TC03_SIGNIFICANT_LOCAL_DISTORTION;TC10_OWNERSHIP_CONFLICT,OBS-000211,OBS-000214
CNF-00315,IN-DL-110054-9-4,LOCAL_SPATIAL_DISTORTION,CADASTRAL_REVENUE,DRONE_ORTHOPHOTO,geometry,OBS-GEO-003413,OBS-GEO-003415,MAJOR,HIGH,Local scale/rotation distortion affects boundaries.,OPEN,GNSS + local correction model,True,TC03_SIGNIFICANT_LOCAL_DISTORTION,OBS-003413,OBS-003415
CNF-00316,IN-DL-110054-8-38,DUPLICATE_PARCEL_CANDIDATE,CADASTRAL_REVENUE,CADASTRAL_REVENUE,identity,REV-08-038-01,REV-08-038-01-DUP,MAJOR,CRITICAL,Duplicate source row can create duplicate legal identity.,OPEN,Mutation register + source de-duplication,True,TC04_DUPLICATE_SOURCE_PARCEL,OBS-003135,OBS-003138
CNF-00317,IN-DL-110054-10-19,DUPLICATE_PARCEL_CANDIDATE,CADASTRAL_REVENUE,CADASTRAL_REVENUE,identity,REV-10-019-01,REV-10-019-01-DUP,MAJOR,CRITICAL,Duplicate source row can create duplicate legal identity.,OPEN,Mutation register + source de-duplication,True,TC04_DUPLICATE_SOURCE_PARCEL,OBS-003901,OBS-003904
CNF-00318,IN-DL-110054-6-73,DUPLICATE_PARCEL_CANDIDATE,CADASTRAL_REVENUE,CADASTRAL_REVENUE,identity,REV-06-073-01,REV-06-073-01-DUP,MAJOR,CRITICAL,Duplicate source row can create duplicate legal identity.,OPEN,Mutation register + source de-duplication,True,TC04_DUPLICATE_SOURCE_PARCEL,OBS-002433,OBS-002436
CNF-00319,IN-DL-110054-3-78,DUPLICATE_PARCEL_CANDIDATE,CADASTRAL_REVENUE,CADASTRAL_REVENUE,identity,REV-03-078-01,REV-03-078-01-DUP,MAJOR,CRITICAL,Duplicate source row can create duplicate legal identity.,OPEN,Mutation register + source de-duplication,True,TC04_DUPLICATE_SOURCE_PARCEL,OBS-001153,OBS-001156
CNF-00320,IN-DL-110054-9-75,DUPLICATE_PARCEL_CANDIDATE,CADASTRAL_REVENUE,CADASTRAL_REVENUE,identity,REV-09-075-01,REV-09-075-01-DUP,MAJOR,CRITICAL,Duplicate source row can create duplicate legal identity.,OPEN,Mutation register + source de-duplication,True,TC04_DUPLICATE_SOURCE_PARCEL,OBS-003703,OBS-003708
CNF-00321,IN-DL-110054-1-95,DUPLICATE_PARCEL_CANDIDATE,CADASTRAL_REVENUE,CADASTRAL_REVENUE,identity,REV-01-095-01,REV-01-095-01-DUP,MAJOR,CRITICAL,Duplicate source row can create duplicate legal identity.,OPEN,Mutation register + source de-duplication,True,TC04_DUPLICATE_SOURCE_PARCEL;TC07_PARCEL_SPLIT,OBS-000361,OBS-000365
CNF-00322,IN-DL-110054-4-91,DUPLICATE_PARCEL_CANDIDATE,CADASTRAL_REVENUE,CADASTRAL_REVENUE,identity,REV-04-091-01,REV-04-091-01-DUP,MAJOR,CRITICAL,Duplicate source row can create duplicate legal identity.,OPEN,Mutation register + source de-duplication,True,TC04_DUPLICATE_SOURCE_PARCEL;TC07_PARCEL_SPLIT;TC15_GNSS_CONTRADICTS_OLD_CADASTRE,OBS-001645,OBS-001650
CNF-00323,IN-DL-110054-7-41,DUPLICATE_PARCEL_CANDIDATE,CADASTRAL_REVENUE,CADASTRAL_REVENUE,identity,REV-07-041-01,REV-07-041-01-DUP,MAJOR,CRITICAL,Duplicate source row can create duplicate legal identity.,OPEN,Mutation register + source de-duplication,True,TC04_DUPLICATE_SOURCE_PARCEL,OBS-002713,OBS-002718
CNF-00324,IN-DL-110054-5-46,DUPLICATE_PARCEL_CANDIDATE,CADASTRAL_REVENUE,CADASTRAL_REVENUE,identity,REV-05-046-01,REV-05-046-01-DUP,MAJOR,CRITICAL,Duplicate source row can create duplicate legal identity.,OPEN,Mutation register + source de-duplication,True,TC04_DUPLICATE_SOURCE_PARCEL,OBS-001897,OBS-001902
CNF-00325,IN-DL-110054-2-18,DUPLICATE_PARCEL_CANDIDATE,CADASTRAL_REVENUE,CADASTRAL_REVENUE,identity,REV-02-018-01,REV-02-018-01-DUP,MAJOR,CRITICAL,Duplicate source row can create duplicate legal identity.,OPEN,Mutation register + source de-duplication,True,TC02_SLIGHT_GEOMETRY_SHIFT;TC04_DUPLICATE_SOURCE_PARCEL;TC14_PHYSICAL_OCCUPATION_VS_LEGAL_GEOMETRY,OBS-000456,OBS-000458
CNF-00326,IN-DL-110054-1-4,DUPLICATE_PARCEL_CANDIDATE,CADASTRAL_REVENUE,CADASTRAL_REVENUE,identity,REV-01-004-01,REV-01-004-01-DUP,MAJOR,CRITICAL,Duplicate source row can create duplicate legal identity.,OPEN,Mutation register + source de-duplication,True,TC02_SLIGHT_GEOMETRY_SHIFT;TC04_DUPLICATE_SOURCE_PARCEL,OBS-000013,OBS-000017
CNF-00327,IN-DL-110054-3-94,DUPLICATE_PARCEL_CANDIDATE,CADASTRAL_REVENUE,CADASTRAL_REVENUE,identity,REV-03-094-01,REV-03-094-01-DUP,MAJOR,CRITICAL,Duplicate source row can create duplicate legal identity.,OPEN,Mutation register + source de-duplication,True,TC04_DUPLICATE_SOURCE_PARCEL;TC06_SEVERAL_HISTORICAL_TO_ONE_CURRENT,OBS-001214,OBS-001217
CNF-00328,IN-DL-110054-10-28,DUPLICATE_PARCEL_CANDIDATE,CADASTRAL_REVENUE,CADASTRAL_REVENUE,identity,REV-10-028-01,REV-10-028-01-DUP,MAJOR,CRITICAL,Duplicate source row can create duplicate legal identity.,OPEN,Mutation register + source de-duplication,True,TC04_DUPLICATE_SOURCE_PARCEL,OBS-003940,OBS-003943
CNF-00329,IN-DL-110054-1-32,DUPLICATE_PARCEL_CANDIDATE,CADASTRAL_REVENUE,CADASTRAL_REVENUE,identity,REV-01-032-01,REV-01-032-01-DUP,MAJOR,CRITICAL,Duplicate source row can create duplicate legal identity.,OPEN,Mutation register + source de-duplication,True,TC04_DUPLICATE_SOURCE_PARCEL,OBS-000126,OBS-000130
CNF-00330,IN-DL-110054-9-17,DUPLICATE_PARCEL_CANDIDATE,CADASTRAL_REVENUE,CADASTRAL_REVENUE,identity,REV-09-017-01,REV-09-017-01-DUP,MAJOR,CRITICAL,Duplicate source row can create duplicate legal identity.,OPEN,Mutation register + source de-duplication,True,TC04_DUPLICATE_SOURCE_PARCEL,OBS-003463,OBS-003467
CNF-00331,IN-DL-110054-7-96,DUPLICATE_PARCEL_CANDIDATE,CADASTRAL_REVENUE,CADASTRAL_REVENUE,identity,REV-07-096-01,REV-07-096-01-DUP,MAJOR,CRITICAL,Duplicate source row can create duplicate legal identity.,OPEN,Mutation register + source de-duplication,True,TC04_DUPLICATE_SOURCE_PARCEL;TC17_MISSING_SOURCE_RECORD,OBS-002947,OBS-002951
CNF-00332,IN-DL-110054-9-88,DUPLICATE_PARCEL_CANDIDATE,CADASTRAL_REVENUE,CADASTRAL_REVENUE,identity,REV-09-088-01,REV-09-088-01-DUP,MAJOR,CRITICAL,Duplicate source row can create duplicate legal identity.,OPEN,Mutation register + source de-duplication,True,TC04_DUPLICATE_SOURCE_PARCEL,OBS-003761,OBS-003765
CNF-00333,IN-DL-110054-10-43,DUPLICATE_PARCEL_CANDIDATE,CADASTRAL_REVENUE,CADASTRAL_REVENUE,identity,REV-10-043-01,REV-10-043-01-DUP,MAJOR,CRITICAL,Duplicate source row can create duplicate legal identity.,OPEN,Mutation register + source de-duplication,True,TC04_DUPLICATE_SOURCE_PARCEL,OBS-004003,OBS-004009
CNF-00334,IN-DL-110054-7-11,ONE_TO_MANY_MATCH,CADASTRAL_REVENUE,MUNICIPAL_PROPERTY,identity,REV-07-011-01,MCD-07-011-02,MODERATE,MEDIUM,Multiple municipal units occupy one legal parcel.,RESOLVED,Unit schedule / building plan,False,TC05_ONE_CADASTRAL_TO_SEVERAL_MUNICIPAL,OBS-002585,OBS-002586
CNF-00335,IN-DL-110054-8-24,ONE_TO_MANY_MATCH,CADASTRAL_REVENUE,MUNICIPAL_PROPERTY,identity,REV-08-024-01,MCD-08-024-02,MODERATE,MEDIUM,Multiple municipal units occupy one legal parcel.,RESOLVED,Unit schedule / building plan,False,TC05_ONE_CADASTRAL_TO_SEVERAL_MUNICIPAL;TC19_ENCROACHMENT_INTO_PUBLIC_LAND,OBS-003074,OBS-003075
CNF-00336,IN-DL-110054-1-64,ONE_TO_MANY_MATCH,CADASTRAL_REVENUE,MUNICIPAL_PROPERTY,identity,REV-01-064-01,MCD-01-064-02,MODERATE,MEDIUM,Multiple municipal units occupy one legal parcel.,RESOLVED,Unit schedule / building plan,False,TC05_ONE_CADASTRAL_TO_SEVERAL_MUNICIPAL,OBS-000239,OBS-000240
CNF-00337,IN-DL-110054-10-27,ONE_TO_MANY_MATCH,CADASTRAL_REVENUE,MUNICIPAL_PROPERTY,identity,REV-10-027-01,MCD-10-027-02,MODERATE,MEDIUM,Multiple municipal units occupy one legal parcel.,RESOLVED,Unit schedule / building plan,False,TC05_ONE_CADASTRAL_TO_SEVERAL_MUNICIPAL;TC10_OWNERSHIP_CONFLICT;TC22_REDEVELOPMENT_CONSOLIDATION,OBS-003934,OBS-003935
CNF-00338,IN-DL-110054-2-34,ONE_TO_MANY_MATCH,CADASTRAL_REVENUE,MUNICIPAL_PROPERTY,identity,REV-02-034-01,MCD-02-034-02,MODERATE,MEDIUM,Multiple municipal units occupy one legal parcel.,RESOLVED,Unit schedule / building plan,False,TC05_ONE_CADASTRAL_TO_SEVERAL_MUNICIPAL,OBS-000520,OBS-000521
CNF-00339,IN-DL-110054-2-1,ONE_TO_MANY_MATCH,CADASTRAL_REVENUE,MUNICIPAL_PROPERTY,identity,REV-02-001-01,MCD-02-001-02,MODERATE,MEDIUM,Multiple municipal units occupy one legal parcel.,RESOLVED,Unit schedule / building plan,False,TC05_ONE_CADASTRAL_TO_SEVERAL_MUNICIPAL,OBS-000389,OBS-000390
CNF-00340,IN-DL-110054-1-23,ONE_TO_MANY_MATCH,CADASTRAL_REVENUE,MUNICIPAL_PROPERTY,identity,REV-01-023-01,MCD-01-023-02,MODERATE,MEDIUM,Multiple municipal units occupy one legal parcel.,RESOLVED,Unit schedule / building plan,False,TC05_ONE_CADASTRAL_TO_SEVERAL_MUNICIPAL;TC14_PHYSICAL_OCCUPATION_VS_LEGAL_GEOMETRY;TC25_STRONG_EVIDENCE_PENDING_APPROVAL,OBS-000092,OBS-000093
CNF-00341,IN-DL-110054-10-6,ONE_TO_MANY_MATCH,CADASTRAL_REVENUE,MUNICIPAL_PROPERTY,identity,REV-10-006-01,MCD-10-006-02,MODERATE,MEDIUM,Multiple municipal units occupy one legal parcel.,RESOLVED,Unit schedule / building plan,False,TC05_ONE_CADASTRAL_TO_SEVERAL_MUNICIPAL,OBS-003843,OBS-003844
CNF-00342,IN-DL-110054-8-28,ONE_TO_MANY_MATCH,CADASTRAL_REVENUE,MUNICIPAL_PROPERTY,identity,REV-08-028-01,MCD-08-028-02,MODERATE,MEDIUM,Multiple municipal units occupy one legal parcel.,RESOLVED,Unit schedule / building plan,False,TC03_SIGNIFICANT_LOCAL_DISTORTION;TC05_ONE_CADASTRAL_TO_SEVERAL_MUNICIPAL,OBS-003092,OBS-003093
CNF-00343,IN-DL-110054-7-56,ONE_TO_MANY_MATCH,CADASTRAL_REVENUE,MUNICIPAL_PROPERTY,identity,REV-07-056-01,MCD-07-056-02,MODERATE,MEDIUM,Multiple municipal units occupy one legal parcel.,RESOLVED,Unit schedule / building plan,False,TC05_ONE_CADASTRAL_TO_SEVERAL_MUNICIPAL,OBS-002773,OBS-002774
CNF-00344,IN-DL-110054-6-79,ONE_TO_MANY_MATCH,CANONICAL_REGISTRY,MUNICIPAL_PROPERTY,identity,IN-DL-110054-6-79,MCD-06-079-01,MODERATE,MEDIUM,Multiple municipal units occupy one legal parcel.,RESOLVED,Unit schedule / building plan,False,TC05_ONE_CADASTRAL_TO_SEVERAL_MUNICIPAL;TC10_OWNERSHIP_CONFLICT;TC17_MISSING_SOURCE_RECORD,,OBS-002456
CNF-00345,IN-DL-110054-4-100,ONE_TO_MANY_MATCH,CADASTRAL_REVENUE,MUNICIPAL_PROPERTY,identity,REV-04-100-01,MCD-04-100-02,MODERATE,MEDIUM,Multiple municipal units occupy one legal parcel.,RESOLVED,Unit schedule / building plan,False,TC05_ONE_CADASTRAL_TO_SEVERAL_MUNICIPAL,OBS-001682,OBS-001683
CNF-00346,IN-DL-110054-7-4,ONE_TO_MANY_MATCH,CADASTRAL_REVENUE,MUNICIPAL_PROPERTY,identity,REV-07-004-01,MCD-07-004-02,MODERATE,MEDIUM,Multiple municipal units occupy one legal parcel.,RESOLVED,Unit schedule / building plan,False,TC03_SIGNIFICANT_LOCAL_DISTORTION;TC05_ONE_CADASTRAL_TO_SEVERAL_MUNICIPAL,OBS-002558,OBS-002559
CNF-00347,IN-DL-110054-5-75,ONE_TO_MANY_MATCH,CADASTRAL_REVENUE,MUNICIPAL_PROPERTY,identity,REV-05-075-01,MCD-05-075-02,MODERATE,MEDIUM,Multiple municipal units occupy one legal parcel.,RESOLVED,Unit schedule / building plan,False,TC05_ONE_CADASTRAL_TO_SEVERAL_MUNICIPAL;TC18_AMBIGUOUS_CANDIDATE_MATCH,OBS-002028,OBS-002029
CNF-00348,IN-DL-110054-1-17,ONE_TO_MANY_MATCH,CADASTRAL_REVENUE,MUNICIPAL_PROPERTY,identity,REV-01-017-01,MCD-01-017-02,MODERATE,MEDIUM,Multiple municipal units occupy one legal parcel.,RESOLVED,Unit schedule / building plan,False,TC05_ONE_CADASTRAL_TO_SEVERAL_MUNICIPAL,OBS-000067,OBS-000068
CNF-00349,IN-DL-110054-9-2,ONE_TO_MANY_MATCH,CADASTRAL_REVENUE,MUNICIPAL_PROPERTY,identity,REV-09-002-01,MCD-09-002-02,MODERATE,MEDIUM,Multiple municipal units occupy one legal parcel.,RESOLVED,Unit schedule / building plan,False,TC05_ONE_CADASTRAL_TO_SEVERAL_MUNICIPAL;TC15_GNSS_CONTRADICTS_OLD_CADASTRE,OBS-003403,OBS-003404
CNF-00350,IN-DL-110054-2-36,ONE_TO_MANY_MATCH,CADASTRAL_REVENUE,MUNICIPAL_PROPERTY,identity,REV-02-036-01,MCD-02-036-02,MODERATE,MEDIUM,Multiple municipal units occupy one legal parcel.,RESOLVED,Unit schedule / building plan,False,TC05_ONE_CADASTRAL_TO_SEVERAL_MUNICIPAL,OBS-000527,OBS-000528
CNF-00351,IN-DL-110054-3-3,ONE_TO_MANY_MATCH,CADASTRAL_REVENUE,MUNICIPAL_PROPERTY,identity,REV-03-003-01,MCD-03-003-02,MODERATE,MEDIUM,Multiple municipal units occupy one legal parcel.,RESOLVED,Unit schedule / building plan,False,TC05_ONE_CADASTRAL_TO_SEVERAL_MUNICIPAL,OBS-000808,OBS-000809
CNF-00352,IN-DL-110054-8-9,ONE_TO_MANY_MATCH,CADASTRAL_REVENUE,MUNICIPAL_PROPERTY,identity,REV-08-009-01,MCD-08-009-02,MODERATE,MEDIUM,Multiple municipal units occupy one legal parcel.,RESOLVED,Unit schedule / building plan,False,TC05_ONE_CADASTRAL_TO_SEVERAL_MUNICIPAL;TC11_GOVERNMENT_PRIVATE_OWNERSHIP_CONFLICT,OBS-003007,OBS-003008
CNF-00353,IN-DL-110054-6-35,ONE_TO_MANY_MATCH,CADASTRAL_REVENUE,MUNICIPAL_PROPERTY,identity,REV-06-035-01,MCD-06-035-02,MODERATE,MEDIUM,Multiple municipal units occupy one legal parcel.,RESOLVED,Unit schedule / building plan,False,TC05_ONE_CADASTRAL_TO_SEVERAL_MUNICIPAL,OBS-002280,OBS-002281
CNF-00354,IN-DL-110054-2-76,ONE_TO_MANY_MATCH,CADASTRAL_REVENUE,MUNICIPAL_PROPERTY,identity,REV-02-076-01,MCD-02-076-02,MODERATE,MEDIUM,Multiple municipal units occupy one legal parcel.,RESOLVED,Unit schedule / building plan,False,TC05_ONE_CADASTRAL_TO_SEVERAL_MUNICIPAL,OBS-000690,OBS-000691
CNF-00355,IN-DL-110054-5-71,ONE_TO_MANY_MATCH,CADASTRAL_REVENUE,MUNICIPAL_PROPERTY,identity,REV-05-071-01,MCD-05-071-02,MODERATE,MEDIUM,Multiple municipal units occupy one legal parcel.,RESOLVED,Unit schedule / building plan,False,TC05_ONE_CADASTRAL_TO_SEVERAL_MUNICIPAL;TC13_BUILDING_CROSSES_BOUNDARY,OBS-002008,OBS-002009
CNF-00356,IN-DL-110054-3-52,ONE_TO_MANY_MATCH,CADASTRAL_REVENUE,MUNICIPAL_PROPERTY,identity,REV-03-052-01,MCD-03-052-02,MODERATE,MEDIUM,Multiple municipal units occupy one legal parcel.,RESOLVED,Unit schedule / building plan,False,TC05_ONE_CADASTRAL_TO_SEVERAL_MUNICIPAL,OBS-001046,OBS-001047
CNF-00357,IN-DL-110054-9-29,ONE_TO_MANY_MATCH,CADASTRAL_REVENUE,MUNICIPAL_PROPERTY,identity,REV-09-029-01,MCD-09-029-02,MODERATE,MEDIUM,Multiple municipal units occupy one legal parcel.,RESOLVED,Unit schedule / building plan,False,TC05_ONE_CADASTRAL_TO_SEVERAL_MUNICIPAL,OBS-003514,OBS-003515
CNF-00358,IN-DL-110054-3-69,OWNERSHIP_DISAGREEMENT,CADASTRAL_REVENUE,MUNICIPAL_PROPERTY,owner_name,Ishaan Mishra,Sneha Mehta,MAJOR,HIGH,Municipal owner/occupier differs from revenue owner.,OPEN,Mutation deed / title chain,True,TC03_SIGNIFICANT_LOCAL_DISTORTION;TC10_OWNERSHIP_CONFLICT,OBS-001119,OBS-001120
CNF-00359,IN-DL-110054-9-71,OWNERSHIP_DISAGREEMENT,CADASTRAL_REVENUE,MUNICIPAL_PROPERTY,owner_name,Deepak Arora,Aarav Bansal,MAJOR,HIGH,Municipal owner/occupier differs from revenue owner.,OPEN,Mutation deed / title chain,True,TC10_OWNERSHIP_CONFLICT,OBS-003687,OBS-003688
CNF-00360,IN-DL-110054-3-59,OWNERSHIP_DISAGREEMENT,CADASTRAL_REVENUE,MUNICIPAL_PROPERTY,owner_name,Deepak Arora,Aarav Verma,MAJOR,HIGH,Municipal owner/occupier differs from revenue owner.,OPEN,Mutation deed / title chain,True,TC10_OWNERSHIP_CONFLICT;TC18_AMBIGUOUS_CANDIDATE_MATCH,OBS-001078,OBS-001079
CNF-00361,IN-DL-110054-10-27,OWNERSHIP_DISAGREEMENT,CADASTRAL_REVENUE,MUNICIPAL_PROPERTY,owner_name,Civitas Enclave Residents LLP,Aarav Aggarwal,MAJOR,HIGH,Municipal owner/occupier differs from revenue owner.,OPEN,Mutation deed / title chain,True,TC05_ONE_CADASTRAL_TO_SEVERAL_MUNICIPAL;TC10_OWNERSHIP_CONFLICT;TC22_REDEVELOPMENT_CONSOLIDATION,OBS-003934,OBS-003935
CNF-00362,IN-DL-110054-9-57,OWNERSHIP_DISAGREEMENT,CADASTRAL_REVENUE,MUNICIPAL_PROPERTY,owner_name,Ishaan Sharma,Sneha Chawla,MAJOR,HIGH,Municipal owner/occupier differs from revenue owner.,OPEN,Mutation deed / title chain,True,TC10_OWNERSHIP_CONFLICT,OBS-003633,OBS-003634
CNF-00363,IN-DL-110054-6-30,OWNERSHIP_DISAGREEMENT,CADASTRAL_REVENUE,MUNICIPAL_PROPERTY,owner_name,Sneha Mehta,Deepak Kapoor,MAJOR,HIGH,Municipal owner/occupier differs from revenue owner.,OPEN,Mutation deed / title chain,True,TC10_OWNERSHIP_CONFLICT,OBS-002263,OBS-002264
CNF-00364,IN-DL-110054-6-6,OWNERSHIP_DISAGREEMENT,CADASTRAL_REVENUE,MUNICIPAL_PROPERTY,owner_name,Sneha Aggarwal,Deepak Mishra,MAJOR,HIGH,Municipal owner/occupier differs from revenue owner.,OPEN,Mutation deed / title chain,True,TC10_OWNERSHIP_CONFLICT,OBS-002162,OBS-002163
CNF-00365,IN-DL-110054-2-91,OWNERSHIP_DISAGREEMENT,CADASTRAL_REVENUE,MUNICIPAL_PROPERTY,owner_name,Municipal Corporation of Delhi,Aarav Saxena,MAJOR,HIGH,Municipal owner/occupier differs from revenue owner.,OPEN,Mutation deed / title chain,True,TC07_PARCEL_SPLIT;TC10_OWNERSHIP_CONFLICT;TC20_PARK_BOUNDARY_DISAGREEMENT;TC21_ROAD_WIDENING_BOUNDARY_CORRECTION,OBS-000755,OBS-000756
CNF-00366,IN-DL-110054-7-62,OWNERSHIP_DISAGREEMENT,CADASTRAL_REVENUE,MUNICIPAL_PROPERTY,owner_name,Sneha Chawla,Deepak Sethi,MAJOR,HIGH,Municipal owner/occupier differs from revenue owner.,OPEN,Mutation deed / title chain,True,TC10_OWNERSHIP_CONFLICT,OBS-002796,OBS-002797
CNF-00367,IN-DL-110054-1-83,OWNERSHIP_DISAGREEMENT,CADASTRAL_REVENUE,MUNICIPAL_PROPERTY,owner_name,Pramaan Education Society,Aarav Tiwari,MAJOR,HIGH,Municipal owner/occupier differs from revenue owner.,OPEN,Mutation deed / title chain,True,TC10_OWNERSHIP_CONFLICT,OBS-000314,OBS-000315
CNF-00368,IN-DL-110054-6-79,OWNERSHIP_DISAGREEMENT,BUILDING_GIS,MUNICIPAL_PROPERTY,owner_name,Deepak Gupta,Aarav Khanna,MAJOR,HIGH,Municipal owner/occupier differs from revenue owner.,OPEN,Mutation deed / title chain,True,TC05_ONE_CADASTRAL_TO_SEVERAL_MUNICIPAL;TC10_OWNERSHIP_CONFLICT;TC17_MISSING_SOURCE_RECORD,OBS-002457,OBS-002456
CNF-00369,IN-DL-110054-10-17,OWNERSHIP_DISAGREEMENT,BUILDING_GIS,MUNICIPAL_PROPERTY,owner_name,Civitas Enclave Residents LLP,Sneha Bansal,MAJOR,HIGH,Municipal owner/occupier differs from revenue owner.,OPEN,Mutation deed / title chain,True,TC10_OWNERSHIP_CONFLICT;TC17_MISSING_SOURCE_RECORD,OBS-003895,OBS-003894
CNF-00370,IN-DL-110054-3-61,OWNERSHIP_DISAGREEMENT,CADASTRAL_REVENUE,MUNICIPAL_PROPERTY,owner_name,Ishaan Singh,Sneha Khanna,MAJOR,HIGH,Municipal owner/occupier differs from revenue owner.,OPEN,Mutation deed / title chain,True,TC02_SLIGHT_GEOMETRY_SHIFT;TC10_OWNERSHIP_CONFLICT,OBS-001086,OBS-001087
CNF-00371,IN-DL-110054-8-16,OWNERSHIP_DISAGREEMENT,CADASTRAL_REVENUE,MUNICIPAL_PROPERTY,owner_name,Pramaan Skills College,Ishaan Singh,MAJOR,HIGH,Municipal owner/occupier differs from revenue owner.,OPEN,Mutation deed / title chain,True,TC03_SIGNIFICANT_LOCAL_DISTORTION;TC10_OWNERSHIP_CONFLICT;TC13_BUILDING_CROSSES_BOUNDARY,OBS-003039,OBS-003040
CNF-00372,IN-DL-110054-8-45,OWNERSHIP_DISAGREEMENT,CADASTRAL_REVENUE,MUNICIPAL_PROPERTY,owner_name,Municipal Corporation of Delhi,Ishaan Kapoor,MAJOR,HIGH,Municipal owner/occupier differs from revenue owner.,OPEN,Mutation deed / title chain,True,TC10_OWNERSHIP_CONFLICT;TC11_GOVERNMENT_PRIVATE_OWNERSHIP_CONFLICT,OBS-003161,OBS-003162
CNF-00373,IN-DL-110054-10-100,OWNERSHIP_DISAGREEMENT,CADASTRAL_REVENUE,MUNICIPAL_PROPERTY,owner_name,Aarav Bansal,Ishaan Gupta,MAJOR,HIGH,Municipal owner/occupier differs from revenue owner.,OPEN,Mutation deed / title chain,True,TC10_OWNERSHIP_CONFLICT,OBS-004268,OBS-004269
CNF-00374,IN-DL-110054-3-58,OWNERSHIP_DISAGREEMENT,CADASTRAL_REVENUE,MUNICIPAL_PROPERTY,owner_name,Sneha Bhatia,Deepak Jain,MAJOR,HIGH,Municipal owner/occupier differs from revenue owner.,OPEN,Mutation deed / title chain,True,TC10_OWNERSHIP_CONFLICT,OBS-001072,OBS-001073
CNF-00375,IN-DL-110054-8-5,OWNERSHIP_DISAGREEMENT,CADASTRAL_REVENUE,MUNICIPAL_PROPERTY,owner_name,Pramaan Skills College,Sneha Verma,MAJOR,HIGH,Municipal owner/occupier differs from revenue owner.,OPEN,Mutation deed / title chain,True,TC10_OWNERSHIP_CONFLICT,OBS-002988,OBS-002989
CNF-00376,IN-DL-110054-2-22,OWNERSHIP_DISAGREEMENT,CADASTRAL_REVENUE,MUNICIPAL_PROPERTY,owner_name,Sneha Chawla,Deepak Jain,MAJOR,HIGH,Municipal owner/occupier differs from revenue owner.,OPEN,Mutation deed / title chain,True,TC10_OWNERSHIP_CONFLICT,OBS-000473,OBS-000474
CNF-00377,IN-DL-110054-6-64,OWNERSHIP_DISAGREEMENT,CADASTRAL_REVENUE,MUNICIPAL_PROPERTY,owner_name,Aarav Bhatia,Ishaan Gupta,MAJOR,HIGH,Municipal owner/occupier differs from revenue owner.,OPEN,Mutation deed / title chain,True,TC10_OWNERSHIP_CONFLICT,OBS-002402,OBS-002403
CNF-00378,IN-DL-110054-4-63,OWNERSHIP_DISAGREEMENT,CADASTRAL_REVENUE,MUNICIPAL_PROPERTY,owner_name,"Directorate of Education, GNCTD",Aarav Aggarwal,MAJOR,HIGH,Municipal owner/occupier differs from revenue owner.,OPEN,Mutation deed / title chain,True,TC10_OWNERSHIP_CONFLICT,OBS-001524,OBS-001525
CNF-00379,IN-DL-110054-6-46,OWNERSHIP_DISAGREEMENT,CADASTRAL_REVENUE,MUNICIPAL_PROPERTY,owner_name,Sneha Bhatia,Deepak Gupta,MAJOR,HIGH,Municipal owner/occupier differs from revenue owner.,OPEN,Mutation deed / title chain,True,TC02_SLIGHT_GEOMETRY_SHIFT;TC10_OWNERSHIP_CONFLICT;TC25_STRONG_EVIDENCE_PENDING_APPROVAL,OBS-002328,OBS-002329
CNF-00381,IN-DL-110054-10-72,OWNERSHIP_DISAGREEMENT,CADASTRAL_REVENUE,MUNICIPAL_PROPERTY,owner_name,Civitas Enclave Residents LLP,Ishaan Sharma,MAJOR,HIGH,Municipal owner/occupier differs from revenue owner.,OPEN,Mutation deed / title chain,True,TC10_OWNERSHIP_CONFLICT;TC25_STRONG_EVIDENCE_PENDING_APPROVAL,OBS-004138,OBS-004139
CNF-00382,IN-DL-110054-6-58,OWNERSHIP_DISAGREEMENT,CADASTRAL_REVENUE,MUNICIPAL_PROPERTY,owner_name,Sneha Khanna,Deepak Jain,MAJOR,HIGH,Municipal owner/occupier differs from revenue owner.,OPEN,Mutation deed / title chain,True,TC03_SIGNIFICANT_LOCAL_DISTORTION;TC10_OWNERSHIP_CONFLICT,OBS-002377,OBS-002378
CNF-00383,IN-DL-110054-5-58,OWNERSHIP_DISAGREEMENT,CADASTRAL_REVENUE,MUNICIPAL_PROPERTY,owner_name,Aarohan Heights Residents Association,Deepak Jain,MAJOR,HIGH,Municipal owner/occupier differs from revenue owner.,OPEN,Mutation deed / title chain,True,TC10_OWNERSHIP_CONFLICT,OBS-001950,OBS-001951
CNF-00384,IN-DL-110054-8-18,OWNERSHIP_DISAGREEMENT,CADASTRAL_REVENUE,MUNICIPAL_PROPERTY,owner_name,Municipal Corporation of Delhi,Deepak Sharma,MAJOR,HIGH,Municipal owner/occupier differs from revenue owner.,OPEN,Mutation deed / title chain,True,TC10_OWNERSHIP_CONFLICT;TC14_PHYSICAL_OCCUPATION_VS_LEGAL_GEOMETRY,OBS-003049,OBS-003050
CNF-00385,IN-DL-110054-2-9,OWNERSHIP_DISAGREEMENT,CADASTRAL_REVENUE,MUNICIPAL_PROPERTY,owner_name,Ishaan Sethi,Sneha Aggarwal,MAJOR,HIGH,Municipal owner/occupier differs from revenue owner.,OPEN,Mutation deed / title chain,True,TC10_OWNERSHIP_CONFLICT,OBS-000421,OBS-000422
CNF-00386,IN-DL-110054-10-56,OWNERSHIP_DISAGREEMENT,CADASTRAL_REVENUE,MUNICIPAL_PROPERTY,owner_name,Civitas Enclave Residents LLP,Ishaan Malhotra,MAJOR,HIGH,Municipal owner/occupier differs from revenue owner.,OPEN,Mutation deed / title chain,True,TC10_OWNERSHIP_CONFLICT,OBS-004065,OBS-004066
CNF-00387,IN-DL-110054-1-26,OWNERSHIP_DISAGREEMENT,CADASTRAL_REVENUE,MUNICIPAL_PROPERTY,owner_name,Sneha Mehta,Deepak Sethi,MAJOR,HIGH,Municipal owner/occupier differs from revenue owner.,OPEN,Mutation deed / title chain,True,TC03_SIGNIFICANT_LOCAL_DISTORTION;TC10_OWNERSHIP_CONFLICT,OBS-000106,OBS-000107
CNF-00388,IN-DL-110054-5-61,OWNERSHIP_DISAGREEMENT,CADASTRAL_REVENUE,MUNICIPAL_PROPERTY,owner_name,Ishaan Sharma,Sneha Khanna,MAJOR,HIGH,Municipal owner/occupier differs from revenue owner.,OPEN,Mutation deed / title chain,True,TC10_OWNERSHIP_CONFLICT,OBS-001964,OBS-001965
CNF-00389,IN-DL-110054-6-17,OWNERSHIP_DISAGREEMENT,CADASTRAL_REVENUE,MUNICIPAL_PROPERTY,owner_name,Ishaan Malhotra,Sneha Bansal,MAJOR,HIGH,Municipal owner/occupier differs from revenue owner.,OPEN,Mutation deed / title chain,True,TC10_OWNERSHIP_CONFLICT,OBS-002211,OBS-002212
CNF-00390,IN-DL-110054-1-56,OWNERSHIP_DISAGREEMENT,CADASTRAL_REVENUE,MUNICIPAL_PROPERTY,owner_name,Aarav Aggarwal,Ishaan Malhotra,MAJOR,HIGH,Municipal owner/occupier differs from revenue owner.,OPEN,Mutation deed / title chain,True,TC03_SIGNIFICANT_LOCAL_DISTORTION;TC10_OWNERSHIP_CONFLICT,OBS-000211,OBS-000212
CNF-00391,IN-DL-110054-2-78,OWNERSHIP_DISAGREEMENT,CADASTRAL_REVENUE,MUNICIPAL_PROPERTY,owner_name,Sneha Verma,Deepak Mishra,MAJOR,HIGH,Municipal owner/occupier differs from revenue owner.,OPEN,Mutation deed / title chain,True,TC10_OWNERSHIP_CONFLICT,OBS-000700,OBS-000701
CNF-00392,IN-DL-110054-1-99,OWNERSHIP_DISAGREEMENT,CADASTRAL_REVENUE,MUNICIPAL_PROPERTY,owner_name,BSES Yamuna Power Limited,Aarav Aggarwal,MAJOR,HIGH,Municipal owner/occupier differs from revenue owner.,OPEN,Mutation deed / title chain,True,TC10_OWNERSHIP_CONFLICT,OBS-000380,OBS-000381
CNF-00393,IN-DL-110054-10-41,OWNERSHIP_DISAGREEMENT,CADASTRAL_REVENUE,MUNICIPAL_PROPERTY,owner_name,Civitas Enclave Residents LLP,Sneha Verma,MAJOR,HIGH,Municipal owner/occupier differs from revenue owner.,OPEN,Mutation deed / title chain,True,TC10_OWNERSHIP_CONFLICT,OBS-003994,OBS-003995
CNF-00394,IN-DL-110054-8-84,GOVERNMENT_PRIVATE_OWNERSHIP,CADASTRAL_REVENUE,MUNICIPAL_PROPERTY,ownership_category,Delhi Jal Board,Aarav Mehta,SEVERE,CRITICAL,Government/public parcel appears private in municipal data.,OPEN,Authority allotment file + title verification,True,TC11_GOVERNMENT_PRIVATE_OWNERSHIP_CONFLICT,OBS-003322,OBS-003323
CNF-00395,IN-DL-110054-3-96,GOVERNMENT_PRIVATE_OWNERSHIP,CADASTRAL_REVENUE,MUNICIPAL_PROPERTY,ownership_category,BSES Yamuna Power Limited,Aarav Aggarwal,SEVERE,CRITICAL,Government/public parcel appears private in municipal data.,OPEN,Authority allotment file + title verification,True,TC02_SLIGHT_GEOMETRY_SHIFT;TC11_GOVERNMENT_PRIVATE_OWNERSHIP_CONFLICT,OBS-001223,OBS-001224
CNF-00396,IN-DL-110054-4-54,GOVERNMENT_PRIVATE_OWNERSHIP,DDA_DEVELOPMENT_AUTHORITY,MUNICIPAL_PROPERTY,ownership_category,"Directorate of Education, GNCTD",Sneha Chawla,SEVERE,CRITICAL,Government/public parcel appears private in municipal data.,OPEN,Authority allotment file + title verification,True,TC03_SIGNIFICANT_LOCAL_DISTORTION;TC11_GOVERNMENT_PRIVATE_OWNERSHIP_CONFLICT,OBS-001485,OBS-001484
CNF-00397,IN-DL-110054-8-9,GOVERNMENT_PRIVATE_OWNERSHIP,DDA_DEVELOPMENT_AUTHORITY,MUNICIPAL_PROPERTY,ownership_category,Municipal Corporation of Delhi,Ishaan Kapoor,SEVERE,CRITICAL,Government/public parcel appears private in municipal data.,OPEN,Authority allotment file + title verification,True,TC05_ONE_CADASTRAL_TO_SEVERAL_MUNICIPAL;TC11_GOVERNMENT_PRIVATE_OWNERSHIP_CONFLICT,OBS-003009,OBS-003008
CNF-00398,IN-DL-110054-4-81,GOVERNMENT_PRIVATE_OWNERSHIP,CADASTRAL_REVENUE,MUNICIPAL_PROPERTY,ownership_category,Municipal Corporation of Delhi,Ishaan Kapoor,SEVERE,CRITICAL,Government/public parcel appears private in municipal data.,OPEN,Authority allotment file + title verification,True,TC11_GOVERNMENT_PRIVATE_OWNERSHIP_CONFLICT,OBS-001602,OBS-001603
CNF-00400,IN-DL-110054-3-5,GOVERNMENT_PRIVATE_OWNERSHIP,CADASTRAL_REVENUE,MUNICIPAL_PROPERTY,ownership_category,Delhi Development Authority,Ishaan Sethi,SEVERE,CRITICAL,Government/public parcel appears private in municipal data.,OPEN,Authority allotment file + title verification,True,TC11_GOVERNMENT_PRIVATE_OWNERSHIP_CONFLICT;TC12_DDA_VS_MUNICIPAL_DISAGREEMENT,OBS-000820,OBS-000821
CNF-00401,IN-DL-110054-4-8,GOVERNMENT_PRIVATE_OWNERSHIP,CADASTRAL_REVENUE,MUNICIPAL_PROPERTY,ownership_category,GNCTD Staff Housing Estate,Aarav Tiwari,SEVERE,CRITICAL,Government/public parcel appears private in municipal data.,OPEN,Authority allotment file + title verification,True,TC02_SLIGHT_GEOMETRY_SHIFT;TC11_GOVERNMENT_PRIVATE_OWNERSHIP_CONFLICT,OBS-001281,OBS-001282
CNF-00402,IN-DL-110054-3-82,GOVERNMENT_PRIVATE_OWNERSHIP,DDA_DEVELOPMENT_AUTHORITY,MUNICIPAL_PROPERTY,ownership_category,Municipal Corporation of Delhi,Sneha Bhatia,SEVERE,CRITICAL,Government/public parcel appears private in municipal data.,OPEN,Authority allotment file + title verification,True,TC11_GOVERNMENT_PRIVATE_OWNERSHIP_CONFLICT;TC19_ENCROACHMENT_INTO_PUBLIC_LAND,OBS-001169,OBS-001168
CNF-00403,IN-DL-110054-8-45,GOVERNMENT_PRIVATE_OWNERSHIP,DDA_DEVELOPMENT_AUTHORITY,MUNICIPAL_PROPERTY,ownership_category,Municipal Corporation of Delhi,Ishaan Kapoor,SEVERE,CRITICAL,Government/public parcel appears private in municipal data.,OPEN,Authority allotment file + title verification,True,TC10_OWNERSHIP_CONFLICT;TC11_GOVERNMENT_PRIVATE_OWNERSHIP_CONFLICT,OBS-003163,OBS-003162
CNF-00404,IN-DL-110054-10-93,GOVERNMENT_PRIVATE_OWNERSHIP,CADASTRAL_REVENUE,MUNICIPAL_PROPERTY,ownership_category,BSES Yamuna Power Limited,Ishaan Mishra,SEVERE,CRITICAL,Government/public parcel appears private in municipal data.,OPEN,Authority allotment file + title verification,True,TC06_SEVERAL_HISTORICAL_TO_ONE_CURRENT;TC11_GOVERNMENT_PRIVATE_OWNERSHIP_CONFLICT,OBS-004235,OBS-004236
CNF-00405,IN-DL-110054-4-21,GOVERNMENT_PRIVATE_OWNERSHIP,DDA_DEVELOPMENT_AUTHORITY,MUNICIPAL_PROPERTY,ownership_category,Government of NCT of Delhi,Ishaan Mishra,SEVERE,CRITICAL,Government/public parcel appears private in municipal data.,OPEN,Authority allotment file + title verification,True,TC11_GOVERNMENT_PRIVATE_OWNERSHIP_CONFLICT;TC13_BUILDING_CROSSES_BOUNDARY,OBS-001340,OBS-001339
CNF-00406,IN-DL-110054-5-81,GOVERNMENT_PRIVATE_OWNERSHIP,DDA_DEVELOPMENT_AUTHORITY,MUNICIPAL_PROPERTY,ownership_category,Municipal Corporation of Delhi,Ishaan Kapoor,SEVERE,CRITICAL,Government/public parcel appears private in municipal data.,OPEN,Authority allotment file + title verification,True,TC11_GOVERNMENT_PRIVATE_OWNERSHIP_CONFLICT;TC20_PARK_BOUNDARY_DISAGREEMENT,OBS-002056,OBS-002055
CNF-00407,IN-DL-110054-8-35,GOVERNMENT_PRIVATE_OWNERSHIP,DDA_DEVELOPMENT_AUTHORITY,MUNICIPAL_PROPERTY,ownership_category,Municipal Corporation of Delhi,Deepak Malhotra,SEVERE,CRITICAL,Government/public parcel appears private in municipal data.,OPEN,Authority allotment file + title verification,True,TC11_GOVERNMENT_PRIVATE_OWNERSHIP_CONFLICT,OBS-003125,OBS-003124
CNF-00408,IN-DL-110054-3-6,DDA_MUNICIPAL_LAND_USE,DDA_DEVELOPMENT_AUTHORITY,MUNICIPAL_PROPERTY,land_use,RESIDENTIAL,COMMERCIAL,MAJOR,HIGH,DDA sanctioned use conflicts with municipal use.,OPEN,Sanction plan + inspection,True,TC12_DDA_VS_MUNICIPAL_DISAGREEMENT,OBS-000826,OBS-000825
CNF-00409,IN-DL-110054-3-19,DDA_MUNICIPAL_LAND_USE,CADASTRAL_REVENUE,MUNICIPAL_PROPERTY,land_use,RESIDENTIAL,COMMERCIAL,MAJOR,HIGH,DDA sanctioned use conflicts with municipal use.,OPEN,Sanction plan + inspection,True,TC12_DDA_VS_MUNICIPAL_DISAGREEMENT,OBS-000888,OBS-000889
CNF-00410,IN-DL-110054-3-34,DDA_MUNICIPAL_LAND_USE,DDA_DEVELOPMENT_AUTHORITY,MUNICIPAL_PROPERTY,land_use,TRANSPORT_ACCESS,COMMERCIAL,MAJOR,HIGH,DDA sanctioned use conflicts with municipal use.,OPEN,Sanction plan + inspection,True,TC12_DDA_VS_MUNICIPAL_DISAGREEMENT,OBS-000961,OBS-000960
CNF-00411,IN-DL-110054-8-77,DDA_MUNICIPAL_LAND_USE,DDA_DEVELOPMENT_AUTHORITY,MUNICIPAL_PROPERTY,land_use,GOVERNMENT,COMMERCIAL,MAJOR,HIGH,DDA sanctioned use conflicts with municipal use.,OPEN,Sanction plan + inspection,True,TC12_DDA_VS_MUNICIPAL_DISAGREEMENT,OBS-003294,OBS-003293
CNF-00412,IN-DL-110054-3-11,DDA_MUNICIPAL_LAND_USE,DDA_DEVELOPMENT_AUTHORITY,MUNICIPAL_PROPERTY,land_use,RESIDENTIAL,COMMERCIAL,MAJOR,HIGH,DDA sanctioned use conflicts with municipal use.,OPEN,Sanction plan + inspection,True,TC12_DDA_VS_MUNICIPAL_DISAGREEMENT,OBS-000851,OBS-000850
CNF-00413,IN-DL-110054-3-39,DDA_MUNICIPAL_LAND_USE,DDA_DEVELOPMENT_AUTHORITY,MUNICIPAL_PROPERTY,land_use,RESIDENTIAL,COMMERCIAL,MAJOR,HIGH,DDA sanctioned use conflicts with municipal use.,OPEN,Sanction plan + inspection,True,TC02_SLIGHT_GEOMETRY_SHIFT;TC12_DDA_VS_MUNICIPAL_DISAGREEMENT,OBS-000983,OBS-000982
CNF-00414,IN-DL-110054-3-17,DDA_MUNICIPAL_LAND_USE,DDA_DEVELOPMENT_AUTHORITY,MUNICIPAL_PROPERTY,land_use,RESIDENTIAL,COMMERCIAL,MAJOR,HIGH,DDA sanctioned use conflicts with municipal use.,OPEN,Sanction plan + inspection,True,TC12_DDA_VS_MUNICIPAL_DISAGREEMENT,OBS-000881,OBS-000880
CNF-00415,IN-DL-110054-3-13,DDA_MUNICIPAL_LAND_USE,DDA_DEVELOPMENT_AUTHORITY,MUNICIPAL_PROPERTY,land_use,RESIDENTIAL,COMMERCIAL,MAJOR,HIGH,DDA sanctioned use conflicts with municipal use.,OPEN,Sanction plan + inspection,True,TC12_DDA_VS_MUNICIPAL_DISAGREEMENT,OBS-000860,OBS-000859
CNF-00416,IN-DL-110054-3-2,DDA_MUNICIPAL_LAND_USE,CADASTRAL_REVENUE,MUNICIPAL_PROPERTY,land_use,RESIDENTIAL,COMMERCIAL,MAJOR,HIGH,DDA sanctioned use conflicts with municipal use.,OPEN,Sanction plan + inspection,True,TC12_DDA_VS_MUNICIPAL_DISAGREEMENT,OBS-000803,OBS-000804
CNF-00417,IN-DL-110054-3-9,DDA_MUNICIPAL_LAND_USE,DDA_DEVELOPMENT_AUTHORITY,MUNICIPAL_PROPERTY,land_use,RESIDENTIAL,COMMERCIAL,MAJOR,HIGH,DDA sanctioned use conflicts with municipal use.,OPEN,Sanction plan + inspection,True,TC12_DDA_VS_MUNICIPAL_DISAGREEMENT;TC13_BUILDING_CROSSES_BOUNDARY,OBS-000841,OBS-000840
CNF-00418,IN-DL-110054-3-32,DDA_MUNICIPAL_LAND_USE,DDA_DEVELOPMENT_AUTHORITY,MUNICIPAL_PROPERTY,land_use,PUBLIC_OPEN_SPACE,COMMERCIAL,MAJOR,HIGH,DDA sanctioned use conflicts with municipal use.,OPEN,Sanction plan + inspection,True,TC12_DDA_VS_MUNICIPAL_DISAGREEMENT;TC19_ENCROACHMENT_INTO_PUBLIC_LAND,OBS-000952,OBS-000951
CNF-00419,IN-DL-110054-8-87,DDA_MUNICIPAL_LAND_USE,DDA_DEVELOPMENT_AUTHORITY,MUNICIPAL_PROPERTY,land_use,GOVERNMENT,COMMERCIAL,MAJOR,HIGH,DDA sanctioned use conflicts with municipal use.,OPEN,Sanction plan + inspection,True,TC12_DDA_VS_MUNICIPAL_DISAGREEMENT,OBS-003338,OBS-003337
CNF-00420,IN-DL-110054-3-5,DDA_MUNICIPAL_LAND_USE,CADASTRAL_REVENUE,MUNICIPAL_PROPERTY,land_use,RESIDENTIAL,COMMERCIAL,MAJOR,HIGH,DDA sanctioned use conflicts with municipal use.,OPEN,Sanction plan + inspection,True,TC11_GOVERNMENT_PRIVATE_OWNERSHIP_CONFLICT;TC12_DDA_VS_MUNICIPAL_DISAGREEMENT,OBS-000820,OBS-000821
CNF-00421,IN-DL-110054-3-45,DDA_MUNICIPAL_LAND_USE,DDA_DEVELOPMENT_AUTHORITY,MUNICIPAL_PROPERTY,land_use,PUBLIC_OPEN_SPACE,COMMERCIAL,MAJOR,HIGH,DDA sanctioned use conflicts with municipal use.,OPEN,Sanction plan + inspection,True,TC12_DDA_VS_MUNICIPAL_DISAGREEMENT,OBS-001017,OBS-001016
CNF-00422,IN-DL-110054-3-22,DDA_MUNICIPAL_LAND_USE,DDA_DEVELOPMENT_AUTHORITY,MUNICIPAL_PROPERTY,land_use,RESIDENTIAL,COMMERCIAL,MAJOR,HIGH,DDA sanctioned use conflicts with municipal use.,OPEN,Sanction plan + inspection,True,TC12_DDA_VS_MUNICIPAL_DISAGREEMENT,OBS-000904,OBS-000903
CNF-00423,IN-DL-110054-3-36,DDA_MUNICIPAL_LAND_USE,DDA_DEVELOPMENT_AUTHORITY,MUNICIPAL_PROPERTY,land_use,RESIDENTIAL,COMMERCIAL,MAJOR,HIGH,DDA sanctioned use conflicts with municipal use.,OPEN,Sanction plan + inspection,True,TC12_DDA_VS_MUNICIPAL_DISAGREEMENT,OBS-000970,OBS-000969
CNF-00424,IN-DL-110054-3-1,DDA_MUNICIPAL_LAND_USE,DDA_DEVELOPMENT_AUTHORITY,MUNICIPAL_PROPERTY,land_use,RESIDENTIAL,COMMERCIAL,MAJOR,HIGH,DDA sanctioned use conflicts with municipal use.,OPEN,Sanction plan + inspection,True,TC07_PARCEL_SPLIT;TC09_CROSS_CELL_SPLIT;TC12_DDA_VS_MUNICIPAL_DISAGREEMENT,OBS-000800,OBS-000799
CNF-00425,IN-DL-110054-3-23,DDA_MUNICIPAL_LAND_USE,DDA_DEVELOPMENT_AUTHORITY,MUNICIPAL_PROPERTY,land_use,RESIDENTIAL,COMMERCIAL,MAJOR,HIGH,DDA sanctioned use conflicts with municipal use.,OPEN,Sanction plan + inspection,True,TC12_DDA_VS_MUNICIPAL_DISAGREEMENT,OBS-000909,OBS-000908
CNF-00426,IN-DL-110054-7-83,BUILDING_FOOTPRINT_CROSSES_PARCEL,BUILDING_GIS,CADASTRAL_REVENUE,building_footprint,OBS-GEO-002890,OBS-GEO-002887,MAJOR,HIGH,Building footprint extends into neighboring parcel.,OPEN,Orthophoto + field measurement,True,TC13_BUILDING_CROSSES_BOUNDARY,OBS-002890,OBS-002887
CNF-00427,IN-DL-110054-3-18,BUILDING_FOOTPRINT_CROSSES_PARCEL,BUILDING_GIS,CADASTRAL_REVENUE,building_footprint,OBS-GEO-000886,OBS-GEO-000883,MAJOR,HIGH,Building footprint extends into neighboring parcel.,OPEN,Orthophoto + field measurement,True,TC13_BUILDING_CROSSES_BOUNDARY,OBS-000886,OBS-000883
CNF-00428,IN-DL-110054-7-13,BUILDING_FOOTPRINT_CROSSES_PARCEL,BUILDING_GIS,CADASTRAL_REVENUE,building_footprint,OBS-GEO-002597,OBS-GEO-002595,MAJOR,HIGH,Building footprint extends into neighboring parcel.,OPEN,Orthophoto + field measurement,True,TC13_BUILDING_CROSSES_BOUNDARY,OBS-002597,OBS-002595
CNF-00430,IN-DL-110054-8-21,BUILDING_FOOTPRINT_CROSSES_PARCEL,BUILDING_GIS,CADASTRAL_REVENUE,building_footprint,OBS-GEO-003064,OBS-GEO-003062,MAJOR,HIGH,Building footprint extends into neighboring parcel.,OPEN,Orthophoto + field measurement,True,TC13_BUILDING_CROSSES_BOUNDARY,OBS-003064,OBS-003062
CNF-00431,IN-DL-110054-3-21,BUILDING_FOOTPRINT_CROSSES_PARCEL,BUILDING_GIS,CADASTRAL_REVENUE,building_footprint,OBS-GEO-000899,OBS-GEO-000896,MAJOR,HIGH,Building footprint extends into neighboring parcel.,OPEN,Orthophoto + field measurement,True,TC13_BUILDING_CROSSES_BOUNDARY;TC21_ROAD_WIDENING_BOUNDARY_CORRECTION,OBS-000899,OBS-000896
CNF-00432,IN-DL-110054-7-8,BUILDING_FOOTPRINT_CROSSES_PARCEL,BUILDING_GIS,CADASTRAL_REVENUE,building_footprint,OBS-GEO-002575,OBS-GEO-002573,MAJOR,HIGH,Building footprint extends into neighboring parcel.,OPEN,Orthophoto + field measurement,True,TC13_BUILDING_CROSSES_BOUNDARY,OBS-002575,OBS-002573
CNF-00433,IN-DL-110054-5-65,BUILDING_FOOTPRINT_CROSSES_PARCEL,BUILDING_GIS,CADASTRAL_REVENUE,building_footprint,OBS-GEO-001983,OBS-GEO-001981,MAJOR,HIGH,Building footprint extends into neighboring parcel.,OPEN,Orthophoto + field measurement,True,TC02_SLIGHT_GEOMETRY_SHIFT;TC13_BUILDING_CROSSES_BOUNDARY,OBS-001983,OBS-001981
CNF-00434,IN-DL-110054-4-37,BUILDING_FOOTPRINT_CROSSES_PARCEL,BUILDING_GIS,CADASTRAL_REVENUE,building_footprint,OBS-GEO-001410,OBS-GEO-001408,MAJOR,HIGH,Building footprint extends into neighboring parcel.,OPEN,Orthophoto + field measurement,True,TC13_BUILDING_CROSSES_BOUNDARY,OBS-001410,OBS-001408
CNF-00435,IN-DL-110054-7-98,BUILDING_FOOTPRINT_CROSSES_PARCEL,BUILDING_GIS,CADASTRAL_REVENUE,building_footprint,OBS-GEO-002958,OBS-GEO-002956,MAJOR,HIGH,Building footprint extends into neighboring parcel.,OPEN,Orthophoto + field measurement,True,TC13_BUILDING_CROSSES_BOUNDARY,OBS-002958,OBS-002956
CNF-00436,IN-DL-110054-5-85,BUILDING_FOOTPRINT_CROSSES_PARCEL,BUILDING_GIS,CADASTRAL_REVENUE,building_footprint,OBS-GEO-002069,OBS-GEO-002067,MAJOR,HIGH,Building footprint extends into neighboring parcel.,OPEN,Orthophoto + field measurement,True,TC13_BUILDING_CROSSES_BOUNDARY,OBS-002069,OBS-002067
CNF-00437,IN-DL-110054-10-73,BUILDING_FOOTPRINT_CROSSES_PARCEL,BUILDING_GIS,CADASTRAL_REVENUE,building_footprint,OBS-GEO-004146,OBS-GEO-004144,MAJOR,HIGH,Building footprint extends into neighboring parcel.,OPEN,Orthophoto + field measurement,True,TC13_BUILDING_CROSSES_BOUNDARY,OBS-004146,OBS-004144
CNF-00438,IN-DL-110054-8-16,BUILDING_FOOTPRINT_CROSSES_PARCEL,BUILDING_GIS,CADASTRAL_REVENUE,building_footprint,OBS-GEO-003041,OBS-GEO-003039,MAJOR,HIGH,Building footprint extends into neighboring parcel.,OPEN,Orthophoto + field measurement,True,TC03_SIGNIFICANT_LOCAL_DISTORTION;TC10_OWNERSHIP_CONFLICT;TC13_BUILDING_CROSSES_BOUNDARY,OBS-003041,OBS-003039
CNF-00439,IN-DL-110054-3-9,BUILDING_FOOTPRINT_CROSSES_PARCEL,BUILDING_GIS,CADASTRAL_REVENUE,building_footprint,OBS-GEO-000842,OBS-GEO-000839,MAJOR,HIGH,Building footprint extends into neighboring parcel.,OPEN,Orthophoto + field measurement,True,TC12_DDA_VS_MUNICIPAL_DISAGREEMENT;TC13_BUILDING_CROSSES_BOUNDARY,OBS-000842,OBS-000839
CNF-00440,IN-DL-110054-4-50,BUILDING_FOOTPRINT_CROSSES_PARCEL,BUILDING_GIS,CADASTRAL_REVENUE,building_footprint,OBS-GEO-001467,OBS-GEO-001464,MAJOR,HIGH,Building footprint extends into neighboring parcel.,OPEN,Orthophoto + field measurement,True,TC13_BUILDING_CROSSES_BOUNDARY,OBS-001467,OBS-001464
CNF-00441,IN-DL-110054-4-21,BUILDING_FOOTPRINT_CROSSES_PARCEL,BUILDING_GIS,CADASTRAL_REVENUE,building_footprint,OBS-GEO-001341,OBS-GEO-001338,MAJOR,HIGH,Building footprint extends into neighboring parcel.,OPEN,Orthophoto + field measurement,True,TC11_GOVERNMENT_PRIVATE_OWNERSHIP_CONFLICT;TC13_BUILDING_CROSSES_BOUNDARY,OBS-001341,OBS-001338
CNF-00442,IN-DL-110054-10-79,BUILDING_FOOTPRINT_CROSSES_PARCEL,BUILDING_GIS,CADASTRAL_REVENUE,building_footprint,OBS-GEO-004173,OBS-GEO-004171,MAJOR,HIGH,Building footprint extends into neighboring parcel.,OPEN,Orthophoto + field measurement,True,TC13_BUILDING_CROSSES_BOUNDARY,OBS-004173,OBS-004171
CNF-00443,IN-DL-110054-4-35,BUILDING_FOOTPRINT_CROSSES_PARCEL,BUILDING_GIS,CADASTRAL_REVENUE,building_footprint,OBS-GEO-001402,OBS-GEO-001399,MAJOR,HIGH,Building footprint extends into neighboring parcel.,OPEN,Orthophoto + field measurement,True,TC13_BUILDING_CROSSES_BOUNDARY,OBS-001402,OBS-001399
CNF-00444,IN-DL-110054-10-15,BUILDING_FOOTPRINT_CROSSES_PARCEL,BUILDING_GIS,CADASTRAL_REVENUE,building_footprint,OBS-GEO-003886,OBS-GEO-003883,MAJOR,HIGH,Building footprint extends into neighboring parcel.,OPEN,Orthophoto + field measurement,True,TC13_BUILDING_CROSSES_BOUNDARY,OBS-003886,OBS-003883
CNF-00446,IN-DL-110054-5-11,BUILDING_FOOTPRINT_CROSSES_PARCEL,BUILDING_GIS,CADASTRAL_REVENUE,building_footprint,OBS-GEO-001737,OBS-GEO-001734,MAJOR,HIGH,Building footprint extends into neighboring parcel.,OPEN,Orthophoto + field measurement,True,TC13_BUILDING_CROSSES_BOUNDARY,OBS-001737,OBS-001734
CNF-00447,IN-DL-110054-5-16,BUILDING_FOOTPRINT_CROSSES_PARCEL,BUILDING_GIS,CADASTRAL_REVENUE,building_footprint,OBS-GEO-001759,OBS-GEO-001757,MAJOR,HIGH,Building footprint extends into neighboring parcel.,OPEN,Orthophoto + field measurement,True,TC13_BUILDING_CROSSES_BOUNDARY,OBS-001759,OBS-001757
CNF-00448,IN-DL-110054-2-83,BUILDING_FOOTPRINT_CROSSES_PARCEL,BUILDING_GIS,CADASTRAL_REVENUE,building_footprint,OBS-GEO-000723,OBS-GEO-000720,MAJOR,HIGH,Building footprint extends into neighboring parcel.,OPEN,Orthophoto + field measurement,True,TC13_BUILDING_CROSSES_BOUNDARY,OBS-000723,OBS-000720
CNF-00449,IN-DL-110054-6-86,BUILDING_FOOTPRINT_CROSSES_PARCEL,BUILDING_GIS,CADASTRAL_REVENUE,building_footprint,OBS-GEO-002486,OBS-GEO-002484,MAJOR,HIGH,Building footprint extends into neighboring parcel.,OPEN,Orthophoto + field measurement,True,TC13_BUILDING_CROSSES_BOUNDARY,OBS-002486,OBS-002484
CNF-00450,IN-DL-110054-2-38,BUILDING_FOOTPRINT_CROSSES_PARCEL,BUILDING_GIS,CADASTRAL_REVENUE,building_footprint,OBS-GEO-000535,OBS-GEO-000533,MAJOR,HIGH,Building footprint extends into neighboring parcel.,OPEN,Orthophoto + field measurement,True,TC13_BUILDING_CROSSES_BOUNDARY,OBS-000535,OBS-000533
CNF-00451,IN-DL-110054-5-71,BUILDING_FOOTPRINT_CROSSES_PARCEL,BUILDING_GIS,CADASTRAL_REVENUE,building_footprint,OBS-GEO-002010,OBS-GEO-002008,MAJOR,HIGH,Building footprint extends into neighboring parcel.,OPEN,Orthophoto + field measurement,True,TC05_ONE_CADASTRAL_TO_SEVERAL_MUNICIPAL;TC13_BUILDING_CROSSES_BOUNDARY,OBS-002010,OBS-002008
CNF-00452,IN-DL-110054-7-87,BUILDING_FOOTPRINT_CROSSES_PARCEL,BUILDING_GIS,CADASTRAL_REVENUE,building_footprint,OBS-GEO-002910,OBS-GEO-002908,MAJOR,HIGH,Building footprint extends into neighboring parcel.,OPEN,Orthophoto + field measurement,True,TC13_BUILDING_CROSSES_BOUNDARY,OBS-002910,OBS-002908
CNF-00453,IN-DL-110054-10-50,BUILDING_FOOTPRINT_CROSSES_PARCEL,BUILDING_GIS,CADASTRAL_REVENUE,building_footprint,OBS-GEO-004040,OBS-GEO-004038,MAJOR,HIGH,Building footprint extends into neighboring parcel.,OPEN,Orthophoto + field measurement,True,TC13_BUILDING_CROSSES_BOUNDARY,OBS-004040,OBS-004038
CNF-00454,IN-DL-110054-7-78,PHYSICAL_OCCUPATION_VS_LEGAL_GEOMETRY,DRONE_ORTHOPHOTO,CADASTRAL_REVENUE,occupation_extent,OBS-GEO-002868,OBS-GEO-002865,MAJOR,HIGH,Physical occupation is inconsistent with legal state.,OPEN,Field inspection / possession evidence,True,TC14_PHYSICAL_OCCUPATION_VS_LEGAL_GEOMETRY,OBS-002868,OBS-002865
CNF-00455,IN-DL-110054-1-35,PHYSICAL_OCCUPATION_VS_LEGAL_GEOMETRY,DRONE_ORTHOPHOTO,CADASTRAL_REVENUE,occupation_extent,OBS-GEO-000141,OBS-GEO-000138,MAJOR,HIGH,Physical occupation is inconsistent with legal state.,OPEN,Field inspection / possession evidence,True,TC14_PHYSICAL_OCCUPATION_VS_LEGAL_GEOMETRY,OBS-000141,OBS-000138
CNF-00456,IN-DL-110054-7-79,PHYSICAL_OCCUPATION_VS_LEGAL_GEOMETRY,DRONE_ORTHOPHOTO,CADASTRAL_REVENUE,occupation_extent,OBS-GEO-002872,OBS-GEO-002869,MAJOR,HIGH,Physical occupation is inconsistent with legal state.,OPEN,Field inspection / possession evidence,True,TC14_PHYSICAL_OCCUPATION_VS_LEGAL_GEOMETRY,OBS-002872,OBS-002869
CNF-00457,IN-DL-110054-4-24,PHYSICAL_OCCUPATION_VS_LEGAL_GEOMETRY,DRONE_ORTHOPHOTO,CADASTRAL_REVENUE,occupation_extent,OBS-GEO-001355,OBS-GEO-001351,MAJOR,HIGH,Physical occupation is inconsistent with legal state.,OPEN,Field inspection / possession evidence,True,TC14_PHYSICAL_OCCUPATION_VS_LEGAL_GEOMETRY,OBS-001355,OBS-001351
CNF-00459,IN-DL-110054-9-33,PHYSICAL_OCCUPATION_VS_LEGAL_GEOMETRY,DRONE_ORTHOPHOTO,CADASTRAL_REVENUE,occupation_extent,OBS-GEO-003538,OBS-GEO-003535,MAJOR,HIGH,Physical occupation is inconsistent with legal state.,OPEN,Field inspection / possession evidence,True,TC14_PHYSICAL_OCCUPATION_VS_LEGAL_GEOMETRY,OBS-003538,OBS-003535
CNF-00460,IN-DL-110054-2-90,PHYSICAL_OCCUPATION_VS_LEGAL_GEOMETRY,DRONE_ORTHOPHOTO,CADASTRAL_REVENUE,occupation_extent,OBS-GEO-000753,OBS-GEO-000749,MAJOR,HIGH,Physical occupation is inconsistent with legal state.,OPEN,Field inspection / possession evidence,True,TC14_PHYSICAL_OCCUPATION_VS_LEGAL_GEOMETRY,OBS-000753,OBS-000749
CNF-00462,IN-DL-110054-1-23,PHYSICAL_OCCUPATION_VS_LEGAL_GEOMETRY,DRONE_ORTHOPHOTO,CADASTRAL_REVENUE,occupation_extent,OBS-GEO-000095,OBS-GEO-000092,MAJOR,HIGH,Physical occupation is inconsistent with legal state.,OPEN,Field inspection / possession evidence,True,TC05_ONE_CADASTRAL_TO_SEVERAL_MUNICIPAL;TC14_PHYSICAL_OCCUPATION_VS_LEGAL_GEOMETRY;TC25_STRONG_EVIDENCE_PENDING_APPROVAL,OBS-000095,OBS-000092
CNF-00463,IN-DL-110054-2-29,PHYSICAL_OCCUPATION_VS_LEGAL_GEOMETRY,DRONE_ORTHOPHOTO,CADASTRAL_REVENUE,occupation_extent,OBS-GEO-000503,OBS-GEO-000500,MAJOR,HIGH,Physical occupation is inconsistent with legal state.,OPEN,Field inspection / possession evidence,True,TC14_PHYSICAL_OCCUPATION_VS_LEGAL_GEOMETRY,OBS-000503,OBS-000500
CNF-00464,IN-DL-110054-6-1,PHYSICAL_OCCUPATION_VS_LEGAL_GEOMETRY,DRONE_ORTHOPHOTO,CADASTRAL_REVENUE,occupation_extent,OBS-GEO-002141,OBS-GEO-002138,MAJOR,HIGH,Physical occupation is inconsistent with legal state.,OPEN,Field inspection / possession evidence,True,TC14_PHYSICAL_OCCUPATION_VS_LEGAL_GEOMETRY,OBS-002141,OBS-002138
CNF-00465,IN-DL-110054-10-44,PHYSICAL_OCCUPATION_VS_LEGAL_GEOMETRY,DRONE_ORTHOPHOTO,CADASTRAL_REVENUE,occupation_extent,OBS-GEO-004014,OBS-GEO-004010,MAJOR,HIGH,Physical occupation is inconsistent with legal state.,OPEN,Field inspection / possession evidence,True,TC14_PHYSICAL_OCCUPATION_VS_LEGAL_GEOMETRY,OBS-004014,OBS-004010
CNF-00466,IN-DL-110054-3-28,PHYSICAL_OCCUPATION_VS_LEGAL_GEOMETRY,DRONE_ORTHOPHOTO,CADASTRAL_REVENUE,occupation_extent,OBS-GEO-000934,OBS-GEO-000930,MAJOR,HIGH,Physical occupation is inconsistent with legal state.,OPEN,Field inspection / possession evidence,True,TC14_PHYSICAL_OCCUPATION_VS_LEGAL_GEOMETRY,OBS-000934,OBS-000930
CNF-00467,IN-DL-110054-3-76,PHYSICAL_OCCUPATION_VS_LEGAL_GEOMETRY,DRONE_ORTHOPHOTO,CADASTRAL_REVENUE,occupation_extent,OBS-GEO-001148,OBS-GEO-001145,MAJOR,HIGH,Physical occupation is inconsistent with legal state.,OPEN,Field inspection / possession evidence,True,TC14_PHYSICAL_OCCUPATION_VS_LEGAL_GEOMETRY,OBS-001148,OBS-001145
CNF-00468,IN-DL-110054-9-76,PHYSICAL_OCCUPATION_VS_LEGAL_GEOMETRY,DRONE_ORTHOPHOTO,CADASTRAL_REVENUE,occupation_extent,OBS-GEO-003712,OBS-GEO-003709,MAJOR,HIGH,Physical occupation is inconsistent with legal state.,OPEN,Field inspection / possession evidence,True,TC14_PHYSICAL_OCCUPATION_VS_LEGAL_GEOMETRY,OBS-003712,OBS-003709
CNF-00469,IN-DL-110054-1-18,PHYSICAL_OCCUPATION_VS_LEGAL_GEOMETRY,DRONE_ORTHOPHOTO,CADASTRAL_REVENUE,occupation_extent,OBS-GEO-000076,OBS-GEO-000073,MAJOR,HIGH,Physical occupation is inconsistent with legal state.,OPEN,Field inspection / possession evidence,True,TC14_PHYSICAL_OCCUPATION_VS_LEGAL_GEOMETRY,OBS-000076,OBS-000073
CNF-00470,IN-DL-110054-8-33,PHYSICAL_OCCUPATION_VS_LEGAL_GEOMETRY,DRONE_ORTHOPHOTO,CADASTRAL_REVENUE,occupation_extent,OBS-GEO-003118,OBS-GEO-003115,MAJOR,HIGH,Physical occupation is inconsistent with legal state.,OPEN,Field inspection / possession evidence,True,TC14_PHYSICAL_OCCUPATION_VS_LEGAL_GEOMETRY,OBS-003118,OBS-003115
CNF-00471,IN-DL-110054-6-10,PHYSICAL_OCCUPATION_VS_LEGAL_GEOMETRY,DRONE_ORTHOPHOTO,CADASTRAL_REVENUE,occupation_extent,OBS-GEO-002183,OBS-GEO-002180,MAJOR,HIGH,Physical occupation is inconsistent with legal state.,OPEN,Field inspection / possession evidence,True,TC14_PHYSICAL_OCCUPATION_VS_LEGAL_GEOMETRY,OBS-002183,OBS-002180
CNF-00473,IN-DL-110054-2-27,PHYSICAL_OCCUPATION_VS_LEGAL_GEOMETRY,DRONE_ORTHOPHOTO,CADASTRAL_REVENUE,occupation_extent,OBS-GEO-000495,OBS-GEO-000492,MAJOR,HIGH,Physical occupation is inconsistent with legal state.,OPEN,Field inspection / possession evidence,True,TC14_PHYSICAL_OCCUPATION_VS_LEGAL_GEOMETRY,OBS-000495,OBS-000492
CNF-00474,IN-DL-110054-6-25,PHYSICAL_OCCUPATION_VS_LEGAL_GEOMETRY,DRONE_ORTHOPHOTO,CADASTRAL_REVENUE,occupation_extent,OBS-GEO-002246,OBS-GEO-002244,MAJOR,HIGH,Physical occupation is inconsistent with legal state.,OPEN,Field inspection / possession evidence,True,TC02_SLIGHT_GEOMETRY_SHIFT;TC14_PHYSICAL_OCCUPATION_VS_LEGAL_GEOMETRY,OBS-002246,OBS-002244
CNF-00476,IN-DL-110054-3-56,PHYSICAL_OCCUPATION_VS_LEGAL_GEOMETRY,DRONE_ORTHOPHOTO,CADASTRAL_REVENUE,occupation_extent,OBS-GEO-001067,OBS-GEO-001064,MAJOR,HIGH,Physical occupation is inconsistent with legal state.,OPEN,Field inspection / possession evidence,True,TC14_PHYSICAL_OCCUPATION_VS_LEGAL_GEOMETRY,OBS-001067,OBS-001064
CNF-00477,IN-DL-110054-1-47,PHYSICAL_OCCUPATION_VS_LEGAL_GEOMETRY,DRONE_ORTHOPHOTO,CADASTRAL_REVENUE,occupation_extent,OBS-GEO-000180,OBS-GEO-000177,MAJOR,HIGH,Physical occupation is inconsistent with legal state.,OPEN,Field inspection / possession evidence,True,TC02_SLIGHT_GEOMETRY_SHIFT;TC14_PHYSICAL_OCCUPATION_VS_LEGAL_GEOMETRY,OBS-000180,OBS-000177
CNF-00478,IN-DL-110054-5-72,GNSS_VS_OLD_CADASTRE,GNSS_CORS_SURVEY,CADASTRAL_REVENUE,geometry,OBS-GEO-002018,OBS-GEO-002014,SEVERE,CRITICAL,High-accuracy survey materially contradicts old cadastral geometry.,OPEN,Boundary adjudication,True,TC15_GNSS_CONTRADICTS_OLD_CADASTRE,OBS-002018,OBS-002014
CNF-00479,IN-DL-110054-6-37,GNSS_VS_OLD_CADASTRE,GNSS_CORS_SURVEY,CADASTRAL_REVENUE,geometry,OBS-GEO-002295,OBS-GEO-002291,SEVERE,CRITICAL,High-accuracy survey materially contradicts old cadastral geometry.,OPEN,Boundary adjudication,True,TC15_GNSS_CONTRADICTS_OLD_CADASTRE,OBS-002295,OBS-002291
CNF-00480,IN-DL-110054-7-76,GNSS_VS_OLD_CADASTRE,GNSS_CORS_SURVEY,CADASTRAL_REVENUE,geometry,OBS-GEO-002860,OBS-GEO-002855,SEVERE,CRITICAL,High-accuracy survey materially contradicts old cadastral geometry.,OPEN,Boundary adjudication,True,TC15_GNSS_CONTRADICTS_OLD_CADASTRE,OBS-002860,OBS-002855
CNF-00481,IN-DL-110054-9-41,GNSS_VS_OLD_CADASTRE,GNSS_CORS_SURVEY,CADASTRAL_REVENUE,geometry,OBS-GEO-003571,OBS-GEO-003567,SEVERE,CRITICAL,High-accuracy survey materially contradicts old cadastral geometry.,OPEN,Boundary adjudication,True,TC15_GNSS_CONTRADICTS_OLD_CADASTRE;TC21_ROAD_WIDENING_BOUNDARY_CORRECTION,OBS-003571,OBS-003567
CNF-00482,IN-DL-110054-4-70,GNSS_VS_OLD_CADASTRE,GNSS_CORS_SURVEY,CADASTRAL_REVENUE,geometry,OBS-GEO-001559,OBS-GEO-001554,SEVERE,CRITICAL,High-accuracy survey materially contradicts old cadastral geometry.,OPEN,Boundary adjudication,True,TC15_GNSS_CONTRADICTS_OLD_CADASTRE,OBS-001559,OBS-001554
CNF-00483,IN-DL-110054-10-4,GNSS_VS_OLD_CADASTRE,GNSS_CORS_SURVEY,CADASTRAL_REVENUE,geometry,OBS-GEO-003837,OBS-GEO-003833,SEVERE,CRITICAL,High-accuracy survey materially contradicts old cadastral geometry.,OPEN,Boundary adjudication,True,TC15_GNSS_CONTRADICTS_OLD_CADASTRE,OBS-003837,OBS-003833
CNF-00484,IN-DL-110054-2-68,GNSS_VS_OLD_CADASTRE,GNSS_CORS_SURVEY,CADASTRAL_REVENUE,geometry,OBS-GEO-000660,OBS-GEO-000656,SEVERE,CRITICAL,High-accuracy survey materially contradicts old cadastral geometry.,OPEN,Boundary adjudication,True,TC15_GNSS_CONTRADICTS_OLD_CADASTRE,OBS-000660,OBS-000656
CNF-00485,IN-DL-110054-7-21,GNSS_VS_OLD_CADASTRE,GNSS_CORS_SURVEY,CADASTRAL_REVENUE,geometry,OBS-GEO-002633,OBS-GEO-002629,SEVERE,CRITICAL,High-accuracy survey materially contradicts old cadastral geometry.,OPEN,Boundary adjudication,True,TC15_GNSS_CONTRADICTS_OLD_CADASTRE,OBS-002633,OBS-002629
CNF-00486,IN-DL-110054-6-69,GNSS_VS_OLD_CADASTRE,GNSS_CORS_SURVEY,CADASTRAL_REVENUE,geometry,OBS-GEO-002422,OBS-GEO-002418,SEVERE,CRITICAL,High-accuracy survey materially contradicts old cadastral geometry.,OPEN,Boundary adjudication,True,TC15_GNSS_CONTRADICTS_OLD_CADASTRE,OBS-002422,OBS-002418
CNF-00487,IN-DL-110054-10-16,GNSS_VS_OLD_CADASTRE,GNSS_CORS_SURVEY,CADASTRAL_REVENUE,geometry,OBS-GEO-003893,OBS-GEO-003888,SEVERE,CRITICAL,High-accuracy survey materially contradicts old cadastral geometry.,OPEN,Boundary adjudication,True,TC15_GNSS_CONTRADICTS_OLD_CADASTRE,OBS-003893,OBS-003888
CNF-00488,IN-DL-110054-7-26,GNSS_VS_OLD_CADASTRE,GNSS_CORS_SURVEY,CADASTRAL_REVENUE,geometry,OBS-GEO-002654,OBS-GEO-002650,SEVERE,CRITICAL,High-accuracy survey materially contradicts old cadastral geometry.,OPEN,Boundary adjudication,True,TC15_GNSS_CONTRADICTS_OLD_CADASTRE;TC18_AMBIGUOUS_CANDIDATE_MATCH,OBS-002654,OBS-002650
CNF-00489,IN-DL-110054-8-27,GNSS_VS_OLD_CADASTRE,GNSS_CORS_SURVEY,CADASTRAL_REVENUE,geometry,OBS-GEO-003091,OBS-GEO-003087,SEVERE,CRITICAL,High-accuracy survey materially contradicts old cadastral geometry.,OPEN,Boundary adjudication,True,TC15_GNSS_CONTRADICTS_OLD_CADASTRE,OBS-003091,OBS-003087
CNF-00490,IN-DL-110054-4-91,GNSS_VS_OLD_CADASTRE,GNSS_CORS_SURVEY,CADASTRAL_REVENUE,geometry,OBS-GEO-001648,OBS-GEO-001645,SEVERE,CRITICAL,High-accuracy survey materially contradicts old cadastral geometry.,OPEN,Boundary adjudication,True,TC04_DUPLICATE_SOURCE_PARCEL;TC07_PARCEL_SPLIT;TC15_GNSS_CONTRADICTS_OLD_CADASTRE,OBS-001648,OBS-001645
CNF-00491,IN-DL-110054-10-29,GNSS_VS_OLD_CADASTRE,GNSS_CORS_SURVEY,CADASTRAL_REVENUE,geometry,OBS-GEO-003947,OBS-GEO-003944,SEVERE,CRITICAL,High-accuracy survey materially contradicts old cadastral geometry.,OPEN,Boundary adjudication,True,TC15_GNSS_CONTRADICTS_OLD_CADASTRE,OBS-003947,OBS-003944
CNF-00492,IN-DL-110054-9-2,GNSS_VS_OLD_CADASTRE,GNSS_CORS_SURVEY,CADASTRAL_REVENUE,geometry,OBS-GEO-003407,OBS-GEO-003403,SEVERE,CRITICAL,High-accuracy survey materially contradicts old cadastral geometry.,OPEN,Boundary adjudication,True,TC05_ONE_CADASTRAL_TO_SEVERAL_MUNICIPAL;TC15_GNSS_CONTRADICTS_OLD_CADASTRE,OBS-003407,OBS-003403
CNF-00493,IN-DL-110054-9-30,GNSS_VS_OLD_CADASTRE,GNSS_CORS_SURVEY,CADASTRAL_REVENUE,geometry,OBS-GEO-003524,OBS-GEO-003520,SEVERE,CRITICAL,High-accuracy survey materially contradicts old cadastral geometry.,OPEN,Boundary adjudication,True,TC15_GNSS_CONTRADICTS_OLD_CADASTRE,OBS-003524,OBS-003520
CNF-00494,IN-DL-110054-3-74,GNSS_VS_OLD_CADASTRE,GNSS_CORS_SURVEY,CADASTRAL_REVENUE,geometry,OBS-GEO-001141,OBS-GEO-001137,SEVERE,CRITICAL,High-accuracy survey materially contradicts old cadastral geometry.,OPEN,Boundary adjudication,True,TC15_GNSS_CONTRADICTS_OLD_CADASTRE,OBS-001141,OBS-001137
CNF-00495,IN-DL-110054-8-36,GNSS_VS_OLD_CADASTRE,GNSS_CORS_SURVEY,CADASTRAL_REVENUE,geometry,OBS-GEO-003130,OBS-GEO-003126,SEVERE,CRITICAL,High-accuracy survey materially contradicts old cadastral geometry.,OPEN,Boundary adjudication,True,TC15_GNSS_CONTRADICTS_OLD_CADASTRE;TC19_ENCROACHMENT_INTO_PUBLIC_LAND;TC20_PARK_BOUNDARY_DISAGREEMENT,OBS-003130,OBS-003126
CNF-00496,IN-DL-110054-2-14,GNSS_VS_OLD_CADASTRE,GNSS_CORS_SURVEY,CADASTRAL_REVENUE,geometry,OBS-GEO-000446,OBS-GEO-000443,SEVERE,CRITICAL,High-accuracy survey materially contradicts old cadastral geometry.,OPEN,Boundary adjudication,True,TC15_GNSS_CONTRADICTS_OLD_CADASTRE,OBS-000446,OBS-000443
CNF-00497,IN-DL-110054-4-45,GNSS_VS_OLD_CADASTRE,GNSS_CORS_SURVEY,CADASTRAL_REVENUE,geometry,OBS-GEO-001448,OBS-GEO-001444,SEVERE,CRITICAL,High-accuracy survey materially contradicts old cadastral geometry.,OPEN,Boundary adjudication,True,TC15_GNSS_CONTRADICTS_OLD_CADASTRE,OBS-001448,OBS-001444
CNF-00498,IN-DL-110054-7-45,GNSS_VS_OLD_CADASTRE,GNSS_CORS_SURVEY,CADASTRAL_REVENUE,geometry,OBS-GEO-002735,OBS-GEO-002732,SEVERE,CRITICAL,High-accuracy survey materially contradicts old cadastral geometry.,OPEN,Boundary adjudication,True,TC15_GNSS_CONTRADICTS_OLD_CADASTRE,OBS-002735,OBS-002732
CNF-00499,IN-DL-110054-4-83,GNSS_VS_OLD_CADASTRE,GNSS_CORS_SURVEY,CADASTRAL_REVENUE,geometry,OBS-GEO-001612,OBS-GEO-001609,SEVERE,CRITICAL,High-accuracy survey materially contradicts old cadastral geometry.,OPEN,Boundary adjudication,True,TC15_GNSS_CONTRADICTS_OLD_CADASTRE,OBS-001612,OBS-001609
CNF-00500,IN-DL-110054-3-87,MISSING_SOURCE_RECORD,EXPECTED_ADMIN_SOURCE,OBSERVATION_STORE,record_presence,expected record missing,other sources present,MODERATE,MEDIUM,Expected administrative source is absent.,OPEN,Retrieve missing source extract,False,TC17_MISSING_SOURCE_RECORD,,
CNF-00501,IN-DL-110054-4-78,MISSING_SOURCE_RECORD,EXPECTED_ADMIN_SOURCE,OBSERVATION_STORE,record_presence,expected record missing,other sources present,MODERATE,MEDIUM,Expected administrative source is absent.,OPEN,Retrieve missing source extract,False,TC02_SLIGHT_GEOMETRY_SHIFT;TC17_MISSING_SOURCE_RECORD,,
CNF-00502,IN-DL-110054-3-12,MISSING_SOURCE_RECORD,EXPECTED_ADMIN_SOURCE,OBSERVATION_STORE,record_presence,expected record missing,other sources present,MODERATE,MEDIUM,Expected administrative source is absent.,OPEN,Retrieve missing source extract,False,TC17_MISSING_SOURCE_RECORD,,
CNF-00503,IN-DL-110054-6-65,MISSING_SOURCE_RECORD,EXPECTED_ADMIN_SOURCE,OBSERVATION_STORE,record_presence,expected record missing,other sources present,MODERATE,MEDIUM,Expected administrative source is absent.,OPEN,Retrieve missing source extract,False,TC17_MISSING_SOURCE_RECORD,,
CNF-00504,IN-DL-110054-8-31,MISSING_SOURCE_RECORD,EXPECTED_ADMIN_SOURCE,OBSERVATION_STORE,record_presence,expected record missing,other sources present,MODERATE,MEDIUM,Expected administrative source is absent.,OPEN,Retrieve missing source extract,False,TC17_MISSING_SOURCE_RECORD,,
CNF-00505,IN-DL-110054-6-9,MISSING_SOURCE_RECORD,EXPECTED_ADMIN_SOURCE,OBSERVATION_STORE,record_presence,expected record missing,other sources present,MODERATE,MEDIUM,Expected administrative source is absent.,OPEN,Retrieve missing source extract,False,TC17_MISSING_SOURCE_RECORD,,
CNF-00506,IN-DL-110054-10-48,MISSING_SOURCE_RECORD,EXPECTED_ADMIN_SOURCE,OBSERVATION_STORE,record_presence,expected record missing,other sources present,MODERATE,MEDIUM,Expected administrative source is absent.,OPEN,Retrieve missing source extract,False,TC17_MISSING_SOURCE_RECORD,,
CNF-00507,IN-DL-110054-2-67,MISSING_SOURCE_RECORD,EXPECTED_ADMIN_SOURCE,OBSERVATION_STORE,record_presence,expected record missing,other sources present,MODERATE,MEDIUM,Expected administrative source is absent.,OPEN,Retrieve missing source extract,False,TC17_MISSING_SOURCE_RECORD,,
CNF-00508,IN-DL-110054-10-7,MISSING_SOURCE_RECORD,EXPECTED_ADMIN_SOURCE,OBSERVATION_STORE,record_presence,expected record missing,other sources present,MODERATE,MEDIUM,Expected administrative source is absent.,OPEN,Retrieve missing source extract,False,TC17_MISSING_SOURCE_RECORD,,
CNF-00509,IN-DL-110054-8-68,MISSING_SOURCE_RECORD,EXPECTED_ADMIN_SOURCE,OBSERVATION_STORE,record_presence,expected record missing,other sources present,MODERATE,MEDIUM,Expected administrative source is absent.,OPEN,Retrieve missing source extract,False,TC17_MISSING_SOURCE_RECORD,,
CNF-00510,IN-DL-110054-6-79,MISSING_SOURCE_RECORD,EXPECTED_ADMIN_SOURCE,OBSERVATION_STORE,record_presence,expected record missing,other sources present,MODERATE,MEDIUM,Expected administrative source is absent.,OPEN,Retrieve missing source extract,False,TC05_ONE_CADASTRAL_TO_SEVERAL_MUNICIPAL;TC10_OWNERSHIP_CONFLICT;TC17_MISSING_SOURCE_RECORD,,
CNF-00511,IN-DL-110054-10-17,MISSING_SOURCE_RECORD,EXPECTED_ADMIN_SOURCE,OBSERVATION_STORE,record_presence,expected record missing,other sources present,MODERATE,MEDIUM,Expected administrative source is absent.,OPEN,Retrieve missing source extract,False,TC10_OWNERSHIP_CONFLICT;TC17_MISSING_SOURCE_RECORD,,
CNF-00512,IN-DL-110054-3-86,MISSING_SOURCE_RECORD,EXPECTED_ADMIN_SOURCE,OBSERVATION_STORE,record_presence,expected record missing,other sources present,MODERATE,MEDIUM,Expected administrative source is absent.,OPEN,Retrieve missing source extract,False,TC17_MISSING_SOURCE_RECORD,,
CNF-00513,IN-DL-110054-3-81,MISSING_SOURCE_RECORD,EXPECTED_ADMIN_SOURCE,OBSERVATION_STORE,record_presence,expected record missing,other sources present,MODERATE,MEDIUM,Expected administrative source is absent.,OPEN,Retrieve missing source extract,False,TC17_MISSING_SOURCE_RECORD;TC20_PARK_BOUNDARY_DISAGREEMENT,,
CNF-00514,IN-DL-110054-9-67,MISSING_SOURCE_RECORD,EXPECTED_ADMIN_SOURCE,OBSERVATION_STORE,record_presence,expected record missing,other sources present,MODERATE,MEDIUM,Expected administrative source is absent.,OPEN,Retrieve missing source extract,False,TC17_MISSING_SOURCE_RECORD,,
CNF-00515,IN-DL-110054-10-23,MISSING_SOURCE_RECORD,EXPECTED_ADMIN_SOURCE,OBSERVATION_STORE,record_presence,expected record missing,other sources present,MODERATE,MEDIUM,Expected administrative source is absent.,OPEN,Retrieve missing source extract,False,TC17_MISSING_SOURCE_RECORD,,
CNF-00516,IN-DL-110054-7-84,MISSING_SOURCE_RECORD,EXPECTED_ADMIN_SOURCE,OBSERVATION_STORE,record_presence,expected record missing,other sources present,MODERATE,MEDIUM,Expected administrative source is absent.,OPEN,Retrieve missing source extract,False,TC10_OWNERSHIP_CONFLICT;TC17_MISSING_SOURCE_RECORD;TC18_AMBIGUOUS_CANDIDATE_MATCH,,
CNF-00517,IN-DL-110054-2-69,MISSING_SOURCE_RECORD,EXPECTED_ADMIN_SOURCE,OBSERVATION_STORE,record_presence,expected record missing,other sources present,MODERATE,MEDIUM,Expected administrative source is absent.,OPEN,Retrieve missing source extract,False,TC17_MISSING_SOURCE_RECORD,,
CNF-00518,IN-DL-110054-8-14,MISSING_SOURCE_RECORD,EXPECTED_ADMIN_SOURCE,OBSERVATION_STORE,record_presence,expected record missing,other sources present,MODERATE,MEDIUM,Expected administrative source is absent.,OPEN,Retrieve missing source extract,False,TC17_MISSING_SOURCE_RECORD,,
CNF-00519,IN-DL-110054-3-71,MISSING_SOURCE_RECORD,EXPECTED_ADMIN_SOURCE,OBSERVATION_STORE,record_presence,expected record missing,other sources present,MODERATE,MEDIUM,Expected administrative source is absent.,OPEN,Retrieve missing source extract,False,TC17_MISSING_SOURCE_RECORD;TC21_ROAD_WIDENING_BOUNDARY_CORRECTION,,
CNF-00520,IN-DL-110054-7-96,MISSING_SOURCE_RECORD,EXPECTED_ADMIN_SOURCE,OBSERVATION_STORE,record_presence,expected record missing,other sources present,MODERATE,MEDIUM,Expected administrative source is absent.,OPEN,Retrieve missing source extract,False,TC04_DUPLICATE_SOURCE_PARCEL;TC17_MISSING_SOURCE_RECORD,,
CNF-00521,IN-DL-110054-6-54,MISSING_SOURCE_RECORD,EXPECTED_ADMIN_SOURCE,OBSERVATION_STORE,record_presence,expected record missing,other sources present,MODERATE,MEDIUM,Expected administrative source is absent.,OPEN,Retrieve missing source extract,False,TC17_MISSING_SOURCE_RECORD,,
CNF-00522,IN-DL-110054-9-84,MISSING_SOURCE_RECORD,EXPECTED_ADMIN_SOURCE,OBSERVATION_STORE,record_presence,expected record missing,other sources present,MODERATE,MEDIUM,Expected administrative source is absent.,OPEN,Retrieve missing source extract,False,TC02_SLIGHT_GEOMETRY_SHIFT;TC11_GOVERNMENT_PRIVATE_OWNERSHIP_CONFLICT;TC17_MISSING_SOURCE_RECORD;TC18_AMBIGUOUS_CANDIDATE_MATCH;TC25_STRONG_EVIDENCE_PENDING_APPROVAL,,
CNF-00523,IN-DL-110054-1-75,MISSING_SOURCE_RECORD,EXPECTED_ADMIN_SOURCE,OBSERVATION_STORE,record_presence,expected record missing,other sources present,MODERATE,MEDIUM,Expected administrative source is absent.,OPEN,Retrieve missing source extract,False,TC17_MISSING_SOURCE_RECORD,,
CNF-00524,IN-DL-110054-2-84,MISSING_SOURCE_RECORD,EXPECTED_ADMIN_SOURCE,OBSERVATION_STORE,record_presence,expected record missing,other sources present,MODERATE,MEDIUM,Expected administrative source is absent.,OPEN,Retrieve missing source extract,False,TC17_MISSING_SOURCE_RECORD,,
CNF-00525,IN-DL-110054-5-29,MISSING_SOURCE_RECORD,EXPECTED_ADMIN_SOURCE,OBSERVATION_STORE,record_presence,expected record missing,other sources present,MODERATE,MEDIUM,Expected administrative source is absent.,OPEN,Retrieve missing source extract,False,TC17_MISSING_SOURCE_RECORD,,
CNF-00526,IN-DL-110054-2-15,MISSING_SOURCE_RECORD,EXPECTED_ADMIN_SOURCE,OBSERVATION_STORE,record_presence,expected record missing,other sources present,MODERATE,MEDIUM,Expected administrative source is absent.,OPEN,Retrieve missing source extract,False,TC17_MISSING_SOURCE_RECORD,,
CNF-00527,IN-DL-110054-9-53,MISSING_SOURCE_RECORD,EXPECTED_ADMIN_SOURCE,OBSERVATION_STORE,record_presence,expected record missing,other sources present,MODERATE,MEDIUM,Expected administrative source is absent.,OPEN,Retrieve missing source extract,False,TC17_MISSING_SOURCE_RECORD,,
CNF-00528,IN-DL-110054-9-60,AMBIGUOUS_CANDIDATE_MATCH,SOURCE_OBSERVATION,CANONICAL_REGISTRY,identity,two plausible parcels,one canonical identity required,MAJOR,CRITICAL,Geometry/identifiers do not uniquely distinguish candidates.,RESOLVED,GNSS / mutation register,False,TC18_AMBIGUOUS_CANDIDATE_MATCH,,
CNF-00529,IN-DL-110054-3-59,AMBIGUOUS_CANDIDATE_MATCH,SOURCE_OBSERVATION,CANONICAL_REGISTRY,identity,two plausible parcels,one canonical identity required,MAJOR,CRITICAL,Geometry/identifiers do not uniquely distinguish candidates.,RESOLVED,GNSS / mutation register,False,TC10_OWNERSHIP_CONFLICT;TC18_AMBIGUOUS_CANDIDATE_MATCH,,
CNF-00530,IN-DL-110054-5-88,AMBIGUOUS_CANDIDATE_MATCH,SOURCE_OBSERVATION,CANONICAL_REGISTRY,identity,two plausible parcels,one canonical identity required,MAJOR,CRITICAL,Geometry/identifiers do not uniquely distinguish candidates.,RESOLVED,GNSS / mutation register,False,TC18_AMBIGUOUS_CANDIDATE_MATCH;TC25_STRONG_EVIDENCE_PENDING_APPROVAL,,
CNF-00531,IN-DL-110054-5-93,AMBIGUOUS_CANDIDATE_MATCH,SOURCE_OBSERVATION,CANONICAL_REGISTRY,identity,two plausible parcels,one canonical identity required,MAJOR,CRITICAL,Geometry/identifiers do not uniquely distinguish candidates.,RESOLVED,GNSS / mutation register,False,TC06_SEVERAL_HISTORICAL_TO_ONE_CURRENT;TC18_AMBIGUOUS_CANDIDATE_MATCH,,
CNF-00532,IN-DL-110054-7-16,AMBIGUOUS_CANDIDATE_MATCH,SOURCE_OBSERVATION,CANONICAL_REGISTRY,identity,two plausible parcels,one canonical identity required,MAJOR,CRITICAL,Geometry/identifiers do not uniquely distinguish candidates.,RESOLVED,GNSS / mutation register,False,TC02_SLIGHT_GEOMETRY_SHIFT;TC18_AMBIGUOUS_CANDIDATE_MATCH,,
CNF-00533,IN-DL-110054-10-47,AMBIGUOUS_CANDIDATE_MATCH,SOURCE_OBSERVATION,CANONICAL_REGISTRY,identity,two plausible parcels,one canonical identity required,MAJOR,CRITICAL,Geometry/identifiers do not uniquely distinguish candidates.,RESOLVED,GNSS / mutation register,False,TC02_SLIGHT_GEOMETRY_SHIFT;TC18_AMBIGUOUS_CANDIDATE_MATCH,,
CNF-00534,IN-DL-110054-8-54,AMBIGUOUS_CANDIDATE_MATCH,SOURCE_OBSERVATION,CANONICAL_REGISTRY,identity,two plausible parcels,one canonical identity required,MAJOR,CRITICAL,Geometry/identifiers do not uniquely distinguish candidates.,RESOLVED,GNSS / mutation register,False,TC02_SLIGHT_GEOMETRY_SHIFT;TC18_AMBIGUOUS_CANDIDATE_MATCH,,
CNF-00535,IN-DL-110054-5-53,AMBIGUOUS_CANDIDATE_MATCH,SOURCE_OBSERVATION,CANONICAL_REGISTRY,identity,two plausible parcels,one canonical identity required,MAJOR,CRITICAL,Geometry/identifiers do not uniquely distinguish candidates.,RESOLVED,GNSS / mutation register,False,TC18_AMBIGUOUS_CANDIDATE_MATCH,,
CNF-00536,IN-DL-110054-2-2,AMBIGUOUS_CANDIDATE_MATCH,SOURCE_OBSERVATION,CANONICAL_REGISTRY,identity,two plausible parcels,one canonical identity required,MAJOR,CRITICAL,Geometry/identifiers do not uniquely distinguish candidates.,RESOLVED,GNSS / mutation register,False,TC18_AMBIGUOUS_CANDIDATE_MATCH,,
CNF-00537,IN-DL-110054-8-4,AMBIGUOUS_CANDIDATE_MATCH,SOURCE_OBSERVATION,CANONICAL_REGISTRY,identity,two plausible parcels,one canonical identity required,MAJOR,CRITICAL,Geometry/identifiers do not uniquely distinguish candidates.,RESOLVED,GNSS / mutation register,False,TC18_AMBIGUOUS_CANDIDATE_MATCH,,
CNF-00538,IN-DL-110054-7-26,AMBIGUOUS_CANDIDATE_MATCH,SOURCE_OBSERVATION,CANONICAL_REGISTRY,identity,two plausible parcels,one canonical identity required,MAJOR,CRITICAL,Geometry/identifiers do not uniquely distinguish candidates.,RESOLVED,GNSS / mutation register,False,TC15_GNSS_CONTRADICTS_OLD_CADASTRE;TC18_AMBIGUOUS_CANDIDATE_MATCH,,
CNF-00539,IN-DL-110054-2-54,AMBIGUOUS_CANDIDATE_MATCH,SOURCE_OBSERVATION,CANONICAL_REGISTRY,identity,two plausible parcels,one canonical identity required,MAJOR,CRITICAL,Geometry/identifiers do not uniquely distinguish candidates.,RESOLVED,GNSS / mutation register,False,TC18_AMBIGUOUS_CANDIDATE_MATCH,,
CNF-00540,IN-DL-110054-1-84,AMBIGUOUS_CANDIDATE_MATCH,SOURCE_OBSERVATION,CANONICAL_REGISTRY,identity,two plausible parcels,one canonical identity required,MAJOR,CRITICAL,Geometry/identifiers do not uniquely distinguish candidates.,RESOLVED,GNSS / mutation register,False,TC18_AMBIGUOUS_CANDIDATE_MATCH,,
CNF-00541,IN-DL-110054-7-17,AMBIGUOUS_CANDIDATE_MATCH,SOURCE_OBSERVATION,CANONICAL_REGISTRY,identity,two plausible parcels,one canonical identity required,MAJOR,CRITICAL,Geometry/identifiers do not uniquely distinguish candidates.,RESOLVED,GNSS / mutation register,False,TC18_AMBIGUOUS_CANDIDATE_MATCH,,
CNF-00542,IN-DL-110054-5-75,AMBIGUOUS_CANDIDATE_MATCH,SOURCE_OBSERVATION,CANONICAL_REGISTRY,identity,two plausible parcels,one canonical identity required,MAJOR,CRITICAL,Geometry/identifiers do not uniquely distinguish candidates.,RESOLVED,GNSS / mutation register,False,TC05_ONE_CADASTRAL_TO_SEVERAL_MUNICIPAL;TC18_AMBIGUOUS_CANDIDATE_MATCH,,
CNF-00543,IN-DL-110054-9-22,AMBIGUOUS_CANDIDATE_MATCH,SOURCE_OBSERVATION,CANONICAL_REGISTRY,identity,two plausible parcels,one canonical identity required,MAJOR,CRITICAL,Geometry/identifiers do not uniquely distinguish candidates.,RESOLVED,GNSS / mutation register,False,TC18_AMBIGUOUS_CANDIDATE_MATCH,,
CNF-00544,IN-DL-110054-7-84,AMBIGUOUS_CANDIDATE_MATCH,SOURCE_OBSERVATION,CANONICAL_REGISTRY,identity,two plausible parcels,one canonical identity required,MAJOR,CRITICAL,Geometry/identifiers do not uniquely distinguish candidates.,RESOLVED,GNSS / mutation register,False,TC10_OWNERSHIP_CONFLICT;TC17_MISSING_SOURCE_RECORD;TC18_AMBIGUOUS_CANDIDATE_MATCH,,
CNF-00545,IN-DL-110054-3-83,AMBIGUOUS_CANDIDATE_MATCH,SOURCE_OBSERVATION,CANONICAL_REGISTRY,identity,two plausible parcels,one canonical identity required,MAJOR,CRITICAL,Geometry/identifiers do not uniquely distinguish candidates.,RESOLVED,GNSS / mutation register,False,TC18_AMBIGUOUS_CANDIDATE_MATCH,,
CNF-00546,IN-DL-110054-10-61,AMBIGUOUS_CANDIDATE_MATCH,SOURCE_OBSERVATION,CANONICAL_REGISTRY,identity,two plausible parcels,one canonical identity required,MAJOR,CRITICAL,Geometry/identifiers do not uniquely distinguish candidates.,RESOLVED,GNSS / mutation register,False,TC18_AMBIGUOUS_CANDIDATE_MATCH,,
CNF-00547,IN-DL-110054-1-20,AMBIGUOUS_CANDIDATE_MATCH,SOURCE_OBSERVATION,CANONICAL_REGISTRY,identity,two plausible parcels,one canonical identity required,MAJOR,CRITICAL,Geometry/identifiers do not uniquely distinguish candidates.,RESOLVED,GNSS / mutation register,False,TC18_AMBIGUOUS_CANDIDATE_MATCH,,
CNF-00548,IN-DL-110054-1-41,AMBIGUOUS_CANDIDATE_MATCH,SOURCE_OBSERVATION,CANONICAL_REGISTRY,identity,two plausible parcels,one canonical identity required,MAJOR,CRITICAL,Geometry/identifiers do not uniquely distinguish candidates.,RESOLVED,GNSS / mutation register,False,TC18_AMBIGUOUS_CANDIDATE_MATCH,,
CNF-00549,IN-DL-110054-9-54,AMBIGUOUS_CANDIDATE_MATCH,SOURCE_OBSERVATION,CANONICAL_REGISTRY,identity,two plausible parcels,one canonical identity required,MAJOR,CRITICAL,Geometry/identifiers do not uniquely distinguish candidates.,RESOLVED,GNSS / mutation register,False,TC18_AMBIGUOUS_CANDIDATE_MATCH,,
CNF-00550,IN-DL-110054-9-84,AMBIGUOUS_CANDIDATE_MATCH,SOURCE_OBSERVATION,CANONICAL_REGISTRY,identity,two plausible parcels,one canonical identity required,MAJOR,CRITICAL,Geometry/identifiers do not uniquely distinguish candidates.,RESOLVED,GNSS / mutation register,False,TC02_SLIGHT_GEOMETRY_SHIFT;TC11_GOVERNMENT_PRIVATE_OWNERSHIP_CONFLICT;TC17_MISSING_SOURCE_RECORD;TC18_AMBIGUOUS_CANDIDATE_MATCH;TC25_STRONG_EVIDENCE_PENDING_APPROVAL,,
CNF-00551,IN-DL-110054-5-80,AMBIGUOUS_CANDIDATE_MATCH,SOURCE_OBSERVATION,CANONICAL_REGISTRY,identity,two plausible parcels,one canonical identity required,MAJOR,CRITICAL,Geometry/identifiers do not uniquely distinguish candidates.,RESOLVED,GNSS / mutation register,False,TC18_AMBIGUOUS_CANDIDATE_MATCH,,
CNF-00552,IN-DL-110054-6-32,AMBIGUOUS_CANDIDATE_MATCH,SOURCE_OBSERVATION,CANONICAL_REGISTRY,identity,two plausible parcels,one canonical identity required,MAJOR,CRITICAL,Geometry/identifiers do not uniquely distinguish candidates.,RESOLVED,GNSS / mutation register,False,TC18_AMBIGUOUS_CANDIDATE_MATCH,,
CNF-00553,IN-DL-110054-2-88,AMBIGUOUS_CANDIDATE_MATCH,SOURCE_OBSERVATION,CANONICAL_REGISTRY,identity,two plausible parcels,one canonical identity required,MAJOR,CRITICAL,Geometry/identifiers do not uniquely distinguish candidates.,RESOLVED,GNSS / mutation register,False,TC18_AMBIGUOUS_CANDIDATE_MATCH;TC22_REDEVELOPMENT_CONSOLIDATION,,
CNF-00554,IN-DL-110054-7-91,ENCROACHMENT_PUBLIC_LAND,DRONE_ORTHOPHOTO,DDA_DEVELOPMENT_AUTHORITY,boundary/occupation,OBS-GEO-002927,OBS-GEO-002926,SEVERE,CRITICAL,Recent imagery suggests occupation into public land.,OPEN,Field survey + legal review,True,TC07_PARCEL_SPLIT;TC19_ENCROACHMENT_INTO_PUBLIC_LAND,OBS-002927,OBS-002926
CNF-00556,IN-DL-110054-8-46,ENCROACHMENT_PUBLIC_LAND,DRONE_ORTHOPHOTO,MUNICIPAL_PROPERTY,boundary/occupation,OBS-GEO-003167,OBS-GEO-003166,SEVERE,CRITICAL,Recent imagery suggests occupation into public land.,OPEN,Field survey + legal review,True,TC19_ENCROACHMENT_INTO_PUBLIC_LAND,OBS-003167,OBS-003166
CNF-00557,IN-DL-110054-2-81,ENCROACHMENT_PUBLIC_LAND,DRONE_ORTHOPHOTO,DDA_DEVELOPMENT_AUTHORITY,boundary/occupation,OBS-GEO-000715,OBS-GEO-000714,SEVERE,CRITICAL,Recent imagery suggests occupation into public land.,OPEN,Field survey + legal review,True,TC19_ENCROACHMENT_INTO_PUBLIC_LAND,OBS-000715,OBS-000714
CNF-00558,IN-DL-110054-3-92,ENCROACHMENT_PUBLIC_LAND,DRONE_ORTHOPHOTO,MUNICIPAL_PROPERTY,boundary/occupation,OBS-GEO-001208,OBS-GEO-001206,SEVERE,CRITICAL,Recent imagery suggests occupation into public land.,OPEN,Field survey + legal review,True,TC07_PARCEL_SPLIT;TC19_ENCROACHMENT_INTO_PUBLIC_LAND,OBS-001208,OBS-001206
CNF-00559,IN-DL-110054-10-88,ENCROACHMENT_PUBLIC_LAND,DRONE_ORTHOPHOTO,DDA_DEVELOPMENT_AUTHORITY,boundary/occupation,OBS-GEO-004214,OBS-GEO-004212,SEVERE,CRITICAL,Recent imagery suggests occupation into public land.,OPEN,Field survey + legal review,True,TC19_ENCROACHMENT_INTO_PUBLIC_LAND,OBS-004214,OBS-004212
CNF-00560,IN-DL-110054-8-24,ENCROACHMENT_PUBLIC_LAND,DRONE_ORTHOPHOTO,DDA_DEVELOPMENT_AUTHORITY,boundary/occupation,OBS-GEO-003077,OBS-GEO-003076,SEVERE,CRITICAL,Recent imagery suggests occupation into public land.,OPEN,Field survey + legal review,True,TC05_ONE_CADASTRAL_TO_SEVERAL_MUNICIPAL;TC19_ENCROACHMENT_INTO_PUBLIC_LAND,OBS-003077,OBS-003076
CNF-00561,IN-DL-110054-4-75,ENCROACHMENT_PUBLIC_LAND,DRONE_ORTHOPHOTO,DDA_DEVELOPMENT_AUTHORITY,boundary/occupation,OBS-GEO-001580,OBS-GEO-001579,SEVERE,CRITICAL,Recent imagery suggests occupation into public land.,OPEN,Field survey + legal review,True,TC19_ENCROACHMENT_INTO_PUBLIC_LAND,OBS-001580,OBS-001579
CNF-00562,IN-DL-110054-8-36,ENCROACHMENT_PUBLIC_LAND,DRONE_ORTHOPHOTO,DDA_DEVELOPMENT_AUTHORITY,boundary/occupation,OBS-GEO-003129,OBS-GEO-003128,SEVERE,CRITICAL,Recent imagery suggests occupation into public land.,OPEN,Field survey + legal review,True,TC15_GNSS_CONTRADICTS_OLD_CADASTRE;TC19_ENCROACHMENT_INTO_PUBLIC_LAND;TC20_PARK_BOUNDARY_DISAGREEMENT,OBS-003129,OBS-003128
CNF-00563,IN-DL-110054-7-92,ENCROACHMENT_PUBLIC_LAND,DRONE_ORTHOPHOTO,DDA_DEVELOPMENT_AUTHORITY,boundary/occupation,OBS-GEO-002932,OBS-GEO-002931,SEVERE,CRITICAL,Recent imagery suggests occupation into public land.,OPEN,Field survey + legal review,True,TC07_PARCEL_SPLIT;TC19_ENCROACHMENT_INTO_PUBLIC_LAND,OBS-002932,OBS-002931
CNF-00564,IN-DL-110054-8-25,ENCROACHMENT_PUBLIC_LAND,DRONE_ORTHOPHOTO,DDA_DEVELOPMENT_AUTHORITY,boundary/occupation,OBS-GEO-003083,OBS-GEO-003081,SEVERE,CRITICAL,Recent imagery suggests occupation into public land.,OPEN,Field survey + legal review,True,TC19_ENCROACHMENT_INTO_PUBLIC_LAND,OBS-003083,OBS-003081
CNF-00565,IN-DL-110054-8-43,ENCROACHMENT_PUBLIC_LAND,DRONE_ORTHOPHOTO,MUNICIPAL_PROPERTY,boundary/occupation,OBS-GEO-003156,OBS-GEO-003155,SEVERE,CRITICAL,Recent imagery suggests occupation into public land.,OPEN,Field survey + legal review,True,TC19_ENCROACHMENT_INTO_PUBLIC_LAND,OBS-003156,OBS-003155
CNF-00567,IN-DL-110054-3-32,ENCROACHMENT_PUBLIC_LAND,DRONE_ORTHOPHOTO,DDA_DEVELOPMENT_AUTHORITY,boundary/occupation,OBS-GEO-000953,OBS-GEO-000952,SEVERE,CRITICAL,Recent imagery suggests occupation into public land.,OPEN,Field survey + legal review,True,TC12_DDA_VS_MUNICIPAL_DISAGREEMENT;TC19_ENCROACHMENT_INTO_PUBLIC_LAND,OBS-000953,OBS-000952
CNF-00569,IN-DL-110054-8-57,ENCROACHMENT_PUBLIC_LAND,DRONE_ORTHOPHOTO,DDA_DEVELOPMENT_AUTHORITY,boundary/occupation,OBS-GEO-003214,OBS-GEO-003212,SEVERE,CRITICAL,Recent imagery suggests occupation into public land.,OPEN,Field survey + legal review,True,TC19_ENCROACHMENT_INTO_PUBLIC_LAND;TC20_PARK_BOUNDARY_DISAGREEMENT,OBS-003214,OBS-003212
CNF-00570,IN-DL-110054-10-99,PARK_BOUNDARY_DISAGREEMENT,CADASTRAL_REVENUE,DRONE_ORTHOPHOTO,park_boundary,OBS-GEO-004264,OBS-GEO-004267,MAJOR,HIGH,Park boundary differs across evidence.,OPEN,GNSS perimeter + civic plan,True,TC20_PARK_BOUNDARY_DISAGREEMENT,OBS-004264,OBS-004267
CNF-00571,IN-DL-110054-5-31,PARK_BOUNDARY_DISAGREEMENT,CADASTRAL_REVENUE,DDA_DEVELOPMENT_AUTHORITY,park_boundary,OBS-GEO-001827,OBS-GEO-001829,MAJOR,HIGH,Park boundary differs across evidence.,OPEN,GNSS perimeter + civic plan,True,TC20_PARK_BOUNDARY_DISAGREEMENT,OBS-001827,OBS-001829
CNF-00572,IN-DL-110054-1-81,PARK_BOUNDARY_DISAGREEMENT,CADASTRAL_REVENUE,DRONE_ORTHOPHOTO,park_boundary,OBS-GEO-000306,OBS-GEO-000309,MAJOR,HIGH,Park boundary differs across evidence.,OPEN,GNSS perimeter + civic plan,True,TC20_PARK_BOUNDARY_DISAGREEMENT,OBS-000306,OBS-000309
CNF-00573,IN-DL-110054-1-91,PARK_BOUNDARY_DISAGREEMENT,CADASTRAL_REVENUE,DRONE_ORTHOPHOTO,park_boundary,OBS-GEO-000345,OBS-GEO-000348,MAJOR,HIGH,Park boundary differs across evidence.,OPEN,GNSS perimeter + civic plan,True,TC07_PARCEL_SPLIT;TC20_PARK_BOUNDARY_DISAGREEMENT,OBS-000345,OBS-000348
CNF-00574,IN-DL-110054-8-44,PARK_BOUNDARY_DISAGREEMENT,CADASTRAL_REVENUE,DRONE_ORTHOPHOTO,park_boundary,OBS-GEO-003157,OBS-GEO-003159,MAJOR,HIGH,Park boundary differs across evidence.,OPEN,GNSS perimeter + civic plan,True,TC20_PARK_BOUNDARY_DISAGREEMENT,OBS-003157,OBS-003159
CNF-00575,IN-DL-110054-8-78,PARK_BOUNDARY_DISAGREEMENT,CADASTRAL_REVENUE,DRONE_ORTHOPHOTO,park_boundary,OBS-GEO-003297,OBS-GEO-003300,MAJOR,HIGH,Park boundary differs across evidence.,OPEN,GNSS perimeter + civic plan,True,TC20_PARK_BOUNDARY_DISAGREEMENT,OBS-003297,OBS-003300
CNF-00576,IN-DL-110054-8-88,PARK_BOUNDARY_DISAGREEMENT,CADASTRAL_REVENUE,DRONE_ORTHOPHOTO,park_boundary,OBS-GEO-003340,OBS-GEO-003342,MAJOR,HIGH,Park boundary differs across evidence.,OPEN,GNSS perimeter + civic plan,True,TC20_PARK_BOUNDARY_DISAGREEMENT,OBS-003340,OBS-003342
CNF-00577,IN-DL-110054-8-36,PARK_BOUNDARY_DISAGREEMENT,CADASTRAL_REVENUE,DRONE_ORTHOPHOTO,park_boundary,OBS-GEO-003126,OBS-GEO-003129,MAJOR,HIGH,Park boundary differs across evidence.,OPEN,GNSS perimeter + civic plan,True,TC15_GNSS_CONTRADICTS_OLD_CADASTRE;TC19_ENCROACHMENT_INTO_PUBLIC_LAND;TC20_PARK_BOUNDARY_DISAGREEMENT,OBS-003126,OBS-003129
CNF-00578,IN-DL-110054-2-91,PARK_BOUNDARY_DISAGREEMENT,CADASTRAL_REVENUE,DRONE_ORTHOPHOTO,park_boundary,OBS-GEO-000755,OBS-GEO-000758,MAJOR,HIGH,Park boundary differs across evidence.,OPEN,GNSS perimeter + civic plan,True,TC07_PARCEL_SPLIT;TC10_OWNERSHIP_CONFLICT;TC20_PARK_BOUNDARY_DISAGREEMENT;TC21_ROAD_WIDENING_BOUNDARY_CORRECTION,OBS-000755,OBS-000758
CNF-00579,IN-DL-110054-5-81,PARK_BOUNDARY_DISAGREEMENT,CADASTRAL_REVENUE,GNSS_CORS_SURVEY,park_boundary,OBS-GEO-002054,OBS-GEO-002057,MAJOR,HIGH,Park boundary differs across evidence.,OPEN,GNSS perimeter + civic plan,True,TC11_GOVERNMENT_PRIVATE_OWNERSHIP_CONFLICT;TC20_PARK_BOUNDARY_DISAGREEMENT,OBS-002054,OBS-002057
CNF-00580,IN-DL-110054-8-57,PARK_BOUNDARY_DISAGREEMENT,CADASTRAL_REVENUE,DRONE_ORTHOPHOTO,park_boundary,OBS-GEO-003210,OBS-GEO-003214,MAJOR,HIGH,Park boundary differs across evidence.,OPEN,GNSS perimeter + civic plan,True,TC19_ENCROACHMENT_INTO_PUBLIC_LAND;TC20_PARK_BOUNDARY_DISAGREEMENT,OBS-003210,OBS-003214
CNF-00582,IN-DL-110054-6-60,ROAD_WIDENING_BOUNDARY_CORRECTION,CADASTRAL_REVENUE,GNSS_CORS_SURVEY,boundary,OBS-GEO-002384,OBS-GEO-002388,MAJOR,HIGH,Road widening changed parcel edge.,RESOLVED,Widening order + GNSS,True,TC21_ROAD_WIDENING_BOUNDARY_CORRECTION,OBS-002384,OBS-002388
CNF-00583,IN-DL-110054-5-50,ROAD_WIDENING_BOUNDARY_CORRECTION,CADASTRAL_REVENUE,GNSS_CORS_SURVEY,boundary,OBS-GEO-001918,OBS-GEO-001922,MAJOR,HIGH,Road widening changed parcel edge.,RESOLVED,Widening order + GNSS,True,TC21_ROAD_WIDENING_BOUNDARY_CORRECTION,OBS-001918,OBS-001922
CNF-00584,IN-DL-110054-5-20,ROAD_WIDENING_BOUNDARY_CORRECTION,CADASTRAL_REVENUE,GNSS_CORS_SURVEY,boundary,OBS-GEO-001775,OBS-GEO-001780,MAJOR,HIGH,Road widening changed parcel edge.,RESOLVED,Widening order + GNSS,True,TC21_ROAD_WIDENING_BOUNDARY_CORRECTION,OBS-001775,OBS-001780
CNF-00585,IN-DL-110054-1-90,ROAD_WIDENING_BOUNDARY_CORRECTION,CADASTRAL_REVENUE,GNSS_CORS_SURVEY,boundary,OBS-GEO-000340,OBS-GEO-000344,MAJOR,HIGH,Road widening changed parcel edge.,RESOLVED,Widening order + GNSS,True,TC21_ROAD_WIDENING_BOUNDARY_CORRECTION,OBS-000340,OBS-000344
CNF-00586,IN-DL-110054-10-10,ROAD_WIDENING_BOUNDARY_CORRECTION,CADASTRAL_REVENUE,GNSS_CORS_SURVEY,boundary,OBS-GEO-003859,OBS-GEO-003862,MAJOR,HIGH,Road widening changed parcel edge.,RESOLVED,Widening order + GNSS,True,TC21_ROAD_WIDENING_BOUNDARY_CORRECTION,OBS-003859,OBS-003862
CNF-00587,IN-DL-110054-6-61,ROAD_WIDENING_BOUNDARY_CORRECTION,CADASTRAL_REVENUE,GNSS_CORS_SURVEY,boundary,OBS-GEO-002389,OBS-GEO-002393,MAJOR,HIGH,Road widening changed parcel edge.,RESOLVED,Widening order + GNSS,True,TC21_ROAD_WIDENING_BOUNDARY_CORRECTION,OBS-002389,OBS-002393
CNF-00588,IN-DL-110054-7-30,ROAD_WIDENING_BOUNDARY_CORRECTION,CADASTRAL_REVENUE,GNSS_CORS_SURVEY,boundary,OBS-GEO-002665,OBS-GEO-002668,MAJOR,HIGH,Road widening changed parcel edge.,RESOLVED,Widening order + GNSS,True,TC21_ROAD_WIDENING_BOUNDARY_CORRECTION,OBS-002665,OBS-002668
CNF-00589,IN-DL-110054-10-11,ROAD_WIDENING_BOUNDARY_CORRECTION,CADASTRAL_REVENUE,GNSS_CORS_SURVEY,boundary,OBS-GEO-003863,OBS-GEO-003867,MAJOR,HIGH,Road widening changed parcel edge.,RESOLVED,Widening order + GNSS,True,TC21_ROAD_WIDENING_BOUNDARY_CORRECTION,OBS-003863,OBS-003867
CNF-00590,IN-DL-110054-4-90,ROAD_WIDENING_BOUNDARY_CORRECTION,CADASTRAL_REVENUE,GNSS_CORS_SURVEY,boundary,OBS-GEO-001640,OBS-GEO-001644,MAJOR,HIGH,Road widening changed parcel edge.,RESOLVED,Widening order + GNSS,True,TC21_ROAD_WIDENING_BOUNDARY_CORRECTION,OBS-001640,OBS-001644
CNF-00591,IN-DL-110054-7-20,ROAD_WIDENING_BOUNDARY_CORRECTION,CADASTRAL_REVENUE,GNSS_CORS_SURVEY,boundary,OBS-GEO-002624,OBS-GEO-002628,MAJOR,HIGH,Road widening changed parcel edge.,RESOLVED,Widening order + GNSS,True,TC21_ROAD_WIDENING_BOUNDARY_CORRECTION,OBS-002624,OBS-002628
CNF-00592,IN-DL-110054-8-91,ROAD_WIDENING_BOUNDARY_CORRECTION,CADASTRAL_REVENUE,GNSS_CORS_SURVEY,boundary,OBS-GEO-003351,OBS-GEO-003355,MAJOR,HIGH,Road widening changed parcel edge.,RESOLVED,Widening order + GNSS,True,TC07_PARCEL_SPLIT;TC21_ROAD_WIDENING_BOUNDARY_CORRECTION,OBS-003351,OBS-003355
CNF-00593,IN-DL-110054-2-61,ROAD_WIDENING_BOUNDARY_CORRECTION,CADASTRAL_REVENUE,GNSS_CORS_SURVEY,boundary,OBS-GEO-000628,OBS-GEO-000632,MAJOR,HIGH,Road widening changed parcel edge.,RESOLVED,Widening order + GNSS,True,TC21_ROAD_WIDENING_BOUNDARY_CORRECTION,OBS-000628,OBS-000632
CNF-00594,IN-DL-110054-9-61,ROAD_WIDENING_BOUNDARY_CORRECTION,CADASTRAL_REVENUE,GNSS_CORS_SURVEY,boundary,OBS-GEO-003648,OBS-GEO-003651,MAJOR,HIGH,Road widening changed parcel edge.,OPEN,Widening order + GNSS,True,TC21_ROAD_WIDENING_BOUNDARY_CORRECTION;TC25_STRONG_EVIDENCE_PENDING_APPROVAL,OBS-003648,OBS-003651
CNF-00595,IN-DL-110054-9-41,ROAD_WIDENING_BOUNDARY_CORRECTION,CADASTRAL_REVENUE,GNSS_CORS_SURVEY,boundary,OBS-GEO-003567,OBS-GEO-003571,MAJOR,HIGH,Road widening changed parcel edge.,RESOLVED,Widening order + GNSS,True,TC15_GNSS_CONTRADICTS_OLD_CADASTRE;TC21_ROAD_WIDENING_BOUNDARY_CORRECTION,OBS-003567,OBS-003571
CNF-00596,IN-DL-110054-3-21,ROAD_WIDENING_BOUNDARY_CORRECTION,CADASTRAL_REVENUE,GNSS_CORS_SURVEY,boundary,OBS-GEO-000896,OBS-GEO-000901,MAJOR,HIGH,Road widening changed parcel edge.,RESOLVED,Widening order + GNSS,True,TC13_BUILDING_CROSSES_BOUNDARY;TC21_ROAD_WIDENING_BOUNDARY_CORRECTION,OBS-000896,OBS-000901
CNF-00598,IN-DL-110054-2-91,ROAD_WIDENING_BOUNDARY_CORRECTION,CADASTRAL_REVENUE,GNSS_CORS_SURVEY,boundary,OBS-GEO-000755,OBS-GEO-000759,MAJOR,HIGH,Road widening changed parcel edge.,RESOLVED,Widening order + GNSS,True,TC07_PARCEL_SPLIT;TC10_OWNERSHIP_CONFLICT;TC20_PARK_BOUNDARY_DISAGREEMENT;TC21_ROAD_WIDENING_BOUNDARY_CORRECTION,OBS-000755,OBS-000759
CNF-00599,IN-DL-110054-10-71,ROAD_WIDENING_BOUNDARY_CORRECTION,CADASTRAL_REVENUE,GNSS_CORS_SURVEY,boundary,OBS-GEO-004132,OBS-GEO-004137,MAJOR,HIGH,Road widening changed parcel edge.,RESOLVED,Widening order + GNSS,True,TC21_ROAD_WIDENING_BOUNDARY_CORRECTION,OBS-004132,OBS-004137
CNF-00600,IN-DL-110054-10-34,REDEVELOPMENT_CONSOLIDATION,HISTORICAL_CADASTRE,CURRENT_CANONICAL,lineage,former plots,one redevelopment parcel,MAJOR,HIGH,Redevelopment consolidated old plots.,RESOLVED,Approved redevelopment plan + mutation chain,True,TC22_REDEVELOPMENT_CONSOLIDATION;TC23_INCORRECT_MUTATION_ROLLED_BACK,,
CNF-00601,IN-DL-110054-10-5,REDEVELOPMENT_CONSOLIDATION,HISTORICAL_CADASTRE,CURRENT_CANONICAL,lineage,former plots,one redevelopment parcel,MAJOR,HIGH,Redevelopment consolidated old plots.,RESOLVED,Approved redevelopment plan + mutation chain,True,TC22_REDEVELOPMENT_CONSOLIDATION,,
CNF-00602,IN-DL-110054-10-32,REDEVELOPMENT_CONSOLIDATION,HISTORICAL_CADASTRE,CURRENT_CANONICAL,lineage,former plots,one redevelopment parcel,MAJOR,HIGH,Redevelopment consolidated old plots.,RESOLVED,Approved redevelopment plan + mutation chain,True,TC22_REDEVELOPMENT_CONSOLIDATION,,
CNF-00603,IN-DL-110054-5-96,REDEVELOPMENT_CONSOLIDATION,HISTORICAL_CADASTRE,CURRENT_CANONICAL,lineage,former plots,one redevelopment parcel,MAJOR,HIGH,Redevelopment consolidated old plots.,RESOLVED,Approved redevelopment plan + mutation chain,True,TC22_REDEVELOPMENT_CONSOLIDATION,,
CNF-00604,IN-DL-110054-9-96,REDEVELOPMENT_CONSOLIDATION,HISTORICAL_CADASTRE,CURRENT_CANONICAL,lineage,former plots,one redevelopment parcel,MAJOR,HIGH,Redevelopment consolidated old plots.,RESOLVED,Approved redevelopment plan + mutation chain,True,TC22_REDEVELOPMENT_CONSOLIDATION,,
CNF-00605,IN-DL-110054-9-98,REDEVELOPMENT_CONSOLIDATION,HISTORICAL_CADASTRE,CURRENT_CANONICAL,lineage,former plots,one redevelopment parcel,MAJOR,HIGH,Redevelopment consolidated old plots.,RESOLVED,Approved redevelopment plan + mutation chain,True,TC02_SLIGHT_GEOMETRY_SHIFT;TC22_REDEVELOPMENT_CONSOLIDATION,,
CNF-00606,IN-DL-110054-10-12,REDEVELOPMENT_CONSOLIDATION,HISTORICAL_CADASTRE,CURRENT_CANONICAL,lineage,former plots,one redevelopment parcel,MAJOR,HIGH,Redevelopment consolidated old plots.,RESOLVED,Approved redevelopment plan + mutation chain,True,TC22_REDEVELOPMENT_CONSOLIDATION,,
CNF-00607,IN-DL-110054-6-99,REDEVELOPMENT_CONSOLIDATION,HISTORICAL_CADASTRE,CURRENT_CANONICAL,lineage,former plots,one redevelopment parcel,MAJOR,HIGH,Redevelopment consolidated old plots.,RESOLVED,Approved redevelopment plan + mutation chain,True,TC22_REDEVELOPMENT_CONSOLIDATION,,
CNF-00608,IN-DL-110054-10-25,REDEVELOPMENT_CONSOLIDATION,HISTORICAL_CADASTRE,CURRENT_CANONICAL,lineage,former plots,one redevelopment parcel,MAJOR,HIGH,Redevelopment consolidated old plots.,RESOLVED,Approved redevelopment plan + mutation chain,True,TC22_REDEVELOPMENT_CONSOLIDATION,,
CNF-00609,IN-DL-110054-10-27,REDEVELOPMENT_CONSOLIDATION,HISTORICAL_CADASTRE,CURRENT_CANONICAL,lineage,former plots,one redevelopment parcel,MAJOR,HIGH,Redevelopment consolidated old plots.,RESOLVED,Approved redevelopment plan + mutation chain,True,TC05_ONE_CADASTRAL_TO_SEVERAL_MUNICIPAL;TC10_OWNERSHIP_CONFLICT;TC22_REDEVELOPMENT_CONSOLIDATION,,
CNF-00610,IN-DL-110054-10-33,REDEVELOPMENT_CONSOLIDATION,HISTORICAL_CADASTRE,CURRENT_CANONICAL,lineage,former plots,one redevelopment parcel,MAJOR,HIGH,Redevelopment consolidated old plots.,RESOLVED,Approved redevelopment plan + mutation chain,True,TC22_REDEVELOPMENT_CONSOLIDATION,,
CNF-00611,IN-DL-110054-10-42,REDEVELOPMENT_CONSOLIDATION,HISTORICAL_CADASTRE,CURRENT_CANONICAL,lineage,former plots,one redevelopment parcel,MAJOR,HIGH,Redevelopment consolidated old plots.,RESOLVED,Approved redevelopment plan + mutation chain,True,TC22_REDEVELOPMENT_CONSOLIDATION,,
CNF-00612,IN-DL-110054-7-100,REDEVELOPMENT_CONSOLIDATION,HISTORICAL_CADASTRE,CURRENT_CANONICAL,lineage,former plots,one redevelopment parcel,MAJOR,HIGH,Redevelopment consolidated old plots.,RESOLVED,Approved redevelopment plan + mutation chain,True,TC02_SLIGHT_GEOMETRY_SHIFT;TC09_CROSS_CELL_SPLIT;TC22_REDEVELOPMENT_CONSOLIDATION,,
CNF-00613,IN-DL-110054-10-21,REDEVELOPMENT_CONSOLIDATION,HISTORICAL_CADASTRE,CURRENT_CANONICAL,lineage,former plots,one redevelopment parcel,MAJOR,HIGH,Redevelopment consolidated old plots.,RESOLVED,Approved redevelopment plan + mutation chain,True,TC22_REDEVELOPMENT_CONSOLIDATION,,
CNF-00614,IN-DL-110054-9-100,REDEVELOPMENT_CONSOLIDATION,HISTORICAL_CADASTRE,CURRENT_CANONICAL,lineage,former plots,one redevelopment parcel,MAJOR,HIGH,Redevelopment consolidated old plots.,RESOLVED,Approved redevelopment plan + mutation chain,True,TC06_SEVERAL_HISTORICAL_TO_ONE_CURRENT;TC08_CROSS_CELL_MERGE;TC22_REDEVELOPMENT_CONSOLIDATION,,
CNF-00615,IN-DL-110054-9-91,REDEVELOPMENT_CONSOLIDATION,HISTORICAL_CADASTRE,CURRENT_CANONICAL,lineage,former plots,one redevelopment parcel,MAJOR,HIGH,Redevelopment consolidated old plots.,RESOLVED,Approved redevelopment plan + mutation chain,True,TC07_PARCEL_SPLIT;TC22_REDEVELOPMENT_CONSOLIDATION,,
CNF-00616,IN-DL-110054-2-88,REDEVELOPMENT_CONSOLIDATION,HISTORICAL_CADASTRE,CURRENT_CANONICAL,lineage,former plots,one redevelopment parcel,MAJOR,HIGH,Redevelopment consolidated old plots.,RESOLVED,Approved redevelopment plan + mutation chain,True,TC18_AMBIGUOUS_CANDIDATE_MATCH;TC22_REDEVELOPMENT_CONSOLIDATION,,
CNF-00617,IN-DL-110054-9-97,REDEVELOPMENT_CONSOLIDATION,HISTORICAL_CADASTRE,CURRENT_CANONICAL,lineage,former plots,one redevelopment parcel,MAJOR,HIGH,Redevelopment consolidated old plots.,RESOLVED,Approved redevelopment plan + mutation chain,True,TC22_REDEVELOPMENT_CONSOLIDATION,,
CNF-00618,IN-DL-110054-10-34,INCORRECT_MUTATION_ROLLED_BACK,MUTATION_REGISTER,GEOGIT_HISTORY,ownership/geometry,incorrect mutation,rolled back state,MAJOR,HIGH,Incorrect mutation was applied then reverted.,RESOLVED,Rollback audit,True,TC22_REDEVELOPMENT_CONSOLIDATION;TC23_INCORRECT_MUTATION_ROLLED_BACK,,
CNF-00619,IN-DL-110054-2-31,INCORRECT_MUTATION_ROLLED_BACK,MUTATION_REGISTER,GEOGIT_HISTORY,ownership/geometry,incorrect mutation,rolled back state,MAJOR,HIGH,Incorrect mutation was applied then reverted.,RESOLVED,Rollback audit,True,TC23_INCORRECT_MUTATION_ROLLED_BACK,,
CNF-00620,IN-DL-110054-5-70,INCORRECT_MUTATION_ROLLED_BACK,MUTATION_REGISTER,GEOGIT_HISTORY,ownership/geometry,incorrect mutation,rolled back state,MAJOR,HIGH,Incorrect mutation was applied then reverted.,RESOLVED,Rollback audit,True,TC23_INCORRECT_MUTATION_ROLLED_BACK,,
CNF-00621,IN-DL-110054-2-73,INCORRECT_MUTATION_ROLLED_BACK,MUTATION_REGISTER,GEOGIT_HISTORY,ownership/geometry,incorrect mutation,rolled back state,MAJOR,HIGH,Incorrect mutation was applied then reverted.,RESOLVED,Rollback audit,True,TC23_INCORRECT_MUTATION_ROLLED_BACK,,
CNF-00622,IN-DL-110054-1-74,INCORRECT_MUTATION_ROLLED_BACK,MUTATION_REGISTER,GEOGIT_HISTORY,ownership/geometry,incorrect mutation,rolled back state,MAJOR,HIGH,Incorrect mutation was applied then reverted.,RESOLVED,Rollback audit,True,TC23_INCORRECT_MUTATION_ROLLED_BACK,,
CNF-00623,IN-DL-110054-2-80,INCORRECT_MUTATION_ROLLED_BACK,MUTATION_REGISTER,GEOGIT_HISTORY,ownership/geometry,incorrect mutation,rolled back state,MAJOR,HIGH,Incorrect mutation was applied then reverted.,RESOLVED,Rollback audit,True,TC23_INCORRECT_MUTATION_ROLLED_BACK,,
CNF-00624,IN-DL-110054-6-48,INCORRECT_MUTATION_ROLLED_BACK,MUTATION_REGISTER,GEOGIT_HISTORY,ownership/geometry,incorrect mutation,rolled back state,MAJOR,HIGH,Incorrect mutation was applied then reverted.,RESOLVED,Rollback audit,True,TC23_INCORRECT_MUTATION_ROLLED_BACK,,
CNF-00625,IN-DL-110054-5-68,INCORRECT_MUTATION_ROLLED_BACK,MUTATION_REGISTER,GEOGIT_HISTORY,ownership/geometry,incorrect mutation,rolled back state,MAJOR,HIGH,Incorrect mutation was applied then reverted.,RESOLVED,Rollback audit,True,TC23_INCORRECT_MUTATION_ROLLED_BACK,,
CNF-00626,IN-DL-110054-5-88,LEGAL_APPROVAL_DECIDED_REJECTED,STRONG_SPATIAL_EVIDENCE,AUTHORITY_GATE,authoritative_state,high-confidence proposal,previous legal state remains,MAJOR,HIGH,"Strong spatial evidence reached the authority gate; the proposal was reviewed and rejected, so the previous legal state remains authoritative.",RESOLVED,None — authorized review rejected the proposal,False,TC18_AMBIGUOUS_CANDIDATE_MATCH,,
CNF-00627,IN-DL-110054-3-43,LEGAL_APPROVAL_PENDING,STRONG_SPATIAL_EVIDENCE,AUTHORITY_GATE,authoritative_state,high-confidence proposal,previous legal state remains,MAJOR,HIGH,Strong evidence exists but legal/human approval is pending.,OPEN,Authorized human decision,True,TC02_SLIGHT_GEOMETRY_SHIFT;TC25_STRONG_EVIDENCE_PENDING_APPROVAL,,
CNF-00628,IN-DL-110054-1-23,LEGAL_APPROVAL_PENDING,STRONG_SPATIAL_EVIDENCE,AUTHORITY_GATE,authoritative_state,high-confidence proposal,previous legal state remains,MAJOR,HIGH,Strong evidence exists but legal/human approval is pending.,OPEN,Authorized human decision,True,TC05_ONE_CADASTRAL_TO_SEVERAL_MUNICIPAL;TC14_PHYSICAL_OCCUPATION_VS_LEGAL_GEOMETRY;TC25_STRONG_EVIDENCE_PENDING_APPROVAL,,
CNF-00629,IN-DL-110054-4-49,LEGAL_APPROVAL_PENDING,STRONG_SPATIAL_EVIDENCE,AUTHORITY_GATE,authoritative_state,high-confidence proposal,previous legal state remains,MAJOR,HIGH,Strong evidence exists but legal/human approval is pending.,OPEN,Authorized human decision,True,TC25_STRONG_EVIDENCE_PENDING_APPROVAL,,
CNF-00630,IN-DL-110054-6-89,LEGAL_APPROVAL_PENDING,STRONG_SPATIAL_EVIDENCE,AUTHORITY_GATE,authoritative_state,high-confidence proposal,previous legal state remains,MAJOR,HIGH,Strong evidence exists but legal/human approval is pending.,OPEN,Authorized human decision,True,TC25_STRONG_EVIDENCE_PENDING_APPROVAL,,
CNF-00631,IN-DL-110054-4-25,LEGAL_APPROVAL_PENDING,STRONG_SPATIAL_EVIDENCE,AUTHORITY_GATE,authoritative_state,high-confidence proposal,previous legal state remains,MAJOR,HIGH,Strong evidence exists but legal/human approval is pending.,OPEN,Authorized human decision,True,TC25_STRONG_EVIDENCE_PENDING_APPROVAL,,
CNF-00632,IN-DL-110054-5-37,LEGAL_APPROVAL_PENDING,STRONG_SPATIAL_EVIDENCE,AUTHORITY_GATE,authoritative_state,high-confidence proposal,previous legal state remains,MAJOR,HIGH,Strong evidence exists but legal/human approval is pending.,OPEN,Authorized human decision,True,TC25_STRONG_EVIDENCE_PENDING_APPROVAL,,
CNF-00633,IN-DL-110054-8-74,LEGAL_APPROVAL_PENDING,STRONG_SPATIAL_EVIDENCE,AUTHORITY_GATE,authoritative_state,high-confidence proposal,previous legal state remains,MAJOR,HIGH,Strong evidence exists but legal/human approval is pending.,OPEN,Authorized human decision,True,TC25_STRONG_EVIDENCE_PENDING_APPROVAL,,
CNF-00634,IN-DL-110054-9-20,LEGAL_APPROVAL_PENDING,STRONG_SPATIAL_EVIDENCE,AUTHORITY_GATE,authoritative_state,high-confidence proposal,previous legal state remains,MAJOR,HIGH,Strong evidence exists but legal/human approval is pending.,OPEN,Authorized human decision,True,TC25_STRONG_EVIDENCE_PENDING_APPROVAL,,
CNF-00635,IN-DL-110054-2-93,LEGAL_APPROVAL_PENDING,STRONG_SPATIAL_EVIDENCE,AUTHORITY_GATE,authoritative_state,high-confidence proposal,previous legal state remains,MAJOR,HIGH,Strong evidence exists but legal/human approval is pending.,OPEN,Authorized human decision,True,TC02_SLIGHT_GEOMETRY_SHIFT;TC03_SIGNIFICANT_LOCAL_DISTORTION;TC06_SEVERAL_HISTORICAL_TO_ONE_CURRENT;TC25_STRONG_EVIDENCE_PENDING_APPROVAL,,
CNF-00636,IN-DL-110054-9-61,LEGAL_APPROVAL_PENDING,STRONG_SPATIAL_EVIDENCE,AUTHORITY_GATE,authoritative_state,high-confidence proposal,previous legal state remains,MAJOR,HIGH,Strong evidence exists but legal/human approval is pending.,OPEN,Authorized human decision,True,TC21_ROAD_WIDENING_BOUNDARY_CORRECTION;TC25_STRONG_EVIDENCE_PENDING_APPROVAL,,
CNF-00637,IN-DL-110054-6-46,LEGAL_APPROVAL_PENDING,STRONG_SPATIAL_EVIDENCE,AUTHORITY_GATE,authoritative_state,high-confidence proposal,previous legal state remains,MAJOR,HIGH,Strong evidence exists but legal/human approval is pending.,OPEN,Authorized human decision,True,TC02_SLIGHT_GEOMETRY_SHIFT;TC10_OWNERSHIP_CONFLICT;TC25_STRONG_EVIDENCE_PENDING_APPROVAL,,
CNF-00638,IN-DL-110054-4-34,LEGAL_APPROVAL_PENDING,STRONG_SPATIAL_EVIDENCE,AUTHORITY_GATE,authoritative_state,high-confidence proposal,previous legal state remains,MAJOR,HIGH,Strong evidence exists but legal/human approval is pending.,OPEN,Authorized human decision,True,TC25_STRONG_EVIDENCE_PENDING_APPROVAL,,
CNF-00639,IN-DL-110054-10-72,LEGAL_APPROVAL_PENDING,STRONG_SPATIAL_EVIDENCE,AUTHORITY_GATE,authoritative_state,high-confidence proposal,previous legal state remains,MAJOR,HIGH,Strong evidence exists but legal/human approval is pending.,OPEN,Authorized human decision,True,TC10_OWNERSHIP_CONFLICT;TC25_STRONG_EVIDENCE_PENDING_APPROVAL,,
CNF-00640,IN-DL-110054-9-87,LEGAL_APPROVAL_PENDING,STRONG_SPATIAL_EVIDENCE,AUTHORITY_GATE,authoritative_state,high-confidence proposal,previous legal state remains,MAJOR,HIGH,Strong evidence exists but legal/human approval is pending.,OPEN,Authorized human decision,True,TC25_STRONG_EVIDENCE_PENDING_APPROVAL,,
CNF-00641,IN-DL-110054-5-49,LEGAL_APPROVAL_PENDING,STRONG_SPATIAL_EVIDENCE,AUTHORITY_GATE,authoritative_state,high-confidence proposal,previous legal state remains,MAJOR,HIGH,Strong evidence exists but legal/human approval is pending.,OPEN,Authorized human decision,True,TC25_STRONG_EVIDENCE_PENDING_APPROVAL,,
CNF-00642,IN-DL-110054-10-60,LEGAL_APPROVAL_PENDING,STRONG_SPATIAL_EVIDENCE,AUTHORITY_GATE,authoritative_state,high-confidence proposal,previous legal state remains,MAJOR,HIGH,Strong evidence exists but legal/human approval is pending.,OPEN,Authorized human decision,True,TC25_STRONG_EVIDENCE_PENDING_APPROVAL,,
CNF-00643,IN-DL-110054-10-66,LEGAL_APPROVAL_PENDING,STRONG_SPATIAL_EVIDENCE,AUTHORITY_GATE,authoritative_state,high-confidence proposal,previous legal state remains,MAJOR,HIGH,Strong evidence exists but legal/human approval is pending.,OPEN,Authorized human decision,True,TC25_STRONG_EVIDENCE_PENDING_APPROVAL,,
CNF-00644,IN-DL-110054-9-84,LEGAL_APPROVAL_DECIDED_REJECTED,STRONG_SPATIAL_EVIDENCE,AUTHORITY_GATE,authoritative_state,high-confidence proposal,previous legal state remains,MAJOR,HIGH,"Strong spatial evidence reached the authority gate; the proposal was reviewed and rejected, so the previous legal state remains authoritative.",RESOLVED,None — authorized review rejected the proposal,False,TC02_SLIGHT_GEOMETRY_SHIFT;TC11_GOVERNMENT_PRIVATE_OWNERSHIP_CONFLICT;TC17_MISSING_SOURCE_RECORD;TC18_AMBIGUOUS_CANDIDATE_MATCH,,
CNF-00645,IN-DL-110054-7-33,LEGAL_APPROVAL_PENDING,STRONG_SPATIAL_EVIDENCE,AUTHORITY_GATE,authoritative_state,high-confidence proposal,previous legal state remains,MAJOR,HIGH,Strong evidence exists but legal/human approval is pending.,OPEN,Authorized human decision,True,TC25_STRONG_EVIDENCE_PENDING_APPROVAL,,
CNF-00646,IN-DL-110054-9-79,LEGAL_APPROVAL_PENDING,STRONG_SPATIAL_EVIDENCE,AUTHORITY_GATE,authoritative_state,high-confidence proposal,previous legal state remains,MAJOR,HIGH,Strong evidence exists but legal/human approval is pending.,OPEN,Authorized human decision,True,TC25_STRONG_EVIDENCE_PENDING_APPROVAL,,
CNF-00647,IN-DL-110054-5-98,LEGAL_APPROVAL_PENDING,STRONG_SPATIAL_EVIDENCE,AUTHORITY_GATE,authoritative_state,high-confidence proposal,previous legal state remains,MAJOR,HIGH,Strong evidence exists but legal/human approval is pending.,OPEN,Authorized human decision,True,TC25_STRONG_EVIDENCE_PENDING_APPROVAL,,
CNF-00648,IN-DL-110054-1-101,HISTORICAL_ID_REFERENCE,CADASTRAL_REVENUE,PARCEL_LINEAGE,parcel_id,IN-DL-110054-1-101,historical_parent=IN-DL-110054-1-101; children=IN-DL-110054-1-91;IN-DL-110054-1-92,MODERATE,HIGH,Downstream source still references retired ID.,OPEN,Identifier crosswalk,True,TC24_HISTORICAL_ID_STILL_REFERENCED,OBS-004271,
CNF-00649,IN-DL-110054-1-102,OUTDATED_RETIRED_PARCEL_ACTIVE,CADASTRAL_REVENUE,CANONICAL_REGISTRY,record_status,OUTDATED_RETIRED_PARCEL,HISTORICAL_RETIRED,MAJOR,HIGH,Retired parcel still appears active in an older source.,OPEN,Mutation register / refresh,True,TC16_OUTDATED_SOURCE_CONTAINS_RETIRED_PARCEL,OBS-004272,
CNF-00650,IN-DL-110054-1-103,HISTORICAL_ID_REFERENCE,CADASTRAL_REVENUE,PARCEL_LINEAGE,parcel_id,IN-DL-110054-1-103,historical_parent=IN-DL-110054-1-103; children=IN-DL-110054-1-93,MODERATE,HIGH,Downstream source still references retired ID.,OPEN,Identifier crosswalk,True,TC24_HISTORICAL_ID_STILL_REFERENCED,OBS-004274,
CNF-00651,IN-DL-110054-1-104,OUTDATED_RETIRED_PARCEL_ACTIVE,CADASTRAL_REVENUE,CANONICAL_REGISTRY,record_status,OUTDATED_RETIRED_PARCEL,HISTORICAL_RETIRED,MAJOR,HIGH,Retired parcel still appears active in an older source.,OPEN,Mutation register / refresh,True,TC16_OUTDATED_SOURCE_CONTAINS_RETIRED_PARCEL,OBS-004275,
CNF-00652,IN-DL-110054-1-105,OUTDATED_RETIRED_PARCEL_ACTIVE,CADASTRAL_REVENUE,CANONICAL_REGISTRY,record_status,OUTDATED_RETIRED_PARCEL,HISTORICAL_RETIRED,MAJOR,HIGH,Retired parcel still appears active in an older source.,OPEN,Mutation register / refresh,True,TC16_OUTDATED_SOURCE_CONTAINS_RETIRED_PARCEL,OBS-004277,
CNF-00653,IN-DL-110054-1-106,HISTORICAL_ID_REFERENCE,CADASTRAL_REVENUE,PARCEL_LINEAGE,parcel_id,IN-DL-110054-1-106,historical_parent=IN-DL-110054-1-106; children=IN-DL-110054-1-95;IN-DL-110054-1-96,MODERATE,HIGH,Downstream source still references retired ID.,OPEN,Identifier crosswalk,True,TC24_HISTORICAL_ID_STILL_REFERENCED,OBS-004279,
CNF-00654,IN-DL-110054-2-102,OUTDATED_RETIRED_PARCEL_ACTIVE,CADASTRAL_REVENUE,CANONICAL_REGISTRY,record_status,OUTDATED_RETIRED_PARCEL,HISTORICAL_RETIRED,MAJOR,HIGH,Retired parcel still appears active in an older source.,OPEN,Mutation register / refresh,True,TC16_OUTDATED_SOURCE_CONTAINS_RETIRED_PARCEL,OBS-004281,
CNF-00655,IN-DL-110054-2-104,OUTDATED_RETIRED_PARCEL_ACTIVE,CADASTRAL_REVENUE,CANONICAL_REGISTRY,record_status,OUTDATED_RETIRED_PARCEL,HISTORICAL_RETIRED,MAJOR,HIGH,Retired parcel still appears active in an older source.,OPEN,Mutation register / refresh,True,TC16_OUTDATED_SOURCE_CONTAINS_RETIRED_PARCEL,OBS-004284,
CNF-00656,IN-DL-110054-2-105,HISTORICAL_ID_REFERENCE,CADASTRAL_REVENUE,PARCEL_LINEAGE,parcel_id,IN-DL-110054-2-105,historical_parent=IN-DL-110054-2-105; children=IN-DL-110054-2-94,MODERATE,HIGH,Downstream source still references retired ID.,OPEN,Identifier crosswalk,True,TC24_HISTORICAL_ID_STILL_REFERENCED,OBS-004286,
CNF-00657,IN-DL-110054-2-106,OUTDATED_RETIRED_PARCEL_ACTIVE,CADASTRAL_REVENUE,CANONICAL_REGISTRY,record_status,OUTDATED_RETIRED_PARCEL,HISTORICAL_RETIRED,MAJOR,HIGH,Retired parcel still appears active in an older source.,OPEN,Mutation register / refresh,True,TC16_OUTDATED_SOURCE_CONTAINS_RETIRED_PARCEL,OBS-004287,
CNF-00658,IN-DL-110054-3-101,OUTDATED_RETIRED_PARCEL_ACTIVE,CADASTRAL_REVENUE,CANONICAL_REGISTRY,record_status,OUTDATED_RETIRED_PARCEL,HISTORICAL_RETIRED,MAJOR,HIGH,Retired parcel still appears active in an older source.,OPEN,Mutation register / refresh,True,TC16_OUTDATED_SOURCE_CONTAINS_RETIRED_PARCEL,OBS-004289,
CNF-00659,IN-DL-110054-3-104,HISTORICAL_ID_REFERENCE,CADASTRAL_REVENUE,PARCEL_LINEAGE,parcel_id,IN-DL-110054-3-104,historical_parent=IN-DL-110054-3-104; children=IN-DL-110054-3-94,MODERATE,HIGH,Downstream source still references retired ID.,OPEN,Identifier crosswalk,True,TC24_HISTORICAL_ID_STILL_REFERENCED,OBS-004293,
CNF-00660,IN-DL-110054-3-105,OUTDATED_RETIRED_PARCEL_ACTIVE,CADASTRAL_REVENUE,CANONICAL_REGISTRY,record_status,OUTDATED_RETIRED_PARCEL,HISTORICAL_RETIRED,MAJOR,HIGH,Retired parcel still appears active in an older source.,OPEN,Mutation register / refresh,True,TC16_OUTDATED_SOURCE_CONTAINS_RETIRED_PARCEL,OBS-004294,
CNF-00661,IN-DL-110054-4-101,HISTORICAL_ID_REFERENCE,CADASTRAL_REVENUE,PARCEL_LINEAGE,parcel_id,IN-DL-110054-4-101,historical_parent=IN-DL-110054-4-101; children=IN-DL-110054-4-91;IN-DL-110054-4-92,MODERATE,HIGH,Downstream source still references retired ID.,OPEN,Identifier crosswalk,True,TC24_HISTORICAL_ID_STILL_REFERENCED,OBS-004297,
CNF-00662,IN-DL-110054-4-102,HISTORICAL_ID_REFERENCE,CADASTRAL_REVENUE,PARCEL_LINEAGE,parcel_id,IN-DL-110054-4-102,historical_parent=IN-DL-110054-4-102; children=IN-DL-110054-4-93,MODERATE,HIGH,Downstream source still references retired ID.,OPEN,Identifier crosswalk,True,TC24_HISTORICAL_ID_STILL_REFERENCED,OBS-004298,
CNF-00663,IN-DL-110054-4-103,OUTDATED_RETIRED_PARCEL_ACTIVE,CADASTRAL_REVENUE,CANONICAL_REGISTRY,record_status,OUTDATED_RETIRED_PARCEL,HISTORICAL_RETIRED,MAJOR,HIGH,Retired parcel still appears active in an older source.,OPEN,Mutation register / refresh,True,TC16_OUTDATED_SOURCE_CONTAINS_RETIRED_PARCEL,OBS-004299,
CNF-00664,IN-DL-110054-4-104,OUTDATED_RETIRED_PARCEL_ACTIVE,CADASTRAL_REVENUE,CANONICAL_REGISTRY,record_status,OUTDATED_RETIRED_PARCEL,HISTORICAL_RETIRED,MAJOR,HIGH,Retired parcel still appears active in an older source.,OPEN,Mutation register / refresh,True,TC16_OUTDATED_SOURCE_CONTAINS_RETIRED_PARCEL,OBS-004301,
CNF-00665,IN-DL-110054-4-105,HISTORICAL_ID_REFERENCE,CADASTRAL_REVENUE,PARCEL_LINEAGE,parcel_id,IN-DL-110054-4-105,historical_parent=IN-DL-110054-4-105; children=IN-DL-110054-4-94,MODERATE,HIGH,Downstream source still references retired ID.,OPEN,Identifier crosswalk,True,TC24_HISTORICAL_ID_STILL_REFERENCED,OBS-004303,
CNF-00666,IN-DL-110054-5-101,OUTDATED_RETIRED_PARCEL_ACTIVE,CADASTRAL_REVENUE,CANONICAL_REGISTRY,record_status,OUTDATED_RETIRED_PARCEL,HISTORICAL_RETIRED,MAJOR,HIGH,Retired parcel still appears active in an older source.,OPEN,Mutation register / refresh,True,TC16_OUTDATED_SOURCE_CONTAINS_RETIRED_PARCEL;TC24_HISTORICAL_ID_STILL_REFERENCED,OBS-004305,
CNF-00667,IN-DL-110054-5-101,HISTORICAL_ID_REFERENCE,CADASTRAL_REVENUE,PARCEL_LINEAGE,parcel_id,IN-DL-110054-5-101,historical_parent=IN-DL-110054-5-101; children=IN-DL-110054-5-91;IN-DL-110054-5-92,MODERATE,HIGH,Downstream source still references retired ID.,OPEN,Identifier crosswalk,True,TC16_OUTDATED_SOURCE_CONTAINS_RETIRED_PARCEL;TC24_HISTORICAL_ID_STILL_REFERENCED,OBS-004305,
CNF-00668,IN-DL-110054-5-102,OUTDATED_RETIRED_PARCEL_ACTIVE,CADASTRAL_REVENUE,CANONICAL_REGISTRY,record_status,OUTDATED_RETIRED_PARCEL,HISTORICAL_RETIRED,MAJOR,HIGH,Retired parcel still appears active in an older source.,OPEN,Mutation register / refresh,True,TC16_OUTDATED_SOURCE_CONTAINS_RETIRED_PARCEL;TC24_HISTORICAL_ID_STILL_REFERENCED,OBS-004307,
CNF-00669,IN-DL-110054-5-102,HISTORICAL_ID_REFERENCE,CADASTRAL_REVENUE,PARCEL_LINEAGE,parcel_id,IN-DL-110054-5-102,historical_parent=IN-DL-110054-5-102; children=IN-DL-110054-5-93,MODERATE,HIGH,Downstream source still references retired ID.,OPEN,Identifier crosswalk,True,TC16_OUTDATED_SOURCE_CONTAINS_RETIRED_PARCEL;TC24_HISTORICAL_ID_STILL_REFERENCED,OBS-004307,
CNF-00670,IN-DL-110054-5-104,OUTDATED_RETIRED_PARCEL_ACTIVE,CADASTRAL_REVENUE,CANONICAL_REGISTRY,record_status,OUTDATED_RETIRED_PARCEL,HISTORICAL_RETIRED,MAJOR,HIGH,Retired parcel still appears active in an older source.,OPEN,Mutation register / refresh,True,TC16_OUTDATED_SOURCE_CONTAINS_RETIRED_PARCEL;TC24_HISTORICAL_ID_STILL_REFERENCED,OBS-004310,
CNF-00671,IN-DL-110054-5-104,HISTORICAL_ID_REFERENCE,CADASTRAL_REVENUE,PARCEL_LINEAGE,parcel_id,IN-DL-110054-5-104,historical_parent=IN-DL-110054-5-104; children=IN-DL-110054-5-94,MODERATE,HIGH,Downstream source still references retired ID.,OPEN,Identifier crosswalk,True,TC16_OUTDATED_SOURCE_CONTAINS_RETIRED_PARCEL;TC24_HISTORICAL_ID_STILL_REFERENCED,OBS-004310,
CNF-00672,IN-DL-110054-5-105,OUTDATED_RETIRED_PARCEL_ACTIVE,CADASTRAL_REVENUE,CANONICAL_REGISTRY,record_status,OUTDATED_RETIRED_PARCEL,HISTORICAL_RETIRED,MAJOR,HIGH,Retired parcel still appears active in an older source.,OPEN,Mutation register / refresh,True,TC16_OUTDATED_SOURCE_CONTAINS_RETIRED_PARCEL,OBS-004312,
CNF-00673,IN-DL-110054-6-104,OUTDATED_RETIRED_PARCEL_ACTIVE,CADASTRAL_REVENUE,CANONICAL_REGISTRY,record_status,OUTDATED_RETIRED_PARCEL,HISTORICAL_RETIRED,MAJOR,HIGH,Retired parcel still appears active in an older source.,OPEN,Mutation register / refresh,True,TC16_OUTDATED_SOURCE_CONTAINS_RETIRED_PARCEL;TC24_HISTORICAL_ID_STILL_REFERENCED,OBS-004318,
CNF-00674,IN-DL-110054-6-104,HISTORICAL_ID_REFERENCE,CADASTRAL_REVENUE,PARCEL_LINEAGE,parcel_id,IN-DL-110054-6-104,historical_parent=IN-DL-110054-6-104; children=IN-DL-110054-6-94,MODERATE,HIGH,Downstream source still references retired ID.,OPEN,Identifier crosswalk,True,TC16_OUTDATED_SOURCE_CONTAINS_RETIRED_PARCEL;TC24_HISTORICAL_ID_STILL_REFERENCED,OBS-004318,
CNF-00675,IN-DL-110054-6-105,OUTDATED_RETIRED_PARCEL_ACTIVE,CADASTRAL_REVENUE,CANONICAL_REGISTRY,record_status,OUTDATED_RETIRED_PARCEL,HISTORICAL_RETIRED,MAJOR,HIGH,Retired parcel still appears active in an older source.,OPEN,Mutation register / refresh,True,TC16_OUTDATED_SOURCE_CONTAINS_RETIRED_PARCEL,OBS-004320,
CNF-00676,IN-DL-110054-6-106,OUTDATED_RETIRED_PARCEL_ACTIVE,CADASTRAL_REVENUE,CANONICAL_REGISTRY,record_status,OUTDATED_RETIRED_PARCEL,HISTORICAL_RETIRED,MAJOR,HIGH,Retired parcel still appears active in an older source.,OPEN,Mutation register / refresh,True,TC16_OUTDATED_SOURCE_CONTAINS_RETIRED_PARCEL,OBS-004322,
CNF-00677,IN-DL-110054-7-101,HISTORICAL_ID_REFERENCE,CADASTRAL_REVENUE,PARCEL_LINEAGE,parcel_id,IN-DL-110054-7-101,historical_parent=IN-DL-110054-7-101; children=IN-DL-110054-7-91;IN-DL-110054-7-92,MODERATE,HIGH,Downstream source still references retired ID.,OPEN,Identifier crosswalk,True,TC24_HISTORICAL_ID_STILL_REFERENCED,OBS-004324,
CNF-00678,IN-DL-110054-7-102,HISTORICAL_ID_REFERENCE,CADASTRAL_REVENUE,PARCEL_LINEAGE,parcel_id,IN-DL-110054-7-102,historical_parent=IN-DL-110054-7-102; children=IN-DL-110054-7-93,MODERATE,HIGH,Downstream source still references retired ID.,OPEN,Identifier crosswalk,True,TC24_HISTORICAL_ID_STILL_REFERENCED,OBS-004325,
CNF-00679,IN-DL-110054-7-104,HISTORICAL_ID_REFERENCE,CADASTRAL_REVENUE,PARCEL_LINEAGE,parcel_id,IN-DL-110054-7-104,historical_parent=IN-DL-110054-7-104; children=IN-DL-110054-7-94,MODERATE,HIGH,Downstream source still references retired ID.,OPEN,Identifier crosswalk,True,TC24_HISTORICAL_ID_STILL_REFERENCED,OBS-004327,
CNF-00680,IN-DL-110054-7-105,HISTORICAL_ID_REFERENCE,CADASTRAL_REVENUE,PARCEL_LINEAGE,parcel_id,IN-DL-110054-7-105,historical_parent=IN-DL-110054-7-105; children=IN-DL-110054-7-94,MODERATE,HIGH,Downstream source still references retired ID.,OPEN,Identifier crosswalk,True,TC24_HISTORICAL_ID_STILL_REFERENCED,OBS-004328,
CNF-00681,IN-DL-110054-7-106,OUTDATED_RETIRED_PARCEL_ACTIVE,CADASTRAL_REVENUE,CANONICAL_REGISTRY,record_status,OUTDATED_RETIRED_PARCEL,HISTORICAL_RETIRED,MAJOR,HIGH,Retired parcel still appears active in an older source.,OPEN,Mutation register / refresh,True,TC16_OUTDATED_SOURCE_CONTAINS_RETIRED_PARCEL,OBS-004329,
CNF-00682,IN-DL-110054-8-101,OUTDATED_RETIRED_PARCEL_ACTIVE,CADASTRAL_REVENUE,CANONICAL_REGISTRY,record_status,OUTDATED_RETIRED_PARCEL,HISTORICAL_RETIRED,MAJOR,HIGH,Retired parcel still appears active in an older source.,OPEN,Mutation register / refresh,True,TC16_OUTDATED_SOURCE_CONTAINS_RETIRED_PARCEL,OBS-004331,
CNF-00683,IN-DL-110054-8-102,OUTDATED_RETIRED_PARCEL_ACTIVE,CADASTRAL_REVENUE,CANONICAL_REGISTRY,record_status,OUTDATED_RETIRED_PARCEL,HISTORICAL_RETIRED,MAJOR,HIGH,Retired parcel still appears active in an older source.,OPEN,Mutation register / refresh,True,TC16_OUTDATED_SOURCE_CONTAINS_RETIRED_PARCEL,OBS-004333,
CNF-00684,IN-DL-110054-8-103,OUTDATED_RETIRED_PARCEL_ACTIVE,CADASTRAL_REVENUE,CANONICAL_REGISTRY,record_status,OUTDATED_RETIRED_PARCEL,HISTORICAL_RETIRED,MAJOR,HIGH,Retired parcel still appears active in an older source.,OPEN,Mutation register / refresh,True,TC16_OUTDATED_SOURCE_CONTAINS_RETIRED_PARCEL;TC24_HISTORICAL_ID_STILL_REFERENCED,OBS-004335,
CNF-00685,IN-DL-110054-8-103,HISTORICAL_ID_REFERENCE,CADASTRAL_REVENUE,PARCEL_LINEAGE,parcel_id,IN-DL-110054-8-103,historical_parent=IN-DL-110054-8-103; children=IN-DL-110054-8-93,MODERATE,HIGH,Downstream source still references retired ID.,OPEN,Identifier crosswalk,True,TC16_OUTDATED_SOURCE_CONTAINS_RETIRED_PARCEL;TC24_HISTORICAL_ID_STILL_REFERENCED,OBS-004335,
CNF-00686,IN-DL-110054-8-105,OUTDATED_RETIRED_PARCEL_ACTIVE,CADASTRAL_REVENUE,CANONICAL_REGISTRY,record_status,OUTDATED_RETIRED_PARCEL,HISTORICAL_RETIRED,MAJOR,HIGH,Retired parcel still appears active in an older source.,OPEN,Mutation register / refresh,True,TC16_OUTDATED_SOURCE_CONTAINS_RETIRED_PARCEL,OBS-004338,
CNF-00687,IN-DL-110054-9-104,OUTDATED_RETIRED_PARCEL_ACTIVE,CADASTRAL_REVENUE,CANONICAL_REGISTRY,record_status,OUTDATED_RETIRED_PARCEL,HISTORICAL_RETIRED,MAJOR,HIGH,Retired parcel still appears active in an older source.,OPEN,Mutation register / refresh,True,TC16_OUTDATED_SOURCE_CONTAINS_RETIRED_PARCEL;TC24_HISTORICAL_ID_STILL_REFERENCED,OBS-004344,
CNF-00688,IN-DL-110054-9-104,HISTORICAL_ID_REFERENCE,CADASTRAL_REVENUE,PARCEL_LINEAGE,parcel_id,IN-DL-110054-9-104,historical_parent=IN-DL-110054-9-104; children=IN-DL-110054-9-94,MODERATE,HIGH,Downstream source still references retired ID.,OPEN,Identifier crosswalk,True,TC16_OUTDATED_SOURCE_CONTAINS_RETIRED_PARCEL;TC24_HISTORICAL_ID_STILL_REFERENCED,OBS-004344,
CNF-00689,IN-DL-110054-9-105,HISTORICAL_ID_REFERENCE,CADASTRAL_REVENUE,PARCEL_LINEAGE,parcel_id,IN-DL-110054-9-105,historical_parent=IN-DL-110054-9-105; children=IN-DL-110054-9-94,MODERATE,HIGH,Downstream source still references retired ID.,OPEN,Identifier crosswalk,True,TC24_HISTORICAL_ID_STILL_REFERENCED,OBS-004346,
CNF-00690,IN-DL-110054-10-101,HISTORICAL_ID_REFERENCE,CADASTRAL_REVENUE,PARCEL_LINEAGE,parcel_id,IN-DL-110054-10-101,historical_parent=IN-DL-110054-10-101; children=IN-DL-110054-10-91;IN-DL-110054-10-92,MODERATE,HIGH,Downstream source still references retired ID.,OPEN,Identifier crosswalk,True,TC24_HISTORICAL_ID_STILL_REFERENCED,OBS-004348,
CNF-00691,IN-DL-110054-10-102,OUTDATED_RETIRED_PARCEL_ACTIVE,CADASTRAL_REVENUE,CANONICAL_REGISTRY,record_status,OUTDATED_RETIRED_PARCEL,HISTORICAL_RETIRED,MAJOR,HIGH,Retired parcel still appears active in an older source.,OPEN,Mutation register / refresh,True,TC16_OUTDATED_SOURCE_CONTAINS_RETIRED_PARCEL,OBS-004349,
CNF-00692,IN-DL-110054-4-91,SPLIT_NOT_REFLECTED,CADASTRAL_REVENUE,PARCEL_LINEAGE,lineage,IN-DL-110054-4-101,current_child=IN-DL-110054-4-91; parent=IN-DL-110054-4-101,MAJOR,HIGH,Lineage has not propagated consistently.,OPEN,Mutation register + lineage audit,True,TC04_DUPLICATE_SOURCE_PARCEL;TC07_PARCEL_SPLIT;TC15_GNSS_CONTRADICTS_OLD_CADASTRE,OBS-001645,
CNF-00693,IN-DL-110054-3-91,SPLIT_NOT_REFLECTED,CADASTRAL_REVENUE,PARCEL_LINEAGE,lineage,IN-DL-110054-3-101,current_child=IN-DL-110054-3-91; parent=IN-DL-110054-3-101,MAJOR,HIGH,Lineage has not propagated consistently.,OPEN,Mutation register + lineage audit,True,TC07_PARCEL_SPLIT,OBS-001201,
CNF-00694,IN-DL-110054-2-100,MERGE_NOT_REFLECTED,CADASTRAL_REVENUE,PARCEL_LINEAGE,lineage,IN-DL-110054-2-106,current_child=IN-DL-110054-2-100; parent=IN-DL-110054-2-106,MAJOR,HIGH,Lineage has not propagated consistently.,OPEN,Mutation register + lineage audit,True,TC09_CROSS_CELL_SPLIT,OBS-000794,
CNF-00695,IN-DL-110054-4-92,INCORRECT_PARENT_REFERENCE,CADASTRAL_REVENUE,PARCEL_LINEAGE,lineage,IN-DL-110054-4-101,current_child=IN-DL-110054-4-92; parent=IN-DL-110054-4-101,MAJOR,HIGH,Lineage has not propagated consistently.,OPEN,Mutation register + lineage audit,True,TC07_PARCEL_SPLIT,OBS-001651,
CNF-00696,IN-DL-110054-3-94,MERGE_NOT_REFLECTED,CADASTRAL_REVENUE,PARCEL_LINEAGE,lineage,IN-DL-110054-3-104;IN-DL-110054-3-105,current_child=IN-DL-110054-3-94; parent=IN-DL-110054-3-104;IN-DL-110054-3-105,MAJOR,HIGH,Lineage has not propagated consistently.,OPEN,Mutation register + lineage audit,True,TC04_DUPLICATE_SOURCE_PARCEL;TC06_SEVERAL_HISTORICAL_TO_ONE_CURRENT,OBS-001214,
CNF-00697,IN-DL-110054-7-94,INCORRECT_PARENT_REFERENCE,CADASTRAL_REVENUE,PARCEL_LINEAGE,lineage,IN-DL-110054-7-104;IN-DL-110054-7-105,current_child=IN-DL-110054-7-94; parent=IN-DL-110054-7-104;IN-DL-110054-7-105,MAJOR,HIGH,Lineage has not propagated consistently.,OPEN,Mutation register + lineage audit,True,,OBS-002938,
CNF-00698,IN-DL-110054-9-100,INCORRECT_PARENT_REFERENCE,CADASTRAL_REVENUE,PARCEL_LINEAGE,lineage,IN-DL-110054-8-106;IN-DL-110054-9-106,current_child=IN-DL-110054-9-100; parent=IN-DL-110054-8-106;IN-DL-110054-9-106,MAJOR,HIGH,Lineage has not propagated consistently.,OPEN,Mutation register + lineage audit,True,TC06_SEVERAL_HISTORICAL_TO_ONE_CURRENT;TC08_CROSS_CELL_MERGE;TC22_REDEVELOPMENT_CONSOLIDATION,OBS-003817,
CNF-00699,IN-DL-110054-1-92,INCORRECT_PARENT_REFERENCE,CADASTRAL_REVENUE,PARCEL_LINEAGE,lineage,IN-DL-110054-1-101,current_child=IN-DL-110054-1-92; parent=IN-DL-110054-1-101,MAJOR,HIGH,Lineage has not propagated consistently.,OPEN,Mutation register + lineage audit,True,TC07_PARCEL_SPLIT,OBS-000350,
CNF-00700,IN-DL-110054-10-91,INCORRECT_PARENT_REFERENCE,CADASTRAL_REVENUE,PARCEL_LINEAGE,lineage,IN-DL-110054-10-101,current_child=IN-DL-110054-10-91; parent=IN-DL-110054-10-101,MAJOR,HIGH,Lineage has not propagated consistently.,OPEN,Mutation register + lineage audit,True,TC03_SIGNIFICANT_LOCAL_DISTORTION;TC07_PARCEL_SPLIT,OBS-004225,
CNF-00701,IN-DL-110054-1-95,MERGE_NOT_REFLECTED,CADASTRAL_REVENUE,PARCEL_LINEAGE,lineage,IN-DL-110054-1-106,current_child=IN-DL-110054-1-95; parent=IN-DL-110054-1-106,MAJOR,HIGH,Lineage has not propagated consistently.,OPEN,Mutation register + lineage audit,True,TC04_DUPLICATE_SOURCE_PARCEL;TC07_PARCEL_SPLIT,OBS-000361,
CNF-00702,IN-DL-110054-4-94,SPLIT_NOT_REFLECTED,CADASTRAL_REVENUE,PARCEL_LINEAGE,lineage,IN-DL-110054-4-104;IN-DL-110054-4-105,current_child=IN-DL-110054-4-94; parent=IN-DL-110054-4-104;IN-DL-110054-4-105,MAJOR,HIGH,Lineage has not propagated consistently.,OPEN,Mutation register + lineage audit,True,TC06_SEVERAL_HISTORICAL_TO_ONE_CURRENT,OBS-001659,
CNF-00703,IN-DL-110054-4-93,MERGE_NOT_REFLECTED,CADASTRAL_REVENUE,PARCEL_LINEAGE,lineage,IN-DL-110054-4-102;IN-DL-110054-4-103,current_child=IN-DL-110054-4-93; parent=IN-DL-110054-4-102;IN-DL-110054-4-103,MAJOR,HIGH,Lineage has not propagated consistently.,OPEN,Mutation register + lineage audit,True,TC06_SEVERAL_HISTORICAL_TO_ONE_CURRENT,OBS-001654,
CNF-00704,IN-DL-110054-1-93,SPLIT_NOT_REFLECTED,CADASTRAL_REVENUE,PARCEL_LINEAGE,lineage,IN-DL-110054-1-102;IN-DL-110054-1-103,current_child=IN-DL-110054-1-93; parent=IN-DL-110054-1-102;IN-DL-110054-1-103,MAJOR,HIGH,Lineage has not propagated consistently.,OPEN,Mutation register + lineage audit,True,TC06_SEVERAL_HISTORICAL_TO_ONE_CURRENT,OBS-000353,
CNF-00705,IN-DL-110054-6-94,MERGE_NOT_REFLECTED,CADASTRAL_REVENUE,PARCEL_LINEAGE,lineage,IN-DL-110054-6-104;IN-DL-110054-6-105;IN-DL-110054-6-106,current_child=IN-DL-110054-6-94; parent=IN-DL-110054-6-104;IN-DL-110054-6-105;IN-DL-110054-6-106,MAJOR,HIGH,Lineage has not propagated consistently.,OPEN,Mutation register + lineage audit,True,TC06_SEVERAL_HISTORICAL_TO_ONE_CURRENT,OBS-002518,
CNF-00706,IN-DL-110054-10-94,INCORRECT_PARENT_REFERENCE,CADASTRAL_REVENUE,PARCEL_LINEAGE,lineage,IN-DL-110054-10-104;IN-DL-110054-10-105;IN-DL-110054-10-106,current_child=IN-DL-110054-10-94; parent=IN-DL-110054-10-104;IN-DL-110054-10-105;IN-DL-110054-10-106,MAJOR,HIGH,Lineage has not propagated consistently.,OPEN,Mutation register + lineage audit,True,TC06_SEVERAL_HISTORICAL_TO_ONE_CURRENT,OBS-004240,
CNF-00707,IN-DL-110054-2-94,MERGE_NOT_REFLECTED,CADASTRAL_REVENUE,PARCEL_LINEAGE,lineage,IN-DL-110054-2-104;IN-DL-110054-2-105,current_child=IN-DL-110054-2-94; parent=IN-DL-110054-2-104;IN-DL-110054-2-105,MAJOR,HIGH,Lineage has not propagated consistently.,OPEN,Mutation register + lineage audit,True,TC06_SEVERAL_HISTORICAL_TO_ONE_CURRENT,OBS-000769,
CNF-00708,IN-DL-110054-5-94,SPLIT_NOT_REFLECTED,CADASTRAL_REVENUE,PARCEL_LINEAGE,lineage,IN-DL-110054-5-104;IN-DL-110054-5-105,current_child=IN-DL-110054-5-94; parent=IN-DL-110054-5-104;IN-DL-110054-5-105,MAJOR,HIGH,Lineage has not propagated consistently.,OPEN,Mutation register + lineage audit,True,TC06_SEVERAL_HISTORICAL_TO_ONE_CURRENT,OBS-002108,
CNF-00709,IN-DL-110054-5-91,MERGE_NOT_REFLECTED,CADASTRAL_REVENUE,PARCEL_LINEAGE,lineage,IN-DL-110054-5-101,current_child=IN-DL-110054-5-91; parent=IN-DL-110054-5-101,MAJOR,HIGH,Lineage has not propagated consistently.,OPEN,Mutation register + lineage audit,True,TC07_PARCEL_SPLIT,OBS-002099,
CNF-00710,IN-DL-110054-9-94,MERGE_NOT_REFLECTED,CADASTRAL_REVENUE,PARCEL_LINEAGE,lineage,IN-DL-110054-9-104;IN-DL-110054-9-105,current_child=IN-DL-110054-9-94; parent=IN-DL-110054-9-104;IN-DL-110054-9-105,MAJOR,HIGH,Lineage has not propagated consistently.,OPEN,Mutation register + lineage audit,True,TC06_SEVERAL_HISTORICAL_TO_ONE_CURRENT,OBS-003786,
CNF-00711,IN-DL-110054-6-93,SPLIT_NOT_REFLECTED,CADASTRAL_REVENUE,PARCEL_LINEAGE,lineage,IN-DL-110054-6-102;IN-DL-110054-6-103,current_child=IN-DL-110054-6-93; parent=IN-DL-110054-6-102;IN-DL-110054-6-103,MAJOR,HIGH,Lineage has not propagated consistently.,OPEN,Mutation register + lineage audit,True,,OBS-002513,
CNF-00712,IN-DL-110054-3-92,SPLIT_NOT_REFLECTED,CADASTRAL_REVENUE,PARCEL_LINEAGE,lineage,IN-DL-110054-3-101,current_child=IN-DL-110054-3-92; parent=IN-DL-110054-3-101,MAJOR,HIGH,Lineage has not propagated consistently.,OPEN,Mutation register + lineage audit,True,TC07_PARCEL_SPLIT;TC19_ENCROACHMENT_INTO_PUBLIC_LAND,OBS-001205,
CNF-00713,IN-DL-110054-1-94,SPLIT_NOT_REFLECTED,CADASTRAL_REVENUE,PARCEL_LINEAGE,lineage,IN-DL-110054-1-104;IN-DL-110054-1-105,current_child=IN-DL-110054-1-94; parent=IN-DL-110054-1-104;IN-DL-110054-1-105,MAJOR,HIGH,Lineage has not propagated consistently.,OPEN,Mutation register + lineage audit,True,TC02_SLIGHT_GEOMETRY_SHIFT;TC06_SEVERAL_HISTORICAL_TO_ONE_CURRENT,OBS-000358,
CNF-00714,IN-DL-110054-5-93,SPLIT_NOT_REFLECTED,CADASTRAL_REVENUE,PARCEL_LINEAGE,lineage,IN-DL-110054-5-102;IN-DL-110054-5-103,current_child=IN-DL-110054-5-93; parent=IN-DL-110054-5-102;IN-DL-110054-5-103,MAJOR,HIGH,Lineage has not propagated consistently.,OPEN,Mutation register + lineage audit,True,TC06_SEVERAL_HISTORICAL_TO_ONE_CURRENT;TC18_AMBIGUOUS_CANDIDATE_MATCH,OBS-002105,
CNF-00715,IN-DL-110054-7-100,INCORRECT_PARENT_REFERENCE,CADASTRAL_REVENUE,PARCEL_LINEAGE,lineage,IN-DL-110054-7-106,current_child=IN-DL-110054-7-100; parent=IN-DL-110054-7-106,MAJOR,HIGH,Lineage has not propagated consistently.,OPEN,Mutation register + lineage audit,True,TC02_SLIGHT_GEOMETRY_SHIFT;TC09_CROSS_CELL_SPLIT;TC22_REDEVELOPMENT_CONSOLIDATION,OBS-002965,
CNF-00001,IN-DL-110054-1-10,OWNER_NAME_VARIATION,CADASTRAL_REVENUE,MUNICIPAL_PROPERTY,owner_name,Sneha Bansal,S. Bansal,MINOR,LOW,Abbreviation / formatting variation only.,RESOLVED,No extra evidence needed,False,,OBS-000041,OBS-000042
CNF-00004,IN-DL-110054-1-20,OWNER_NAME_VARIATION,CADASTRAL_REVENUE,MUNICIPAL_PROPERTY,owner_name,Aarav Aggarwal,A. Aggarwal,MINOR,LOW,Abbreviation / formatting variation only.,RESOLVED,No extra evidence needed,False,TC18_AMBIGUOUS_CANDIDATE_MATCH,OBS-000081,OBS-000082
CNF-00009,IN-DL-110054-1-40,OWNER_NAME_VARIATION,CADASTRAL_REVENUE,MUNICIPAL_PROPERTY,owner_name,Aarav Tiwari,A. Tiwari,MINOR,LOW,Abbreviation / formatting variation only.,RESOLVED,No extra evidence needed,False,,OBS-000154,OBS-000155
CNF-00012,IN-DL-110054-1-50,OWNER_NAME_VARIATION,CADASTRAL_REVENUE,MUNICIPAL_PROPERTY,owner_name,Sneha Chawla,S. Chawla,MINOR,LOW,Abbreviation / formatting variation only.,RESOLVED,No extra evidence needed,False,,OBS-000189,OBS-000190
CNF-00016,IN-DL-110054-1-70,OWNER_NAME_VARIATION,CADASTRAL_REVENUE,MUNICIPAL_PROPERTY,owner_name,Sneha Verma,S. Verma,MINOR,LOW,Abbreviation / formatting variation only.,RESOLVED,No extra evidence needed,False,TC02_SLIGHT_GEOMETRY_SHIFT,OBS-000264,OBS-000265
CNF-00019,IN-DL-110054-1-80,OWNER_NAME_VARIATION,CADASTRAL_REVENUE,MUNICIPAL_PROPERTY,owner_name,Aarav Mehta,A. Mehta,MINOR,LOW,Abbreviation / formatting variation only.,RESOLVED,No extra evidence needed,False,,OBS-000302,OBS-000303
CNF-00024,IN-DL-110054-1-100,OWNER_NAME_VARIATION,CADASTRAL_REVENUE,MUNICIPAL_PROPERTY,owner_name,Aarav Bansal,A. Bansal,MINOR,LOW,Abbreviation / formatting variation only.,RESOLVED,No extra evidence needed,False,,OBS-000385,OBS-000386
CNF-00025,IN-DL-110054-2-10,OWNER_NAME_VARIATION,CADASTRAL_REVENUE,MUNICIPAL_PROPERTY,owner_name,Sneha Aggarwal,S. Aggarwal,MINOR,LOW,Abbreviation / formatting variation only.,RESOLVED,No extra evidence needed,False,,OBS-000425,OBS-000426
CNF-00028,IN-DL-110054-2-20,OWNER_NAME_VARIATION,CADASTRAL_REVENUE,MUNICIPAL_PROPERTY,owner_name,Matrika Traders Association,M. Association,MINOR,LOW,Abbreviation / formatting variation only.,RESOLVED,No extra evidence needed,False,,OBS-000464,OBS-000465
CNF-00033,IN-DL-110054-2-40,OWNER_NAME_VARIATION,CADASTRAL_REVENUE,MUNICIPAL_PROPERTY,owner_name,Aarav Chawla,A. Chawla,MINOR,LOW,Abbreviation / formatting variation only.,RESOLVED,No extra evidence needed,False,,OBS-000541,OBS-000542
CNF-00036,IN-DL-110054-2-50,OWNER_NAME_VARIATION,CADASTRAL_REVENUE,MUNICIPAL_PROPERTY,owner_name,Sneha Bhatia,S. Bhatia,MINOR,LOW,Abbreviation / formatting variation only.,RESOLVED,No extra evidence needed,False,,OBS-000581,OBS-000582
CNF-00039,IN-DL-110054-2-70,OWNER_NAME_VARIATION,CADASTRAL_REVENUE,MUNICIPAL_PROPERTY,owner_name,Sneha Mehta,S. Mehta,MINOR,LOW,Abbreviation / formatting variation only.,RESOLVED,No extra evidence needed,False,,OBS-000665,OBS-000666
CNF-00042,IN-DL-110054-2-80,OWNER_NAME_VARIATION,CADASTRAL_REVENUE,MUNICIPAL_PROPERTY,owner_name,Aarav Khanna,A. Khanna,MINOR,LOW,Abbreviation / formatting variation only.,RESOLVED,No extra evidence needed,False,TC23_INCORRECT_MUTATION_ROLLED_BACK,OBS-000708,OBS-000709
CNF-00056,IN-DL-110054-3-70,OWNER_NAME_VARIATION,CADASTRAL_REVENUE,MUNICIPAL_PROPERTY,owner_name,Sneha Khanna,S. Khanna,MINOR,LOW,Abbreviation / formatting variation only.,RESOLVED,No extra evidence needed,False,,OBS-001122,OBS-001123
CNF-00059,IN-DL-110054-3-80,OWNER_NAME_VARIATION,CADASTRAL_REVENUE,MUNICIPAL_PROPERTY,owner_name,Aarav Bansal,A. Bansal,MINOR,LOW,Abbreviation / formatting variation only.,RESOLVED,No extra evidence needed,False,,OBS-001160,OBS-001161
CNF-00064,IN-DL-110054-3-100,OWNER_NAME_VARIATION,CADASTRAL_REVENUE,MUNICIPAL_PROPERTY,owner_name,Aarav Saxena,A. Saxena,MINOR,LOW,Abbreviation / formatting variation only.,RESOLVED,No extra evidence needed,False,,OBS-001242,OBS-001243
CNF-00065,IN-DL-110054-4-10,OWNER_NAME_VARIATION,CADASTRAL_REVENUE,MUNICIPAL_PROPERTY,owner_name,Pramaan Institute of Civic Studies,P. Studies,MINOR,LOW,Abbreviation / formatting variation only.,RESOLVED,No extra evidence needed,False,,OBS-001291,OBS-001292
CNF-00068,IN-DL-110054-4-20,OWNER_NAME_VARIATION,CADASTRAL_REVENUE,MUNICIPAL_PROPERTY,owner_name,Pramaan Institute of Civic Studies,P. Studies,MINOR,LOW,Abbreviation / formatting variation only.,RESOLVED,No extra evidence needed,False,,OBS-001334,OBS-001335
CNF-00073,IN-DL-110054-4-40,OWNER_NAME_VARIATION,CADASTRAL_REVENUE,MUNICIPAL_PROPERTY,owner_name,Pramaan Institute of Civic Studies,P. Studies,MINOR,LOW,Abbreviation / formatting variation only.,RESOLVED,No extra evidence needed,False,TC02_SLIGHT_GEOMETRY_SHIFT,OBS-001421,OBS-001422
CNF-00076,IN-DL-110054-4-50,OWNER_NAME_VARIATION,CADASTRAL_REVENUE,MUNICIPAL_PROPERTY,owner_name,Pramaan Institute of Civic Studies,P. Studies,MINOR,LOW,Abbreviation / formatting variation only.,RESOLVED,No extra evidence needed,False,TC13_BUILDING_CROSSES_BOUNDARY,OBS-001464,OBS-001465
CNF-00080,IN-DL-110054-4-70,OWNER_NAME_VARIATION,CADASTRAL_REVENUE,MUNICIPAL_PROPERTY,owner_name,Pramaan Institute of Civic Studies,P. Studies,MINOR,LOW,Abbreviation / formatting variation only.,RESOLVED,No extra evidence needed,False,TC15_GNSS_CONTRADICTS_OLD_CADASTRE,OBS-001554,OBS-001555
CNF-00087,IN-DL-110054-4-100,OWNER_NAME_VARIATION,CADASTRAL_REVENUE,MUNICIPAL_PROPERTY,owner_name,Aarav Tiwari,A. Tiwari,MINOR,LOW,Abbreviation / formatting variation only.,RESOLVED,No extra evidence needed,False,TC05_ONE_CADASTRAL_TO_SEVERAL_MUNICIPAL,OBS-001682,OBS-001683
CNF-00088,IN-DL-110054-5-10,OWNER_NAME_VARIATION,CADASTRAL_REVENUE,MUNICIPAL_PROPERTY,owner_name,Aarohan Heights Residents Association,A. Association,MINOR,LOW,Abbreviation / formatting variation only.,RESOLVED,No extra evidence needed,False,,OBS-001730,OBS-001731
CNF-00091,IN-DL-110054-5-20,OWNER_NAME_VARIATION,CADASTRAL_REVENUE,MUNICIPAL_PROPERTY,owner_name,Aarohan Heights Residents Association,A. Association,MINOR,LOW,Abbreviation / formatting variation only.,RESOLVED,No extra evidence needed,False,TC21_ROAD_WIDENING_BOUNDARY_CORRECTION,OBS-001775,OBS-001776
CNF-00096,IN-DL-110054-5-40,OWNER_NAME_VARIATION,CADASTRAL_REVENUE,MUNICIPAL_PROPERTY,owner_name,Aarohan Heights Residents Association,A. Association,MINOR,LOW,Abbreviation / formatting variation only.,RESOLVED,No extra evidence needed,False,,OBS-001867,OBS-001868
CNF-00099,IN-DL-110054-5-50,OWNER_NAME_VARIATION,CADASTRAL_REVENUE,MUNICIPAL_PROPERTY,owner_name,Aarohan Heights Residents Association,A. Association,MINOR,LOW,Abbreviation / formatting variation only.,RESOLVED,No extra evidence needed,False,TC21_ROAD_WIDENING_BOUNDARY_CORRECTION,OBS-001918,OBS-001919
CNF-00103,IN-DL-110054-5-70,OWNER_NAME_VARIATION,CADASTRAL_REVENUE,MUNICIPAL_PROPERTY,owner_name,Aarohan Heights Residents Association,A. Association,MINOR,LOW,Abbreviation / formatting variation only.,RESOLVED,No extra evidence needed,False,TC23_INCORRECT_MUTATION_ROLLED_BACK,OBS-002004,OBS-002005
CNF-00105,IN-DL-110054-5-80,OWNER_NAME_VARIATION,CADASTRAL_REVENUE,MUNICIPAL_PROPERTY,owner_name,Pramaan Redevelopment LLP,P. LLP,MINOR,LOW,Abbreviation / formatting variation only.,RESOLVED,No extra evidence needed,False,TC18_AMBIGUOUS_CANDIDATE_MATCH,OBS-002049,OBS-002050
CNF-00110,IN-DL-110054-5-100,OWNER_NAME_VARIATION,CADASTRAL_REVENUE,MUNICIPAL_PROPERTY,owner_name,Pramaan Redevelopment LLP,P. LLP,MINOR,LOW,Abbreviation / formatting variation only.,RESOLVED,No extra evidence needed,False,TC06_SEVERAL_HISTORICAL_TO_ONE_CURRENT;TC08_CROSS_CELL_MERGE,OBS-002134,OBS-002135
CNF-00111,IN-DL-110054-6-10,OWNER_NAME_VARIATION,CADASTRAL_REVENUE,MUNICIPAL_PROPERTY,owner_name,Sneha Bhatia,S. Bhatia,MINOR,LOW,Abbreviation / formatting variation only.,RESOLVED,No extra evidence needed,False,TC14_PHYSICAL_OCCUPATION_VS_LEGAL_GEOMETRY,OBS-002180,OBS-002181
CNF-00114,IN-DL-110054-6-20,OWNER_NAME_VARIATION,CADASTRAL_REVENUE,MUNICIPAL_PROPERTY,owner_name,Aarav Verma,A. Verma,MINOR,LOW,Abbreviation / formatting variation only.,RESOLVED,No extra evidence needed,False,,OBS-002224,OBS-002225
CNF-00118,IN-DL-110054-6-40,OWNER_NAME_VARIATION,CADASTRAL_REVENUE,MUNICIPAL_PROPERTY,owner_name,Aarav Khanna,A. Khanna,MINOR,LOW,Abbreviation / formatting variation only.,RESOLVED,No extra evidence needed,False,,OBS-002303,OBS-002304
CNF-00121,IN-DL-110054-6-50,OWNER_NAME_VARIATION,CADASTRAL_REVENUE,MUNICIPAL_PROPERTY,owner_name,Sneha Bansal,S. Bansal,MINOR,LOW,Abbreviation / formatting variation only.,RESOLVED,No extra evidence needed,False,,OBS-002344,OBS-002345
CNF-00125,IN-DL-110054-6-70,OWNER_NAME_VARIATION,CADASTRAL_REVENUE,MUNICIPAL_PROPERTY,owner_name,Sneha Saxena,S. Saxena,MINOR,LOW,Abbreviation / formatting variation only.,RESOLVED,No extra evidence needed,False,,OBS-002423,OBS-002424
CNF-00128,IN-DL-110054-6-80,OWNER_NAME_VARIATION,CADASTRAL_REVENUE,MUNICIPAL_PROPERTY,owner_name,Aarav Tiwari,A. Tiwari,MINOR,LOW,Abbreviation / formatting variation only.,RESOLVED,No extra evidence needed,False,,OBS-002460,OBS-002461
CNF-00133,IN-DL-110054-6-100,OWNER_NAME_VARIATION,CADASTRAL_REVENUE,MUNICIPAL_PROPERTY,owner_name,Aarav Bhatia,A. Bhatia,MINOR,LOW,Abbreviation / formatting variation only.,RESOLVED,No extra evidence needed,False,TC02_SLIGHT_GEOMETRY_SHIFT,OBS-002544,OBS-002545
CNF-00134,IN-DL-110054-7-10,OWNER_NAME_VARIATION,CADASTRAL_REVENUE,MUNICIPAL_PROPERTY,owner_name,Sneha Verma,S. Verma,MINOR,LOW,Abbreviation / formatting variation only.,RESOLVED,No extra evidence needed,False,,OBS-002580,OBS-002581
CNF-00137,IN-DL-110054-7-20,OWNER_NAME_VARIATION,CADASTRAL_REVENUE,MUNICIPAL_PROPERTY,owner_name,Aarav Mehta,A. Mehta,MINOR,LOW,Abbreviation / formatting variation only.,RESOLVED,No extra evidence needed,False,TC21_ROAD_WIDENING_BOUNDARY_CORRECTION,OBS-002624,OBS-002625
CNF-00142,IN-DL-110054-7-40,OWNER_NAME_VARIATION,CADASTRAL_REVENUE,MUNICIPAL_PROPERTY,owner_name,Aarav Bansal,A. Bansal,MINOR,LOW,Abbreviation / formatting variation only.,RESOLVED,No extra evidence needed,False,,OBS-002707,OBS-002708
CNF-00145,IN-DL-110054-7-50,OWNER_NAME_VARIATION,CADASTRAL_REVENUE,MUNICIPAL_PROPERTY,owner_name,Sneha Aggarwal,S. Aggarwal,MINOR,LOW,Abbreviation / formatting variation only.,RESOLVED,No extra evidence needed,False,,OBS-002751,OBS-002752
CNF-00149,IN-DL-110054-7-70,OWNER_NAME_VARIATION,CADASTRAL_REVENUE,MUNICIPAL_PROPERTY,owner_name,Sneha Tiwari,S. Tiwari,MINOR,LOW,Abbreviation / formatting variation only.,RESOLVED,No extra evidence needed,False,,OBS-002825,OBS-002826
CNF-00152,IN-DL-110054-7-80,OWNER_NAME_VARIATION,CADASTRAL_REVENUE,MUNICIPAL_PROPERTY,owner_name,Aarav Chawla,A. Chawla,MINOR,LOW,Abbreviation / formatting variation only.,RESOLVED,No extra evidence needed,False,,OBS-002873,OBS-002874
CNF-00157,IN-DL-110054-7-100,OWNER_NAME_VARIATION,CADASTRAL_REVENUE,MUNICIPAL_PROPERTY,owner_name,Pramaan Redevelopment LLP,P. LLP,MINOR,LOW,Abbreviation / formatting variation only.,RESOLVED,No extra evidence needed,False,TC02_SLIGHT_GEOMETRY_SHIFT;TC09_CROSS_CELL_SPLIT;TC22_REDEVELOPMENT_CONSOLIDATION,OBS-002965,OBS-002966
CNF-00162,IN-DL-110054-8-40,OWNER_NAME_VARIATION,CADASTRAL_REVENUE,MUNICIPAL_PROPERTY,owner_name,Pramaan Community Health Trust,P. Trust,MINOR,LOW,Abbreviation / formatting variation only.,RESOLVED,No extra evidence needed,False,,OBS-003142,OBS-003143
CNF-00165,IN-DL-110054-8-50,OWNER_NAME_VARIATION,CADASTRAL_REVENUE,MUNICIPAL_PROPERTY,owner_name,Pramaan Community Trust,P. Trust,MINOR,LOW,Abbreviation / formatting variation only.,RESOLVED,No extra evidence needed,False,,OBS-003180,OBS-003181
CNF-00169,IN-DL-110054-8-70,OWNER_NAME_VARIATION,CADASTRAL_REVENUE,MUNICIPAL_PROPERTY,owner_name,Pramaan Community Health Trust,P. Trust,MINOR,LOW,Abbreviation / formatting variation only.,RESOLVED,No extra evidence needed,False,,OBS-003261,OBS-003262
CNF-00172,IN-DL-110054-8-80,OWNER_NAME_VARIATION,CADASTRAL_REVENUE,MUNICIPAL_PROPERTY,owner_name,Pramaan Community Trust,P. Trust,MINOR,LOW,Abbreviation / formatting variation only.,RESOLVED,No extra evidence needed,False,,OBS-003305,OBS-003306
CNF-00176,IN-DL-110054-9-10,OWNER_NAME_VARIATION,CADASTRAL_REVENUE,MUNICIPAL_PROPERTY,owner_name,Sneha Khanna,S. Khanna,MINOR,LOW,Abbreviation / formatting variation only.,RESOLVED,No extra evidence needed,False,,OBS-003436,OBS-003437
CNF-00179,IN-DL-110054-9-20,OWNER_NAME_VARIATION,CADASTRAL_REVENUE,MUNICIPAL_PROPERTY,owner_name,Aarav Bansal,A. Bansal,MINOR,LOW,Abbreviation / formatting variation only.,RESOLVED,No extra evidence needed,False,TC25_STRONG_EVIDENCE_PENDING_APPROVAL,OBS-003478,OBS-003479
CNF-00184,IN-DL-110054-9-40,OWNER_NAME_VARIATION,CADASTRAL_REVENUE,MUNICIPAL_PROPERTY,owner_name,Aarav Saxena,A. Saxena,MINOR,LOW,Abbreviation / formatting variation only.,RESOLVED,No extra evidence needed,False,,OBS-003563,OBS-003564
CNF-00187,IN-DL-110054-9-50,OWNER_NAME_VARIATION,CADASTRAL_REVENUE,MUNICIPAL_PROPERTY,owner_name,Sneha Tiwari,S. Tiwari,MINOR,LOW,Abbreviation / formatting variation only.,RESOLVED,No extra evidence needed,False,,OBS-003604,OBS-003605
CNF-00191,IN-DL-110054-9-70,OWNER_NAME_VARIATION,CADASTRAL_REVENUE,MUNICIPAL_PROPERTY,owner_name,Sneha Bhatia,S. Bhatia,MINOR,LOW,Abbreviation / formatting variation only.,RESOLVED,No extra evidence needed,False,,OBS-003683,OBS-003684
CNF-00194,IN-DL-110054-9-80,OWNER_NAME_VARIATION,CADASTRAL_REVENUE,MUNICIPAL_PROPERTY,owner_name,Aarav Verma,A. Verma,MINOR,LOW,Abbreviation / formatting variation only.,RESOLVED,No extra evidence needed,False,,OBS-003727,OBS-003728
CNF-00199,IN-DL-110054-9-100,OWNER_NAME_VARIATION,CADASTRAL_REVENUE,MUNICIPAL_PROPERTY,owner_name,Pramaan Redevelopment LLP,P. LLP,MINOR,LOW,Abbreviation / formatting variation only.,RESOLVED,No extra evidence needed,False,TC06_SEVERAL_HISTORICAL_TO_ONE_CURRENT;TC08_CROSS_CELL_MERGE;TC22_REDEVELOPMENT_CONSOLIDATION,OBS-003817,OBS-003818
CNF-00200,IN-DL-110054-10-10,OWNER_NAME_VARIATION,CADASTRAL_REVENUE,MUNICIPAL_PROPERTY,owner_name,Sneha Bansal,S. Bansal,MINOR,LOW,Abbreviation / formatting variation only.,RESOLVED,No extra evidence needed,False,TC21_ROAD_WIDENING_BOUNDARY_CORRECTION,OBS-003859,OBS-003860
CNF-00203,IN-DL-110054-10-20,OWNER_NAME_VARIATION,CADASTRAL_REVENUE,MUNICIPAL_PROPERTY,owner_name,Aarav Aggarwal,A. Aggarwal,MINOR,LOW,Abbreviation / formatting variation only.,RESOLVED,No extra evidence needed,False,,OBS-003905,OBS-003906
CNF-00208,IN-DL-110054-10-40,OWNER_NAME_VARIATION,CADASTRAL_REVENUE,MUNICIPAL_PROPERTY,owner_name,Aarav Tiwari,A. Tiwari,MINOR,LOW,Abbreviation / formatting variation only.,RESOLVED,No extra evidence needed,False,,OBS-003991,OBS-003992
CNF-00211,IN-DL-110054-10-50,OWNER_NAME_VARIATION,CADASTRAL_REVENUE,MUNICIPAL_PROPERTY,owner_name,Sneha Chawla,S. Chawla,MINOR,LOW,Abbreviation / formatting variation only.,RESOLVED,No extra evidence needed,False,TC13_BUILDING_CROSSES_BOUNDARY,OBS-004038,OBS-004039
CNF-00215,IN-DL-110054-10-70,OWNER_NAME_VARIATION,CADASTRAL_REVENUE,MUNICIPAL_PROPERTY,owner_name,Sneha Verma,S. Verma,MINOR,LOW,Abbreviation / formatting variation only.,RESOLVED,No extra evidence needed,False,,OBS-004129,OBS-004130
CNF-00218,IN-DL-110054-10-80,OWNER_NAME_VARIATION,CADASTRAL_REVENUE,MUNICIPAL_PROPERTY,owner_name,Aarav Mehta,A. Mehta,MINOR,LOW,Abbreviation / formatting variation only.,RESOLVED,No extra evidence needed,False,,OBS-004174,OBS-004175
CNF-00380,IN-DL-110054-7-84,OWNERSHIP_DISAGREEMENT,CADASTRAL_REVENUE,MUNICIPAL_PROPERTY,owner_name,Yamuna View Apartment Owners Association,Ishaan Kapoor,MAJOR,HIGH,Municipal owner/occupier differs from revenue owner.,OPEN,Mutation deed / title chain,True,TC10_OWNERSHIP_CONFLICT;TC17_MISSING_SOURCE_RECORD;TC18_AMBIGUOUS_CANDIDATE_MATCH,OBS-002892,OBS-004355
CNF-00399,IN-DL-110054-9-84,GOVERNMENT_PRIVATE_OWNERSHIP,DDA_DEVELOPMENT_AUTHORITY,MUNICIPAL_PROPERTY,owner_name,Delhi Development Authority,Ishaan Kapoor,SEVERE,CRITICAL,Government/public parcel appears private in municipal data.,OPEN,Authority allotment file + title verification,True,TC02_SLIGHT_GEOMETRY_SHIFT;TC11_GOVERNMENT_PRIVATE_OWNERSHIP_CONFLICT;TC17_MISSING_SOURCE_RECORD;TC18_AMBIGUOUS_CANDIDATE_MATCH;TC25_STRONG_EVIDENCE_PENDING_APPROVAL,OBS-004356,OBS-004357
CNF-00429,IN-DL-110054-1-43,BUILDING_FOOTPRINT_CROSSES_PARCEL,BUILDING_GIS,CADASTRAL_REVENUE,building_footprint,footprint crosses boundary,legal parcel edge,MAJOR,HIGH,Building footprint extends into neighboring parcel.,OPEN,Orthophoto + field measurement,True,TC13_BUILDING_CROSSES_BOUNDARY,OBS-004358,OBS-000163
CNF-00445,IN-DL-110054-2-23,BUILDING_FOOTPRINT_CROSSES_PARCEL,BUILDING_GIS,CADASTRAL_REVENUE,building_footprint,footprint crosses boundary,legal parcel edge,MAJOR,HIGH,Building footprint extends into neighboring parcel.,OPEN,Orthophoto + field measurement,True,TC13_BUILDING_CROSSES_BOUNDARY,OBS-004359,OBS-000477
CNF-00458,IN-DL-110054-9-65,PHYSICAL_OCCUPATION_VS_LEGAL_GEOMETRY,DRONE_ORTHOPHOTO,CADASTRAL_REVENUE,occupation_extent,recent physical occupation,legal geometry/use,MAJOR,HIGH,Physical occupation is inconsistent with legal state.,OPEN,Field inspection / possession evidence,True,TC14_PHYSICAL_OCCUPATION_VS_LEGAL_GEOMETRY,OBS-004360,OBS-003664
CNF-00461,IN-DL-110054-2-18,PHYSICAL_OCCUPATION_VS_LEGAL_GEOMETRY,DRONE_ORTHOPHOTO,CADASTRAL_REVENUE,occupation_extent,recent physical occupation,legal geometry/use,MAJOR,HIGH,Physical occupation is inconsistent with legal state.,OPEN,Field inspection / possession evidence,True,TC02_SLIGHT_GEOMETRY_SHIFT;TC04_DUPLICATE_SOURCE_PARCEL;TC14_PHYSICAL_OCCUPATION_VS_LEGAL_GEOMETRY,OBS-004361,OBS-000456
CNF-00472,IN-DL-110054-8-18,PHYSICAL_OCCUPATION_VS_LEGAL_GEOMETRY,DRONE_ORTHOPHOTO,CADASTRAL_REVENUE,occupation_extent,recent physical occupation,legal geometry/use,MAJOR,HIGH,Physical occupation is inconsistent with legal state.,OPEN,Field inspection / possession evidence,True,TC10_OWNERSHIP_CONFLICT;TC14_PHYSICAL_OCCUPATION_VS_LEGAL_GEOMETRY,OBS-004362,OBS-003049
CNF-00475,IN-DL-110054-6-74,PHYSICAL_OCCUPATION_VS_LEGAL_GEOMETRY,DRONE_ORTHOPHOTO,CADASTRAL_REVENUE,occupation_extent,recent physical occupation,legal geometry/use,MAJOR,HIGH,Physical occupation is inconsistent with legal state.,OPEN,Field inspection / possession evidence,True,TC14_PHYSICAL_OCCUPATION_VS_LEGAL_GEOMETRY,OBS-004363,OBS-002437
CNF-00555,IN-DL-110054-10-63,ENCROACHMENT_PUBLIC_LAND,DRONE_ORTHOPHOTO,MUNICIPAL_PROPERTY,boundary/occupation,physical occupation detected,public land boundary,SEVERE,CRITICAL,Recent imagery suggests occupation into public land.,OPEN,Field survey + legal review,True,TC19_ENCROACHMENT_INTO_PUBLIC_LAND,OBS-004364,OBS-004096
CNF-00566,IN-DL-110054-8-48,ENCROACHMENT_PUBLIC_LAND,DRONE_ORTHOPHOTO,DDA_DEVELOPMENT_AUTHORITY,boundary/occupation,physical occupation detected,public land boundary,SEVERE,CRITICAL,Recent imagery suggests occupation into public land.,OPEN,Field survey + legal review,True,TC19_ENCROACHMENT_INTO_PUBLIC_LAND,OBS-004365,OBS-003174
CNF-00568,IN-DL-110054-3-82,ENCROACHMENT_PUBLIC_LAND,DRONE_ORTHOPHOTO,DDA_DEVELOPMENT_AUTHORITY,boundary/occupation,physical occupation detected,public land boundary,SEVERE,CRITICAL,Recent imagery suggests occupation into public land.,OPEN,Field survey + legal review,True,TC11_GOVERNMENT_PRIVATE_OWNERSHIP_CONFLICT;TC19_ENCROACHMENT_INTO_PUBLIC_LAND,OBS-004366,OBS-001169
CNF-00581,IN-DL-110054-3-81,PARK_BOUNDARY_DISAGREEMENT,DDA_DEVELOPMENT_AUTHORITY,DRONE_ORTHOPHOTO,park_boundary,older legal edge,current fenced/landscaped edge,MAJOR,HIGH,Park boundary differs across evidence.,OPEN,GNSS perimeter + civic plan,True,TC17_MISSING_SOURCE_RECORD;TC20_PARK_BOUNDARY_DISAGREEMENT,OBS-001164,OBS-001165
CNF-00597,IN-DL-110054-3-71,ROAD_WIDENING_BOUNDARY_CORRECTION,MUNICIPAL_PROPERTY,GNSS_CORS_SURVEY,boundary,pre-widening line,post-widening survey,MAJOR,HIGH,Road widening changed parcel edge.,RESOLVED,Widening order + GNSS,True,TC17_MISSING_SOURCE_RECORD;TC21_ROAD_WIDENING_BOUNDARY_CORRECTION,OBS-001126,OBS-001128
