{
  "type": "FeatureCollection",
  "name": "Delhi Parcel Harmonization Test Dataset 2025",
  "crs_note": "All GeoJSON canonical geometries are EPSG:4326. Coordinates are generated around real Delhi locality anchors and are not cadastral/legal boundaries.",
  "synthetic": true,
  "not_for_legal_use": true,
  "features": [
    {
      "type": "Feature",
      "id": "P001",
      "properties": {
        "synthetic": true,
        "not_for_legal_use": true,
        "record_year": 2025,
        "parcel_id": "P001",
        "canonical_id": "CP-KAK-001",
        "parcel_name": "KAK Block-A Parcel-01",
        "current_owner": "Ananya Dhingra",
        "survey_no": "KAK/101/A",
        "mcd_property_id": "MCD-135-5001",
        "dda_zone": "Zone K-II (Dwarka)",
        "address": "Kakrola, Dwarka, Delhi",
        "area_sqm": 304.1,
        "confidence": 0.91,
        "primary_conflict_type": "Parcel name mismatch",
        "severity": "Low",
        "harmonization_status": "SUGGESTED",
        "timeline_available": true,
        "merge_group": null,
        "review_action": "Reviewer confirmation",
        "locality": "Kakrola"
      },
      "geometry": {
        "type": "Polygon",
        "coordinates": [
          [
            [
              77.0313189,
              28.6195967
            ],
            [
              77.0314724,
              28.6195967
            ],
            [
              77.0314724,
              28.61978
            ],
            [
              77.0313189,
              28.61978
            ],
            [
              77.0313189,
              28.6195967
            ]
          ]
        ]
      }
    },
    {
      "type": "Feature",
      "id": "P002",
      "properties": {
        "synthetic": true,
        "not_for_legal_use": true,
        "record_year": 2025,
        "parcel_id": "P002",
        "canonical_id": "CP-KAK-002",
        "parcel_name": "KAK Block-A Parcel-02",
        "current_owner": "Aditi Jain",
        "survey_no": "KAK/102/A",
        "mcd_property_id": "MCD-135-5002",
        "dda_zone": "Zone K-II (Dwarka)",
        "address": "Kakrola, Dwarka, Delhi",
        "area_sqm": 373.5,
        "confidence": 0.94,
        "primary_conflict_type": "Parcel name mismatch",
        "severity": "Low",
        "harmonization_status": "SUGGESTED",
        "timeline_available": true,
        "merge_group": null,
        "review_action": "Reviewer confirmation",
        "locality": "Kakrola"
      },
      "geometry": {
        "type": "Polygon",
        "coordinates": [
          [
            [
              77.0317539,
              28.6195677
            ],
            [
              77.0318971,
              28.6195677
            ],
            [
              77.0318971,
              28.619809
            ],
            [
              77.0317539,
              28.619809
            ],
            [
              77.0317539,
              28.6195677
            ]
          ]
        ]
      }
    },
    {
      "type": "Feature",
      "id": "P003",
      "properties": {
        "synthetic": true,
        "not_for_legal_use": true,
        "record_year": 2025,
        "parcel_id": "P003",
        "canonical_id": "CP-KAK-003",
        "parcel_name": "KAK Block-A Parcel-03",
        "current_owner": "Aarav Sharma",
        "survey_no": "KAK/103/A",
        "mcd_property_id": "MCD-135-5003",
        "dda_zone": "Zone K-II (Dwarka)",
        "address": "Kakrola, Dwarka, Delhi",
        "area_sqm": 288.5,
        "confidence": 0.94,
        "primary_conflict_type": "Parcel name mismatch",
        "severity": "Low",
        "harmonization_status": "SUGGESTED",
        "timeline_available": true,
        "merge_group": null,
        "review_action": "Reviewer confirmation",
        "locality": "Kakrola"
      },
      "geometry": {
        "type": "Polygon",
        "coordinates": [
          [
            [
              77.0321785,
              28.6196014
            ],
            [
              77.032332,
              28.6196014
            ],
            [
              77.032332,
              28.6197753
            ],
            [
              77.0321785,
              28.6197753
            ],
            [
              77.0321785,
              28.6196014
            ]
          ]
        ]
      }
    },
    {
      "type": "Feature",
      "id": "P004",
      "properties": {
        "synthetic": true,
        "not_for_legal_use": true,
        "record_year": 2025,
        "parcel_id": "P004",
        "canonical_id": "CP-KAK-004",
        "parcel_name": "KAK Block-A Parcel-04",
        "current_owner": "Dev Kapoor",
        "survey_no": "KAK/104/A",
        "mcd_property_id": "MCD-135-5004",
        "dda_zone": "Zone K-II (Dwarka)",
        "address": "Kakrola, Dwarka, Delhi",
        "area_sqm": 380.1,
        "confidence": 0.93,
        "primary_conflict_type": "Parcel name mismatch",
        "severity": "Low",
        "harmonization_status": "SUGGESTED",
        "timeline_available": true,
        "merge_group": null,
        "review_action": "Reviewer confirmation",
        "locality": "Kakrola"
      },
      "geometry": {
        "type": "Polygon",
        "coordinates": [
          [
            [
              77.0326032,
              28.6195809
            ],
            [
              77.032767,
              28.6195809
            ],
            [
              77.032767,
              28.6197958
            ],
            [
              77.0326032,
              28.6197958
            ],
            [
              77.0326032,
              28.6195809
            ]
          ]
        ]
      }
    },
    {
      "type": "Feature",
      "id": "P005",
      "properties": {
        "synthetic": true,
        "not_for_legal_use": true,
        "record_year": 2025,
        "parcel_id": "P005",
        "canonical_id": "CP-KAK-005",
        "parcel_name": "Kakrola Parcel-05",
        "current_owner": "Yash Jain",
        "survey_no": "KAK/105/A",
        "mcd_property_id": "MCD-135-5005",
        "dda_zone": "Zone K-II (Dwarka)",
        "address": "Kakrola, Dwarka, Delhi",
        "area_sqm": 352.4,
        "confidence": 0.74,
        "primary_conflict_type": "Owner mismatch",
        "severity": "High",
        "harmonization_status": "REVIEW_REQUIRED",
        "timeline_available": true,
        "merge_group": null,
        "review_action": "Manual review",
        "locality": "Kakrola"
      },
      "geometry": {
        "type": "Polygon",
        "coordinates": [
          [
            [
              77.0330228,
              28.6195998
            ],
            [
              77.033207,
              28.6195998
            ],
            [
              77.033207,
              28.6197769
            ],
            [
              77.0330228,
              28.6197769
            ],
            [
              77.0330228,
              28.6195998
            ]
          ]
        ]
      }
    },
    {
      "type": "Feature",
      "id": "P006",
      "properties": {
        "synthetic": true,
        "not_for_legal_use": true,
        "record_year": 2025,
        "parcel_id": "P006",
        "canonical_id": "CP-KAK-006",
        "parcel_name": "Kakrola Parcel-06",
        "current_owner": "Saanvi Gupta",
        "survey_no": "KAK/106/A",
        "mcd_property_id": "MCD-135-5006",
        "dda_zone": "Zone K-II (Dwarka)",
        "address": "Kakrola, Dwarka, Delhi",
        "area_sqm": 298.0,
        "confidence": 0.75,
        "primary_conflict_type": "Owner mismatch",
        "severity": "High",
        "harmonization_status": "REVIEW_REQUIRED",
        "timeline_available": true,
        "merge_group": null,
        "review_action": "Manual review",
        "locality": "Kakrola"
      },
      "geometry": {
        "type": "Polygon",
        "coordinates": [
          [
            [
              77.033468,
              28.6195985
            ],
            [
              77.0336215,
              28.6195985
            ],
            [
              77.0336215,
              28.6197782
            ],
            [
              77.033468,
              28.6197782
            ],
            [
              77.033468,
              28.6195985
            ]
          ]
        ]
      }
    },
    {
      "type": "Feature",
      "id": "P007",
      "properties": {
        "synthetic": true,
        "not_for_legal_use": true,
        "record_year": 2025,
        "parcel_id": "P007",
        "canonical_id": "CP-KAK-007",
        "parcel_name": "Kakrola Parcel-07",
        "current_owner": "Mihir Kapoor",
        "survey_no": "KAK/107/A",
        "mcd_property_id": "MCD-135-5007",
        "dda_zone": "Zone K-II (Dwarka)",
        "address": "Kakrola, Dwarka, Delhi",
        "area_sqm": 284.6,
        "confidence": 0.75,
        "primary_conflict_type": "Owner mismatch",
        "severity": "High",
        "harmonization_status": "REVIEW_REQUIRED",
        "timeline_available": true,
        "merge_group": null,
        "review_action": "Manual review",
        "locality": "Kakrola"
      },
      "geometry": {
        "type": "Polygon",
        "coordinates": [
          [
            [
              77.0338978,
              28.6196026
            ],
            [
              77.0340513,
              28.6196026
            ],
            [
              77.0340513,
              28.6197742
            ],
            [
              77.0338978,
              28.6197742
            ],
            [
              77.0338978,
              28.6196026
            ]
          ]
        ]
      }
    },
    {
      "type": "Feature",
      "id": "P008",
      "properties": {
        "synthetic": true,
        "not_for_legal_use": true,
        "record_year": 2025,
        "parcel_id": "P008",
        "canonical_id": "CP-KAK-008",
        "parcel_name": "Kakrola Parcel-08",
        "current_owner": "Anika Kapoor",
        "survey_no": "KAK/108/A",
        "mcd_property_id": "MCD-135-5008",
        "dda_zone": "Zone K-II (Dwarka)",
        "address": "Kakrola, Dwarka, Delhi",
        "area_sqm": 221.6,
        "confidence": 0.75,
        "primary_conflict_type": "Owner mismatch",
        "severity": "High",
        "harmonization_status": "REVIEW_REQUIRED",
        "timeline_available": true,
        "merge_group": null,
        "review_action": "Manual review",
        "locality": "Kakrola"
      },
      "geometry": {
        "type": "Polygon",
        "coordinates": [
          [
            [
              77.0343276,
              28.6196216
            ],
            [
              77.0344811,
              28.6196216
            ],
            [
              77.0344811,
              28.6197552
            ],
            [
              77.0343276,
              28.6197552
            ],
            [
              77.0343276,
              28.6196216
            ]
          ]
        ]
      }
    },
    {
      "type": "Feature",
      "id": "P009",
      "properties": {
        "synthetic": true,
        "not_for_legal_use": true,
        "record_year": 2025,
        "parcel_id": "P009",
        "canonical_id": "CP-KAK-009",
        "parcel_name": "Kakrola Parcel-09",
        "current_owner": "Isha Joshi",
        "survey_no": "KAK/109/B",
        "mcd_property_id": "MCD-135-5009",
        "dda_zone": "Zone K-II (Dwarka)",
        "address": "Kakrola, Dwarka, Delhi",
        "area_sqm": 274.6,
        "confidence": 0.67,
        "primary_conflict_type": "Geometry mismatch",
        "severity": "High",
        "harmonization_status": "REVIEW_REQUIRED",
        "timeline_available": true,
        "merge_group": null,
        "review_action": "Manual review",
        "locality": "Kakrola"
      },
      "geometry": {
        "type": "Polygon",
        "coordinates": [
          [
            [
              77.0313189,
              28.61928
            ],
            [
              77.0314724,
              28.61928
            ],
            [
              77.0314724,
              28.6194456
            ],
            [
              77.0313189,
              28.6194456
            ],
            [
              77.0313189,
              28.61928
            ]
          ]
        ]
      }
    },
    {
      "type": "Feature",
      "id": "P010",
      "properties": {
        "synthetic": true,
        "not_for_legal_use": true,
        "record_year": 2025,
        "parcel_id": "P010",
        "canonical_id": "CP-KAK-010",
        "parcel_name": "Kakrola Parcel-10",
        "current_owner": "Aditya Gupta",
        "survey_no": "KAK/110/B",
        "mcd_property_id": "MCD-135-5010",
        "dda_zone": "Zone K-II (Dwarka)",
        "address": "Kakrola, Dwarka, Delhi",
        "area_sqm": 371.9,
        "confidence": 0.63,
        "primary_conflict_type": "Geometry mismatch",
        "severity": "High",
        "harmonization_status": "REVIEW_REQUIRED",
        "timeline_available": true,
        "merge_group": null,
        "review_action": "Manual review",
        "locality": "Kakrola"
      },
      "geometry": {
        "type": "Polygon",
        "coordinates": [
          [
            [
              77.0317334,
              28.6192694
            ],
            [
              77.0319176,
              28.6192694
            ],
            [
              77.0319176,
              28.6194562
            ],
            [
              77.0317334,
              28.6194562
            ],
            [
              77.0317334,
              28.6192694
            ]
          ]
        ]
      }
    },
    {
      "type": "Feature",
      "id": "P011",
      "properties": {
        "synthetic": true,
        "not_for_legal_use": true,
        "record_year": 2025,
        "parcel_id": "P011",
        "canonical_id": "CP-KAK-011",
        "parcel_name": "Kakrola Parcel-11",
        "current_owner": "Neel Kapoor",
        "survey_no": "KAK/111/B",
        "mcd_property_id": "MCD-135-5011",
        "dda_zone": "Zone K-II (Dwarka)",
        "address": "Kakrola, Dwarka, Delhi",
        "area_sqm": 237.5,
        "confidence": 0.67,
        "primary_conflict_type": "Geometry mismatch",
        "severity": "High",
        "harmonization_status": "REVIEW_REQUIRED",
        "timeline_available": true,
        "merge_group": null,
        "review_action": "Manual review",
        "locality": "Kakrola"
      },
      "geometry": {
        "type": "Polygon",
        "coordinates": [
          [
            [
              77.0321785,
              28.6192912
            ],
            [
              77.032332,
              28.6192912
            ],
            [
              77.032332,
              28.6194344
            ],
            [
              77.0321785,
              28.6194344
            ],
            [
              77.0321785,
              28.6192912
            ]
          ]
        ]
      }
    },
    {
      "type": "Feature",
      "id": "P012",
      "properties": {
        "synthetic": true,
        "not_for_legal_use": true,
        "record_year": 2025,
        "parcel_id": "P012",
        "canonical_id": "CP-KAK-012",
        "parcel_name": "Kakrola Parcel-12",
        "current_owner": "Ishaan Kapoor",
        "survey_no": "KAK/112/B",
        "mcd_property_id": "MCD-135-5012",
        "dda_zone": "Zone K-II (Dwarka)",
        "address": "Kakrola, Dwarka, Delhi",
        "area_sqm": 296.2,
        "confidence": 0.63,
        "primary_conflict_type": "Geometry mismatch",
        "severity": "High",
        "harmonization_status": "REVIEW_REQUIRED",
        "timeline_available": true,
        "merge_group": null,
        "review_action": "Manual review",
        "locality": "Kakrola"
      },
      "geometry": {
        "type": "Polygon",
        "coordinates": [
          [
            [
              77.032593,
              28.6192884
            ],
            [
              77.0327772,
              28.6192884
            ],
            [
              77.0327772,
              28.6194372
            ],
            [
              77.032593,
              28.6194372
            ],
            [
              77.032593,
              28.6192884
            ]
          ]
        ]
      }
    },
    {
      "type": "Feature",
      "id": "P013",
      "properties": {
        "synthetic": true,
        "not_for_legal_use": true,
        "record_year": 2025,
        "parcel_id": "P013",
        "canonical_id": "CP-KAK-013",
        "parcel_name": "Kakrola Parcel-13",
        "current_owner": "Varun Nair",
        "survey_no": "KAK/113/B",
        "mcd_property_id": "MCD-135-5013",
        "dda_zone": "Zone K-II (Dwarka)",
        "address": "Kakrola, Dwarka, Delhi",
        "area_sqm": 379.4,
        "confidence": 0.8,
        "primary_conflict_type": "Area mismatch",
        "severity": "Medium",
        "harmonization_status": "REVIEW_REQUIRED",
        "timeline_available": true,
        "merge_group": null,
        "review_action": "Manual review",
        "locality": "Kakrola"
      },
      "geometry": {
        "type": "Polygon",
        "coordinates": [
          [
            [
              77.0330382,
              28.6192484
            ],
            [
              77.0331917,
              28.6192484
            ],
            [
              77.0331917,
              28.6194772
            ],
            [
              77.0330382,
              28.6194772
            ],
            [
              77.0330382,
              28.6192484
            ]
          ]
        ]
      }
    },
    {
      "type": "Feature",
      "id": "P014",
      "properties": {
        "synthetic": true,
        "not_for_legal_use": true,
        "record_year": 2025,
        "parcel_id": "P014",
        "canonical_id": "CP-KAK-014",
        "parcel_name": "Kakrola Parcel-14",
        "current_owner": "Shaurya Rao",
        "survey_no": "KAK/114/B",
        "mcd_property_id": "MCD-135-5014",
        "dda_zone": "Zone K-II (Dwarka)",
        "address": "Kakrola, Dwarka, Delhi",
        "area_sqm": 242.4,
        "confidence": 0.78,
        "primary_conflict_type": "Area mismatch",
        "severity": "Medium",
        "harmonization_status": "REVIEW_REQUIRED",
        "timeline_available": true,
        "merge_group": null,
        "review_action": "Manual review",
        "locality": "Kakrola"
      },
      "geometry": {
        "type": "Polygon",
        "coordinates": [
          [
            [
              77.0334731,
              28.6192845
            ],
            [
              77.0336163,
              28.6192845
            ],
            [
              77.0336163,
              28.6194411
            ],
            [
              77.0334731,
              28.6194411
            ],
            [
              77.0334731,
              28.6192845
            ]
          ]
        ]
      }
    },
    {
      "type": "Feature",
      "id": "P015",
      "properties": {
        "synthetic": true,
        "not_for_legal_use": true,
        "record_year": 2025,
        "parcel_id": "P015",
        "canonical_id": "CP-KAK-015",
        "parcel_name": "Kakrola Parcel-15",
        "current_owner": "Shreya Sharma",
        "survey_no": "KAK/115/B",
        "mcd_property_id": "MCD-135-5015",
        "dda_zone": "Zone K-II (Dwarka)",
        "address": "Kakrola, Dwarka, Delhi",
        "area_sqm": 254.7,
        "confidence": 0.8,
        "primary_conflict_type": "Area mismatch",
        "severity": "Medium",
        "harmonization_status": "REVIEW_REQUIRED",
        "timeline_available": true,
        "merge_group": null,
        "review_action": "Manual review",
        "locality": "Kakrola"
      },
      "geometry": {
        "type": "Polygon",
        "coordinates": [
          [
            [
              77.0338926,
              28.6192908
            ],
            [
              77.0340564,
              28.6192908
            ],
            [
              77.0340564,
              28.6194348
            ],
            [
              77.0338926,
              28.6194348
            ],
            [
              77.0338926,
              28.6192908
            ]
          ]
        ]
      }
    },
    {
      "type": "Feature",
      "id": "P016",
      "properties": {
        "synthetic": true,
        "not_for_legal_use": true,
        "record_year": 2025,
        "parcel_id": "P016",
        "canonical_id": "CP-KAK-016",
        "parcel_name": "Kakrola Parcel-16",
        "current_owner": "Saanvi Sinha",
        "survey_no": "KAK/116/B",
        "mcd_property_id": "MCD-135-5016",
        "dda_zone": "Zone K-II (Dwarka)",
        "address": "Kakrola, Dwarka, Delhi",
        "area_sqm": 270.1,
        "confidence": 0.79,
        "primary_conflict_type": "Area mismatch",
        "severity": "Medium",
        "harmonization_status": "REVIEW_REQUIRED",
        "timeline_available": true,
        "merge_group": null,
        "review_action": "Manual review",
        "locality": "Kakrola"
      },
      "geometry": {
        "type": "Polygon",
        "coordinates": [
          [
            [
              77.0343224,
              28.6192865
            ],
            [
              77.0344862,
              28.6192865
            ],
            [
              77.0344862,
              28.6194391
            ],
            [
              77.0343224,
              28.6194391
            ],
            [
              77.0343224,
              28.6192865
            ]
          ]
        ]
      }
    },
    {
      "type": "Feature",
      "id": "P017",
      "properties": {
        "synthetic": true,
        "not_for_legal_use": true,
        "record_year": 2025,
        "parcel_id": "P017",
        "canonical_id": "CP-KAK-017",
        "parcel_name": "Kakrola Parcel-17",
        "current_owner": "Rhea Malhotra",
        "survey_no": "KAK/117/C",
        "mcd_property_id": "MCD-135-5017",
        "dda_zone": "Zone K-II (Dwarka)",
        "address": "Kakrola, Dwarka, Delhi",
        "area_sqm": 269.4,
        "confidence": 0.73,
        "primary_conflict_type": "Parcel merging",
        "severity": "High",
        "harmonization_status": "REVIEW_REQUIRED",
        "timeline_available": true,
        "merge_group": "MERGE-KAK-09",
        "review_action": "Manual review",
        "locality": "Kakrola"
      },
      "geometry": {
        "type": "Polygon",
        "coordinates": [
          [
            [
              77.0313036,
              28.6189695
            ],
            [
              77.0314878,
              28.6189695
            ],
            [
              77.0314878,
              28.6191049
            ],
            [
              77.0313036,
              28.6191049
            ],
            [
              77.0313036,
              28.6189695
            ]
          ]
        ]
      }
    },
    {
      "type": "Feature",
      "id": "P018",
      "properties": {
        "synthetic": true,
        "not_for_legal_use": true,
        "record_year": 2025,
        "parcel_id": "P018",
        "canonical_id": "CP-KAK-018",
        "parcel_name": "Kakrola Parcel-18",
        "current_owner": "Ishaan Arora",
        "survey_no": "KAK/118/C",
        "mcd_property_id": "MCD-135-5018",
        "dda_zone": "Zone K-II (Dwarka)",
        "address": "Kakrola, Dwarka, Delhi",
        "area_sqm": 377.2,
        "confidence": 0.72,
        "primary_conflict_type": "Parcel merging",
        "severity": "High",
        "harmonization_status": "REVIEW_REQUIRED",
        "timeline_available": true,
        "merge_group": "MERGE-KAK-09",
        "review_action": "Manual review",
        "locality": "Kakrola"
      },
      "geometry": {
        "type": "Polygon",
        "coordinates": [
          [
            [
              77.0317436,
              28.6189306
            ],
            [
              77.0319074,
              28.6189306
            ],
            [
              77.0319074,
              28.6191438
            ],
            [
              77.0317436,
              28.6191438
            ],
            [
              77.0317436,
              28.6189306
            ]
          ]
        ]
      }
    },
    {
      "type": "Feature",
      "id": "P019",
      "properties": {
        "synthetic": true,
        "not_for_legal_use": true,
        "record_year": 2025,
        "parcel_id": "P019",
        "canonical_id": "CP-KAK-019",
        "parcel_name": "Kakrola Parcel-19",
        "current_owner": "Aniket Malhotra",
        "survey_no": "KAK/119/C",
        "mcd_property_id": "MCD-135-5019",
        "dda_zone": "Zone K-II (Dwarka)",
        "address": "Kakrola, Dwarka, Delhi",
        "area_sqm": 356.8,
        "confidence": 0.74,
        "primary_conflict_type": "Parcel merging",
        "severity": "High",
        "harmonization_status": "REVIEW_REQUIRED",
        "timeline_available": true,
        "merge_group": "MERGE-KAK-10",
        "review_action": "Manual review",
        "locality": "Kakrola"
      },
      "geometry": {
        "type": "Polygon",
        "coordinates": [
          [
            [
              77.0321785,
              28.6189297
            ],
            [
              77.032332,
              28.6189297
            ],
            [
              77.032332,
              28.6191448
            ],
            [
              77.0321785,
              28.6191448
            ],
            [
              77.0321785,
              28.6189297
            ]
          ]
        ]
      }
    },
    {
      "type": "Feature",
      "id": "P020",
      "properties": {
        "synthetic": true,
        "not_for_legal_use": true,
        "record_year": 2025,
        "parcel_id": "P020",
        "canonical_id": "CP-KAK-020",
        "parcel_name": "Kakrola Parcel-20",
        "current_owner": "Nisha Batra",
        "survey_no": "KAK/120/C",
        "mcd_property_id": "MCD-135-5020",
        "dda_zone": "Zone K-II (Dwarka)",
        "address": "Kakrola, Dwarka, Delhi",
        "area_sqm": 303.5,
        "confidence": 0.74,
        "primary_conflict_type": "Parcel merging",
        "severity": "High",
        "harmonization_status": "REVIEW_REQUIRED",
        "timeline_available": true,
        "merge_group": "MERGE-KAK-10",
        "review_action": "Manual review",
        "locality": "Kakrola"
      },
      "geometry": {
        "type": "Polygon",
        "coordinates": [
          [
            [
              77.0326032,
              28.6189514
            ],
            [
              77.032767,
              28.6189514
            ],
            [
              77.032767,
              28.619123
            ],
            [
              77.0326032,
              28.619123
            ],
            [
              77.0326032,
              28.6189514
            ]
          ]
        ]
      }
    },
    {
      "type": "Feature",
      "id": "P021",
      "properties": {
        "synthetic": true,
        "not_for_legal_use": true,
        "record_year": 2025,
        "parcel_id": "P021",
        "canonical_id": "CP-KAK-021",
        "parcel_name": "Kakrola Parcel-21",
        "current_owner": "Neel Jain",
        "survey_no": "KAK/121/C",
        "mcd_property_id": "MCD-135-5021",
        "dda_zone": "Zone K-II (Dwarka)",
        "address": "Kakrola, Dwarka, Delhi",
        "area_sqm": 219.7,
        "confidence": 0.98,
        "primary_conflict_type": null,
        "severity": "None",
        "harmonization_status": "HARMONIZED",
        "timeline_available": true,
        "merge_group": null,
        "review_action": "No action",
        "locality": "Kakrola"
      },
      "geometry": {
        "type": "Polygon",
        "coordinates": [
          [
            [
              77.0330433,
              28.6189663
            ],
            [
              77.0331865,
              28.6189663
            ],
            [
              77.0331865,
              28.6191082
            ],
            [
              77.0330433,
              28.6191082
            ],
            [
              77.0330433,
              28.6189663
            ]
          ]
        ]
      }
    },
    {
      "type": "Feature",
      "id": "P022",
      "properties": {
        "synthetic": true,
        "not_for_legal_use": true,
        "record_year": 2025,
        "parcel_id": "P022",
        "canonical_id": "CP-KAK-022",
        "parcel_name": "Kakrola Parcel-22",
        "current_owner": "Kunal Nair",
        "survey_no": "KAK/122/C",
        "mcd_property_id": "MCD-135-5022",
        "dda_zone": "Zone K-II (Dwarka)",
        "address": "Kakrola, Dwarka, Delhi",
        "area_sqm": 242.9,
        "confidence": 0.96,
        "primary_conflict_type": null,
        "severity": "None",
        "harmonization_status": "HARMONIZED",
        "timeline_available": true,
        "merge_group": null,
        "review_action": "No action",
        "locality": "Kakrola"
      },
      "geometry": {
        "type": "Polygon",
        "coordinates": [
          [
            [
              77.0334526,
              28.6189762
            ],
            [
              77.0336368,
              28.6189762
            ],
            [
              77.0336368,
              28.6190982
            ],
            [
              77.0334526,
              28.6190982
            ],
            [
              77.0334526,
              28.6189762
            ]
          ]
        ]
      }
    },
    {
      "type": "Feature",
      "id": "P023",
      "properties": {
        "synthetic": true,
        "not_for_legal_use": true,
        "record_year": 2025,
        "parcel_id": "P023",
        "canonical_id": "CP-KAK-023",
        "parcel_name": "Kakrola Parcel-23",
        "current_owner": "Dev Jain",
        "survey_no": "KAK/123/C",
        "mcd_property_id": "MCD-135-5023",
        "dda_zone": "Zone K-II (Dwarka)",
        "address": "Kakrola, Dwarka, Delhi",
        "area_sqm": 204.5,
        "confidence": 0.98,
        "primary_conflict_type": null,
        "severity": "None",
        "harmonization_status": "HARMONIZED",
        "timeline_available": true,
        "merge_group": null,
        "review_action": "No action",
        "locality": "Kakrola"
      },
      "geometry": {
        "type": "Polygon",
        "coordinates": [
          [
            [
              77.0338978,
              28.6189756
            ],
            [
              77.0340513,
              28.6189756
            ],
            [
              77.0340513,
              28.6190989
            ],
            [
              77.0338978,
              28.6190989
            ],
            [
              77.0338978,
              28.6189756
            ]
          ]
        ]
      }
    },
    {
      "type": "Feature",
      "id": "P024",
      "properties": {
        "synthetic": true,
        "not_for_legal_use": true,
        "record_year": 2025,
        "parcel_id": "P024",
        "canonical_id": "CP-KAK-024",
        "parcel_name": "Kakrola Parcel-24",
        "current_owner": "Pranav Khanna",
        "survey_no": "KAK/124/C",
        "mcd_property_id": "MCD-135-5024",
        "dda_zone": "Zone K-II (Dwarka)",
        "address": "Kakrola, Dwarka, Delhi",
        "area_sqm": 299.6,
        "confidence": 0.95,
        "primary_conflict_type": null,
        "severity": "None",
        "harmonization_status": "HARMONIZED",
        "timeline_available": true,
        "merge_group": null,
        "review_action": "No action",
        "locality": "Kakrola"
      },
      "geometry": {
        "type": "Polygon",
        "coordinates": [
          [
            [
              77.0343224,
              28.6189525
            ],
            [
              77.0344862,
              28.6189525
            ],
            [
              77.0344862,
              28.6191219
            ],
            [
              77.0343224,
              28.6191219
            ],
            [
              77.0343224,
              28.6189525
            ]
          ]
        ]
      }
    },
    {
      "type": "Feature",
      "id": "P025",
      "properties": {
        "synthetic": true,
        "not_for_legal_use": true,
        "record_year": 2025,
        "parcel_id": "P025",
        "canonical_id": "CP-KAK-025",
        "parcel_name": "Kakrola Parcel-25",
        "current_owner": "Ananya Arora",
        "survey_no": "KAK/125/D",
        "mcd_property_id": "MCD-135-5025",
        "dda_zone": "Zone K-II (Dwarka)",
        "address": "Kakrola, Dwarka, Delhi",
        "area_sqm": 353.8,
        "confidence": 0.97,
        "primary_conflict_type": null,
        "severity": "None",
        "harmonization_status": "HARMONIZED",
        "timeline_available": true,
        "merge_group": null,
        "review_action": "No action",
        "locality": "Kakrola"
      },
      "geometry": {
        "type": "Polygon",
        "coordinates": [
          [
            [
              77.0313138,
              28.6186116
            ],
            [
              77.0314776,
              28.6186116
            ],
            [
              77.0314776,
              28.6188116
            ],
            [
              77.0313138,
              28.6188116
            ],
            [
              77.0313138,
              28.6186116
            ]
          ]
        ]
      }
    },
    {
      "type": "Feature",
      "id": "P026",
      "properties": {
        "synthetic": true,
        "not_for_legal_use": true,
        "record_year": 2025,
        "parcel_id": "P026",
        "canonical_id": "CP-KAK-026",
        "parcel_name": "Kakrola Parcel-26",
        "current_owner": "Kavya Malhotra",
        "survey_no": "KAK/126/D",
        "mcd_property_id": "MCD-135-5026",
        "dda_zone": "Zone K-II (Dwarka)",
        "address": "Kakrola, Dwarka, Delhi",
        "area_sqm": 245.6,
        "confidence": 0.98,
        "primary_conflict_type": null,
        "severity": "None",
        "harmonization_status": "HARMONIZED",
        "timeline_available": true,
        "merge_group": null,
        "review_action": "No action",
        "locality": "Kakrola"
      },
      "geometry": {
        "type": "Polygon",
        "coordinates": [
          [
            [
              77.0317436,
              28.6186422
            ],
            [
              77.0319074,
              28.6186422
            ],
            [
              77.0319074,
              28.618781
            ],
            [
              77.0317436,
              28.618781
            ],
            [
              77.0317436,
              28.6186422
            ]
          ]
        ]
      }
    },
    {
      "type": "Feature",
      "id": "P027",
      "properties": {
        "synthetic": true,
        "not_for_legal_use": true,
        "record_year": 2025,
        "parcel_id": "P027",
        "canonical_id": "CP-KAK-027",
        "parcel_name": "Kakrola Parcel-27",
        "current_owner": "Aisha Rao",
        "survey_no": "KAK/127/D",
        "mcd_property_id": "MCD-135-5027",
        "dda_zone": "Zone K-II (Dwarka)",
        "address": "Kakrola, Dwarka, Delhi",
        "area_sqm": 207.2,
        "confidence": 0.96,
        "primary_conflict_type": null,
        "severity": "None",
        "harmonization_status": "HARMONIZED",
        "timeline_available": true,
        "merge_group": null,
        "review_action": "No action",
        "locality": "Kakrola"
      },
      "geometry": {
        "type": "Polygon",
        "coordinates": [
          [
            [
              77.0321734,
              28.6186531
            ],
            [
              77.0323372,
              28.6186531
            ],
            [
              77.0323372,
              28.6187702
            ],
            [
              77.0321734,
              28.6187702
            ],
            [
              77.0321734,
              28.6186531
            ]
          ]
        ]
      }
    },
    {
      "type": "Feature",
      "id": "P028",
      "properties": {
        "synthetic": true,
        "not_for_legal_use": true,
        "record_year": 2025,
        "parcel_id": "P028",
        "canonical_id": "CP-KAK-028",
        "parcel_name": "Kakrola Parcel-28",
        "current_owner": "Avni Verma",
        "survey_no": "KAK/128/D",
        "mcd_property_id": "MCD-135-5028",
        "dda_zone": "Zone K-II (Dwarka)",
        "address": "Kakrola, Dwarka, Delhi",
        "area_sqm": 335.7,
        "confidence": 0.97,
        "primary_conflict_type": null,
        "severity": "None",
        "harmonization_status": "HARMONIZED",
        "timeline_available": true,
        "merge_group": null,
        "review_action": "No action",
        "locality": "Kakrola"
      },
      "geometry": {
        "type": "Polygon",
        "coordinates": [
          [
            [
              77.0326083,
              28.6186104
            ],
            [
              77.0327618,
              28.6186104
            ],
            [
              77.0327618,
              28.6188128
            ],
            [
              77.0326083,
              28.6188128
            ],
            [
              77.0326083,
              28.6186104
            ]
          ]
        ]
      }
    },
    {
      "type": "Feature",
      "id": "P029",
      "properties": {
        "synthetic": true,
        "not_for_legal_use": true,
        "record_year": 2025,
        "parcel_id": "P029",
        "canonical_id": "CP-KAK-029",
        "parcel_name": "Kakrola Parcel-29",
        "current_owner": "Aarav Arora",
        "survey_no": "KAK/129/D",
        "mcd_property_id": "MCD-135-5029",
        "dda_zone": "Zone K-II (Dwarka)",
        "address": "Kakrola, Dwarka, Delhi",
        "area_sqm": 290.2,
        "confidence": 0.99,
        "primary_conflict_type": null,
        "severity": "None",
        "harmonization_status": "HARMONIZED",
        "timeline_available": true,
        "merge_group": null,
        "review_action": "No action",
        "locality": "Kakrola"
      },
      "geometry": {
        "type": "Polygon",
        "coordinates": [
          [
            [
              77.0330228,
              28.6186387
            ],
            [
              77.033207,
              28.6186387
            ],
            [
              77.033207,
              28.6187845
            ],
            [
              77.0330228,
              28.6187845
            ],
            [
              77.0330228,
              28.6186387
            ]
          ]
        ]
      }
    },
    {
      "type": "Feature",
      "id": "P030",
      "properties": {
        "synthetic": true,
        "not_for_legal_use": true,
        "record_year": 2025,
        "parcel_id": "P030",
        "canonical_id": "CP-KAK-030",
        "parcel_name": "Kakrola Parcel-30",
        "current_owner": "Myra Wadhwa",
        "survey_no": "KAK/130/D",
        "mcd_property_id": "MCD-135-5030",
        "dda_zone": "Zone K-II (Dwarka)",
        "address": "Kakrola, Dwarka, Delhi",
        "area_sqm": 229.3,
        "confidence": 0.98,
        "primary_conflict_type": null,
        "severity": "None",
        "harmonization_status": "HARMONIZED",
        "timeline_available": true,
        "merge_group": null,
        "review_action": "No action",
        "locality": "Kakrola"
      },
      "geometry": {
        "type": "Polygon",
        "coordinates": [
          [
            [
              77.033468,
              28.6186425
            ],
            [
              77.0336215,
              28.6186425
            ],
            [
              77.0336215,
              28.6187808
            ],
            [
              77.033468,
              28.6187808
            ],
            [
              77.033468,
              28.6186425
            ]
          ]
        ]
      }
    },
    {
      "type": "Feature",
      "id": "P031",
      "properties": {
        "synthetic": true,
        "not_for_legal_use": true,
        "record_year": 2025,
        "parcel_id": "P031",
        "canonical_id": "CP-KAK-031",
        "parcel_name": "Kakrola Parcel-31",
        "current_owner": "Avni Mehta",
        "survey_no": "KAK/131/D",
        "mcd_property_id": "MCD-135-5031",
        "dda_zone": "Zone K-II (Dwarka)",
        "address": "Kakrola, Dwarka, Delhi",
        "area_sqm": 327.6,
        "confidence": 0.96,
        "primary_conflict_type": null,
        "severity": "None",
        "harmonization_status": "HARMONIZED",
        "timeline_available": true,
        "merge_group": null,
        "review_action": "No action",
        "locality": "Kakrola"
      },
      "geometry": {
        "type": "Polygon",
        "coordinates": [
          [
            [
              77.0339029,
              28.6186058
            ],
            [
              77.0340461,
              28.6186058
            ],
            [
              77.0340461,
              28.6188175
            ],
            [
              77.0339029,
              28.6188175
            ],
            [
              77.0339029,
              28.6186058
            ]
          ]
        ]
      }
    },
    {
      "type": "Feature",
      "id": "P032",
      "properties": {
        "synthetic": true,
        "not_for_legal_use": true,
        "record_year": 2025,
        "parcel_id": "P032",
        "canonical_id": "CP-KAK-032",
        "parcel_name": "Kakrola Parcel-32",
        "current_owner": "Aniket Wadhwa",
        "survey_no": "KAK/132/D",
        "mcd_property_id": "MCD-135-5032",
        "dda_zone": "Zone K-II (Dwarka)",
        "address": "Kakrola, Dwarka, Delhi",
        "area_sqm": 238.5,
        "confidence": 0.99,
        "primary_conflict_type": null,
        "severity": "None",
        "harmonization_status": "HARMONIZED",
        "timeline_available": true,
        "merge_group": null,
        "review_action": "No action",
        "locality": "Kakrola"
      },
      "geometry": {
        "type": "Polygon",
        "coordinates": [
          [
            [
              77.0343122,
              28.6186517
            ],
            [
              77.0344964,
              28.6186517
            ],
            [
              77.0344964,
              28.6187716
            ],
            [
              77.0343122,
              28.6187716
            ],
            [
              77.0343122,
              28.6186517
            ]
          ]
        ]
      }
    },
    {
      "type": "Feature",
      "id": "P033",
      "properties": {
        "synthetic": true,
        "not_for_legal_use": true,
        "record_year": 2025,
        "parcel_id": "P033",
        "canonical_id": "CP-MAT-001",
        "parcel_name": "Matiala Parcel-01",
        "current_owner": "Aditya Chawla",
        "survey_no": "MAT/101/A",
        "mcd_property_id": "MCD-136-5033",
        "dda_zone": "Zone K-II (Dwarka)",
        "address": "Matiala, Dwarka, Delhi",
        "area_sqm": 353.0,
        "confidence": 0.73,
        "primary_conflict_type": "Parcel splitting",
        "severity": "High",
        "harmonization_status": "REVIEW_REQUIRED",
        "timeline_available": true,
        "merge_group": "SPLIT-MAT-01",
        "review_action": "Manual review",
        "locality": "Matiala"
      },
      "geometry": {
        "type": "Polygon",
        "coordinates": [
          [
            [
              77.0462192,
              28.6041819
            ],
            [
              77.0463726,
              28.6041819
            ],
            [
              77.0463726,
              28.6043948
            ],
            [
              77.0462192,
              28.6043948
            ],
            [
              77.0462192,
              28.6041819
            ]
          ]
        ]
      }
    },
    {
      "type": "Feature",
      "id": "P034",
      "properties": {
        "synthetic": true,
        "not_for_legal_use": true,
        "record_year": 2025,
        "parcel_id": "P034",
        "canonical_id": "CP-MAT-002",
        "parcel_name": "Matiala Parcel-02",
        "current_owner": "Naina Sharma",
        "survey_no": "MAT/102/A",
        "mcd_property_id": "MCD-136-5034",
        "dda_zone": "Zone K-II (Dwarka)",
        "address": "Matiala, Dwarka, Delhi",
        "area_sqm": 379.1,
        "confidence": 0.73,
        "primary_conflict_type": "Parcel splitting",
        "severity": "High",
        "harmonization_status": "REVIEW_REQUIRED",
        "timeline_available": true,
        "merge_group": "SPLIT-MAT-01",
        "review_action": "Manual review",
        "locality": "Matiala"
      },
      "geometry": {
        "type": "Polygon",
        "coordinates": [
          [
            [
              77.0466489,
              28.6041741
            ],
            [
              77.0468024,
              28.6041741
            ],
            [
              77.0468024,
              28.6044026
            ],
            [
              77.0466489,
              28.6044026
            ],
            [
              77.0466489,
              28.6041741
            ]
          ]
        ]
      }
    },
    {
      "type": "Feature",
      "id": "P035",
      "properties": {
        "synthetic": true,
        "not_for_legal_use": true,
        "record_year": 2025,
        "parcel_id": "P035",
        "canonical_id": "CP-MAT-003",
        "parcel_name": "Matiala Parcel-03",
        "current_owner": "Siddharth Batra",
        "survey_no": "MAT/103/A",
        "mcd_property_id": "MCD-136-5035",
        "dda_zone": "Zone K-II (Dwarka)",
        "address": "Matiala, Dwarka, Delhi",
        "area_sqm": 340.5,
        "confidence": 0.73,
        "primary_conflict_type": "Parcel splitting",
        "severity": "High",
        "harmonization_status": "REVIEW_REQUIRED",
        "timeline_available": true,
        "merge_group": "SPLIT-MAT-02",
        "review_action": "Manual review",
        "locality": "Matiala"
      },
      "geometry": {
        "type": "Polygon",
        "coordinates": [
          [
            [
              77.0470838,
              28.6041784
            ],
            [
              77.047227,
              28.6041784
            ],
            [
              77.047227,
              28.6043983
            ],
            [
              77.0470838,
              28.6043983
            ],
            [
              77.0470838,
              28.6041784
            ]
          ]
        ]
      }
    },
    {
      "type": "Feature",
      "id": "P036",
      "properties": {
        "synthetic": true,
        "not_for_legal_use": true,
        "record_year": 2025,
        "parcel_id": "P036",
        "canonical_id": "CP-MAT-004",
        "parcel_name": "Matiala Parcel-04",
        "current_owner": "Ananya Chawla",
        "survey_no": "MAT/104/A",
        "mcd_property_id": "MCD-136-5036",
        "dda_zone": "Zone K-II (Dwarka)",
        "address": "Matiala, Dwarka, Delhi",
        "area_sqm": 260.8,
        "confidence": 0.71,
        "primary_conflict_type": "Parcel splitting",
        "severity": "High",
        "harmonization_status": "REVIEW_REQUIRED",
        "timeline_available": true,
        "merge_group": "SPLIT-MAT-02",
        "review_action": "Manual review",
        "locality": "Matiala"
      },
      "geometry": {
        "type": "Polygon",
        "coordinates": [
          [
            [
              77.047493,
              28.6042228
            ],
            [
              77.0476772,
              28.6042228
            ],
            [
              77.0476772,
              28.6043539
            ],
            [
              77.047493,
              28.6043539
            ],
            [
              77.047493,
              28.6042228
            ]
          ]
        ]
      }
    },
    {
      "type": "Feature",
      "id": "P037",
      "properties": {
        "synthetic": true,
        "not_for_legal_use": true,
        "record_year": 2025,
        "parcel_id": "P037",
        "canonical_id": "CP-MAT-005",
        "parcel_name": "Matiala Parcel-05",
        "current_owner": "Aarav Dhingra",
        "survey_no": "MAT/105/A",
        "mcd_property_id": "MCD-136-5037",
        "dda_zone": "Zone K-II (Dwarka)",
        "address": "Matiala, Dwarka, Delhi",
        "area_sqm": 264.9,
        "confidence": 0.89,
        "primary_conflict_type": "Different addressing / field semantics",
        "severity": "Low",
        "harmonization_status": "SUGGESTED",
        "timeline_available": true,
        "merge_group": null,
        "review_action": "Reviewer confirmation",
        "locality": "Matiala"
      },
      "geometry": {
        "type": "Polygon",
        "coordinates": [
          [
            [
              77.0479381,
              28.6042085
            ],
            [
              77.0480916,
              28.6042085
            ],
            [
              77.0480916,
              28.6043682
            ],
            [
              77.0479381,
              28.6043682
            ],
            [
              77.0479381,
              28.6042085
            ]
          ]
        ]
      }
    },
    {
      "type": "Feature",
      "id": "P038",
      "properties": {
        "synthetic": true,
        "not_for_legal_use": true,
        "record_year": 2025,
        "parcel_id": "P038",
        "canonical_id": "CP-MAT-006",
        "parcel_name": "Matiala Parcel-06",
        "current_owner": "Akash Batra",
        "survey_no": "MAT/106/A",
        "mcd_property_id": "MCD-136-5038",
        "dda_zone": "Zone K-II (Dwarka)",
        "address": "Matiala, Dwarka, Delhi",
        "area_sqm": 191.2,
        "confidence": 0.88,
        "primary_conflict_type": "Different addressing / field semantics",
        "severity": "Low",
        "harmonization_status": "SUGGESTED",
        "timeline_available": true,
        "merge_group": null,
        "review_action": "Reviewer confirmation",
        "locality": "Matiala"
      },
      "geometry": {
        "type": "Polygon",
        "coordinates": [
          [
            [
              77.048373,
              28.6042266
            ],
            [
              77.0485162,
              28.6042266
            ],
            [
              77.0485162,
              28.6043501
            ],
            [
              77.048373,
              28.6043501
            ],
            [
              77.048373,
              28.6042266
            ]
          ]
        ]
      }
    },
    {
      "type": "Feature",
      "id": "P039",
      "properties": {
        "synthetic": true,
        "not_for_legal_use": true,
        "record_year": 2025,
        "parcel_id": "P039",
        "canonical_id": "CP-MAT-007",
        "parcel_name": "Matiala Parcel-07",
        "current_owner": "Rhea Sharma",
        "survey_no": "MAT/107/A",
        "mcd_property_id": "MCD-136-5039",
        "dda_zone": "Zone K-II (Dwarka)",
        "address": "Matiala, Dwarka, Delhi",
        "area_sqm": 273.6,
        "confidence": 0.87,
        "primary_conflict_type": "Different addressing / field semantics",
        "severity": "Low",
        "harmonization_status": "SUGGESTED",
        "timeline_available": true,
        "merge_group": null,
        "review_action": "Reviewer confirmation",
        "locality": "Matiala"
      },
      "geometry": {
        "type": "Polygon",
        "coordinates": [
          [
            [
              77.0487925,
              28.604211
            ],
            [
              77.0489562,
              28.604211
            ],
            [
              77.0489562,
              28.6043657
            ],
            [
              77.0487925,
              28.6043657
            ],
            [
              77.0487925,
              28.604211
            ]
          ]
        ]
      }
    },
    {
      "type": "Feature",
      "id": "P040",
      "properties": {
        "synthetic": true,
        "not_for_legal_use": true,
        "record_year": 2025,
        "parcel_id": "P040",
        "canonical_id": "CP-MAT-008",
        "parcel_name": "Matiala Parcel-08",
        "current_owner": "Kunal Kohli",
        "survey_no": "MAT/108/A",
        "mcd_property_id": "MCD-136-5040",
        "dda_zone": "Zone K-II (Dwarka)",
        "address": "Matiala, Dwarka, Delhi",
        "area_sqm": 328.7,
        "confidence": 0.9,
        "primary_conflict_type": "Different addressing / field semantics",
        "severity": "Low",
        "harmonization_status": "SUGGESTED",
        "timeline_available": true,
        "merge_group": null,
        "review_action": "Reviewer confirmation",
        "locality": "Matiala"
      },
      "geometry": {
        "type": "Polygon",
        "coordinates": [
          [
            [
              77.0492222,
              28.6041955
            ],
            [
              77.0493859,
              28.6041955
            ],
            [
              77.0493859,
              28.6043813
            ],
            [
              77.0492222,
              28.6043813
            ],
            [
              77.0492222,
              28.6041955
            ]
          ]
        ]
      }
    },
    {
      "type": "Feature",
      "id": "P041",
      "properties": {
        "synthetic": true,
        "not_for_legal_use": true,
        "record_year": 2025,
        "parcel_id": "P041",
        "canonical_id": "CP-MAT-009",
        "parcel_name": "Matiala Parcel-09",
        "current_owner": "Kabir Dhingra",
        "survey_no": "MAT/109/B",
        "mcd_property_id": "MCD-136-5041",
        "dda_zone": "Zone K-II (Dwarka)",
        "address": "Matiala, Dwarka, Delhi",
        "area_sqm": 303.9,
        "confidence": 0.88,
        "primary_conflict_type": "Different coordinate systems",
        "severity": "Medium",
        "harmonization_status": "SUGGESTED",
        "timeline_available": true,
        "merge_group": null,
        "review_action": "Reviewer confirmation",
        "locality": "Matiala"
      },
      "geometry": {
        "type": "Polygon",
        "coordinates": [
          [
            [
              77.0462243,
              28.6038646
            ],
            [
              77.0463675,
              28.6038646
            ],
            [
              77.0463675,
              28.6040609
            ],
            [
              77.0462243,
              28.6040609
            ],
            [
              77.0462243,
              28.6038646
            ]
          ]
        ]
      }
    },
    {
      "type": "Feature",
      "id": "P042",
      "properties": {
        "synthetic": true,
        "not_for_legal_use": true,
        "record_year": 2025,
        "parcel_id": "P042",
        "canonical_id": "CP-MAT-010",
        "parcel_name": "Matiala Parcel-10",
        "current_owner": "Avni Gupta",
        "survey_no": "MAT/110/B",
        "mcd_property_id": "MCD-136-5042",
        "dda_zone": "Zone K-II (Dwarka)",
        "address": "Matiala, Dwarka, Delhi",
        "area_sqm": 366.1,
        "confidence": 0.88,
        "primary_conflict_type": "Different coordinate systems",
        "severity": "Medium",
        "harmonization_status": "SUGGESTED",
        "timeline_available": true,
        "merge_group": null,
        "review_action": "Reviewer confirmation",
        "locality": "Matiala"
      },
      "geometry": {
        "type": "Polygon",
        "coordinates": [
          [
            [
              77.046654,
              28.6038445
            ],
            [
              77.0467973,
              28.6038445
            ],
            [
              77.0467973,
              28.604081
            ],
            [
              77.046654,
              28.604081
            ],
            [
              77.046654,
              28.6038445
            ]
          ]
        ]
      }
    },
    {
      "type": "Feature",
      "id": "P043",
      "properties": {
        "synthetic": true,
        "not_for_legal_use": true,
        "record_year": 2025,
        "parcel_id": "P043",
        "canonical_id": "CP-MAT-011",
        "parcel_name": "Matiala Parcel-11",
        "current_owner": "Ananya Khanna",
        "survey_no": "MAT/111/B",
        "mcd_property_id": "MCD-136-5043",
        "dda_zone": "Zone K-II (Dwarka)",
        "address": "Matiala, Dwarka, Delhi",
        "area_sqm": 309.0,
        "confidence": 0.88,
        "primary_conflict_type": "Different coordinate systems",
        "severity": "Medium",
        "harmonization_status": "SUGGESTED",
        "timeline_available": true,
        "merge_group": null,
        "review_action": "Reviewer confirmation",
        "locality": "Matiala"
      },
      "geometry": {
        "type": "Polygon",
        "coordinates": [
          [
            [
              77.0470838,
              28.603863
            ],
            [
              77.047227,
              28.603863
            ],
            [
              77.047227,
              28.6040626
            ],
            [
              77.0470838,
              28.6040626
            ],
            [
              77.0470838,
              28.603863
            ]
          ]
        ]
      }
    },
    {
      "type": "Feature",
      "id": "P044",
      "properties": {
        "synthetic": true,
        "not_for_legal_use": true,
        "record_year": 2025,
        "parcel_id": "P044",
        "canonical_id": "CP-MAT-012",
        "parcel_name": "Matiala Parcel-12",
        "current_owner": "Isha Bansal",
        "survey_no": "MAT/112/B",
        "mcd_property_id": "MCD-136-5044",
        "dda_zone": "Zone K-II (Dwarka)",
        "address": "Matiala, Dwarka, Delhi",
        "area_sqm": 211.1,
        "confidence": 0.87,
        "primary_conflict_type": "Different coordinate systems",
        "severity": "Medium",
        "harmonization_status": "SUGGESTED",
        "timeline_available": true,
        "merge_group": null,
        "review_action": "Reviewer confirmation",
        "locality": "Matiala"
      },
      "geometry": {
        "type": "Polygon",
        "coordinates": [
          [
            [
              77.0475135,
              28.6038946
            ],
            [
              77.0476568,
              28.6038946
            ],
            [
              77.0476568,
              28.604031
            ],
            [
              77.0475135,
              28.604031
            ],
            [
              77.0475135,
              28.6038946
            ]
          ]
        ]
      }
    },
    {
      "type": "Feature",
      "id": "P045",
      "properties": {
        "synthetic": true,
        "not_for_legal_use": true,
        "record_year": 2025,
        "parcel_id": "P045",
        "canonical_id": "CP-MAT-013",
        "parcel_name": "Matiala Parcel-13",
        "current_owner": "Ananya Malhotra",
        "survey_no": "MAT/113/B",
        "mcd_property_id": "MCD-136-5045",
        "dda_zone": "Zone K-II (Dwarka)",
        "address": "Matiala, Dwarka, Delhi",
        "area_sqm": 277.3,
        "confidence": 0.42,
        "primary_conflict_type": "Bad data - needs re-evaluation",
        "severity": "Critical",
        "harmonization_status": "REVIEW_REQUIRED",
        "timeline_available": true,
        "merge_group": null,
        "review_action": "Manual review",
        "locality": "Matiala"
      },
      "geometry": {
        "type": "Polygon",
        "coordinates": [
          [
            [
              77.0479228,
              28.6038931
            ],
            [
              77.048107,
              28.6038931
            ],
            [
              77.048107,
              28.6040324
            ],
            [
              77.0479228,
              28.6040324
            ],
            [
              77.0479228,
              28.6038931
            ]
          ]
        ]
      }
    },
    {
      "type": "Feature",
      "id": "P046",
      "properties": {
        "synthetic": true,
        "not_for_legal_use": true,
        "record_year": 2025,
        "parcel_id": "P046",
        "canonical_id": "CP-MAT-014",
        "parcel_name": "Matiala Parcel-14",
        "current_owner": "Saanvi Bansal",
        "survey_no": "MAT/114/B",
        "mcd_property_id": "MCD-136-5046",
        "dda_zone": "Zone K-II (Dwarka)",
        "address": "Matiala, Dwarka, Delhi",
        "area_sqm": 287.7,
        "confidence": 0.41,
        "primary_conflict_type": "Bad data - needs re-evaluation",
        "severity": "Critical",
        "harmonization_status": "REVIEW_REQUIRED",
        "timeline_available": true,
        "merge_group": null,
        "review_action": "Manual review",
        "locality": "Matiala"
      },
      "geometry": {
        "type": "Polygon",
        "coordinates": [
          [
            [
              77.048373,
              28.6038699
            ],
            [
              77.0485162,
              28.6038699
            ],
            [
              77.0485162,
              28.6040557
            ],
            [
              77.048373,
              28.6040557
            ],
            [
              77.048373,
              28.6038699
            ]
          ]
        ]
      }
    },
    {
      "type": "Feature",
      "id": "P047",
      "properties": {
        "synthetic": true,
        "not_for_legal_use": true,
        "record_year": 2025,
        "parcel_id": "P047",
        "canonical_id": "CP-MAT-015",
        "parcel_name": "Matiala Parcel-15",
        "current_owner": "Aarav Mehta",
        "survey_no": "MAT/115/B",
        "mcd_property_id": "MCD-136-5047",
        "dda_zone": "Zone K-II (Dwarka)",
        "address": "Matiala, Dwarka, Delhi",
        "area_sqm": 266.5,
        "confidence": 0.4,
        "primary_conflict_type": "Bad data - needs re-evaluation",
        "severity": "Critical",
        "harmonization_status": "REVIEW_REQUIRED",
        "timeline_available": true,
        "merge_group": null,
        "review_action": "Manual review",
        "locality": "Matiala"
      },
      "geometry": {
        "type": "Polygon",
        "coordinates": [
          [
            [
              77.0487976,
              28.6038824
            ],
            [
              77.0489511,
              28.6038824
            ],
            [
              77.0489511,
              28.6040431
            ],
            [
              77.0487976,
              28.6040431
            ],
            [
              77.0487976,
              28.6038824
            ]
          ]
        ]
      }
    },
    {
      "type": "Feature",
      "id": "P048",
      "properties": {
        "synthetic": true,
        "not_for_legal_use": true,
        "record_year": 2025,
        "parcel_id": "P048",
        "canonical_id": "CP-MAT-016",
        "parcel_name": "Matiala Parcel-16",
        "current_owner": "Avni Sharma",
        "survey_no": "MAT/116/B",
        "mcd_property_id": "MCD-136-5048",
        "dda_zone": "Zone K-II (Dwarka)",
        "address": "Matiala, Dwarka, Delhi",
        "area_sqm": 299.8,
        "confidence": 0.42,
        "primary_conflict_type": "Bad data - needs re-evaluation",
        "severity": "Critical",
        "harmonization_status": "REVIEW_REQUIRED",
        "timeline_available": true,
        "merge_group": null,
        "review_action": "Manual review",
        "locality": "Matiala"
      },
      "geometry": {
        "type": "Polygon",
        "coordinates": [
          [
            [
              77.0492325,
              28.603866
            ],
            [
              77.0493757,
              28.603866
            ],
            [
              77.0493757,
              28.6040596
            ],
            [
              77.0492325,
              28.6040596
            ],
            [
              77.0492325,
              28.603866
            ]
          ]
        ]
      }
    },
    {
      "type": "Feature",
      "id": "P049",
      "properties": {
        "synthetic": true,
        "not_for_legal_use": true,
        "record_year": 2025,
        "parcel_id": "P049",
        "canonical_id": "CP-MAT-017",
        "parcel_name": "Matiala Parcel-17",
        "current_owner": "Vihaan Bansal",
        "survey_no": "MAT/117/C",
        "mcd_property_id": "MCD-136-5049",
        "dda_zone": "Zone K-II (Dwarka)",
        "address": "Matiala, Dwarka, Delhi",
        "area_sqm": 278.6,
        "confidence": 0.99,
        "primary_conflict_type": null,
        "severity": "None",
        "harmonization_status": "HARMONIZED",
        "timeline_available": true,
        "merge_group": null,
        "review_action": "No action",
        "locality": "Matiala"
      },
      "geometry": {
        "type": "Polygon",
        "coordinates": [
          [
            [
              77.0462141,
              28.6035585
            ],
            [
              77.0463778,
              28.6035585
            ],
            [
              77.0463778,
              28.6037159
            ],
            [
              77.0462141,
              28.6037159
            ],
            [
              77.0462141,
              28.6035585
            ]
          ]
        ]
      }
    },
    {
      "type": "Feature",
      "id": "P050",
      "properties": {
        "synthetic": true,
        "not_for_legal_use": true,
        "record_year": 2025,
        "parcel_id": "P050",
        "canonical_id": "CP-MAT-018",
        "parcel_name": "Matiala Parcel-18",
        "current_owner": "Sara Wadhwa",
        "survey_no": "MAT/118/C",
        "mcd_property_id": "MCD-136-5050",
        "dda_zone": "Zone K-II (Dwarka)",
        "address": "Matiala, Dwarka, Delhi",
        "area_sqm": 388.7,
        "confidence": 0.99,
        "primary_conflict_type": null,
        "severity": "None",
        "harmonization_status": "HARMONIZED",
        "timeline_available": true,
        "merge_group": null,
        "review_action": "No action",
        "locality": "Matiala"
      },
      "geometry": {
        "type": "Polygon",
        "coordinates": [
          [
            [
              77.0466438,
              28.6035274
            ],
            [
              77.0468075,
              28.6035274
            ],
            [
              77.0468075,
              28.6037471
            ],
            [
              77.0466438,
              28.6037471
            ],
            [
              77.0466438,
              28.6035274
            ]
          ]
        ]
      }
    },
    {
      "type": "Feature",
      "id": "P051",
      "properties": {
        "synthetic": true,
        "not_for_legal_use": true,
        "record_year": 2025,
        "parcel_id": "P051",
        "canonical_id": "CP-MAT-019",
        "parcel_name": "Matiala Parcel-19",
        "current_owner": "Varun Sharma",
        "survey_no": "MAT/119/C",
        "mcd_property_id": "MCD-136-5051",
        "dda_zone": "Zone K-II (Dwarka)",
        "address": "Matiala, Dwarka, Delhi",
        "area_sqm": 276.5,
        "confidence": 0.99,
        "primary_conflict_type": null,
        "severity": "None",
        "harmonization_status": "HARMONIZED",
        "timeline_available": true,
        "merge_group": null,
        "review_action": "No action",
        "locality": "Matiala"
      },
      "geometry": {
        "type": "Polygon",
        "coordinates": [
          [
            [
              77.0470787,
              28.6035539
            ],
            [
              77.0472321,
              28.6035539
            ],
            [
              77.0472321,
              28.6037206
            ],
            [
              77.0470787,
              28.6037206
            ],
            [
              77.0470787,
              28.6035539
            ]
          ]
        ]
      }
    },
    {
      "type": "Feature",
      "id": "P052",
      "properties": {
        "synthetic": true,
        "not_for_legal_use": true,
        "record_year": 2025,
        "parcel_id": "P052",
        "canonical_id": "CP-MAT-020",
        "parcel_name": "Matiala Parcel-20",
        "current_owner": "Sahil Mehta",
        "survey_no": "MAT/120/C",
        "mcd_property_id": "MCD-136-5052",
        "dda_zone": "Zone K-II (Dwarka)",
        "address": "Matiala, Dwarka, Delhi",
        "area_sqm": 292.9,
        "confidence": 0.99,
        "primary_conflict_type": null,
        "severity": "None",
        "harmonization_status": "HARMONIZED",
        "timeline_available": true,
        "merge_group": null,
        "review_action": "No action",
        "locality": "Matiala"
      },
      "geometry": {
        "type": "Polygon",
        "coordinates": [
          [
            [
              77.0475084,
              28.6035489
            ],
            [
              77.0476619,
              28.6035489
            ],
            [
              77.0476619,
              28.6037255
            ],
            [
              77.0475084,
              28.6037255
            ],
            [
              77.0475084,
              28.6035489
            ]
          ]
        ]
      }
    },
    {
      "type": "Feature",
      "id": "P053",
      "properties": {
        "synthetic": true,
        "not_for_legal_use": true,
        "record_year": 2025,
        "parcel_id": "P053",
        "canonical_id": "CP-MAT-021",
        "parcel_name": "Matiala Parcel-21",
        "current_owner": "Neel Chawla",
        "survey_no": "MAT/121/C",
        "mcd_property_id": "MCD-136-5053",
        "dda_zone": "Zone K-II (Dwarka)",
        "address": "Matiala, Dwarka, Delhi",
        "area_sqm": 201.7,
        "confidence": 0.99,
        "primary_conflict_type": null,
        "severity": "None",
        "harmonization_status": "HARMONIZED",
        "timeline_available": true,
        "merge_group": null,
        "review_action": "No action",
        "locality": "Matiala"
      },
      "geometry": {
        "type": "Polygon",
        "coordinates": [
          [
            [
              77.0479432,
              28.6035721
            ],
            [
              77.0480865,
              28.6035721
            ],
            [
              77.0480865,
              28.6037024
            ],
            [
              77.0479432,
              28.6037024
            ],
            [
              77.0479432,
              28.6035721
            ]
          ]
        ]
      }
    },
    {
      "type": "Feature",
      "id": "P054",
      "properties": {
        "synthetic": true,
        "not_for_legal_use": true,
        "record_year": 2025,
        "parcel_id": "P054",
        "canonical_id": "CP-MAT-022",
        "parcel_name": "Matiala Parcel-22",
        "current_owner": "Isha Mehta",
        "survey_no": "MAT/122/C",
        "mcd_property_id": "MCD-136-5054",
        "dda_zone": "Zone K-II (Dwarka)",
        "address": "Matiala, Dwarka, Delhi",
        "area_sqm": 251.8,
        "confidence": 0.99,
        "primary_conflict_type": null,
        "severity": "None",
        "harmonization_status": "HARMONIZED",
        "timeline_available": true,
        "merge_group": null,
        "review_action": "No action",
        "locality": "Matiala"
      },
      "geometry": {
        "type": "Polygon",
        "coordinates": [
          [
            [
              77.0483525,
              28.603574
            ],
            [
              77.0485367,
              28.603574
            ],
            [
              77.0485367,
              28.6037005
            ],
            [
              77.0483525,
              28.6037005
            ],
            [
              77.0483525,
              28.603574
            ]
          ]
        ]
      }
    },
    {
      "type": "Feature",
      "id": "P055",
      "properties": {
        "synthetic": true,
        "not_for_legal_use": true,
        "record_year": 2025,
        "parcel_id": "P055",
        "canonical_id": "CP-MAT-023",
        "parcel_name": "Matiala Parcel-23",
        "current_owner": "Aditya Sinha",
        "survey_no": "MAT/123/C",
        "mcd_property_id": "MCD-136-5055",
        "dda_zone": "Zone K-II (Dwarka)",
        "address": "Matiala, Dwarka, Delhi",
        "area_sqm": 280.0,
        "confidence": 0.99,
        "primary_conflict_type": null,
        "severity": "None",
        "harmonization_status": "HARMONIZED",
        "timeline_available": true,
        "merge_group": null,
        "review_action": "No action",
        "locality": "Matiala"
      },
      "geometry": {
        "type": "Polygon",
        "coordinates": [
          [
            [
              77.0487823,
              28.6035669
            ],
            [
              77.0489664,
              28.6035669
            ],
            [
              77.0489664,
              28.6037076
            ],
            [
              77.0487823,
              28.6037076
            ],
            [
              77.0487823,
              28.6035669
            ]
          ]
        ]
      }
    },
    {
      "type": "Feature",
      "id": "P056",
      "properties": {
        "synthetic": true,
        "not_for_legal_use": true,
        "record_year": 2025,
        "parcel_id": "P056",
        "canonical_id": "CP-MAT-024",
        "parcel_name": "Matiala Parcel-24",
        "current_owner": "Meera Dhingra",
        "survey_no": "MAT/124/C",
        "mcd_property_id": "MCD-136-5056",
        "dda_zone": "Zone K-II (Dwarka)",
        "address": "Matiala, Dwarka, Delhi",
        "area_sqm": 286.0,
        "confidence": 0.99,
        "primary_conflict_type": null,
        "severity": "None",
        "harmonization_status": "HARMONIZED",
        "timeline_available": true,
        "merge_group": null,
        "review_action": "No action",
        "locality": "Matiala"
      },
      "geometry": {
        "type": "Polygon",
        "coordinates": [
          [
            [
              77.0492274,
              28.603551
            ],
            [
              77.0493808,
              28.603551
            ],
            [
              77.0493808,
              28.6037234
            ],
            [
              77.0492274,
              28.6037234
            ],
            [
              77.0492274,
              28.603551
            ]
          ]
        ]
      }
    },
    {
      "type": "Feature",
      "id": "P057",
      "properties": {
        "synthetic": true,
        "not_for_legal_use": true,
        "record_year": 2025,
        "parcel_id": "P057",
        "canonical_id": "CP-MAT-025",
        "parcel_name": "Matiala Parcel-25",
        "current_owner": "Rohan Wadhwa",
        "survey_no": "MAT/125/D",
        "mcd_property_id": "MCD-136-5057",
        "dda_zone": "Zone K-II (Dwarka)",
        "address": "Matiala, Dwarka, Delhi",
        "area_sqm": 235.1,
        "confidence": 0.99,
        "primary_conflict_type": null,
        "severity": "None",
        "harmonization_status": "HARMONIZED",
        "timeline_available": true,
        "merge_group": null,
        "review_action": "No action",
        "locality": "Matiala"
      },
      "geometry": {
        "type": "Polygon",
        "coordinates": [
          [
            [
              77.0462141,
              28.6032452
            ],
            [
              77.0463778,
              28.6032452
            ],
            [
              77.0463778,
              28.6033781
            ],
            [
              77.0462141,
              28.6033781
            ],
            [
              77.0462141,
              28.6032452
            ]
          ]
        ]
      }
    },
    {
      "type": "Feature",
      "id": "P058",
      "properties": {
        "synthetic": true,
        "not_for_legal_use": true,
        "record_year": 2025,
        "parcel_id": "P058",
        "canonical_id": "CP-MAT-026",
        "parcel_name": "Matiala Parcel-26",
        "current_owner": "Tanvi Khanna",
        "survey_no": "MAT/126/D",
        "mcd_property_id": "MCD-136-5058",
        "dda_zone": "Zone K-II (Dwarka)",
        "address": "Matiala, Dwarka, Delhi",
        "area_sqm": 342.7,
        "confidence": 0.96,
        "primary_conflict_type": null,
        "severity": "None",
        "harmonization_status": "HARMONIZED",
        "timeline_available": true,
        "merge_group": null,
        "review_action": "No action",
        "locality": "Matiala"
      },
      "geometry": {
        "type": "Polygon",
        "coordinates": [
          [
            [
              77.0466438,
              28.6032148
            ],
            [
              77.0468075,
              28.6032148
            ],
            [
              77.0468075,
              28.6034085
            ],
            [
              77.0466438,
              28.6034085
            ],
            [
              77.0466438,
              28.6032148
            ]
          ]
        ]
      }
    },
    {
      "type": "Feature",
      "id": "P059",
      "properties": {
        "synthetic": true,
        "not_for_legal_use": true,
        "record_year": 2025,
        "parcel_id": "P059",
        "canonical_id": "CP-MAT-027",
        "parcel_name": "Matiala Parcel-27",
        "current_owner": "Isha Malhotra",
        "survey_no": "MAT/127/D",
        "mcd_property_id": "MCD-136-5059",
        "dda_zone": "Zone K-II (Dwarka)",
        "address": "Matiala, Dwarka, Delhi",
        "area_sqm": 384.3,
        "confidence": 0.98,
        "primary_conflict_type": null,
        "severity": "None",
        "harmonization_status": "HARMONIZED",
        "timeline_available": true,
        "merge_group": null,
        "review_action": "No action",
        "locality": "Matiala"
      },
      "geometry": {
        "type": "Polygon",
        "coordinates": [
          [
            [
              77.0470838,
              28.6031875
            ],
            [
              77.047227,
              28.6031875
            ],
            [
              77.047227,
              28.6034358
            ],
            [
              77.0470838,
              28.6034358
            ],
            [
              77.0470838,
              28.6031875
            ]
          ]
        ]
      }
    },
    {
      "type": "Feature",
      "id": "P060",
      "properties": {
        "synthetic": true,
        "not_for_legal_use": true,
        "record_year": 2025,
        "parcel_id": "P060",
        "canonical_id": "CP-MAT-028",
        "parcel_name": "Matiala Parcel-28",
        "current_owner": "Kavya Joshi",
        "survey_no": "MAT/128/D",
        "mcd_property_id": "MCD-136-5060",
        "dda_zone": "Zone K-II (Dwarka)",
        "address": "Matiala, Dwarka, Delhi",
        "area_sqm": 267.8,
        "confidence": 0.98,
        "primary_conflict_type": null,
        "severity": "None",
        "harmonization_status": "HARMONIZED",
        "timeline_available": true,
        "merge_group": null,
        "review_action": "No action",
        "locality": "Matiala"
      },
      "geometry": {
        "type": "Polygon",
        "coordinates": [
          [
            [
              77.0475084,
              28.6032309
            ],
            [
              77.0476619,
              28.6032309
            ],
            [
              77.0476619,
              28.6033924
            ],
            [
              77.0475084,
              28.6033924
            ],
            [
              77.0475084,
              28.6032309
            ]
          ]
        ]
      }
    },
    {
      "type": "Feature",
      "id": "P061",
      "properties": {
        "synthetic": true,
        "not_for_legal_use": true,
        "record_year": 2025,
        "parcel_id": "P061",
        "canonical_id": "CP-MAT-029",
        "parcel_name": "Matiala Parcel-29",
        "current_owner": "Meera Kapoor",
        "survey_no": "MAT/129/D",
        "mcd_property_id": "MCD-136-5061",
        "dda_zone": "Zone K-II (Dwarka)",
        "address": "Matiala, Dwarka, Delhi",
        "area_sqm": 362.5,
        "confidence": 0.99,
        "primary_conflict_type": null,
        "severity": "None",
        "harmonization_status": "HARMONIZED",
        "timeline_available": true,
        "merge_group": null,
        "review_action": "No action",
        "locality": "Matiala"
      },
      "geometry": {
        "type": "Polygon",
        "coordinates": [
          [
            [
              77.0479381,
              28.6032024
            ],
            [
              77.0480916,
              28.6032024
            ],
            [
              77.0480916,
              28.6034209
            ],
            [
              77.0479381,
              28.6034209
            ],
            [
              77.0479381,
              28.6032024
            ]
          ]
        ]
      }
    },
    {
      "type": "Feature",
      "id": "P062",
      "properties": {
        "synthetic": true,
        "not_for_legal_use": true,
        "record_year": 2025,
        "parcel_id": "P062",
        "canonical_id": "CP-MAT-030",
        "parcel_name": "Matiala Parcel-30",
        "current_owner": "Dev Saxena",
        "survey_no": "MAT/130/D",
        "mcd_property_id": "MCD-136-5062",
        "dda_zone": "Zone K-II (Dwarka)",
        "address": "Matiala, Dwarka, Delhi",
        "area_sqm": 278.0,
        "confidence": 0.95,
        "primary_conflict_type": null,
        "severity": "None",
        "harmonization_status": "HARMONIZED",
        "timeline_available": true,
        "merge_group": null,
        "review_action": "No action",
        "locality": "Matiala"
      },
      "geometry": {
        "type": "Polygon",
        "coordinates": [
          [
            [
              77.048373,
              28.6032218
            ],
            [
              77.0485162,
              28.6032218
            ],
            [
              77.0485162,
              28.6034014
            ],
            [
              77.048373,
              28.6034014
            ],
            [
              77.048373,
              28.6032218
            ]
          ]
        ]
      }
    },
    {
      "type": "Feature",
      "id": "P063",
      "properties": {
        "synthetic": true,
        "not_for_legal_use": true,
        "record_year": 2025,
        "parcel_id": "P063",
        "canonical_id": "CP-MAT-031",
        "parcel_name": "Matiala Parcel-31",
        "current_owner": "Neel Malhotra",
        "survey_no": "MAT/131/D",
        "mcd_property_id": "MCD-136-5063",
        "dda_zone": "Zone K-II (Dwarka)",
        "address": "Matiala, Dwarka, Delhi",
        "area_sqm": 252.5,
        "confidence": 0.99,
        "primary_conflict_type": null,
        "severity": "None",
        "harmonization_status": "HARMONIZED",
        "timeline_available": true,
        "merge_group": null,
        "review_action": "No action",
        "locality": "Matiala"
      },
      "geometry": {
        "type": "Polygon",
        "coordinates": [
          [
            [
              77.0487823,
              28.6032482
            ],
            [
              77.0489664,
              28.6032482
            ],
            [
              77.0489664,
              28.6033751
            ],
            [
              77.0487823,
              28.6033751
            ],
            [
              77.0487823,
              28.6032482
            ]
          ]
        ]
      }
    },
    {
      "type": "Feature",
      "id": "P064",
      "properties": {
        "synthetic": true,
        "not_for_legal_use": true,
        "record_year": 2025,
        "parcel_id": "P064",
        "canonical_id": "CP-MAT-032",
        "parcel_name": "Matiala Parcel-32",
        "current_owner": "Aniket Chawla",
        "survey_no": "MAT/132/D",
        "mcd_property_id": "MCD-136-5064",
        "dda_zone": "Zone K-II (Dwarka)",
        "address": "Matiala, Dwarka, Delhi",
        "area_sqm": 276.3,
        "confidence": 0.96,
        "primary_conflict_type": null,
        "severity": "None",
        "harmonization_status": "HARMONIZED",
        "timeline_available": true,
        "merge_group": null,
        "review_action": "No action",
        "locality": "Matiala"
      },
      "geometry": {
        "type": "Polygon",
        "coordinates": [
          [
            [
              77.0492222,
              28.6032336
            ],
            [
              77.0493859,
              28.6032336
            ],
            [
              77.0493859,
              28.6033897
            ],
            [
              77.0492222,
              28.6033897
            ],
            [
              77.0492222,
              28.6032336
            ]
          ]
        ]
      }
    },
    {
      "type": "Feature",
      "id": "P065",
      "properties": {
        "synthetic": true,
        "not_for_legal_use": true,
        "record_year": 2025,
        "parcel_id": "P065",
        "canonical_id": "CP-BIN-001",
        "parcel_name": "Bindapur Parcel-01",
        "current_owner": "Mihir Khanna",
        "survey_no": "BIN/101/A",
        "mcd_property_id": "MCD-128-5065",
        "dda_zone": "Zone K-II (Dwarka)",
        "address": "Bindapur, Dwarka, Delhi",
        "area_sqm": 243.2,
        "confidence": 0.56,
        "primary_conflict_type": "Digitized but never field verified",
        "severity": "High",
        "harmonization_status": "REVIEW_REQUIRED",
        "timeline_available": true,
        "merge_group": null,
        "review_action": "Manual review",
        "locality": "Bindapur"
      },
      "geometry": {
        "type": "Polygon",
        "coordinates": [
          [
            [
              77.0660139,
              28.6140196
            ],
            [
              77.0661776,
              28.6140196
            ],
            [
              77.0661776,
              28.6141571
            ],
            [
              77.0660139,
              28.6141571
            ],
            [
              77.0660139,
              28.6140196
            ]
          ]
        ]
      }
    },
    {
      "type": "Feature",
      "id": "P066",
      "properties": {
        "synthetic": true,
        "not_for_legal_use": true,
        "record_year": 2025,
        "parcel_id": "P066",
        "canonical_id": "CP-BIN-002",
        "parcel_name": "Bindapur Parcel-02",
        "current_owner": "Tanvi Kapoor",
        "survey_no": "BIN/102/A",
        "mcd_property_id": "MCD-128-5066",
        "dda_zone": "Zone K-II (Dwarka)",
        "address": "Bindapur, Dwarka, Delhi",
        "area_sqm": 273.4,
        "confidence": 0.6,
        "primary_conflict_type": "Digitized but never field verified",
        "severity": "High",
        "harmonization_status": "REVIEW_REQUIRED",
        "timeline_available": true,
        "merge_group": null,
        "review_action": "Manual review",
        "locality": "Bindapur"
      },
      "geometry": {
        "type": "Polygon",
        "coordinates": [
          [
            [
              77.0664335,
              28.6140197
            ],
            [
              77.0666176,
              28.6140197
            ],
            [
              77.0666176,
              28.614157
            ],
            [
              77.0664335,
              28.614157
            ],
            [
              77.0664335,
              28.6140197
            ]
          ]
        ]
      }
    },
    {
      "type": "Feature",
      "id": "P067",
      "properties": {
        "synthetic": true,
        "not_for_legal_use": true,
        "record_year": 2025,
        "parcel_id": "P067",
        "canonical_id": "CP-BIN-003",
        "parcel_name": "Bindapur Parcel-03",
        "current_owner": "Kavya Chawla",
        "survey_no": "BIN/103/A",
        "mcd_property_id": "MCD-128-5067",
        "dda_zone": "Zone K-II (Dwarka)",
        "address": "Bindapur, Dwarka, Delhi",
        "area_sqm": 292.6,
        "confidence": 0.57,
        "primary_conflict_type": "Digitized but never field verified",
        "severity": "High",
        "harmonization_status": "REVIEW_REQUIRED",
        "timeline_available": true,
        "merge_group": null,
        "review_action": "Manual review",
        "locality": "Bindapur"
      },
      "geometry": {
        "type": "Polygon",
        "coordinates": [
          [
            [
              77.0668632,
              28.6140149
            ],
            [
              77.0670474,
              28.6140149
            ],
            [
              77.0670474,
              28.6141619
            ],
            [
              77.0668632,
              28.6141619
            ],
            [
              77.0668632,
              28.6140149
            ]
          ]
        ]
      }
    },
    {
      "type": "Feature",
      "id": "P068",
      "properties": {
        "synthetic": true,
        "not_for_legal_use": true,
        "record_year": 2025,
        "parcel_id": "P068",
        "canonical_id": "CP-BIN-004",
        "parcel_name": "Bindapur Parcel-04",
        "current_owner": "Siya Sharma",
        "survey_no": "BIN/104/A",
        "mcd_property_id": "MCD-128-5068",
        "dda_zone": "Zone K-II (Dwarka)",
        "address": "Bindapur, Dwarka, Delhi",
        "area_sqm": 244.3,
        "confidence": 0.6,
        "primary_conflict_type": "Digitized but never field verified",
        "severity": "High",
        "harmonization_status": "REVIEW_REQUIRED",
        "timeline_available": true,
        "merge_group": null,
        "review_action": "Manual review",
        "locality": "Bindapur"
      },
      "geometry": {
        "type": "Polygon",
        "coordinates": [
          [
            [
              77.0673084,
              28.6140147
            ],
            [
              77.0674619,
              28.6140147
            ],
            [
              77.0674619,
              28.614162
            ],
            [
              77.0673084,
              28.614162
            ],
            [
              77.0673084,
              28.6140147
            ]
          ]
        ]
      }
    },
    {
      "type": "Feature",
      "id": "P069",
      "properties": {
        "synthetic": true,
        "not_for_legal_use": true,
        "record_year": 2025,
        "parcel_id": "P069",
        "canonical_id": "CP-BIN-005",
        "parcel_name": "Bindapur Parcel-05",
        "current_owner": "Myra Gupta",
        "survey_no": "BIN/105/A",
        "mcd_property_id": "MCD-128-5069",
        "dda_zone": "Zone K-II (Dwarka)",
        "address": "Bindapur, Dwarka, Delhi",
        "area_sqm": 378.8,
        "confidence": 0.48,
        "primary_conflict_type": "Parcel overlapping",
        "severity": "Critical",
        "harmonization_status": "REVIEW_REQUIRED",
        "timeline_available": true,
        "merge_group": null,
        "review_action": "Manual review",
        "locality": "Bindapur"
      },
      "geometry": {
        "type": "Polygon",
        "coordinates": [
          [
            [
              77.0677433,
              28.613966
            ],
            [
              77.0678865,
              28.613966
            ],
            [
              77.0678865,
              28.6142107
            ],
            [
              77.0677433,
              28.6142107
            ],
            [
              77.0677433,
              28.613966
            ]
          ]
        ]
      }
    },
    {
      "type": "Feature",
      "id": "P070",
      "properties": {
        "synthetic": true,
        "not_for_legal_use": true,
        "record_year": 2025,
        "parcel_id": "P070",
        "canonical_id": "CP-BIN-006",
        "parcel_name": "Bindapur Parcel-06",
        "current_owner": "Siya Verma",
        "survey_no": "BIN/106/A",
        "mcd_property_id": "MCD-128-5070",
        "dda_zone": "Zone K-II (Dwarka)",
        "address": "Bindapur, Dwarka, Delhi",
        "area_sqm": 368.4,
        "confidence": 0.47,
        "primary_conflict_type": "Parcel overlapping",
        "severity": "Critical",
        "harmonization_status": "REVIEW_REQUIRED",
        "timeline_available": true,
        "merge_group": null,
        "review_action": "Manual review",
        "locality": "Bindapur"
      },
      "geometry": {
        "type": "Polygon",
        "coordinates": [
          [
            [
              77.0681679,
              28.6139773
            ],
            [
              77.0683214,
              28.6139773
            ],
            [
              77.0683214,
              28.6141994
            ],
            [
              77.0681679,
              28.6141994
            ],
            [
              77.0681679,
              28.6139773
            ]
          ]
        ]
      }
    },
    {
      "type": "Feature",
      "id": "P071",
      "properties": {
        "synthetic": true,
        "not_for_legal_use": true,
        "record_year": 2025,
        "parcel_id": "P071",
        "canonical_id": "CP-BIN-007",
        "parcel_name": "Bindapur Parcel-07",
        "current_owner": "Yash Khanna",
        "survey_no": "BIN/107/A",
        "mcd_property_id": "MCD-128-5071",
        "dda_zone": "Zone K-II (Dwarka)",
        "address": "Bindapur, Dwarka, Delhi",
        "area_sqm": 204.3,
        "confidence": 0.47,
        "primary_conflict_type": "Parcel overlapping",
        "severity": "Critical",
        "harmonization_status": "REVIEW_REQUIRED",
        "timeline_available": true,
        "merge_group": null,
        "review_action": "Manual review",
        "locality": "Bindapur"
      },
      "geometry": {
        "type": "Polygon",
        "coordinates": [
          [
            [
              77.0686028,
              28.6140224
            ],
            [
              77.0687461,
              28.6140224
            ],
            [
              77.0687461,
              28.6141543
            ],
            [
              77.0686028,
              28.6141543
            ],
            [
              77.0686028,
              28.6140224
            ]
          ]
        ]
      }
    },
    {
      "type": "Feature",
      "id": "P072",
      "properties": {
        "synthetic": true,
        "not_for_legal_use": true,
        "record_year": 2025,
        "parcel_id": "P072",
        "canonical_id": "CP-BIN-008",
        "parcel_name": "Bindapur Parcel-08",
        "current_owner": "Sahil Arora",
        "survey_no": "BIN/108/A",
        "mcd_property_id": "MCD-128-5072",
        "dda_zone": "Zone K-II (Dwarka)",
        "address": "Bindapur, Dwarka, Delhi",
        "area_sqm": 244.8,
        "confidence": 0.47,
        "primary_conflict_type": "Parcel overlapping",
        "severity": "Critical",
        "harmonization_status": "REVIEW_REQUIRED",
        "timeline_available": true,
        "merge_group": null,
        "review_action": "Manual review",
        "locality": "Bindapur"
      },
      "geometry": {
        "type": "Polygon",
        "coordinates": [
          [
            [
              77.0690275,
              28.6140146
            ],
            [
              77.069181,
              28.6140146
            ],
            [
              77.069181,
              28.6141622
            ],
            [
              77.0690275,
              28.6141622
            ],
            [
              77.0690275,
              28.6140146
            ]
          ]
        ]
      }
    },
    {
      "type": "Feature",
      "id": "P073",
      "properties": {
        "synthetic": true,
        "not_for_legal_use": true,
        "record_year": 2025,
        "parcel_id": "P073",
        "canonical_id": "CP-BIN-009",
        "parcel_name": "Bindapur Parcel-09",
        "current_owner": "Shreya Batra",
        "survey_no": "BIN/109/B",
        "mcd_property_id": "MCD-128-5073",
        "dda_zone": "Zone K-II (Dwarka)",
        "address": "Bindapur, Dwarka, Delhi",
        "area_sqm": 213.1,
        "confidence": 0.59,
        "primary_conflict_type": "Extra gap between adjacent parcels",
        "severity": "High",
        "harmonization_status": "REVIEW_REQUIRED",
        "timeline_available": true,
        "merge_group": null,
        "review_action": "Manual review",
        "locality": "Bindapur"
      },
      "geometry": {
        "type": "Polygon",
        "coordinates": [
          [
            [
              77.0660241,
              28.613694
            ],
            [
              77.0661674,
              28.613694
            ],
            [
              77.0661674,
              28.6138316
            ],
            [
              77.0660241,
              28.6138316
            ],
            [
              77.0660241,
              28.613694
            ]
          ]
        ]
      }
    },
    {
      "type": "Feature",
      "id": "P074",
      "properties": {
        "synthetic": true,
        "not_for_legal_use": true,
        "record_year": 2025,
        "parcel_id": "P074",
        "canonical_id": "CP-BIN-010",
        "parcel_name": "Bindapur Parcel-10",
        "current_owner": "Avni Kapoor",
        "survey_no": "BIN/110/B",
        "mcd_property_id": "MCD-128-5074",
        "dda_zone": "Zone K-II (Dwarka)",
        "address": "Bindapur, Dwarka, Delhi",
        "area_sqm": 248.6,
        "confidence": 0.59,
        "primary_conflict_type": "Extra gap between adjacent parcels",
        "severity": "High",
        "harmonization_status": "REVIEW_REQUIRED",
        "timeline_available": true,
        "merge_group": null,
        "review_action": "Manual review",
        "locality": "Bindapur"
      },
      "geometry": {
        "type": "Polygon",
        "coordinates": [
          [
            [
              77.0664335,
              28.6137003
            ],
            [
              77.0666176,
              28.6137003
            ],
            [
              77.0666176,
              28.6138252
            ],
            [
              77.0664335,
              28.6138252
            ],
            [
              77.0664335,
              28.6137003
            ]
          ]
        ]
      }
    },
    {
      "type": "Feature",
      "id": "P075",
      "properties": {
        "synthetic": true,
        "not_for_legal_use": true,
        "record_year": 2025,
        "parcel_id": "P075",
        "canonical_id": "CP-BIN-011",
        "parcel_name": "Bindapur Parcel-11",
        "current_owner": "Pranav Dhingra",
        "survey_no": "BIN/111/B",
        "mcd_property_id": "MCD-128-5075",
        "dda_zone": "Zone K-II (Dwarka)",
        "address": "Bindapur, Dwarka, Delhi",
        "area_sqm": 388.0,
        "confidence": 0.59,
        "primary_conflict_type": "Extra gap between adjacent parcels",
        "severity": "High",
        "harmonization_status": "REVIEW_REQUIRED",
        "timeline_available": true,
        "merge_group": null,
        "review_action": "Manual review",
        "locality": "Bindapur"
      },
      "geometry": {
        "type": "Polygon",
        "coordinates": [
          [
            [
              77.0668735,
              28.6136531
            ],
            [
              77.0670372,
              28.6136531
            ],
            [
              77.0670372,
              28.6138724
            ],
            [
              77.0668735,
              28.6138724
            ],
            [
              77.0668735,
              28.6136531
            ]
          ]
        ]
      }
    },
    {
      "type": "Feature",
      "id": "P076",
      "properties": {
        "synthetic": true,
        "not_for_legal_use": true,
        "record_year": 2025,
        "parcel_id": "P076",
        "canonical_id": "CP-BIN-012",
        "parcel_name": "Bindapur Parcel-12",
        "current_owner": "Kabir Wadhwa",
        "survey_no": "BIN/112/B",
        "mcd_property_id": "MCD-128-5076",
        "dda_zone": "Zone K-II (Dwarka)",
        "address": "Bindapur, Dwarka, Delhi",
        "area_sqm": 245.2,
        "confidence": 0.61,
        "primary_conflict_type": "Extra gap between adjacent parcels",
        "severity": "High",
        "harmonization_status": "REVIEW_REQUIRED",
        "timeline_available": true,
        "merge_group": null,
        "review_action": "Manual review",
        "locality": "Bindapur"
      },
      "geometry": {
        "type": "Polygon",
        "coordinates": [
          [
            [
              77.0673084,
              28.6136889
            ],
            [
              77.0674619,
              28.6136889
            ],
            [
              77.0674619,
              28.6138367
            ],
            [
              77.0673084,
              28.6138367
            ],
            [
              77.0673084,
              28.6136889
            ]
          ]
        ]
      }
    },
    {
      "type": "Feature",
      "id": "P077",
      "properties": {
        "synthetic": true,
        "not_for_legal_use": true,
        "record_year": 2025,
        "parcel_id": "P077",
        "canonical_id": "CP-BIN-013",
        "parcel_name": "Bindapur Parcel-13",
        "current_owner": "Sara Mehta",
        "survey_no": "BIN/113/B",
        "mcd_property_id": "MCD-128-5077",
        "dda_zone": "Zone K-II (Dwarka)",
        "address": "Bindapur, Dwarka, Delhi",
        "area_sqm": 368.9,
        "confidence": 0.44,
        "primary_conflict_type": "Invalid topology / self-intersection",
        "severity": "Critical",
        "harmonization_status": "REVIEW_REQUIRED",
        "timeline_available": true,
        "merge_group": null,
        "review_action": "Manual review",
        "locality": "Bindapur"
      },
      "geometry": {
        "type": "Polygon",
        "coordinates": [
          [
            [
              77.0677433,
              28.6136436
            ],
            [
              77.0678865,
              28.6136436
            ],
            [
              77.0678865,
              28.6138819
            ],
            [
              77.0677433,
              28.6138819
            ],
            [
              77.0677433,
              28.6136436
            ]
          ]
        ]
      }
    },
    {
      "type": "Feature",
      "id": "P078",
      "properties": {
        "synthetic": true,
        "not_for_legal_use": true,
        "record_year": 2025,
        "parcel_id": "P078",
        "canonical_id": "CP-BIN-014",
        "parcel_name": "Bindapur Parcel-14",
        "current_owner": "Aditya Joshi",
        "survey_no": "BIN/114/B",
        "mcd_property_id": "MCD-128-5078",
        "dda_zone": "Zone K-II (Dwarka)",
        "address": "Bindapur, Dwarka, Delhi",
        "area_sqm": 197.8,
        "confidence": 0.44,
        "primary_conflict_type": "Invalid topology / self-intersection",
        "severity": "Critical",
        "harmonization_status": "REVIEW_REQUIRED",
        "timeline_available": true,
        "merge_group": null,
        "review_action": "Manual review",
        "locality": "Bindapur"
      },
      "geometry": {
        "type": "Polygon",
        "coordinates": [
          [
            [
              77.0681679,
              28.6137032
            ],
            [
              77.0683214,
              28.6137032
            ],
            [
              77.0683214,
              28.6138224
            ],
            [
              77.0681679,
              28.6138224
            ],
            [
              77.0681679,
              28.6137032
            ]
          ]
        ]
      }
    },
    {
      "type": "Feature",
      "id": "P079",
      "properties": {
        "synthetic": true,
        "not_for_legal_use": true,
        "record_year": 2025,
        "parcel_id": "P079",
        "canonical_id": "CP-BIN-015",
        "parcel_name": "Bindapur Parcel-15",
        "current_owner": "Kavya Bansal",
        "survey_no": "BIN/115/B",
        "mcd_property_id": "MCD-128-5079",
        "dda_zone": "Zone K-II (Dwarka)",
        "address": "Bindapur, Dwarka, Delhi",
        "area_sqm": 207.6,
        "confidence": 0.42,
        "primary_conflict_type": "Invalid topology / self-intersection",
        "severity": "Critical",
        "harmonization_status": "REVIEW_REQUIRED",
        "timeline_available": true,
        "merge_group": null,
        "review_action": "Manual review",
        "locality": "Bindapur"
      },
      "geometry": {
        "type": "Polygon",
        "coordinates": [
          [
            [
              77.0685926,
              28.6137041
            ],
            [
              77.0687563,
              28.6137041
            ],
            [
              77.0687563,
              28.6138215
            ],
            [
              77.0685926,
              28.6138215
            ],
            [
              77.0685926,
              28.6137041
            ]
          ]
        ]
      }
    },
    {
      "type": "Feature",
      "id": "P080",
      "properties": {
        "synthetic": true,
        "not_for_legal_use": true,
        "record_year": 2025,
        "parcel_id": "P080",
        "canonical_id": "CP-BIN-016",
        "parcel_name": "Bindapur Parcel-16",
        "current_owner": "Priya Mehta",
        "survey_no": "BIN/116/B",
        "mcd_property_id": "MCD-128-5080",
        "dda_zone": "Zone K-II (Dwarka)",
        "address": "Bindapur, Dwarka, Delhi",
        "area_sqm": 360.6,
        "confidence": 0.45,
        "primary_conflict_type": "Invalid topology / self-intersection",
        "severity": "Critical",
        "harmonization_status": "REVIEW_REQUIRED",
        "timeline_available": true,
        "merge_group": null,
        "review_action": "Manual review",
        "locality": "Bindapur"
      },
      "geometry": {
        "type": "Polygon",
        "coordinates": [
          [
            [
              77.0690275,
              28.6136541
            ],
            [
              77.069181,
              28.6136541
            ],
            [
              77.069181,
              28.6138715
            ],
            [
              77.0690275,
              28.6138715
            ],
            [
              77.0690275,
              28.6136541
            ]
          ]
        ]
      }
    },
    {
      "type": "Feature",
      "id": "P081",
      "properties": {
        "synthetic": true,
        "not_for_legal_use": true,
        "record_year": 2025,
        "parcel_id": "P081",
        "canonical_id": "CP-BIN-017",
        "parcel_name": "Bindapur Parcel-17",
        "current_owner": "Avni Dhingra",
        "survey_no": "BIN/117/C",
        "mcd_property_id": "MCD-128-5081",
        "dda_zone": "Zone K-II (Dwarka)",
        "address": "Bindapur, Dwarka, Delhi",
        "area_sqm": 351.3,
        "confidence": 0.96,
        "primary_conflict_type": null,
        "severity": "None",
        "harmonization_status": "HARMONIZED",
        "timeline_available": true,
        "merge_group": null,
        "review_action": "No action",
        "locality": "Bindapur"
      },
      "geometry": {
        "type": "Polygon",
        "coordinates": [
          [
            [
              77.0660139,
              28.6133379
            ],
            [
              77.0661776,
              28.6133379
            ],
            [
              77.0661776,
              28.6135365
            ],
            [
              77.0660139,
              28.6135365
            ],
            [
              77.0660139,
              28.6133379
            ]
          ]
        ]
      }
    },
    {
      "type": "Feature",
      "id": "P082",
      "properties": {
        "synthetic": true,
        "not_for_legal_use": true,
        "record_year": 2025,
        "parcel_id": "P082",
        "canonical_id": "CP-BIN-018",
        "parcel_name": "Bindapur Parcel-18",
        "current_owner": "Saanvi Arora",
        "survey_no": "BIN/118/C",
        "mcd_property_id": "MCD-128-5082",
        "dda_zone": "Zone K-II (Dwarka)",
        "address": "Bindapur, Dwarka, Delhi",
        "area_sqm": 376.0,
        "confidence": 0.96,
        "primary_conflict_type": null,
        "severity": "None",
        "harmonization_status": "HARMONIZED",
        "timeline_available": true,
        "merge_group": null,
        "review_action": "No action",
        "locality": "Bindapur"
      },
      "geometry": {
        "type": "Polygon",
        "coordinates": [
          [
            [
              77.0664488,
              28.6133239
            ],
            [
              77.0666023,
              28.6133239
            ],
            [
              77.0666023,
              28.6135506
            ],
            [
              77.0664488,
              28.6135506
            ],
            [
              77.0664488,
              28.6133239
            ]
          ]
        ]
      }
    },
    {
      "type": "Feature",
      "id": "P083",
      "properties": {
        "synthetic": true,
        "not_for_legal_use": true,
        "record_year": 2025,
        "parcel_id": "P083",
        "canonical_id": "CP-BIN-019",
        "parcel_name": "Bindapur Parcel-19",
        "current_owner": "Priya Nair",
        "survey_no": "BIN/119/C",
        "mcd_property_id": "MCD-128-5083",
        "dda_zone": "Zone K-II (Dwarka)",
        "address": "Bindapur, Dwarka, Delhi",
        "area_sqm": 295.4,
        "confidence": 0.97,
        "primary_conflict_type": null,
        "severity": "None",
        "harmonization_status": "HARMONIZED",
        "timeline_available": true,
        "merge_group": null,
        "review_action": "No action",
        "locality": "Bindapur"
      },
      "geometry": {
        "type": "Polygon",
        "coordinates": [
          [
            [
              77.0668837,
              28.6133418
            ],
            [
              77.067027,
              28.6133418
            ],
            [
              77.067027,
              28.6135326
            ],
            [
              77.0668837,
              28.6135326
            ],
            [
              77.0668837,
              28.6133418
            ]
          ]
        ]
      }
    },
    {
      "type": "Feature",
      "id": "P084",
      "properties": {
        "synthetic": true,
        "not_for_legal_use": true,
        "record_year": 2025,
        "parcel_id": "P084",
        "canonical_id": "CP-BIN-020",
        "parcel_name": "Bindapur Parcel-20",
        "current_owner": "Diya Nair",
        "survey_no": "BIN/120/C",
        "mcd_property_id": "MCD-128-5084",
        "dda_zone": "Zone K-II (Dwarka)",
        "address": "Bindapur, Dwarka, Delhi",
        "area_sqm": 381.7,
        "confidence": 0.96,
        "primary_conflict_type": null,
        "severity": "None",
        "harmonization_status": "HARMONIZED",
        "timeline_available": true,
        "merge_group": null,
        "review_action": "No action",
        "locality": "Bindapur"
      },
      "geometry": {
        "type": "Polygon",
        "coordinates": [
          [
            [
              77.0673135,
              28.6133139
            ],
            [
              77.0674567,
              28.6133139
            ],
            [
              77.0674567,
              28.6135605
            ],
            [
              77.0673135,
              28.6135605
            ],
            [
              77.0673135,
              28.6133139
            ]
          ]
        ]
      }
    },
    {
      "type": "Feature",
      "id": "P085",
      "properties": {
        "synthetic": true,
        "not_for_legal_use": true,
        "record_year": 2025,
        "parcel_id": "P085",
        "canonical_id": "CP-BIN-021",
        "parcel_name": "Bindapur Parcel-21",
        "current_owner": "Kabir Kapoor",
        "survey_no": "BIN/121/C",
        "mcd_property_id": "MCD-128-5085",
        "dda_zone": "Zone K-II (Dwarka)",
        "address": "Bindapur, Dwarka, Delhi",
        "area_sqm": 378.0,
        "confidence": 0.97,
        "primary_conflict_type": null,
        "severity": "None",
        "harmonization_status": "HARMONIZED",
        "timeline_available": true,
        "merge_group": null,
        "review_action": "No action",
        "locality": "Bindapur"
      },
      "geometry": {
        "type": "Polygon",
        "coordinates": [
          [
            [
              77.067733,
              28.6133304
            ],
            [
              77.0678968,
              28.6133304
            ],
            [
              77.0678968,
              28.613544
            ],
            [
              77.067733,
              28.613544
            ],
            [
              77.067733,
              28.6133304
            ]
          ]
        ]
      }
    },
    {
      "type": "Feature",
      "id": "P086",
      "properties": {
        "synthetic": true,
        "not_for_legal_use": true,
        "record_year": 2025,
        "parcel_id": "P086",
        "canonical_id": "CP-BIN-022",
        "parcel_name": "Bindapur Parcel-22",
        "current_owner": "Rhea Kapoor",
        "survey_no": "BIN/122/C",
        "mcd_property_id": "MCD-128-5086",
        "dda_zone": "Zone K-II (Dwarka)",
        "address": "Bindapur, Dwarka, Delhi",
        "area_sqm": 302.2,
        "confidence": 0.99,
        "primary_conflict_type": null,
        "severity": "None",
        "harmonization_status": "HARMONIZED",
        "timeline_available": true,
        "merge_group": null,
        "review_action": "No action",
        "locality": "Bindapur"
      },
      "geometry": {
        "type": "Polygon",
        "coordinates": [
          [
            [
              77.0681526,
              28.6133613
            ],
            [
              77.0683368,
              28.6133613
            ],
            [
              77.0683368,
              28.6135131
            ],
            [
              77.0681526,
              28.6135131
            ],
            [
              77.0681526,
              28.6133613
            ]
          ]
        ]
      }
    },
    {
      "type": "Feature",
      "id": "P087",
      "properties": {
        "synthetic": true,
        "not_for_legal_use": true,
        "record_year": 2025,
        "parcel_id": "P087",
        "canonical_id": "CP-BIN-023",
        "parcel_name": "Bindapur Parcel-23",
        "current_owner": "Anika Bansal",
        "survey_no": "BIN/123/C",
        "mcd_property_id": "MCD-128-5087",
        "dda_zone": "Zone K-II (Dwarka)",
        "address": "Bindapur, Dwarka, Delhi",
        "area_sqm": 384.6,
        "confidence": 0.97,
        "primary_conflict_type": null,
        "severity": "None",
        "harmonization_status": "HARMONIZED",
        "timeline_available": true,
        "merge_group": null,
        "review_action": "No action",
        "locality": "Bindapur"
      },
      "geometry": {
        "type": "Polygon",
        "coordinates": [
          [
            [
              77.0685824,
              28.6133406
            ],
            [
              77.0687665,
              28.6133406
            ],
            [
              77.0687665,
              28.6135338
            ],
            [
              77.0685824,
              28.6135338
            ],
            [
              77.0685824,
              28.6133406
            ]
          ]
        ]
      }
    },
    {
      "type": "Feature",
      "id": "P088",
      "properties": {
        "synthetic": true,
        "not_for_legal_use": true,
        "record_year": 2025,
        "parcel_id": "P088",
        "canonical_id": "CP-BIN-024",
        "parcel_name": "Bindapur Parcel-24",
        "current_owner": "Kabir Arora",
        "survey_no": "BIN/124/C",
        "mcd_property_id": "MCD-128-5088",
        "dda_zone": "Zone K-II (Dwarka)",
        "address": "Bindapur, Dwarka, Delhi",
        "area_sqm": 228.0,
        "confidence": 0.99,
        "primary_conflict_type": null,
        "severity": "None",
        "harmonization_status": "HARMONIZED",
        "timeline_available": true,
        "merge_group": null,
        "review_action": "No action",
        "locality": "Bindapur"
      },
      "geometry": {
        "type": "Polygon",
        "coordinates": [
          [
            [
              77.0690326,
              28.6133636
            ],
            [
              77.0691759,
              28.6133636
            ],
            [
              77.0691759,
              28.6135109
            ],
            [
              77.0690326,
              28.6135109
            ],
            [
              77.0690326,
              28.6133636
            ]
          ]
        ]
      }
    },
    {
      "type": "Feature",
      "id": "P089",
      "properties": {
        "synthetic": true,
        "not_for_legal_use": true,
        "record_year": 2025,
        "parcel_id": "P089",
        "canonical_id": "CP-BIN-025",
        "parcel_name": "Bindapur Parcel-25",
        "current_owner": "Nisha Kapoor",
        "survey_no": "BIN/125/D",
        "mcd_property_id": "MCD-128-5089",
        "dda_zone": "Zone K-II (Dwarka)",
        "address": "Bindapur, Dwarka, Delhi",
        "area_sqm": 191.2,
        "confidence": 0.98,
        "primary_conflict_type": null,
        "severity": "None",
        "harmonization_status": "HARMONIZED",
        "timeline_available": true,
        "merge_group": null,
        "review_action": "No action",
        "locality": "Bindapur"
      },
      "geometry": {
        "type": "Polygon",
        "coordinates": [
          [
            [
              77.0660037,
              28.6130636
            ],
            [
              77.0661879,
              28.6130636
            ],
            [
              77.0661879,
              28.6131597
            ],
            [
              77.0660037,
              28.6131597
            ],
            [
              77.0660037,
              28.6130636
            ]
          ]
        ]
      }
    },
    {
      "type": "Feature",
      "id": "P090",
      "properties": {
        "synthetic": true,
        "not_for_legal_use": true,
        "record_year": 2025,
        "parcel_id": "P090",
        "canonical_id": "CP-BIN-026",
        "parcel_name": "Bindapur Parcel-26",
        "current_owner": "Meera Wadhwa",
        "survey_no": "BIN/126/D",
        "mcd_property_id": "MCD-128-5090",
        "dda_zone": "Zone K-II (Dwarka)",
        "address": "Bindapur, Dwarka, Delhi",
        "area_sqm": 276.5,
        "confidence": 0.99,
        "primary_conflict_type": null,
        "severity": "None",
        "harmonization_status": "HARMONIZED",
        "timeline_available": true,
        "merge_group": null,
        "review_action": "No action",
        "locality": "Bindapur"
      },
      "geometry": {
        "type": "Polygon",
        "coordinates": [
          [
            [
              77.0664437,
              28.6130335
            ],
            [
              77.0666074,
              28.6130335
            ],
            [
              77.0666074,
              28.6131898
            ],
            [
              77.0664437,
              28.6131898
            ],
            [
              77.0664437,
              28.6130335
            ]
          ]
        ]
      }
    },
    {
      "type": "Feature",
      "id": "P091",
      "properties": {
        "synthetic": true,
        "not_for_legal_use": true,
        "record_year": 2025,
        "parcel_id": "P091",
        "canonical_id": "CP-BIN-027",
        "parcel_name": "Bindapur Parcel-27",
        "current_owner": "Ishaan Khanna",
        "survey_no": "BIN/127/D",
        "mcd_property_id": "MCD-128-5091",
        "dda_zone": "Zone K-II (Dwarka)",
        "address": "Bindapur, Dwarka, Delhi",
        "area_sqm": 253.4,
        "confidence": 0.95,
        "primary_conflict_type": null,
        "severity": "None",
        "harmonization_status": "HARMONIZED",
        "timeline_available": true,
        "merge_group": null,
        "review_action": "No action",
        "locality": "Bindapur"
      },
      "geometry": {
        "type": "Polygon",
        "coordinates": [
          [
            [
              77.0668735,
              28.61304
            ],
            [
              77.0670372,
              28.61304
            ],
            [
              77.0670372,
              28.6131833
            ],
            [
              77.0668735,
              28.6131833
            ],
            [
              77.0668735,
              28.61304
            ]
          ]
        ]
      }
    },
    {
      "type": "Feature",
      "id": "P092",
      "properties": {
        "synthetic": true,
        "not_for_legal_use": true,
        "record_year": 2025,
        "parcel_id": "P092",
        "canonical_id": "CP-BIN-028",
        "parcel_name": "Bindapur Parcel-28",
        "current_owner": "Aarav Batra",
        "survey_no": "BIN/128/D",
        "mcd_property_id": "MCD-128-5092",
        "dda_zone": "Zone K-II (Dwarka)",
        "address": "Bindapur, Dwarka, Delhi",
        "area_sqm": 386.3,
        "confidence": 0.99,
        "primary_conflict_type": null,
        "severity": "None",
        "harmonization_status": "HARMONIZED",
        "timeline_available": true,
        "merge_group": null,
        "review_action": "No action",
        "locality": "Bindapur"
      },
      "geometry": {
        "type": "Polygon",
        "coordinates": [
          [
            [
              77.067293,
              28.6130146
            ],
            [
              77.0674772,
              28.6130146
            ],
            [
              77.0674772,
              28.6132087
            ],
            [
              77.067293,
              28.6132087
            ],
            [
              77.067293,
              28.6130146
            ]
          ]
        ]
      }
    },
    {
      "type": "Feature",
      "id": "P093",
      "properties": {
        "synthetic": true,
        "not_for_legal_use": true,
        "record_year": 2025,
        "parcel_id": "P093",
        "canonical_id": "CP-BIN-029",
        "parcel_name": "Bindapur Parcel-29",
        "current_owner": "Mihir Sharma",
        "survey_no": "BIN/129/D",
        "mcd_property_id": "MCD-128-5093",
        "dda_zone": "Zone K-II (Dwarka)",
        "address": "Bindapur, Dwarka, Delhi",
        "area_sqm": 315.6,
        "confidence": 0.99,
        "primary_conflict_type": null,
        "severity": "None",
        "harmonization_status": "HARMONIZED",
        "timeline_available": true,
        "merge_group": null,
        "review_action": "No action",
        "locality": "Bindapur"
      },
      "geometry": {
        "type": "Polygon",
        "coordinates": [
          [
            [
              77.0677228,
              28.6130324
            ],
            [
              77.067907,
              28.6130324
            ],
            [
              77.067907,
              28.6131909
            ],
            [
              77.0677228,
              28.6131909
            ],
            [
              77.0677228,
              28.6130324
            ]
          ]
        ]
      }
    },
    {
      "type": "Feature",
      "id": "P094",
      "properties": {
        "synthetic": true,
        "not_for_legal_use": true,
        "record_year": 2025,
        "parcel_id": "P094",
        "canonical_id": "CP-BIN-030",
        "parcel_name": "Bindapur Parcel-30",
        "current_owner": "Aditya Malhotra",
        "survey_no": "BIN/130/D",
        "mcd_property_id": "MCD-128-5094",
        "dda_zone": "Zone K-II (Dwarka)",
        "address": "Bindapur, Dwarka, Delhi",
        "area_sqm": 228.7,
        "confidence": 0.98,
        "primary_conflict_type": null,
        "severity": "None",
        "harmonization_status": "HARMONIZED",
        "timeline_available": true,
        "merge_group": null,
        "review_action": "No action",
        "locality": "Bindapur"
      },
      "geometry": {
        "type": "Polygon",
        "coordinates": [
          [
            [
              77.0681526,
              28.6130542
            ],
            [
              77.0683368,
              28.6130542
            ],
            [
              77.0683368,
              28.6131691
            ],
            [
              77.0681526,
              28.6131691
            ],
            [
              77.0681526,
              28.6130542
            ]
          ]
        ]
      }
    },
    {
      "type": "Feature",
      "id": "P095",
      "properties": {
        "synthetic": true,
        "not_for_legal_use": true,
        "record_year": 2025,
        "parcel_id": "P095",
        "canonical_id": "CP-BIN-031",
        "parcel_name": "Bindapur Parcel-31",
        "current_owner": "Nisha Jain",
        "survey_no": "BIN/131/D",
        "mcd_property_id": "MCD-128-5095",
        "dda_zone": "Zone K-II (Dwarka)",
        "address": "Bindapur, Dwarka, Delhi",
        "area_sqm": 331.7,
        "confidence": 0.99,
        "primary_conflict_type": null,
        "severity": "None",
        "harmonization_status": "HARMONIZED",
        "timeline_available": true,
        "merge_group": null,
        "review_action": "No action",
        "locality": "Bindapur"
      },
      "geometry": {
        "type": "Polygon",
        "coordinates": [
          [
            [
              77.0685926,
              28.6130179
            ],
            [
              77.0687563,
              28.6130179
            ],
            [
              77.0687563,
              28.6132054
            ],
            [
              77.0685926,
              28.6132054
            ],
            [
              77.0685926,
              28.6130179
            ]
          ]
        ]
      }
    },
    {
      "type": "Feature",
      "id": "P096",
      "properties": {
        "synthetic": true,
        "not_for_legal_use": true,
        "record_year": 2025,
        "parcel_id": "P096",
        "canonical_id": "CP-BIN-032",
        "parcel_name": "Bindapur Parcel-32",
        "current_owner": "Nikhil Kohli",
        "survey_no": "BIN/132/D",
        "mcd_property_id": "MCD-128-5096",
        "dda_zone": "Zone K-II (Dwarka)",
        "address": "Bindapur, Dwarka, Delhi",
        "area_sqm": 287.3,
        "confidence": 0.99,
        "primary_conflict_type": null,
        "severity": "None",
        "harmonization_status": "HARMONIZED",
        "timeline_available": true,
        "merge_group": null,
        "review_action": "No action",
        "locality": "Bindapur"
      },
      "geometry": {
        "type": "Polygon",
        "coordinates": [
          [
            [
              77.0690224,
              28.6130304
            ],
            [
              77.0691861,
              28.6130304
            ],
            [
              77.0691861,
              28.6131928
            ],
            [
              77.0690224,
              28.6131928
            ],
            [
              77.0690224,
              28.6130304
            ]
          ]
        ]
      }
    },
    {
      "type": "Feature",
      "id": "P097",
      "properties": {
        "synthetic": true,
        "not_for_legal_use": true,
        "record_year": 2025,
        "parcel_id": "P097",
        "canonical_id": "CP-DAB-001",
        "parcel_name": "Dabri Parcel-01",
        "current_owner": "Arjun Mehta",
        "survey_no": "DAB/101/A",
        "mcd_property_id": "MCD-129-5097",
        "dda_zone": "Zone K-II (Dwarka)",
        "address": "Dabri, Dwarka, Delhi",
        "area_sqm": 220.8,
        "confidence": 0.68,
        "primary_conflict_type": "Legacy digitization errors",
        "severity": "Medium",
        "harmonization_status": "SUGGESTED",
        "timeline_available": true,
        "merge_group": null,
        "review_action": "Reviewer confirmation",
        "locality": "Dabri"
      },
      "geometry": {
        "type": "Polygon",
        "coordinates": [
          [
            [
              77.084414,
              28.610926
            ],
            [
              77.0845777,
              28.610926
            ],
            [
              77.0845777,
              28.6110508
            ],
            [
              77.084414,
              28.6110508
            ],
            [
              77.084414,
              28.610926
            ]
          ]
        ]
      }
    },
    {
      "type": "Feature",
      "id": "P098",
      "properties": {
        "synthetic": true,
        "not_for_legal_use": true,
        "record_year": 2025,
        "parcel_id": "P098",
        "canonical_id": "CP-DAB-002",
        "parcel_name": "Dabri Parcel-02",
        "current_owner": "Akash Saxena",
        "survey_no": "DAB/102/4",
        "mcd_property_id": "MCD-129-5098",
        "dda_zone": "Zone K-II (Dwarka)",
        "address": "Dabri, Dwarka, Delhi",
        "area_sqm": 292.5,
        "confidence": 0.7,
        "primary_conflict_type": "Legacy digitization errors",
        "severity": "Medium",
        "harmonization_status": "SUGGESTED",
        "timeline_available": true,
        "merge_group": null,
        "review_action": "Reviewer confirmation",
        "locality": "Dabri"
      },
      "geometry": {
        "type": "Polygon",
        "coordinates": [
          [
            [
              77.0848335,
              28.6109149
            ],
            [
              77.0850177,
              28.6109149
            ],
            [
              77.0850177,
              28.6110618
            ],
            [
              77.0848335,
              28.6110618
            ],
            [
              77.0848335,
              28.6109149
            ]
          ]
        ]
      }
    },
    {
      "type": "Feature",
      "id": "P099",
      "properties": {
        "synthetic": true,
        "not_for_legal_use": true,
        "record_year": 2025,
        "parcel_id": "P099",
        "canonical_id": "CP-DAB-003",
        "parcel_name": "Dabri Parcel-03",
        "current_owner": "Priya Batra",
        "survey_no": "DAB/103/A",
        "mcd_property_id": "MCD-129-5099",
        "dda_zone": "Zone K-II (Dwarka)",
        "address": "Dabri, Dwarka, Delhi",
        "area_sqm": 228.1,
        "confidence": 0.7,
        "primary_conflict_type": "Legacy digitization errors",
        "severity": "Medium",
        "harmonization_status": "SUGGESTED",
        "timeline_available": true,
        "merge_group": null,
        "review_action": "Reviewer confirmation",
        "locality": "Dabri"
      },
      "geometry": {
        "type": "Polygon",
        "coordinates": [
          [
            [
              77.0852633,
              28.6109311
            ],
            [
              77.0854474,
              28.6109311
            ],
            [
              77.0854474,
              28.6110457
            ],
            [
              77.0852633,
              28.6110457
            ],
            [
              77.0852633,
              28.6109311
            ]
          ]
        ]
      }
    },
    {
      "type": "Feature",
      "id": "P100",
      "properties": {
        "synthetic": true,
        "not_for_legal_use": true,
        "record_year": 2025,
        "parcel_id": "P100",
        "canonical_id": "CP-DAB-004",
        "parcel_name": "Dabri Parcel-04",
        "current_owner": "Nisha Gupta",
        "survey_no": "DAB/104/4",
        "mcd_property_id": "MCD-129-5100",
        "dda_zone": "Zone K-II (Dwarka)",
        "address": "Dabri, Dwarka, Delhi",
        "area_sqm": 198.4,
        "confidence": 0.71,
        "primary_conflict_type": "Legacy digitization errors",
        "severity": "Medium",
        "harmonization_status": "SUGGESTED",
        "timeline_available": true,
        "merge_group": null,
        "review_action": "Reviewer confirmation",
        "locality": "Dabri"
      },
      "geometry": {
        "type": "Polygon",
        "coordinates": [
          [
            [
              77.0857084,
              28.6109286
            ],
            [
              77.0858619,
              28.6109286
            ],
            [
              77.0858619,
              28.6110482
            ],
            [
              77.0857084,
              28.6110482
            ],
            [
              77.0857084,
              28.6109286
            ]
          ]
        ]
      }
    },
    {
      "type": "Feature",
      "id": "P101",
      "properties": {
        "synthetic": true,
        "not_for_legal_use": true,
        "record_year": 2025,
        "parcel_id": "P101",
        "canonical_id": "CP-DAB-005",
        "parcel_name": "Dabri Parcel-05",
        "current_owner": "Rohan Nair",
        "survey_no": "DAB/105/A",
        "mcd_property_id": "MCD-129-5101",
        "dda_zone": "Zone K-II (Dwarka)",
        "address": "Dabri, Dwarka, Delhi",
        "area_sqm": 228.9,
        "confidence": 0.63,
        "primary_conflict_type": "Mutation / registration history mismatch",
        "severity": "High",
        "harmonization_status": "REVIEW_REQUIRED",
        "timeline_available": true,
        "merge_group": null,
        "review_action": "Manual review",
        "locality": "Dabri"
      },
      "geometry": {
        "type": "Polygon",
        "coordinates": [
          [
            [
              77.0861381,
              28.6109194
            ],
            [
              77.0862916,
              28.6109194
            ],
            [
              77.0862916,
              28.6110574
            ],
            [
              77.0861381,
              28.6110574
            ],
            [
              77.0861381,
              28.6109194
            ]
          ]
        ]
      }
    },
    {
      "type": "Feature",
      "id": "P102",
      "properties": {
        "synthetic": true,
        "not_for_legal_use": true,
        "record_year": 2025,
        "parcel_id": "P102",
        "canonical_id": "CP-DAB-006",
        "parcel_name": "Dabri Parcel-06",
        "current_owner": "Myra Chawla",
        "survey_no": "DAB/106/A",
        "mcd_property_id": "MCD-129-5102",
        "dda_zone": "Zone K-II (Dwarka)",
        "address": "Dabri, Dwarka, Delhi",
        "area_sqm": 266.7,
        "confidence": 0.66,
        "primary_conflict_type": "Mutation / registration history mismatch",
        "severity": "High",
        "harmonization_status": "REVIEW_REQUIRED",
        "timeline_available": true,
        "merge_group": null,
        "review_action": "Manual review",
        "locality": "Dabri"
      },
      "geometry": {
        "type": "Polygon",
        "coordinates": [
          [
            [
              77.0865628,
              28.610913
            ],
            [
              77.0867265,
              28.610913
            ],
            [
              77.0867265,
              28.6110637
            ],
            [
              77.0865628,
              28.6110637
            ],
            [
              77.0865628,
              28.610913
            ]
          ]
        ]
      }
    },
    {
      "type": "Feature",
      "id": "P103",
      "properties": {
        "synthetic": true,
        "not_for_legal_use": true,
        "record_year": 2025,
        "parcel_id": "P103",
        "canonical_id": "CP-DAB-007",
        "parcel_name": "Dabri Parcel-07",
        "current_owner": "Mihir Joshi",
        "survey_no": "DAB/107/A",
        "mcd_property_id": "MCD-129-5103",
        "dda_zone": "Zone K-II (Dwarka)",
        "address": "Dabri, Dwarka, Delhi",
        "area_sqm": 228.3,
        "confidence": 0.64,
        "primary_conflict_type": "Mutation / registration history mismatch",
        "severity": "High",
        "harmonization_status": "REVIEW_REQUIRED",
        "timeline_available": true,
        "merge_group": null,
        "review_action": "Manual review",
        "locality": "Dabri"
      },
      "geometry": {
        "type": "Polygon",
        "coordinates": [
          [
            [
              77.0869977,
              28.6109195
            ],
            [
              77.0871512,
              28.6109195
            ],
            [
              77.0871512,
              28.6110572
            ],
            [
              77.0869977,
              28.6110572
            ],
            [
              77.0869977,
              28.6109195
            ]
          ]
        ]
      }
    },
    {
      "type": "Feature",
      "id": "P104",
      "properties": {
        "synthetic": true,
        "not_for_legal_use": true,
        "record_year": 2025,
        "parcel_id": "P104",
        "canonical_id": "CP-DAB-008",
        "parcel_name": "Dabri Parcel-08",
        "current_owner": "Isha Rao",
        "survey_no": "DAB/108/A",
        "mcd_property_id": "MCD-129-5104",
        "dda_zone": "Zone K-II (Dwarka)",
        "address": "Dabri, Dwarka, Delhi",
        "area_sqm": 280.1,
        "confidence": 0.66,
        "primary_conflict_type": "Mutation / registration history mismatch",
        "severity": "High",
        "harmonization_status": "REVIEW_REQUIRED",
        "timeline_available": true,
        "merge_group": null,
        "review_action": "Manual review",
        "locality": "Dabri"
      },
      "geometry": {
        "type": "Polygon",
        "coordinates": [
          [
            [
              77.0874274,
              28.6109039
            ],
            [
              77.0875809,
              28.6109039
            ],
            [
              77.0875809,
              28.6110728
            ],
            [
              77.0874274,
              28.6110728
            ],
            [
              77.0874274,
              28.6109039
            ]
          ]
        ]
      }
    },
    {
      "type": "Feature",
      "id": "P105",
      "properties": {
        "synthetic": true,
        "not_for_legal_use": true,
        "record_year": 2025,
        "parcel_id": "P105",
        "canonical_id": "CP-DAB-009",
        "parcel_name": "Dabri Parcel-09",
        "current_owner": "Arjun Batra",
        "survey_no": "DAB/109/B",
        "mcd_property_id": "MCD-129-5105",
        "dda_zone": "Zone K-II (Dwarka)",
        "address": "Dabri, Dwarka, Delhi",
        "area_sqm": 214.8,
        "confidence": 0.79,
        "primary_conflict_type": "Survey status mismatch",
        "severity": "Medium",
        "harmonization_status": "SUGGESTED",
        "timeline_available": true,
        "merge_group": null,
        "review_action": "Reviewer confirmation",
        "locality": "Dabri"
      },
      "geometry": {
        "type": "Polygon",
        "coordinates": [
          [
            [
              77.0844037,
              28.6106088
            ],
            [
              77.0845879,
              28.6106088
            ],
            [
              77.0845879,
              28.6107167
            ],
            [
              77.0844037,
              28.6107167
            ],
            [
              77.0844037,
              28.6106088
            ]
          ]
        ]
      }
    },
    {
      "type": "Feature",
      "id": "P106",
      "properties": {
        "synthetic": true,
        "not_for_legal_use": true,
        "record_year": 2025,
        "parcel_id": "P106",
        "canonical_id": "CP-DAB-010",
        "parcel_name": "Dabri Parcel-10",
        "current_owner": "Aisha Wadhwa",
        "survey_no": "DAB/110/B",
        "mcd_property_id": "MCD-129-5106",
        "dda_zone": "Zone K-II (Dwarka)",
        "address": "Dabri, Dwarka, Delhi",
        "area_sqm": 323.7,
        "confidence": 0.78,
        "primary_conflict_type": "Survey status mismatch",
        "severity": "Medium",
        "harmonization_status": "SUGGESTED",
        "timeline_available": true,
        "merge_group": null,
        "review_action": "Reviewer confirmation",
        "locality": "Dabri"
      },
      "geometry": {
        "type": "Polygon",
        "coordinates": [
          [
            [
              77.084854,
              28.6105582
            ],
            [
              77.0849972,
              28.6105582
            ],
            [
              77.0849972,
              28.6107673
            ],
            [
              77.084854,
              28.6107673
            ],
            [
              77.084854,
              28.6105582
            ]
          ]
        ]
      }
    },
    {
      "type": "Feature",
      "id": "P107",
      "properties": {
        "synthetic": true,
        "not_for_legal_use": true,
        "record_year": 2025,
        "parcel_id": "P107",
        "canonical_id": "CP-DAB-011",
        "parcel_name": "Dabri Parcel-11",
        "current_owner": "Aarav Malhotra",
        "survey_no": "DAB/111/B",
        "mcd_property_id": "MCD-129-5107",
        "dda_zone": "Zone K-II (Dwarka)",
        "address": "Dabri, Dwarka, Delhi",
        "area_sqm": 205.6,
        "confidence": 0.79,
        "primary_conflict_type": "Survey status mismatch",
        "severity": "Medium",
        "harmonization_status": "SUGGESTED",
        "timeline_available": true,
        "merge_group": null,
        "review_action": "Reviewer confirmation",
        "locality": "Dabri"
      },
      "geometry": {
        "type": "Polygon",
        "coordinates": [
          [
            [
              77.0852837,
              28.6105964
            ],
            [
              77.085427,
              28.6105964
            ],
            [
              77.085427,
              28.6107292
            ],
            [
              77.0852837,
              28.6107292
            ],
            [
              77.0852837,
              28.6105964
            ]
          ]
        ]
      }
    },
    {
      "type": "Feature",
      "id": "P108",
      "properties": {
        "synthetic": true,
        "not_for_legal_use": true,
        "record_year": 2025,
        "parcel_id": "P108",
        "canonical_id": "CP-DAB-012",
        "parcel_name": "Dabri Parcel-12",
        "current_owner": "Raghav Sharma",
        "survey_no": "DAB/112/B",
        "mcd_property_id": "MCD-129-5108",
        "dda_zone": "Zone K-II (Dwarka)",
        "address": "Dabri, Dwarka, Delhi",
        "area_sqm": 232.4,
        "confidence": 0.75,
        "primary_conflict_type": "Survey status mismatch",
        "severity": "Medium",
        "harmonization_status": "SUGGESTED",
        "timeline_available": true,
        "merge_group": null,
        "review_action": "Reviewer confirmation",
        "locality": "Dabri"
      },
      "geometry": {
        "type": "Polygon",
        "coordinates": [
          [
            [
              77.0857033,
              28.6105971
            ],
            [
              77.085867,
              28.6105971
            ],
            [
              77.085867,
              28.6107285
            ],
            [
              77.0857033,
              28.6107285
            ],
            [
              77.0857033,
              28.6105971
            ]
          ]
        ]
      }
    },
    {
      "type": "Feature",
      "id": "P109",
      "properties": {
        "synthetic": true,
        "not_for_legal_use": true,
        "record_year": 2025,
        "parcel_id": "P109",
        "canonical_id": "CP-DAB-013",
        "parcel_name": "Dabri Parcel-13",
        "current_owner": "Aarav Rao",
        "survey_no": "DAB/113/B",
        "mcd_property_id": "MCD-129-5109",
        "dda_zone": "Zone K-II (Dwarka)",
        "address": "Dabri, Dwarka, Delhi",
        "area_sqm": 385.6,
        "confidence": 0.76,
        "primary_conflict_type": "Planning / land-use mismatch",
        "severity": "Medium",
        "harmonization_status": "REVIEW_REQUIRED",
        "timeline_available": true,
        "merge_group": null,
        "review_action": "Manual review",
        "locality": "Dabri"
      },
      "geometry": {
        "type": "Polygon",
        "coordinates": [
          [
            [
              77.0861381,
              28.6105465
            ],
            [
              77.0862916,
              28.6105465
            ],
            [
              77.0862916,
              28.610779
            ],
            [
              77.0861381,
              28.610779
            ],
            [
              77.0861381,
              28.6105465
            ]
          ]
        ]
      }
    },
    {
      "type": "Feature",
      "id": "P110",
      "properties": {
        "synthetic": true,
        "not_for_legal_use": true,
        "record_year": 2025,
        "parcel_id": "P110",
        "canonical_id": "CP-DAB-014",
        "parcel_name": "Dabri Parcel-14",
        "current_owner": "Kabir Malhotra",
        "survey_no": "DAB/114/B",
        "mcd_property_id": "MCD-129-5110",
        "dda_zone": "Zone K-II (Dwarka)",
        "address": "Dabri, Dwarka, Delhi",
        "area_sqm": 320.1,
        "confidence": 0.75,
        "primary_conflict_type": "Planning / land-use mismatch",
        "severity": "Medium",
        "harmonization_status": "REVIEW_REQUIRED",
        "timeline_available": true,
        "merge_group": null,
        "review_action": "Manual review",
        "locality": "Dabri"
      },
      "geometry": {
        "type": "Polygon",
        "coordinates": [
          [
            [
              77.0865526,
              28.6105824
            ],
            [
              77.0867367,
              28.6105824
            ],
            [
              77.0867367,
              28.6107432
            ],
            [
              77.0865526,
              28.6107432
            ],
            [
              77.0865526,
              28.6105824
            ]
          ]
        ]
      }
    },
    {
      "type": "Feature",
      "id": "P111",
      "properties": {
        "synthetic": true,
        "not_for_legal_use": true,
        "record_year": 2025,
        "parcel_id": "P111",
        "canonical_id": "CP-DAB-015",
        "parcel_name": "Dabri Parcel-15",
        "current_owner": "Varun Joshi",
        "survey_no": "DAB/115/B",
        "mcd_property_id": "MCD-129-5111",
        "dda_zone": "Zone K-II (Dwarka)",
        "address": "Dabri, Dwarka, Delhi",
        "area_sqm": 344.5,
        "confidence": 0.75,
        "primary_conflict_type": "Planning / land-use mismatch",
        "severity": "Medium",
        "harmonization_status": "REVIEW_REQUIRED",
        "timeline_available": true,
        "merge_group": null,
        "review_action": "Manual review",
        "locality": "Dabri"
      },
      "geometry": {
        "type": "Polygon",
        "coordinates": [
          [
            [
              77.0869823,
              28.6105762
            ],
            [
              77.0871665,
              28.6105762
            ],
            [
              77.0871665,
              28.6107493
            ],
            [
              77.0869823,
              28.6107493
            ],
            [
              77.0869823,
              28.6105762
            ]
          ]
        ]
      }
    },
    {
      "type": "Feature",
      "id": "P112",
      "properties": {
        "synthetic": true,
        "not_for_legal_use": true,
        "record_year": 2025,
        "parcel_id": "P112",
        "canonical_id": "CP-DAB-016",
        "parcel_name": "Dabri Parcel-16",
        "current_owner": "Kunal Sharma",
        "survey_no": "DAB/116/B",
        "mcd_property_id": "MCD-129-5112",
        "dda_zone": "Zone K-II (Dwarka)",
        "address": "Dabri, Dwarka, Delhi",
        "area_sqm": 249.4,
        "confidence": 0.76,
        "primary_conflict_type": "Planning / land-use mismatch",
        "severity": "Medium",
        "harmonization_status": "REVIEW_REQUIRED",
        "timeline_available": true,
        "merge_group": null,
        "review_action": "Manual review",
        "locality": "Dabri"
      },
      "geometry": {
        "type": "Polygon",
        "coordinates": [
          [
            [
              77.0874121,
              28.6106001
            ],
            [
              77.0875963,
              28.6106001
            ],
            [
              77.0875963,
              28.6107254
            ],
            [
              77.0874121,
              28.6107254
            ],
            [
              77.0874121,
              28.6106001
            ]
          ]
        ]
      }
    },
    {
      "type": "Feature",
      "id": "P113",
      "properties": {
        "synthetic": true,
        "not_for_legal_use": true,
        "record_year": 2025,
        "parcel_id": "P113",
        "canonical_id": "CP-DAB-017",
        "parcel_name": "Dabri Parcel-17",
        "current_owner": "Nikhil Kapoor",
        "survey_no": "DAB/117/C",
        "mcd_property_id": "MCD-129-5113",
        "dda_zone": "Zone K-II (Dwarka)",
        "address": "Dabri, Dwarka, Delhi",
        "area_sqm": 347.0,
        "confidence": 0.99,
        "primary_conflict_type": null,
        "severity": "None",
        "harmonization_status": "HARMONIZED",
        "timeline_available": true,
        "merge_group": null,
        "review_action": "No action",
        "locality": "Dabri"
      },
      "geometry": {
        "type": "Polygon",
        "coordinates": [
          [
            [
              77.0844191,
              28.6102326
            ],
            [
              77.0845726,
              28.6102326
            ],
            [
              77.0845726,
              28.6104418
            ],
            [
              77.0844191,
              28.6104418
            ],
            [
              77.0844191,
              28.6102326
            ]
          ]
        ]
      }
    },
    {
      "type": "Feature",
      "id": "P114",
      "properties": {
        "synthetic": true,
        "not_for_legal_use": true,
        "record_year": 2025,
        "parcel_id": "P114",
        "canonical_id": "CP-DAB-018",
        "parcel_name": "Dabri Parcel-18",
        "current_owner": "Sara Rao",
        "survey_no": "DAB/118/C",
        "mcd_property_id": "MCD-129-5114",
        "dda_zone": "Zone K-II (Dwarka)",
        "address": "Dabri, Dwarka, Delhi",
        "area_sqm": 324.1,
        "confidence": 0.99,
        "primary_conflict_type": null,
        "severity": "None",
        "harmonization_status": "HARMONIZED",
        "timeline_available": true,
        "merge_group": null,
        "review_action": "No action",
        "locality": "Dabri"
      },
      "geometry": {
        "type": "Polygon",
        "coordinates": [
          [
            [
              77.084854,
              28.6102325
            ],
            [
              77.0849972,
              28.6102325
            ],
            [
              77.0849972,
              28.6104419
            ],
            [
              77.084854,
              28.6104419
            ],
            [
              77.084854,
              28.6102325
            ]
          ]
        ]
      }
    },
    {
      "type": "Feature",
      "id": "P115",
      "properties": {
        "synthetic": true,
        "not_for_legal_use": true,
        "record_year": 2025,
        "parcel_id": "P115",
        "canonical_id": "CP-DAB-019",
        "parcel_name": "Dabri Parcel-19",
        "current_owner": "Priya Gupta",
        "survey_no": "DAB/119/C",
        "mcd_property_id": "MCD-129-5115",
        "dda_zone": "Zone K-II (Dwarka)",
        "address": "Dabri, Dwarka, Delhi",
        "area_sqm": 273.1,
        "confidence": 0.98,
        "primary_conflict_type": null,
        "severity": "None",
        "harmonization_status": "HARMONIZED",
        "timeline_available": true,
        "merge_group": null,
        "review_action": "No action",
        "locality": "Dabri"
      },
      "geometry": {
        "type": "Polygon",
        "coordinates": [
          [
            [
              77.0852786,
              28.6102549
            ],
            [
              77.0854321,
              28.6102549
            ],
            [
              77.0854321,
              28.6104195
            ],
            [
              77.0852786,
              28.6104195
            ],
            [
              77.0852786,
              28.6102549
            ]
          ]
        ]
      }
    },
    {
      "type": "Feature",
      "id": "P116",
      "properties": {
        "synthetic": true,
        "not_for_legal_use": true,
        "record_year": 2025,
        "parcel_id": "P116",
        "canonical_id": "CP-DAB-020",
        "parcel_name": "Dabri Parcel-20",
        "current_owner": "Priya Kohli",
        "survey_no": "DAB/120/C",
        "mcd_property_id": "MCD-129-5116",
        "dda_zone": "Zone K-II (Dwarka)",
        "address": "Dabri, Dwarka, Delhi",
        "area_sqm": 378.3,
        "confidence": 0.99,
        "primary_conflict_type": null,
        "severity": "None",
        "harmonization_status": "HARMONIZED",
        "timeline_available": true,
        "merge_group": null,
        "review_action": "No action",
        "locality": "Dabri"
      },
      "geometry": {
        "type": "Polygon",
        "coordinates": [
          [
            [
              77.085693,
              28.6102422
            ],
            [
              77.0858772,
              28.6102422
            ],
            [
              77.0858772,
              28.6104322
            ],
            [
              77.085693,
              28.6104322
            ],
            [
              77.085693,
              28.6102422
            ]
          ]
        ]
      }
    },
    {
      "type": "Feature",
      "id": "P117",
      "properties": {
        "synthetic": true,
        "not_for_legal_use": true,
        "record_year": 2025,
        "parcel_id": "P117",
        "canonical_id": "CP-DAB-021",
        "parcel_name": "Dabri Parcel-21",
        "current_owner": "Priya Sharma",
        "survey_no": "DAB/121/C",
        "mcd_property_id": "MCD-129-5117",
        "dda_zone": "Zone K-II (Dwarka)",
        "address": "Dabri, Dwarka, Delhi",
        "area_sqm": 302.6,
        "confidence": 0.98,
        "primary_conflict_type": null,
        "severity": "None",
        "harmonization_status": "HARMONIZED",
        "timeline_available": true,
        "merge_group": null,
        "review_action": "No action",
        "locality": "Dabri"
      },
      "geometry": {
        "type": "Polygon",
        "coordinates": [
          [
            [
              77.0861228,
              28.6102612
            ],
            [
              77.086307,
              28.6102612
            ],
            [
              77.086307,
              28.6104132
            ],
            [
              77.0861228,
              28.6104132
            ],
            [
              77.0861228,
              28.6102612
            ]
          ]
        ]
      }
    },
    {
      "type": "Feature",
      "id": "P118",
      "properties": {
        "synthetic": true,
        "not_for_legal_use": true,
        "record_year": 2025,
        "parcel_id": "P118",
        "canonical_id": "CP-DAB-022",
        "parcel_name": "Dabri Parcel-22",
        "current_owner": "Aditi Wadhwa",
        "survey_no": "DAB/122/C",
        "mcd_property_id": "MCD-129-5118",
        "dda_zone": "Zone K-II (Dwarka)",
        "address": "Dabri, Dwarka, Delhi",
        "area_sqm": 354.7,
        "confidence": 0.95,
        "primary_conflict_type": null,
        "severity": "None",
        "harmonization_status": "HARMONIZED",
        "timeline_available": true,
        "merge_group": null,
        "review_action": "No action",
        "locality": "Dabri"
      },
      "geometry": {
        "type": "Polygon",
        "coordinates": [
          [
            [
              77.086573,
              28.6102226
            ],
            [
              77.0867163,
              28.6102226
            ],
            [
              77.0867163,
              28.6104518
            ],
            [
              77.086573,
              28.6104518
            ],
            [
              77.086573,
              28.6102226
            ]
          ]
        ]
      }
    },
    {
      "type": "Feature",
      "id": "P119",
      "properties": {
        "synthetic": true,
        "not_for_legal_use": true,
        "record_year": 2025,
        "parcel_id": "P119",
        "canonical_id": "CP-DAB-023",
        "parcel_name": "Dabri Parcel-23",
        "current_owner": "Arjun Nair",
        "survey_no": "DAB/123/C",
        "mcd_property_id": "MCD-129-5119",
        "dda_zone": "Zone K-II (Dwarka)",
        "address": "Dabri, Dwarka, Delhi",
        "area_sqm": 386.7,
        "confidence": 0.99,
        "primary_conflict_type": null,
        "severity": "None",
        "harmonization_status": "HARMONIZED",
        "timeline_available": true,
        "merge_group": null,
        "review_action": "No action",
        "locality": "Dabri"
      },
      "geometry": {
        "type": "Polygon",
        "coordinates": [
          [
            [
              77.0869977,
              28.6102206
            ],
            [
              77.0871512,
              28.6102206
            ],
            [
              77.0871512,
              28.6104538
            ],
            [
              77.0869977,
              28.6104538
            ],
            [
              77.0869977,
              28.6102206
            ]
          ]
        ]
      }
    },
    {
      "type": "Feature",
      "id": "P120",
      "properties": {
        "synthetic": true,
        "not_for_legal_use": true,
        "record_year": 2025,
        "parcel_id": "P120",
        "canonical_id": "CP-DAB-024",
        "parcel_name": "Dabri Parcel-24",
        "current_owner": "Siya Arora",
        "survey_no": "DAB/124/C",
        "mcd_property_id": "MCD-129-5120",
        "dda_zone": "Zone K-II (Dwarka)",
        "address": "Dabri, Dwarka, Delhi",
        "area_sqm": 322.8,
        "confidence": 0.96,
        "primary_conflict_type": null,
        "severity": "None",
        "harmonization_status": "HARMONIZED",
        "timeline_available": true,
        "merge_group": null,
        "review_action": "No action",
        "locality": "Dabri"
      },
      "geometry": {
        "type": "Polygon",
        "coordinates": [
          [
            [
              77.0874326,
              28.610233
            ],
            [
              77.0875758,
              28.610233
            ],
            [
              77.0875758,
              28.6104415
            ],
            [
              77.0874326,
              28.6104415
            ],
            [
              77.0874326,
              28.610233
            ]
          ]
        ]
      }
    },
    {
      "type": "Feature",
      "id": "P121",
      "properties": {
        "synthetic": true,
        "not_for_legal_use": true,
        "record_year": 2025,
        "parcel_id": "P121",
        "canonical_id": "CP-DAB-025",
        "parcel_name": "Dabri Parcel-25",
        "current_owner": "Vihaan Kapoor",
        "survey_no": "DAB/125/D",
        "mcd_property_id": "MCD-129-5121",
        "dda_zone": "Zone K-II (Dwarka)",
        "address": "Dabri, Dwarka, Delhi",
        "area_sqm": 307.6,
        "confidence": 0.98,
        "primary_conflict_type": null,
        "severity": "None",
        "harmonization_status": "HARMONIZED",
        "timeline_available": true,
        "merge_group": null,
        "review_action": "No action",
        "locality": "Dabri"
      },
      "geometry": {
        "type": "Polygon",
        "coordinates": [
          [
            [
              77.0844191,
              28.6099189
            ],
            [
              77.0845726,
              28.6099189
            ],
            [
              77.0845726,
              28.6101044
            ],
            [
              77.0844191,
              28.6101044
            ],
            [
              77.0844191,
              28.6099189
            ]
          ]
        ]
      }
    },
    {
      "type": "Feature",
      "id": "P122",
      "properties": {
        "synthetic": true,
        "not_for_legal_use": true,
        "record_year": 2025,
        "parcel_id": "P122",
        "canonical_id": "CP-DAB-026",
        "parcel_name": "Dabri Parcel-26",
        "current_owner": "Pranav Batra",
        "survey_no": "DAB/126/D",
        "mcd_property_id": "MCD-129-5122",
        "dda_zone": "Zone K-II (Dwarka)",
        "address": "Dabri, Dwarka, Delhi",
        "area_sqm": 381.4,
        "confidence": 0.99,
        "primary_conflict_type": null,
        "severity": "None",
        "harmonization_status": "HARMONIZED",
        "timeline_available": true,
        "merge_group": null,
        "review_action": "No action",
        "locality": "Dabri"
      },
      "geometry": {
        "type": "Polygon",
        "coordinates": [
          [
            [
              77.0848437,
              28.6099038
            ],
            [
              77.0850074,
              28.6099038
            ],
            [
              77.0850074,
              28.6101194
            ],
            [
              77.0848437,
              28.6101194
            ],
            [
              77.0848437,
              28.6099038
            ]
          ]
        ]
      }
    },
    {
      "type": "Feature",
      "id": "P123",
      "properties": {
        "synthetic": true,
        "not_for_legal_use": true,
        "record_year": 2025,
        "parcel_id": "P123",
        "canonical_id": "CP-DAB-027",
        "parcel_name": "Dabri Parcel-27",
        "current_owner": "Rohan Saxena",
        "survey_no": "DAB/127/D",
        "mcd_property_id": "MCD-129-5123",
        "dda_zone": "Zone K-II (Dwarka)",
        "address": "Dabri, Dwarka, Delhi",
        "area_sqm": 309.7,
        "confidence": 0.99,
        "primary_conflict_type": null,
        "severity": "None",
        "harmonization_status": "HARMONIZED",
        "timeline_available": true,
        "merge_group": null,
        "review_action": "No action",
        "locality": "Dabri"
      },
      "geometry": {
        "type": "Polygon",
        "coordinates": [
          [
            [
              77.0852837,
              28.6099116
            ],
            [
              77.085427,
              28.6099116
            ],
            [
              77.085427,
              28.6101117
            ],
            [
              77.0852837,
              28.6101117
            ],
            [
              77.0852837,
              28.6099116
            ]
          ]
        ]
      }
    },
    {
      "type": "Feature",
      "id": "P124",
      "properties": {
        "synthetic": true,
        "not_for_legal_use": true,
        "record_year": 2025,
        "parcel_id": "P124",
        "canonical_id": "CP-DAB-028",
        "parcel_name": "Dabri Parcel-28",
        "current_owner": "Kavya Nair",
        "survey_no": "DAB/128/D",
        "mcd_property_id": "MCD-129-5124",
        "dda_zone": "Zone K-II (Dwarka)",
        "address": "Dabri, Dwarka, Delhi",
        "area_sqm": 201.4,
        "confidence": 0.97,
        "primary_conflict_type": null,
        "severity": "None",
        "harmonization_status": "HARMONIZED",
        "timeline_available": true,
        "merge_group": null,
        "review_action": "No action",
        "locality": "Dabri"
      },
      "geometry": {
        "type": "Polygon",
        "coordinates": [
          [
            [
              77.0857084,
              28.6099509
            ],
            [
              77.0858619,
              28.6099509
            ],
            [
              77.0858619,
              28.6100724
            ],
            [
              77.0857084,
              28.6100724
            ],
            [
              77.0857084,
              28.6099509
            ]
          ]
        ]
      }
    },
    {
      "type": "Feature",
      "id": "P125",
      "properties": {
        "synthetic": true,
        "not_for_legal_use": true,
        "record_year": 2025,
        "parcel_id": "P125",
        "canonical_id": "CP-DAB-029",
        "parcel_name": "Dabri Parcel-29",
        "current_owner": "Rohan Kohli",
        "survey_no": "DAB/129/D",
        "mcd_property_id": "MCD-129-5125",
        "dda_zone": "Zone K-II (Dwarka)",
        "address": "Dabri, Dwarka, Delhi",
        "area_sqm": 256.0,
        "confidence": 0.98,
        "primary_conflict_type": null,
        "severity": "None",
        "harmonization_status": "HARMONIZED",
        "timeline_available": true,
        "merge_group": null,
        "review_action": "No action",
        "locality": "Dabri"
      },
      "geometry": {
        "type": "Polygon",
        "coordinates": [
          [
            [
              77.0861381,
              28.6099345
            ],
            [
              77.0862916,
              28.6099345
            ],
            [
              77.0862916,
              28.6100888
            ],
            [
              77.0861381,
              28.6100888
            ],
            [
              77.0861381,
              28.6099345
            ]
          ]
        ]
      }
    },
    {
      "type": "Feature",
      "id": "P126",
      "properties": {
        "synthetic": true,
        "not_for_legal_use": true,
        "record_year": 2025,
        "parcel_id": "P126",
        "canonical_id": "CP-DAB-030",
        "parcel_name": "Dabri Parcel-30",
        "current_owner": "Myra Dhingra",
        "survey_no": "DAB/130/D",
        "mcd_property_id": "MCD-129-5126",
        "dda_zone": "Zone K-II (Dwarka)",
        "address": "Dabri, Dwarka, Delhi",
        "area_sqm": 240.3,
        "confidence": 0.96,
        "primary_conflict_type": null,
        "severity": "None",
        "harmonization_status": "HARMONIZED",
        "timeline_available": true,
        "merge_group": null,
        "review_action": "No action",
        "locality": "Dabri"
      },
      "geometry": {
        "type": "Polygon",
        "coordinates": [
          [
            [
              77.086573,
              28.609934
            ],
            [
              77.0867163,
              28.609934
            ],
            [
              77.0867163,
              28.6100893
            ],
            [
              77.086573,
              28.6100893
            ],
            [
              77.086573,
              28.609934
            ]
          ]
        ]
      }
    },
    {
      "type": "Feature",
      "id": "P127",
      "properties": {
        "synthetic": true,
        "not_for_legal_use": true,
        "record_year": 2025,
        "parcel_id": "P127",
        "canonical_id": "CP-DAB-031",
        "parcel_name": "Dabri Parcel-31",
        "current_owner": "Shreya Dhingra",
        "survey_no": "DAB/131/D",
        "mcd_property_id": "MCD-129-5127",
        "dda_zone": "Zone K-II (Dwarka)",
        "address": "Dabri, Dwarka, Delhi",
        "area_sqm": 192.9,
        "confidence": 0.95,
        "primary_conflict_type": null,
        "severity": "None",
        "harmonization_status": "HARMONIZED",
        "timeline_available": true,
        "merge_group": null,
        "review_action": "No action",
        "locality": "Dabri"
      },
      "geometry": {
        "type": "Polygon",
        "coordinates": [
          [
            [
              77.0869823,
              28.6099632
            ],
            [
              77.0871665,
              28.6099632
            ],
            [
              77.0871665,
              28.6100601
            ],
            [
              77.0869823,
              28.6100601
            ],
            [
              77.0869823,
              28.6099632
            ]
          ]
        ]
      }
    },
    {
      "type": "Feature",
      "id": "P128",
      "properties": {
        "synthetic": true,
        "not_for_legal_use": true,
        "record_year": 2025,
        "parcel_id": "P128",
        "canonical_id": "CP-DAB-032",
        "parcel_name": "Dabri Parcel-32",
        "current_owner": "Vihaan Malhotra",
        "survey_no": "DAB/132/D",
        "mcd_property_id": "MCD-129-5128",
        "dda_zone": "Zone K-II (Dwarka)",
        "address": "Dabri, Dwarka, Delhi",
        "area_sqm": 274.6,
        "confidence": 0.99,
        "primary_conflict_type": null,
        "severity": "None",
        "harmonization_status": "HARMONIZED",
        "timeline_available": true,
        "merge_group": null,
        "review_action": "No action",
        "locality": "Dabri"
      },
      "geometry": {
        "type": "Polygon",
        "coordinates": [
          [
            [
              77.0874121,
              28.6099427
            ],
            [
              77.0875963,
              28.6099427
            ],
            [
              77.0875963,
              28.6100806
            ],
            [
              77.0874121,
              28.6100806
            ],
            [
              77.0874121,
              28.6099427
            ]
          ]
        ]
      }
    }
  ]
}