parcel_id,canonical_id,year,event_type,parcel_name,owner_or_recorded_person,area_sqm,status,verification_state,coordinate_system,geometry_wkt_epsg4326,primary_conflict_type,event_note
P001,CP-KAK-001,2012,Legacy record created,KAK Block-A Parcel-01,Ishaan Wadhwa,295.0,ACTIVE,Paper / legacy,Local cadastral / unknown,"POLYGON((77.0313201 28.6195981, 77.0314713 28.6195981, 77.0314713 28.6197786, 77.0313201 28.6197786, 77.0313201 28.6195981))",Parcel name mismatch,Historical snapshot retained to evaluate parcel name mismatch.
P001,CP-KAK-001,2016,Digitization / mutation update,KAK Block-A Parcel-01,Ishaan Wadhwa,299.5,ACTIVE,Digitized,EPSG:4326,"POLYGON((77.0313195 28.6195974, 77.0314719 28.6195974, 77.0314719 28.6197793, 77.0313195 28.6197793, 77.0313195 28.6195974))",Parcel name mismatch,Historical snapshot retained to evaluate parcel name mismatch.
P001,CP-KAK-001,2020,GIS harmonization update,KAK Block-A Parcel-01,Ananya Dhingra,302.6,ACTIVE,Digitized + GIS,EPSG:4326,"POLYGON((77.0313191 28.6195969, 77.0314722 28.6195969, 77.0314722 28.6197798, 77.0313191 28.6197798, 77.0313191 28.6195969))",Parcel name mismatch,Historical snapshot retained to evaluate parcel name mismatch.
P001,CP-KAK-001,2025,Current multi-source reconciliation snapshot,KAK Block-A Parcel-01,Ananya Dhingra,304.1,ACTIVE,Current evidence set,EPSG:4326,"POLYGON((77.0313189 28.6195967, 77.0314724 28.6195967, 77.0314724 28.6197800, 77.0313189 28.6197800, 77.0313189 28.6195967))",Parcel name mismatch,Historical snapshot retained to evaluate parcel name mismatch.
P002,CP-KAK-002,2012,Legacy record created,KAK Block-A Parcel-02,Isha Kohli,362.3,ACTIVE,Paper / legacy,Local cadastral / unknown,"POLYGON((77.0317549 28.6195695, 77.0318960 28.6195695, 77.0318960 28.6198072, 77.0317549 28.6198072, 77.0317549 28.6195695))",Parcel name mismatch,Historical snapshot retained to evaluate parcel name mismatch.
P002,CP-KAK-002,2016,Digitization / mutation update,KAK Block-A Parcel-02,Isha Kohli,367.9,ACTIVE,Digitized,EPSG:4326,"POLYGON((77.0317544 28.6195686, 77.0318966 28.6195686, 77.0318966 28.6198081, 77.0317544 28.6198081, 77.0317544 28.6195686))",Parcel name mismatch,Historical snapshot retained to evaluate parcel name mismatch.
P002,CP-KAK-002,2020,GIS harmonization update,KAK Block-A Parcel-02,Aditi Jain,371.6,ACTIVE,Digitized + GIS,EPSG:4326,"POLYGON((77.0317540 28.6195680, 77.0318969 28.6195680, 77.0318969 28.6198087, 77.0317540 28.6198087, 77.0317540 28.6195680))",Parcel name mismatch,Historical snapshot retained to evaluate parcel name mismatch.
P002,CP-KAK-002,2025,Current multi-source reconciliation snapshot,KAK Block-A Parcel-02,Aditi Jain,373.5,ACTIVE,Current evidence set,EPSG:4326,"POLYGON((77.0317539 28.6195677, 77.0318971 28.6195677, 77.0318971 28.6198090, 77.0317539 28.6198090, 77.0317539 28.6195677))",Parcel name mismatch,Historical snapshot retained to evaluate parcel name mismatch.
P003,CP-KAK-003,2012,Legacy record created,KAK Block-A Parcel-03,Diya Kapoor,279.8,ACTIVE,Paper / legacy,Local cadastral / unknown,"POLYGON((77.0321797 28.6196027, 77.0323309 28.6196027, 77.0323309 28.6197740, 77.0321797 28.6197740, 77.0321797 28.6196027))",Parcel name mismatch,Historical snapshot retained to evaluate parcel name mismatch.
P003,CP-KAK-003,2016,Digitization / mutation update,KAK Block-A Parcel-03,Diya Kapoor,284.2,ACTIVE,Digitized,EPSG:4326,"POLYGON((77.0321791 28.6196020, 77.0323315 28.6196020, 77.0323315 28.6197747, 77.0321791 28.6197747, 77.0321791 28.6196020))",Parcel name mismatch,Historical snapshot retained to evaluate parcel name mismatch.
P003,CP-KAK-003,2020,GIS harmonization update,KAK Block-A Parcel-03,Aarav Sharma,287.1,ACTIVE,Digitized + GIS,EPSG:4326,"POLYGON((77.0321787 28.6196016, 77.0323319 28.6196016, 77.0323319 28.6197751, 77.0321787 28.6197751, 77.0321787 28.6196016))",Parcel name mismatch,Historical snapshot retained to evaluate parcel name mismatch.
P003,CP-KAK-003,2025,Current multi-source reconciliation snapshot,KAK Block-A Parcel-03,Aarav Sharma,288.5,ACTIVE,Current evidence set,EPSG:4326,"POLYGON((77.0321785 28.6196014, 77.0323320 28.6196014, 77.0323320 28.6197753, 77.0321785 28.6197753, 77.0321785 28.6196014))",Parcel name mismatch,Historical snapshot retained to evaluate parcel name mismatch.
P004,CP-KAK-004,2012,Legacy record created,KAK Block-A Parcel-04,Vihaan Nair,368.7,ACTIVE,Paper / legacy,Local cadastral / unknown,"POLYGON((77.0326045 28.6195826, 77.0327657 28.6195826, 77.0327657 28.6197942, 77.0326045 28.6197942, 77.0326045 28.6195826))",Parcel name mismatch,Historical snapshot retained to evaluate parcel name mismatch.
P004,CP-KAK-004,2016,Digitization / mutation update,KAK Block-A Parcel-04,Vihaan Nair,374.4,ACTIVE,Digitized,EPSG:4326,"POLYGON((77.0326038 28.6195817, 77.0327663 28.6195817, 77.0327663 28.6197950, 77.0326038 28.6197950, 77.0326038 28.6195817))",Parcel name mismatch,Historical snapshot retained to evaluate parcel name mismatch.
P004,CP-KAK-004,2020,GIS harmonization update,KAK Block-A Parcel-04,Dev Kapoor,378.2,ACTIVE,Digitized + GIS,EPSG:4326,"POLYGON((77.0326034 28.6195812, 77.0327668 28.6195812, 77.0327668 28.6197955, 77.0326034 28.6197955, 77.0326034 28.6195812))",Parcel name mismatch,Historical snapshot retained to evaluate parcel name mismatch.
P004,CP-KAK-004,2025,Current multi-source reconciliation snapshot,KAK Block-A Parcel-04,Dev Kapoor,380.1,ACTIVE,Current evidence set,EPSG:4326,"POLYGON((77.0326032 28.6195809, 77.0327670 28.6195809, 77.0327670 28.6197958, 77.0326032 28.6197958, 77.0326032 28.6195809))",Parcel name mismatch,Historical snapshot retained to evaluate parcel name mismatch.
P005,CP-KAK-005,2012,Legacy record created,Kakrola Parcel-05,Sahil Malhotra,341.8,ACTIVE,Paper / legacy,Local cadastral / unknown,"POLYGON((77.0330242 28.6196012, 77.0332056 28.6196012, 77.0332056 28.6197756, 77.0330242 28.6197756, 77.0330242 28.6196012))",Owner mismatch,Historical snapshot retained to evaluate owner mismatch.
P005,CP-KAK-005,2016,Digitization / mutation update,Kakrola Parcel-05,Sahil Malhotra,347.1,ACTIVE,Digitized,EPSG:4326,"POLYGON((77.0330235 28.6196005, 77.0332063 28.6196005, 77.0332063 28.6197762, 77.0330235 28.6197762, 77.0330235 28.6196005))",Owner mismatch,Historical snapshot retained to evaluate owner mismatch.
P005,CP-KAK-005,2020,GIS harmonization update,Kakrola Parcel-05,Yash Jain,350.6,ACTIVE,Digitized + GIS,EPSG:4326,"POLYGON((77.0330230 28.6196001, 77.0332068 28.6196001, 77.0332068 28.6197767, 77.0330230 28.6197767, 77.0330230 28.6196001))",Owner mismatch,Historical snapshot retained to evaluate owner mismatch.
P005,CP-KAK-005,2025,Registered ownership transfer awaiting full revenue sync,Kakrola Parcel-05,Yash Jain,352.4,ACTIVE,Cross-source conflict,EPSG:4326,"POLYGON((77.0330228 28.6195998, 77.0332070 28.6195998, 77.0332070 28.6197769, 77.0330228 28.6197769, 77.0330228 28.6195998))",Owner mismatch,Historical snapshot retained to evaluate owner mismatch.
P006,CP-KAK-006,2012,Legacy record created,Kakrola Parcel-06,Aarav Khanna,289.1,ACTIVE,Paper / legacy,Local cadastral / unknown,"POLYGON((77.0334691 28.6195999, 77.0336203 28.6195999, 77.0336203 28.6197768, 77.0334691 28.6197768, 77.0334691 28.6195999))",Owner mismatch,Historical snapshot retained to evaluate owner mismatch.
P006,CP-KAK-006,2016,Digitization / mutation update,Kakrola Parcel-06,Aarav Khanna,293.5,ACTIVE,Digitized,EPSG:4326,"POLYGON((77.0334685 28.6195992, 77.0336209 28.6195992, 77.0336209 28.6197775, 77.0334685 28.6197775, 77.0334685 28.6195992))",Owner mismatch,Historical snapshot retained to evaluate owner mismatch.
P006,CP-KAK-006,2020,GIS harmonization update,Kakrola Parcel-06,Saanvi Gupta,296.5,ACTIVE,Digitized + GIS,EPSG:4326,"POLYGON((77.0334681 28.6195988, 77.0336213 28.6195988, 77.0336213 28.6197780, 77.0334681 28.6197780, 77.0334681 28.6195988))",Owner mismatch,Historical snapshot retained to evaluate owner mismatch.
P006,CP-KAK-006,2025,Registered ownership transfer awaiting full revenue sync,Kakrola Parcel-06,Saanvi Gupta,298.0,ACTIVE,Cross-source conflict,EPSG:4326,"POLYGON((77.0334680 28.6195985, 77.0336215 28.6195985, 77.0336215 28.6197782, 77.0334680 28.6197782, 77.0334680 28.6195985))",Owner mismatch,Historical snapshot retained to evaluate owner mismatch.
P007,CP-KAK-007,2012,Legacy record created,Kakrola Parcel-07,Naina Jain,276.1,ACTIVE,Paper / legacy,Local cadastral / unknown,"POLYGON((77.0338989 28.6196039, 77.0340501 28.6196039, 77.0340501 28.6197729, 77.0338989 28.6197729, 77.0338989 28.6196039))",Owner mismatch,Historical snapshot retained to evaluate owner mismatch.
P007,CP-KAK-007,2016,Digitization / mutation update,Kakrola Parcel-07,Naina Jain,280.3,ACTIVE,Digitized,EPSG:4326,"POLYGON((77.0338983 28.6196032, 77.0340507 28.6196032, 77.0340507 28.6197735, 77.0338983 28.6197735, 77.0338983 28.6196032))",Owner mismatch,Historical snapshot retained to evaluate owner mismatch.
P007,CP-KAK-007,2020,GIS harmonization update,Kakrola Parcel-07,Mihir Kapoor,283.2,ACTIVE,Digitized + GIS,EPSG:4326,"POLYGON((77.0338979 28.6196028, 77.0340511 28.6196028, 77.0340511 28.6197739, 77.0338979 28.6197739, 77.0338979 28.6196028))",Owner mismatch,Historical snapshot retained to evaluate owner mismatch.
P007,CP-KAK-007,2025,Registered ownership transfer awaiting full revenue sync,Kakrola Parcel-07,Mihir Kapoor,284.6,ACTIVE,Cross-source conflict,EPSG:4326,"POLYGON((77.0338978 28.6196026, 77.0340513 28.6196026, 77.0340513 28.6197742, 77.0338978 28.6197742, 77.0338978 28.6196026))",Owner mismatch,Historical snapshot retained to evaluate owner mismatch.
P008,CP-KAK-008,2012,Legacy record created,Kakrola Parcel-08,Shaurya Sinha,215.0,ACTIVE,Paper / legacy,Local cadastral / unknown,"POLYGON((77.0343287 28.6196226, 77.0344799 28.6196226, 77.0344799 28.6197542, 77.0343287 28.6197542, 77.0343287 28.6196226))",Owner mismatch,Historical snapshot retained to evaluate owner mismatch.
P008,CP-KAK-008,2016,Digitization / mutation update,Kakrola Parcel-08,Shaurya Sinha,218.3,ACTIVE,Digitized,EPSG:4326,"POLYGON((77.0343281 28.6196221, 77.0344805 28.6196221, 77.0344805 28.6197547, 77.0343281 28.6197547, 77.0343281 28.6196221))",Owner mismatch,Historical snapshot retained to evaluate owner mismatch.
P008,CP-KAK-008,2020,GIS harmonization update,Kakrola Parcel-08,Anika Kapoor,220.5,ACTIVE,Digitized + GIS,EPSG:4326,"POLYGON((77.0343278 28.6196217, 77.0344809 28.6196217, 77.0344809 28.6197550, 77.0343278 28.6197550, 77.0343278 28.6196217))",Owner mismatch,Historical snapshot retained to evaluate owner mismatch.
P008,CP-KAK-008,2025,Registered ownership transfer awaiting full revenue sync,Kakrola Parcel-08,Anika Kapoor,221.6,ACTIVE,Cross-source conflict,EPSG:4326,"POLYGON((77.0343276 28.6196216, 77.0344811 28.6196216, 77.0344811 28.6197552, 77.0343276 28.6197552, 77.0343276 28.6196216))",Owner mismatch,Historical snapshot retained to evaluate owner mismatch.
P009,CP-KAK-009,2012,Legacy record created,Kakrola Parcel-09,Varun Arora,266.4,ACTIVE,Paper / legacy,Local cadastral / unknown,"POLYGON((77.0313201 28.6192813, 77.0314713 28.6192813, 77.0314713 28.6194443, 77.0313201 28.6194443, 77.0313201 28.6192813))",Geometry mismatch,Historical snapshot retained to evaluate geometry mismatch.
P009,CP-KAK-009,2016,Digitization / mutation update,Kakrola Parcel-09,Varun Arora,270.5,ACTIVE,Digitized,EPSG:4326,"POLYGON((77.0313195 28.6192806, 77.0314719 28.6192806, 77.0314719 28.6194449, 77.0313195 28.6194449, 77.0313195 28.6192806))",Geometry mismatch,Historical snapshot retained to evaluate geometry mismatch.
P009,CP-KAK-009,2020,GIS harmonization update,Kakrola Parcel-09,Isha Joshi,273.2,ACTIVE,Digitized + GIS,EPSG:4326,"POLYGON((77.0313191 28.6192802, 77.0314722 28.6192802, 77.0314722 28.6194454, 77.0313191 28.6194454, 77.0313191 28.6192802))",Geometry mismatch,Historical snapshot retained to evaluate geometry mismatch.
P009,CP-KAK-009,2025,Current multi-source reconciliation snapshot,Kakrola Parcel-09,Isha Joshi,274.6,ACTIVE,Current evidence set,EPSG:4326,"POLYGON((77.0313189 28.6192800, 77.0314724 28.6192800, 77.0314724 28.6194456, 77.0313189 28.6194456, 77.0313189 28.6192800))",Geometry mismatch,Historical snapshot retained to evaluate geometry mismatch.
P010,CP-KAK-010,2012,Legacy record created,Kakrola Parcel-10,Akash Rao,360.7,ACTIVE,Paper / legacy,Local cadastral / unknown,"POLYGON((77.0317348 28.6192708, 77.0319162 28.6192708, 77.0319162 28.6194548, 77.0317348 28.6194548, 77.0317348 28.6192708))",Geometry mismatch,Historical snapshot retained to evaluate geometry mismatch.
P010,CP-KAK-010,2016,Digitization / mutation update,Kakrola Parcel-10,Akash Rao,366.3,ACTIVE,Digitized,EPSG:4326,"POLYGON((77.0317341 28.6192701, 77.0319169 28.6192701, 77.0319169 28.6194555, 77.0317341 28.6194555, 77.0317341 28.6192701))",Geometry mismatch,Historical snapshot retained to evaluate geometry mismatch.
P010,CP-KAK-010,2020,GIS harmonization update,Kakrola Parcel-10,Aditya Gupta,370.0,ACTIVE,Digitized + GIS,EPSG:4326,"POLYGON((77.0317336 28.6192696, 77.0319174 28.6192696, 77.0319174 28.6194560, 77.0317336 28.6194560, 77.0317336 28.6192696))",Geometry mismatch,Historical snapshot retained to evaluate geometry mismatch.
P010,CP-KAK-010,2025,Current multi-source reconciliation snapshot,Kakrola Parcel-10,Aditya Gupta,371.9,ACTIVE,Current evidence set,EPSG:4326,"POLYGON((77.0317334 28.6192694, 77.0319176 28.6192694, 77.0319176 28.6194562, 77.0317334 28.6194562, 77.0317334 28.6192694))",Geometry mismatch,Historical snapshot retained to evaluate geometry mismatch.
P011,CP-KAK-011,2012,Legacy record created,Kakrola Parcel-11,Isha Chawla,230.4,ACTIVE,Paper / legacy,Local cadastral / unknown,"POLYGON((77.0321797 28.6192923, 77.0323309 28.6192923, 77.0323309 28.6194333, 77.0321797 28.6194333, 77.0321797 28.6192923))",Geometry mismatch,Historical snapshot retained to evaluate geometry mismatch.
P011,CP-KAK-011,2016,Digitization / mutation update,Kakrola Parcel-11,Isha Chawla,233.9,ACTIVE,Digitized,EPSG:4326,"POLYGON((77.0321791 28.6192917, 77.0323315 28.6192917, 77.0323315 28.6194338, 77.0321791 28.6194338, 77.0321791 28.6192917))",Geometry mismatch,Historical snapshot retained to evaluate geometry mismatch.
P011,CP-KAK-011,2020,GIS harmonization update,Kakrola Parcel-11,Neel Kapoor,236.3,ACTIVE,Digitized + GIS,EPSG:4326,"POLYGON((77.0321787 28.6192914, 77.0323319 28.6192914, 77.0323319 28.6194342, 77.0321787 28.6194342, 77.0321787 28.6192914))",Geometry mismatch,Historical snapshot retained to evaluate geometry mismatch.
P011,CP-KAK-011,2025,Current multi-source reconciliation snapshot,Kakrola Parcel-11,Neel Kapoor,237.5,ACTIVE,Current evidence set,EPSG:4326,"POLYGON((77.0321785 28.6192912, 77.0323320 28.6192912, 77.0323320 28.6194344, 77.0321785 28.6194344, 77.0321785 28.6192912))",Geometry mismatch,Historical snapshot retained to evaluate geometry mismatch.
P012,CP-KAK-012,2012,Legacy record created,Kakrola Parcel-12,Priya Kapoor,287.3,ACTIVE,Paper / legacy,Local cadastral / unknown,"POLYGON((77.0325944 28.6192895, 77.0327758 28.6192895, 77.0327758 28.6194361, 77.0325944 28.6194361, 77.0325944 28.6192895))",Geometry mismatch,Historical snapshot retained to evaluate geometry mismatch.
P012,CP-KAK-012,2016,Digitization / mutation update,Kakrola Parcel-12,Priya Kapoor,291.8,ACTIVE,Digitized,EPSG:4326,"POLYGON((77.0325937 28.6192889, 77.0327765 28.6192889, 77.0327765 28.6194366, 77.0325937 28.6194366, 77.0325937 28.6192889))",Geometry mismatch,Historical snapshot retained to evaluate geometry mismatch.
P012,CP-KAK-012,2020,GIS harmonization update,Kakrola Parcel-12,Ishaan Kapoor,294.7,ACTIVE,Digitized + GIS,EPSG:4326,"POLYGON((77.0325932 28.6192886, 77.0327770 28.6192886, 77.0327770 28.6194370, 77.0325932 28.6194370, 77.0325932 28.6192886))",Geometry mismatch,Historical snapshot retained to evaluate geometry mismatch.
P012,CP-KAK-012,2025,Current multi-source reconciliation snapshot,Kakrola Parcel-12,Ishaan Kapoor,296.2,ACTIVE,Current evidence set,EPSG:4326,"POLYGON((77.0325930 28.6192884, 77.0327772 28.6192884, 77.0327772 28.6194372, 77.0325930 28.6194372, 77.0325930 28.6192884))",Geometry mismatch,Historical snapshot retained to evaluate geometry mismatch.
P013,CP-KAK-013,2012,Legacy record created,Kakrola Parcel-13,Aniket Batra,368.0,ACTIVE,Paper / legacy,Local cadastral / unknown,"POLYGON((77.0330393 28.6192501, 77.0331905 28.6192501, 77.0331905 28.6194754, 77.0330393 28.6194754, 77.0330393 28.6192501))",Area mismatch,Historical snapshot retained to evaluate area mismatch.
P013,CP-KAK-013,2016,Digitization / mutation update,Kakrola Parcel-13,Aniket Batra,373.7,ACTIVE,Digitized,EPSG:4326,"POLYGON((77.0330387 28.6192493, 77.0331911 28.6192493, 77.0331911 28.6194763, 77.0330387 28.6194763, 77.0330387 28.6192493))",Area mismatch,Historical snapshot retained to evaluate area mismatch.
P013,CP-KAK-013,2020,GIS harmonization update,Kakrola Parcel-13,Varun Nair,377.5,ACTIVE,Digitized + GIS,EPSG:4326,"POLYGON((77.0330383 28.6192487, 77.0331915 28.6192487, 77.0331915 28.6194769, 77.0330383 28.6194769, 77.0330383 28.6192487))",Area mismatch,Historical snapshot retained to evaluate area mismatch.
P013,CP-KAK-013,2025,Current multi-source reconciliation snapshot,Kakrola Parcel-13,Varun Nair,379.4,ACTIVE,Current evidence set,EPSG:4326,"POLYGON((77.0330382 28.6192484, 77.0331917 28.6192484, 77.0331917 28.6194772, 77.0330382 28.6194772, 77.0330382 28.6192484))",Area mismatch,Historical snapshot retained to evaluate area mismatch.
P014,CP-KAK-014,2012,Legacy record created,Kakrola Parcel-14,Pranav Jain,235.1,ACTIVE,Paper / legacy,Local cadastral / unknown,"POLYGON((77.0334742 28.6192857, 77.0336153 28.6192857, 77.0336153 28.6194399, 77.0334742 28.6194399, 77.0334742 28.6192857))",Area mismatch,Historical snapshot retained to evaluate area mismatch.
P014,CP-KAK-014,2016,Digitization / mutation update,Kakrola Parcel-14,Pranav Jain,238.8,ACTIVE,Digitized,EPSG:4326,"POLYGON((77.0334736 28.6192851, 77.0336158 28.6192851, 77.0336158 28.6194405, 77.0334736 28.6194405, 77.0334736 28.6192851))",Area mismatch,Historical snapshot retained to evaluate area mismatch.
P014,CP-KAK-014,2020,GIS harmonization update,Kakrola Parcel-14,Shaurya Rao,241.2,ACTIVE,Digitized + GIS,EPSG:4326,"POLYGON((77.0334732 28.6192847, 77.0336162 28.6192847, 77.0336162 28.6194409, 77.0334732 28.6194409, 77.0334732 28.6192847))",Area mismatch,Historical snapshot retained to evaluate area mismatch.
P014,CP-KAK-014,2025,Current multi-source reconciliation snapshot,Kakrola Parcel-14,Shaurya Rao,242.4,ACTIVE,Current evidence set,EPSG:4326,"POLYGON((77.0334731 28.6192845, 77.0336163 28.6192845, 77.0336163 28.6194411, 77.0334731 28.6194411, 77.0334731 28.6192845))",Area mismatch,Historical snapshot retained to evaluate area mismatch.
P015,CP-KAK-015,2012,Legacy record created,Kakrola Parcel-15,Arjun Sharma,247.1,ACTIVE,Paper / legacy,Local cadastral / unknown,"POLYGON((77.0338939 28.6192919, 77.0340551 28.6192919, 77.0340551 28.6194337, 77.0338939 28.6194337, 77.0338939 28.6192919))",Area mismatch,Historical snapshot retained to evaluate area mismatch.
P015,CP-KAK-015,2016,Digitization / mutation update,Kakrola Parcel-15,Arjun Sharma,250.9,ACTIVE,Digitized,EPSG:4326,"POLYGON((77.0338933 28.6192913, 77.0340558 28.6192913, 77.0340558 28.6194342, 77.0338933 28.6194342, 77.0338933 28.6192913))",Area mismatch,Historical snapshot retained to evaluate area mismatch.
P015,CP-KAK-015,2020,GIS harmonization update,Kakrola Parcel-15,Shreya Sharma,253.4,ACTIVE,Digitized + GIS,EPSG:4326,"POLYGON((77.0338928 28.6192910, 77.0340562 28.6192910, 77.0340562 28.6194346, 77.0338928 28.6194346, 77.0338928 28.6192910))",Area mismatch,Historical snapshot retained to evaluate area mismatch.
P015,CP-KAK-015,2025,Current multi-source reconciliation snapshot,Kakrola Parcel-15,Shreya Sharma,254.7,ACTIVE,Current evidence set,EPSG:4326,"POLYGON((77.0338926 28.6192908, 77.0340564 28.6192908, 77.0340564 28.6194348, 77.0338926 28.6194348, 77.0338926 28.6192908))",Area mismatch,Historical snapshot retained to evaluate area mismatch.
P016,CP-KAK-016,2012,Legacy record created,Kakrola Parcel-16,Tanvi Joshi,262.0,ACTIVE,Paper / legacy,Local cadastral / unknown,"POLYGON((77.0343237 28.6192876, 77.0344849 28.6192876, 77.0344849 28.6194380, 77.0343237 28.6194380, 77.0343237 28.6192876))",Area mismatch,Historical snapshot retained to evaluate area mismatch.
P016,CP-KAK-016,2016,Digitization / mutation update,Kakrola Parcel-16,Tanvi Joshi,266.0,ACTIVE,Digitized,EPSG:4326,"POLYGON((77.0343231 28.6192870, 77.0344856 28.6192870, 77.0344856 28.6194385, 77.0343231 28.6194385, 77.0343231 28.6192870))",Area mismatch,Historical snapshot retained to evaluate area mismatch.
P016,CP-KAK-016,2020,GIS harmonization update,Kakrola Parcel-16,Saanvi Sinha,268.7,ACTIVE,Digitized + GIS,EPSG:4326,"POLYGON((77.0343226 28.6192866, 77.0344860 28.6192866, 77.0344860 28.6194389, 77.0343226 28.6194389, 77.0343226 28.6192866))",Area mismatch,Historical snapshot retained to evaluate area mismatch.
P016,CP-KAK-016,2025,Current multi-source reconciliation snapshot,Kakrola Parcel-16,Saanvi Sinha,270.1,ACTIVE,Current evidence set,EPSG:4326,"POLYGON((77.0343224 28.6192865, 77.0344862 28.6192865, 77.0344862 28.6194391, 77.0343224 28.6194391, 77.0343224 28.6192865))",Area mismatch,Historical snapshot retained to evaluate area mismatch.
P017,CP-KAK-017,2012,Legacy record created,Kakrola Parcel-17,Raghav Sinha,261.3,ACTIVE,Paper / legacy,Local cadastral / unknown,"POLYGON((77.0313050 28.6189706, 77.0314864 28.6189706, 77.0314864 28.6191039, 77.0313050 28.6191039, 77.0313050 28.6189706))",Parcel merging,Historical snapshot retained to evaluate parcel merging.
P017,CP-KAK-017,2016,Digitization / mutation update,Kakrola Parcel-17,Raghav Sinha,265.4,ACTIVE,Digitized,EPSG:4326,"POLYGON((77.0313043 28.6189700, 77.0314871 28.6189700, 77.0314871 28.6191044, 77.0313043 28.6191044, 77.0313043 28.6189700))",Parcel merging,Historical snapshot retained to evaluate parcel merging.
P017,CP-KAK-017,2020,GIS harmonization update,Kakrola Parcel-17,Rhea Malhotra,268.1,ACTIVE,Digitized + GIS,EPSG:4326,"POLYGON((77.0313038 28.6189697, 77.0314876 28.6189697, 77.0314876 28.6191047, 77.0313038 28.6191047, 77.0313038 28.6189697))",Parcel merging,Historical snapshot retained to evaluate parcel merging.
P017,CP-KAK-017,2025,Amalgamation evidence recorded,Kakrola Parcel-17,Rhea Malhotra,269.4,ACTIVE,Cross-source conflict,EPSG:4326,"POLYGON((77.0313036 28.6189695, 77.0314878 28.6189695, 77.0314878 28.6191049, 77.0313036 28.6191049, 77.0313036 28.6189695))",Parcel merging,Historical snapshot retained to evaluate parcel merging.
P018,CP-KAK-018,2012,Legacy record created,Kakrola Parcel-18,Sara Bansal,365.9,ACTIVE,Paper / legacy,Local cadastral / unknown,"POLYGON((77.0317449 28.6189322, 77.0319061 28.6189322, 77.0319061 28.6191422, 77.0317449 28.6191422, 77.0317449 28.6189322))",Parcel merging,Historical snapshot retained to evaluate parcel merging.
P018,CP-KAK-018,2016,Digitization / mutation update,Kakrola Parcel-18,Sara Bansal,371.5,ACTIVE,Digitized,EPSG:4326,"POLYGON((77.0317442 28.6189314, 77.0319067 28.6189314, 77.0319067 28.6191430, 77.0317442 28.6191430, 77.0317442 28.6189314))",Parcel merging,Historical snapshot retained to evaluate parcel merging.
P018,CP-KAK-018,2020,GIS harmonization update,Kakrola Parcel-18,Ishaan Arora,375.3,ACTIVE,Digitized + GIS,EPSG:4326,"POLYGON((77.0317438 28.6189309, 77.0319072 28.6189309, 77.0319072 28.6191435, 77.0317438 28.6191435, 77.0317438 28.6189309))",Parcel merging,Historical snapshot retained to evaluate parcel merging.
P018,CP-KAK-018,2025,Amalgamation evidence recorded,Kakrola Parcel-18,Ishaan Arora,377.2,ACTIVE,Cross-source conflict,EPSG:4326,"POLYGON((77.0317436 28.6189306, 77.0319074 28.6189306, 77.0319074 28.6191438, 77.0317436 28.6191438, 77.0317436 28.6189306))",Parcel merging,Historical snapshot retained to evaluate parcel merging.
P019,CP-KAK-019,2012,Legacy record created,Kakrola Parcel-19,Aditi Nair,346.1,ACTIVE,Paper / legacy,Local cadastral / unknown,"POLYGON((77.0321797 28.6189313, 77.0323309 28.6189313, 77.0323309 28.6191431, 77.0321797 28.6191431, 77.0321797 28.6189313))",Parcel merging,Historical snapshot retained to evaluate parcel merging.
P019,CP-KAK-019,2016,Digitization / mutation update,Kakrola Parcel-19,Aditi Nair,351.4,ACTIVE,Digitized,EPSG:4326,"POLYGON((77.0321791 28.6189305, 77.0323315 28.6189305, 77.0323315 28.6191440, 77.0321791 28.6191440, 77.0321791 28.6189305))",Parcel merging,Historical snapshot retained to evaluate parcel merging.
P019,CP-KAK-019,2020,GIS harmonization update,Kakrola Parcel-19,Aniket Malhotra,355.0,ACTIVE,Digitized + GIS,EPSG:4326,"POLYGON((77.0321787 28.6189299, 77.0323319 28.6189299, 77.0323319 28.6191445, 77.0321787 28.6191445, 77.0321787 28.6189299))",Parcel merging,Historical snapshot retained to evaluate parcel merging.
P019,CP-KAK-019,2025,Amalgamation evidence recorded,Kakrola Parcel-19,Aniket Malhotra,356.8,ACTIVE,Cross-source conflict,EPSG:4326,"POLYGON((77.0321785 28.6189297, 77.0323320 28.6189297, 77.0323320 28.6191448, 77.0321785 28.6191448, 77.0321785 28.6189297))",Parcel merging,Historical snapshot retained to evaluate parcel merging.
P020,CP-KAK-020,2012,Legacy record created,Kakrola Parcel-20,Aarav Verma,294.4,ACTIVE,Paper / legacy,Local cadastral / unknown,"POLYGON((77.0326045 28.6189527, 77.0327657 28.6189527, 77.0327657 28.6191217, 77.0326045 28.6191217, 77.0326045 28.6189527))",Parcel merging,Historical snapshot retained to evaluate parcel merging.
P020,CP-KAK-020,2016,Digitization / mutation update,Kakrola Parcel-20,Aarav Verma,298.9,ACTIVE,Digitized,EPSG:4326,"POLYGON((77.0326038 28.6189521, 77.0327663 28.6189521, 77.0327663 28.6191223, 77.0326038 28.6191223, 77.0326038 28.6189521))",Parcel merging,Historical snapshot retained to evaluate parcel merging.
P020,CP-KAK-020,2020,GIS harmonization update,Kakrola Parcel-20,Nisha Batra,302.0,ACTIVE,Digitized + GIS,EPSG:4326,"POLYGON((77.0326034 28.6189517, 77.0327668 28.6189517, 77.0327668 28.6191228, 77.0326034 28.6191228, 77.0326034 28.6189517))",Parcel merging,Historical snapshot retained to evaluate parcel merging.
P020,CP-KAK-020,2025,Amalgamation evidence recorded,Kakrola Parcel-20,Nisha Batra,303.5,ACTIVE,Cross-source conflict,EPSG:4326,"POLYGON((77.0326032 28.6189514, 77.0327670 28.6189514, 77.0327670 28.6191230, 77.0326032 28.6191230, 77.0326032 28.6189514))",Parcel merging,Historical snapshot retained to evaluate parcel merging.
P021,CP-KAK-021,2012,Legacy record created,Kakrola Parcel-21,Shreya Kapoor,213.1,ACTIVE,Paper / legacy,Local cadastral / unknown,"POLYGON((77.0330444 28.6189673, 77.0331855 28.6189673, 77.0331855 28.6191071, 77.0330444 28.6191071, 77.0330444 28.6189673))",,Cross-source values remain within harmonization tolerances.
P021,CP-KAK-021,2016,Digitization / mutation update,Kakrola Parcel-21,Shreya Kapoor,216.4,ACTIVE,Digitized,EPSG:4326,"POLYGON((77.0330438 28.6189668, 77.0331860 28.6189668, 77.0331860 28.6191076, 77.0330438 28.6191076, 77.0330438 28.6189668))",,Cross-source values remain within harmonization tolerances.
P021,CP-KAK-021,2020,GIS harmonization update,Kakrola Parcel-21,Neel Jain,218.6,ACTIVE,Digitized + GIS,EPSG:4326,"POLYGON((77.0330434 28.6189664, 77.0331864 28.6189664, 77.0331864 28.6191080, 77.0330434 28.6191080, 77.0330434 28.6189664))",,Cross-source values remain within harmonization tolerances.
P021,CP-KAK-021,2025,Current harmonized parcel snapshot,Kakrola Parcel-21,Neel Jain,219.7,ACTIVE,Verified / harmonized,EPSG:4326,"POLYGON((77.0330433 28.6189663, 77.0331865 28.6189663, 77.0331865 28.6191082, 77.0330433 28.6191082, 77.0330433 28.6189663))",,Cross-source values remain within harmonization tolerances.
P022,CP-KAK-022,2012,Legacy record created,Kakrola Parcel-22,Anika Batra,235.6,ACTIVE,Paper / legacy,Local cadastral / unknown,"POLYGON((77.0334540 28.6189771, 77.0336354 28.6189771, 77.0336354 28.6190973, 77.0334540 28.6190973, 77.0334540 28.6189771))",,Cross-source values remain within harmonization tolerances.
P022,CP-KAK-022,2016,Digitization / mutation update,Kakrola Parcel-22,Anika Batra,239.3,ACTIVE,Digitized,EPSG:4326,"POLYGON((77.0334533 28.6189767, 77.0336361 28.6189767, 77.0336361 28.6190978, 77.0334533 28.6190978, 77.0334533 28.6189767))",,Cross-source values remain within harmonization tolerances.
P022,CP-KAK-022,2020,GIS harmonization update,Kakrola Parcel-22,Kunal Nair,241.7,ACTIVE,Digitized + GIS,EPSG:4326,"POLYGON((77.0334528 28.6189763, 77.0336366 28.6189763, 77.0336366 28.6190981, 77.0334528 28.6190981, 77.0334528 28.6189763))",,Cross-source values remain within harmonization tolerances.
P022,CP-KAK-022,2025,Current harmonized parcel snapshot,Kakrola Parcel-22,Kunal Nair,242.9,ACTIVE,Verified / harmonized,EPSG:4326,"POLYGON((77.0334526 28.6189762, 77.0336368 28.6189762, 77.0336368 28.6190982, 77.0334526 28.6190982, 77.0334526 28.6189762))",,Cross-source values remain within harmonization tolerances.
P023,CP-KAK-023,2012,Legacy record created,Kakrola Parcel-23,Ananya Kapoor,198.4,ACTIVE,Paper / legacy,Local cadastral / unknown,"POLYGON((77.0338989 28.6189765, 77.0340501 28.6189765, 77.0340501 28.6190979, 77.0338989 28.6190979, 77.0338989 28.6189765))",,Cross-source values remain within harmonization tolerances.
P023,CP-KAK-023,2016,Digitization / mutation update,Kakrola Parcel-23,Ananya Kapoor,201.4,ACTIVE,Digitized,EPSG:4326,"POLYGON((77.0338983 28.6189760, 77.0340507 28.6189760, 77.0340507 28.6190984, 77.0338983 28.6190984, 77.0338983 28.6189760))",,Cross-source values remain within harmonization tolerances.
P023,CP-KAK-023,2020,GIS harmonization update,Kakrola Parcel-23,Dev Jain,203.5,ACTIVE,Digitized + GIS,EPSG:4326,"POLYGON((77.0338979 28.6189757, 77.0340511 28.6189757, 77.0340511 28.6190987, 77.0338979 28.6190987, 77.0338979 28.6189757))",,Cross-source values remain within harmonization tolerances.
P023,CP-KAK-023,2025,Current harmonized parcel snapshot,Kakrola Parcel-23,Dev Jain,204.5,ACTIVE,Verified / harmonized,EPSG:4326,"POLYGON((77.0338978 28.6189756, 77.0340513 28.6189756, 77.0340513 28.6190989, 77.0338978 28.6190989, 77.0338978 28.6189756))",,Cross-source values remain within harmonization tolerances.
P024,CP-KAK-024,2012,Legacy record created,Kakrola Parcel-24,Dev Arora,290.6,ACTIVE,Paper / legacy,Local cadastral / unknown,"POLYGON((77.0343237 28.6189538, 77.0344849 28.6189538, 77.0344849 28.6191206, 77.0343237 28.6191206, 77.0343237 28.6189538))",,Cross-source values remain within harmonization tolerances.
P024,CP-KAK-024,2016,Digitization / mutation update,Kakrola Parcel-24,Dev Arora,295.1,ACTIVE,Digitized,EPSG:4326,"POLYGON((77.0343231 28.6189532, 77.0344856 28.6189532, 77.0344856 28.6191212, 77.0343231 28.6191212, 77.0343231 28.6189532))",,Cross-source values remain within harmonization tolerances.
P024,CP-KAK-024,2020,GIS harmonization update,Kakrola Parcel-24,Pranav Khanna,298.1,ACTIVE,Digitized + GIS,EPSG:4326,"POLYGON((77.0343226 28.6189528, 77.0344860 28.6189528, 77.0344860 28.6191217, 77.0343226 28.6191217, 77.0343226 28.6189528))",,Cross-source values remain within harmonization tolerances.
P024,CP-KAK-024,2025,Current harmonized parcel snapshot,Kakrola Parcel-24,Pranav Khanna,299.6,ACTIVE,Verified / harmonized,EPSG:4326,"POLYGON((77.0343224 28.6189525, 77.0344862 28.6189525, 77.0344862 28.6191219, 77.0343224 28.6191219, 77.0343224 28.6189525))",,Cross-source values remain within harmonization tolerances.
P025,CP-KAK-025,2012,Legacy record created,Kakrola Parcel-25,Siddharth Joshi,343.2,ACTIVE,Paper / legacy,Local cadastral / unknown,"POLYGON((77.0313151 28.6186132, 77.0314763 28.6186132, 77.0314763 28.6188101, 77.0313151 28.6188101, 77.0313151 28.6186132))",,Cross-source values remain within harmonization tolerances.
P025,CP-KAK-025,2016,Digitization / mutation update,Kakrola Parcel-25,Siddharth Joshi,348.5,ACTIVE,Digitized,EPSG:4326,"POLYGON((77.0313144 28.6186124, 77.0314769 28.6186124, 77.0314769 28.6188109, 77.0313144 28.6188109, 77.0313144 28.6186124))",,Cross-source values remain within harmonization tolerances.
P025,CP-KAK-025,2020,GIS harmonization update,Kakrola Parcel-25,Ananya Arora,352.0,ACTIVE,Digitized + GIS,EPSG:4326,"POLYGON((77.0313140 28.6186119, 77.0314774 28.6186119, 77.0314774 28.6188114, 77.0313140 28.6188114, 77.0313140 28.6186119))",,Cross-source values remain within harmonization tolerances.
P025,CP-KAK-025,2025,Current harmonized parcel snapshot,Kakrola Parcel-25,Ananya Arora,353.8,ACTIVE,Verified / harmonized,EPSG:4326,"POLYGON((77.0313138 28.6186116, 77.0314776 28.6186116, 77.0314776 28.6188116, 77.0313138 28.6188116, 77.0313138 28.6186116))",,Cross-source values remain within harmonization tolerances.
P026,CP-KAK-026,2012,Legacy record created,Kakrola Parcel-26,Neel Batra,238.2,ACTIVE,Paper / legacy,Local cadastral / unknown,"POLYGON((77.0317449 28.6186433, 77.0319061 28.6186433, 77.0319061 28.6187800, 77.0317449 28.6187800, 77.0317449 28.6186433))",,Cross-source values remain within harmonization tolerances.
P026,CP-KAK-026,2016,Digitization / mutation update,Kakrola Parcel-26,Neel Batra,241.9,ACTIVE,Digitized,EPSG:4326,"POLYGON((77.0317442 28.6186428, 77.0319067 28.6186428, 77.0319067 28.6187805, 77.0317442 28.6187805, 77.0317442 28.6186428))",,Cross-source values remain within harmonization tolerances.
P026,CP-KAK-026,2020,GIS harmonization update,Kakrola Parcel-26,Kavya Malhotra,244.4,ACTIVE,Digitized + GIS,EPSG:4326,"POLYGON((77.0317438 28.6186424, 77.0319072 28.6186424, 77.0319072 28.6187809, 77.0317438 28.6187809, 77.0317438 28.6186424))",,Cross-source values remain within harmonization tolerances.
P026,CP-KAK-026,2025,Current harmonized parcel snapshot,Kakrola Parcel-26,Kavya Malhotra,245.6,ACTIVE,Verified / harmonized,EPSG:4326,"POLYGON((77.0317436 28.6186422, 77.0319074 28.6186422, 77.0319074 28.6187810, 77.0317436 28.6187810, 77.0317436 28.6186422))",,Cross-source values remain within harmonization tolerances.
P027,CP-KAK-027,2012,Legacy record created,Kakrola Parcel-27,Isha Verma,201.0,ACTIVE,Paper / legacy,Local cadastral / unknown,"POLYGON((77.0321747 28.6186540, 77.0323359 28.6186540, 77.0323359 28.6187693, 77.0321747 28.6187693, 77.0321747 28.6186540))",,Cross-source values remain within harmonization tolerances.
P027,CP-KAK-027,2016,Digitization / mutation update,Kakrola Parcel-27,Isha Verma,204.1,ACTIVE,Digitized,EPSG:4326,"POLYGON((77.0321740 28.6186535, 77.0323365 28.6186535, 77.0323365 28.6187698, 77.0321740 28.6187698, 77.0321740 28.6186535))",,Cross-source values remain within harmonization tolerances.
P027,CP-KAK-027,2020,GIS harmonization update,Kakrola Parcel-27,Aisha Rao,206.2,ACTIVE,Digitized + GIS,EPSG:4326,"POLYGON((77.0321736 28.6186532, 77.0323370 28.6186532, 77.0323370 28.6187701, 77.0321736 28.6187701, 77.0321736 28.6186532))",,Cross-source values remain within harmonization tolerances.
P027,CP-KAK-027,2025,Current harmonized parcel snapshot,Kakrola Parcel-27,Aisha Rao,207.2,ACTIVE,Verified / harmonized,EPSG:4326,"POLYGON((77.0321734 28.6186531, 77.0323372 28.6186531, 77.0323372 28.6187702, 77.0321734 28.6187702, 77.0321734 28.6186531))",,Cross-source values remain within harmonization tolerances.
P028,CP-KAK-028,2012,Legacy record created,Kakrola Parcel-28,Ishaan Joshi,325.6,ACTIVE,Paper / legacy,Local cadastral / unknown,"POLYGON((77.0326095 28.6186120, 77.0327607 28.6186120, 77.0327607 28.6188113, 77.0326095 28.6188113, 77.0326095 28.6186120))",,Cross-source values remain within harmonization tolerances.
P028,CP-KAK-028,2016,Digitization / mutation update,Kakrola Parcel-28,Ishaan Joshi,330.7,ACTIVE,Digitized,EPSG:4326,"POLYGON((77.0326089 28.6186112, 77.0327613 28.6186112, 77.0327613 28.6188121, 77.0326089 28.6188121, 77.0326089 28.6186112))",,Cross-source values remain within harmonization tolerances.
P028,CP-KAK-028,2020,GIS harmonization update,Kakrola Parcel-28,Avni Verma,334.0,ACTIVE,Digitized + GIS,EPSG:4326,"POLYGON((77.0326085 28.6186107, 77.0327617 28.6186107, 77.0327617 28.6188126, 77.0326085 28.6188126, 77.0326085 28.6186107))",,Cross-source values remain within harmonization tolerances.
P028,CP-KAK-028,2025,Current harmonized parcel snapshot,Kakrola Parcel-28,Avni Verma,335.7,ACTIVE,Verified / harmonized,EPSG:4326,"POLYGON((77.0326083 28.6186104, 77.0327618 28.6186104, 77.0327618 28.6188128, 77.0326083 28.6188128, 77.0326083 28.6186104))",,Cross-source values remain within harmonization tolerances.
P029,CP-KAK-029,2012,Legacy record created,Kakrola Parcel-29,Avni Bansal,281.5,ACTIVE,Paper / legacy,Local cadastral / unknown,"POLYGON((77.0330242 28.6186398, 77.0332056 28.6186398, 77.0332056 28.6187834, 77.0330242 28.6187834, 77.0330242 28.6186398))",,Cross-source values remain within harmonization tolerances.
P029,CP-KAK-029,2016,Digitization / mutation update,Kakrola Parcel-29,Avni Bansal,285.8,ACTIVE,Digitized,EPSG:4326,"POLYGON((77.0330235 28.6186393, 77.0332063 28.6186393, 77.0332063 28.6187840, 77.0330235 28.6187840, 77.0330235 28.6186393))",,Cross-source values remain within harmonization tolerances.
P029,CP-KAK-029,2020,GIS harmonization update,Kakrola Parcel-29,Aarav Arora,288.7,ACTIVE,Digitized + GIS,EPSG:4326,"POLYGON((77.0330230 28.6186389, 77.0332068 28.6186389, 77.0332068 28.6187844, 77.0330230 28.6187844, 77.0330230 28.6186389))",,Cross-source values remain within harmonization tolerances.
P029,CP-KAK-029,2025,Current harmonized parcel snapshot,Kakrola Parcel-29,Aarav Arora,290.2,ACTIVE,Verified / harmonized,EPSG:4326,"POLYGON((77.0330228 28.6186387, 77.0332070 28.6186387, 77.0332070 28.6187845, 77.0330228 28.6187845, 77.0330228 28.6186387))",,Cross-source values remain within harmonization tolerances.
P030,CP-KAK-030,2012,Legacy record created,Kakrola Parcel-30,Kunal Gupta,222.4,ACTIVE,Paper / legacy,Local cadastral / unknown,"POLYGON((77.0334691 28.6186436, 77.0336203 28.6186436, 77.0336203 28.6187797, 77.0334691 28.6187797, 77.0334691 28.6186436))",,Cross-source values remain within harmonization tolerances.
P030,CP-KAK-030,2016,Digitization / mutation update,Kakrola Parcel-30,Kunal Gupta,225.9,ACTIVE,Digitized,EPSG:4326,"POLYGON((77.0334685 28.6186430, 77.0336209 28.6186430, 77.0336209 28.6187802, 77.0334685 28.6187802, 77.0334685 28.6186430))",,Cross-source values remain within harmonization tolerances.
P030,CP-KAK-030,2020,GIS harmonization update,Kakrola Parcel-30,Myra Wadhwa,228.2,ACTIVE,Digitized + GIS,EPSG:4326,"POLYGON((77.0334681 28.6186427, 77.0336213 28.6186427, 77.0336213 28.6187806, 77.0334681 28.6187806, 77.0334681 28.6186427))",,Cross-source values remain within harmonization tolerances.
P030,CP-KAK-030,2025,Current harmonized parcel snapshot,Kakrola Parcel-30,Myra Wadhwa,229.3,ACTIVE,Verified / harmonized,EPSG:4326,"POLYGON((77.0334680 28.6186425, 77.0336215 28.6186425, 77.0336215 28.6187808, 77.0334680 28.6187808, 77.0334680 28.6186425))",,Cross-source values remain within harmonization tolerances.
P031,CP-KAK-031,2012,Legacy record created,Kakrola Parcel-31,Pranav Malhotra,317.8,ACTIVE,Paper / legacy,Local cadastral / unknown,"POLYGON((77.0339040 28.6186074, 77.0340451 28.6186074, 77.0340451 28.6188159, 77.0339040 28.6188159, 77.0339040 28.6186074))",,Cross-source values remain within harmonization tolerances.
P031,CP-KAK-031,2016,Digitization / mutation update,Kakrola Parcel-31,Pranav Malhotra,322.7,ACTIVE,Digitized,EPSG:4326,"POLYGON((77.0339034 28.6186066, 77.0340456 28.6186066, 77.0340456 28.6188167, 77.0339034 28.6188167, 77.0339034 28.6186066))",,Cross-source values remain within harmonization tolerances.
P031,CP-KAK-031,2020,GIS harmonization update,Kakrola Parcel-31,Avni Mehta,326.0,ACTIVE,Digitized + GIS,EPSG:4326,"POLYGON((77.0339031 28.6186061, 77.0340460 28.6186061, 77.0340460 28.6188172, 77.0339031 28.6188172, 77.0339031 28.6186061))",,Cross-source values remain within harmonization tolerances.
P031,CP-KAK-031,2025,Current harmonized parcel snapshot,Kakrola Parcel-31,Avni Mehta,327.6,ACTIVE,Verified / harmonized,EPSG:4326,"POLYGON((77.0339029 28.6186058, 77.0340461 28.6186058, 77.0340461 28.6188175, 77.0339029 28.6188175, 77.0339029 28.6186058))",,Cross-source values remain within harmonization tolerances.
P032,CP-KAK-032,2012,Legacy record created,Kakrola Parcel-32,Mihir Mehta,231.3,ACTIVE,Paper / legacy,Local cadastral / unknown,"POLYGON((77.0343136 28.6186526, 77.0344950 28.6186526, 77.0344950 28.6187706, 77.0343136 28.6187706, 77.0343136 28.6186526))",,Cross-source values remain within harmonization tolerances.
P032,CP-KAK-032,2016,Digitization / mutation update,Kakrola Parcel-32,Mihir Mehta,234.9,ACTIVE,Digitized,EPSG:4326,"POLYGON((77.0343129 28.6186522, 77.0344957 28.6186522, 77.0344957 28.6187711, 77.0343129 28.6187711, 77.0343129 28.6186522))",,Cross-source values remain within harmonization tolerances.
P032,CP-KAK-032,2020,GIS harmonization update,Kakrola Parcel-32,Aniket Wadhwa,237.3,ACTIVE,Digitized + GIS,EPSG:4326,"POLYGON((77.0343124 28.6186519, 77.0344962 28.6186519, 77.0344962 28.6187714, 77.0343124 28.6187714, 77.0343124 28.6186519))",,Cross-source values remain within harmonization tolerances.
P032,CP-KAK-032,2025,Current harmonized parcel snapshot,Kakrola Parcel-32,Aniket Wadhwa,238.5,ACTIVE,Verified / harmonized,EPSG:4326,"POLYGON((77.0343122 28.6186517, 77.0344964 28.6186517, 77.0344964 28.6187716, 77.0343122 28.6187716, 77.0343122 28.6186517))",,Cross-source values remain within harmonization tolerances.
P033,CP-MAT-001,2012,Legacy record created,Matiala Parcel-01,Naina Rao,342.4,ACTIVE,Paper / legacy,Local cadastral / unknown,"POLYGON((77.0462203 28.6041836, 77.0463715 28.6041836, 77.0463715 28.6043932, 77.0462203 28.6043932, 77.0462203 28.6041836))",Parcel splitting,Historical snapshot retained to evaluate parcel splitting.
P033,CP-MAT-001,2016,Digitization / mutation update,Matiala Parcel-01,Naina Rao,347.7,ACTIVE,Digitized,EPSG:4326,"POLYGON((77.0462197 28.6041827, 77.0463721 28.6041827, 77.0463721 28.6043940, 77.0462197 28.6043940, 77.0462197 28.6041827))",Parcel splitting,Historical snapshot retained to evaluate parcel splitting.
P033,CP-MAT-001,2020,GIS harmonization update,Matiala Parcel-01,Aditya Chawla,351.2,ACTIVE,Digitized + GIS,EPSG:4326,"POLYGON((77.0462194 28.6041822, 77.0463725 28.6041822, 77.0463725 28.6043945, 77.0462194 28.6043945, 77.0462194 28.6041822))",Parcel splitting,Historical snapshot retained to evaluate parcel splitting.
P033,CP-MAT-001,2025,Subdivision evidence recorded,Matiala Parcel-01,Aditya Chawla,353.0,ACTIVE,Cross-source conflict,EPSG:4326,"POLYGON((77.0462192 28.6041819, 77.0463726 28.6041819, 77.0463726 28.6043948, 77.0462192 28.6043948, 77.0462192 28.6041819))",Parcel splitting,Historical snapshot retained to evaluate parcel splitting.
P034,CP-MAT-002,2012,Legacy record created,Matiala Parcel-02,Aditya Kapoor,367.7,ACTIVE,Paper / legacy,Local cadastral / unknown,"POLYGON((77.0466501 28.6041758, 77.0468012 28.6041758, 77.0468012 28.6044009, 77.0466501 28.6044009, 77.0466501 28.6041758))",Parcel splitting,Historical snapshot retained to evaluate parcel splitting.
P034,CP-MAT-002,2016,Digitization / mutation update,Matiala Parcel-02,Aditya Kapoor,373.4,ACTIVE,Digitized,EPSG:4326,"POLYGON((77.0466495 28.6041749, 77.0468018 28.6041749, 77.0468018 28.6044018, 77.0466495 28.6044018, 77.0466495 28.6041749))",Parcel splitting,Historical snapshot retained to evaluate parcel splitting.
P034,CP-MAT-002,2020,GIS harmonization update,Matiala Parcel-02,Naina Sharma,377.2,ACTIVE,Digitized + GIS,EPSG:4326,"POLYGON((77.0466491 28.6041744, 77.0468022 28.6041744, 77.0468022 28.6044024, 77.0466491 28.6044024, 77.0466491 28.6041744))",Parcel splitting,Historical snapshot retained to evaluate parcel splitting.
P034,CP-MAT-002,2025,Subdivision evidence recorded,Matiala Parcel-02,Naina Sharma,379.1,ACTIVE,Cross-source conflict,EPSG:4326,"POLYGON((77.0466489 28.6041741, 77.0468024 28.6041741, 77.0468024 28.6044026, 77.0466489 28.6044026, 77.0466489 28.6041741))",Parcel splitting,Historical snapshot retained to evaluate parcel splitting.
P035,CP-MAT-003,2012,Legacy record created,Matiala Parcel-03,Siya Saxena,330.3,ACTIVE,Paper / legacy,Local cadastral / unknown,"POLYGON((77.0470848 28.6041800, 77.0472259 28.6041800, 77.0472259 28.6043967, 77.0470848 28.6043967, 77.0470848 28.6041800))",Parcel splitting,Historical snapshot retained to evaluate parcel splitting.
P035,CP-MAT-003,2016,Digitization / mutation update,Matiala Parcel-03,Siya Saxena,335.4,ACTIVE,Digitized,EPSG:4326,"POLYGON((77.0470843 28.6041792, 77.0472265 28.6041792, 77.0472265 28.6043975, 77.0470843 28.6043975, 77.0470843 28.6041792))",Parcel splitting,Historical snapshot retained to evaluate parcel splitting.
P035,CP-MAT-003,2020,GIS harmonization update,Matiala Parcel-03,Siddharth Batra,338.8,ACTIVE,Digitized + GIS,EPSG:4326,"POLYGON((77.0470839 28.6041787, 77.0472268 28.6041787, 77.0472268 28.6043981, 77.0470839 28.6043981, 77.0470839 28.6041787))",Parcel splitting,Historical snapshot retained to evaluate parcel splitting.
P035,CP-MAT-003,2025,Subdivision evidence recorded,Matiala Parcel-03,Siddharth Batra,340.5,ACTIVE,Cross-source conflict,EPSG:4326,"POLYGON((77.0470838 28.6041784, 77.0472270 28.6041784, 77.0472270 28.6043983, 77.0470838 28.6043983, 77.0470838 28.6041784))",Parcel splitting,Historical snapshot retained to evaluate parcel splitting.
P036,CP-MAT-004,2012,Legacy record created,Matiala Parcel-04,Isha Arora,253.0,ACTIVE,Paper / legacy,Local cadastral / unknown,"POLYGON((77.0474944 28.6042238, 77.0476758 28.6042238, 77.0476758 28.6043529, 77.0474944 28.6043529, 77.0474944 28.6042238))",Parcel splitting,Historical snapshot retained to evaluate parcel splitting.
P036,CP-MAT-004,2016,Digitization / mutation update,Matiala Parcel-04,Isha Arora,256.9,ACTIVE,Digitized,EPSG:4326,"POLYGON((77.0474937 28.6042233, 77.0476765 28.6042233, 77.0476765 28.6043534, 77.0474937 28.6043534, 77.0474937 28.6042233))",Parcel splitting,Historical snapshot retained to evaluate parcel splitting.
P036,CP-MAT-004,2020,GIS harmonization update,Matiala Parcel-04,Ananya Chawla,259.5,ACTIVE,Digitized + GIS,EPSG:4326,"POLYGON((77.0474933 28.6042230, 77.0476770 28.6042230, 77.0476770 28.6043537, 77.0474933 28.6043537, 77.0474933 28.6042230))",Parcel splitting,Historical snapshot retained to evaluate parcel splitting.
P036,CP-MAT-004,2025,Subdivision evidence recorded,Matiala Parcel-04,Ananya Chawla,260.8,ACTIVE,Cross-source conflict,EPSG:4326,"POLYGON((77.0474930 28.6042228, 77.0476772 28.6042228, 77.0476772 28.6043539, 77.0474930 28.6043539, 77.0474930 28.6042228))",Parcel splitting,Historical snapshot retained to evaluate parcel splitting.
P037,CP-MAT-005,2012,Legacy record created,Matiala Parcel-05,Yash Dhingra,257.0,ACTIVE,Paper / legacy,Local cadastral / unknown,"POLYGON((77.0479393 28.6042097, 77.0480904 28.6042097, 77.0480904 28.6043670, 77.0479393 28.6043670, 77.0479393 28.6042097))",Different addressing / field semantics,Historical snapshot retained to evaluate different addressing / field semantics.
P037,CP-MAT-005,2016,Digitization / mutation update,Matiala Parcel-05,Yash Dhingra,260.9,ACTIVE,Digitized,EPSG:4326,"POLYGON((77.0479387 28.6042091, 77.0480910 28.6042091, 77.0480910 28.6043676, 77.0479387 28.6043676, 77.0479387 28.6042091))",Different addressing / field semantics,Historical snapshot retained to evaluate different addressing / field semantics.
P037,CP-MAT-005,2020,GIS harmonization update,Matiala Parcel-05,Aarav Dhingra,263.6,ACTIVE,Digitized + GIS,EPSG:4326,"POLYGON((77.0479383 28.6042087, 77.0480914 28.6042087, 77.0480914 28.6043680, 77.0479383 28.6043680, 77.0479383 28.6042087))",Different addressing / field semantics,Historical snapshot retained to evaluate different addressing / field semantics.
P037,CP-MAT-005,2025,Current multi-source reconciliation snapshot,Matiala Parcel-05,Aarav Dhingra,264.9,ACTIVE,Current evidence set,EPSG:4326,"POLYGON((77.0479381 28.6042085, 77.0480916 28.6042085, 77.0480916 28.6043682, 77.0479381 28.6043682, 77.0479381 28.6042085))",Different addressing / field semantics,Historical snapshot retained to evaluate different addressing / field semantics.
P038,CP-MAT-006,2012,Legacy record created,Matiala Parcel-06,Siya Wadhwa,185.5,ACTIVE,Paper / legacy,Local cadastral / unknown,"POLYGON((77.0483741 28.6042275, 77.0485152 28.6042275, 77.0485152 28.6043492, 77.0483741 28.6043492, 77.0483741 28.6042275))",Different addressing / field semantics,Historical snapshot retained to evaluate different addressing / field semantics.
P038,CP-MAT-006,2016,Digitization / mutation update,Matiala Parcel-06,Siya Wadhwa,188.3,ACTIVE,Digitized,EPSG:4326,"POLYGON((77.0483735 28.6042271, 77.0485157 28.6042271, 77.0485157 28.6043497, 77.0483735 28.6043497, 77.0483735 28.6042271))",Different addressing / field semantics,Historical snapshot retained to evaluate different addressing / field semantics.
P038,CP-MAT-006,2020,GIS harmonization update,Matiala Parcel-06,Akash Batra,190.2,ACTIVE,Digitized + GIS,EPSG:4326,"POLYGON((77.0483732 28.6042268, 77.0485161 28.6042268, 77.0485161 28.6043500, 77.0483732 28.6043500, 77.0483732 28.6042268))",Different addressing / field semantics,Historical snapshot retained to evaluate different addressing / field semantics.
P038,CP-MAT-006,2025,Current multi-source reconciliation snapshot,Matiala Parcel-06,Akash Batra,191.2,ACTIVE,Current evidence set,EPSG:4326,"POLYGON((77.0483730 28.6042266, 77.0485162 28.6042266, 77.0485162 28.6043501, 77.0483730 28.6043501, 77.0483730 28.6042266))",Different addressing / field semantics,Historical snapshot retained to evaluate different addressing / field semantics.
P039,CP-MAT-007,2012,Legacy record created,Matiala Parcel-07,Naina Nair,265.4,ACTIVE,Paper / legacy,Local cadastral / unknown,"POLYGON((77.0487937 28.6042122, 77.0489550 28.6042122, 77.0489550 28.6043645, 77.0487937 28.6043645, 77.0487937 28.6042122))",Different addressing / field semantics,Historical snapshot retained to evaluate different addressing / field semantics.
P039,CP-MAT-007,2016,Digitization / mutation update,Matiala Parcel-07,Naina Nair,269.5,ACTIVE,Digitized,EPSG:4326,"POLYGON((77.0487931 28.6042116, 77.0489556 28.6042116, 77.0489556 28.6043651, 77.0487931 28.6043651, 77.0487931 28.6042116))",Different addressing / field semantics,Historical snapshot retained to evaluate different addressing / field semantics.
P039,CP-MAT-007,2020,GIS harmonization update,Matiala Parcel-07,Rhea Sharma,272.2,ACTIVE,Digitized + GIS,EPSG:4326,"POLYGON((77.0487927 28.6042112, 77.0489560 28.6042112, 77.0489560 28.6043655, 77.0487927 28.6043655, 77.0487927 28.6042112))",Different addressing / field semantics,Historical snapshot retained to evaluate different addressing / field semantics.
P039,CP-MAT-007,2025,Current multi-source reconciliation snapshot,Matiala Parcel-07,Rhea Sharma,273.6,ACTIVE,Current evidence set,EPSG:4326,"POLYGON((77.0487925 28.6042110, 77.0489562 28.6042110, 77.0489562 28.6043657, 77.0487925 28.6043657, 77.0487925 28.6042110))",Different addressing / field semantics,Historical snapshot retained to evaluate different addressing / field semantics.
P040,CP-MAT-008,2012,Legacy record created,Matiala Parcel-08,Diya Verma,318.8,ACTIVE,Paper / legacy,Local cadastral / unknown,"POLYGON((77.0492235 28.6041969, 77.0493847 28.6041969, 77.0493847 28.6043799, 77.0492235 28.6043799, 77.0492235 28.6041969))",Different addressing / field semantics,Historical snapshot retained to evaluate different addressing / field semantics.
P040,CP-MAT-008,2016,Digitization / mutation update,Matiala Parcel-08,Diya Verma,323.8,ACTIVE,Digitized,EPSG:4326,"POLYGON((77.0492229 28.6041962, 77.0493853 28.6041962, 77.0493853 28.6043806, 77.0492229 28.6043806, 77.0492229 28.6041962))",Different addressing / field semantics,Historical snapshot retained to evaluate different addressing / field semantics.
P040,CP-MAT-008,2020,GIS harmonization update,Matiala Parcel-08,Kunal Kohli,327.1,ACTIVE,Digitized + GIS,EPSG:4326,"POLYGON((77.0492224 28.6041957, 77.0493857 28.6041957, 77.0493857 28.6043810, 77.0492224 28.6043810, 77.0492224 28.6041957))",Different addressing / field semantics,Historical snapshot retained to evaluate different addressing / field semantics.
P040,CP-MAT-008,2025,Current multi-source reconciliation snapshot,Matiala Parcel-08,Kunal Kohli,328.7,ACTIVE,Current evidence set,EPSG:4326,"POLYGON((77.0492222 28.6041955, 77.0493859 28.6041955, 77.0493859 28.6043813, 77.0492222 28.6043813, 77.0492222 28.6041955))",Different addressing / field semantics,Historical snapshot retained to evaluate different addressing / field semantics.
P041,CP-MAT-009,2012,Legacy record created,Matiala Parcel-09,Shaurya Dhingra,294.8,ACTIVE,Paper / legacy,Local cadastral / unknown,"POLYGON((77.0462254 28.6038661, 77.0463665 28.6038661, 77.0463665 28.6040595, 77.0462254 28.6040595, 77.0462254 28.6038661))",Different coordinate systems,Historical snapshot retained to evaluate different coordinate systems.
P041,CP-MAT-009,2016,Digitization / mutation update,Matiala Parcel-09,Shaurya Dhingra,299.3,ACTIVE,Digitized,EPSG:4326,"POLYGON((77.0462248 28.6038654, 77.0463670 28.6038654, 77.0463670 28.6040602, 77.0462248 28.6040602, 77.0462248 28.6038654))",Different coordinate systems,Historical snapshot retained to evaluate different coordinate systems.
P041,CP-MAT-009,2020,GIS harmonization update,Matiala Parcel-09,Kabir Dhingra,302.4,ACTIVE,Digitized + GIS,EPSG:4326,"POLYGON((77.0462245 28.6038649, 77.0463674 28.6038649, 77.0463674 28.6040607, 77.0462245 28.6040607, 77.0462245 28.6038649))",Different coordinate systems,Historical snapshot retained to evaluate different coordinate systems.
P041,CP-MAT-009,2025,Current multi-source reconciliation snapshot,Matiala Parcel-09,Kabir Dhingra,303.9,ACTIVE,Current evidence set,EPSG:32643,"POLYGON((77.0462243 28.6038646, 77.0463675 28.6038646, 77.0463675 28.6040609, 77.0462243 28.6040609, 77.0462243 28.6038646))",Different coordinate systems,Historical snapshot retained to evaluate different coordinate systems.
P042,CP-MAT-010,2012,Legacy record created,Matiala Parcel-10,Yash Nair,355.1,ACTIVE,Paper / legacy,Local cadastral / unknown,"POLYGON((77.0466551 28.6038463, 77.0467962 28.6038463, 77.0467962 28.6040792, 77.0466551 28.6040792, 77.0466551 28.6038463))",Different coordinate systems,Historical snapshot retained to evaluate different coordinate systems.
P042,CP-MAT-010,2016,Digitization / mutation update,Matiala Parcel-10,Yash Nair,360.6,ACTIVE,Digitized,EPSG:4326,"POLYGON((77.0466546 28.6038454, 77.0467967 28.6038454, 77.0467967 28.6040801, 77.0466546 28.6040801, 77.0466546 28.6038454))",Different coordinate systems,Historical snapshot retained to evaluate different coordinate systems.
P042,CP-MAT-010,2020,GIS harmonization update,Matiala Parcel-10,Avni Gupta,364.3,ACTIVE,Digitized + GIS,EPSG:4326,"POLYGON((77.0466542 28.6038448, 77.0467971 28.6038448, 77.0467971 28.6040807, 77.0466542 28.6040807, 77.0466542 28.6038448))",Different coordinate systems,Historical snapshot retained to evaluate different coordinate systems.
P042,CP-MAT-010,2025,Current multi-source reconciliation snapshot,Matiala Parcel-10,Avni Gupta,366.1,ACTIVE,Current evidence set,EPSG:32643,"POLYGON((77.0466540 28.6038445, 77.0467973 28.6038445, 77.0467973 28.6040810, 77.0466540 28.6040810, 77.0466540 28.6038445))",Different coordinate systems,Historical snapshot retained to evaluate different coordinate systems.
P043,CP-MAT-011,2012,Legacy record created,Matiala Parcel-11,Siya Jain,299.7,ACTIVE,Paper / legacy,Local cadastral / unknown,"POLYGON((77.0470848 28.6038645, 77.0472259 28.6038645, 77.0472259 28.6040611, 77.0470848 28.6040611, 77.0470848 28.6038645))",Different coordinate systems,Historical snapshot retained to evaluate different coordinate systems.
P043,CP-MAT-011,2016,Digitization / mutation update,Matiala Parcel-11,Siya Jain,304.4,ACTIVE,Digitized,EPSG:4326,"POLYGON((77.0470843 28.6038637, 77.0472265 28.6038637, 77.0472265 28.6040618, 77.0470843 28.6040618, 77.0470843 28.6038637))",Different coordinate systems,Historical snapshot retained to evaluate different coordinate systems.
P043,CP-MAT-011,2020,GIS harmonization update,Matiala Parcel-11,Ananya Khanna,307.5,ACTIVE,Digitized + GIS,EPSG:4326,"POLYGON((77.0470839 28.6038632, 77.0472268 28.6038632, 77.0472268 28.6040623, 77.0470839 28.6040623, 77.0470839 28.6038632))",Different coordinate systems,Historical snapshot retained to evaluate different coordinate systems.
P043,CP-MAT-011,2025,Current multi-source reconciliation snapshot,Matiala Parcel-11,Ananya Khanna,309.0,ACTIVE,Current evidence set,EPSG:32643,"POLYGON((77.0470838 28.6038630, 77.0472270 28.6038630, 77.0472270 28.6040626, 77.0470838 28.6040626, 77.0470838 28.6038630))",Different coordinate systems,Historical snapshot retained to evaluate different coordinate systems.
P044,CP-MAT-012,2012,Legacy record created,Matiala Parcel-12,Avni Batra,204.8,ACTIVE,Paper / legacy,Local cadastral / unknown,"POLYGON((77.0475146 28.6038956, 77.0476557 28.6038956, 77.0476557 28.6040299, 77.0475146 28.6040299, 77.0475146 28.6038956))",Different coordinate systems,Historical snapshot retained to evaluate different coordinate systems.
P044,CP-MAT-012,2016,Digitization / mutation update,Matiala Parcel-12,Avni Batra,207.9,ACTIVE,Digitized,EPSG:4326,"POLYGON((77.0475140 28.6038951, 77.0476562 28.6038951, 77.0476562 28.6040305, 77.0475140 28.6040305, 77.0475140 28.6038951))",Different coordinate systems,Historical snapshot retained to evaluate different coordinate systems.
P044,CP-MAT-012,2020,GIS harmonization update,Matiala Parcel-12,Isha Bansal,210.0,ACTIVE,Digitized + GIS,EPSG:4326,"POLYGON((77.0475137 28.6038948, 77.0476566 28.6038948, 77.0476566 28.6040308, 77.0475137 28.6040308, 77.0475137 28.6038948))",Different coordinate systems,Historical snapshot retained to evaluate different coordinate systems.
P044,CP-MAT-012,2025,Current multi-source reconciliation snapshot,Matiala Parcel-12,Isha Bansal,211.1,ACTIVE,Current evidence set,EPSG:32643,"POLYGON((77.0475135 28.6038946, 77.0476568 28.6038946, 77.0476568 28.6040310, 77.0475135 28.6040310, 77.0475135 28.6038946))",Different coordinate systems,Historical snapshot retained to evaluate different coordinate systems.
P045,CP-MAT-013,2012,Legacy record created,Matiala Parcel-13,Dev Khanna,269.0,ACTIVE,Paper / legacy,Local cadastral / unknown,"POLYGON((77.0479242 28.6038942, 77.0481056 28.6038942, 77.0481056 28.6040314, 77.0479242 28.6040314, 77.0479242 28.6038942))",Bad data - needs re-evaluation,Historical snapshot retained to evaluate bad data - needs re-evaluation.
P045,CP-MAT-013,2016,Digitization / mutation update,Matiala Parcel-13,Dev Khanna,273.1,ACTIVE,Digitized,EPSG:4326,"POLYGON((77.0479235 28.6038936, 77.0481063 28.6038936, 77.0481063 28.6040319, 77.0479235 28.6040319, 77.0479235 28.6038936))",Bad data - needs re-evaluation,Historical snapshot retained to evaluate bad data - needs re-evaluation.
P045,CP-MAT-013,2020,GIS harmonization update,Matiala Parcel-13,Ananya Malhotra,275.9,ACTIVE,Digitized + GIS,EPSG:4326,"POLYGON((77.0479230 28.6038933, 77.0481067 28.6038933, 77.0481067 28.6040323, 77.0479230 28.6040323, 77.0479230 28.6038933))",Bad data - needs re-evaluation,Historical snapshot retained to evaluate bad data - needs re-evaluation.
P045,CP-MAT-013,2025,Current multi-source reconciliation snapshot,Matiala Parcel-13,Ananya Malhotra,277.3,ACTIVE,Current evidence set,EPSG:4326,"POLYGON((77.0479228 28.6038931, 77.0481070 28.6038931, 77.0481070 28.6040324, 77.0479228 28.6040324, 77.0479228 28.6038931))",Bad data - needs re-evaluation,Historical snapshot retained to evaluate bad data - needs re-evaluation.
P046,CP-MAT-014,2012,Legacy record created,Matiala Parcel-14,Dev Mehta,279.1,ACTIVE,Paper / legacy,Local cadastral / unknown,"POLYGON((77.0483741 28.6038713, 77.0485152 28.6038713, 77.0485152 28.6040543, 77.0483741 28.6040543, 77.0483741 28.6038713))",Bad data - needs re-evaluation,Historical snapshot retained to evaluate bad data - needs re-evaluation.
P046,CP-MAT-014,2016,Digitization / mutation update,Matiala Parcel-14,Dev Mehta,283.4,ACTIVE,Digitized,EPSG:4326,"POLYGON((77.0483735 28.6038706, 77.0485157 28.6038706, 77.0485157 28.6040550, 77.0483735 28.6040550, 77.0483735 28.6038706))",Bad data - needs re-evaluation,Historical snapshot retained to evaluate bad data - needs re-evaluation.
P046,CP-MAT-014,2020,GIS harmonization update,Matiala Parcel-14,Saanvi Bansal,286.3,ACTIVE,Digitized + GIS,EPSG:4326,"POLYGON((77.0483732 28.6038701, 77.0485161 28.6038701, 77.0485161 28.6040555, 77.0483732 28.6040555, 77.0483732 28.6038701))",Bad data - needs re-evaluation,Historical snapshot retained to evaluate bad data - needs re-evaluation.
P046,CP-MAT-014,2025,Current multi-source reconciliation snapshot,Matiala Parcel-14,Saanvi Bansal,287.7,ACTIVE,Current evidence set,EPSG:4326,"POLYGON((77.0483730 28.6038699, 77.0485162 28.6038699, 77.0485162 28.6040557, 77.0483730 28.6040557, 77.0483730 28.6038699))",Bad data - needs re-evaluation,Historical snapshot retained to evaluate bad data - needs re-evaluation.
P047,CP-MAT-015,2012,Legacy record created,Matiala Parcel-15,Yash Batra,258.5,ACTIVE,Paper / legacy,Local cadastral / unknown,"POLYGON((77.0487988 28.6038837, 77.0489499 28.6038837, 77.0489499 28.6040419, 77.0487988 28.6040419, 77.0487988 28.6038837))",Bad data - needs re-evaluation,Historical snapshot retained to evaluate bad data - needs re-evaluation.
P047,CP-MAT-015,2016,Digitization / mutation update,Matiala Parcel-15,Yash Batra,262.5,ACTIVE,Digitized,EPSG:4326,"POLYGON((77.0487982 28.6038831, 77.0489505 28.6038831, 77.0489505 28.6040425, 77.0487982 28.6040425, 77.0487982 28.6038831))",Bad data - needs re-evaluation,Historical snapshot retained to evaluate bad data - needs re-evaluation.
P047,CP-MAT-015,2020,GIS harmonization update,Matiala Parcel-15,Aarav Mehta,265.2,ACTIVE,Digitized + GIS,EPSG:4326,"POLYGON((77.0487978 28.6038826, 77.0489509 28.6038826, 77.0489509 28.6040429, 77.0487978 28.6040429, 77.0487978 28.6038826))",Bad data - needs re-evaluation,Historical snapshot retained to evaluate bad data - needs re-evaluation.
P047,CP-MAT-015,2025,Current multi-source reconciliation snapshot,Matiala Parcel-15,Aarav Mehta,266.5,ACTIVE,Current evidence set,EPSG:4326,"POLYGON((77.0487976 28.6038824, 77.0489511 28.6038824, 77.0489511 28.6040431, 77.0487976 28.6040431, 77.0487976 28.6038824))",Bad data - needs re-evaluation,Historical snapshot retained to evaluate bad data - needs re-evaluation.
P048,CP-MAT-016,2012,Legacy record created,Matiala Parcel-16,Siya Malhotra,290.8,ACTIVE,Paper / legacy,Local cadastral / unknown,"POLYGON((77.0492335 28.6038674, 77.0493746 28.6038674, 77.0493746 28.6040582, 77.0492335 28.6040582, 77.0492335 28.6038674))",Bad data - needs re-evaluation,Historical snapshot retained to evaluate bad data - needs re-evaluation.
P048,CP-MAT-016,2016,Digitization / mutation update,Matiala Parcel-16,Siya Malhotra,295.3,ACTIVE,Digitized,EPSG:4326,"POLYGON((77.0492330 28.6038667, 77.0493752 28.6038667, 77.0493752 28.6040589, 77.0492330 28.6040589, 77.0492330 28.6038667))",Bad data - needs re-evaluation,Historical snapshot retained to evaluate bad data - needs re-evaluation.
P048,CP-MAT-016,2020,GIS harmonization update,Matiala Parcel-16,Avni Sharma,298.3,ACTIVE,Digitized + GIS,EPSG:4326,"POLYGON((77.0492326 28.6038662, 77.0493755 28.6038662, 77.0493755 28.6040594, 77.0492326 28.6040594, 77.0492326 28.6038662))",Bad data - needs re-evaluation,Historical snapshot retained to evaluate bad data - needs re-evaluation.
P048,CP-MAT-016,2025,Current multi-source reconciliation snapshot,Matiala Parcel-16,Avni Sharma,299.8,ACTIVE,Current evidence set,EPSG:4326,"POLYGON((77.0492325 28.6038660, 77.0493757 28.6038660, 77.0493757 28.6040596, 77.0492325 28.6040596, 77.0492325 28.6038660))",Bad data - needs re-evaluation,Historical snapshot retained to evaluate bad data - needs re-evaluation.
P049,CP-MAT-017,2012,Legacy record created,Matiala Parcel-17,Kabir Saxena,270.2,ACTIVE,Paper / legacy,Local cadastral / unknown,"POLYGON((77.0462153 28.6035597, 77.0463765 28.6035597, 77.0463765 28.6037148, 77.0462153 28.6037148, 77.0462153 28.6035597))",,Cross-source values remain within harmonization tolerances.
P049,CP-MAT-017,2016,Digitization / mutation update,Matiala Parcel-17,Kabir Saxena,274.4,ACTIVE,Digitized,EPSG:4326,"POLYGON((77.0462147 28.6035591, 77.0463771 28.6035591, 77.0463771 28.6037154, 77.0462147 28.6037154, 77.0462147 28.6035591))",,Cross-source values remain within harmonization tolerances.
P049,CP-MAT-017,2020,GIS harmonization update,Matiala Parcel-17,Vihaan Bansal,277.2,ACTIVE,Digitized + GIS,EPSG:4326,"POLYGON((77.0462143 28.6035587, 77.0463776 28.6035587, 77.0463776 28.6037158, 77.0462143 28.6037158, 77.0462143 28.6035587))",,Cross-source values remain within harmonization tolerances.
P049,CP-MAT-017,2025,Current harmonized parcel snapshot,Matiala Parcel-17,Vihaan Bansal,278.6,ACTIVE,Verified / harmonized,EPSG:4326,"POLYGON((77.0462141 28.6035585, 77.0463778 28.6035585, 77.0463778 28.6037159, 77.0462141 28.6037159, 77.0462141 28.6035585))",,Cross-source values remain within harmonization tolerances.
P050,CP-MAT-018,2012,Legacy record created,Matiala Parcel-18,Aniket Gupta,377.0,ACTIVE,Paper / legacy,Local cadastral / unknown,"POLYGON((77.0466450 28.6035290, 77.0468063 28.6035290, 77.0468063 28.6037454, 77.0466450 28.6037454, 77.0466450 28.6035290))",,Cross-source values remain within harmonization tolerances.
P050,CP-MAT-018,2016,Digitization / mutation update,Matiala Parcel-18,Aniket Gupta,382.9,ACTIVE,Digitized,EPSG:4326,"POLYGON((77.0466444 28.6035282, 77.0468069 28.6035282, 77.0468069 28.6037462, 77.0466444 28.6037462, 77.0466444 28.6035282))",,Cross-source values remain within harmonization tolerances.
P050,CP-MAT-018,2020,GIS harmonization update,Matiala Parcel-18,Sara Wadhwa,386.8,ACTIVE,Digitized + GIS,EPSG:4326,"POLYGON((77.0466440 28.6035276, 77.0468073 28.6035276, 77.0468073 28.6037468, 77.0466440 28.6037468, 77.0466440 28.6035276))",,Cross-source values remain within harmonization tolerances.
P050,CP-MAT-018,2025,Current harmonized parcel snapshot,Matiala Parcel-18,Sara Wadhwa,388.7,ACTIVE,Verified / harmonized,EPSG:4326,"POLYGON((77.0466438 28.6035274, 77.0468075 28.6035274, 77.0468075 28.6037471, 77.0466438 28.6037471, 77.0466438 28.6035274))",,Cross-source values remain within harmonization tolerances.
P051,CP-MAT-019,2012,Legacy record created,Matiala Parcel-19,Raghav Gupta,268.2,ACTIVE,Paper / legacy,Local cadastral / unknown,"POLYGON((77.0470798 28.6035551, 77.0472310 28.6035551, 77.0472310 28.6037193, 77.0470798 28.6037193, 77.0470798 28.6035551))",,Cross-source values remain within harmonization tolerances.
P051,CP-MAT-019,2016,Digitization / mutation update,Matiala Parcel-19,Raghav Gupta,272.4,ACTIVE,Digitized,EPSG:4326,"POLYGON((77.0470792 28.6035545, 77.0472316 28.6035545, 77.0472316 28.6037199, 77.0470792 28.6037199, 77.0470792 28.6035545))",,Cross-source values remain within harmonization tolerances.
P051,CP-MAT-019,2020,GIS harmonization update,Matiala Parcel-19,Varun Sharma,275.1,ACTIVE,Digitized + GIS,EPSG:4326,"POLYGON((77.0470788 28.6035541, 77.0472319 28.6035541, 77.0472319 28.6037204, 77.0470788 28.6037204, 77.0470788 28.6035541))",,Cross-source values remain within harmonization tolerances.
P051,CP-MAT-019,2025,Current harmonized parcel snapshot,Matiala Parcel-19,Varun Sharma,276.5,ACTIVE,Verified / harmonized,EPSG:4326,"POLYGON((77.0470787 28.6035539, 77.0472321 28.6035539, 77.0472321 28.6037206, 77.0470787 28.6037206, 77.0470787 28.6035539))",,Cross-source values remain within harmonization tolerances.
P052,CP-MAT-020,2012,Legacy record created,Matiala Parcel-20,Sahil Kapoor,284.1,ACTIVE,Paper / legacy,Local cadastral / unknown,"POLYGON((77.0475096 28.6035503, 77.0476607 28.6035503, 77.0476607 28.6037242, 77.0475096 28.6037242, 77.0475096 28.6035503))",,Cross-source values remain within harmonization tolerances.
P052,CP-MAT-020,2016,Digitization / mutation update,Matiala Parcel-20,Sahil Kapoor,288.5,ACTIVE,Digitized,EPSG:4326,"POLYGON((77.0475090 28.6035496, 77.0476613 28.6035496, 77.0476613 28.6037248, 77.0475090 28.6037248, 77.0475090 28.6035496))",,Cross-source values remain within harmonization tolerances.
P052,CP-MAT-020,2020,GIS harmonization update,Matiala Parcel-20,Sahil Mehta,291.4,ACTIVE,Digitized + GIS,EPSG:4326,"POLYGON((77.0475086 28.6035491, 77.0476617 28.6035491, 77.0476617 28.6037253, 77.0475086 28.6037253, 77.0475086 28.6035491))",,Cross-source values remain within harmonization tolerances.
P052,CP-MAT-020,2025,Current harmonized parcel snapshot,Matiala Parcel-20,Sahil Mehta,292.9,ACTIVE,Verified / harmonized,EPSG:4326,"POLYGON((77.0475084 28.6035489, 77.0476619 28.6035489, 77.0476619 28.6037255, 77.0475084 28.6037255, 77.0475084 28.6035489))",,Cross-source values remain within harmonization tolerances.
P053,CP-MAT-021,2012,Legacy record created,Matiala Parcel-21,Rohan Dhingra,195.6,ACTIVE,Paper / legacy,Local cadastral / unknown,"POLYGON((77.0479443 28.6035731, 77.0480854 28.6035731, 77.0480854 28.6037014, 77.0479443 28.6037014, 77.0479443 28.6035731))",,Cross-source values remain within harmonization tolerances.
P053,CP-MAT-021,2016,Digitization / mutation update,Matiala Parcel-21,Rohan Dhingra,198.7,ACTIVE,Digitized,EPSG:4326,"POLYGON((77.0479438 28.6035726, 77.0480860 28.6035726, 77.0480860 28.6037019, 77.0479438 28.6037019, 77.0479438 28.6035726))",,Cross-source values remain within harmonization tolerances.
P053,CP-MAT-021,2020,GIS harmonization update,Matiala Parcel-21,Neel Chawla,200.7,ACTIVE,Digitized + GIS,EPSG:4326,"POLYGON((77.0479434 28.6035722, 77.0480863 28.6035722, 77.0480863 28.6037022, 77.0479434 28.6037022, 77.0479434 28.6035722))",,Cross-source values remain within harmonization tolerances.
P053,CP-MAT-021,2025,Current harmonized parcel snapshot,Matiala Parcel-21,Neel Chawla,201.7,ACTIVE,Verified / harmonized,EPSG:4326,"POLYGON((77.0479432 28.6035721, 77.0480865 28.6035721, 77.0480865 28.6037024, 77.0479432 28.6037024, 77.0479432 28.6035721))",,Cross-source values remain within harmonization tolerances.
P054,CP-MAT-022,2012,Legacy record created,Matiala Parcel-22,Siya Gupta,244.2,ACTIVE,Paper / legacy,Local cadastral / unknown,"POLYGON((77.0483539 28.6035749, 77.0485353 28.6035749, 77.0485353 28.6036995, 77.0483539 28.6036995, 77.0483539 28.6035749))",,Cross-source values remain within harmonization tolerances.
P054,CP-MAT-022,2016,Digitization / mutation update,Matiala Parcel-22,Siya Gupta,248.0,ACTIVE,Digitized,EPSG:4326,"POLYGON((77.0483532 28.6035744, 77.0485360 28.6035744, 77.0485360 28.6037000, 77.0483532 28.6037000, 77.0483532 28.6035744))",,Cross-source values remain within harmonization tolerances.
P054,CP-MAT-022,2020,GIS harmonization update,Matiala Parcel-22,Isha Mehta,250.5,ACTIVE,Digitized + GIS,EPSG:4326,"POLYGON((77.0483528 28.6035741, 77.0485365 28.6035741, 77.0485365 28.6037003, 77.0483528 28.6037003, 77.0483528 28.6035741))",,Cross-source values remain within harmonization tolerances.
P054,CP-MAT-022,2025,Current harmonized parcel snapshot,Matiala Parcel-22,Isha Mehta,251.8,ACTIVE,Verified / harmonized,EPSG:4326,"POLYGON((77.0483525 28.6035740, 77.0485367 28.6035740, 77.0485367 28.6037005, 77.0483525 28.6037005, 77.0483525 28.6035740))",,Cross-source values remain within harmonization tolerances.
P055,CP-MAT-023,2012,Legacy record created,Matiala Parcel-23,Anika Wadhwa,271.6,ACTIVE,Paper / legacy,Local cadastral / unknown,"POLYGON((77.0487837 28.6035679, 77.0489650 28.6035679, 77.0489650 28.6037065, 77.0487837 28.6037065, 77.0487837 28.6035679))",,Cross-source values remain within harmonization tolerances.
P055,CP-MAT-023,2016,Digitization / mutation update,Matiala Parcel-23,Anika Wadhwa,275.8,ACTIVE,Digitized,EPSG:4326,"POLYGON((77.0487830 28.6035674, 77.0489657 28.6035674, 77.0489657 28.6037070, 77.0487830 28.6037070, 77.0487830 28.6035674))",,Cross-source values remain within harmonization tolerances.
P055,CP-MAT-023,2020,GIS harmonization update,Matiala Parcel-23,Aditya Sinha,278.6,ACTIVE,Digitized + GIS,EPSG:4326,"POLYGON((77.0487825 28.6035670, 77.0489662 28.6035670, 77.0489662 28.6037074, 77.0487825 28.6037074, 77.0487825 28.6035670))",,Cross-source values remain within harmonization tolerances.
P055,CP-MAT-023,2025,Current harmonized parcel snapshot,Matiala Parcel-23,Aditya Sinha,280.0,ACTIVE,Verified / harmonized,EPSG:4326,"POLYGON((77.0487823 28.6035669, 77.0489664 28.6035669, 77.0489664 28.6037076, 77.0487823 28.6037076, 77.0487823 28.6035669))",,Cross-source values remain within harmonization tolerances.
P056,CP-MAT-024,2012,Legacy record created,Matiala Parcel-24,Dev Chawla,277.4,ACTIVE,Paper / legacy,Local cadastral / unknown,"POLYGON((77.0492285 28.6035523, 77.0493797 28.6035523, 77.0493797 28.6037221, 77.0492285 28.6037221, 77.0492285 28.6035523))",,Cross-source values remain within harmonization tolerances.
P056,CP-MAT-024,2016,Digitization / mutation update,Matiala Parcel-24,Dev Chawla,281.7,ACTIVE,Digitized,EPSG:4326,"POLYGON((77.0492279 28.6035516, 77.0493803 28.6035516, 77.0493803 28.6037228, 77.0492279 28.6037228, 77.0492279 28.6035516))",,Cross-source values remain within harmonization tolerances.
P056,CP-MAT-024,2020,GIS harmonization update,Matiala Parcel-24,Meera Dhingra,284.6,ACTIVE,Digitized + GIS,EPSG:4326,"POLYGON((77.0492275 28.6035512, 77.0493806 28.6035512, 77.0493806 28.6037232, 77.0492275 28.6037232, 77.0492275 28.6035512))",,Cross-source values remain within harmonization tolerances.
P056,CP-MAT-024,2025,Current harmonized parcel snapshot,Matiala Parcel-24,Meera Dhingra,286.0,ACTIVE,Verified / harmonized,EPSG:4326,"POLYGON((77.0492274 28.6035510, 77.0493808 28.6035510, 77.0493808 28.6037234, 77.0492274 28.6037234, 77.0492274 28.6035510))",,Cross-source values remain within harmonization tolerances.
P057,CP-MAT-025,2012,Legacy record created,Matiala Parcel-25,Pranav Kohli,228.0,ACTIVE,Paper / legacy,Local cadastral / unknown,"POLYGON((77.0462153 28.6032462, 77.0463765 28.6032462, 77.0463765 28.6033771, 77.0462153 28.6033771, 77.0462153 28.6032462))",,Cross-source values remain within harmonization tolerances.
P057,CP-MAT-025,2016,Digitization / mutation update,Matiala Parcel-25,Pranav Kohli,231.6,ACTIVE,Digitized,EPSG:4326,"POLYGON((77.0462147 28.6032457, 77.0463771 28.6032457, 77.0463771 28.6033776, 77.0462147 28.6033776, 77.0462147 28.6032457))",,Cross-source values remain within harmonization tolerances.
P057,CP-MAT-025,2020,GIS harmonization update,Matiala Parcel-25,Rohan Wadhwa,233.9,ACTIVE,Digitized + GIS,EPSG:4326,"POLYGON((77.0462143 28.6032454, 77.0463776 28.6032454, 77.0463776 28.6033779, 77.0462143 28.6033779, 77.0462143 28.6032454))",,Cross-source values remain within harmonization tolerances.
P057,CP-MAT-025,2025,Current harmonized parcel snapshot,Matiala Parcel-25,Rohan Wadhwa,235.1,ACTIVE,Verified / harmonized,EPSG:4326,"POLYGON((77.0462141 28.6032452, 77.0463778 28.6032452, 77.0463778 28.6033781, 77.0462141 28.6033781, 77.0462141 28.6032452))",,Cross-source values remain within harmonization tolerances.
P058,CP-MAT-026,2012,Legacy record created,Matiala Parcel-26,Meera Sinha,332.4,ACTIVE,Paper / legacy,Local cadastral / unknown,"POLYGON((77.0466450 28.6032163, 77.0468063 28.6032163, 77.0468063 28.6034070, 77.0466450 28.6034070, 77.0466450 28.6032163))",,Cross-source values remain within harmonization tolerances.
P058,CP-MAT-026,2016,Digitization / mutation update,Matiala Parcel-26,Meera Sinha,337.6,ACTIVE,Digitized,EPSG:4326,"POLYGON((77.0466444 28.6032155, 77.0468069 28.6032155, 77.0468069 28.6034078, 77.0466444 28.6034078, 77.0466444 28.6032155))",,Cross-source values remain within harmonization tolerances.
P058,CP-MAT-026,2020,GIS harmonization update,Matiala Parcel-26,Tanvi Khanna,341.0,ACTIVE,Digitized + GIS,EPSG:4326,"POLYGON((77.0466440 28.6032150, 77.0468073 28.6032150, 77.0468073 28.6034082, 77.0466440 28.6034082, 77.0466440 28.6032150))",,Cross-source values remain within harmonization tolerances.
P058,CP-MAT-026,2025,Current harmonized parcel snapshot,Matiala Parcel-26,Tanvi Khanna,342.7,ACTIVE,Verified / harmonized,EPSG:4326,"POLYGON((77.0466438 28.6032148, 77.0468075 28.6032148, 77.0468075 28.6034085, 77.0466438 28.6034085, 77.0466438 28.6032148))",,Cross-source values remain within harmonization tolerances.
P059,CP-MAT-027,2012,Legacy record created,Matiala Parcel-27,Shreya Arora,372.8,ACTIVE,Paper / legacy,Local cadastral / unknown,"POLYGON((77.0470848 28.6031894, 77.0472259 28.6031894, 77.0472259 28.6034339, 77.0470848 28.6034339, 77.0470848 28.6031894))",,Cross-source values remain within harmonization tolerances.
P059,CP-MAT-027,2016,Digitization / mutation update,Matiala Parcel-27,Shreya Arora,378.5,ACTIVE,Digitized,EPSG:4326,"POLYGON((77.0470843 28.6031884, 77.0472265 28.6031884, 77.0472265 28.6034348, 77.0470843 28.6034348, 77.0470843 28.6031884))",,Cross-source values remain within harmonization tolerances.
P059,CP-MAT-027,2020,GIS harmonization update,Matiala Parcel-27,Isha Malhotra,382.4,ACTIVE,Digitized + GIS,EPSG:4326,"POLYGON((77.0470839 28.6031878, 77.0472268 28.6031878, 77.0472268 28.6034355, 77.0470839 28.6034355, 77.0470839 28.6031878))",,Cross-source values remain within harmonization tolerances.
P059,CP-MAT-027,2025,Current harmonized parcel snapshot,Matiala Parcel-27,Isha Malhotra,384.3,ACTIVE,Verified / harmonized,EPSG:4326,"POLYGON((77.0470838 28.6031875, 77.0472270 28.6031875, 77.0472270 28.6034358, 77.0470838 28.6034358, 77.0470838 28.6031875))",,Cross-source values remain within harmonization tolerances.
P060,CP-MAT-028,2012,Legacy record created,Matiala Parcel-28,Aniket Sharma,259.8,ACTIVE,Paper / legacy,Local cadastral / unknown,"POLYGON((77.0475096 28.6032321, 77.0476607 28.6032321, 77.0476607 28.6033911, 77.0475096 28.6033911, 77.0475096 28.6032321))",,Cross-source values remain within harmonization tolerances.
P060,CP-MAT-028,2016,Digitization / mutation update,Matiala Parcel-28,Aniket Sharma,263.8,ACTIVE,Digitized,EPSG:4326,"POLYGON((77.0475090 28.6032315, 77.0476613 28.6032315, 77.0476613 28.6033918, 77.0475090 28.6033918, 77.0475090 28.6032315))",,Cross-source values remain within harmonization tolerances.
P060,CP-MAT-028,2020,GIS harmonization update,Matiala Parcel-28,Kavya Joshi,266.5,ACTIVE,Digitized + GIS,EPSG:4326,"POLYGON((77.0475086 28.6032311, 77.0476617 28.6032311, 77.0476617 28.6033922, 77.0475086 28.6033922, 77.0475086 28.6032311))",,Cross-source values remain within harmonization tolerances.
P060,CP-MAT-028,2025,Current harmonized parcel snapshot,Matiala Parcel-28,Kavya Joshi,267.8,ACTIVE,Verified / harmonized,EPSG:4326,"POLYGON((77.0475084 28.6032309, 77.0476619 28.6032309, 77.0476619 28.6033924, 77.0475084 28.6033924, 77.0475084 28.6032309))",,Cross-source values remain within harmonization tolerances.
P061,CP-MAT-029,2012,Legacy record created,Matiala Parcel-29,Aisha Batra,351.6,ACTIVE,Paper / legacy,Local cadastral / unknown,"POLYGON((77.0479393 28.6032040, 77.0480904 28.6032040, 77.0480904 28.6034193, 77.0479393 28.6034193, 77.0479393 28.6032040))",,Cross-source values remain within harmonization tolerances.
P061,CP-MAT-029,2016,Digitization / mutation update,Matiala Parcel-29,Aisha Batra,357.1,ACTIVE,Digitized,EPSG:4326,"POLYGON((77.0479387 28.6032032, 77.0480910 28.6032032, 77.0480910 28.6034201, 77.0479387 28.6034201, 77.0479387 28.6032032))",,Cross-source values remain within harmonization tolerances.
P061,CP-MAT-029,2020,GIS harmonization update,Matiala Parcel-29,Meera Kapoor,360.7,ACTIVE,Digitized + GIS,EPSG:4326,"POLYGON((77.0479383 28.6032026, 77.0480914 28.6032026, 77.0480914 28.6034206, 77.0479383 28.6034206, 77.0479383 28.6032026))",,Cross-source values remain within harmonization tolerances.
P061,CP-MAT-029,2025,Current harmonized parcel snapshot,Matiala Parcel-29,Meera Kapoor,362.5,ACTIVE,Verified / harmonized,EPSG:4326,"POLYGON((77.0479381 28.6032024, 77.0480916 28.6032024, 77.0480916 28.6034209, 77.0479381 28.6034209, 77.0479381 28.6032024))",,Cross-source values remain within harmonization tolerances.
P062,CP-MAT-030,2012,Legacy record created,Matiala Parcel-30,Myra Nair,269.7,ACTIVE,Paper / legacy,Local cadastral / unknown,"POLYGON((77.0483741 28.6032232, 77.0485152 28.6032232, 77.0485152 28.6034001, 77.0483741 28.6034001, 77.0483741 28.6032232))",,Cross-source values remain within harmonization tolerances.
P062,CP-MAT-030,2016,Digitization / mutation update,Matiala Parcel-30,Myra Nair,273.8,ACTIVE,Digitized,EPSG:4326,"POLYGON((77.0483735 28.6032225, 77.0485157 28.6032225, 77.0485157 28.6034008, 77.0483735 28.6034008, 77.0483735 28.6032225))",,Cross-source values remain within harmonization tolerances.
P062,CP-MAT-030,2020,GIS harmonization update,Matiala Parcel-30,Dev Saxena,276.6,ACTIVE,Digitized + GIS,EPSG:4326,"POLYGON((77.0483732 28.6032221, 77.0485161 28.6032221, 77.0485161 28.6034012, 77.0483732 28.6034012, 77.0483732 28.6032221))",,Cross-source values remain within harmonization tolerances.
P062,CP-MAT-030,2025,Current harmonized parcel snapshot,Matiala Parcel-30,Dev Saxena,278.0,ACTIVE,Verified / harmonized,EPSG:4326,"POLYGON((77.0483730 28.6032218, 77.0485162 28.6032218, 77.0485162 28.6034014, 77.0483730 28.6034014, 77.0483730 28.6032218))",,Cross-source values remain within harmonization tolerances.
P063,CP-MAT-031,2012,Legacy record created,Matiala Parcel-31,Kavya Kohli,244.9,ACTIVE,Paper / legacy,Local cadastral / unknown,"POLYGON((77.0487837 28.6032492, 77.0489650 28.6032492, 77.0489650 28.6033741, 77.0487837 28.6033741, 77.0487837 28.6032492))",,Cross-source values remain within harmonization tolerances.
P063,CP-MAT-031,2016,Digitization / mutation update,Matiala Parcel-31,Kavya Kohli,248.7,ACTIVE,Digitized,EPSG:4326,"POLYGON((77.0487830 28.6032487, 77.0489657 28.6032487, 77.0489657 28.6033746, 77.0487830 28.6033746, 77.0487830 28.6032487))",,Cross-source values remain within harmonization tolerances.
P063,CP-MAT-031,2020,GIS harmonization update,Matiala Parcel-31,Neel Malhotra,251.2,ACTIVE,Digitized + GIS,EPSG:4326,"POLYGON((77.0487825 28.6032484, 77.0489662 28.6032484, 77.0489662 28.6033749, 77.0487825 28.6033749, 77.0487825 28.6032484))",,Cross-source values remain within harmonization tolerances.
P063,CP-MAT-031,2025,Current harmonized parcel snapshot,Matiala Parcel-31,Neel Malhotra,252.5,ACTIVE,Verified / harmonized,EPSG:4326,"POLYGON((77.0487823 28.6032482, 77.0489664 28.6032482, 77.0489664 28.6033751, 77.0487823 28.6033751, 77.0487823 28.6032482))",,Cross-source values remain within harmonization tolerances.
P064,CP-MAT-032,2012,Legacy record created,Matiala Parcel-32,Varun Jain,268.0,ACTIVE,Paper / legacy,Local cadastral / unknown,"POLYGON((77.0492235 28.6032347, 77.0493847 28.6032347, 77.0493847 28.6033885, 77.0492235 28.6033885, 77.0492235 28.6032347))",,Cross-source values remain within harmonization tolerances.
P064,CP-MAT-032,2016,Digitization / mutation update,Matiala Parcel-32,Varun Jain,272.2,ACTIVE,Digitized,EPSG:4326,"POLYGON((77.0492229 28.6032341, 77.0493853 28.6032341, 77.0493853 28.6033891, 77.0492229 28.6033891, 77.0492229 28.6032341))",,Cross-source values remain within harmonization tolerances.
P064,CP-MAT-032,2020,GIS harmonization update,Matiala Parcel-32,Aniket Chawla,274.9,ACTIVE,Digitized + GIS,EPSG:4326,"POLYGON((77.0492224 28.6032337, 77.0493857 28.6032337, 77.0493857 28.6033895, 77.0492224 28.6033895, 77.0492224 28.6032337))",,Cross-source values remain within harmonization tolerances.
P064,CP-MAT-032,2025,Current harmonized parcel snapshot,Matiala Parcel-32,Aniket Chawla,276.3,ACTIVE,Verified / harmonized,EPSG:4326,"POLYGON((77.0492222 28.6032336, 77.0493859 28.6032336, 77.0493859 28.6033897, 77.0492222 28.6033897, 77.0492222 28.6032336))",,Cross-source values remain within harmonization tolerances.
P065,CP-BIN-001,2012,Legacy record created,Bindapur Parcel-01,Priya Verma,235.9,ACTIVE,Paper / legacy,Local cadastral / unknown,"POLYGON((77.0660151 28.6140207, 77.0661764 28.6140207, 77.0661764 28.6141561, 77.0660151 28.6141561, 77.0660151 28.6140207))",Digitized but never field verified,Historical snapshot retained to evaluate digitized but never field verified.
P065,CP-BIN-001,2016,Digitization / mutation update,Bindapur Parcel-01,Priya Verma,239.6,ACTIVE,Digitized,EPSG:4326,"POLYGON((77.0660145 28.6140201, 77.0661770 28.6140201, 77.0661770 28.6141566, 77.0660145 28.6141566, 77.0660145 28.6140201))",Digitized but never field verified,Historical snapshot retained to evaluate digitized but never field verified.
P065,CP-BIN-001,2020,GIS harmonization update,Bindapur Parcel-01,Mihir Khanna,242.0,ACTIVE,Digitized + GIS,EPSG:4326,"POLYGON((77.0660141 28.6140198, 77.0661774 28.6140198, 77.0661774 28.6141569, 77.0660141 28.6141569, 77.0660141 28.6140198))",Digitized but never field verified,Historical snapshot retained to evaluate digitized but never field verified.
P065,CP-BIN-001,2025,Digitized record awaiting field verification,Bindapur Parcel-01,Mihir Khanna,243.2,ACTIVE,Not field verified,EPSG:4326,"POLYGON((77.0660139 28.6140196, 77.0661776 28.6140196, 77.0661776 28.6141571, 77.0660139 28.6141571, 77.0660139 28.6140196))",Digitized but never field verified,Historical snapshot retained to evaluate digitized but never field verified.
P066,CP-BIN-002,2012,Legacy record created,Bindapur Parcel-02,Myra Batra,265.2,ACTIVE,Paper / legacy,Local cadastral / unknown,"POLYGON((77.0664348 28.6140207, 77.0666163 28.6140207, 77.0666163 28.6141560, 77.0664348 28.6141560, 77.0664348 28.6140207))",Digitized but never field verified,Historical snapshot retained to evaluate digitized but never field verified.
P066,CP-BIN-002,2016,Digitization / mutation update,Bindapur Parcel-02,Myra Batra,269.3,ACTIVE,Digitized,EPSG:4326,"POLYGON((77.0664341 28.6140202, 77.0666170 28.6140202, 77.0666170 28.6141565, 77.0664341 28.6141565, 77.0664341 28.6140202))",Digitized but never field verified,Historical snapshot retained to evaluate digitized but never field verified.
P066,CP-BIN-002,2020,GIS harmonization update,Bindapur Parcel-02,Tanvi Kapoor,272.0,ACTIVE,Digitized + GIS,EPSG:4326,"POLYGON((77.0664337 28.6140199, 77.0666174 28.6140199, 77.0666174 28.6141569, 77.0664337 28.6141569, 77.0664337 28.6140199))",Digitized but never field verified,Historical snapshot retained to evaluate digitized but never field verified.
P066,CP-BIN-002,2025,Digitized record awaiting field verification,Bindapur Parcel-02,Tanvi Kapoor,273.4,ACTIVE,Not field verified,EPSG:4326,"POLYGON((77.0664335 28.6140197, 77.0666176 28.6140197, 77.0666176 28.6141570, 77.0664335 28.6141570, 77.0664335 28.6140197))",Digitized but never field verified,Historical snapshot retained to evaluate digitized but never field verified.
P067,CP-BIN-003,2012,Legacy record created,Bindapur Parcel-03,Yash Kapoor,283.8,ACTIVE,Paper / legacy,Local cadastral / unknown,"POLYGON((77.0668646 28.6140160, 77.0670460 28.6140160, 77.0670460 28.6141608, 77.0668646 28.6141608, 77.0668646 28.6140160))",Digitized but never field verified,Historical snapshot retained to evaluate digitized but never field verified.
P067,CP-BIN-003,2016,Digitization / mutation update,Bindapur Parcel-03,Yash Kapoor,288.2,ACTIVE,Digitized,EPSG:4326,"POLYGON((77.0668639 28.6140154, 77.0670467 28.6140154, 77.0670467 28.6141613, 77.0668639 28.6141613, 77.0668639 28.6140154))",Digitized but never field verified,Historical snapshot retained to evaluate digitized but never field verified.
P067,CP-BIN-003,2020,GIS harmonization update,Bindapur Parcel-03,Kavya Chawla,291.1,ACTIVE,Digitized + GIS,EPSG:4326,"POLYGON((77.0668635 28.6140150, 77.0670472 28.6140150, 77.0670472 28.6141617, 77.0668635 28.6141617, 77.0668635 28.6140150))",Digitized but never field verified,Historical snapshot retained to evaluate digitized but never field verified.
P067,CP-BIN-003,2025,Digitized record awaiting field verification,Bindapur Parcel-03,Kavya Chawla,292.6,ACTIVE,Not field verified,EPSG:4326,"POLYGON((77.0668632 28.6140149, 77.0670474 28.6140149, 77.0670474 28.6141619, 77.0668632 28.6141619, 77.0668632 28.6140149))",Digitized but never field verified,Historical snapshot retained to evaluate digitized but never field verified.
P068,CP-BIN-004,2012,Legacy record created,Bindapur Parcel-04,Nisha Khanna,237.0,ACTIVE,Paper / legacy,Local cadastral / unknown,"POLYGON((77.0673095 28.6140158, 77.0674607 28.6140158, 77.0674607 28.6141609, 77.0673095 28.6141609, 77.0673095 28.6140158))",Digitized but never field verified,Historical snapshot retained to evaluate digitized but never field verified.
P068,CP-BIN-004,2016,Digitization / mutation update,Bindapur Parcel-04,Nisha Khanna,240.6,ACTIVE,Digitized,EPSG:4326,"POLYGON((77.0673089 28.6140153, 77.0674613 28.6140153, 77.0674613 28.6141615, 77.0673089 28.6141615, 77.0673089 28.6140153))",Digitized but never field verified,Historical snapshot retained to evaluate digitized but never field verified.
P068,CP-BIN-004,2020,GIS harmonization update,Bindapur Parcel-04,Siya Sharma,243.1,ACTIVE,Digitized + GIS,EPSG:4326,"POLYGON((77.0673086 28.6140149, 77.0674617 28.6140149, 77.0674617 28.6141618, 77.0673086 28.6141618, 77.0673086 28.6140149))",Digitized but never field verified,Historical snapshot retained to evaluate digitized but never field verified.
P068,CP-BIN-004,2025,Digitized record awaiting field verification,Bindapur Parcel-04,Siya Sharma,244.3,ACTIVE,Not field verified,EPSG:4326,"POLYGON((77.0673084 28.6140147, 77.0674619 28.6140147, 77.0674619 28.6141620, 77.0673084 28.6141620, 77.0673084 28.6140147))",Digitized but never field verified,Historical snapshot retained to evaluate digitized but never field verified.
P069,CP-BIN-005,2012,Legacy record created,Bindapur Parcel-05,Naina Bansal,367.4,ACTIVE,Paper / legacy,Local cadastral / unknown,"POLYGON((77.0677443 28.6139679, 77.0678854 28.6139679, 77.0678854 28.6142089, 77.0677443 28.6142089, 77.0677443 28.6139679))",Parcel overlapping,Historical snapshot retained to evaluate parcel overlapping.
P069,CP-BIN-005,2016,Digitization / mutation update,Bindapur Parcel-05,Naina Bansal,373.1,ACTIVE,Digitized,EPSG:4326,"POLYGON((77.0677438 28.6139669, 77.0678860 28.6139669, 77.0678860 28.6142098, 77.0677438 28.6142098, 77.0677438 28.6139669))",Parcel overlapping,Historical snapshot retained to evaluate parcel overlapping.
P069,CP-BIN-005,2020,GIS harmonization update,Bindapur Parcel-05,Myra Gupta,376.9,ACTIVE,Digitized + GIS,EPSG:4326,"POLYGON((77.0677434 28.6139663, 77.0678863 28.6139663, 77.0678863 28.6142104, 77.0677434 28.6142104, 77.0677434 28.6139663))",Parcel overlapping,Historical snapshot retained to evaluate parcel overlapping.
P069,CP-BIN-005,2025,Current multi-source reconciliation snapshot,Bindapur Parcel-05,Myra Gupta,378.8,ACTIVE,Current evidence set,EPSG:4326,"POLYGON((77.0677433 28.6139660, 77.0678865 28.6139660, 77.0678865 28.6142107, 77.0677433 28.6142107, 77.0677433 28.6139660))",Parcel overlapping,Historical snapshot retained to evaluate parcel overlapping.
P070,CP-BIN-006,2012,Legacy record created,Bindapur Parcel-06,Meera Gupta,357.3,ACTIVE,Paper / legacy,Local cadastral / unknown,"POLYGON((77.0681691 28.6139790, 77.0683203 28.6139790, 77.0683203 28.6141977, 77.0681691 28.6141977, 77.0681691 28.6139790))",Parcel overlapping,Historical snapshot retained to evaluate parcel overlapping.
P070,CP-BIN-006,2016,Digitization / mutation update,Bindapur Parcel-06,Meera Gupta,362.9,ACTIVE,Digitized,EPSG:4326,"POLYGON((77.0681685 28.6139781, 77.0683208 28.6139781, 77.0683208 28.6141986, 77.0681685 28.6141986, 77.0681685 28.6139781))",Parcel overlapping,Historical snapshot retained to evaluate parcel overlapping.
P070,CP-BIN-006,2020,GIS harmonization update,Bindapur Parcel-06,Siya Verma,366.6,ACTIVE,Digitized + GIS,EPSG:4326,"POLYGON((77.0681681 28.6139776, 77.0683212 28.6139776, 77.0683212 28.6141991, 77.0681681 28.6141991, 77.0681681 28.6139776))",Parcel overlapping,Historical snapshot retained to evaluate parcel overlapping.
P070,CP-BIN-006,2025,Current multi-source reconciliation snapshot,Bindapur Parcel-06,Siya Verma,368.4,ACTIVE,Current evidence set,EPSG:4326,"POLYGON((77.0681679 28.6139773, 77.0683214 28.6139773, 77.0683214 28.6141994, 77.0681679 28.6141994, 77.0681679 28.6139773))",Parcel overlapping,Historical snapshot retained to evaluate parcel overlapping.
P071,CP-BIN-007,2012,Legacy record created,Bindapur Parcel-07,Siddharth Jain,198.2,ACTIVE,Paper / legacy,Local cadastral / unknown,"POLYGON((77.0686039 28.6140234, 77.0687450 28.6140234, 77.0687450 28.6141534, 77.0686039 28.6141534, 77.0686039 28.6140234))",Parcel overlapping,Historical snapshot retained to evaluate parcel overlapping.
P071,CP-BIN-007,2016,Digitization / mutation update,Bindapur Parcel-07,Siddharth Jain,201.2,ACTIVE,Digitized,EPSG:4326,"POLYGON((77.0686034 28.6140229, 77.0687455 28.6140229, 77.0687455 28.6141539, 77.0686034 28.6141539, 77.0686034 28.6140229))",Parcel overlapping,Historical snapshot retained to evaluate parcel overlapping.
P071,CP-BIN-007,2020,GIS harmonization update,Bindapur Parcel-07,Yash Khanna,203.3,ACTIVE,Digitized + GIS,EPSG:4326,"POLYGON((77.0686030 28.6140225, 77.0687459 28.6140225, 77.0687459 28.6141542, 77.0686030 28.6141542, 77.0686030 28.6140225))",Parcel overlapping,Historical snapshot retained to evaluate parcel overlapping.
P071,CP-BIN-007,2025,Current multi-source reconciliation snapshot,Bindapur Parcel-07,Yash Khanna,204.3,ACTIVE,Current evidence set,EPSG:4326,"POLYGON((77.0686028 28.6140224, 77.0687461 28.6140224, 77.0687461 28.6141543, 77.0686028 28.6141543, 77.0686028 28.6140224))",Parcel overlapping,Historical snapshot retained to evaluate parcel overlapping.
P072,CP-BIN-008,2012,Legacy record created,Bindapur Parcel-08,Ananya Jain,237.5,ACTIVE,Paper / legacy,Local cadastral / unknown,"POLYGON((77.0690286 28.6140157, 77.0691798 28.6140157, 77.0691798 28.6141610, 77.0690286 28.6141610, 77.0690286 28.6140157))",Parcel overlapping,Historical snapshot retained to evaluate parcel overlapping.
P072,CP-BIN-008,2016,Digitization / mutation update,Bindapur Parcel-08,Ananya Jain,241.1,ACTIVE,Digitized,EPSG:4326,"POLYGON((77.0690281 28.6140151, 77.0691804 28.6140151, 77.0691804 28.6141616, 77.0690281 28.6141616, 77.0690281 28.6140151))",Parcel overlapping,Historical snapshot retained to evaluate parcel overlapping.
P072,CP-BIN-008,2020,GIS harmonization update,Bindapur Parcel-08,Sahil Arora,243.6,ACTIVE,Digitized + GIS,EPSG:4326,"POLYGON((77.0690277 28.6140147, 77.0691808 28.6140147, 77.0691808 28.6141620, 77.0690277 28.6141620, 77.0690277 28.6140147))",Parcel overlapping,Historical snapshot retained to evaluate parcel overlapping.
P072,CP-BIN-008,2025,Current multi-source reconciliation snapshot,Bindapur Parcel-08,Sahil Arora,244.8,ACTIVE,Current evidence set,EPSG:4326,"POLYGON((77.0690275 28.6140146, 77.0691810 28.6140146, 77.0691810 28.6141622, 77.0690275 28.6141622, 77.0690275 28.6140146))",Parcel overlapping,Historical snapshot retained to evaluate parcel overlapping.
P073,CP-BIN-009,2012,Legacy record created,Bindapur Parcel-09,Aisha Bansal,206.7,ACTIVE,Paper / legacy,Local cadastral / unknown,"POLYGON((77.0660252 28.6136950, 77.0661663 28.6136950, 77.0661663 28.6138306, 77.0660252 28.6138306, 77.0660252 28.6136950))",Extra gap between adjacent parcels,Historical snapshot retained to evaluate extra gap between adjacent parcels.
P073,CP-BIN-009,2016,Digitization / mutation update,Bindapur Parcel-09,Aisha Bansal,209.9,ACTIVE,Digitized,EPSG:4326,"POLYGON((77.0660247 28.6136945, 77.0661669 28.6136945, 77.0661669 28.6138311, 77.0660247 28.6138311, 77.0660247 28.6136945))",Extra gap between adjacent parcels,Historical snapshot retained to evaluate extra gap between adjacent parcels.
P073,CP-BIN-009,2020,GIS harmonization update,Bindapur Parcel-09,Shreya Batra,212.0,ACTIVE,Digitized + GIS,EPSG:4326,"POLYGON((77.0660243 28.6136941, 77.0661672 28.6136941, 77.0661672 28.6138314, 77.0660243 28.6138314, 77.0660243 28.6136941))",Extra gap between adjacent parcels,Historical snapshot retained to evaluate extra gap between adjacent parcels.
P073,CP-BIN-009,2025,Current multi-source reconciliation snapshot,Bindapur Parcel-09,Shreya Batra,213.1,ACTIVE,Current evidence set,EPSG:4326,"POLYGON((77.0660241 28.6136940, 77.0661674 28.6136940, 77.0661674 28.6138316, 77.0660241 28.6138316, 77.0660241 28.6136940))",Extra gap between adjacent parcels,Historical snapshot retained to evaluate extra gap between adjacent parcels.
P074,CP-BIN-010,2012,Legacy record created,Bindapur Parcel-10,Kavya Wadhwa,241.1,ACTIVE,Paper / legacy,Local cadastral / unknown,"POLYGON((77.0664348 28.6137013, 77.0666163 28.6137013, 77.0666163 28.6138243, 77.0664348 28.6138243, 77.0664348 28.6137013))",Extra gap between adjacent parcels,Historical snapshot retained to evaluate extra gap between adjacent parcels.
P074,CP-BIN-010,2016,Digitization / mutation update,Bindapur Parcel-10,Kavya Wadhwa,244.9,ACTIVE,Digitized,EPSG:4326,"POLYGON((77.0664341 28.6137008, 77.0666170 28.6137008, 77.0666170 28.6138248, 77.0664341 28.6138248, 77.0664341 28.6137008))",Extra gap between adjacent parcels,Historical snapshot retained to evaluate extra gap between adjacent parcels.
P074,CP-BIN-010,2020,GIS harmonization update,Bindapur Parcel-10,Avni Kapoor,247.4,ACTIVE,Digitized + GIS,EPSG:4326,"POLYGON((77.0664337 28.6137005, 77.0666174 28.6137005, 77.0666174 28.6138251, 77.0664337 28.6138251, 77.0664337 28.6137005))",Extra gap between adjacent parcels,Historical snapshot retained to evaluate extra gap between adjacent parcels.
P074,CP-BIN-010,2025,Current multi-source reconciliation snapshot,Bindapur Parcel-10,Avni Kapoor,248.6,ACTIVE,Current evidence set,EPSG:4326,"POLYGON((77.0664335 28.6137003, 77.0666176 28.6137003, 77.0666176 28.6138252, 77.0664335 28.6138252, 77.0664335 28.6137003))",Extra gap between adjacent parcels,Historical snapshot retained to evaluate extra gap between adjacent parcels.
P075,CP-BIN-011,2012,Legacy record created,Bindapur Parcel-11,Ananya Verma,376.4,ACTIVE,Paper / legacy,Local cadastral / unknown,"POLYGON((77.0668747 28.6136548, 77.0670360 28.6136548, 77.0670360 28.6138708, 77.0668747 28.6138708, 77.0668747 28.6136548))",Extra gap between adjacent parcels,Historical snapshot retained to evaluate extra gap between adjacent parcels.
P075,CP-BIN-011,2016,Digitization / mutation update,Bindapur Parcel-11,Ananya Verma,382.2,ACTIVE,Digitized,EPSG:4326,"POLYGON((77.0668741 28.6136540, 77.0670366 28.6136540, 77.0670366 28.6138716, 77.0668741 28.6138716, 77.0668741 28.6136540))",Extra gap between adjacent parcels,Historical snapshot retained to evaluate extra gap between adjacent parcels.
P075,CP-BIN-011,2020,GIS harmonization update,Bindapur Parcel-11,Pranav Dhingra,386.1,ACTIVE,Digitized + GIS,EPSG:4326,"POLYGON((77.0668737 28.6136534, 77.0670370 28.6136534, 77.0670370 28.6138722, 77.0668737 28.6138722, 77.0668737 28.6136534))",Extra gap between adjacent parcels,Historical snapshot retained to evaluate extra gap between adjacent parcels.
P075,CP-BIN-011,2025,Current multi-source reconciliation snapshot,Bindapur Parcel-11,Pranav Dhingra,388.0,ACTIVE,Current evidence set,EPSG:4326,"POLYGON((77.0668735 28.6136531, 77.0670372 28.6136531, 77.0670372 28.6138724, 77.0668735 28.6138724, 77.0668735 28.6136531))",Extra gap between adjacent parcels,Historical snapshot retained to evaluate extra gap between adjacent parcels.
P076,CP-BIN-012,2012,Legacy record created,Bindapur Parcel-12,Priya Jain,237.8,ACTIVE,Paper / legacy,Local cadastral / unknown,"POLYGON((77.0673095 28.6136900, 77.0674607 28.6136900, 77.0674607 28.6138356, 77.0673095 28.6138356, 77.0673095 28.6136900))",Extra gap between adjacent parcels,Historical snapshot retained to evaluate extra gap between adjacent parcels.
P076,CP-BIN-012,2016,Digitization / mutation update,Bindapur Parcel-12,Priya Jain,241.5,ACTIVE,Digitized,EPSG:4326,"POLYGON((77.0673089 28.6136894, 77.0674613 28.6136894, 77.0674613 28.6138361, 77.0673089 28.6138361, 77.0673089 28.6136894))",Extra gap between adjacent parcels,Historical snapshot retained to evaluate extra gap between adjacent parcels.
P076,CP-BIN-012,2020,GIS harmonization update,Bindapur Parcel-12,Kabir Wadhwa,244.0,ACTIVE,Digitized + GIS,EPSG:4326,"POLYGON((77.0673086 28.6136891, 77.0674617 28.6136891, 77.0674617 28.6138365, 77.0673086 28.6138365, 77.0673086 28.6136891))",Extra gap between adjacent parcels,Historical snapshot retained to evaluate extra gap between adjacent parcels.
P076,CP-BIN-012,2025,Current multi-source reconciliation snapshot,Bindapur Parcel-12,Kabir Wadhwa,245.2,ACTIVE,Current evidence set,EPSG:4326,"POLYGON((77.0673084 28.6136889, 77.0674619 28.6136889, 77.0674619 28.6138367, 77.0673084 28.6138367, 77.0673084 28.6136889))",Extra gap between adjacent parcels,Historical snapshot retained to evaluate extra gap between adjacent parcels.
P077,CP-BIN-013,2012,Legacy record created,Bindapur Parcel-13,Sahil Rao,357.8,ACTIVE,Paper / legacy,Local cadastral / unknown,"POLYGON((77.0677443 28.6136454, 77.0678854 28.6136454, 77.0678854 28.6138801, 77.0677443 28.6138801, 77.0677443 28.6136454))",Invalid topology / self-intersection,Historical snapshot retained to evaluate invalid topology / self-intersection.
P077,CP-BIN-013,2016,Digitization / mutation update,Bindapur Parcel-13,Sahil Rao,363.4,ACTIVE,Digitized,EPSG:4326,"POLYGON((77.0677438 28.6136445, 77.0678860 28.6136445, 77.0678860 28.6138810, 77.0677438 28.6138810, 77.0677438 28.6136445))",Invalid topology / self-intersection,Historical snapshot retained to evaluate invalid topology / self-intersection.
P077,CP-BIN-013,2020,GIS harmonization update,Bindapur Parcel-13,Sara Mehta,367.1,ACTIVE,Digitized + GIS,EPSG:4326,"POLYGON((77.0677434 28.6136439, 77.0678863 28.6136439, 77.0678863 28.6138816, 77.0677434 28.6138816, 77.0677434 28.6136439))",Invalid topology / self-intersection,Historical snapshot retained to evaluate invalid topology / self-intersection.
P077,CP-BIN-013,2025,Current multi-source reconciliation snapshot,Bindapur Parcel-13,Sara Mehta,368.9,ACTIVE,Current evidence set,EPSG:4326,"POLYGON((77.0677433 28.6136436, 77.0678865 28.6136436, 77.0678865 28.6138819, 77.0677433 28.6138819, 77.0677433 28.6136436))",Invalid topology / self-intersection,Historical snapshot retained to evaluate invalid topology / self-intersection.
P078,CP-BIN-014,2012,Legacy record created,Bindapur Parcel-14,Nikhil Khanna,191.9,ACTIVE,Paper / legacy,Local cadastral / unknown,"POLYGON((77.0681691 28.6137041, 77.0683203 28.6137041, 77.0683203 28.6138215, 77.0681691 28.6138215, 77.0681691 28.6137041))",Invalid topology / self-intersection,Historical snapshot retained to evaluate invalid topology / self-intersection.
P078,CP-BIN-014,2016,Digitization / mutation update,Bindapur Parcel-14,Nikhil Khanna,194.8,ACTIVE,Digitized,EPSG:4326,"POLYGON((77.0681685 28.6137036, 77.0683208 28.6137036, 77.0683208 28.6138220, 77.0681685 28.6138220, 77.0681685 28.6137036))",Invalid topology / self-intersection,Historical snapshot retained to evaluate invalid topology / self-intersection.
P078,CP-BIN-014,2020,GIS harmonization update,Bindapur Parcel-14,Aditya Joshi,196.8,ACTIVE,Digitized + GIS,EPSG:4326,"POLYGON((77.0681681 28.6137033, 77.0683212 28.6137033, 77.0683212 28.6138223, 77.0681681 28.6138223, 77.0681681 28.6137033))",Invalid topology / self-intersection,Historical snapshot retained to evaluate invalid topology / self-intersection.
P078,CP-BIN-014,2025,Current multi-source reconciliation snapshot,Bindapur Parcel-14,Aditya Joshi,197.8,ACTIVE,Current evidence set,EPSG:4326,"POLYGON((77.0681679 28.6137032, 77.0683214 28.6137032, 77.0683214 28.6138224, 77.0681679 28.6138224, 77.0681679 28.6137032))",Invalid topology / self-intersection,Historical snapshot retained to evaluate invalid topology / self-intersection.
P079,CP-BIN-015,2012,Legacy record created,Bindapur Parcel-15,Isha Wadhwa,201.4,ACTIVE,Paper / legacy,Local cadastral / unknown,"POLYGON((77.0685938 28.6137050, 77.0687551 28.6137050, 77.0687551 28.6138206, 77.0685938 28.6138206, 77.0685938 28.6137050))",Invalid topology / self-intersection,Historical snapshot retained to evaluate invalid topology / self-intersection.
P079,CP-BIN-015,2016,Digitization / mutation update,Bindapur Parcel-15,Isha Wadhwa,204.5,ACTIVE,Digitized,EPSG:4326,"POLYGON((77.0685932 28.6137046, 77.0687557 28.6137046, 77.0687557 28.6138210, 77.0685932 28.6138210, 77.0685932 28.6137046))",Invalid topology / self-intersection,Historical snapshot retained to evaluate invalid topology / self-intersection.
P079,CP-BIN-015,2020,GIS harmonization update,Bindapur Parcel-15,Kavya Bansal,206.6,ACTIVE,Digitized + GIS,EPSG:4326,"POLYGON((77.0685928 28.6137043, 77.0687561 28.6137043, 77.0687561 28.6138213, 77.0685928 28.6138213, 77.0685928 28.6137043))",Invalid topology / self-intersection,Historical snapshot retained to evaluate invalid topology / self-intersection.
P079,CP-BIN-015,2025,Current multi-source reconciliation snapshot,Bindapur Parcel-15,Kavya Bansal,207.6,ACTIVE,Current evidence set,EPSG:4326,"POLYGON((77.0685926 28.6137041, 77.0687563 28.6137041, 77.0687563 28.6138215, 77.0685926 28.6138215, 77.0685926 28.6137041))",Invalid topology / self-intersection,Historical snapshot retained to evaluate invalid topology / self-intersection.
P080,CP-BIN-016,2012,Legacy record created,Bindapur Parcel-16,Vihaan Kohli,349.8,ACTIVE,Paper / legacy,Local cadastral / unknown,"POLYGON((77.0690286 28.6136557, 77.0691798 28.6136557, 77.0691798 28.6138698, 77.0690286 28.6138698, 77.0690286 28.6136557))",Invalid topology / self-intersection,Historical snapshot retained to evaluate invalid topology / self-intersection.
P080,CP-BIN-016,2016,Digitization / mutation update,Bindapur Parcel-16,Vihaan Kohli,355.2,ACTIVE,Digitized,EPSG:4326,"POLYGON((77.0690281 28.6136549, 77.0691804 28.6136549, 77.0691804 28.6138707, 77.0690281 28.6138707, 77.0690281 28.6136549))",Invalid topology / self-intersection,Historical snapshot retained to evaluate invalid topology / self-intersection.
P080,CP-BIN-016,2020,GIS harmonization update,Bindapur Parcel-16,Priya Mehta,358.8,ACTIVE,Digitized + GIS,EPSG:4326,"POLYGON((77.0690277 28.6136544, 77.0691808 28.6136544, 77.0691808 28.6138712, 77.0690277 28.6138712, 77.0690277 28.6136544))",Invalid topology / self-intersection,Historical snapshot retained to evaluate invalid topology / self-intersection.
P080,CP-BIN-016,2025,Current multi-source reconciliation snapshot,Bindapur Parcel-16,Priya Mehta,360.6,ACTIVE,Current evidence set,EPSG:4326,"POLYGON((77.0690275 28.6136541, 77.0691810 28.6136541, 77.0691810 28.6138715, 77.0690275 28.6138715, 77.0690275 28.6136541))",Invalid topology / self-intersection,Historical snapshot retained to evaluate invalid topology / self-intersection.
P081,CP-BIN-017,2012,Legacy record created,Bindapur Parcel-17,Rhea Jain,340.8,ACTIVE,Paper / legacy,Local cadastral / unknown,"POLYGON((77.0660151 28.6133394, 77.0661764 28.6133394, 77.0661764 28.6135350, 77.0660151 28.6135350, 77.0660151 28.6133394))",,Cross-source values remain within harmonization tolerances.
P081,CP-BIN-017,2016,Digitization / mutation update,Bindapur Parcel-17,Rhea Jain,346.0,ACTIVE,Digitized,EPSG:4326,"POLYGON((77.0660145 28.6133387, 77.0661770 28.6133387, 77.0661770 28.6135357, 77.0660145 28.6135357, 77.0660145 28.6133387))",,Cross-source values remain within harmonization tolerances.
P081,CP-BIN-017,2020,GIS harmonization update,Bindapur Parcel-17,Avni Dhingra,349.5,ACTIVE,Digitized + GIS,EPSG:4326,"POLYGON((77.0660141 28.6133382, 77.0661774 28.6133382, 77.0661774 28.6135362, 77.0660141 28.6135362, 77.0660141 28.6133382))",,Cross-source values remain within harmonization tolerances.
P081,CP-BIN-017,2025,Current harmonized parcel snapshot,Bindapur Parcel-17,Avni Dhingra,351.3,ACTIVE,Verified / harmonized,EPSG:4326,"POLYGON((77.0660139 28.6133379, 77.0661776 28.6133379, 77.0661776 28.6135365, 77.0660139 28.6135365, 77.0660139 28.6133379))",,Cross-source values remain within harmonization tolerances.
P082,CP-BIN-018,2012,Legacy record created,Bindapur Parcel-18,Pranav Arora,364.7,ACTIVE,Paper / legacy,Local cadastral / unknown,"POLYGON((77.0664500 28.6133256, 77.0666011 28.6133256, 77.0666011 28.6135488, 77.0664500 28.6135488, 77.0664500 28.6133256))",,Cross-source values remain within harmonization tolerances.
P082,CP-BIN-018,2016,Digitization / mutation update,Bindapur Parcel-18,Pranav Arora,370.4,ACTIVE,Digitized,EPSG:4326,"POLYGON((77.0664494 28.6133247, 77.0666017 28.6133247, 77.0666017 28.6135497, 77.0664494 28.6135497, 77.0664494 28.6133247))",,Cross-source values remain within harmonization tolerances.
P082,CP-BIN-018,2020,GIS harmonization update,Bindapur Parcel-18,Saanvi Arora,374.1,ACTIVE,Digitized + GIS,EPSG:4326,"POLYGON((77.0664490 28.6133241, 77.0666021 28.6133241, 77.0666021 28.6135503, 77.0664490 28.6135503, 77.0664490 28.6133241))",,Cross-source values remain within harmonization tolerances.
P082,CP-BIN-018,2025,Current harmonized parcel snapshot,Bindapur Parcel-18,Saanvi Arora,376.0,ACTIVE,Verified / harmonized,EPSG:4326,"POLYGON((77.0664488 28.6133239, 77.0666023 28.6133239, 77.0666023 28.6135506, 77.0664488 28.6135506, 77.0664488 28.6133239))",,Cross-source values remain within harmonization tolerances.
P083,CP-BIN-019,2012,Legacy record created,Bindapur Parcel-19,Isha Gupta,286.5,ACTIVE,Paper / legacy,Local cadastral / unknown,"POLYGON((77.0668848 28.6133432, 77.0670259 28.6133432, 77.0670259 28.6135312, 77.0668848 28.6135312, 77.0668848 28.6133432))",,Cross-source values remain within harmonization tolerances.
P083,CP-BIN-019,2016,Digitization / mutation update,Bindapur Parcel-19,Isha Gupta,291.0,ACTIVE,Digitized,EPSG:4326,"POLYGON((77.0668842 28.6133425, 77.0670264 28.6133425, 77.0670264 28.6135319, 77.0668842 28.6135319, 77.0668842 28.6133425))",,Cross-source values remain within harmonization tolerances.
P083,CP-BIN-019,2020,GIS harmonization update,Bindapur Parcel-19,Priya Nair,293.9,ACTIVE,Digitized + GIS,EPSG:4326,"POLYGON((77.0668839 28.6133420, 77.0670268 28.6133420, 77.0670268 28.6135324, 77.0668839 28.6135324, 77.0668839 28.6133420))",,Cross-source values remain within harmonization tolerances.
P083,CP-BIN-019,2025,Current harmonized parcel snapshot,Bindapur Parcel-19,Priya Nair,295.4,ACTIVE,Verified / harmonized,EPSG:4326,"POLYGON((77.0668837 28.6133418, 77.0670270 28.6133418, 77.0670270 28.6135326, 77.0668837 28.6135326, 77.0668837 28.6133418))",,Cross-source values remain within harmonization tolerances.
P084,CP-BIN-020,2012,Legacy record created,Bindapur Parcel-20,Arjun Rao,370.2,ACTIVE,Paper / legacy,Local cadastral / unknown,"POLYGON((77.0673146 28.6133158, 77.0674557 28.6133158, 77.0674557 28.6135586, 77.0673146 28.6135586, 77.0673146 28.6133158))",,Cross-source values remain within harmonization tolerances.
P084,CP-BIN-020,2016,Digitization / mutation update,Bindapur Parcel-20,Arjun Rao,376.0,ACTIVE,Digitized,EPSG:4326,"POLYGON((77.0673140 28.6133149, 77.0674562 28.6133149, 77.0674562 28.6135596, 77.0673140 28.6135596, 77.0673140 28.6133149))",,Cross-source values remain within harmonization tolerances.
P084,CP-BIN-020,2020,GIS harmonization update,Bindapur Parcel-20,Diya Nair,379.8,ACTIVE,Digitized + GIS,EPSG:4326,"POLYGON((77.0673137 28.6133142, 77.0674566 28.6133142, 77.0674566 28.6135602, 77.0673137 28.6135602, 77.0673137 28.6133142))",,Cross-source values remain within harmonization tolerances.
P084,CP-BIN-020,2025,Current harmonized parcel snapshot,Bindapur Parcel-20,Diya Nair,381.7,ACTIVE,Verified / harmonized,EPSG:4326,"POLYGON((77.0673135 28.6133139, 77.0674567 28.6133139, 77.0674567 28.6135605, 77.0673135 28.6135605, 77.0673135 28.6133139))",,Cross-source values remain within harmonization tolerances.
P085,CP-BIN-021,2012,Legacy record created,Bindapur Parcel-21,Yash Rao,366.7,ACTIVE,Paper / legacy,Local cadastral / unknown,"POLYGON((77.0677343 28.6133320, 77.0678955 28.6133320, 77.0678955 28.6135424, 77.0677343 28.6135424, 77.0677343 28.6133320))",,Cross-source values remain within harmonization tolerances.
P085,CP-BIN-021,2016,Digitization / mutation update,Bindapur Parcel-21,Yash Rao,372.3,ACTIVE,Digitized,EPSG:4326,"POLYGON((77.0677336 28.6133312, 77.0678961 28.6133312, 77.0678961 28.6135432, 77.0677336 28.6135432, 77.0677336 28.6133312))",,Cross-source values remain within harmonization tolerances.
P085,CP-BIN-021,2020,GIS harmonization update,Bindapur Parcel-21,Kabir Kapoor,376.1,ACTIVE,Digitized + GIS,EPSG:4326,"POLYGON((77.0677332 28.6133307, 77.0678965 28.6133307, 77.0678965 28.6135438, 77.0677332 28.6135438, 77.0677332 28.6133307))",,Cross-source values remain within harmonization tolerances.
P085,CP-BIN-021,2025,Current harmonized parcel snapshot,Bindapur Parcel-21,Kabir Kapoor,378.0,ACTIVE,Verified / harmonized,EPSG:4326,"POLYGON((77.0677330 28.6133304, 77.0678968 28.6133304, 77.0678968 28.6135440, 77.0677330 28.6135440, 77.0677330 28.6133304))",,Cross-source values remain within harmonization tolerances.
P086,CP-BIN-022,2012,Legacy record created,Bindapur Parcel-22,Sara Sharma,293.1,ACTIVE,Paper / legacy,Local cadastral / unknown,"POLYGON((77.0681540 28.6133624, 77.0683354 28.6133624, 77.0683354 28.6135120, 77.0681540 28.6135120, 77.0681540 28.6133624))",,Cross-source values remain within harmonization tolerances.
P086,CP-BIN-022,2016,Digitization / mutation update,Bindapur Parcel-22,Sara Sharma,297.7,ACTIVE,Digitized,EPSG:4326,"POLYGON((77.0681533 28.6133619, 77.0683361 28.6133619, 77.0683361 28.6135126, 77.0681533 28.6135126, 77.0681533 28.6133619))",,Cross-source values remain within harmonization tolerances.
P086,CP-BIN-022,2020,GIS harmonization update,Bindapur Parcel-22,Rhea Kapoor,300.7,ACTIVE,Digitized + GIS,EPSG:4326,"POLYGON((77.0681528 28.6133615, 77.0683365 28.6133615, 77.0683365 28.6135129, 77.0681528 28.6135129, 77.0681528 28.6133615))",,Cross-source values remain within harmonization tolerances.
P086,CP-BIN-022,2025,Current harmonized parcel snapshot,Bindapur Parcel-22,Rhea Kapoor,302.2,ACTIVE,Verified / harmonized,EPSG:4326,"POLYGON((77.0681526 28.6133613, 77.0683368 28.6133613, 77.0683368 28.6135131, 77.0681526 28.6135131, 77.0681526 28.6133613))",,Cross-source values remain within harmonization tolerances.
P087,CP-BIN-023,2012,Legacy record created,Bindapur Parcel-23,Meera Nair,373.1,ACTIVE,Paper / legacy,Local cadastral / unknown,"POLYGON((77.0685837 28.6133421, 77.0687652 28.6133421, 77.0687652 28.6135324, 77.0685837 28.6135324, 77.0685837 28.6133421))",,Cross-source values remain within harmonization tolerances.
P087,CP-BIN-023,2016,Digitization / mutation update,Bindapur Parcel-23,Meera Nair,378.8,ACTIVE,Digitized,EPSG:4326,"POLYGON((77.0685830 28.6133413, 77.0687659 28.6133413, 77.0687659 28.6135331, 77.0685830 28.6135331, 77.0685830 28.6133413))",,Cross-source values remain within harmonization tolerances.
P087,CP-BIN-023,2020,GIS harmonization update,Bindapur Parcel-23,Anika Bansal,382.7,ACTIVE,Digitized + GIS,EPSG:4326,"POLYGON((77.0685826 28.6133408, 77.0687663 28.6133408, 77.0687663 28.6135336, 77.0685826 28.6135336, 77.0685826 28.6133408))",,Cross-source values remain within harmonization tolerances.
P087,CP-BIN-023,2025,Current harmonized parcel snapshot,Bindapur Parcel-23,Anika Bansal,384.6,ACTIVE,Verified / harmonized,EPSG:4326,"POLYGON((77.0685824 28.6133406, 77.0687665 28.6133406, 77.0687665 28.6135338, 77.0685824 28.6135338, 77.0685824 28.6133406))",,Cross-source values remain within harmonization tolerances.
P088,CP-BIN-024,2012,Legacy record created,Bindapur Parcel-24,Varun Kapoor,221.2,ACTIVE,Paper / legacy,Local cadastral / unknown,"POLYGON((77.0690337 28.6133647, 77.0691748 28.6133647, 77.0691748 28.6135097, 77.0690337 28.6135097, 77.0690337 28.6133647))",,Cross-source values remain within harmonization tolerances.
P088,CP-BIN-024,2016,Digitization / mutation update,Bindapur Parcel-24,Varun Kapoor,224.6,ACTIVE,Digitized,EPSG:4326,"POLYGON((77.0690331 28.6133641, 77.0691753 28.6133641, 77.0691753 28.6135103, 77.0690331 28.6135103, 77.0690331 28.6133641))",,Cross-source values remain within harmonization tolerances.
P088,CP-BIN-024,2020,GIS harmonization update,Bindapur Parcel-24,Kabir Arora,226.9,ACTIVE,Digitized + GIS,EPSG:4326,"POLYGON((77.0690328 28.6133638, 77.0691757 28.6133638, 77.0691757 28.6135107, 77.0690328 28.6135107, 77.0690328 28.6133638))",,Cross-source values remain within harmonization tolerances.
P088,CP-BIN-024,2025,Current harmonized parcel snapshot,Bindapur Parcel-24,Kabir Arora,228.0,ACTIVE,Verified / harmonized,EPSG:4326,"POLYGON((77.0690326 28.6133636, 77.0691759 28.6133636, 77.0691759 28.6135109, 77.0690326 28.6135109, 77.0690326 28.6133636))",,Cross-source values remain within harmonization tolerances.
P089,CP-BIN-025,2012,Legacy record created,Bindapur Parcel-25,Mihir Gupta,185.5,ACTIVE,Paper / legacy,Local cadastral / unknown,"POLYGON((77.0660051 28.6130643, 77.0661865 28.6130643, 77.0661865 28.6131589, 77.0660051 28.6131589, 77.0660051 28.6130643))",,Cross-source values remain within harmonization tolerances.
P089,CP-BIN-025,2016,Digitization / mutation update,Bindapur Parcel-25,Mihir Gupta,188.3,ACTIVE,Digitized,EPSG:4326,"POLYGON((77.0660044 28.6130640, 77.0661872 28.6130640, 77.0661872 28.6131593, 77.0660044 28.6131593, 77.0660044 28.6130640))",,Cross-source values remain within harmonization tolerances.
P089,CP-BIN-025,2020,GIS harmonization update,Bindapur Parcel-25,Nisha Kapoor,190.2,ACTIVE,Digitized + GIS,EPSG:4326,"POLYGON((77.0660039 28.6130637, 77.0661876 28.6130637, 77.0661876 28.6131596, 77.0660039 28.6131596, 77.0660039 28.6130637))",,Cross-source values remain within harmonization tolerances.
P089,CP-BIN-025,2025,Current harmonized parcel snapshot,Bindapur Parcel-25,Nisha Kapoor,191.2,ACTIVE,Verified / harmonized,EPSG:4326,"POLYGON((77.0660037 28.6130636, 77.0661879 28.6130636, 77.0661879 28.6131597, 77.0660037 28.6131597, 77.0660037 28.6130636))",,Cross-source values remain within harmonization tolerances.
P090,CP-BIN-026,2012,Legacy record created,Bindapur Parcel-26,Kavya Dhingra,268.2,ACTIVE,Paper / legacy,Local cadastral / unknown,"POLYGON((77.0664449 28.6130347, 77.0666062 28.6130347, 77.0666062 28.6131886, 77.0664449 28.6131886, 77.0664449 28.6130347))",,Cross-source values remain within harmonization tolerances.
P090,CP-BIN-026,2016,Digitization / mutation update,Bindapur Parcel-26,Kavya Dhingra,272.4,ACTIVE,Digitized,EPSG:4326,"POLYGON((77.0664443 28.6130341, 77.0666068 28.6130341, 77.0666068 28.6131892, 77.0664443 28.6131892, 77.0664443 28.6130341))",,Cross-source values remain within harmonization tolerances.
P090,CP-BIN-026,2020,GIS harmonization update,Bindapur Parcel-26,Meera Wadhwa,275.1,ACTIVE,Digitized + GIS,EPSG:4326,"POLYGON((77.0664439 28.6130337, 77.0666072 28.6130337, 77.0666072 28.6131896, 77.0664439 28.6131896, 77.0664439 28.6130337))",,Cross-source values remain within harmonization tolerances.
P090,CP-BIN-026,2025,Current harmonized parcel snapshot,Bindapur Parcel-26,Meera Wadhwa,276.5,ACTIVE,Verified / harmonized,EPSG:4326,"POLYGON((77.0664437 28.6130335, 77.0666074 28.6130335, 77.0666074 28.6131898, 77.0664437 28.6131898, 77.0664437 28.6130335))",,Cross-source values remain within harmonization tolerances.
P091,CP-BIN-027,2012,Legacy record created,Bindapur Parcel-27,Neel Gupta,245.8,ACTIVE,Paper / legacy,Local cadastral / unknown,"POLYGON((77.0668747 28.6130411, 77.0670360 28.6130411, 77.0670360 28.6131822, 77.0668747 28.6131822, 77.0668747 28.6130411))",,Cross-source values remain within harmonization tolerances.
P091,CP-BIN-027,2016,Digitization / mutation update,Bindapur Parcel-27,Neel Gupta,249.6,ACTIVE,Digitized,EPSG:4326,"POLYGON((77.0668741 28.6130406, 77.0670366 28.6130406, 77.0670366 28.6131827, 77.0668741 28.6131827, 77.0668741 28.6130406))",,Cross-source values remain within harmonization tolerances.
P091,CP-BIN-027,2020,GIS harmonization update,Bindapur Parcel-27,Ishaan Khanna,252.1,ACTIVE,Digitized + GIS,EPSG:4326,"POLYGON((77.0668737 28.6130402, 77.0670370 28.6130402, 77.0670370 28.6131831, 77.0668737 28.6131831, 77.0668737 28.6130402))",,Cross-source values remain within harmonization tolerances.
P091,CP-BIN-027,2025,Current harmonized parcel snapshot,Bindapur Parcel-27,Ishaan Khanna,253.4,ACTIVE,Verified / harmonized,EPSG:4326,"POLYGON((77.0668735 28.6130400, 77.0670372 28.6130400, 77.0670372 28.6131833, 77.0668735 28.6131833, 77.0668735 28.6130400))",,Cross-source values remain within harmonization tolerances.
P092,CP-BIN-028,2012,Legacy record created,Bindapur Parcel-28,Saanvi Dhingra,374.7,ACTIVE,Paper / legacy,Local cadastral / unknown,"POLYGON((77.0672944 28.6130161, 77.0674758 28.6130161, 77.0674758 28.6132072, 77.0672944 28.6132072, 77.0672944 28.6130161))",,Cross-source values remain within harmonization tolerances.
P092,CP-BIN-028,2016,Digitization / mutation update,Bindapur Parcel-28,Saanvi Dhingra,380.5,ACTIVE,Digitized,EPSG:4326,"POLYGON((77.0672937 28.6130153, 77.0674765 28.6130153, 77.0674765 28.6132080, 77.0672937 28.6132080, 77.0672937 28.6130153))",,Cross-source values remain within harmonization tolerances.
P092,CP-BIN-028,2020,GIS harmonization update,Bindapur Parcel-28,Aarav Batra,384.4,ACTIVE,Digitized + GIS,EPSG:4326,"POLYGON((77.0672932 28.6130148, 77.0674770 28.6130148, 77.0674770 28.6132084, 77.0672932 28.6132084, 77.0672932 28.6130148))",,Cross-source values remain within harmonization tolerances.
P092,CP-BIN-028,2025,Current harmonized parcel snapshot,Bindapur Parcel-28,Aarav Batra,386.3,ACTIVE,Verified / harmonized,EPSG:4326,"POLYGON((77.0672930 28.6130146, 77.0674772 28.6130146, 77.0674772 28.6132087, 77.0672930 28.6132087, 77.0672930 28.6130146))",,Cross-source values remain within harmonization tolerances.
P093,CP-BIN-029,2012,Legacy record created,Bindapur Parcel-29,Mihir Malhotra,306.1,ACTIVE,Paper / legacy,Local cadastral / unknown,"POLYGON((77.0677242 28.6130336, 77.0679056 28.6130336, 77.0679056 28.6131897, 77.0677242 28.6131897, 77.0677242 28.6130336))",,Cross-source values remain within harmonization tolerances.
P093,CP-BIN-029,2016,Digitization / mutation update,Bindapur Parcel-29,Mihir Malhotra,310.9,ACTIVE,Digitized,EPSG:4326,"POLYGON((77.0677235 28.6130330, 77.0679063 28.6130330, 77.0679063 28.6131903, 77.0677235 28.6131903, 77.0677235 28.6130330))",,Cross-source values remain within harmonization tolerances.
P093,CP-BIN-029,2020,GIS harmonization update,Bindapur Parcel-29,Mihir Sharma,314.0,ACTIVE,Digitized + GIS,EPSG:4326,"POLYGON((77.0677230 28.6130326, 77.0679068 28.6130326, 77.0679068 28.6131907, 77.0677230 28.6131907, 77.0677230 28.6130326))",,Cross-source values remain within harmonization tolerances.
P093,CP-BIN-029,2025,Current harmonized parcel snapshot,Bindapur Parcel-29,Mihir Sharma,315.6,ACTIVE,Verified / harmonized,EPSG:4326,"POLYGON((77.0677228 28.6130324, 77.0679070 28.6130324, 77.0679070 28.6131909, 77.0677228 28.6131909, 77.0677228 28.6130324))",,Cross-source values remain within harmonization tolerances.
P094,CP-BIN-030,2012,Legacy record created,Bindapur Parcel-30,Siddharth Mehta,221.8,ACTIVE,Paper / legacy,Local cadastral / unknown,"POLYGON((77.0681540 28.6130551, 77.0683354 28.6130551, 77.0683354 28.6131682, 77.0681540 28.6131682, 77.0681540 28.6130551))",,Cross-source values remain within harmonization tolerances.
P094,CP-BIN-030,2016,Digitization / mutation update,Bindapur Parcel-30,Siddharth Mehta,225.3,ACTIVE,Digitized,EPSG:4326,"POLYGON((77.0681533 28.6130546, 77.0683361 28.6130546, 77.0683361 28.6131687, 77.0681533 28.6131687, 77.0681533 28.6130546))",,Cross-source values remain within harmonization tolerances.
P094,CP-BIN-030,2020,GIS harmonization update,Bindapur Parcel-30,Aditya Malhotra,227.6,ACTIVE,Digitized + GIS,EPSG:4326,"POLYGON((77.0681528 28.6130543, 77.0683365 28.6130543, 77.0683365 28.6131689, 77.0681528 28.6131689, 77.0681528 28.6130543))",,Cross-source values remain within harmonization tolerances.
P094,CP-BIN-030,2025,Current harmonized parcel snapshot,Bindapur Parcel-30,Aditya Malhotra,228.7,ACTIVE,Verified / harmonized,EPSG:4326,"POLYGON((77.0681526 28.6130542, 77.0683368 28.6130542, 77.0683368 28.6131691, 77.0681526 28.6131691, 77.0681526 28.6130542))",,Cross-source values remain within harmonization tolerances.
P095,CP-BIN-031,2012,Legacy record created,Bindapur Parcel-31,Sara Saxena,321.7,ACTIVE,Paper / legacy,Local cadastral / unknown,"POLYGON((77.0685938 28.6130193, 77.0687551 28.6130193, 77.0687551 28.6132040, 77.0685938 28.6132040, 77.0685938 28.6130193))",,Cross-source values remain within harmonization tolerances.
P095,CP-BIN-031,2016,Digitization / mutation update,Bindapur Parcel-31,Sara Saxena,326.7,ACTIVE,Digitized,EPSG:4326,"POLYGON((77.0685932 28.6130186, 77.0687557 28.6130186, 77.0687557 28.6132047, 77.0685932 28.6132047, 77.0685932 28.6130186))",,Cross-source values remain within harmonization tolerances.
P095,CP-BIN-031,2020,GIS harmonization update,Bindapur Parcel-31,Nisha Jain,330.0,ACTIVE,Digitized + GIS,EPSG:4326,"POLYGON((77.0685928 28.6130181, 77.0687561 28.6130181, 77.0687561 28.6132051, 77.0685928 28.6132051, 77.0685928 28.6130181))",,Cross-source values remain within harmonization tolerances.
P095,CP-BIN-031,2025,Current harmonized parcel snapshot,Bindapur Parcel-31,Nisha Jain,331.7,ACTIVE,Verified / harmonized,EPSG:4326,"POLYGON((77.0685926 28.6130179, 77.0687563 28.6130179, 77.0687563 28.6132054, 77.0685926 28.6132054, 77.0685926 28.6130179))",,Cross-source values remain within harmonization tolerances.
P096,CP-BIN-032,2012,Legacy record created,Bindapur Parcel-32,Nisha Joshi,278.7,ACTIVE,Paper / legacy,Local cadastral / unknown,"POLYGON((77.0690236 28.6130317, 77.0691849 28.6130317, 77.0691849 28.6131916, 77.0690236 28.6131916, 77.0690236 28.6130317))",,Cross-source values remain within harmonization tolerances.
P096,CP-BIN-032,2016,Digitization / mutation update,Bindapur Parcel-32,Nisha Joshi,283.0,ACTIVE,Digitized,EPSG:4326,"POLYGON((77.0690230 28.6130311, 77.0691855 28.6130311, 77.0691855 28.6131922, 77.0690230 28.6131922, 77.0690230 28.6130311))",,Cross-source values remain within harmonization tolerances.
P096,CP-BIN-032,2020,GIS harmonization update,Bindapur Parcel-32,Nikhil Kohli,285.9,ACTIVE,Digitized + GIS,EPSG:4326,"POLYGON((77.0690226 28.6130306, 77.0691859 28.6130306, 77.0691859 28.6131926, 77.0690226 28.6131926, 77.0690226 28.6130306))",,Cross-source values remain within harmonization tolerances.
P096,CP-BIN-032,2025,Current harmonized parcel snapshot,Bindapur Parcel-32,Nikhil Kohli,287.3,ACTIVE,Verified / harmonized,EPSG:4326,"POLYGON((77.0690224 28.6130304, 77.0691861 28.6130304, 77.0691861 28.6131928, 77.0690224 28.6131928, 77.0690224 28.6130304))",,Cross-source values remain within harmonization tolerances.
P097,CP-DAB-001,2012,Legacy record created,Dabri Parcel-01,Nikhil Wadhwa,214.2,ACTIVE,Paper / legacy,Local cadastral / unknown,"POLYGON((77.0844152 28.6109269, 77.0845764 28.6109269, 77.0845764 28.6110498, 77.0844152 28.6110498, 77.0844152 28.6109269))",Legacy digitization errors,Historical snapshot retained to evaluate legacy digitization errors.
P097,CP-DAB-001,2016,Digitization / mutation update,Dabri Parcel-01,Nikhil Wadhwa,217.5,ACTIVE,Digitized,EPSG:4326,"POLYGON((77.0844146 28.6109264, 77.0845771 28.6109264, 77.0845771 28.6110503, 77.0844146 28.6110503, 77.0844146 28.6109264))",Legacy digitization errors,Historical snapshot retained to evaluate legacy digitization errors.
P097,CP-DAB-001,2020,GIS harmonization update,Dabri Parcel-01,Arjun Mehta,219.7,ACTIVE,Digitized + GIS,EPSG:4326,"POLYGON((77.0844142 28.6109261, 77.0845775 28.6109261, 77.0845775 28.6110506, 77.0844142 28.6110506, 77.0844142 28.6109261))",Legacy digitization errors,Historical snapshot retained to evaluate legacy digitization errors.
P097,CP-DAB-001,2025,Current multi-source reconciliation snapshot,Dabri Parcel-01,Arjun Mehta,220.8,ACTIVE,Current evidence set,EPSG:4326,"POLYGON((77.0844140 28.6109260, 77.0845777 28.6109260, 77.0845777 28.6110508, 77.0844140 28.6110508, 77.0844140 28.6109260))",Legacy digitization errors,Historical snapshot retained to evaluate legacy digitization errors.
P098,CP-DAB-002,2012,Legacy record created,Dabri Parcel-02,Ishaan Gupta,283.7,ACTIVE,Paper / legacy,Local cadastral / unknown,"POLYGON((77.0848349 28.6109160, 77.0850163 28.6109160, 77.0850163 28.6110607, 77.0848349 28.6110607, 77.0848349 28.6109160))",Legacy digitization errors,Historical snapshot retained to evaluate legacy digitization errors.
P098,CP-DAB-002,2016,Digitization / mutation update,Dabri Parcel-02,Ishaan Gupta,288.1,ACTIVE,Digitized,EPSG:4326,"POLYGON((77.0848342 28.6109154, 77.0850170 28.6109154, 77.0850170 28.6110613, 77.0848342 28.6110613, 77.0848342 28.6109154))",Legacy digitization errors,Historical snapshot retained to evaluate legacy digitization errors.
P098,CP-DAB-002,2020,GIS harmonization update,Dabri Parcel-02,Akash Saxena,291.0,ACTIVE,Digitized + GIS,EPSG:4326,"POLYGON((77.0848337 28.6109151, 77.0850174 28.6109151, 77.0850174 28.6110617, 77.0848337 28.6110617, 77.0848337 28.6109151))",Legacy digitization errors,Historical snapshot retained to evaluate legacy digitization errors.
P098,CP-DAB-002,2025,Current multi-source reconciliation snapshot,Dabri Parcel-02,Akash Saxena,292.5,ACTIVE,Current evidence set,EPSG:4326,"POLYGON((77.0848335 28.6109149, 77.0850177 28.6109149, 77.0850177 28.6110618, 77.0848335 28.6110618, 77.0848335 28.6109149))",Legacy digitization errors,Historical snapshot retained to evaluate legacy digitization errors.
P099,CP-DAB-003,2012,Legacy record created,Dabri Parcel-03,Shaurya Joshi,221.3,ACTIVE,Paper / legacy,Local cadastral / unknown,"POLYGON((77.0852646 28.6109319, 77.0854461 28.6109319, 77.0854461 28.6110448, 77.0852646 28.6110448, 77.0852646 28.6109319))",Legacy digitization errors,Historical snapshot retained to evaluate legacy digitization errors.
P099,CP-DAB-003,2016,Digitization / mutation update,Dabri Parcel-03,Shaurya Joshi,224.7,ACTIVE,Digitized,EPSG:4326,"POLYGON((77.0852639 28.6109315, 77.0854467 28.6109315, 77.0854467 28.6110452, 77.0852639 28.6110452, 77.0852639 28.6109315))",Legacy digitization errors,Historical snapshot retained to evaluate legacy digitization errors.
P099,CP-DAB-003,2020,GIS harmonization update,Dabri Parcel-03,Priya Batra,227.0,ACTIVE,Digitized + GIS,EPSG:4326,"POLYGON((77.0852635 28.6109312, 77.0854472 28.6109312, 77.0854472 28.6110455, 77.0852635 28.6110455, 77.0852635 28.6109312))",Legacy digitization errors,Historical snapshot retained to evaluate legacy digitization errors.
P099,CP-DAB-003,2025,Current multi-source reconciliation snapshot,Dabri Parcel-03,Priya Batra,228.1,ACTIVE,Current evidence set,EPSG:4326,"POLYGON((77.0852633 28.6109311, 77.0854474 28.6109311, 77.0854474 28.6110457, 77.0852633 28.6110457, 77.0852633 28.6109311))",Legacy digitization errors,Historical snapshot retained to evaluate legacy digitization errors.
P100,CP-DAB-004,2012,Legacy record created,Dabri Parcel-04,Aniket Saxena,192.4,ACTIVE,Paper / legacy,Local cadastral / unknown,"POLYGON((77.0857095 28.6109295, 77.0858607 28.6109295, 77.0858607 28.6110473, 77.0857095 28.6110473, 77.0857095 28.6109295))",Legacy digitization errors,Historical snapshot retained to evaluate legacy digitization errors.
P100,CP-DAB-004,2016,Digitization / mutation update,Dabri Parcel-04,Aniket Saxena,195.4,ACTIVE,Digitized,EPSG:4326,"POLYGON((77.0857089 28.6109290, 77.0858613 28.6109290, 77.0858613 28.6110477, 77.0857089 28.6110477, 77.0857089 28.6109290))",Legacy digitization errors,Historical snapshot retained to evaluate legacy digitization errors.
P100,CP-DAB-004,2020,GIS harmonization update,Dabri Parcel-04,Nisha Gupta,197.4,ACTIVE,Digitized + GIS,EPSG:4326,"POLYGON((77.0857086 28.6109287, 77.0858617 28.6109287, 77.0858617 28.6110480, 77.0857086 28.6110480, 77.0857086 28.6109287))",Legacy digitization errors,Historical snapshot retained to evaluate legacy digitization errors.
P100,CP-DAB-004,2025,Current multi-source reconciliation snapshot,Dabri Parcel-04,Nisha Gupta,198.4,ACTIVE,Current evidence set,EPSG:4326,"POLYGON((77.0857084 28.6109286, 77.0858619 28.6109286, 77.0858619 28.6110482, 77.0857084 28.6110482, 77.0857084 28.6109286))",Legacy digitization errors,Historical snapshot retained to evaluate legacy digitization errors.
P101,CP-DAB-005,2012,Legacy record created,Dabri Parcel-05,Naina Kohli,222.0,ACTIVE,Paper / legacy,Local cadastral / unknown,"POLYGON((77.0861393 28.6109204, 77.0862905 28.6109204, 77.0862905 28.6110563, 77.0861393 28.6110563, 77.0861393 28.6109204))",Mutation / registration history mismatch,Historical snapshot retained to evaluate mutation / registration history mismatch.
P101,CP-DAB-005,2016,Digitization / mutation update,Dabri Parcel-05,Naina Kohli,225.5,ACTIVE,Digitized,EPSG:4326,"POLYGON((77.0861387 28.6109199, 77.0862911 28.6109199, 77.0862911 28.6110568, 77.0861387 28.6110568, 77.0861387 28.6109199))",Mutation / registration history mismatch,Historical snapshot retained to evaluate mutation / registration history mismatch.
P101,CP-DAB-005,2020,GIS harmonization update,Dabri Parcel-05,Rohan Nair,227.8,ACTIVE,Digitized + GIS,EPSG:4326,"POLYGON((77.0861383 28.6109195, 77.0862914 28.6109195, 77.0862914 28.6110572, 77.0861383 28.6110572, 77.0861383 28.6109195))",Mutation / registration history mismatch,Historical snapshot retained to evaluate mutation / registration history mismatch.
P101,CP-DAB-005,2025,Registration event pending revenue mutation sync,Dabri Parcel-05,Rohan Nair,228.9,ACTIVE,Cross-source conflict,EPSG:4326,"POLYGON((77.0861381 28.6109194, 77.0862916 28.6109194, 77.0862916 28.6110574, 77.0861381 28.6110574, 77.0861381 28.6109194))",Mutation / registration history mismatch,Historical snapshot retained to evaluate mutation / registration history mismatch.
P102,CP-DAB-006,2012,Legacy record created,Dabri Parcel-06,Arjun Dhingra,258.7,ACTIVE,Paper / legacy,Local cadastral / unknown,"POLYGON((77.0865640 28.6109141, 77.0867253 28.6109141, 77.0867253 28.6110626, 77.0865640 28.6110626, 77.0865640 28.6109141))",Mutation / registration history mismatch,Historical snapshot retained to evaluate mutation / registration history mismatch.
P102,CP-DAB-006,2016,Digitization / mutation update,Dabri Parcel-06,Arjun Dhingra,262.7,ACTIVE,Digitized,EPSG:4326,"POLYGON((77.0865634 28.6109136, 77.0867259 28.6109136, 77.0867259 28.6110632, 77.0865634 28.6110632, 77.0865634 28.6109136))",Mutation / registration history mismatch,Historical snapshot retained to evaluate mutation / registration history mismatch.
P102,CP-DAB-006,2020,GIS harmonization update,Dabri Parcel-06,Myra Chawla,265.4,ACTIVE,Digitized + GIS,EPSG:4326,"POLYGON((77.0865630 28.6109132, 77.0867263 28.6109132, 77.0867263 28.6110635, 77.0865630 28.6110635, 77.0865630 28.6109132))",Mutation / registration history mismatch,Historical snapshot retained to evaluate mutation / registration history mismatch.
P102,CP-DAB-006,2025,Registration event pending revenue mutation sync,Dabri Parcel-06,Myra Chawla,266.7,ACTIVE,Cross-source conflict,EPSG:4326,"POLYGON((77.0865628 28.6109130, 77.0867265 28.6109130, 77.0867265 28.6110637, 77.0865628 28.6110637, 77.0865628 28.6109130))",Mutation / registration history mismatch,Historical snapshot retained to evaluate mutation / registration history mismatch.
P103,CP-DAB-007,2012,Legacy record created,Dabri Parcel-07,Raghav Joshi,221.5,ACTIVE,Paper / legacy,Local cadastral / unknown,"POLYGON((77.0869988 28.6109206, 77.0871500 28.6109206, 77.0871500 28.6110561, 77.0869988 28.6110561, 77.0869988 28.6109206))",Mutation / registration history mismatch,Historical snapshot retained to evaluate mutation / registration history mismatch.
P103,CP-DAB-007,2016,Digitization / mutation update,Dabri Parcel-07,Raghav Joshi,224.9,ACTIVE,Digitized,EPSG:4326,"POLYGON((77.0869983 28.6109201, 77.0871506 28.6109201, 77.0871506 28.6110567, 77.0869983 28.6110567, 77.0869983 28.6109201))",Mutation / registration history mismatch,Historical snapshot retained to evaluate mutation / registration history mismatch.
P103,CP-DAB-007,2020,GIS harmonization update,Dabri Parcel-07,Mihir Joshi,227.2,ACTIVE,Digitized + GIS,EPSG:4326,"POLYGON((77.0869979 28.6109197, 77.0871510 28.6109197, 77.0871510 28.6110570, 77.0869979 28.6110570, 77.0869979 28.6109197))",Mutation / registration history mismatch,Historical snapshot retained to evaluate mutation / registration history mismatch.
P103,CP-DAB-007,2025,Registration event pending revenue mutation sync,Dabri Parcel-07,Mihir Joshi,228.3,ACTIVE,Cross-source conflict,EPSG:4326,"POLYGON((77.0869977 28.6109195, 77.0871512 28.6109195, 77.0871512 28.6110572, 77.0869977 28.6110572, 77.0869977 28.6109195))",Mutation / registration history mismatch,Historical snapshot retained to evaluate mutation / registration history mismatch.
P104,CP-DAB-008,2012,Legacy record created,Dabri Parcel-08,Raghav Nair,271.7,ACTIVE,Paper / legacy,Local cadastral / unknown,"POLYGON((77.0874286 28.6109052, 77.0875798 28.6109052, 77.0875798 28.6110715, 77.0874286 28.6110715, 77.0874286 28.6109052))",Mutation / registration history mismatch,Historical snapshot retained to evaluate mutation / registration history mismatch.
P104,CP-DAB-008,2016,Digitization / mutation update,Dabri Parcel-08,Raghav Nair,275.9,ACTIVE,Digitized,EPSG:4326,"POLYGON((77.0874280 28.6109046, 77.0875804 28.6109046, 77.0875804 28.6110722, 77.0874280 28.6110722, 77.0874280 28.6109046))",Mutation / registration history mismatch,Historical snapshot retained to evaluate mutation / registration history mismatch.
P104,CP-DAB-008,2020,GIS harmonization update,Dabri Parcel-08,Isha Rao,278.7,ACTIVE,Digitized + GIS,EPSG:4326,"POLYGON((77.0874276 28.6109041, 77.0875807 28.6109041, 77.0875807 28.6110726, 77.0874276 28.6110726, 77.0874276 28.6109041))",Mutation / registration history mismatch,Historical snapshot retained to evaluate mutation / registration history mismatch.
P104,CP-DAB-008,2025,Registration event pending revenue mutation sync,Dabri Parcel-08,Isha Rao,280.1,ACTIVE,Cross-source conflict,EPSG:4326,"POLYGON((77.0874274 28.6109039, 77.0875809 28.6109039, 77.0875809 28.6110728, 77.0874274 28.6110728, 77.0874274 28.6109039))",Mutation / registration history mismatch,Historical snapshot retained to evaluate mutation / registration history mismatch.
P105,CP-DAB-009,2012,Legacy record created,Dabri Parcel-09,Shaurya Kohli,208.4,ACTIVE,Paper / legacy,Local cadastral / unknown,"POLYGON((77.0844051 28.6106096, 77.0845865 28.6106096, 77.0845865 28.6107159, 77.0844051 28.6107159, 77.0844051 28.6106096))",Survey status mismatch,Historical snapshot retained to evaluate survey status mismatch.
P105,CP-DAB-009,2016,Digitization / mutation update,Dabri Parcel-09,Shaurya Kohli,211.6,ACTIVE,Digitized,EPSG:4326,"POLYGON((77.0844044 28.6106092, 77.0845872 28.6106092, 77.0845872 28.6107163, 77.0844044 28.6107163, 77.0844044 28.6106092))",Survey status mismatch,Historical snapshot retained to evaluate survey status mismatch.
P105,CP-DAB-009,2020,GIS harmonization update,Dabri Parcel-09,Arjun Batra,213.7,ACTIVE,Digitized + GIS,EPSG:4326,"POLYGON((77.0844040 28.6106090, 77.0845877 28.6106090, 77.0845877 28.6107166, 77.0844040 28.6107166, 77.0844040 28.6106090))",Survey status mismatch,Historical snapshot retained to evaluate survey status mismatch.
P105,CP-DAB-009,2025,Current multi-source reconciliation snapshot,Dabri Parcel-09,Arjun Batra,214.8,ACTIVE,Current evidence set,EPSG:4326,"POLYGON((77.0844037 28.6106088, 77.0845879 28.6106088, 77.0845879 28.6107167, 77.0844037 28.6107167, 77.0844037 28.6106088))",Survey status mismatch,Historical snapshot retained to evaluate survey status mismatch.
P106,CP-DAB-010,2012,Legacy record created,Dabri Parcel-10,Sara Khanna,314.0,ACTIVE,Paper / legacy,Local cadastral / unknown,"POLYGON((77.0848550 28.6105598, 77.0849961 28.6105598, 77.0849961 28.6107658, 77.0848550 28.6107658, 77.0848550 28.6105598))",Survey status mismatch,Historical snapshot retained to evaluate survey status mismatch.
P106,CP-DAB-010,2016,Digitization / mutation update,Dabri Parcel-10,Sara Khanna,318.8,ACTIVE,Digitized,EPSG:4326,"POLYGON((77.0848545 28.6105590, 77.0849967 28.6105590, 77.0849967 28.6107666, 77.0848545 28.6107666, 77.0848545 28.6105590))",Survey status mismatch,Historical snapshot retained to evaluate survey status mismatch.
P106,CP-DAB-010,2020,GIS harmonization update,Dabri Parcel-10,Aisha Wadhwa,322.1,ACTIVE,Digitized + GIS,EPSG:4326,"POLYGON((77.0848541 28.6105585, 77.0849970 28.6105585, 77.0849970 28.6107671, 77.0848541 28.6107671, 77.0848541 28.6105585))",Survey status mismatch,Historical snapshot retained to evaluate survey status mismatch.
P106,CP-DAB-010,2025,Current multi-source reconciliation snapshot,Dabri Parcel-10,Aisha Wadhwa,323.7,ACTIVE,Current evidence set,EPSG:4326,"POLYGON((77.0848540 28.6105582, 77.0849972 28.6105582, 77.0849972 28.6107673, 77.0848540 28.6107673, 77.0848540 28.6105582))",Survey status mismatch,Historical snapshot retained to evaluate survey status mismatch.
P107,CP-DAB-011,2012,Legacy record created,Dabri Parcel-11,Aniket Nair,199.4,ACTIVE,Paper / legacy,Local cadastral / unknown,"POLYGON((77.0852848 28.6105974, 77.0854259 28.6105974, 77.0854259 28.6107282, 77.0852848 28.6107282, 77.0852848 28.6105974))",Survey status mismatch,Historical snapshot retained to evaluate survey status mismatch.
P107,CP-DAB-011,2016,Digitization / mutation update,Dabri Parcel-11,Aniket Nair,202.5,ACTIVE,Digitized,EPSG:4326,"POLYGON((77.0852843 28.6105969, 77.0854264 28.6105969, 77.0854264 28.6107287, 77.0852843 28.6107287, 77.0852843 28.6105969))",Survey status mismatch,Historical snapshot retained to evaluate survey status mismatch.
P107,CP-DAB-011,2020,GIS harmonization update,Dabri Parcel-11,Aarav Malhotra,204.6,ACTIVE,Digitized + GIS,EPSG:4326,"POLYGON((77.0852839 28.6105965, 77.0854268 28.6105965, 77.0854268 28.6107290, 77.0852839 28.6107290, 77.0852839 28.6105965))",Survey status mismatch,Historical snapshot retained to evaluate survey status mismatch.
P107,CP-DAB-011,2025,Current multi-source reconciliation snapshot,Dabri Parcel-11,Aarav Malhotra,205.6,ACTIVE,Current evidence set,EPSG:4326,"POLYGON((77.0852837 28.6105964, 77.0854270 28.6105964, 77.0854270 28.6107292, 77.0852837 28.6107292, 77.0852837 28.6105964))",Survey status mismatch,Historical snapshot retained to evaluate survey status mismatch.
P108,CP-DAB-012,2012,Legacy record created,Dabri Parcel-12,Kavya Gupta,225.4,ACTIVE,Paper / legacy,Local cadastral / unknown,"POLYGON((77.0857045 28.6105981, 77.0858657 28.6105981, 77.0858657 28.6107275, 77.0857045 28.6107275, 77.0857045 28.6105981))",Survey status mismatch,Historical snapshot retained to evaluate survey status mismatch.
P108,CP-DAB-012,2016,Digitization / mutation update,Dabri Parcel-12,Kavya Gupta,228.9,ACTIVE,Digitized,EPSG:4326,"POLYGON((77.0857039 28.6105976, 77.0858664 28.6105976, 77.0858664 28.6107280, 77.0857039 28.6107280, 77.0857039 28.6105976))",Survey status mismatch,Historical snapshot retained to evaluate survey status mismatch.
P108,CP-DAB-012,2020,GIS harmonization update,Dabri Parcel-12,Raghav Sharma,231.2,ACTIVE,Digitized + GIS,EPSG:4326,"POLYGON((77.0857035 28.6105973, 77.0858668 28.6105973, 77.0858668 28.6107283, 77.0857035 28.6107283, 77.0857035 28.6105973))",Survey status mismatch,Historical snapshot retained to evaluate survey status mismatch.
P108,CP-DAB-012,2025,Current multi-source reconciliation snapshot,Dabri Parcel-12,Raghav Sharma,232.4,ACTIVE,Current evidence set,EPSG:4326,"POLYGON((77.0857033 28.6105971, 77.0858670 28.6105971, 77.0858670 28.6107285, 77.0857033 28.6107285, 77.0857033 28.6105971))",Survey status mismatch,Historical snapshot retained to evaluate survey status mismatch.
P109,CP-DAB-013,2012,Legacy record created,Dabri Parcel-13,Vihaan Arora,374.0,ACTIVE,Paper / legacy,Local cadastral / unknown,"POLYGON((77.0861393 28.6105483, 77.0862905 28.6105483, 77.0862905 28.6107773, 77.0861393 28.6107773, 77.0861393 28.6105483))",Planning / land-use mismatch,Historical snapshot retained to evaluate planning / land-use mismatch.
P109,CP-DAB-013,2016,Digitization / mutation update,Dabri Parcel-13,Vihaan Arora,379.8,ACTIVE,Digitized,EPSG:4326,"POLYGON((77.0861387 28.6105474, 77.0862911 28.6105474, 77.0862911 28.6107782, 77.0861387 28.6107782, 77.0861387 28.6105474))",Planning / land-use mismatch,Historical snapshot retained to evaluate planning / land-use mismatch.
P109,CP-DAB-013,2020,GIS harmonization update,Dabri Parcel-13,Aarav Rao,383.7,ACTIVE,Digitized + GIS,EPSG:4326,"POLYGON((77.0861383 28.6105468, 77.0862914 28.6105468, 77.0862914 28.6107787, 77.0861383 28.6107787, 77.0861383 28.6105468))",Planning / land-use mismatch,Historical snapshot retained to evaluate planning / land-use mismatch.
P109,CP-DAB-013,2025,Planning land-use comparison,Dabri Parcel-13,Aarav Rao,385.6,ACTIVE,Cross-source conflict,EPSG:4326,"POLYGON((77.0861381 28.6105465, 77.0862916 28.6105465, 77.0862916 28.6107790, 77.0861381 28.6107790, 77.0861381 28.6105465))",Planning / land-use mismatch,Historical snapshot retained to evaluate planning / land-use mismatch.
P110,CP-DAB-014,2012,Legacy record created,Dabri Parcel-14,Ishaan Sharma,310.5,ACTIVE,Paper / legacy,Local cadastral / unknown,"POLYGON((77.0865539 28.6105836, 77.0867354 28.6105836, 77.0867354 28.6107420, 77.0865539 28.6107420, 77.0865539 28.6105836))",Planning / land-use mismatch,Historical snapshot retained to evaluate planning / land-use mismatch.
P110,CP-DAB-014,2016,Digitization / mutation update,Dabri Parcel-14,Ishaan Sharma,315.3,ACTIVE,Digitized,EPSG:4326,"POLYGON((77.0865533 28.6105830, 77.0867361 28.6105830, 77.0867361 28.6107426, 77.0865533 28.6107426, 77.0865533 28.6105830))",Planning / land-use mismatch,Historical snapshot retained to evaluate planning / land-use mismatch.
P110,CP-DAB-014,2020,GIS harmonization update,Dabri Parcel-14,Kabir Malhotra,318.5,ACTIVE,Digitized + GIS,EPSG:4326,"POLYGON((77.0865528 28.6105826, 77.0867365 28.6105826, 77.0867365 28.6107430, 77.0865528 28.6107430, 77.0865528 28.6105826))",Planning / land-use mismatch,Historical snapshot retained to evaluate planning / land-use mismatch.
P110,CP-DAB-014,2025,Planning land-use comparison,Dabri Parcel-14,Kabir Malhotra,320.1,ACTIVE,Cross-source conflict,EPSG:4326,"POLYGON((77.0865526 28.6105824, 77.0867367 28.6105824, 77.0867367 28.6107432, 77.0865526 28.6107432, 77.0865526 28.6105824))",Planning / land-use mismatch,Historical snapshot retained to evaluate planning / land-use mismatch.
P111,CP-DAB-015,2012,Legacy record created,Dabri Parcel-15,Myra Jain,334.2,ACTIVE,Paper / legacy,Local cadastral / unknown,"POLYGON((77.0869837 28.6105776, 77.0871651 28.6105776, 77.0871651 28.6107480, 77.0869837 28.6107480, 77.0869837 28.6105776))",Planning / land-use mismatch,Historical snapshot retained to evaluate planning / land-use mismatch.
P111,CP-DAB-015,2016,Digitization / mutation update,Dabri Parcel-15,Myra Jain,339.3,ACTIVE,Digitized,EPSG:4326,"POLYGON((77.0869830 28.6105769, 77.0871658 28.6105769, 77.0871658 28.6107487, 77.0869830 28.6107487, 77.0869830 28.6105769))",Planning / land-use mismatch,Historical snapshot retained to evaluate planning / land-use mismatch.
P111,CP-DAB-015,2020,GIS harmonization update,Dabri Parcel-15,Varun Joshi,342.8,ACTIVE,Digitized + GIS,EPSG:4326,"POLYGON((77.0869826 28.6105765, 77.0871663 28.6105765, 77.0871663 28.6107491, 77.0869826 28.6107491, 77.0869826 28.6105765))",Planning / land-use mismatch,Historical snapshot retained to evaluate planning / land-use mismatch.
P111,CP-DAB-015,2025,Planning land-use comparison,Dabri Parcel-15,Varun Joshi,344.5,ACTIVE,Cross-source conflict,EPSG:4326,"POLYGON((77.0869823 28.6105762, 77.0871665 28.6105762, 77.0871665 28.6107493, 77.0869823 28.6107493, 77.0869823 28.6105762))",Planning / land-use mismatch,Historical snapshot retained to evaluate planning / land-use mismatch.
P112,CP-DAB-016,2012,Legacy record created,Dabri Parcel-16,Kavya Mehta,241.9,ACTIVE,Paper / legacy,Local cadastral / unknown,"POLYGON((77.0874135 28.6106011, 77.0875949 28.6106011, 77.0875949 28.6107245, 77.0874135 28.6107245, 77.0874135 28.6106011))",Planning / land-use mismatch,Historical snapshot retained to evaluate planning / land-use mismatch.
P112,CP-DAB-016,2016,Digitization / mutation update,Dabri Parcel-16,Kavya Mehta,245.7,ACTIVE,Digitized,EPSG:4326,"POLYGON((77.0874128 28.6106006, 77.0875956 28.6106006, 77.0875956 28.6107250, 77.0874128 28.6107250, 77.0874128 28.6106006))",Planning / land-use mismatch,Historical snapshot retained to evaluate planning / land-use mismatch.
P112,CP-DAB-016,2020,GIS harmonization update,Dabri Parcel-16,Kunal Sharma,248.2,ACTIVE,Digitized + GIS,EPSG:4326,"POLYGON((77.0874123 28.6106003, 77.0875960 28.6106003, 77.0875960 28.6107253, 77.0874123 28.6107253, 77.0874123 28.6106003))",Planning / land-use mismatch,Historical snapshot retained to evaluate planning / land-use mismatch.
P112,CP-DAB-016,2025,Planning land-use comparison,Dabri Parcel-16,Kunal Sharma,249.4,ACTIVE,Cross-source conflict,EPSG:4326,"POLYGON((77.0874121 28.6106001, 77.0875963 28.6106001, 77.0875963 28.6107254, 77.0874121 28.6107254, 77.0874121 28.6106001))",Planning / land-use mismatch,Historical snapshot retained to evaluate planning / land-use mismatch.
P113,CP-DAB-017,2012,Legacy record created,Dabri Parcel-17,Raghav Jain,336.6,ACTIVE,Paper / legacy,Local cadastral / unknown,"POLYGON((77.0844202 28.6102342, 77.0845714 28.6102342, 77.0845714 28.6104402, 77.0844202 28.6104402, 77.0844202 28.6102342))",,Cross-source values remain within harmonization tolerances.
P113,CP-DAB-017,2016,Digitization / mutation update,Dabri Parcel-17,Raghav Jain,341.8,ACTIVE,Digitized,EPSG:4326,"POLYGON((77.0844196 28.6102334, 77.0845720 28.6102334, 77.0845720 28.6104410, 77.0844196 28.6104410, 77.0844196 28.6102334))",,Cross-source values remain within harmonization tolerances.
P113,CP-DAB-017,2020,GIS harmonization update,Dabri Parcel-17,Nikhil Kapoor,345.3,ACTIVE,Digitized + GIS,EPSG:4326,"POLYGON((77.0844193 28.6102329, 77.0845724 28.6102329, 77.0845724 28.6104416, 77.0844193 28.6104416, 77.0844193 28.6102329))",,Cross-source values remain within harmonization tolerances.
P113,CP-DAB-017,2025,Current harmonized parcel snapshot,Dabri Parcel-17,Nikhil Kapoor,347.0,ACTIVE,Verified / harmonized,EPSG:4326,"POLYGON((77.0844191 28.6102326, 77.0845726 28.6102326, 77.0845726 28.6104418, 77.0844191 28.6104418, 77.0844191 28.6102326))",,Cross-source values remain within harmonization tolerances.
P114,CP-DAB-018,2012,Legacy record created,Dabri Parcel-18,Shaurya Kapoor,314.4,ACTIVE,Paper / legacy,Local cadastral / unknown,"POLYGON((77.0848550 28.6102341, 77.0849961 28.6102341, 77.0849961 28.6104403, 77.0848550 28.6104403, 77.0848550 28.6102341))",,Cross-source values remain within harmonization tolerances.
P114,CP-DAB-018,2016,Digitization / mutation update,Dabri Parcel-18,Shaurya Kapoor,319.2,ACTIVE,Digitized,EPSG:4326,"POLYGON((77.0848545 28.6102333, 77.0849967 28.6102333, 77.0849967 28.6104411, 77.0848545 28.6104411, 77.0848545 28.6102333))",,Cross-source values remain within harmonization tolerances.
P114,CP-DAB-018,2020,GIS harmonization update,Dabri Parcel-18,Sara Rao,322.5,ACTIVE,Digitized + GIS,EPSG:4326,"POLYGON((77.0848541 28.6102328, 77.0849970 28.6102328, 77.0849970 28.6104416, 77.0848541 28.6104416, 77.0848541 28.6102328))",,Cross-source values remain within harmonization tolerances.
P114,CP-DAB-018,2025,Current harmonized parcel snapshot,Dabri Parcel-18,Sara Rao,324.1,ACTIVE,Verified / harmonized,EPSG:4326,"POLYGON((77.0848540 28.6102325, 77.0849972 28.6102325, 77.0849972 28.6104419, 77.0848540 28.6104419, 77.0848540 28.6102325))",,Cross-source values remain within harmonization tolerances.
P115,CP-DAB-019,2012,Legacy record created,Dabri Parcel-19,Shreya Rao,264.9,ACTIVE,Paper / legacy,Local cadastral / unknown,"POLYGON((77.0852798 28.6102561, 77.0854309 28.6102561, 77.0854309 28.6104183, 77.0852798 28.6104183, 77.0852798 28.6102561))",,Cross-source values remain within harmonization tolerances.
P115,CP-DAB-019,2016,Digitization / mutation update,Dabri Parcel-19,Shreya Rao,269.0,ACTIVE,Digitized,EPSG:4326,"POLYGON((77.0852792 28.6102555, 77.0854315 28.6102555, 77.0854315 28.6104189, 77.0852792 28.6104189, 77.0852792 28.6102555))",,Cross-source values remain within harmonization tolerances.
P115,CP-DAB-019,2020,GIS harmonization update,Dabri Parcel-19,Priya Gupta,271.7,ACTIVE,Digitized + GIS,EPSG:4326,"POLYGON((77.0852788 28.6102551, 77.0854319 28.6102551, 77.0854319 28.6104193, 77.0852788 28.6104193, 77.0852788 28.6102551))",,Cross-source values remain within harmonization tolerances.
P115,CP-DAB-019,2025,Current harmonized parcel snapshot,Dabri Parcel-19,Priya Gupta,273.1,ACTIVE,Verified / harmonized,EPSG:4326,"POLYGON((77.0852786 28.6102549, 77.0854321 28.6102549, 77.0854321 28.6104195, 77.0852786 28.6104195, 77.0852786 28.6102549))",,Cross-source values remain within harmonization tolerances.
P116,CP-DAB-020,2012,Legacy record created,Dabri Parcel-20,Siya Joshi,367.0,ACTIVE,Paper / legacy,Local cadastral / unknown,"POLYGON((77.0856944 28.6102436, 77.0858758 28.6102436, 77.0858758 28.6104308, 77.0856944 28.6104308, 77.0856944 28.6102436))",,Cross-source values remain within harmonization tolerances.
P116,CP-DAB-020,2016,Digitization / mutation update,Dabri Parcel-20,Siya Joshi,372.6,ACTIVE,Digitized,EPSG:4326,"POLYGON((77.0856937 28.6102429, 77.0858765 28.6102429, 77.0858765 28.6104315, 77.0856937 28.6104315, 77.0856937 28.6102429))",,Cross-source values remain within harmonization tolerances.
P116,CP-DAB-020,2020,GIS harmonization update,Dabri Parcel-20,Priya Kohli,376.4,ACTIVE,Digitized + GIS,EPSG:4326,"POLYGON((77.0856933 28.6102424, 77.0858770 28.6102424, 77.0858770 28.6104320, 77.0856933 28.6104320, 77.0856933 28.6102424))",,Cross-source values remain within harmonization tolerances.
P116,CP-DAB-020,2025,Current harmonized parcel snapshot,Dabri Parcel-20,Priya Kohli,378.3,ACTIVE,Verified / harmonized,EPSG:4326,"POLYGON((77.0856930 28.6102422, 77.0858772 28.6102422, 77.0858772 28.6104322, 77.0856930 28.6104322, 77.0856930 28.6102422))",,Cross-source values remain within harmonization tolerances.
P117,CP-DAB-021,2012,Legacy record created,Dabri Parcel-21,Siya Chawla,293.5,ACTIVE,Paper / legacy,Local cadastral / unknown,"POLYGON((77.0861242 28.6102623, 77.0863056 28.6102623, 77.0863056 28.6104121, 77.0861242 28.6104121, 77.0861242 28.6102623))",,Cross-source values remain within harmonization tolerances.
P117,CP-DAB-021,2016,Digitization / mutation update,Dabri Parcel-21,Siya Chawla,298.1,ACTIVE,Digitized,EPSG:4326,"POLYGON((77.0861235 28.6102618, 77.0863063 28.6102618, 77.0863063 28.6104127, 77.0861235 28.6104127, 77.0861235 28.6102618))",,Cross-source values remain within harmonization tolerances.
P117,CP-DAB-021,2020,GIS harmonization update,Dabri Parcel-21,Priya Sharma,301.1,ACTIVE,Digitized + GIS,EPSG:4326,"POLYGON((77.0861230 28.6102614, 77.0863067 28.6102614, 77.0863067 28.6104130, 77.0861230 28.6104130, 77.0861230 28.6102614))",,Cross-source values remain within harmonization tolerances.
P117,CP-DAB-021,2025,Current harmonized parcel snapshot,Dabri Parcel-21,Priya Sharma,302.6,ACTIVE,Verified / harmonized,EPSG:4326,"POLYGON((77.0861228 28.6102612, 77.0863070 28.6102612, 77.0863070 28.6104132, 77.0861228 28.6104132, 77.0861228 28.6102612))",,Cross-source values remain within harmonization tolerances.
P118,CP-DAB-022,2012,Legacy record created,Dabri Parcel-22,Siddharth Khanna,344.1,ACTIVE,Paper / legacy,Local cadastral / unknown,"POLYGON((77.0865741 28.6102244, 77.0867152 28.6102244, 77.0867152 28.6104500, 77.0865741 28.6104500, 77.0865741 28.6102244))",,Cross-source values remain within harmonization tolerances.
P118,CP-DAB-022,2016,Digitization / mutation update,Dabri Parcel-22,Siddharth Khanna,349.4,ACTIVE,Digitized,EPSG:4326,"POLYGON((77.0865736 28.6102235, 77.0867157 28.6102235, 77.0867157 28.6104509, 77.0865736 28.6104509, 77.0865736 28.6102235))",,Cross-source values remain within harmonization tolerances.
P118,CP-DAB-022,2020,GIS harmonization update,Dabri Parcel-22,Aditi Wadhwa,352.9,ACTIVE,Digitized + GIS,EPSG:4326,"POLYGON((77.0865732 28.6102229, 77.0867161 28.6102229, 77.0867161 28.6104515, 77.0865732 28.6104515, 77.0865732 28.6102229))",,Cross-source values remain within harmonization tolerances.
P118,CP-DAB-022,2025,Current harmonized parcel snapshot,Dabri Parcel-22,Aditi Wadhwa,354.7,ACTIVE,Verified / harmonized,EPSG:4326,"POLYGON((77.0865730 28.6102226, 77.0867163 28.6102226, 77.0867163 28.6104518, 77.0865730 28.6104518, 77.0865730 28.6102226))",,Cross-source values remain within harmonization tolerances.
P119,CP-DAB-023,2012,Legacy record created,Dabri Parcel-23,Pranav Gupta,375.1,ACTIVE,Paper / legacy,Local cadastral / unknown,"POLYGON((77.0869988 28.6102224, 77.0871500 28.6102224, 77.0871500 28.6104520, 77.0869988 28.6104520, 77.0869988 28.6102224))",,Cross-source values remain within harmonization tolerances.
P119,CP-DAB-023,2016,Digitization / mutation update,Dabri Parcel-23,Pranav Gupta,380.9,ACTIVE,Digitized,EPSG:4326,"POLYGON((77.0869983 28.6102215, 77.0871506 28.6102215, 77.0871506 28.6104529, 77.0869983 28.6104529, 77.0869983 28.6102215))",,Cross-source values remain within harmonization tolerances.
P119,CP-DAB-023,2020,GIS harmonization update,Dabri Parcel-23,Arjun Nair,384.8,ACTIVE,Digitized + GIS,EPSG:4326,"POLYGON((77.0869979 28.6102209, 77.0871510 28.6102209, 77.0871510 28.6104535, 77.0869979 28.6104535, 77.0869979 28.6102209))",,Cross-source values remain within harmonization tolerances.
P119,CP-DAB-023,2025,Current harmonized parcel snapshot,Dabri Parcel-23,Arjun Nair,386.7,ACTIVE,Verified / harmonized,EPSG:4326,"POLYGON((77.0869977 28.6102206, 77.0871512 28.6102206, 77.0871512 28.6104538, 77.0869977 28.6104538, 77.0869977 28.6102206))",,Cross-source values remain within harmonization tolerances.
P120,CP-DAB-024,2012,Legacy record created,Dabri Parcel-24,Varun Saxena,313.1,ACTIVE,Paper / legacy,Local cadastral / unknown,"POLYGON((77.0874336 28.6102345, 77.0875747 28.6102345, 77.0875747 28.6104399, 77.0874336 28.6104399, 77.0874336 28.6102345))",,Cross-source values remain within harmonization tolerances.
P120,CP-DAB-024,2016,Digitization / mutation update,Dabri Parcel-24,Varun Saxena,318.0,ACTIVE,Digitized,EPSG:4326,"POLYGON((77.0874331 28.6102337, 77.0875753 28.6102337, 77.0875753 28.6104407, 77.0874331 28.6104407, 77.0874331 28.6102337))",,Cross-source values remain within harmonization tolerances.
P120,CP-DAB-024,2020,GIS harmonization update,Dabri Parcel-24,Siya Arora,321.2,ACTIVE,Digitized + GIS,EPSG:4326,"POLYGON((77.0874327 28.6102332, 77.0875756 28.6102332, 77.0875756 28.6104412, 77.0874327 28.6104412, 77.0874327 28.6102332))",,Cross-source values remain within harmonization tolerances.
P120,CP-DAB-024,2025,Current harmonized parcel snapshot,Dabri Parcel-24,Siya Arora,322.8,ACTIVE,Verified / harmonized,EPSG:4326,"POLYGON((77.0874326 28.6102330, 77.0875758 28.6102330, 77.0875758 28.6104415, 77.0874326 28.6104415, 77.0874326 28.6102330))",,Cross-source values remain within harmonization tolerances.
P121,CP-DAB-025,2012,Legacy record created,Dabri Parcel-25,Kavya Batra,298.4,ACTIVE,Paper / legacy,Local cadastral / unknown,"POLYGON((77.0844202 28.6099203, 77.0845714 28.6099203, 77.0845714 28.6101030, 77.0844202 28.6101030, 77.0844202 28.6099203))",,Cross-source values remain within harmonization tolerances.
P121,CP-DAB-025,2016,Digitization / mutation update,Dabri Parcel-25,Kavya Batra,303.0,ACTIVE,Digitized,EPSG:4326,"POLYGON((77.0844196 28.6099196, 77.0845720 28.6099196, 77.0845720 28.6101037, 77.0844196 28.6101037, 77.0844196 28.6099196))",,Cross-source values remain within harmonization tolerances.
P121,CP-DAB-025,2020,GIS harmonization update,Dabri Parcel-25,Vihaan Kapoor,306.1,ACTIVE,Digitized + GIS,EPSG:4326,"POLYGON((77.0844193 28.6099191, 77.0845724 28.6099191, 77.0845724 28.6101041, 77.0844193 28.6101041, 77.0844193 28.6099191))",,Cross-source values remain within harmonization tolerances.
P121,CP-DAB-025,2025,Current harmonized parcel snapshot,Dabri Parcel-25,Vihaan Kapoor,307.6,ACTIVE,Verified / harmonized,EPSG:4326,"POLYGON((77.0844191 28.6099189, 77.0845726 28.6099189, 77.0845726 28.6101044, 77.0844191 28.6101044, 77.0844191 28.6099189))",,Cross-source values remain within harmonization tolerances.
P122,CP-DAB-026,2012,Legacy record created,Dabri Parcel-26,Akash Verma,370.0,ACTIVE,Paper / legacy,Local cadastral / unknown,"POLYGON((77.0848450 28.6099055, 77.0850062 28.6099055, 77.0850062 28.6101178, 77.0848450 28.6101178, 77.0848450 28.6099055))",,Cross-source values remain within harmonization tolerances.
P122,CP-DAB-026,2016,Digitization / mutation update,Dabri Parcel-26,Akash Verma,375.7,ACTIVE,Digitized,EPSG:4326,"POLYGON((77.0848443 28.6099047, 77.0850068 28.6099047, 77.0850068 28.6101186, 77.0848443 28.6101186, 77.0848443 28.6099047))",,Cross-source values remain within harmonization tolerances.
P122,CP-DAB-026,2020,GIS harmonization update,Dabri Parcel-26,Pranav Batra,379.5,ACTIVE,Digitized + GIS,EPSG:4326,"POLYGON((77.0848439 28.6099041, 77.0850072 28.6099041, 77.0850072 28.6101192, 77.0848439 28.6101192, 77.0848439 28.6099041))",,Cross-source values remain within harmonization tolerances.
P122,CP-DAB-026,2025,Current harmonized parcel snapshot,Dabri Parcel-26,Pranav Batra,381.4,ACTIVE,Verified / harmonized,EPSG:4326,"POLYGON((77.0848437 28.6099038, 77.0850074 28.6099038, 77.0850074 28.6101194, 77.0848437 28.6101194, 77.0848437 28.6099038))",,Cross-source values remain within harmonization tolerances.
P123,CP-DAB-027,2012,Legacy record created,Dabri Parcel-27,Raghav Malhotra,300.4,ACTIVE,Paper / legacy,Local cadastral / unknown,"POLYGON((77.0852848 28.6099131, 77.0854259 28.6099131, 77.0854259 28.6101102, 77.0852848 28.6101102, 77.0852848 28.6099131))",,Cross-source values remain within harmonization tolerances.
P123,CP-DAB-027,2016,Digitization / mutation update,Dabri Parcel-27,Raghav Malhotra,305.1,ACTIVE,Digitized,EPSG:4326,"POLYGON((77.0852843 28.6099124, 77.0854264 28.6099124, 77.0854264 28.6101109, 77.0852843 28.6101109, 77.0852843 28.6099124))",,Cross-source values remain within harmonization tolerances.
P123,CP-DAB-027,2020,GIS harmonization update,Dabri Parcel-27,Rohan Saxena,308.2,ACTIVE,Digitized + GIS,EPSG:4326,"POLYGON((77.0852839 28.6099119, 77.0854268 28.6099119, 77.0854268 28.6101114, 77.0852839 28.6101114, 77.0852839 28.6099119))",,Cross-source values remain within harmonization tolerances.
P123,CP-DAB-027,2025,Current harmonized parcel snapshot,Dabri Parcel-27,Rohan Saxena,309.7,ACTIVE,Verified / harmonized,EPSG:4326,"POLYGON((77.0852837 28.6099116, 77.0854270 28.6099116, 77.0854270 28.6101117, 77.0852837 28.6101117, 77.0852837 28.6099116))",,Cross-source values remain within harmonization tolerances.
P124,CP-DAB-028,2012,Legacy record created,Dabri Parcel-28,Akash Wadhwa,195.4,ACTIVE,Paper / legacy,Local cadastral / unknown,"POLYGON((77.0857095 28.6099518, 77.0858607 28.6099518, 77.0858607 28.6100714, 77.0857095 28.6100714, 77.0857095 28.6099518))",,Cross-source values remain within harmonization tolerances.
P124,CP-DAB-028,2016,Digitization / mutation update,Dabri Parcel-28,Akash Wadhwa,198.4,ACTIVE,Digitized,EPSG:4326,"POLYGON((77.0857090 28.6099514, 77.0858613 28.6099514, 77.0858613 28.6100719, 77.0857090 28.6100719, 77.0857090 28.6099514))",,Cross-source values remain within harmonization tolerances.
P124,CP-DAB-028,2020,GIS harmonization update,Dabri Parcel-28,Kavya Nair,200.4,ACTIVE,Digitized + GIS,EPSG:4326,"POLYGON((77.0857086 28.6099511, 77.0858617 28.6099511, 77.0858617 28.6100722, 77.0857086 28.6100722, 77.0857086 28.6099511))",,Cross-source values remain within harmonization tolerances.
P124,CP-DAB-028,2025,Current harmonized parcel snapshot,Dabri Parcel-28,Kavya Nair,201.4,ACTIVE,Verified / harmonized,EPSG:4326,"POLYGON((77.0857084 28.6099509, 77.0858619 28.6099509, 77.0858619 28.6100724, 77.0857084 28.6100724, 77.0857084 28.6099509))",,Cross-source values remain within harmonization tolerances.
P125,CP-DAB-029,2012,Legacy record created,Dabri Parcel-29,Ishaan Malhotra,248.3,ACTIVE,Paper / legacy,Local cadastral / unknown,"POLYGON((77.0861393 28.6099356, 77.0862905 28.6099356, 77.0862905 28.6100876, 77.0861393 28.6100876, 77.0861393 28.6099356))",,Cross-source values remain within harmonization tolerances.
P125,CP-DAB-029,2016,Digitization / mutation update,Dabri Parcel-29,Ishaan Malhotra,252.2,ACTIVE,Digitized,EPSG:4326,"POLYGON((77.0861387 28.6099350, 77.0862910 28.6099350, 77.0862910 28.6100882, 77.0861387 28.6100882, 77.0861387 28.6099350))",,Cross-source values remain within harmonization tolerances.
P125,CP-DAB-029,2020,GIS harmonization update,Dabri Parcel-29,Rohan Kohli,254.7,ACTIVE,Digitized + GIS,EPSG:4326,"POLYGON((77.0861383 28.6099347, 77.0862914 28.6099347, 77.0862914 28.6100886, 77.0861383 28.6100886, 77.0861383 28.6099347))",,Cross-source values remain within harmonization tolerances.
P125,CP-DAB-029,2025,Current harmonized parcel snapshot,Dabri Parcel-29,Rohan Kohli,256.0,ACTIVE,Verified / harmonized,EPSG:4326,"POLYGON((77.0861381 28.6099345, 77.0862916 28.6099345, 77.0862916 28.6100888, 77.0861381 28.6100888, 77.0861381 28.6099345))",,Cross-source values remain within harmonization tolerances.
P126,CP-DAB-030,2012,Legacy record created,Dabri Parcel-30,Rhea Arora,233.1,ACTIVE,Paper / legacy,Local cadastral / unknown,"POLYGON((77.0865741 28.6099352, 77.0867152 28.6099352, 77.0867152 28.6100881, 77.0865741 28.6100881, 77.0865741 28.6099352))",,Cross-source values remain within harmonization tolerances.
P126,CP-DAB-030,2016,Digitization / mutation update,Dabri Parcel-30,Rhea Arora,236.7,ACTIVE,Digitized,EPSG:4326,"POLYGON((77.0865736 28.6099346, 77.0867157 28.6099346, 77.0867157 28.6100887, 77.0865736 28.6100887, 77.0865736 28.6099346))",,Cross-source values remain within harmonization tolerances.
P126,CP-DAB-030,2020,GIS harmonization update,Dabri Parcel-30,Myra Dhingra,239.1,ACTIVE,Digitized + GIS,EPSG:4326,"POLYGON((77.0865732 28.6099342, 77.0867161 28.6099342, 77.0867161 28.6100891, 77.0865732 28.6100891, 77.0865732 28.6099342))",,Cross-source values remain within harmonization tolerances.
P126,CP-DAB-030,2025,Current harmonized parcel snapshot,Dabri Parcel-30,Myra Dhingra,240.3,ACTIVE,Verified / harmonized,EPSG:4326,"POLYGON((77.0865730 28.6099340, 77.0867163 28.6099340, 77.0867163 28.6100893, 77.0865730 28.6100893, 77.0865730 28.6099340))",,Cross-source values remain within harmonization tolerances.
P127,CP-DAB-031,2012,Legacy record created,Dabri Parcel-31,Dev Malhotra,187.1,ACTIVE,Paper / legacy,Local cadastral / unknown,"POLYGON((77.0869837 28.6099639, 77.0871651 28.6099639, 77.0871651 28.6100594, 77.0869837 28.6100594, 77.0869837 28.6099639))",,Cross-source values remain within harmonization tolerances.
P127,CP-DAB-031,2016,Digitization / mutation update,Dabri Parcel-31,Dev Malhotra,190.0,ACTIVE,Digitized,EPSG:4326,"POLYGON((77.0869830 28.6099635, 77.0871658 28.6099635, 77.0871658 28.6100597, 77.0869830 28.6100597, 77.0869830 28.6099635))",,Cross-source values remain within harmonization tolerances.
P127,CP-DAB-031,2020,GIS harmonization update,Dabri Parcel-31,Shreya Dhingra,191.9,ACTIVE,Digitized + GIS,EPSG:4326,"POLYGON((77.0869826 28.6099633, 77.0871663 28.6099633, 77.0871663 28.6100600, 77.0869826 28.6100600, 77.0869826 28.6099633))",,Cross-source values remain within harmonization tolerances.
P127,CP-DAB-031,2025,Current harmonized parcel snapshot,Dabri Parcel-31,Shreya Dhingra,192.9,ACTIVE,Verified / harmonized,EPSG:4326,"POLYGON((77.0869823 28.6099632, 77.0871665 28.6099632, 77.0871665 28.6100601, 77.0869823 28.6100601, 77.0869823 28.6099632))",,Cross-source values remain within harmonization tolerances.
P128,CP-DAB-032,2012,Legacy record created,Dabri Parcel-32,Rhea Khanna,266.4,ACTIVE,Paper / legacy,Local cadastral / unknown,"POLYGON((77.0874135 28.6099437, 77.0875949 28.6099437, 77.0875949 28.6100796, 77.0874135 28.6100796, 77.0874135 28.6099437))",,Cross-source values remain within harmonization tolerances.
P128,CP-DAB-032,2016,Digitization / mutation update,Dabri Parcel-32,Rhea Khanna,270.5,ACTIVE,Digitized,EPSG:4326,"POLYGON((77.0874128 28.6099432, 77.0875956 28.6099432, 77.0875956 28.6100801, 77.0874128 28.6100801, 77.0874128 28.6099432))",,Cross-source values remain within harmonization tolerances.
P128,CP-DAB-032,2020,GIS harmonization update,Dabri Parcel-32,Vihaan Malhotra,273.2,ACTIVE,Digitized + GIS,EPSG:4326,"POLYGON((77.0874123 28.6099428, 77.0875960 28.6099428, 77.0875960 28.6100805, 77.0874123 28.6100805, 77.0874123 28.6099428))",,Cross-source values remain within harmonization tolerances.
P128,CP-DAB-032,2025,Current harmonized parcel snapshot,Dabri Parcel-32,Vihaan Malhotra,274.6,ACTIVE,Verified / harmonized,EPSG:4326,"POLYGON((77.0874121 28.6099427, 77.0875963 28.6099427, 77.0875963 28.6100806, 77.0874121 28.6100806, 77.0874121 28.6099427))",,Cross-source values remain within harmonization tolerances.
