canonical_parcel_id,cell_id,parcel_number,locality,parcel_status,land_use,property_type,ownership_category,owner_entity,tenure_type,area_sqm,built_up_area_sqm,building_count,floor_count,society_name,government_agency,current_geometry_id,authoritative_version,latitude_centroid,longitude_centroid,special_condition,municipal_ward,canonical_state_version,authoritative_geometry_version
IN-DL-110054-1-1,CELL-01,1,"Pramaan Nagar Urban Locality (Synthetic), Delhi 110054",ACTIVE,RESIDENTIAL,BUILDER_FLOOR,PRIVATE_INDIVIDUAL,Ishaan Sethi,FREEHOLD,842.41,1184.09,1,3,,,GEO-01-001-G1,V1,28.6838771,77.2236587,,SYN-WARD-70,V2,G1
IN-DL-110054-1-2,CELL-01,2,"Pramaan Nagar Urban Locality (Synthetic), Delhi 110054",ACTIVE,RESIDENTIAL,INDEPENDENT_HOUSE,PRIVATE_INDIVIDUAL,Sneha Aggarwal,FREEHOLD,746.83,677.14,1,2,,,GEO-01-002-G1,V1,28.6838771,77.2239581,,SYN-WARD-70,V2,G1
IN-DL-110054-1-3,CELL-01,3,"Pramaan Nagar Urban Locality (Synthetic), Delhi 110054",ACTIVE,RESIDENTIAL,INDEPENDENT_HOUSE,PRIVATE_INDIVIDUAL,Deepak Gupta,FREEHOLD,695.46,336.22,1,1,,,GEO-01-003-G1,V1,28.6838771,77.2242298,,SYN-WARD-70,V2,G1
IN-DL-110054-1-4,CELL-01,4,"Pramaan Nagar Urban Locality (Synthetic), Delhi 110054",ACTIVE,RESIDENTIAL,BUILDER_FLOOR,PRIVATE_INDIVIDUAL,Aarav Tiwari,FREEHOLD,804.28,877.84,1,2,,,GEO-01-004-G1,V1,28.6838771,77.2245124,,SYN-WARD-70,V1,G1
IN-DL-110054-1-5,CELL-01,5,"Pramaan Nagar Urban Locality (Synthetic), Delhi 110054",ACTIVE,RESIDENTIAL,INDEPENDENT_HOUSE,PRIVATE_INDIVIDUAL,Ishaan Kapoor,FREEHOLD,827.61,1126.52,1,3,,,GEO-01-005-G1,V1,28.6838771,77.2248198,,SYN-WARD-70,V2,G1
IN-DL-110054-1-6,CELL-01,6,"Pramaan Nagar Urban Locality (Synthetic), Delhi 110054",ACTIVE,RESIDENTIAL,INDEPENDENT_HOUSE,PRIVATE_INDIVIDUAL,Sneha Bhatia,FREEHOLD,1004.72,1773.56,1,3,,,GEO-01-006-G1,V1,28.6838771,77.225165,,SYN-WARD-70,V2,G1
IN-DL-110054-1-7,CELL-01,7,"Pramaan Nagar Urban Locality (Synthetic), Delhi 110054",ACTIVE,RESIDENTIAL,BUILDER_FLOOR,PRIVATE_INDIVIDUAL,Deepak Arora,FREEHOLD,719.04,1549.33,1,4,,,GEO-01-007-G1,V1,28.6838771,77.2254897,,SYN-WARD-70,V2,G1
IN-DL-110054-1-8,CELL-01,8,"Pramaan Nagar Urban Locality (Synthetic), Delhi 110054",ACTIVE,RESIDENTIAL,INDEPENDENT_HOUSE,PRIVATE_INDIVIDUAL,Aarav Mehta,FREEHOLD,832.26,2313.46,1,4,,,GEO-01-008-G1,V1,28.6838771,77.225782,,SYN-WARD-70,V2,G1
IN-DL-110054-1-9,CELL-01,9,"Pramaan Nagar Urban Locality (Synthetic), Delhi 110054",ACTIVE,RESIDENTIAL,INDEPENDENT_HOUSE,PRIVATE_INDIVIDUAL,Ishaan Singh,FREEHOLD,796.82,2011.76,1,4,,,GEO-01-009-G1,V1,28.6838771,77.2260889,,SYN-WARD-70,V2,G1
IN-DL-110054-1-10,CELL-01,10,"Pramaan Nagar Urban Locality (Synthetic), Delhi 110054",ACTIVE,MIXED_USE,MIXED_USE_BUILDING,PRIVATE_INDIVIDUAL,Sneha Bansal,FREEHOLD,692.73,1737.83,1,4,,,GEO-01-010-G1,V1,28.6838771,77.2263695,,SYN-WARD-70,V2,G1
IN-DL-110054-1-11,CELL-01,11,"Pramaan Nagar Urban Locality (Synthetic), Delhi 110054",ACTIVE,RESIDENTIAL,INDEPENDENT_HOUSE,PRIVATE_INDIVIDUAL,Deepak Sharma,FREEHOLD,750.16,1172.06,1,3,,,GEO-01-011-G1,V1,28.6836447,77.2236587,,SYN-WARD-70,V2,G1
IN-DL-110054-1-12,CELL-01,12,"Pramaan Nagar Urban Locality (Synthetic), Delhi 110054",ACTIVE,RESIDENTIAL,INDEPENDENT_HOUSE,PRIVATE_INDIVIDUAL,Aarav Saxena,FREEHOLD,665.04,1343.0,1,3,,,GEO-01-012-G1,V1,28.6836447,77.2239581,,SYN-WARD-70,V2,G1
IN-DL-110054-1-13,CELL-01,13,"Pramaan Nagar Urban Locality (Synthetic), Delhi 110054",ACTIVE,RESIDENTIAL,BUILDER_FLOOR,PRIVATE_INDIVIDUAL,Ishaan Malhotra,FREEHOLD,619.3,872.81,1,3,,,GEO-01-013-G1,V1,28.6836447,77.2242298,,SYN-WARD-70,V2,G1
IN-DL-110054-1-14,CELL-01,14,"Pramaan Nagar Urban Locality (Synthetic), Delhi 110054",ACTIVE,RESIDENTIAL,INDEPENDENT_HOUSE,PRIVATE_INDIVIDUAL,Sneha Chawla,FREEHOLD,716.2,1464.41,1,4,,,GEO-01-014-G1,V1,28.6836447,77.2245124,,SYN-WARD-70,V2,G1
IN-DL-110054-1-15,CELL-01,15,"Pramaan Nagar Urban Locality (Synthetic), Delhi 110054",ACTIVE,RESIDENTIAL,INDEPENDENT_HOUSE,PRIVATE_INDIVIDUAL,Deepak Jain,FREEHOLD,736.98,459.13,1,1,,,GEO-01-015-G1,V1,28.6836447,77.2248198,,SYN-WARD-70,V2,G1
IN-DL-110054-1-16,CELL-01,16,"Pramaan Nagar Urban Locality (Synthetic), Delhi 110054",ACTIVE,RESIDENTIAL,BUILDER_FLOOR,PRIVATE_INDIVIDUAL,Aarav Verma,FREEHOLD,894.69,500.36,1,1,,,GEO-01-016-G1,V1,28.6836447,77.225165,,SYN-WARD-70,V2,G1
IN-DL-110054-1-17,CELL-01,17,"Pramaan Nagar Urban Locality (Synthetic), Delhi 110054",ACTIVE,RESIDENTIAL,INDEPENDENT_HOUSE,PRIVATE_INDIVIDUAL,Ishaan Mishra,FREEHOLD,640.3,680.2,1,2,,,GEO-01-017-G1,V1,28.6836447,77.2254897,,SYN-WARD-70,V2,G1
IN-DL-110054-1-18,CELL-01,18,"Pramaan Nagar Urban Locality (Synthetic), Delhi 110054",ACTIVE,RESIDENTIAL,INDEPENDENT_HOUSE,PRIVATE_INDIVIDUAL,Sneha Khanna,FREEHOLD,741.12,1194.96,1,3,,,GEO-01-018-G1,V1,28.6836447,77.225782,,SYN-WARD-70,V1,G1
IN-DL-110054-1-19,CELL-01,19,"Pramaan Nagar Urban Locality (Synthetic), Delhi 110054",ACTIVE,RESIDENTIAL,BUILDER_FLOOR,PRIVATE_INDIVIDUAL,Deepak Sethi,FREEHOLD,709.56,1135.3,1,3,,,GEO-01-019-G1,V1,28.6836447,77.2260889,,SYN-WARD-70,V2,G1
IN-DL-110054-1-20,CELL-01,20,"Pramaan Nagar Urban Locality (Synthetic), Delhi 110054",ACTIVE,MIXED_USE,MIXED_USE_BUILDING,PRIVATE_INDIVIDUAL,Aarav Aggarwal,FREEHOLD,616.87,1895.07,1,4,,,GEO-01-020-G1,V1,28.6836447,77.2263695,,SYN-WARD-70,V1,G1
IN-DL-110054-1-21,CELL-01,21,"Pramaan Nagar Urban Locality (Synthetic), Delhi 110054",ACTIVE,RESIDENTIAL,INDEPENDENT_HOUSE,PRIVATE_INDIVIDUAL,Ishaan Gupta,FREEHOLD,760.91,348.97,1,1,,,GEO-01-021-G1,V1,28.6834242,77.2236587,,SYN-WARD-70,V2,G1
IN-DL-110054-1-22,CELL-01,22,"Pramaan Nagar Urban Locality (Synthetic), Delhi 110054",ACTIVE,RESIDENTIAL,BUILDER_FLOOR,PRIVATE_INDIVIDUAL,Sneha Tiwari,FREEHOLD,674.57,368.98,1,1,,,GEO-01-022-G1,V1,28.6834242,77.2239581,,SYN-WARD-70,V2,G1
IN-DL-110054-1-23,CELL-01,23,"Pramaan Nagar Urban Locality (Synthetic), Delhi 110054",ACTIVE,RESIDENTIAL,INDEPENDENT_HOUSE,PRIVATE_INDIVIDUAL,Deepak Kapoor,FREEHOLD,628.17,691.48,1,2,,,GEO-01-023-G1,V1,28.6834242,77.2242298,,SYN-WARD-70,V1,G1
IN-DL-110054-1-24,CELL-01,24,"Pramaan Nagar Urban Locality (Synthetic), Delhi 110054",ACTIVE,RESIDENTIAL,INDEPENDENT_HOUSE,PRIVATE_INDIVIDUAL,Aarav Bhatia,FREEHOLD,726.46,1850.36,1,4,,,GEO-01-024-G1,V1,28.6834242,77.2245124,,SYN-WARD-70,V2,G1
IN-DL-110054-1-25,CELL-01,25,"Pramaan Nagar Urban Locality (Synthetic), Delhi 110054",ACTIVE,RESIDENTIAL,BUILDER_FLOOR,PRIVATE_INDIVIDUAL,Ishaan Arora,FREEHOLD,747.53,395.16,1,1,,,GEO-01-025-G1,V1,28.6834242,77.2248198,,SYN-WARD-70,V2,G1
IN-DL-110054-1-26,CELL-01,26,"Pramaan Nagar Urban Locality (Synthetic), Delhi 110054",ACTIVE,RESIDENTIAL,INDEPENDENT_HOUSE,PRIVATE_INDIVIDUAL,Sneha Mehta,FREEHOLD,906.05,826.69,1,2,,,GEO-01-026-G2,V2,28.6834332,77.2251466,,SYN-WARD-70,V1,G2
IN-DL-110054-1-27,CELL-01,27,"Pramaan Nagar Urban Locality (Synthetic), Delhi 110054",ACTIVE,RESIDENTIAL,INDEPENDENT_HOUSE,PRIVATE_INDIVIDUAL,Deepak Singh,FREEHOLD,649.47,1275.27,1,3,,,GEO-01-027-G1,V1,28.6834242,77.2254897,,SYN-WARD-70,V2,G1
IN-DL-110054-1-28,CELL-01,28,"Pramaan Nagar Urban Locality (Synthetic), Delhi 110054",ACTIVE,RESIDENTIAL,BUILDER_FLOOR,PRIVATE_INDIVIDUAL,Aarav Bansal,FREEHOLD,751.73,345.41,1,1,,,GEO-01-028-G1,V1,28.6834242,77.225782,,SYN-WARD-70,V2,G1
IN-DL-110054-1-29,CELL-01,29,"Pramaan Nagar Urban Locality (Synthetic), Delhi 110054",ACTIVE,RESIDENTIAL,INDEPENDENT_HOUSE,PRIVATE_INDIVIDUAL,Ishaan Sharma,FREEHOLD,719.72,1085.79,1,3,,,GEO-01-029-G1,V1,28.6834242,77.2260889,,SYN-WARD-70,V2,G1
IN-DL-110054-1-30,CELL-01,30,"Pramaan Nagar Urban Locality (Synthetic), Delhi 110054",ACTIVE,MIXED_USE,MIXED_USE_BUILDING,PRIVATE_INDIVIDUAL,Sneha Saxena,FREEHOLD,625.7,2426.54,1,5,,,GEO-01-030-G1,V1,28.6834242,77.2263695,,SYN-WARD-70,V2,G1
IN-DL-110054-1-31,CELL-01,31,"Pramaan Nagar Urban Locality (Synthetic), Delhi 110054",ACTIVE,RESIDENTIAL,BUILDER_FLOOR,PRIVATE_INDIVIDUAL,Deepak Malhotra,FREEHOLD,858.91,513.02,1,1,,,GEO-01-031-G1,V1,28.6831878,77.2236587,,SYN-WARD-70,V2,G1
IN-DL-110054-1-32,CELL-01,32,"Pramaan Nagar Urban Locality (Synthetic), Delhi 110054",ACTIVE,RESIDENTIAL,INDEPENDENT_HOUSE,PRIVATE_INDIVIDUAL,Aarav Chawla,FREEHOLD,761.45,2060.06,1,4,,,GEO-01-032-G1,V1,28.6831878,77.2239581,,SYN-WARD-70,V1,G1
IN-DL-110054-1-33,CELL-01,33,"Pramaan Nagar Urban Locality (Synthetic), Delhi 110054",ACTIVE,RESIDENTIAL,INDEPENDENT_HOUSE,PRIVATE_INDIVIDUAL,Ishaan Jain,FREEHOLD,709.07,1703.07,1,4,,,GEO-01-033-G1,V1,28.6831878,77.2242298,,SYN-WARD-70,V2,G1
IN-DL-110054-1-34,CELL-01,34,"Pramaan Nagar Urban Locality (Synthetic), Delhi 110054",ACTIVE,RESIDENTIAL,BUILDER_FLOOR,PRIVATE_INDIVIDUAL,Sneha Verma,FREEHOLD,820.03,1937.71,1,4,,,GEO-01-034-G1,V1,28.6831878,77.2245124,,SYN-WARD-70,V2,G1
IN-DL-110054-1-35,CELL-01,35,"Pramaan Nagar Urban Locality (Synthetic), Delhi 110054",ACTIVE,RESIDENTIAL,INDEPENDENT_HOUSE,PRIVATE_INDIVIDUAL,Deepak Mishra,FREEHOLD,843.81,901.11,1,2,,,GEO-01-035-G1,V1,28.6831878,77.2248198,,SYN-WARD-70,V1,G1
IN-DL-110054-1-36,CELL-01,36,"Pramaan Nagar Urban Locality (Synthetic), Delhi 110054",ACTIVE,RESIDENTIAL,INDEPENDENT_HOUSE,PRIVATE_INDIVIDUAL,Aarav Khanna,FREEHOLD,1024.39,2422.36,1,4,,,GEO-01-036-G1,V1,28.6831878,77.225165,,SYN-WARD-70,V2,G1
IN-DL-110054-1-37,CELL-01,37,"Pramaan Nagar Urban Locality (Synthetic), Delhi 110054",ACTIVE,RESIDENTIAL,BUILDER_FLOOR,PRIVATE_INDIVIDUAL,Ishaan Sethi,FREEHOLD,733.11,972.83,1,2,,,GEO-01-037-G1,V1,28.6831878,77.2254897,,SYN-WARD-70,V2,G1
IN-DL-110054-1-38,CELL-01,38,"Pramaan Nagar Urban Locality (Synthetic), Delhi 110054",ACTIVE,RESIDENTIAL,INDEPENDENT_HOUSE,PRIVATE_INDIVIDUAL,Sneha Aggarwal,FREEHOLD,848.55,1656.65,1,3,,,GEO-01-038-G1,V1,28.6831878,77.225782,,SYN-WARD-70,V2,G1
IN-DL-110054-1-39,CELL-01,39,"Pramaan Nagar Urban Locality (Synthetic), Delhi 110054",ACTIVE,RESIDENTIAL,INDEPENDENT_HOUSE,PRIVATE_INDIVIDUAL,Deepak Gupta,FREEHOLD,812.42,1486.02,1,4,,,GEO-01-039-G1,V1,28.6831878,77.2260889,,SYN-WARD-70,V2,G1
IN-DL-110054-1-40,CELL-01,40,"Pramaan Nagar Urban Locality (Synthetic), Delhi 110054",ACTIVE,MIXED_USE,MIXED_USE_BUILDING,PRIVATE_INDIVIDUAL,Aarav Tiwari,FREEHOLD,706.29,2237.29,1,5,,,GEO-01-040-G1,V1,28.6831878,77.2263695,,SYN-WARD-70,V2,G1
IN-DL-110054-1-41,CELL-01,41,"Pramaan Nagar Urban Locality (Synthetic), Delhi 110054",ACTIVE,RESIDENTIAL,INDEPENDENT_HOUSE,PRIVATE_INDIVIDUAL,Ishaan Kapoor,FREEHOLD,900.59,2359.97,1,4,,,GEO-01-041-G1,V1,28.6829311,77.2236587,,SYN-WARD-70,V1,G1
IN-DL-110054-1-42,CELL-01,42,"Pramaan Nagar Urban Locality (Synthetic), Delhi 110054",ACTIVE,RESIDENTIAL,INDEPENDENT_HOUSE,PRIVATE_INDIVIDUAL,Sneha Bhatia,FREEHOLD,798.4,446.1,1,1,,,GEO-01-042-G1,V1,28.6829311,77.2239581,,SYN-WARD-70,V2,G1
IN-DL-110054-1-43,CELL-01,43,"Pramaan Nagar Urban Locality (Synthetic), Delhi 110054",ACTIVE,RESIDENTIAL,BUILDER_FLOOR,PRIVATE_INDIVIDUAL,Deepak Arora,FREEHOLD,743.49,1519.09,1,3,,,GEO-01-043-G1,V1,28.6829311,77.2242298,,SYN-WARD-70,V1,G1
IN-DL-110054-1-44,CELL-01,44,"Pramaan Nagar Urban Locality (Synthetic), Delhi 110054",ACTIVE,RESIDENTIAL,INDEPENDENT_HOUSE,PRIVATE_INDIVIDUAL,Aarav Mehta,FREEHOLD,859.83,2357.59,1,4,,,GEO-01-044-G1,V1,28.6829311,77.2245124,,SYN-WARD-70,V2,G1
IN-DL-110054-1-45,CELL-01,45,"Pramaan Nagar Urban Locality (Synthetic), Delhi 110054",ACTIVE,RESIDENTIAL,INDEPENDENT_HOUSE,PRIVATE_INDIVIDUAL,Ishaan Singh,FREEHOLD,884.76,1253.67,1,3,,,GEO-01-045-G1,V1,28.6829311,77.2248198,,SYN-WARD-70,V2,G1
IN-DL-110054-1-46,CELL-01,46,"Pramaan Nagar Urban Locality (Synthetic), Delhi 110054",ACTIVE,RESIDENTIAL,BUILDER_FLOOR,PRIVATE_INDIVIDUAL,Sneha Bansal,FREEHOLD,1074.1,506.14,1,1,,,GEO-01-046-G1,V1,28.6829311,77.225165,,SYN-WARD-70,V2,G1
IN-DL-110054-1-47,CELL-01,47,"Pramaan Nagar Urban Locality (Synthetic), Delhi 110054",ACTIVE,RESIDENTIAL,INDEPENDENT_HOUSE,PRIVATE_INDIVIDUAL,Deepak Sharma,FREEHOLD,768.69,837.86,1,2,,,GEO-01-047-G1,V1,28.6829311,77.2254897,,SYN-WARD-70,V1,G1
IN-DL-110054-1-48,CELL-01,48,"Pramaan Nagar Urban Locality (Synthetic), Delhi 110054",ACTIVE,RESIDENTIAL,INDEPENDENT_HOUSE,PRIVATE_INDIVIDUAL,Aarav Saxena,FREEHOLD,889.74,2019.93,1,4,,,GEO-01-048-G1,V1,28.6829311,77.225782,,SYN-WARD-70,V2,G1
IN-DL-110054-1-49,CELL-01,49,"Pramaan Nagar Urban Locality (Synthetic), Delhi 110054",ACTIVE,RESIDENTIAL,BUILDER_FLOOR,PRIVATE_INDIVIDUAL,Ishaan Malhotra,FREEHOLD,851.85,1121.69,1,2,,,GEO-01-049-G1,V1,28.6829311,77.2260889,,SYN-WARD-70,V2,G1
IN-DL-110054-1-50,CELL-01,50,"Pramaan Nagar Urban Locality (Synthetic), Delhi 110054",ACTIVE,MIXED_USE,MIXED_USE_BUILDING,PRIVATE_INDIVIDUAL,Sneha Chawla,FREEHOLD,740.57,1742.79,1,3,,,GEO-01-050-G1,V1,28.6829311,77.2263695,,SYN-WARD-70,V2,G1
IN-DL-110054-1-51,CELL-01,51,"Pramaan Nagar Urban Locality (Synthetic), Delhi 110054",ACTIVE,RESIDENTIAL,INDEPENDENT_HOUSE,PRIVATE_INDIVIDUAL,Deepak Jain,FREEHOLD,1167.54,726.3,1,1,,,GEO-01-051-G1,V1,28.6826293,77.2236587,,SYN-WARD-70,V2,G1
IN-DL-110054-1-52,CELL-01,52,"Pramaan Nagar Urban Locality (Synthetic), Delhi 110054",ACTIVE,RESIDENTIAL,BUILDER_FLOOR,PRIVATE_INDIVIDUAL,Aarav Verma,FREEHOLD,1035.06,1403.16,1,3,,,GEO-01-052-G1,V1,28.6826293,77.2239581,,SYN-WARD-70,V2,G1
IN-DL-110054-1-53,CELL-01,53,"Pramaan Nagar Urban Locality (Synthetic), Delhi 110054",ACTIVE,RESIDENTIAL,INDEPENDENT_HOUSE,PRIVATE_INDIVIDUAL,Ishaan Mishra,FREEHOLD,963.87,913.14,1,2,,,GEO-01-053-G1,V1,28.6826293,77.2242298,,SYN-WARD-70,V2,G1
IN-DL-110054-1-54,CELL-01,54,"Pramaan Nagar Urban Locality (Synthetic), Delhi 110054",ACTIVE,RESIDENTIAL,INDEPENDENT_HOUSE,PRIVATE_INDIVIDUAL,Sneha Khanna,FREEHOLD,1114.69,718.63,1,1,,,GEO-01-054-G1,V1,28.6826293,77.2245124,,SYN-WARD-70,V2,G1
IN-DL-110054-1-55,CELL-01,55,"Pramaan Nagar Urban Locality (Synthetic), Delhi 110054",ACTIVE,RESIDENTIAL,BUILDER_FLOOR,PRIVATE_INDIVIDUAL,Deepak Sethi,FREEHOLD,1147.02,1503.74,1,2,,,GEO-01-055-G1,V1,28.6826293,77.2248198,,SYN-WARD-70,V2,G1
IN-DL-110054-1-56,CELL-01,56,"Pramaan Nagar Urban Locality (Synthetic), Delhi 110054",ACTIVE,RESIDENTIAL,INDEPENDENT_HOUSE,PRIVATE_INDIVIDUAL,Aarav Aggarwal,FREEHOLD,1390.26,3874.14,1,4,,,GEO-01-056-G2,V2,28.6826383,77.2251466,,SYN-WARD-70,V1,G2
IN-DL-110054-1-57,CELL-01,57,"Pramaan Nagar Urban Locality (Synthetic), Delhi 110054",ACTIVE,RESIDENTIAL,INDEPENDENT_HOUSE,PRIVATE_INDIVIDUAL,Ishaan Gupta,FREEHOLD,996.55,495.02,1,1,,,GEO-01-057-G1,V1,28.6826293,77.2254897,,SYN-WARD-70,V2,G1
IN-DL-110054-1-58,CELL-01,58,"Pramaan Nagar Urban Locality (Synthetic), Delhi 110054",ACTIVE,RESIDENTIAL,BUILDER_FLOOR,PRIVATE_INDIVIDUAL,Sneha Tiwari,FREEHOLD,1153.47,2282.77,1,4,,,GEO-01-058-G1,V1,28.6826293,77.225782,,SYN-WARD-70,V2,G1
IN-DL-110054-1-59,CELL-01,59,"Pramaan Nagar Urban Locality (Synthetic), Delhi 110054",ACTIVE,RESIDENTIAL,INDEPENDENT_HOUSE,PRIVATE_INDIVIDUAL,Deepak Kapoor,FREEHOLD,1104.35,1198.56,1,2,,,GEO-01-059-G1,V1,28.6826293,77.2260889,,SYN-WARD-70,V2,G1
IN-DL-110054-1-60,CELL-01,60,"Pramaan Nagar Urban Locality (Synthetic), Delhi 110054",ACTIVE,MIXED_USE,MIXED_USE_BUILDING,PRIVATE_INDIVIDUAL,Aarav Bhatia,FREEHOLD,960.09,3770.16,1,5,,,GEO-01-060-G1,V1,28.6826293,77.2263695,,SYN-WARD-70,V2,G1
IN-DL-110054-1-61,CELL-01,61,"Pramaan Nagar Urban Locality (Synthetic), Delhi 110054",ACTIVE,RESIDENTIAL,BUILDER_FLOOR,PRIVATE_INDIVIDUAL,Ishaan Arora,FREEHOLD,742.71,1041.74,1,3,,,GEO-01-061-G1,V1,28.6823505,77.2236587,,SYN-WARD-70,V2,G1
IN-DL-110054-1-62,CELL-01,62,"Pramaan Nagar Urban Locality (Synthetic), Delhi 110054",ACTIVE,RESIDENTIAL,INDEPENDENT_HOUSE,PRIVATE_INDIVIDUAL,Sneha Mehta,FREEHOLD,658.44,1622.38,1,4,,,GEO-01-062-G1,V1,28.6823505,77.2239581,,SYN-WARD-70,V2,G1
IN-DL-110054-1-63,CELL-01,63,"Pramaan Nagar Urban Locality (Synthetic), Delhi 110054",ACTIVE,RESIDENTIAL,INDEPENDENT_HOUSE,PRIVATE_INDIVIDUAL,Deepak Singh,FREEHOLD,613.14,1205.05,1,3,,,GEO-01-063-G1,V1,28.6823505,77.2242298,,SYN-WARD-70,V2,G1
IN-DL-110054-1-64,CELL-01,64,"Pramaan Nagar Urban Locality (Synthetic), Delhi 110054",ACTIVE,RESIDENTIAL,BUILDER_FLOOR,PRIVATE_INDIVIDUAL,Aarav Bansal,FREEHOLD,709.09,1400.56,1,4,,,GEO-01-064-G1,V1,28.6823505,77.2245124,,SYN-WARD-70,V2,G1
IN-DL-110054-1-65,CELL-01,65,"Pramaan Nagar Urban Locality (Synthetic), Delhi 110054",ACTIVE,RESIDENTIAL,INDEPENDENT_HOUSE,PRIVATE_INDIVIDUAL,Ishaan Sharma,FREEHOLD,729.66,1885.55,1,4,,,GEO-01-065-G1,V1,28.6823505,77.2248198,,SYN-WARD-70,V2,G1
IN-DL-110054-1-66,CELL-01,66,"Pramaan Nagar Urban Locality (Synthetic), Delhi 110054",ACTIVE,RESIDENTIAL,INDEPENDENT_HOUSE,PRIVATE_INDIVIDUAL,Sneha Saxena,FREEHOLD,885.8,1022.79,1,2,,,GEO-01-066-G1,V1,28.6823505,77.225165,,SYN-WARD-70,V2,G1
IN-DL-110054-1-67,CELL-01,67,"Pramaan Nagar Urban Locality (Synthetic), Delhi 110054",ACTIVE,RESIDENTIAL,BUILDER_FLOOR,PRIVATE_INDIVIDUAL,Deepak Malhotra,FREEHOLD,633.93,367.64,1,1,,,GEO-01-067-G1,V1,28.6823505,77.2254897,,SYN-WARD-70,V2,G1
IN-DL-110054-1-68,CELL-01,68,"Pramaan Nagar Urban Locality (Synthetic), Delhi 110054",ACTIVE,RESIDENTIAL,INDEPENDENT_HOUSE,PRIVATE_INDIVIDUAL,Aarav Chawla,FREEHOLD,732.58,1478.92,1,4,,,GEO-01-068-G2,V2,28.6823596,77.2257635,,SYN-WARD-70,V1,G2
IN-DL-110054-1-69,CELL-01,69,"Pramaan Nagar Urban Locality (Synthetic), Delhi 110054",ACTIVE,RESIDENTIAL,INDEPENDENT_HOUSE,PRIVATE_INDIVIDUAL,Ishaan Jain,FREEHOLD,702.51,361.48,1,1,,,GEO-01-069-G1,V1,28.6823505,77.2260889,,SYN-WARD-70,V2,G1
IN-DL-110054-1-70,CELL-01,70,"Pramaan Nagar Urban Locality (Synthetic), Delhi 110054",ACTIVE,MIXED_USE,MIXED_USE_BUILDING,PRIVATE_INDIVIDUAL,Sneha Verma,FREEHOLD,610.74,1219.24,1,3,,,GEO-01-070-G1,V1,28.6823505,77.2263695,,SYN-WARD-70,V2,G1
IN-DL-110054-1-71,CELL-01,71,"Pramaan Nagar Urban Locality (Synthetic), Delhi 110054",ACTIVE,RESIDENTIAL,INDEPENDENT_HOUSE,PRIVATE_INDIVIDUAL,Deepak Mishra,FREEHOLD,774.44,1128.37,1,3,,,GEO-01-071-G1,V1,28.6821291,77.2236587,,SYN-WARD-70,V2,G1
IN-DL-110054-1-72,CELL-01,72,"Pramaan Nagar Urban Locality (Synthetic), Delhi 110054",ACTIVE,RESIDENTIAL,INDEPENDENT_HOUSE,PRIVATE_INDIVIDUAL,Aarav Khanna,FREEHOLD,686.57,1314.38,1,3,,,GEO-01-072-G1,V1,28.6821291,77.2239581,,SYN-WARD-70,V2,G1
IN-DL-110054-1-73,CELL-01,73,"Pramaan Nagar Urban Locality (Synthetic), Delhi 110054",ACTIVE,RESIDENTIAL,BUILDER_FLOOR,PRIVATE_INDIVIDUAL,Ishaan Sethi,FREEHOLD,639.34,887.73,1,2,,,GEO-01-073-G1,V1,28.6821291,77.2242298,,SYN-WARD-70,V2,G1
IN-DL-110054-1-74,CELL-01,74,"Pramaan Nagar Urban Locality (Synthetic), Delhi 110054",ACTIVE,RESIDENTIAL,INDEPENDENT_HOUSE,PRIVATE_INDIVIDUAL,Sneha Aggarwal,FREEHOLD,739.38,946.26,1,2,,,GEO-01-074-G1,V1,28.6821291,77.2245124,,SYN-WARD-70,V2,G1
IN-DL-110054-1-75,CELL-01,75,"Pramaan Nagar Urban Locality (Synthetic), Delhi 110054",ACTIVE,RESIDENTIAL,INDEPENDENT_HOUSE,PRIVATE_INDIVIDUAL,Deepak Gupta,FREEHOLD,760.83,1584.56,1,4,,,GEO-01-075-G1,V1,28.6821291,77.2248198,,SYN-WARD-70,V1,G1
IN-DL-110054-1-76,CELL-01,76,"Pramaan Nagar Urban Locality (Synthetic), Delhi 110054",ACTIVE,RESIDENTIAL,BUILDER_FLOOR,PRIVATE_INDIVIDUAL,Aarav Tiwari,FREEHOLD,923.65,600.45,1,1,,,GEO-01-076-G1,V1,28.6821291,77.225165,,SYN-WARD-70,V2,G1
IN-DL-110054-1-77,CELL-01,77,"Pramaan Nagar Urban Locality (Synthetic), Delhi 110054",ACTIVE,RESIDENTIAL,INDEPENDENT_HOUSE,PRIVATE_INDIVIDUAL,Ishaan Kapoor,FREEHOLD,661.02,792.11,1,2,,,GEO-01-077-G1,V1,28.6821291,77.2254897,,SYN-WARD-70,V2,G1
IN-DL-110054-1-78,CELL-01,78,"Pramaan Nagar Urban Locality (Synthetic), Delhi 110054",ACTIVE,RESIDENTIAL,INDEPENDENT_HOUSE,PRIVATE_INDIVIDUAL,Sneha Bhatia,FREEHOLD,765.1,454.43,1,1,,,GEO-01-078-G1,V1,28.6821291,77.225782,,SYN-WARD-70,V2,G1
IN-DL-110054-1-79,CELL-01,79,"Pramaan Nagar Urban Locality (Synthetic), Delhi 110054",ACTIVE,RESIDENTIAL,BUILDER_FLOOR,PRIVATE_INDIVIDUAL,Deepak Arora,FREEHOLD,732.52,1838.06,1,4,,,GEO-01-079-G1,V1,28.6821291,77.2260889,,SYN-WARD-70,V2,G1
IN-DL-110054-1-80,CELL-01,80,"Pramaan Nagar Urban Locality (Synthetic), Delhi 110054",ACTIVE,MIXED_USE,MIXED_USE_BUILDING,PRIVATE_INDIVIDUAL,Aarav Mehta,FREEHOLD,636.83,847.26,1,2,,,GEO-01-080-G1,V1,28.6821291,77.2263695,,SYN-WARD-70,V2,G1
IN-DL-110054-1-81,CELL-01,81,"Pramaan Nagar Urban Locality (Synthetic), Delhi 110054",ACTIVE,PUBLIC_OPEN_SPACE,PUBLIC_PARK,MCD,Municipal Corporation of Delhi,MUNICIPAL_VESTING,873.6,0.0,0,0,,Municipal Corporation of Delhi,GEO-01-081-G1,V1,28.6818887,77.2236587,,SYN-WARD-70,V1,G1
IN-DL-110054-1-82,CELL-01,82,"Pramaan Nagar Urban Locality (Synthetic), Delhi 110054",ACTIVE,PUBLIC_OPEN_SPACE,PLAYGROUND,MCD,Municipal Corporation of Delhi,MUNICIPAL_VESTING,774.47,0.0,0,0,,Municipal Corporation of Delhi,GEO-01-082-G1,V1,28.6818887,77.2239581,,SYN-WARD-70,V2,G1
IN-DL-110054-1-83,CELL-01,83,"Pramaan Nagar Urban Locality (Synthetic), Delhi 110054",ACTIVE,INSTITUTIONAL,SCHOOL,EDUCATIONAL_INSTITUTION,Pramaan Education Society,FREEHOLD,721.2,1730.62,2,5,,,GEO-01-083-G1,V1,28.6818887,77.2242298,,SYN-WARD-70,V1,G1
IN-DL-110054-1-84,CELL-01,84,"Pramaan Nagar Urban Locality (Synthetic), Delhi 110054",ACTIVE,HEALTHCARE,HOSPITAL_CLINIC,PRIVATE_JOINT,Navjeevan Health Trust,FREEHOLD,834.05,279.8,2,1,,,GEO-01-084-G1,V1,28.6818887,77.2245124,,SYN-WARD-70,V1,G1
IN-DL-110054-1-85,CELL-01,85,"Pramaan Nagar Urban Locality (Synthetic), Delhi 110054",ACTIVE,RELIGIOUS_COMMUNITY,RELIGIOUS_COMMUNITY_PROPERTY,PUBLIC_TRUST,Pramaan Community Trust,PUBLIC_TRUST,858.25,2351.57,1,4,,,GEO-01-085-G1,V1,28.6818887,77.2248198,,SYN-WARD-70,V2,G1
IN-DL-110054-1-86,CELL-01,86,"Pramaan Nagar Urban Locality (Synthetic), Delhi 110054",ACTIVE,TRANSPORT_ACCESS,PARKING_AREA,MCD,Municipal Corporation of Delhi,MUNICIPAL_VESTING,1041.91,0.0,0,0,,Municipal Corporation of Delhi,GEO-01-086-G1,V1,28.6818887,77.225165,,SYN-WARD-70,V2,G1
IN-DL-110054-1-87,CELL-01,87,"Pramaan Nagar Urban Locality (Synthetic), Delhi 110054",ACTIVE,VACANT,VACANT_PLOT,PRIVATE_INDIVIDUAL,Deepak Jain,FREEHOLD,745.66,0.0,0,0,,,GEO-01-087-G1,V1,28.6818887,77.2254897,VACANT,SYN-WARD-70,V2,G1
IN-DL-110054-1-88,CELL-01,88,"Pramaan Nagar Urban Locality (Synthetic), Delhi 110054",ACTIVE,REDEVELOPMENT,REDEVELOPMENT_PARCEL,PRIVATE_JOINT,Pramaan Redevelopment LLP,MUTATION_PENDING,863.07,571.98,1,2,,,GEO-01-088-G1,V1,28.6818887,77.225782,REDEVELOPMENT,SYN-WARD-70,V2,G1
IN-DL-110054-1-89,CELL-01,89,"Pramaan Nagar Urban Locality (Synthetic), Delhi 110054",ACTIVE,UTILITY,ELECTRICAL_SUBSTATION,UTILITY_AGENCY,BSES Yamuna Power Limited,LICENSED_USE,826.32,123.95,1,1,,BSES Yamuna Power Limited,GEO-01-089-G1,V1,28.6818887,77.2260889,,SYN-WARD-70,V2,G1
IN-DL-110054-1-90,CELL-01,90,"Pramaan Nagar Urban Locality (Synthetic), Delhi 110054",ACTIVE,MIXED_USE,MIXED_USE_BUILDING,PRIVATE_INDIVIDUAL,Sneha Khanna,FREEHOLD,675.27,1524.31,1,3,,,GEO-01-090-G2,V2,28.6818905,77.2263818,,SYN-WARD-70,V2,G2
IN-DL-110054-1-91,CELL-01,91,"Pramaan Nagar Urban Locality (Synthetic), Delhi 110054",ACTIVE,PUBLIC_OPEN_SPACE,PUBLIC_PARK,MCD,Municipal Corporation of Delhi,MUNICIPAL_VESTING,894.92,0.0,0,0,,Municipal Corporation of Delhi,GEO-01-091-G1,V1,28.6816306,77.2236587,,SYN-WARD-70,V1,G1
IN-DL-110054-1-92,CELL-01,92,"Pramaan Nagar Urban Locality (Synthetic), Delhi 110054",ACTIVE,PUBLIC_OPEN_SPACE,PLAYGROUND,MCD,Municipal Corporation of Delhi,MUNICIPAL_VESTING,793.37,0.0,0,0,,Municipal Corporation of Delhi,GEO-01-092-G1,V1,28.6816306,77.2239581,,SYN-WARD-70,V1,G1
IN-DL-110054-1-93,CELL-01,93,"Pramaan Nagar Urban Locality (Synthetic), Delhi 110054",ACTIVE,INSTITUTIONAL,SCHOOL,EDUCATIONAL_INSTITUTION,Pramaan Education Society,FREEHOLD,738.8,316.48,2,1,,,GEO-01-093-G1,V1,28.6816306,77.2242298,,SYN-WARD-70,V1,G1
IN-DL-110054-1-94,CELL-01,94,"Pramaan Nagar Urban Locality (Synthetic), Delhi 110054",ACTIVE,HEALTHCARE,HOSPITAL_CLINIC,PRIVATE_JOINT,Navjeevan Health Trust,FREEHOLD,854.41,1421.07,2,4,,,GEO-01-094-G1,V1,28.6816306,77.2245124,,SYN-WARD-70,V1,G1
IN-DL-110054-1-95,CELL-01,95,"Pramaan Nagar Urban Locality (Synthetic), Delhi 110054",ACTIVE,RELIGIOUS_COMMUNITY,RELIGIOUS_COMMUNITY_PROPERTY,PUBLIC_TRUST,Pramaan Community Trust,PUBLIC_TRUST,879.19,1065.94,1,2,,,GEO-01-095-G1,V1,28.6816306,77.2248198,,SYN-WARD-70,V1,G1
IN-DL-110054-1-96,CELL-01,96,"Pramaan Nagar Urban Locality (Synthetic), Delhi 110054",ACTIVE,TRANSPORT_ACCESS,PARKING_AREA,MCD,Municipal Corporation of Delhi,MUNICIPAL_VESTING,1067.34,0.0,0,0,,Municipal Corporation of Delhi,GEO-01-096-G1,V1,28.6816306,77.225165,,SYN-WARD-70,V2,G1
IN-DL-110054-1-97,CELL-01,97,"Pramaan Nagar Urban Locality (Synthetic), Delhi 110054",ACTIVE,VACANT,VACANT_PLOT,PRIVATE_INDIVIDUAL,Ishaan Arora,FREEHOLD,763.85,0.0,0,0,,,GEO-01-097-G1,V1,28.6816306,77.2254897,VACANT,SYN-WARD-70,V2,G1
IN-DL-110054-1-98,CELL-01,98,"Pramaan Nagar Urban Locality (Synthetic), Delhi 110054",ACTIVE,REDEVELOPMENT,REDEVELOPMENT_PARCEL,PRIVATE_JOINT,Pramaan Redevelopment LLP,MUTATION_PENDING,884.13,910.05,1,4,,,GEO-01-098-G1,V1,28.6816306,77.225782,REDEVELOPMENT,SYN-WARD-70,V2,G1
IN-DL-110054-1-99,CELL-01,99,"Pramaan Nagar Urban Locality (Synthetic), Delhi 110054",ACTIVE,UTILITY,ELECTRICAL_SUBSTATION,UTILITY_AGENCY,BSES Yamuna Power Limited,LICENSED_USE,846.48,126.97,1,1,,BSES Yamuna Power Limited,GEO-01-099-G1,V1,28.6816306,77.2260889,,SYN-WARD-70,V1,G1
IN-DL-110054-1-100,CELL-01,100,"Pramaan Nagar Urban Locality (Synthetic), Delhi 110054",ACTIVE,MIXED_USE,MIXED_USE_BUILDING,PRIVATE_INDIVIDUAL,Aarav Bansal,FREEHOLD,735.9,1368.56,1,3,,,GEO-01-100-G1,V1,28.6816306,77.2263695,,SYN-WARD-70,V2,G1
IN-DL-110054-2-1,CELL-02,1,"Pramaan Nagar Urban Locality (Synthetic), Delhi 110054",ACTIVE,RESIDENTIAL,INDEPENDENT_HOUSE,PRIVATE_INDIVIDUAL,Ishaan Sharma,FREEHOLD,675.61,443.66,1,1,,,GEO-02-001-G1,V1,28.6838901,77.2269223,,SYN-WARD-70,V2,G1
IN-DL-110054-2-2,CELL-02,2,"Pramaan Nagar Urban Locality (Synthetic), Delhi 110054",ACTIVE,RESIDENTIAL,INDEPENDENT_HOUSE,PRIVATE_INDIVIDUAL,Sneha Saxena,FREEHOLD,629.13,990.45,1,3,,,GEO-02-002-G1,V1,28.6838901,77.2271972,,SYN-WARD-70,V1,G1
IN-DL-110054-2-3,CELL-02,3,"Pramaan Nagar Urban Locality (Synthetic), Delhi 110054",ACTIVE,RESIDENTIAL,INDEPENDENT_HOUSE,PRIVATE_INDIVIDUAL,Deepak Malhotra,FREEHOLD,727.58,1430.61,1,3,,,GEO-02-003-G1,V1,28.6838901,77.227483,,SYN-WARD-70,V2,G1
IN-DL-110054-2-4,CELL-02,4,"Pramaan Nagar Urban Locality (Synthetic), Delhi 110054",ACTIVE,MIXED_USE,MIXED_USE_BUILDING,PRIVATE_INDIVIDUAL,Aarav Chawla,FREEHOLD,748.68,1485.36,1,3,,,GEO-02-004-G1,V1,28.6838901,77.2277939,,SYN-WARD-70,V2,G1
IN-DL-110054-2-5,CELL-02,5,"Pramaan Nagar Urban Locality (Synthetic), Delhi 110054",ACTIVE,MIXED_USE,MIXED_USE_BUILDING,PRIVATE_INDIVIDUAL,Ishaan Jain,FREEHOLD,644.8,735.94,1,2,,,GEO-02-005-G1,V1,28.6838901,77.2280875,,SYN-WARD-70,V2,G1
IN-DL-110054-2-6,CELL-02,6,"Pramaan Nagar Urban Locality (Synthetic), Delhi 110054",ACTIVE,MIXED_USE,MIXED_USE_BUILDING,PRIVATE_INDIVIDUAL,Sneha Verma,FREEHOLD,911.56,1045.45,1,2,,,GEO-02-006-G1,V1,28.6838901,77.2284153,,SYN-WARD-70,V2,G1
IN-DL-110054-2-7,CELL-02,7,"Pramaan Nagar Urban Locality (Synthetic), Delhi 110054",ACTIVE,COMMERCIAL,RETAIL_SHOP,PRIVATE_INDIVIDUAL,Deepak Mishra,FREEHOLD,752.89,2405.49,1,4,,,GEO-02-007-G1,V1,28.6838901,77.2287659,,SYN-WARD-70,V2,G1
IN-DL-110054-2-8,CELL-02,8,"Pramaan Nagar Urban Locality (Synthetic), Delhi 110054",ACTIVE,COMMERCIAL,RETAIL_SHOP,PRIVATE_INDIVIDUAL,Aarav Khanna,FREEHOLD,720.83,1539.72,1,3,,,GEO-02-008-G1,V1,28.6838901,77.2290764,,SYN-WARD-70,V2,G1
IN-DL-110054-2-9,CELL-02,9,"Pramaan Nagar Urban Locality (Synthetic), Delhi 110054",ACTIVE,COMMERCIAL,RETAIL_SHOP,PRIVATE_INDIVIDUAL,Ishaan Sethi,FREEHOLD,626.67,1403.76,1,4,,,GEO-02-009-G1,V1,28.6838901,77.2293602,,SYN-WARD-70,V1,G1
IN-DL-110054-2-10,CELL-02,10,"Pramaan Nagar Urban Locality (Synthetic), Delhi 110054",ACTIVE,COMMERCIAL,RETAIL_SHOP,PRIVATE_INDIVIDUAL,Sneha Aggarwal,FREEHOLD,682.99,1553.95,1,4,,,GEO-02-010-G1,V1,28.6838901,77.2296361,,SYN-WARD-70,V2,G1
IN-DL-110054-2-11,CELL-02,11,"Pramaan Nagar Urban Locality (Synthetic), Delhi 110054",ACTIVE,RESIDENTIAL,INDEPENDENT_HOUSE,PRIVATE_INDIVIDUAL,Deepak Gupta,FREEHOLD,685.28,670.78,1,2,,,GEO-02-011-G1,V1,28.6836686,77.2269223,,SYN-WARD-70,V2,G1
IN-DL-110054-2-12,CELL-02,12,"Pramaan Nagar Urban Locality (Synthetic), Delhi 110054",ACTIVE,RESIDENTIAL,INDEPENDENT_HOUSE,PRIVATE_INDIVIDUAL,Aarav Tiwari,FREEHOLD,638.14,667.35,1,2,,,GEO-02-012-G1,V1,28.6836686,77.2271972,,SYN-WARD-70,V2,G1
IN-DL-110054-2-13,CELL-02,13,"Pramaan Nagar Urban Locality (Synthetic), Delhi 110054",ACTIVE,RESIDENTIAL,INDEPENDENT_HOUSE,PRIVATE_INDIVIDUAL,Ishaan Kapoor,FREEHOLD,738.0,973.94,1,2,,,GEO-02-013-G1,V1,28.6836686,77.227483,,SYN-WARD-70,V2,G1
IN-DL-110054-2-14,CELL-02,14,"Pramaan Nagar Urban Locality (Synthetic), Delhi 110054",ACTIVE,MIXED_USE,MIXED_USE_BUILDING,PRIVATE_INDIVIDUAL,Sneha Bhatia,FREEHOLD,759.33,2920.3,1,5,,,GEO-02-014-G2,V2,28.683665,77.2278001,,SYN-WARD-70,V1,G2
IN-DL-110054-2-15,CELL-02,15,"Pramaan Nagar Urban Locality (Synthetic), Delhi 110054",ACTIVE,MIXED_USE,MIXED_USE_BUILDING,PRIVATE_INDIVIDUAL,Deepak Arora,FREEHOLD,654.03,2567.4,1,5,,,GEO-02-015-G1,V1,28.6836686,77.2280875,,SYN-WARD-70,V1,G1
IN-DL-110054-2-16,CELL-02,16,"Pramaan Nagar Urban Locality (Synthetic), Delhi 110054",ACTIVE,MIXED_USE,MIXED_USE_BUILDING,PRIVATE_INDIVIDUAL,Aarav Mehta,FREEHOLD,924.62,2069.93,1,3,,,GEO-02-016-G1,V1,28.6836686,77.2284153,,SYN-WARD-70,V2,G1
IN-DL-110054-2-17,CELL-02,17,"Pramaan Nagar Urban Locality (Synthetic), Delhi 110054",ACTIVE,COMMERCIAL,RETAIL_SHOP,PRIVATE_INDIVIDUAL,Ishaan Singh,FREEHOLD,763.67,1319.34,1,3,,,GEO-02-017-G1,V1,28.6836686,77.2287659,,SYN-WARD-70,V2,G1
IN-DL-110054-2-18,CELL-02,18,"Pramaan Nagar Urban Locality (Synthetic), Delhi 110054",ACTIVE,COMMERCIAL,RETAIL_SHOP,PRIVATE_INDIVIDUAL,Sneha Bansal,FREEHOLD,731.15,1502.84,1,3,,,GEO-02-018-G1,V1,28.6836686,77.2290764,,SYN-WARD-70,V1,G1
IN-DL-110054-2-19,CELL-02,19,"Pramaan Nagar Urban Locality (Synthetic), Delhi 110054",ACTIVE,COMMERCIAL,RETAIL_SHOP,PRIVATE_INDIVIDUAL,Deepak Sharma,FREEHOLD,635.64,934.01,1,2,,,GEO-02-019-G1,V1,28.6836686,77.2293602,,SYN-WARD-70,V2,G1
IN-DL-110054-2-20,CELL-02,20,"Pramaan Nagar Urban Locality (Synthetic), Delhi 110054",ACTIVE,COMMERCIAL,LOCAL_SHOPPING_COMPLEX,PRIVATE_JOINT,Matrika Traders Association,FREEHOLD,692.77,1668.85,1,4,,,GEO-02-020-G1,V1,28.6836686,77.2296361,,SYN-WARD-70,V2,G1
IN-DL-110054-2-21,CELL-02,21,"Pramaan Nagar Urban Locality (Synthetic), Delhi 110054",ACTIVE,RESIDENTIAL,INDEPENDENT_HOUSE,PRIVATE_INDIVIDUAL,Ishaan Malhotra,FREEHOLD,773.54,710.61,1,2,,,GEO-02-021-G1,V1,28.6834312,77.2269223,,SYN-WARD-70,V2,G1
IN-DL-110054-2-22,CELL-02,22,"Pramaan Nagar Urban Locality (Synthetic), Delhi 110054",ACTIVE,RESIDENTIAL,INDEPENDENT_HOUSE,PRIVATE_INDIVIDUAL,Sneha Chawla,FREEHOLD,720.33,1341.7,1,3,,,GEO-02-022-G1,V1,28.6834312,77.2271972,,SYN-WARD-70,V1,G1
IN-DL-110054-2-23,CELL-02,23,"Pramaan Nagar Urban Locality (Synthetic), Delhi 110054",ACTIVE,RESIDENTIAL,INDEPENDENT_HOUSE,PRIVATE_INDIVIDUAL,Deepak Jain,FREEHOLD,833.05,1238.36,1,3,,,GEO-02-023-G1,V1,28.6834312,77.227483,,SYN-WARD-70,V1,G1
IN-DL-110054-2-24,CELL-02,24,"Pramaan Nagar Urban Locality (Synthetic), Delhi 110054",ACTIVE,MIXED_USE,MIXED_USE_BUILDING,PRIVATE_INDIVIDUAL,Aarav Verma,FREEHOLD,857.21,1607.36,1,3,,,GEO-02-024-G1,V1,28.6834312,77.2277939,,SYN-WARD-70,V2,G1
IN-DL-110054-2-25,CELL-02,25,"Pramaan Nagar Urban Locality (Synthetic), Delhi 110054",ACTIVE,MIXED_USE,MIXED_USE_BUILDING,PRIVATE_INDIVIDUAL,Ishaan Mishra,FREEHOLD,738.27,1698.57,1,3,,,GEO-02-025-G1,V1,28.6834312,77.2280875,,SYN-WARD-70,V2,G1
IN-DL-110054-2-26,CELL-02,26,"Pramaan Nagar Urban Locality (Synthetic), Delhi 110054",ACTIVE,MIXED_USE,MIXED_USE_BUILDING,PRIVATE_INDIVIDUAL,Sneha Khanna,FREEHOLD,1043.7,3240.91,1,4,,,GEO-02-026-G1,V1,28.6834312,77.2284153,,SYN-WARD-70,V2,G1
IN-DL-110054-2-27,CELL-02,27,"Pramaan Nagar Urban Locality (Synthetic), Delhi 110054",ACTIVE,COMMERCIAL,OFFICE_COMMERCIAL_PLOT,PRIVATE_INDIVIDUAL,Deepak Sethi,FREEHOLD,862.03,1232.13,1,2,,,GEO-02-027-G1,V1,28.6834312,77.2287659,,SYN-WARD-70,V1,G1
IN-DL-110054-2-28,CELL-02,28,"Pramaan Nagar Urban Locality (Synthetic), Delhi 110054",ACTIVE,COMMERCIAL,OFFICE_COMMERCIAL_PLOT,PRIVATE_INDIVIDUAL,Aarav Aggarwal,FREEHOLD,825.32,1422.22,1,3,,,GEO-02-028-G1,V1,28.6834312,77.2290764,,SYN-WARD-70,V2,G1
IN-DL-110054-2-29,CELL-02,29,"Pramaan Nagar Urban Locality (Synthetic), Delhi 110054",ACTIVE,COMMERCIAL,RETAIL_SHOP,PRIVATE_INDIVIDUAL,Ishaan Gupta,FREEHOLD,717.51,1273.38,1,3,,,GEO-02-029-G1,V1,28.6834312,77.2293602,,SYN-WARD-70,V1,G1
IN-DL-110054-2-30,CELL-02,30,"Pramaan Nagar Urban Locality (Synthetic), Delhi 110054",ACTIVE,COMMERCIAL,RETAIL_SHOP,PRIVATE_INDIVIDUAL,Sneha Tiwari,FREEHOLD,782.0,3031.34,1,5,,,GEO-02-030-G1,V1,28.6834312,77.2296361,,SYN-WARD-70,V2,G1
IN-DL-110054-2-31,CELL-02,31,"Pramaan Nagar Urban Locality (Synthetic), Delhi 110054",ACTIVE,RESIDENTIAL,INDEPENDENT_HOUSE,PRIVATE_INDIVIDUAL,Deepak Kapoor,FREEHOLD,811.08,913.41,1,2,,,GEO-02-031-G1,V1,28.6831734,77.2269223,,SYN-WARD-70,V2,G1
IN-DL-110054-2-32,CELL-02,32,"Pramaan Nagar Urban Locality (Synthetic), Delhi 110054",ACTIVE,RESIDENTIAL,INDEPENDENT_HOUSE,PRIVATE_INDIVIDUAL,Aarav Bhatia,FREEHOLD,755.29,942.1,1,2,,,GEO-02-032-G1,V1,28.6831734,77.2271972,,SYN-WARD-70,V2,G1
IN-DL-110054-2-33,CELL-02,33,"Pramaan Nagar Urban Locality (Synthetic), Delhi 110054",ACTIVE,RESIDENTIAL,INDEPENDENT_HOUSE,PRIVATE_INDIVIDUAL,Ishaan Arora,FREEHOLD,873.48,1701.64,1,3,,,GEO-02-033-G1,V1,28.6831734,77.227483,,SYN-WARD-70,V2,G1
IN-DL-110054-2-34,CELL-02,34,"Pramaan Nagar Urban Locality (Synthetic), Delhi 110054",ACTIVE,MIXED_USE,MIXED_USE_BUILDING,PRIVATE_INDIVIDUAL,Sneha Mehta,FREEHOLD,898.82,1368.86,1,2,,,GEO-02-034-G1,V1,28.6831734,77.2277939,,SYN-WARD-70,V2,G1
IN-DL-110054-2-35,CELL-02,35,"Pramaan Nagar Urban Locality (Synthetic), Delhi 110054",ACTIVE,MIXED_USE,MIXED_USE_BUILDING,PRIVATE_INDIVIDUAL,Deepak Singh,FREEHOLD,774.1,3045.24,1,5,,,GEO-02-035-G1,V1,28.6831734,77.2280875,,SYN-WARD-70,V2,G1
IN-DL-110054-2-36,CELL-02,36,"Pramaan Nagar Urban Locality (Synthetic), Delhi 110054",ACTIVE,MIXED_USE,MIXED_USE_BUILDING,PRIVATE_INDIVIDUAL,Aarav Bansal,FREEHOLD,1094.35,3155.46,1,4,,,GEO-02-036-G1,V1,28.6831734,77.2284153,,SYN-WARD-70,V2,G1
IN-DL-110054-2-37,CELL-02,37,"Pramaan Nagar Urban Locality (Synthetic), Delhi 110054",ACTIVE,COMMERCIAL,OFFICE_COMMERCIAL_PLOT,PRIVATE_INDIVIDUAL,Ishaan Sharma,FREEHOLD,903.87,3368.98,1,5,,,GEO-02-037-G1,V1,28.6831734,77.2287659,,SYN-WARD-70,V2,G1
IN-DL-110054-2-38,CELL-02,38,"Pramaan Nagar Urban Locality (Synthetic), Delhi 110054",ACTIVE,COMMERCIAL,OFFICE_COMMERCIAL_PLOT,PRIVATE_INDIVIDUAL,Sneha Saxena,FREEHOLD,865.38,2751.53,1,5,,,GEO-02-038-G1,V1,28.6831734,77.2290764,,SYN-WARD-70,V1,G1
IN-DL-110054-2-39,CELL-02,39,"Pramaan Nagar Urban Locality (Synthetic), Delhi 110054",ACTIVE,COMMERCIAL,RETAIL_SHOP,PRIVATE_INDIVIDUAL,Deepak Malhotra,FREEHOLD,752.33,2617.22,1,5,,,GEO-02-039-G1,V1,28.6831734,77.2293602,,SYN-WARD-70,V2,G1
IN-DL-110054-2-40,CELL-02,40,"Pramaan Nagar Urban Locality (Synthetic), Delhi 110054",ACTIVE,COMMERCIAL,RETAIL_SHOP,PRIVATE_INDIVIDUAL,Aarav Chawla,FREEHOLD,819.95,2213.43,1,4,,,GEO-02-040-G1,V1,28.6831734,77.2296361,,SYN-WARD-70,V2,G1
IN-DL-110054-2-41,CELL-02,41,"Pramaan Nagar Urban Locality (Synthetic), Delhi 110054",ACTIVE,RESIDENTIAL,BUILDER_FLOOR,PRIVATE_INDIVIDUAL,Ishaan Jain,FREEHOLD,742.91,2025.11,1,4,,,GEO-02-041-G1,V1,28.6829205,77.2269223,,SYN-WARD-70,V2,G1
IN-DL-110054-2-42,CELL-02,42,"Pramaan Nagar Urban Locality (Synthetic), Delhi 110054",ACTIVE,RESIDENTIAL,BUILDER_FLOOR,PRIVATE_INDIVIDUAL,Sneha Verma,FREEHOLD,691.81,955.18,1,3,,,GEO-02-042-G1,V1,28.6829205,77.2271972,,SYN-WARD-70,V2,G1
IN-DL-110054-2-43,CELL-02,43,"Pramaan Nagar Urban Locality (Synthetic), Delhi 110054",ACTIVE,RESIDENTIAL,BUILDER_FLOOR,PRIVATE_INDIVIDUAL,Deepak Mishra,FREEHOLD,800.06,839.38,1,2,,,GEO-02-043-G1,V1,28.6829205,77.227483,,SYN-WARD-70,V2,G1
IN-DL-110054-2-44,CELL-02,44,"Pramaan Nagar Urban Locality (Synthetic), Delhi 110054",ACTIVE,MIXED_USE,MIXED_USE_BUILDING,PRIVATE_INDIVIDUAL,Aarav Khanna,FREEHOLD,823.27,2217.18,1,4,,,GEO-02-044-G1,V1,28.6829205,77.2277939,,SYN-WARD-70,V2,G1
IN-DL-110054-2-45,CELL-02,45,"Pramaan Nagar Urban Locality (Synthetic), Delhi 110054",ACTIVE,MIXED_USE,MIXED_USE_BUILDING,PRIVATE_INDIVIDUAL,Ishaan Sethi,FREEHOLD,709.03,1582.03,1,3,,,GEO-02-045-G1,V1,28.6829205,77.2280875,,SYN-WARD-70,V2,G1
IN-DL-110054-2-46,CELL-02,46,"Pramaan Nagar Urban Locality (Synthetic), Delhi 110054",ACTIVE,MIXED_USE,MIXED_USE_BUILDING,PRIVATE_INDIVIDUAL,Sneha Aggarwal,FREEHOLD,1002.37,1322.92,1,2,,,GEO-02-046-G1,V1,28.6829205,77.2284153,,SYN-WARD-70,V2,G1
IN-DL-110054-2-47,CELL-02,47,"Pramaan Nagar Urban Locality (Synthetic), Delhi 110054",ACTIVE,COMMERCIAL,OFFICE_COMMERCIAL_PLOT,PRIVATE_INDIVIDUAL,Deepak Gupta,FREEHOLD,827.89,2551.1,1,4,,,GEO-02-047-G1,V1,28.6829205,77.2287659,,SYN-WARD-70,V2,G1
IN-DL-110054-2-48,CELL-02,48,"Pramaan Nagar Urban Locality (Synthetic), Delhi 110054",ACTIVE,COMMERCIAL,OFFICE_COMMERCIAL_PLOT,PRIVATE_INDIVIDUAL,Aarav Tiwari,FREEHOLD,792.64,2821.29,1,5,,,GEO-02-048-G1,V1,28.6829205,77.2290764,,SYN-WARD-70,V2,G1
IN-DL-110054-2-49,CELL-02,49,"Pramaan Nagar Urban Locality (Synthetic), Delhi 110054",ACTIVE,COMMERCIAL,RETAIL_SHOP,PRIVATE_INDIVIDUAL,Ishaan Kapoor,FREEHOLD,689.1,1945.15,1,5,,,GEO-02-049-G1,V1,28.6829205,77.2293602,,SYN-WARD-70,V2,G1
IN-DL-110054-2-50,CELL-02,50,"Pramaan Nagar Urban Locality (Synthetic), Delhi 110054",ACTIVE,COMMERCIAL,RETAIL_SHOP,PRIVATE_INDIVIDUAL,Sneha Bhatia,FREEHOLD,751.03,842.65,1,2,,,GEO-02-050-G1,V1,28.6829205,77.2296361,,SYN-WARD-70,V2,G1
IN-DL-110054-2-51,CELL-02,51,"Pramaan Nagar Urban Locality (Synthetic), Delhi 110054",ACTIVE,RESIDENTIAL,BUILDER_FLOOR,PRIVATE_INDIVIDUAL,Deepak Arora,FREEHOLD,976.16,593.81,1,1,,,GEO-02-051-G1,V1,28.6826408,77.2269223,,SYN-WARD-70,V2,G1
IN-DL-110054-2-52,CELL-02,52,"Pramaan Nagar Urban Locality (Synthetic), Delhi 110054",ACTIVE,RESIDENTIAL,BUILDER_FLOOR,PRIVATE_INDIVIDUAL,Aarav Mehta,FREEHOLD,909.02,1815.88,1,4,,,GEO-02-052-G1,V1,28.6826408,77.2271972,,SYN-WARD-70,V2,G1
IN-DL-110054-2-53,CELL-02,53,"Pramaan Nagar Urban Locality (Synthetic), Delhi 110054",ACTIVE,RESIDENTIAL,BUILDER_FLOOR,PRIVATE_INDIVIDUAL,Ishaan Singh,FREEHOLD,1051.26,2139.32,1,3,,,GEO-02-053-G1,V1,28.6826408,77.227483,,SYN-WARD-70,V2,G1
IN-DL-110054-2-54,CELL-02,54,"Pramaan Nagar Urban Locality (Synthetic), Delhi 110054",ACTIVE,MIXED_USE,MIXED_USE_BUILDING,PRIVATE_INDIVIDUAL,Sneha Bansal,FREEHOLD,1081.75,4311.66,1,5,,,GEO-02-054-G1,V1,28.6826408,77.2277939,,SYN-WARD-70,V1,G1
IN-DL-110054-2-55,CELL-02,55,"Pramaan Nagar Urban Locality (Synthetic), Delhi 110054",ACTIVE,MIXED_USE,MIXED_USE_BUILDING,PRIVATE_INDIVIDUAL,Deepak Sharma,FREEHOLD,931.65,2023.51,1,3,,,GEO-02-055-G1,V1,28.6826408,77.2280875,,SYN-WARD-70,V2,G1
IN-DL-110054-2-56,CELL-02,56,"Pramaan Nagar Urban Locality (Synthetic), Delhi 110054",ACTIVE,MIXED_USE,MIXED_USE_BUILDING,PRIVATE_INDIVIDUAL,Aarav Saxena,FREEHOLD,1317.09,1986.05,1,2,,,GEO-02-056-G1,V1,28.6826408,77.2284153,,SYN-WARD-70,V2,G1
IN-DL-110054-2-57,CELL-02,57,"Pramaan Nagar Urban Locality (Synthetic), Delhi 110054",ACTIVE,COMMERCIAL,OFFICE_COMMERCIAL_PLOT,PRIVATE_INDIVIDUAL,Ishaan Malhotra,FREEHOLD,1087.83,1394.71,1,2,,,GEO-02-057-G1,V1,28.6826408,77.2287659,,SYN-WARD-70,V2,G1
IN-DL-110054-2-58,CELL-02,58,"Pramaan Nagar Urban Locality (Synthetic), Delhi 110054",ACTIVE,COMMERCIAL,OFFICE_COMMERCIAL_PLOT,PRIVATE_INDIVIDUAL,Sneha Chawla,FREEHOLD,1041.51,3350.33,1,5,,,GEO-02-058-G1,V1,28.6826408,77.2290764,,SYN-WARD-70,V2,G1
IN-DL-110054-2-59,CELL-02,59,"Pramaan Nagar Urban Locality (Synthetic), Delhi 110054",ACTIVE,COMMERCIAL,RETAIL_SHOP,PRIVATE_INDIVIDUAL,Deepak Jain,FREEHOLD,905.45,2108.06,1,4,,,GEO-02-059-G1,V1,28.6826408,77.2293602,,SYN-WARD-70,V2,G1
IN-DL-110054-2-60,CELL-02,60,"Pramaan Nagar Urban Locality (Synthetic), Delhi 110054",ACTIVE,COMMERCIAL,RETAIL_SHOP,PRIVATE_INDIVIDUAL,Aarav Verma,FREEHOLD,985.26,2041.58,1,3,,,GEO-02-060-G2,V2,28.6826498,77.2296177,,SYN-WARD-70,V1,G2
IN-DL-110054-2-61,CELL-02,61,"Pramaan Nagar Urban Locality (Synthetic), Delhi 110054",ACTIVE,RESIDENTIAL,BUILDER_FLOOR,PRIVATE_INDIVIDUAL,Ishaan Mishra,FREEHOLD,655.62,1006.38,1,3,,,GEO-02-061-G2,V2,28.6823702,77.2269346,,SYN-WARD-70,V2,G2
IN-DL-110054-2-62,CELL-02,62,"Pramaan Nagar Urban Locality (Synthetic), Delhi 110054",ACTIVE,RESIDENTIAL,BUILDER_FLOOR,PRIVATE_INDIVIDUAL,Sneha Khanna,FREEHOLD,649.49,1804.74,1,4,,,GEO-02-062-G1,V1,28.6823684,77.2271972,,SYN-WARD-70,V2,G1
IN-DL-110054-2-63,CELL-02,63,"Pramaan Nagar Urban Locality (Synthetic), Delhi 110054",ACTIVE,RESIDENTIAL,BUILDER_FLOOR,PRIVATE_INDIVIDUAL,Deepak Sethi,FREEHOLD,751.13,759.55,1,2,,,GEO-02-063-G1,V1,28.6823684,77.227483,,SYN-WARD-70,V2,G1
IN-DL-110054-2-64,CELL-02,64,"Pramaan Nagar Urban Locality (Synthetic), Delhi 110054",ACTIVE,MIXED_USE,MIXED_USE_BUILDING,PRIVATE_INDIVIDUAL,Aarav Aggarwal,FREEHOLD,772.91,1228.55,1,2,,,GEO-02-064-G1,V1,28.6823684,77.2277939,,SYN-WARD-70,V2,G1
IN-DL-110054-2-65,CELL-02,65,"Pramaan Nagar Urban Locality (Synthetic), Delhi 110054",ACTIVE,MIXED_USE,MIXED_USE_BUILDING,PRIVATE_INDIVIDUAL,Ishaan Gupta,FREEHOLD,665.67,1126.23,1,3,,,GEO-02-065-G1,V1,28.6823684,77.2280875,,SYN-WARD-70,V2,G1
IN-DL-110054-2-66,CELL-02,66,"Pramaan Nagar Urban Locality (Synthetic), Delhi 110054",ACTIVE,MIXED_USE,MIXED_USE_BUILDING,PRIVATE_INDIVIDUAL,Sneha Tiwari,FREEHOLD,941.06,2544.05,1,4,,,GEO-02-066-G1,V1,28.6823684,77.2284153,,SYN-WARD-70,V2,G1
IN-DL-110054-2-67,CELL-02,67,"Pramaan Nagar Urban Locality (Synthetic), Delhi 110054",ACTIVE,COMMERCIAL,OFFICE_COMMERCIAL_PLOT,PRIVATE_INDIVIDUAL,Deepak Kapoor,FREEHOLD,777.26,1764.35,1,4,,,GEO-02-067-G1,V1,28.6823684,77.2287659,,SYN-WARD-70,V1,G1
IN-DL-110054-2-68,CELL-02,68,"Pramaan Nagar Urban Locality (Synthetic), Delhi 110054",ACTIVE,COMMERCIAL,OFFICE_COMMERCIAL_PLOT,PRIVATE_INDIVIDUAL,Aarav Bhatia,FREEHOLD,744.08,1714.67,1,4,,,GEO-02-068-G2,V2,28.6823648,77.2290825,,SYN-WARD-70,V1,G2
IN-DL-110054-2-69,CELL-02,69,"Pramaan Nagar Urban Locality (Synthetic), Delhi 110054",ACTIVE,COMMERCIAL,RETAIL_SHOP,PRIVATE_INDIVIDUAL,Ishaan Arora,FREEHOLD,646.95,1819.01,1,5,,,GEO-02-069-G1,V1,28.6823684,77.2293602,,SYN-WARD-70,V1,G1
IN-DL-110054-2-70,CELL-02,70,"Pramaan Nagar Urban Locality (Synthetic), Delhi 110054",ACTIVE,COMMERCIAL,RETAIL_SHOP,PRIVATE_INDIVIDUAL,Sneha Mehta,FREEHOLD,705.1,777.94,1,2,,,GEO-02-070-G1,V1,28.6823684,77.2296361,,SYN-WARD-70,V2,G1
IN-DL-110054-2-71,CELL-02,71,"Pramaan Nagar Urban Locality (Synthetic), Delhi 110054",ACTIVE,RESIDENTIAL,BUILDER_FLOOR,PRIVATE_INDIVIDUAL,Deepak Singh,FREEHOLD,786.77,1934.23,1,4,,,GEO-02-071-G1,V1,28.6821269,77.2269223,,SYN-WARD-70,V2,G1
IN-DL-110054-2-72,CELL-02,72,"Pramaan Nagar Urban Locality (Synthetic), Delhi 110054",ACTIVE,RESIDENTIAL,BUILDER_FLOOR,PRIVATE_INDIVIDUAL,Aarav Bansal,FREEHOLD,732.66,1454.97,1,3,,,GEO-02-072-G1,V1,28.6821269,77.2271972,,SYN-WARD-70,V2,G1
IN-DL-110054-2-73,CELL-02,73,"Pramaan Nagar Urban Locality (Synthetic), Delhi 110054",ACTIVE,RESIDENTIAL,BUILDER_FLOOR,PRIVATE_INDIVIDUAL,Ishaan Sharma,FREEHOLD,847.3,2159.37,1,4,,,GEO-02-073-G1,V1,28.6821269,77.227483,,SYN-WARD-70,V2,G1
IN-DL-110054-2-74,CELL-02,74,"Pramaan Nagar Urban Locality (Synthetic), Delhi 110054",ACTIVE,MIXED_USE,MIXED_USE_BUILDING,PRIVATE_INDIVIDUAL,Sneha Saxena,FREEHOLD,871.88,2763.58,1,4,,,GEO-02-074-G1,V1,28.6821269,77.2277939,,SYN-WARD-70,V2,G1
IN-DL-110054-2-75,CELL-02,75,"Pramaan Nagar Urban Locality (Synthetic), Delhi 110054",ACTIVE,MIXED_USE,MIXED_USE_BUILDING,PRIVATE_INDIVIDUAL,Deepak Malhotra,FREEHOLD,750.9,992.09,1,2,,,GEO-02-075-G1,V1,28.6821269,77.2280875,,SYN-WARD-70,V2,G1
IN-DL-110054-2-76,CELL-02,76,"Pramaan Nagar Urban Locality (Synthetic), Delhi 110054",ACTIVE,MIXED_USE,MIXED_USE_BUILDING,PRIVATE_INDIVIDUAL,Aarav Chawla,FREEHOLD,1061.55,2191.51,1,3,,,GEO-02-076-G1,V1,28.6821269,77.2284153,,SYN-WARD-70,V2,G1
IN-DL-110054-2-77,CELL-02,77,"Pramaan Nagar Urban Locality (Synthetic), Delhi 110054",ACTIVE,COMMERCIAL,OFFICE_COMMERCIAL_PLOT,PRIVATE_INDIVIDUAL,Ishaan Jain,FREEHOLD,876.78,2607.57,1,5,,,GEO-02-077-G1,V1,28.6821269,77.2287659,,SYN-WARD-70,V2,G1
IN-DL-110054-2-78,CELL-02,78,"Pramaan Nagar Urban Locality (Synthetic), Delhi 110054",ACTIVE,COMMERCIAL,OFFICE_COMMERCIAL_PLOT,PRIVATE_INDIVIDUAL,Sneha Verma,FREEHOLD,839.44,1998.65,1,4,,,GEO-02-078-G1,V1,28.6821269,77.2290764,,SYN-WARD-70,V1,G1
IN-DL-110054-2-79,CELL-02,79,"Pramaan Nagar Urban Locality (Synthetic), Delhi 110054",ACTIVE,COMMERCIAL,RETAIL_SHOP,PRIVATE_INDIVIDUAL,Deepak Mishra,FREEHOLD,729.78,2288.42,1,4,,,GEO-02-079-G1,V1,28.6821269,77.2293602,,SYN-WARD-70,V2,G1
IN-DL-110054-2-80,CELL-02,80,"Pramaan Nagar Urban Locality (Synthetic), Delhi 110054",ACTIVE,COMMERCIAL,RETAIL_SHOP,PRIVATE_INDIVIDUAL,Aarav Khanna,FREEHOLD,795.38,3063.03,1,5,,,GEO-02-080-G1,V1,28.6821269,77.2296361,,SYN-WARD-70,V2,G1
IN-DL-110054-2-81,CELL-02,81,"Pramaan Nagar Urban Locality (Synthetic), Delhi 110054",ACTIVE,PUBLIC_OPEN_SPACE,PUBLIC_PARK,MCD,Municipal Corporation of Delhi,MUNICIPAL_VESTING,805.98,0.0,0,0,,Municipal Corporation of Delhi,GEO-02-081-G1,V1,28.6818677,77.2269223,ENCROACHMENT_AFFECTED,SYN-WARD-70,V1,G1
IN-DL-110054-2-82,CELL-02,82,"Pramaan Nagar Urban Locality (Synthetic), Delhi 110054",ACTIVE,PUBLIC_OPEN_SPACE,PLAYGROUND,MCD,Municipal Corporation of Delhi,MUNICIPAL_VESTING,750.54,0.0,0,0,,Municipal Corporation of Delhi,GEO-02-082-G1,V1,28.6818677,77.2271972,,SYN-WARD-70,V2,G1
IN-DL-110054-2-83,CELL-02,83,"Pramaan Nagar Urban Locality (Synthetic), Delhi 110054",ACTIVE,INSTITUTIONAL,SCHOOL,EDUCATIONAL_INSTITUTION,Pramaan Education Society,FREEHOLD,867.98,2330.5,2,5,,,GEO-02-083-G1,V1,28.6818677,77.227483,,SYN-WARD-70,V1,G1
IN-DL-110054-2-84,CELL-02,84,"Pramaan Nagar Urban Locality (Synthetic), Delhi 110054",ACTIVE,HEALTHCARE,HOSPITAL_CLINIC,PRIVATE_JOINT,Navjeevan Health Trust,FREEHOLD,893.16,1247.59,2,3,,,GEO-02-084-G1,V1,28.6818677,77.2277939,,SYN-WARD-70,V1,G1
IN-DL-110054-2-85,CELL-02,85,"Pramaan Nagar Urban Locality (Synthetic), Delhi 110054",ACTIVE,RELIGIOUS_COMMUNITY,RELIGIOUS_COMMUNITY_PROPERTY,PUBLIC_TRUST,Pramaan Community Trust,PUBLIC_TRUST,769.22,394.57,1,1,,,GEO-02-085-G1,V1,28.6818677,77.2280875,,SYN-WARD-70,V2,G1
IN-DL-110054-2-86,CELL-02,86,"Pramaan Nagar Urban Locality (Synthetic), Delhi 110054",ACTIVE,TRANSPORT_ACCESS,PARKING_AREA,MCD,Municipal Corporation of Delhi,MUNICIPAL_VESTING,1087.46,0.0,0,0,,Municipal Corporation of Delhi,GEO-02-086-G1,V1,28.6818677,77.2284153,,SYN-WARD-70,V2,G1
IN-DL-110054-2-87,CELL-02,87,"Pramaan Nagar Urban Locality (Synthetic), Delhi 110054",ACTIVE,VACANT,VACANT_PLOT,PRIVATE_INDIVIDUAL,Deepak Arora,FREEHOLD,898.17,0.0,0,0,,,GEO-02-087-G1,V1,28.6818677,77.2287659,VACANT,SYN-WARD-70,V2,G1
IN-DL-110054-2-88,CELL-02,88,"Pramaan Nagar Urban Locality (Synthetic), Delhi 110054",ACTIVE,REDEVELOPMENT,UNDER_CONSTRUCTION_PLOT,PRIVATE_JOINT,Pramaan Redevelopment LLP,MUTATION_PENDING,859.93,1387.59,1,4,,,GEO-02-088-G1,V1,28.6818677,77.2290764,UNDER_CONSTRUCTION,SYN-WARD-70,V1,G1
IN-DL-110054-2-89,CELL-02,89,"Pramaan Nagar Urban Locality (Synthetic), Delhi 110054",ACTIVE,UTILITY,UTILITY_PARCEL,UTILITY_AGENCY,BSES Yamuna Power Limited,LICENSED_USE,747.59,112.14,1,1,,BSES Yamuna Power Limited,GEO-02-089-G1,V1,28.6818677,77.2293602,,SYN-WARD-70,V2,G1
IN-DL-110054-2-90,CELL-02,90,"Pramaan Nagar Urban Locality (Synthetic), Delhi 110054",ACTIVE,GOVERNMENT,MUNICIPAL_PROPERTY,MCD,Municipal Corporation of Delhi,MUNICIPAL_VESTING,814.79,492.21,2,2,,Municipal Corporation of Delhi,GEO-02-090-G1,V1,28.6818677,77.2296361,,SYN-WARD-70,V1,G1
IN-DL-110054-2-91,CELL-02,91,"Pramaan Nagar Urban Locality (Synthetic), Delhi 110054",ACTIVE,PUBLIC_OPEN_SPACE,PUBLIC_PARK,MCD,Municipal Corporation of Delhi,MUNICIPAL_VESTING,683.33,0.0,0,0,,Municipal Corporation of Delhi,GEO-02-091-G2,V2,28.6816201,77.2269346,,SYN-WARD-70,V1,G2
IN-DL-110054-2-92,CELL-02,92,"Pramaan Nagar Urban Locality (Synthetic), Delhi 110054",ACTIVE,PUBLIC_OPEN_SPACE,PLAYGROUND,MCD,Municipal Corporation of Delhi,MUNICIPAL_VESTING,676.94,0.0,0,0,,Municipal Corporation of Delhi,GEO-02-092-G1,V1,28.6816183,77.2271972,,SYN-WARD-70,V2,G1
IN-DL-110054-2-93,CELL-02,93,"Pramaan Nagar Urban Locality (Synthetic), Delhi 110054",ACTIVE,INSTITUTIONAL,SCHOOL,EDUCATIONAL_INSTITUTION,Pramaan Education Society,FREEHOLD,782.87,779.26,2,2,,,GEO-02-093-G1,V1,28.6816183,77.227483,,SYN-WARD-70,V1,G1
IN-DL-110054-2-94,CELL-02,94,"Pramaan Nagar Urban Locality (Synthetic), Delhi 110054",ACTIVE,HEALTHCARE,HOSPITAL_CLINIC,PRIVATE_JOINT,Navjeevan Health Trust,FREEHOLD,805.57,797.37,2,2,,,GEO-02-094-G1,V1,28.6816183,77.2277939,,SYN-WARD-70,V1,G1
IN-DL-110054-2-95,CELL-02,95,"Pramaan Nagar Urban Locality (Synthetic), Delhi 110054",ACTIVE,RELIGIOUS_COMMUNITY,RELIGIOUS_COMMUNITY_PROPERTY,PUBLIC_TRUST,Pramaan Community Trust,PUBLIC_TRUST,693.8,340.82,1,1,,,GEO-02-095-G1,V1,28.6816183,77.2280875,,SYN-WARD-70,V2,G1
IN-DL-110054-2-96,CELL-02,96,"Pramaan Nagar Urban Locality (Synthetic), Delhi 110054",ACTIVE,TRANSPORT_ACCESS,PARKING_AREA,MCD,Municipal Corporation of Delhi,MUNICIPAL_VESTING,980.83,0.0,0,0,,Municipal Corporation of Delhi,GEO-02-096-G1,V1,28.6816183,77.2284153,,SYN-WARD-70,V2,G1
IN-DL-110054-2-97,CELL-02,97,"Pramaan Nagar Urban Locality (Synthetic), Delhi 110054",ACTIVE,VACANT,VACANT_PLOT,PRIVATE_INDIVIDUAL,Ishaan Mishra,FREEHOLD,810.1,0.0,0,0,,,GEO-02-097-G1,V1,28.6816183,77.2287659,VACANT,SYN-WARD-70,V2,G1
IN-DL-110054-2-98,CELL-02,98,"Pramaan Nagar Urban Locality (Synthetic), Delhi 110054",ACTIVE,REDEVELOPMENT,UNDER_CONSTRUCTION_PLOT,PRIVATE_JOINT,Pramaan Redevelopment LLP,MUTATION_PENDING,775.6,1306.04,1,5,,,GEO-02-098-G1,V1,28.6816183,77.2290764,UNDER_CONSTRUCTION,SYN-WARD-70,V2,G1
IN-DL-110054-2-99,CELL-02,99,"Pramaan Nagar Urban Locality (Synthetic), Delhi 110054",ACTIVE,UTILITY,UTILITY_PARCEL,UTILITY_AGENCY,BSES Yamuna Power Limited,LICENSED_USE,674.29,101.14,1,1,,BSES Yamuna Power Limited,GEO-02-099-G1,V1,28.6816183,77.2293602,,SYN-WARD-70,V2,G1
IN-DL-110054-2-100,CELL-02,100,"Pramaan Nagar Urban Locality (Synthetic), Delhi 110054",ACTIVE,GOVERNMENT,MUNICIPAL_PROPERTY,MCD,Municipal Corporation of Delhi,MUNICIPAL_VESTING,734.89,1884.88,2,5,,Municipal Corporation of Delhi,GEO-02-100-G1,V1,28.6816183,77.2296361,,SYN-WARD-70,V1,G1
IN-DL-110054-3-1,CELL-03,1,"Pramaan Nagar Urban Locality (Synthetic), Delhi 110054",ACTIVE,RESIDENTIAL,DDA_FLAT_BLOCK,DDA,Delhi Development Authority,LEASEHOLD_DDA,631.02,1575.16,1,5,Shalimar DDA Pocket A,,GEO-03-001-G1,V1,28.6838883,77.2301909,,SYN-WARD-71,V1,G1
IN-DL-110054-3-2,CELL-03,2,"Pramaan Nagar Urban Locality (Synthetic), Delhi 110054",ACTIVE,RESIDENTIAL,GROUP_HOUSING_BLOCK,DDA,Delhi Development Authority,LEASEHOLD_DDA,729.76,1526.72,1,5,Shalimar DDA Pocket A,,GEO-03-002-G1,V1,28.6838883,77.2304731,,SYN-WARD-71,V1,G1
IN-DL-110054-3-3,CELL-03,3,"Pramaan Nagar Urban Locality (Synthetic), Delhi 110054",ACTIVE,RESIDENTIAL,DDA_FLAT_BLOCK,DDA,Delhi Development Authority,LEASEHOLD_DDA,750.92,2196.15,1,5,Shalimar DDA Pocket A,,GEO-03-003-G1,V1,28.6838883,77.2307802,,SYN-WARD-71,V2,G1
IN-DL-110054-3-4,CELL-03,4,"Pramaan Nagar Urban Locality (Synthetic), Delhi 110054",ACTIVE,RESIDENTIAL,GROUP_HOUSING_BLOCK,DDA,Delhi Development Authority,LEASEHOLD_DDA,646.73,2403.45,1,7,Shalimar DDA Pocket A,,GEO-03-004-G1,V1,28.6838883,77.23107,,SYN-WARD-71,V2,G1
IN-DL-110054-3-5,CELL-03,5,"Pramaan Nagar Urban Locality (Synthetic), Delhi 110054",ACTIVE,RESIDENTIAL,DDA_FLAT_BLOCK,DDA,Delhi Development Authority,LEASEHOLD_DDA,652.41,1720.2,1,6,Shalimar DDA Pocket A,,GEO-03-005-G1,V1,28.6838883,77.2313395,,SYN-WARD-71,V1,G1
IN-DL-110054-3-6,CELL-03,6,"Pramaan Nagar Urban Locality (Synthetic), Delhi 110054",ACTIVE,RESIDENTIAL,GROUP_HOUSING_BLOCK,DDA,Delhi Development Authority,LEASEHOLD_DDA,1020.34,6211.52,1,10,Shalimar DDA Pocket A,,GEO-03-006-G1,V1,28.6838883,77.2316864,,SYN-WARD-71,V1,G1
IN-DL-110054-3-7,CELL-03,7,"Pramaan Nagar Urban Locality (Synthetic), Delhi 110054",ACTIVE,RESIDENTIAL,DDA_FLAT_BLOCK,DDA,Delhi Development Authority,LEASEHOLD_DDA,722.99,2632.8,1,9,Shalimar DDA Pocket A,,GEO-03-007-G1,V1,28.6838883,77.2320479,,SYN-WARD-71,V2,G1
IN-DL-110054-3-8,CELL-03,8,"Pramaan Nagar Urban Locality (Synthetic), Delhi 110054",ACTIVE,RESIDENTIAL,GROUP_HOUSING_BLOCK,DDA,Delhi Development Authority,LEASEHOLD_DDA,628.54,2367.34,1,7,Shalimar DDA Pocket A,,GEO-03-008-G1,V1,28.6838883,77.2323282,,SYN-WARD-71,V2,G1
IN-DL-110054-3-9,CELL-03,9,"Pramaan Nagar Urban Locality (Synthetic), Delhi 110054",ACTIVE,RESIDENTIAL,DDA_FLAT_BLOCK,DDA,Delhi Development Authority,LEASEHOLD_DDA,685.04,1442.44,1,4,Shalimar DDA Pocket A,,GEO-03-009-G1,V1,28.6838883,77.2326007,,SYN-WARD-71,V1,G1
IN-DL-110054-3-10,CELL-03,10,"Pramaan Nagar Urban Locality (Synthetic), Delhi 110054",ACTIVE,RESIDENTIAL,GROUP_HOUSING_BLOCK,DDA,Delhi Development Authority,LEASEHOLD_DDA,764.92,2333.3,1,6,Shalimar DDA Pocket A,,GEO-03-010-G1,V1,28.6838883,77.2329014,,SYN-WARD-71,V2,G1
IN-DL-110054-3-11,CELL-03,11,"Pramaan Nagar Urban Locality (Synthetic), Delhi 110054",ACTIVE,RESIDENTIAL,GROUP_HOUSING_BLOCK,DDA,Delhi Development Authority,LEASEHOLD_DDA,712.29,2755.33,1,8,Shalimar DDA Pocket A,,GEO-03-011-G1,V1,28.6836506,77.2301909,,SYN-WARD-71,V1,G1
IN-DL-110054-3-12,CELL-03,12,"Pramaan Nagar Urban Locality (Synthetic), Delhi 110054",ACTIVE,RESIDENTIAL,DDA_FLAT_BLOCK,DDA,Delhi Development Authority,LEASEHOLD_DDA,823.75,4529.08,1,10,Shalimar DDA Pocket A,,GEO-03-012-G1,V1,28.6836506,77.2304731,,SYN-WARD-71,V1,G1
IN-DL-110054-3-13,CELL-03,13,"Pramaan Nagar Urban Locality (Synthetic), Delhi 110054",ACTIVE,RESIDENTIAL,DDA_FLAT_BLOCK,DDA,Delhi Development Authority,LEASEHOLD_DDA,847.64,2798.91,1,7,Shalimar DDA Pocket A,,GEO-03-013-G1,V1,28.6836506,77.2307802,,SYN-WARD-71,V1,G1
IN-DL-110054-3-14,CELL-03,14,"Pramaan Nagar Urban Locality (Synthetic), Delhi 110054",ACTIVE,RESIDENTIAL,DDA_FLAT_BLOCK,DDA,Delhi Development Authority,LEASEHOLD_DDA,730.02,3261.07,1,8,Shalimar DDA Pocket A,,GEO-03-014-G1,V1,28.6836506,77.23107,,SYN-WARD-71,V2,G1
IN-DL-110054-3-15,CELL-03,15,"Pramaan Nagar Urban Locality (Synthetic), Delhi 110054",ACTIVE,RESIDENTIAL,DDA_FLAT_BLOCK,DDA,Delhi Development Authority,LEASEHOLD_DDA,736.44,2410.41,1,6,Shalimar DDA Pocket A,,GEO-03-015-G1,V1,28.6836506,77.2313395,,SYN-WARD-71,V2,G1
IN-DL-110054-3-16,CELL-03,16,"Pramaan Nagar Urban Locality (Synthetic), Delhi 110054",ACTIVE,RESIDENTIAL,DDA_FLAT_BLOCK,DDA,Delhi Development Authority,LEASEHOLD_DDA,1151.76,3801.98,1,6,Shalimar DDA Pocket A,,GEO-03-016-G1,V1,28.6836506,77.2316864,,SYN-WARD-71,V2,G1
IN-DL-110054-3-17,CELL-03,17,"Pramaan Nagar Urban Locality (Synthetic), Delhi 110054",ACTIVE,RESIDENTIAL,GROUP_HOUSING_BLOCK,DDA,Delhi Development Authority,LEASEHOLD_DDA,816.1,3300.13,1,8,Shalimar DDA Pocket A,,GEO-03-017-G1,V1,28.6836506,77.2320479,,SYN-WARD-71,V1,G1
IN-DL-110054-3-18,CELL-03,18,"Pramaan Nagar Urban Locality (Synthetic), Delhi 110054",ACTIVE,RESIDENTIAL,DDA_FLAT_BLOCK,DDA,Delhi Development Authority,LEASEHOLD_DDA,709.5,3399.69,1,8,Shalimar DDA Pocket A,,GEO-03-018-G1,V1,28.6836506,77.2323282,,SYN-WARD-71,V1,G1
IN-DL-110054-3-19,CELL-03,19,"Pramaan Nagar Urban Locality (Synthetic), Delhi 110054",ACTIVE,RESIDENTIAL,GROUP_HOUSING_BLOCK,DDA,Delhi Development Authority,LEASEHOLD_DDA,773.27,2910.65,1,8,Shalimar DDA Pocket A,,GEO-03-019-G1,V1,28.6836506,77.2326007,,SYN-WARD-71,V1,G1
IN-DL-110054-3-20,CELL-03,20,"Pramaan Nagar Urban Locality (Synthetic), Delhi 110054",ACTIVE,RESIDENTIAL,DDA_FLAT_BLOCK,DDA,Delhi Development Authority,LEASEHOLD_DDA,863.44,4365.34,1,9,Shalimar DDA Pocket A,,GEO-03-020-G1,V1,28.6836506,77.2329014,,SYN-WARD-71,V2,G1
IN-DL-110054-3-21,CELL-03,21,"Pramaan Nagar Urban Locality (Synthetic), Delhi 110054",ACTIVE,RESIDENTIAL,DDA_FLAT_BLOCK,DDA,Delhi Development Authority,LEASEHOLD_DDA,702.05,3547.67,1,9,Shalimar DDA Pocket A,,GEO-03-021-G2,V2,28.6833942,77.2302032,,SYN-WARD-71,V1,G2
IN-DL-110054-3-22,CELL-03,22,"Pramaan Nagar Urban Locality (Synthetic), Delhi 110054",ACTIVE,RESIDENTIAL,DDA_FLAT_BLOCK,DDA,Delhi Development Authority,LEASEHOLD_DDA,863.73,3320.57,1,8,Shalimar DDA Pocket A,,GEO-03-022-G1,V1,28.6833924,77.2304731,,SYN-WARD-71,V1,G1
IN-DL-110054-3-23,CELL-03,23,"Pramaan Nagar Urban Locality (Synthetic), Delhi 110054",ACTIVE,RESIDENTIAL,DDA_FLAT_BLOCK,DDA,Delhi Development Authority,LEASEHOLD_DDA,888.78,4724.02,1,9,Shalimar DDA Pocket A,,GEO-03-023-G1,V1,28.6833924,77.2307802,,SYN-WARD-71,V1,G1
IN-DL-110054-3-24,CELL-03,24,"Pramaan Nagar Urban Locality (Synthetic), Delhi 110054",ACTIVE,RESIDENTIAL,DDA_FLAT_BLOCK,DDA,Delhi Development Authority,LEASEHOLD_DDA,765.45,2402.21,1,6,Shalimar DDA Pocket A,,GEO-03-024-G1,V1,28.6833924,77.23107,,SYN-WARD-71,V2,G1
IN-DL-110054-3-25,CELL-03,25,"Pramaan Nagar Urban Locality (Synthetic), Delhi 110054",ACTIVE,RESIDENTIAL,DDA_FLAT_BLOCK,DDA,Delhi Development Authority,LEASEHOLD_DDA,772.18,4269.64,1,9,Shalimar DDA Pocket A,,GEO-03-025-G1,V1,28.6833924,77.2313395,,SYN-WARD-71,V2,G1
IN-DL-110054-3-26,CELL-03,26,"Pramaan Nagar Urban Locality (Synthetic), Delhi 110054",ACTIVE,RESIDENTIAL,GROUP_HOUSING_BLOCK,DDA,Delhi Development Authority,LEASEHOLD_DDA,1207.66,3418.52,1,5,Shalimar DDA Pocket A,,GEO-03-026-G1,V1,28.6833924,77.2316864,,SYN-WARD-71,V2,G1
IN-DL-110054-3-27,CELL-03,27,"Pramaan Nagar Urban Locality (Synthetic), Delhi 110054",ACTIVE,RESIDENTIAL,DDA_FLAT_BLOCK,DDA,Delhi Development Authority,LEASEHOLD_DDA,855.71,1940.47,1,4,Shalimar DDA Pocket A,,GEO-03-027-G1,V1,28.6833924,77.2320479,,SYN-WARD-71,V2,G1
IN-DL-110054-3-28,CELL-03,28,"Pramaan Nagar Urban Locality (Synthetic), Delhi 110054",ACTIVE,RESIDENTIAL,GROUP_HOUSING_BLOCK,DDA,Delhi Development Authority,LEASEHOLD_DDA,743.93,2481.19,1,6,Shalimar DDA Pocket A,,GEO-03-028-G1,V1,28.6833924,77.2323282,,SYN-WARD-71,V1,G1
IN-DL-110054-3-29,CELL-03,29,"Pramaan Nagar Urban Locality (Synthetic), Delhi 110054",ACTIVE,RESIDENTIAL,DDA_FLAT_BLOCK,DDA,Delhi Development Authority,LEASEHOLD_DDA,810.79,4166.73,1,9,Shalimar DDA Pocket A,,GEO-03-029-G1,V1,28.6833924,77.2326007,,SYN-WARD-71,V2,G1
IN-DL-110054-3-30,CELL-03,30,"Pramaan Nagar Urban Locality (Synthetic), Delhi 110054",ACTIVE,RESIDENTIAL,GROUP_HOUSING_BLOCK,DDA,Delhi Development Authority,LEASEHOLD_DDA,905.35,2186.37,1,5,Shalimar DDA Pocket A,,GEO-03-030-G1,V1,28.6833924,77.2329014,,SYN-WARD-71,V2,G1
IN-DL-110054-3-31,CELL-03,31,"Pramaan Nagar Urban Locality (Synthetic), Delhi 110054",ACTIVE,RESIDENTIAL,GROUP_HOUSING_BLOCK,DDA,Delhi Development Authority,LEASEHOLD_DDA,684.08,1970.59,1,6,Shalimar DDA Pocket A,,GEO-03-031-G1,V1,28.6831392,77.2301909,,SYN-WARD-71,V2,G1
IN-DL-110054-3-32,CELL-03,32,"Pramaan Nagar Urban Locality (Synthetic), Delhi 110054",ACTIVE,PUBLIC_OPEN_SPACE,PUBLIC_PARK,DDA,Delhi Development Authority,LEASEHOLD_DDA,791.13,0.0,0,0,Shalimar DDA Pocket A,,GEO-03-032-G1,V1,28.6831392,77.2304731,ENCROACHMENT_AFFECTED,SYN-WARD-71,V1,G1
IN-DL-110054-3-33,CELL-03,33,"Pramaan Nagar Urban Locality (Synthetic), Delhi 110054",ACTIVE,TRANSPORT_ACCESS,PARKING_AREA,DDA,Delhi Development Authority,LEASEHOLD_DDA,814.07,0.0,0,0,Shalimar DDA Pocket A,,GEO-03-033-G1,V1,28.6831392,77.2307802,,SYN-WARD-71,V2,G1
IN-DL-110054-3-34,CELL-03,34,"Pramaan Nagar Urban Locality (Synthetic), Delhi 110054",ACTIVE,TRANSPORT_ACCESS,PARKING_AREA,DDA,Delhi Development Authority,LEASEHOLD_DDA,701.11,0.0,0,0,Shalimar DDA Pocket A,,GEO-03-034-G1,V1,28.6831392,77.23107,,SYN-WARD-71,V1,G1
IN-DL-110054-3-35,CELL-03,35,"Pramaan Nagar Urban Locality (Synthetic), Delhi 110054",ACTIVE,RELIGIOUS_COMMUNITY,RELIGIOUS_COMMUNITY_PROPERTY,PUBLIC_TRUST,Shalimar Residents Community Trust,PUBLIC_TRUST,707.28,783.36,1,2,Shalimar DDA Pocket A,,GEO-03-035-G1,V1,28.6831392,77.2313395,,SYN-WARD-71,V2,G1
IN-DL-110054-3-36,CELL-03,36,"Pramaan Nagar Urban Locality (Synthetic), Delhi 110054",ACTIVE,RESIDENTIAL,DDA_FLAT_BLOCK,DDA,Delhi Development Authority,LEASEHOLD_DDA,1106.15,5508.55,1,10,Shalimar DDA Pocket A,,GEO-03-036-G1,V1,28.6831392,77.2316864,,SYN-WARD-71,V1,G1
IN-DL-110054-3-37,CELL-03,37,"Pramaan Nagar Urban Locality (Synthetic), Delhi 110054",ACTIVE,RESIDENTIAL,GROUP_HOUSING_BLOCK,DDA,Delhi Development Authority,LEASEHOLD_DDA,783.79,4439.98,1,10,Shalimar DDA Pocket A,,GEO-03-037-G1,V1,28.6831392,77.2320479,,SYN-WARD-71,V2,G1
IN-DL-110054-3-38,CELL-03,38,"Pramaan Nagar Urban Locality (Synthetic), Delhi 110054",ACTIVE,RESIDENTIAL,DDA_FLAT_BLOCK,DDA,Delhi Development Authority,LEASEHOLD_DDA,681.4,2202.3,1,7,Shalimar DDA Pocket A,,GEO-03-038-G1,V1,28.6831392,77.2323282,,SYN-WARD-71,V2,G1
IN-DL-110054-3-39,CELL-03,39,"Pramaan Nagar Urban Locality (Synthetic), Delhi 110054",ACTIVE,RESIDENTIAL,GROUP_HOUSING_BLOCK,DDA,Delhi Development Authority,LEASEHOLD_DDA,742.64,1922.25,1,5,Shalimar DDA Pocket A,,GEO-03-039-G1,V1,28.6831392,77.2326007,,SYN-WARD-71,V1,G1
IN-DL-110054-3-40,CELL-03,40,"Pramaan Nagar Urban Locality (Synthetic), Delhi 110054",ACTIVE,RESIDENTIAL,DDA_FLAT_BLOCK,DDA,Delhi Development Authority,LEASEHOLD_DDA,829.25,3208.69,1,7,Shalimar DDA Pocket A,,GEO-03-040-G1,V1,28.6831392,77.2329014,,SYN-WARD-71,V2,G1
IN-DL-110054-3-41,CELL-03,41,"Pramaan Nagar Urban Locality (Synthetic), Delhi 110054",ACTIVE,RESIDENTIAL,DDA_FLAT_BLOCK,DDA,Delhi Development Authority,LEASEHOLD_DDA,615.93,3036.84,1,8,Shalimar DDA Pocket A,,GEO-03-041-G1,V1,28.6829091,77.2301909,,SYN-WARD-71,V2,G1
IN-DL-110054-3-42,CELL-03,42,"Pramaan Nagar Urban Locality (Synthetic), Delhi 110054",ACTIVE,TRANSPORT_ACCESS,ROAD_ACCESS_CORRIDOR,DDA,Delhi Development Authority,LEASEHOLD_DDA,712.31,0.0,0,0,Shalimar DDA Pocket A,,GEO-03-042-G1,V1,28.6829091,77.2304731,,SYN-WARD-71,V2,G1
IN-DL-110054-3-43,CELL-03,43,"Pramaan Nagar Urban Locality (Synthetic), Delhi 110054",ACTIVE,TRANSPORT_ACCESS,ROAD_ACCESS_CORRIDOR,DDA,Delhi Development Authority,LEASEHOLD_DDA,732.97,0.0,0,0,Shalimar DDA Pocket A,,GEO-03-043-G1,V1,28.6829091,77.2307802,,SYN-WARD-71,V1,G1
IN-DL-110054-3-44,CELL-03,44,"Pramaan Nagar Urban Locality (Synthetic), Delhi 110054",ACTIVE,UTILITY,ELECTRICAL_SUBSTATION,UTILITY_AGENCY,BSES Yamuna Power Limited,LICENSED_USE,631.26,94.69,1,1,Shalimar DDA Pocket A,BSES Yamuna Power Limited,GEO-03-044-G1,V1,28.6829091,77.23107,,SYN-WARD-71,V2,G1
IN-DL-110054-3-45,CELL-03,45,"Pramaan Nagar Urban Locality (Synthetic), Delhi 110054",ACTIVE,PUBLIC_OPEN_SPACE,PLAYGROUND,DDA,Delhi Development Authority,LEASEHOLD_DDA,636.81,0.0,0,0,Shalimar DDA Pocket A,,GEO-03-045-G1,V1,28.6829091,77.2313395,,SYN-WARD-71,V1,G1
IN-DL-110054-3-46,CELL-03,46,"Pramaan Nagar Urban Locality (Synthetic), Delhi 110054",ACTIVE,RESIDENTIAL,GROUP_HOUSING_BLOCK,DDA,Delhi Development Authority,LEASEHOLD_DDA,995.94,4229.97,1,8,Shalimar DDA Pocket A,,GEO-03-046-G1,V1,28.6829091,77.2316864,,SYN-WARD-71,V2,G1
IN-DL-110054-3-47,CELL-03,47,"Pramaan Nagar Urban Locality (Synthetic), Delhi 110054",ACTIVE,RESIDENTIAL,DDA_FLAT_BLOCK,DDA,Delhi Development Authority,LEASEHOLD_DDA,705.7,2392.13,1,7,Shalimar DDA Pocket A,,GEO-03-047-G1,V1,28.6829091,77.2320479,,SYN-WARD-71,V2,G1
IN-DL-110054-3-48,CELL-03,48,"Pramaan Nagar Urban Locality (Synthetic), Delhi 110054",ACTIVE,RESIDENTIAL,GROUP_HOUSING_BLOCK,DDA,Delhi Development Authority,LEASEHOLD_DDA,613.51,2500.29,1,7,Shalimar DDA Pocket A,,GEO-03-048-G1,V1,28.6829091,77.2323282,,SYN-WARD-71,V2,G1
IN-DL-110054-3-49,CELL-03,49,"Pramaan Nagar Urban Locality (Synthetic), Delhi 110054",ACTIVE,RESIDENTIAL,DDA_FLAT_BLOCK,DDA,Delhi Development Authority,LEASEHOLD_DDA,668.65,2722.53,1,9,Shalimar DDA Pocket A,,GEO-03-049-G1,V1,28.6829091,77.2326007,,SYN-WARD-71,V2,G1
IN-DL-110054-3-50,CELL-03,50,"Pramaan Nagar Urban Locality (Synthetic), Delhi 110054",ACTIVE,RESIDENTIAL,GROUP_HOUSING_BLOCK,DDA,Delhi Development Authority,LEASEHOLD_DDA,746.63,2299.86,1,5,Shalimar DDA Pocket A,,GEO-03-050-G1,V1,28.6829091,77.2329014,,SYN-WARD-71,V2,G1
IN-DL-110054-3-51,CELL-03,51,"Pramaan Nagar Urban Locality (Synthetic), Delhi 110054",ACTIVE,RESIDENTIAL,INDEPENDENT_HOUSE,PRIVATE_INDIVIDUAL,Deepak Mishra,FREEHOLD,924.79,1825.53,1,3,,,GEO-03-051-G1,V1,28.6826365,77.2301909,,SYN-WARD-71,V2,G1
IN-DL-110054-3-52,CELL-03,52,"Pramaan Nagar Urban Locality (Synthetic), Delhi 110054",ACTIVE,RESIDENTIAL,INDEPENDENT_HOUSE,PRIVATE_INDIVIDUAL,Aarav Khanna,FREEHOLD,1069.5,1063.23,1,2,,,GEO-03-052-G1,V1,28.6826365,77.2304731,,SYN-WARD-71,V2,G1
IN-DL-110054-3-53,CELL-03,53,"Pramaan Nagar Urban Locality (Synthetic), Delhi 110054",ACTIVE,RESIDENTIAL,INDEPENDENT_HOUSE,PRIVATE_INDIVIDUAL,Ishaan Sethi,FREEHOLD,1100.52,2171.27,1,4,,,GEO-03-053-G1,V1,28.6826365,77.2307802,,SYN-WARD-71,V2,G1
IN-DL-110054-3-54,CELL-03,54,"Pramaan Nagar Urban Locality (Synthetic), Delhi 110054",ACTIVE,RESIDENTIAL,INDEPENDENT_HOUSE,PRIVATE_INDIVIDUAL,Sneha Aggarwal,FREEHOLD,947.82,2232.42,1,4,,,GEO-03-054-G1,V1,28.6826365,77.23107,,SYN-WARD-71,V2,G1
IN-DL-110054-3-55,CELL-03,55,"Pramaan Nagar Urban Locality (Synthetic), Delhi 110054",ACTIVE,RESIDENTIAL,INDEPENDENT_HOUSE,PRIVATE_INDIVIDUAL,Deepak Gupta,FREEHOLD,956.15,461.48,1,1,,,GEO-03-055-G1,V1,28.6826365,77.2313395,,SYN-WARD-71,V2,G1
IN-DL-110054-3-56,CELL-03,56,"Pramaan Nagar Urban Locality (Synthetic), Delhi 110054",ACTIVE,RESIDENTIAL,BUILDER_FLOOR,PRIVATE_INDIVIDUAL,Aarav Tiwari,FREEHOLD,1495.37,3355.14,1,4,,,GEO-03-056-G1,V1,28.6826365,77.2316864,,SYN-WARD-71,V1,G1
IN-DL-110054-3-57,CELL-03,57,"Pramaan Nagar Urban Locality (Synthetic), Delhi 110054",ACTIVE,RESIDENTIAL,BUILDER_FLOOR,PRIVATE_INDIVIDUAL,Ishaan Kapoor,FREEHOLD,1059.58,1922.55,1,3,,,GEO-03-057-G1,V1,28.6826365,77.2320479,,SYN-WARD-71,V2,G1
IN-DL-110054-3-58,CELL-03,58,"Pramaan Nagar Urban Locality (Synthetic), Delhi 110054",ACTIVE,RESIDENTIAL,BUILDER_FLOOR,PRIVATE_INDIVIDUAL,Sneha Bhatia,FREEHOLD,921.16,1268.27,1,3,,,GEO-03-058-G1,V1,28.6826365,77.2323282,,SYN-WARD-71,V1,G1
IN-DL-110054-3-59,CELL-03,59,"Pramaan Nagar Urban Locality (Synthetic), Delhi 110054",ACTIVE,RESIDENTIAL,BUILDER_FLOOR,PRIVATE_INDIVIDUAL,Deepak Arora,FREEHOLD,1003.96,1968.74,1,3,,,GEO-03-059-G1,V1,28.6826365,77.2326007,,SYN-WARD-71,V1,G1
IN-DL-110054-3-60,CELL-03,60,"Pramaan Nagar Urban Locality (Synthetic), Delhi 110054",ACTIVE,RESIDENTIAL,BUILDER_FLOOR,PRIVATE_INDIVIDUAL,Aarav Mehta,FREEHOLD,1121.04,537.01,1,1,,,GEO-03-060-G1,V1,28.6826365,77.2329014,,SYN-WARD-71,V2,G1
IN-DL-110054-3-61,CELL-03,61,"Pramaan Nagar Urban Locality (Synthetic), Delhi 110054",ACTIVE,RESIDENTIAL,INDEPENDENT_HOUSE,PRIVATE_INDIVIDUAL,Ishaan Singh,FREEHOLD,724.47,1311.18,1,3,,,GEO-03-061-G1,V1,28.6823446,77.2301909,,SYN-WARD-71,V1,G1
IN-DL-110054-3-62,CELL-03,62,"Pramaan Nagar Urban Locality (Synthetic), Delhi 110054",ACTIVE,RESIDENTIAL,INDEPENDENT_HOUSE,PRIVATE_INDIVIDUAL,Sneha Bansal,FREEHOLD,837.84,2196.11,1,4,,,GEO-03-062-G1,V1,28.6823446,77.2304731,,SYN-WARD-71,V2,G1
IN-DL-110054-3-63,CELL-03,63,"Pramaan Nagar Urban Locality (Synthetic), Delhi 110054",ACTIVE,RESIDENTIAL,INDEPENDENT_HOUSE,PRIVATE_INDIVIDUAL,Deepak Sharma,FREEHOLD,862.14,979.33,1,2,,,GEO-03-063-G1,V1,28.6823446,77.2307802,,SYN-WARD-71,V2,G1
IN-DL-110054-3-64,CELL-03,64,"Pramaan Nagar Urban Locality (Synthetic), Delhi 110054",ACTIVE,RESIDENTIAL,INDEPENDENT_HOUSE,PRIVATE_INDIVIDUAL,Aarav Saxena,FREEHOLD,742.51,1329.98,1,3,,,GEO-03-064-G1,V1,28.6823446,77.23107,,SYN-WARD-71,V2,G1
IN-DL-110054-3-65,CELL-03,65,"Pramaan Nagar Urban Locality (Synthetic), Delhi 110054",ACTIVE,RESIDENTIAL,INDEPENDENT_HOUSE,PRIVATE_INDIVIDUAL,Ishaan Malhotra,FREEHOLD,749.04,415.97,1,1,,,GEO-03-065-G1,V1,28.6823446,77.2313395,,SYN-WARD-71,V2,G1
IN-DL-110054-3-66,CELL-03,66,"Pramaan Nagar Urban Locality (Synthetic), Delhi 110054",ACTIVE,RESIDENTIAL,BUILDER_FLOOR,PRIVATE_INDIVIDUAL,Sneha Chawla,FREEHOLD,1171.46,1104.38,1,2,,,GEO-03-066-G1,V1,28.6823446,77.2316864,,SYN-WARD-71,V2,G1
IN-DL-110054-3-67,CELL-03,67,"Pramaan Nagar Urban Locality (Synthetic), Delhi 110054",ACTIVE,RESIDENTIAL,BUILDER_FLOOR,PRIVATE_INDIVIDUAL,Deepak Jain,FREEHOLD,830.07,1351.16,1,3,,,GEO-03-067-G1,V1,28.6823446,77.2320479,,SYN-WARD-71,V2,G1
IN-DL-110054-3-68,CELL-03,68,"Pramaan Nagar Urban Locality (Synthetic), Delhi 110054",ACTIVE,RESIDENTIAL,BUILDER_FLOOR,PRIVATE_INDIVIDUAL,Aarav Verma,FREEHOLD,721.63,482.41,1,1,,,GEO-03-068-G1,V1,28.6823446,77.2323282,,SYN-WARD-71,V2,G1
IN-DL-110054-3-69,CELL-03,69,"Pramaan Nagar Urban Locality (Synthetic), Delhi 110054",ACTIVE,RESIDENTIAL,BUILDER_FLOOR,PRIVATE_INDIVIDUAL,Ishaan Mishra,FREEHOLD,785.24,508.74,1,1,,,GEO-03-069-G2,V2,28.6823537,77.2325822,,SYN-WARD-71,V1,G2
IN-DL-110054-3-70,CELL-03,70,"Pramaan Nagar Urban Locality (Synthetic), Delhi 110054",ACTIVE,RESIDENTIAL,BUILDER_FLOOR,PRIVATE_INDIVIDUAL,Sneha Khanna,FREEHOLD,878.21,1357.35,1,3,,,GEO-03-070-G1,V1,28.6823446,77.2329014,,SYN-WARD-71,V2,G1
IN-DL-110054-3-71,CELL-03,71,"Pramaan Nagar Urban Locality (Synthetic), Delhi 110054",ACTIVE,RESIDENTIAL,INDEPENDENT_HOUSE,PRIVATE_INDIVIDUAL,Deepak Sethi,FREEHOLD,697.62,1540.97,1,4,,,GEO-03-071-G2,V2,28.6820869,77.2302032,,SYN-WARD-71,V1,G2
IN-DL-110054-3-72,CELL-03,72,"Pramaan Nagar Urban Locality (Synthetic), Delhi 110054",ACTIVE,RESIDENTIAL,INDEPENDENT_HOUSE,PRIVATE_INDIVIDUAL,Aarav Aggarwal,FREEHOLD,858.29,1928.18,1,4,,,GEO-03-072-G1,V1,28.6820851,77.2304731,,SYN-WARD-71,V2,G1
IN-DL-110054-3-73,CELL-03,73,"Pramaan Nagar Urban Locality (Synthetic), Delhi 110054",ACTIVE,RESIDENTIAL,INDEPENDENT_HOUSE,PRIVATE_INDIVIDUAL,Ishaan Gupta,FREEHOLD,883.18,1213.5,1,3,,,GEO-03-073-G1,V1,28.6820851,77.2307802,,SYN-WARD-71,V2,G1
IN-DL-110054-3-74,CELL-03,74,"Pramaan Nagar Urban Locality (Synthetic), Delhi 110054",ACTIVE,RESIDENTIAL,INDEPENDENT_HOUSE,PRIVATE_INDIVIDUAL,Sneha Tiwari,FREEHOLD,760.56,2038.15,1,4,,,GEO-03-074-G2,V2,28.6820815,77.2310762,,SYN-WARD-71,V1,G2
IN-DL-110054-3-75,CELL-03,75,"Pramaan Nagar Urban Locality (Synthetic), Delhi 110054",ACTIVE,RESIDENTIAL,INDEPENDENT_HOUSE,PRIVATE_INDIVIDUAL,Deepak Kapoor,FREEHOLD,767.32,1530.78,1,4,,,GEO-03-075-G1,V1,28.6820851,77.2313395,,SYN-WARD-71,V2,G1
IN-DL-110054-3-76,CELL-03,76,"Pramaan Nagar Urban Locality (Synthetic), Delhi 110054",ACTIVE,RESIDENTIAL,BUILDER_FLOOR,PRIVATE_INDIVIDUAL,Aarav Bhatia,FREEHOLD,1200.05,576.25,1,1,,,GEO-03-076-G1,V1,28.6820851,77.2316864,,SYN-WARD-71,V1,G1
IN-DL-110054-3-77,CELL-03,77,"Pramaan Nagar Urban Locality (Synthetic), Delhi 110054",ACTIVE,RESIDENTIAL,BUILDER_FLOOR,PRIVATE_INDIVIDUAL,Ishaan Arora,FREEHOLD,850.32,816.36,1,2,,,GEO-03-077-G1,V1,28.6820851,77.2320479,,SYN-WARD-71,V2,G1
IN-DL-110054-3-78,CELL-03,78,"Pramaan Nagar Urban Locality (Synthetic), Delhi 110054",ACTIVE,RESIDENTIAL,BUILDER_FLOOR,PRIVATE_INDIVIDUAL,Sneha Mehta,FREEHOLD,739.24,942.48,1,2,,,GEO-03-078-G1,V1,28.6820851,77.2323282,,SYN-WARD-71,V1,G1
IN-DL-110054-3-79,CELL-03,79,"Pramaan Nagar Urban Locality (Synthetic), Delhi 110054",ACTIVE,RESIDENTIAL,BUILDER_FLOOR,PRIVATE_INDIVIDUAL,Deepak Singh,FREEHOLD,805.69,457.05,1,1,,,GEO-03-079-G1,V1,28.6820851,77.2326007,,SYN-WARD-71,V2,G1
IN-DL-110054-3-80,CELL-03,80,"Pramaan Nagar Urban Locality (Synthetic), Delhi 110054",ACTIVE,RESIDENTIAL,BUILDER_FLOOR,PRIVATE_INDIVIDUAL,Aarav Bansal,FREEHOLD,899.64,1084.73,1,2,,,GEO-03-080-G1,V1,28.6820851,77.2329014,,SYN-WARD-71,V2,G1
IN-DL-110054-3-81,CELL-03,81,"Pramaan Nagar Urban Locality (Synthetic), Delhi 110054",ACTIVE,PUBLIC_OPEN_SPACE,PUBLIC_PARK,MCD,Municipal Corporation of Delhi,MUNICIPAL_VESTING,669.38,0.0,0,0,,Municipal Corporation of Delhi,GEO-03-081-G1,V1,28.6818353,77.2301909,,SYN-WARD-71,V1,G1
IN-DL-110054-3-82,CELL-03,82,"Pramaan Nagar Urban Locality (Synthetic), Delhi 110054",ACTIVE,PUBLIC_OPEN_SPACE,PLAYGROUND,MCD,Municipal Corporation of Delhi,MUNICIPAL_VESTING,774.12,0.0,1,0,,Municipal Corporation of Delhi,GEO-03-082-G1,V1,28.6818353,77.2304731,ENCROACHMENT_AFFECTED,SYN-WARD-71,V1,G1
IN-DL-110054-3-83,CELL-03,83,"Pramaan Nagar Urban Locality (Synthetic), Delhi 110054",ACTIVE,TRANSPORT_ACCESS,PARKING_AREA,MCD,Municipal Corporation of Delhi,MUNICIPAL_VESTING,796.58,0.0,0,0,,Municipal Corporation of Delhi,GEO-03-083-G1,V1,28.6818353,77.2307802,,SYN-WARD-71,V1,G1
IN-DL-110054-3-84,CELL-03,84,"Pramaan Nagar Urban Locality (Synthetic), Delhi 110054",ACTIVE,TRANSPORT_ACCESS,PARKING_AREA,MCD,Municipal Corporation of Delhi,MUNICIPAL_VESTING,686.05,0.0,0,0,,Municipal Corporation of Delhi,GEO-03-084-G1,V1,28.6818353,77.23107,,SYN-WARD-71,V2,G1
IN-DL-110054-3-85,CELL-03,85,"Pramaan Nagar Urban Locality (Synthetic), Delhi 110054",ACTIVE,UTILITY,UTILITY_PARCEL,UTILITY_AGENCY,BSES Yamuna Power Limited,LICENSED_USE,692.08,103.81,1,1,,BSES Yamuna Power Limited,GEO-03-085-G1,V1,28.6818353,77.2313395,,SYN-WARD-71,V2,G1
IN-DL-110054-3-86,CELL-03,86,"Pramaan Nagar Urban Locality (Synthetic), Delhi 110054",ACTIVE,UTILITY,ELECTRICAL_SUBSTATION,UTILITY_AGENCY,BSES Yamuna Power Limited,LICENSED_USE,1082.37,162.36,1,1,,BSES Yamuna Power Limited,GEO-03-086-G1,V1,28.6818353,77.2316864,,SYN-WARD-71,V1,G1
IN-DL-110054-3-87,CELL-03,87,"Pramaan Nagar Urban Locality (Synthetic), Delhi 110054",ACTIVE,UTILITY,WATER_INFRASTRUCTURE,UTILITY_AGENCY,Delhi Jal Board,LICENSED_USE,766.94,115.04,1,1,,Delhi Jal Board,GEO-03-087-G1,V1,28.6818353,77.2320479,,SYN-WARD-71,V1,G1
IN-DL-110054-3-88,CELL-03,88,"Pramaan Nagar Urban Locality (Synthetic), Delhi 110054",ACTIVE,INSTITUTIONAL,SCHOOL,EDUCATIONAL_INSTITUTION,Pramaan Education Society,FREEHOLD,666.76,1784.08,2,5,,,GEO-03-088-G1,V1,28.6818353,77.2323282,,SYN-WARD-71,V2,G1
IN-DL-110054-3-89,CELL-03,89,"Pramaan Nagar Urban Locality (Synthetic), Delhi 110054",ACTIVE,RELIGIOUS_COMMUNITY,RELIGIOUS_COMMUNITY_PROPERTY,PUBLIC_TRUST,Pramaan Community Trust,PUBLIC_TRUST,726.68,693.46,1,2,,,GEO-03-089-G1,V1,28.6818353,77.2326007,,SYN-WARD-71,V2,G1
IN-DL-110054-3-90,CELL-03,90,"Pramaan Nagar Urban Locality (Synthetic), Delhi 110054",ACTIVE,COMMERCIAL,LOCAL_SHOPPING_COMPLEX,PRIVATE_INDIVIDUAL,Sneha Aggarwal,FREEHOLD,811.43,3200.99,1,5,,,GEO-03-090-G1,V1,28.6818353,77.2329014,,SYN-WARD-71,V2,G1
IN-DL-110054-3-91,CELL-03,91,"Pramaan Nagar Urban Locality (Synthetic), Delhi 110054",ACTIVE,PUBLIC_OPEN_SPACE,PUBLIC_PARK,MCD,Municipal Corporation of Delhi,MUNICIPAL_VESTING,612.77,0.0,0,0,,Municipal Corporation of Delhi,GEO-03-091-G1,V1,28.6816084,77.2301909,,SYN-WARD-71,V1,G1
IN-DL-110054-3-92,CELL-03,92,"Pramaan Nagar Urban Locality (Synthetic), Delhi 110054",ACTIVE,PUBLIC_OPEN_SPACE,PLAYGROUND,MCD,Municipal Corporation of Delhi,MUNICIPAL_VESTING,708.65,0.0,1,0,,Municipal Corporation of Delhi,GEO-03-092-G1,V1,28.6816084,77.2304731,ENCROACHMENT_AFFECTED,SYN-WARD-71,V1,G1
IN-DL-110054-3-93,CELL-03,93,"Pramaan Nagar Urban Locality (Synthetic), Delhi 110054",ACTIVE,TRANSPORT_ACCESS,PARKING_AREA,MCD,Municipal Corporation of Delhi,MUNICIPAL_VESTING,729.21,0.0,0,0,,Municipal Corporation of Delhi,GEO-03-093-G1,V1,28.6816084,77.2307802,,SYN-WARD-71,V2,G1
IN-DL-110054-3-94,CELL-03,94,"Pramaan Nagar Urban Locality (Synthetic), Delhi 110054",ACTIVE,TRANSPORT_ACCESS,PARKING_AREA,MCD,Municipal Corporation of Delhi,MUNICIPAL_VESTING,628.02,0.0,0,0,,Municipal Corporation of Delhi,GEO-03-094-G1,V1,28.6816084,77.23107,,SYN-WARD-71,V1,G1
IN-DL-110054-3-95,CELL-03,95,"Pramaan Nagar Urban Locality (Synthetic), Delhi 110054",ACTIVE,UTILITY,UTILITY_PARCEL,UTILITY_AGENCY,BSES Yamuna Power Limited,LICENSED_USE,633.54,95.03,1,1,,BSES Yamuna Power Limited,GEO-03-095-G1,V1,28.6816084,77.2313395,,SYN-WARD-71,V2,G1
IN-DL-110054-3-96,CELL-03,96,"Pramaan Nagar Urban Locality (Synthetic), Delhi 110054",ACTIVE,UTILITY,ELECTRICAL_SUBSTATION,UTILITY_AGENCY,BSES Yamuna Power Limited,LICENSED_USE,990.83,148.62,1,1,,BSES Yamuna Power Limited,GEO-03-096-G1,V1,28.6816084,77.2316864,,SYN-WARD-71,V1,G1
IN-DL-110054-3-97,CELL-03,97,"Pramaan Nagar Urban Locality (Synthetic), Delhi 110054",ACTIVE,UTILITY,WATER_INFRASTRUCTURE,UTILITY_AGENCY,Delhi Jal Board,LICENSED_USE,702.08,105.31,1,1,,Delhi Jal Board,GEO-03-097-G1,V1,28.6816084,77.2320479,,SYN-WARD-71,V2,G1
IN-DL-110054-3-98,CELL-03,98,"Pramaan Nagar Urban Locality (Synthetic), Delhi 110054",ACTIVE,INSTITUTIONAL,SCHOOL,EDUCATIONAL_INSTITUTION,Pramaan Education Society,FREEHOLD,609.39,201.89,2,1,,,GEO-03-098-G2,V2,28.6816175,77.2323098,,SYN-WARD-71,V1,G2
IN-DL-110054-3-99,CELL-03,99,"Pramaan Nagar Urban Locality (Synthetic), Delhi 110054",ACTIVE,RELIGIOUS_COMMUNITY,RELIGIOUS_COMMUNITY_PROPERTY,PUBLIC_TRUST,Pramaan Community Trust,PUBLIC_TRUST,664.16,462.78,1,1,,,GEO-03-099-G2,V2,28.6816175,77.2325822,,SYN-WARD-71,V1,G2
IN-DL-110054-3-100,CELL-03,100,"Pramaan Nagar Urban Locality (Synthetic), Delhi 110054",ACTIVE,COMMERCIAL,LOCAL_SHOPPING_COMPLEX,PRIVATE_INDIVIDUAL,Aarav Saxena,FREEHOLD,742.8,2281.02,1,4,,,GEO-03-100-G1,V1,28.6816084,77.2329014,,SYN-WARD-71,V2,G1
IN-DL-110054-4-1,CELL-04,1,"Pramaan Nagar Urban Locality (Synthetic), Delhi 110054",ACTIVE,INSTITUTIONAL,SCHOOL,GNCTD,"Directorate of Education, GNCTD",GOVERNMENT_OCCUPANCY,814.17,890.38,2,3,,"Directorate of Education, GNCTD",GEO-04-001-G1,V1,28.6838744,77.2334901,,SYN-WARD-71,V2,G1
IN-DL-110054-4-2,CELL-04,2,"Pramaan Nagar Urban Locality (Synthetic), Delhi 110054",ACTIVE,GOVERNMENT,GOVERNMENT_OFFICE,GNCTD,Government of NCT of Delhi,GOVERNMENT_OCCUPANCY,837.79,705.69,2,2,,Government of NCT of Delhi,GEO-04-002-G1,V1,28.6838744,77.2337947,,SYN-WARD-71,V2,G1
IN-DL-110054-4-3,CELL-04,3,"Pramaan Nagar Urban Locality (Synthetic), Delhi 110054",ACTIVE,GOVERNMENT,GOVERNMENT_OFFICE,GNCTD,Government of NCT of Delhi,GOVERNMENT_OCCUPANCY,721.54,1303.77,2,4,,Government of NCT of Delhi,GEO-04-003-G1,V1,28.6838744,77.2340822,,SYN-WARD-71,V2,G1
IN-DL-110054-4-4,CELL-04,4,"Pramaan Nagar Urban Locality (Synthetic), Delhi 110054",ACTIVE,GOVERNMENT,GOVERNMENT_OFFICE,GNCTD,Government of NCT of Delhi,GOVERNMENT_OCCUPANCY,726.72,1052.9,2,3,,Government of NCT of Delhi,GEO-04-004-G2,V2,28.6838834,77.2343311,,SYN-WARD-71,V1,G2
IN-DL-110054-4-5,CELL-04,5,"Pramaan Nagar Urban Locality (Synthetic), Delhi 110054",ACTIVE,INSTITUTIONAL,SCHOOL,GNCTD,"Directorate of Education, GNCTD",GOVERNMENT_OCCUPANCY,842.5,449.67,2,1,,"Directorate of Education, GNCTD",GEO-04-005-G1,V1,28.6838744,77.234639,,SYN-WARD-71,V2,G1
IN-DL-110054-4-6,CELL-04,6,"Pramaan Nagar Urban Locality (Synthetic), Delhi 110054",ACTIVE,RESIDENTIAL,INDEPENDENT_HOUSE,GNCTD,GNCTD Staff Housing Estate,GOVERNMENT_OCCUPANCY,1104.91,1080.47,1,2,,Government of NCT of Delhi,GEO-04-006-G1,V1,28.6838744,77.2349981,,SYN-WARD-71,V2,G1
IN-DL-110054-4-7,CELL-04,7,"Pramaan Nagar Urban Locality (Synthetic), Delhi 110054",ACTIVE,RESIDENTIAL,INDEPENDENT_HOUSE,GNCTD,GNCTD Staff Housing Estate,GOVERNMENT_OCCUPANCY,701.25,1531.05,1,4,,Government of NCT of Delhi,GEO-04-007-G1,V1,28.6838744,77.2353311,,SYN-WARD-71,V2,G1
IN-DL-110054-4-8,CELL-04,8,"Pramaan Nagar Urban Locality (Synthetic), Delhi 110054",ACTIVE,RESIDENTIAL,INDEPENDENT_HOUSE,GNCTD,GNCTD Staff Housing Estate,GOVERNMENT_OCCUPANCY,764.28,2117.57,1,4,,Government of NCT of Delhi,GEO-04-008-G1,V1,28.6838744,77.2356014,,SYN-WARD-71,V1,G1
IN-DL-110054-4-9,CELL-04,9,"Pramaan Nagar Urban Locality (Synthetic), Delhi 110054",ACTIVE,INSTITUTIONAL,COLLEGE_TRAINING_CENTRE,EDUCATIONAL_INSTITUTION,Pramaan Institute of Civic Studies,LEASEHOLD_DDA,853.41,1049.14,2,3,,,GEO-04-009-G1,V1,28.6838744,77.2358996,,SYN-WARD-71,V2,G1
IN-DL-110054-4-10,CELL-04,10,"Pramaan Nagar Urban Locality (Synthetic), Delhi 110054",ACTIVE,INSTITUTIONAL,COLLEGE_TRAINING_CENTRE,EDUCATIONAL_INSTITUTION,Pramaan Institute of Civic Studies,LEASEHOLD_DDA,767.41,1143.26,2,3,,,GEO-04-010-G1,V1,28.6838744,77.2361985,,SYN-WARD-71,V2,G1
IN-DL-110054-4-11,CELL-04,11,"Pramaan Nagar Urban Locality (Synthetic), Delhi 110054",ACTIVE,GOVERNMENT,GOVERNMENT_OFFICE,GNCTD,Government of NCT of Delhi,GOVERNMENT_OCCUPANCY,853.69,1370.81,2,5,,Government of NCT of Delhi,GEO-04-011-G1,V1,28.6836171,77.2334901,,SYN-WARD-71,V2,G1
IN-DL-110054-4-12,CELL-04,12,"Pramaan Nagar Urban Locality (Synthetic), Delhi 110054",ACTIVE,GOVERNMENT,GOVERNMENT_OFFICE,GNCTD,Government of NCT of Delhi,GOVERNMENT_OCCUPANCY,878.45,804.36,2,2,,Government of NCT of Delhi,GEO-04-012-G1,V1,28.6836171,77.2337947,,SYN-WARD-71,V2,G1
IN-DL-110054-4-13,CELL-04,13,"Pramaan Nagar Urban Locality (Synthetic), Delhi 110054",ACTIVE,GOVERNMENT,GOVERNMENT_OFFICE,GNCTD,Government of NCT of Delhi,GOVERNMENT_OCCUPANCY,756.56,1097.46,2,3,,Government of NCT of Delhi,GEO-04-013-G1,V1,28.6836171,77.2340822,,SYN-WARD-71,V2,G1
IN-DL-110054-4-14,CELL-04,14,"Pramaan Nagar Urban Locality (Synthetic), Delhi 110054",ACTIVE,INSTITUTIONAL,SCHOOL,GNCTD,"Directorate of Education, GNCTD",GOVERNMENT_OCCUPANCY,763.21,363.48,2,1,,"Directorate of Education, GNCTD",GEO-04-014-G1,V1,28.6836171,77.2343495,,SYN-WARD-71,V2,G1
IN-DL-110054-4-15,CELL-04,15,"Pramaan Nagar Urban Locality (Synthetic), Delhi 110054",ACTIVE,GOVERNMENT,GOVERNMENT_OFFICE,GNCTD,Government of NCT of Delhi,GOVERNMENT_OCCUPANCY,883.39,447.13,2,1,,Government of NCT of Delhi,GEO-04-015-G1,V1,28.6836171,77.234639,,SYN-WARD-71,V2,G1
IN-DL-110054-4-16,CELL-04,16,"Pramaan Nagar Urban Locality (Synthetic), Delhi 110054",ACTIVE,RESIDENTIAL,INDEPENDENT_HOUSE,GNCTD,GNCTD Staff Housing Estate,GOVERNMENT_OCCUPANCY,1158.53,3006.0,1,4,,Government of NCT of Delhi,GEO-04-016-G1,V1,28.6836171,77.2349981,,SYN-WARD-71,V2,G1
IN-DL-110054-4-17,CELL-04,17,"Pramaan Nagar Urban Locality (Synthetic), Delhi 110054",ACTIVE,RESIDENTIAL,INDEPENDENT_HOUSE,GNCTD,GNCTD Staff Housing Estate,GOVERNMENT_OCCUPANCY,735.28,682.45,1,2,,Government of NCT of Delhi,GEO-04-017-G1,V1,28.6836171,77.2353311,,SYN-WARD-71,V2,G1
IN-DL-110054-4-18,CELL-04,18,"Pramaan Nagar Urban Locality (Synthetic), Delhi 110054",ACTIVE,RESIDENTIAL,INDEPENDENT_HOUSE,GNCTD,GNCTD Staff Housing Estate,GOVERNMENT_OCCUPANCY,801.37,1349.24,1,3,,Government of NCT of Delhi,GEO-04-018-G1,V1,28.6836171,77.2356014,,SYN-WARD-71,V2,G1
IN-DL-110054-4-19,CELL-04,19,"Pramaan Nagar Urban Locality (Synthetic), Delhi 110054",ACTIVE,INSTITUTIONAL,COLLEGE_TRAINING_CENTRE,EDUCATIONAL_INSTITUTION,Pramaan Institute of Civic Studies,LEASEHOLD_DDA,894.83,1028.55,2,4,,,GEO-04-019-G1,V1,28.6836171,77.2358996,,SYN-WARD-71,V2,G1
IN-DL-110054-4-20,CELL-04,20,"Pramaan Nagar Urban Locality (Synthetic), Delhi 110054",ACTIVE,INSTITUTIONAL,COLLEGE_TRAINING_CENTRE,EDUCATIONAL_INSTITUTION,Pramaan Institute of Civic Studies,LEASEHOLD_DDA,804.66,1251.36,2,3,,,GEO-04-020-G1,V1,28.6836171,77.2361985,,SYN-WARD-71,V2,G1
IN-DL-110054-4-21,CELL-04,21,"Pramaan Nagar Urban Locality (Synthetic), Delhi 110054",ACTIVE,GOVERNMENT,GOVERNMENT_OFFICE,GNCTD,Government of NCT of Delhi,GOVERNMENT_OCCUPANCY,781.93,1236.42,2,5,,Government of NCT of Delhi,GEO-04-021-G1,V1,28.6833648,77.2334901,,SYN-WARD-71,V1,G1
IN-DL-110054-4-22,CELL-04,22,"Pramaan Nagar Urban Locality (Synthetic), Delhi 110054",ACTIVE,GOVERNMENT,GOVERNMENT_OFFICE,GNCTD,Government of NCT of Delhi,GOVERNMENT_OCCUPANCY,804.61,534.43,2,2,,Government of NCT of Delhi,GEO-04-022-G1,V1,28.6833648,77.2337947,,SYN-WARD-71,V2,G1
IN-DL-110054-4-23,CELL-04,23,"Pramaan Nagar Urban Locality (Synthetic), Delhi 110054",ACTIVE,INSTITUTIONAL,SCHOOL,GNCTD,"Directorate of Education, GNCTD",GOVERNMENT_OCCUPANCY,692.97,334.32,2,1,,"Directorate of Education, GNCTD",GEO-04-023-G1,V1,28.6833648,77.2340822,,SYN-WARD-71,V2,G1
IN-DL-110054-4-24,CELL-04,24,"Pramaan Nagar Urban Locality (Synthetic), Delhi 110054",ACTIVE,GOVERNMENT,GOVERNMENT_OFFICE,GNCTD,Government of NCT of Delhi,GOVERNMENT_OCCUPANCY,699.06,1083.12,2,3,,Government of NCT of Delhi,GEO-04-024-G1,V1,28.6833648,77.2343495,,SYN-WARD-71,V1,G1
IN-DL-110054-4-25,CELL-04,25,"Pramaan Nagar Urban Locality (Synthetic), Delhi 110054",ACTIVE,GOVERNMENT,GOVERNMENT_OFFICE,GNCTD,Government of NCT of Delhi,GOVERNMENT_OCCUPANCY,809.13,258.43,2,1,,Government of NCT of Delhi,GEO-04-025-G1,V1,28.6833648,77.234639,,SYN-WARD-71,V1,G1
IN-DL-110054-4-26,CELL-04,26,"Pramaan Nagar Urban Locality (Synthetic), Delhi 110054",ACTIVE,RESIDENTIAL,INDEPENDENT_HOUSE,GNCTD,GNCTD Staff Housing Estate,GOVERNMENT_OCCUPANCY,1061.15,1381.85,1,2,,Government of NCT of Delhi,GEO-04-026-G1,V1,28.6833648,77.2349981,,SYN-WARD-71,V2,G1
IN-DL-110054-4-27,CELL-04,27,"Pramaan Nagar Urban Locality (Synthetic), Delhi 110054",ACTIVE,RESIDENTIAL,INDEPENDENT_HOUSE,GNCTD,GNCTD Staff Housing Estate,GOVERNMENT_OCCUPANCY,673.48,1271.31,1,3,,Government of NCT of Delhi,GEO-04-027-G1,V1,28.6833648,77.2353311,,SYN-WARD-71,V2,G1
IN-DL-110054-4-28,CELL-04,28,"Pramaan Nagar Urban Locality (Synthetic), Delhi 110054",ACTIVE,RESIDENTIAL,INDEPENDENT_HOUSE,GNCTD,GNCTD Staff Housing Estate,GOVERNMENT_OCCUPANCY,734.01,472.07,1,1,,Government of NCT of Delhi,GEO-04-028-G1,V1,28.6833648,77.2356014,,SYN-WARD-71,V2,G1
IN-DL-110054-4-29,CELL-04,29,"Pramaan Nagar Urban Locality (Synthetic), Delhi 110054",ACTIVE,INSTITUTIONAL,COLLEGE_TRAINING_CENTRE,EDUCATIONAL_INSTITUTION,Pramaan Institute of Civic Studies,LEASEHOLD_DDA,819.61,844.99,2,2,,,GEO-04-029-G1,V1,28.6833648,77.2358996,,SYN-WARD-71,V2,G1
IN-DL-110054-4-30,CELL-04,30,"Pramaan Nagar Urban Locality (Synthetic), Delhi 110054",ACTIVE,INSTITUTIONAL,COLLEGE_TRAINING_CENTRE,EDUCATIONAL_INSTITUTION,Pramaan Institute of Civic Studies,LEASEHOLD_DDA,737.02,1005.4,2,4,,,GEO-04-030-G1,V1,28.6833648,77.2361985,,SYN-WARD-71,V2,G1
IN-DL-110054-4-31,CELL-04,31,"Pramaan Nagar Urban Locality (Synthetic), Delhi 110054",ACTIVE,INSTITUTIONAL,SCHOOL,GNCTD,"Directorate of Education, GNCTD",GOVERNMENT_OCCUPANCY,704.03,747.19,2,2,,"Directorate of Education, GNCTD",GEO-04-031-G1,V1,28.6831356,77.2334901,,SYN-WARD-71,V2,G1
IN-DL-110054-4-32,CELL-04,32,"Pramaan Nagar Urban Locality (Synthetic), Delhi 110054",ACTIVE,HEALTHCARE,HOSPITAL_CLINIC,GNCTD,"Directorate of Health Services, GNCTD",GOVERNMENT_OCCUPANCY,724.45,1294.5,2,4,,"Directorate of Health Services, GNCTD",GEO-04-032-G1,V1,28.6831356,77.2337947,,SYN-WARD-71,V2,G1
IN-DL-110054-4-33,CELL-04,33,"Pramaan Nagar Urban Locality (Synthetic), Delhi 110054",ACTIVE,TRANSPORT_ACCESS,PARKING_AREA,MCD,Municipal Corporation of Delhi,MUNICIPAL_VESTING,623.93,0.0,0,0,,Municipal Corporation of Delhi,GEO-04-033-G1,V1,28.6831356,77.2340822,,SYN-WARD-71,V2,G1
IN-DL-110054-4-34,CELL-04,34,"Pramaan Nagar Urban Locality (Synthetic), Delhi 110054",ACTIVE,GOVERNMENT,GOVERNMENT_OFFICE,GNCTD,Government of NCT of Delhi,GOVERNMENT_OCCUPANCY,629.41,201.99,2,1,,Government of NCT of Delhi,GEO-04-034-G1,V1,28.6831356,77.2343495,,SYN-WARD-71,V1,G1
IN-DL-110054-4-35,CELL-04,35,"Pramaan Nagar Urban Locality (Synthetic), Delhi 110054",ACTIVE,GOVERNMENT,GOVERNMENT_OFFICE,GNCTD,Government of NCT of Delhi,GOVERNMENT_OCCUPANCY,728.52,950.6,2,4,,Government of NCT of Delhi,GEO-04-035-G1,V1,28.6831356,77.234639,,SYN-WARD-71,V1,G1
IN-DL-110054-4-36,CELL-04,36,"Pramaan Nagar Urban Locality (Synthetic), Delhi 110054",ACTIVE,RESIDENTIAL,INDEPENDENT_HOUSE,GNCTD,GNCTD Staff Housing Estate,GOVERNMENT_OCCUPANCY,955.43,533.56,1,1,,Government of NCT of Delhi,GEO-04-036-G1,V1,28.6831356,77.2349981,,SYN-WARD-71,V2,G1
IN-DL-110054-4-37,CELL-04,37,"Pramaan Nagar Urban Locality (Synthetic), Delhi 110054",ACTIVE,RESIDENTIAL,INDEPENDENT_HOUSE,GNCTD,GNCTD Staff Housing Estate,GOVERNMENT_OCCUPANCY,606.38,1052.98,1,3,,Government of NCT of Delhi,GEO-04-037-G1,V1,28.6831356,77.2353311,,SYN-WARD-71,V1,G1
IN-DL-110054-4-38,CELL-04,38,"Pramaan Nagar Urban Locality (Synthetic), Delhi 110054",ACTIVE,RESIDENTIAL,INDEPENDENT_HOUSE,GNCTD,GNCTD Staff Housing Estate,GOVERNMENT_OCCUPANCY,660.88,679.88,1,2,,Government of NCT of Delhi,GEO-04-038-G1,V1,28.6831356,77.2356014,,SYN-WARD-71,V2,G1
IN-DL-110054-4-39,CELL-04,39,"Pramaan Nagar Urban Locality (Synthetic), Delhi 110054",ACTIVE,INSTITUTIONAL,COLLEGE_TRAINING_CENTRE,EDUCATIONAL_INSTITUTION,Pramaan Institute of Civic Studies,LEASEHOLD_DDA,737.95,376.84,2,1,,,GEO-04-039-G1,V1,28.6831356,77.2358996,,SYN-WARD-71,V2,G1
IN-DL-110054-4-40,CELL-04,40,"Pramaan Nagar Urban Locality (Synthetic), Delhi 110054",ACTIVE,INSTITUTIONAL,COLLEGE_TRAINING_CENTRE,EDUCATIONAL_INSTITUTION,Pramaan Institute of Civic Studies,LEASEHOLD_DDA,663.59,261.99,2,1,,,GEO-04-040-G1,V1,28.6831356,77.2361985,,SYN-WARD-71,V2,G1
IN-DL-110054-4-41,CELL-04,41,"Pramaan Nagar Urban Locality (Synthetic), Delhi 110054",ACTIVE,TRANSPORT_ACCESS,PARKING_AREA,MCD,Municipal Corporation of Delhi,MUNICIPAL_VESTING,734.11,0.0,0,0,,Municipal Corporation of Delhi,GEO-04-041-G1,V1,28.6829137,77.2334901,,SYN-WARD-71,V2,G1
IN-DL-110054-4-42,CELL-04,42,"Pramaan Nagar Urban Locality (Synthetic), Delhi 110054",ACTIVE,PUBLIC_OPEN_SPACE,PUBLIC_PARK,MCD,Municipal Corporation of Delhi,MUNICIPAL_VESTING,755.4,0.0,0,0,,Municipal Corporation of Delhi,GEO-04-042-G1,V1,28.6829137,77.2337947,,SYN-WARD-71,V2,G1
IN-DL-110054-4-43,CELL-04,43,"Pramaan Nagar Urban Locality (Synthetic), Delhi 110054",ACTIVE,UTILITY,WATER_INFRASTRUCTURE,UTILITY_AGENCY,Delhi Jal Board,LICENSED_USE,650.58,97.59,1,1,,Delhi Jal Board,GEO-04-043-G1,V1,28.6829137,77.2340822,,SYN-WARD-71,V2,G1
IN-DL-110054-4-44,CELL-04,44,"Pramaan Nagar Urban Locality (Synthetic), Delhi 110054",ACTIVE,GOVERNMENT,GOVERNMENT_OFFICE,GNCTD,Government of NCT of Delhi,GOVERNMENT_OCCUPANCY,656.3,1593.11,2,5,,Government of NCT of Delhi,GEO-04-044-G1,V1,28.6829137,77.2343495,,SYN-WARD-71,V2,G1
IN-DL-110054-4-45,CELL-04,45,"Pramaan Nagar Urban Locality (Synthetic), Delhi 110054",ACTIVE,INSTITUTIONAL,SCHOOL,GNCTD,"Directorate of Education, GNCTD",GOVERNMENT_OCCUPANCY,759.57,1682.32,2,5,,"Directorate of Education, GNCTD",GEO-04-045-G2,V2,28.6829101,77.2346452,,SYN-WARD-71,V1,G2
IN-DL-110054-4-46,CELL-04,46,"Pramaan Nagar Urban Locality (Synthetic), Delhi 110054",ACTIVE,RESIDENTIAL,INDEPENDENT_HOUSE,GNCTD,GNCTD Staff Housing Estate,GOVERNMENT_OCCUPANCY,996.25,1974.36,1,4,,Government of NCT of Delhi,GEO-04-046-G1,V1,28.6829137,77.2349981,,SYN-WARD-71,V2,G1
IN-DL-110054-4-47,CELL-04,47,"Pramaan Nagar Urban Locality (Synthetic), Delhi 110054",ACTIVE,RESIDENTIAL,INDEPENDENT_HOUSE,GNCTD,GNCTD Staff Housing Estate,GOVERNMENT_OCCUPANCY,632.29,303.29,1,1,,Government of NCT of Delhi,GEO-04-047-G1,V1,28.6829137,77.2353311,,SYN-WARD-71,V2,G1
IN-DL-110054-4-48,CELL-04,48,"Pramaan Nagar Urban Locality (Synthetic), Delhi 110054",ACTIVE,RESIDENTIAL,INDEPENDENT_HOUSE,GNCTD,GNCTD Staff Housing Estate,GOVERNMENT_OCCUPANCY,689.12,1035.98,1,3,,Government of NCT of Delhi,GEO-04-048-G1,V1,28.6829137,77.2356014,,SYN-WARD-71,V2,G1
IN-DL-110054-4-49,CELL-04,49,"Pramaan Nagar Urban Locality (Synthetic), Delhi 110054",ACTIVE,INSTITUTIONAL,COLLEGE_TRAINING_CENTRE,EDUCATIONAL_INSTITUTION,Pramaan Institute of Civic Studies,LEASEHOLD_DDA,769.48,667.95,2,2,,,GEO-04-049-G1,V1,28.6829137,77.2358996,,SYN-WARD-71,V1,G1
IN-DL-110054-4-50,CELL-04,50,"Pramaan Nagar Urban Locality (Synthetic), Delhi 110054",ACTIVE,INSTITUTIONAL,COLLEGE_TRAINING_CENTRE,EDUCATIONAL_INSTITUTION,Pramaan Institute of Civic Studies,LEASEHOLD_DDA,691.94,498.14,2,2,,,GEO-04-050-G1,V1,28.6829137,77.2361985,,SYN-WARD-71,V1,G1
IN-DL-110054-4-51,CELL-04,51,"Pramaan Nagar Urban Locality (Synthetic), Delhi 110054",ACTIVE,GOVERNMENT,GOVERNMENT_OFFICE,GNCTD,Government of NCT of Delhi,GOVERNMENT_OCCUPANCY,1152.22,2719.19,2,5,,Government of NCT of Delhi,GEO-04-051-G1,V1,28.6826227,77.2334901,,SYN-WARD-71,V2,G1
IN-DL-110054-4-52,CELL-04,52,"Pramaan Nagar Urban Locality (Synthetic), Delhi 110054",ACTIVE,GOVERNMENT,GOVERNMENT_OFFICE,GNCTD,Government of NCT of Delhi,GOVERNMENT_OCCUPANCY,1185.64,3018.97,2,5,,Government of NCT of Delhi,GEO-04-052-G1,V1,28.6826227,77.2337947,,SYN-WARD-71,V2,G1
IN-DL-110054-4-53,CELL-04,53,"Pramaan Nagar Urban Locality (Synthetic), Delhi 110054",ACTIVE,GOVERNMENT,GOVERNMENT_OFFICE,GNCTD,Government of NCT of Delhi,GOVERNMENT_OCCUPANCY,1021.12,2049.5,2,4,,Government of NCT of Delhi,GEO-04-053-G1,V1,28.6826227,77.2340822,,SYN-WARD-71,V2,G1
IN-DL-110054-4-54,CELL-04,54,"Pramaan Nagar Urban Locality (Synthetic), Delhi 110054",ACTIVE,INSTITUTIONAL,SCHOOL,GNCTD,"Directorate of Education, GNCTD",GOVERNMENT_OCCUPANCY,1028.45,1604.42,2,5,,"Directorate of Education, GNCTD",GEO-04-054-G2,V2,28.6826318,77.2343311,,SYN-WARD-71,V1,G2
IN-DL-110054-4-55,CELL-04,55,"Pramaan Nagar Urban Locality (Synthetic), Delhi 110054",ACTIVE,GOVERNMENT,GOVERNMENT_OFFICE,GNCTD,Government of NCT of Delhi,GOVERNMENT_OCCUPANCY,1192.3,1904.55,2,5,,Government of NCT of Delhi,GEO-04-055-G1,V1,28.6826227,77.234639,,SYN-WARD-71,V2,G1
IN-DL-110054-4-56,CELL-04,56,"Pramaan Nagar Urban Locality (Synthetic), Delhi 110054",ACTIVE,RESIDENTIAL,INDEPENDENT_HOUSE,GNCTD,GNCTD Staff Housing Estate,GOVERNMENT_OCCUPANCY,1563.67,1655.4,1,2,,Government of NCT of Delhi,GEO-04-056-G1,V1,28.6826227,77.2349981,,SYN-WARD-71,V2,G1
IN-DL-110054-4-57,CELL-04,57,"Pramaan Nagar Urban Locality (Synthetic), Delhi 110054",ACTIVE,RESIDENTIAL,INDEPENDENT_HOUSE,GNCTD,GNCTD Staff Housing Estate,GOVERNMENT_OCCUPANCY,992.41,621.39,1,1,,Government of NCT of Delhi,GEO-04-057-G1,V1,28.6826227,77.2353311,,SYN-WARD-71,V2,G1
IN-DL-110054-4-58,CELL-04,58,"Pramaan Nagar Urban Locality (Synthetic), Delhi 110054",ACTIVE,RESIDENTIAL,INDEPENDENT_HOUSE,GNCTD,GNCTD Staff Housing Estate,GOVERNMENT_OCCUPANCY,1081.61,1504.3,1,2,,Government of NCT of Delhi,GEO-04-058-G1,V1,28.6826227,77.2356014,,SYN-WARD-71,V2,G1
IN-DL-110054-4-59,CELL-04,59,"Pramaan Nagar Urban Locality (Synthetic), Delhi 110054",ACTIVE,INSTITUTIONAL,COLLEGE_TRAINING_CENTRE,EDUCATIONAL_INSTITUTION,Pramaan Institute of Civic Studies,LEASEHOLD_DDA,1207.74,997.51,2,2,,,GEO-04-059-G1,V1,28.6826227,77.2358996,,SYN-WARD-71,V2,G1
IN-DL-110054-4-60,CELL-04,60,"Pramaan Nagar Urban Locality (Synthetic), Delhi 110054",ACTIVE,INSTITUTIONAL,COLLEGE_TRAINING_CENTRE,EDUCATIONAL_INSTITUTION,Pramaan Institute of Civic Studies,LEASEHOLD_DDA,1086.04,2120.21,2,4,,,GEO-04-060-G1,V1,28.6826227,77.2361985,,SYN-WARD-71,V2,G1
IN-DL-110054-4-61,CELL-04,61,"Pramaan Nagar Urban Locality (Synthetic), Delhi 110054",ACTIVE,GOVERNMENT,GOVERNMENT_OFFICE,GNCTD,Government of NCT of Delhi,GOVERNMENT_OCCUPANCY,848.31,770.65,2,3,,Government of NCT of Delhi,GEO-04-061-G1,V1,28.6823141,77.2334901,,SYN-WARD-71,V2,G1
IN-DL-110054-4-62,CELL-04,62,"Pramaan Nagar Urban Locality (Synthetic), Delhi 110054",ACTIVE,GOVERNMENT,GOVERNMENT_OFFICE,GNCTD,Government of NCT of Delhi,GOVERNMENT_OCCUPANCY,872.92,943.74,2,3,,Government of NCT of Delhi,GEO-04-062-G1,V1,28.6823141,77.2337947,,SYN-WARD-71,V2,G1
IN-DL-110054-4-63,CELL-04,63,"Pramaan Nagar Urban Locality (Synthetic), Delhi 110054",ACTIVE,INSTITUTIONAL,SCHOOL,GNCTD,"Directorate of Education, GNCTD",GOVERNMENT_OCCUPANCY,751.79,1171.04,2,4,,"Directorate of Education, GNCTD",GEO-04-063-G1,V1,28.6823141,77.2340822,,SYN-WARD-71,V1,G1
IN-DL-110054-4-64,CELL-04,64,"Pramaan Nagar Urban Locality (Synthetic), Delhi 110054",ACTIVE,GOVERNMENT,GOVERNMENT_OFFICE,GNCTD,Government of NCT of Delhi,GOVERNMENT_OCCUPANCY,758.4,1171.63,2,5,,Government of NCT of Delhi,GEO-04-064-G1,V1,28.6823141,77.2343495,,SYN-WARD-71,V2,G1
IN-DL-110054-4-65,CELL-04,65,"Pramaan Nagar Urban Locality (Synthetic), Delhi 110054",ACTIVE,GOVERNMENT,GOVERNMENT_OFFICE,GNCTD,Government of NCT of Delhi,GOVERNMENT_OCCUPANCY,877.82,1456.2,2,4,,Government of NCT of Delhi,GEO-04-065-G1,V1,28.6823141,77.234639,,SYN-WARD-71,V2,G1
IN-DL-110054-4-66,CELL-04,66,"Pramaan Nagar Urban Locality (Synthetic), Delhi 110054",ACTIVE,RESIDENTIAL,INDEPENDENT_HOUSE,GNCTD,GNCTD Staff Housing Estate,GOVERNMENT_OCCUPANCY,1151.23,3006.82,1,4,,Government of NCT of Delhi,GEO-04-066-G1,V1,28.6823141,77.2349981,,SYN-WARD-71,V2,G1
IN-DL-110054-4-67,CELL-04,67,"Pramaan Nagar Urban Locality (Synthetic), Delhi 110054",ACTIVE,RESIDENTIAL,INDEPENDENT_HOUSE,GNCTD,GNCTD Staff Housing Estate,GOVERNMENT_OCCUPANCY,730.65,1578.76,1,4,,Government of NCT of Delhi,GEO-04-067-G1,V1,28.6823141,77.2353311,,SYN-WARD-71,V2,G1
IN-DL-110054-4-68,CELL-04,68,"Pramaan Nagar Urban Locality (Synthetic), Delhi 110054",ACTIVE,RESIDENTIAL,INDEPENDENT_HOUSE,GNCTD,GNCTD Staff Housing Estate,GOVERNMENT_OCCUPANCY,796.32,1815.67,1,4,,Government of NCT of Delhi,GEO-04-068-G1,V1,28.6823141,77.2356014,,SYN-WARD-71,V2,G1
IN-DL-110054-4-69,CELL-04,69,"Pramaan Nagar Urban Locality (Synthetic), Delhi 110054",ACTIVE,INSTITUTIONAL,COLLEGE_TRAINING_CENTRE,EDUCATIONAL_INSTITUTION,Pramaan Institute of Civic Studies,LEASEHOLD_DDA,889.19,1909.2,2,5,,,GEO-04-069-G1,V1,28.6823141,77.2358996,,SYN-WARD-71,V2,G1
IN-DL-110054-4-70,CELL-04,70,"Pramaan Nagar Urban Locality (Synthetic), Delhi 110054",ACTIVE,INSTITUTIONAL,COLLEGE_TRAINING_CENTRE,EDUCATIONAL_INSTITUTION,Pramaan Institute of Civic Studies,LEASEHOLD_DDA,799.51,681.01,2,2,,,GEO-04-070-G2,V2,28.6823105,77.2362046,,SYN-WARD-71,V1,G2
IN-DL-110054-4-71,CELL-04,71,"Pramaan Nagar Urban Locality (Synthetic), Delhi 110054",ACTIVE,PUBLIC_OPEN_SPACE,PUBLIC_PARK,MCD,Municipal Corporation of Delhi,MUNICIPAL_VESTING,765.13,0.0,0,0,,Municipal Corporation of Delhi,GEO-04-071-G1,V1,28.6820652,77.2334901,,SYN-WARD-71,V2,G1
IN-DL-110054-4-72,CELL-04,72,"Pramaan Nagar Urban Locality (Synthetic), Delhi 110054",ACTIVE,PUBLIC_OPEN_SPACE,PUBLIC_PARK,MCD,Municipal Corporation of Delhi,MUNICIPAL_VESTING,787.32,0.0,0,0,,Municipal Corporation of Delhi,GEO-04-072-G1,V1,28.6820652,77.2337947,,SYN-WARD-71,V2,G1
IN-DL-110054-4-73,CELL-04,73,"Pramaan Nagar Urban Locality (Synthetic), Delhi 110054",ACTIVE,PUBLIC_OPEN_SPACE,PUBLIC_PARK,MCD,Municipal Corporation of Delhi,MUNICIPAL_VESTING,678.07,0.0,0,0,,Municipal Corporation of Delhi,GEO-04-073-G1,V1,28.6820652,77.2340822,,SYN-WARD-71,V2,G1
IN-DL-110054-4-74,CELL-04,74,"Pramaan Nagar Urban Locality (Synthetic), Delhi 110054",ACTIVE,PUBLIC_OPEN_SPACE,PUBLIC_PARK,MCD,Municipal Corporation of Delhi,MUNICIPAL_VESTING,684.03,0.0,0,0,,Municipal Corporation of Delhi,GEO-04-074-G1,V1,28.6820652,77.2343495,,SYN-WARD-71,V2,G1
IN-DL-110054-4-75,CELL-04,75,"Pramaan Nagar Urban Locality (Synthetic), Delhi 110054",ACTIVE,PUBLIC_OPEN_SPACE,PUBLIC_PARK,MCD,Municipal Corporation of Delhi,MUNICIPAL_VESTING,791.74,0.0,0,0,,Municipal Corporation of Delhi,GEO-04-075-G1,V1,28.6820652,77.234639,ENCROACHMENT_AFFECTED,SYN-WARD-71,V1,G1
IN-DL-110054-4-76,CELL-04,76,"Pramaan Nagar Urban Locality (Synthetic), Delhi 110054",ACTIVE,RESIDENTIAL,INDEPENDENT_HOUSE,GNCTD,GNCTD Staff Housing Estate,GOVERNMENT_OCCUPANCY,1038.35,1329.93,1,2,,Government of NCT of Delhi,GEO-04-076-G1,V1,28.6820652,77.2349981,,SYN-WARD-71,V2,G1
IN-DL-110054-4-77,CELL-04,77,"Pramaan Nagar Urban Locality (Synthetic), Delhi 110054",ACTIVE,RESIDENTIAL,INDEPENDENT_HOUSE,GNCTD,GNCTD Staff Housing Estate,GOVERNMENT_OCCUPANCY,659.01,362.57,1,1,,Government of NCT of Delhi,GEO-04-077-G1,V1,28.6820652,77.2353311,,SYN-WARD-71,V2,G1
IN-DL-110054-4-78,CELL-04,78,"Pramaan Nagar Urban Locality (Synthetic), Delhi 110054",ACTIVE,RESIDENTIAL,INDEPENDENT_HOUSE,GNCTD,GNCTD Staff Housing Estate,GOVERNMENT_OCCUPANCY,718.24,816.3,1,2,,Government of NCT of Delhi,GEO-04-078-G1,V1,28.6820652,77.2356014,,SYN-WARD-71,V1,G1
IN-DL-110054-4-79,CELL-04,79,"Pramaan Nagar Urban Locality (Synthetic), Delhi 110054",ACTIVE,PUBLIC_OPEN_SPACE,GREEN_BELT,MCD,Municipal Corporation of Delhi,MUNICIPAL_VESTING,802.0,0.0,0,0,,Municipal Corporation of Delhi,GEO-04-079-G1,V1,28.6820652,77.2358996,,SYN-WARD-71,V2,G1
IN-DL-110054-4-80,CELL-04,80,"Pramaan Nagar Urban Locality (Synthetic), Delhi 110054",ACTIVE,PUBLIC_OPEN_SPACE,GREEN_BELT,MCD,Municipal Corporation of Delhi,MUNICIPAL_VESTING,721.18,0.0,0,0,,Municipal Corporation of Delhi,GEO-04-080-G1,V1,28.6820652,77.2361985,,SYN-WARD-71,V2,G1
IN-DL-110054-4-81,CELL-04,81,"Pramaan Nagar Urban Locality (Synthetic), Delhi 110054",ACTIVE,TRANSPORT_ACCESS,PARKING_AREA,MCD,Municipal Corporation of Delhi,MUNICIPAL_VESTING,700.42,0.0,0,0,,Municipal Corporation of Delhi,GEO-04-081-G1,V1,28.6818391,77.2334901,,SYN-WARD-71,V1,G1
IN-DL-110054-4-82,CELL-04,82,"Pramaan Nagar Urban Locality (Synthetic), Delhi 110054",ACTIVE,TRANSPORT_ACCESS,PARKING_AREA,MCD,Municipal Corporation of Delhi,MUNICIPAL_VESTING,720.73,0.0,0,0,,Municipal Corporation of Delhi,GEO-04-082-G1,V1,28.6818391,77.2337947,,SYN-WARD-71,V2,G1
IN-DL-110054-4-83,CELL-04,83,"Pramaan Nagar Urban Locality (Synthetic), Delhi 110054",ACTIVE,UTILITY,UTILITY_PARCEL,UTILITY_AGENCY,BSES Yamuna Power Limited,LICENSED_USE,620.66,93.11,1,1,,BSES Yamuna Power Limited,GEO-04-083-G2,V2,28.6818355,77.2340884,,SYN-WARD-71,V1,G2
IN-DL-110054-4-84,CELL-04,84,"Pramaan Nagar Urban Locality (Synthetic), Delhi 110054",ACTIVE,UTILITY,ELECTRICAL_SUBSTATION,UTILITY_AGENCY,BSES Yamuna Power Limited,LICENSED_USE,626.18,93.93,1,1,,BSES Yamuna Power Limited,GEO-04-084-G1,V1,28.6818391,77.2343495,,SYN-WARD-71,V2,G1
IN-DL-110054-4-85,CELL-04,85,"Pramaan Nagar Urban Locality (Synthetic), Delhi 110054",ACTIVE,UTILITY,WATER_INFRASTRUCTURE,UTILITY_AGENCY,Delhi Jal Board,LICENSED_USE,724.78,108.72,1,1,,Delhi Jal Board,GEO-04-085-G1,V1,28.6818391,77.234639,,SYN-WARD-71,V2,G1
IN-DL-110054-4-86,CELL-04,86,"Pramaan Nagar Urban Locality (Synthetic), Delhi 110054",ACTIVE,GOVERNMENT,MUNICIPAL_PROPERTY,MCD,Municipal Corporation of Delhi,MUNICIPAL_VESTING,950.53,307.56,2,1,,Municipal Corporation of Delhi,GEO-04-086-G1,V1,28.6818391,77.2349981,,SYN-WARD-71,V2,G1
IN-DL-110054-4-87,CELL-04,87,"Pramaan Nagar Urban Locality (Synthetic), Delhi 110054",ACTIVE,TRANSPORT_ACCESS,ROAD_ACCESS_CORRIDOR,MCD,Municipal Corporation of Delhi,MUNICIPAL_VESTING,603.27,0.0,0,0,,Municipal Corporation of Delhi,GEO-04-087-G1,V1,28.6818391,77.2353311,,SYN-WARD-71,V2,G1
IN-DL-110054-4-88,CELL-04,88,"Pramaan Nagar Urban Locality (Synthetic), Delhi 110054",ACTIVE,TRANSPORT_ACCESS,ROAD_ACCESS_CORRIDOR,MCD,Municipal Corporation of Delhi,MUNICIPAL_VESTING,657.49,0.0,0,0,,Municipal Corporation of Delhi,GEO-04-088-G1,V1,28.6818391,77.2356014,,SYN-WARD-71,V2,G1
IN-DL-110054-4-89,CELL-04,89,"Pramaan Nagar Urban Locality (Synthetic), Delhi 110054",ACTIVE,COMMERCIAL,OFFICE_COMMERCIAL_PLOT,PRIVATE_INDIVIDUAL,Ishaan Sharma,FREEHOLD,734.17,1144.73,1,2,,,GEO-04-089-G1,V1,28.6818391,77.2358996,,SYN-WARD-71,V2,G1
IN-DL-110054-4-90,CELL-04,90,"Pramaan Nagar Urban Locality (Synthetic), Delhi 110054",ACTIVE,COMMERCIAL,LOCAL_SHOPPING_COMPLEX,PRIVATE_INDIVIDUAL,Sneha Saxena,FREEHOLD,620.57,1298.91,1,3,,,GEO-04-090-G2,V2,28.6818409,77.2362108,,SYN-WARD-71,V2,G2
IN-DL-110054-4-91,CELL-04,91,"Pramaan Nagar Urban Locality (Synthetic), Delhi 110054",ACTIVE,TRANSPORT_ACCESS,PARKING_AREA,MCD,Municipal Corporation of Delhi,MUNICIPAL_VESTING,748.9,0.0,0,0,,Municipal Corporation of Delhi,GEO-04-091-G2,V2,28.6816119,77.2334963,,SYN-WARD-71,V1,G2
IN-DL-110054-4-92,CELL-04,92,"Pramaan Nagar Urban Locality (Synthetic), Delhi 110054",ACTIVE,TRANSPORT_ACCESS,PARKING_AREA,MCD,Municipal Corporation of Delhi,MUNICIPAL_VESTING,770.7,0.0,0,0,,Municipal Corporation of Delhi,GEO-04-092-G1,V1,28.6816155,77.2337947,,SYN-WARD-71,V1,G1
IN-DL-110054-4-93,CELL-04,93,"Pramaan Nagar Urban Locality (Synthetic), Delhi 110054",ACTIVE,UTILITY,UTILITY_PARCEL,UTILITY_AGENCY,BSES Yamuna Power Limited,LICENSED_USE,663.76,99.56,1,1,,BSES Yamuna Power Limited,GEO-04-093-G1,V1,28.6816155,77.2340822,,SYN-WARD-71,V1,G1
IN-DL-110054-4-94,CELL-04,94,"Pramaan Nagar Urban Locality (Synthetic), Delhi 110054",ACTIVE,UTILITY,ELECTRICAL_SUBSTATION,UTILITY_AGENCY,BSES Yamuna Power Limited,LICENSED_USE,669.59,100.44,1,1,,BSES Yamuna Power Limited,GEO-04-094-G1,V1,28.6816155,77.2343495,,SYN-WARD-71,V1,G1
IN-DL-110054-4-95,CELL-04,95,"Pramaan Nagar Urban Locality (Synthetic), Delhi 110054",ACTIVE,UTILITY,WATER_INFRASTRUCTURE,UTILITY_AGENCY,Delhi Jal Board,LICENSED_USE,775.03,116.25,1,1,,Delhi Jal Board,GEO-04-095-G1,V1,28.6816155,77.234639,,SYN-WARD-71,V2,G1
IN-DL-110054-4-96,CELL-04,96,"Pramaan Nagar Urban Locality (Synthetic), Delhi 110054",ACTIVE,GOVERNMENT,MUNICIPAL_PROPERTY,MCD,Municipal Corporation of Delhi,MUNICIPAL_VESTING,1016.43,655.87,2,2,,Municipal Corporation of Delhi,GEO-04-096-G1,V1,28.6816155,77.2349981,,SYN-WARD-71,V2,G1
IN-DL-110054-4-97,CELL-04,97,"Pramaan Nagar Urban Locality (Synthetic), Delhi 110054",ACTIVE,TRANSPORT_ACCESS,ROAD_ACCESS_CORRIDOR,MCD,Municipal Corporation of Delhi,MUNICIPAL_VESTING,645.1,0.0,0,0,,Municipal Corporation of Delhi,GEO-04-097-G1,V1,28.6816155,77.2353311,,SYN-WARD-71,V2,G1
IN-DL-110054-4-98,CELL-04,98,"Pramaan Nagar Urban Locality (Synthetic), Delhi 110054",ACTIVE,TRANSPORT_ACCESS,ROAD_ACCESS_CORRIDOR,MCD,Municipal Corporation of Delhi,MUNICIPAL_VESTING,703.08,0.0,0,0,,Municipal Corporation of Delhi,GEO-04-098-G1,V1,28.6816155,77.2356014,,SYN-WARD-71,V2,G1
IN-DL-110054-4-99,CELL-04,99,"Pramaan Nagar Urban Locality (Synthetic), Delhi 110054",ACTIVE,COMMERCIAL,OFFICE_COMMERCIAL_PLOT,PRIVATE_INDIVIDUAL,Deepak Gupta,FREEHOLD,785.07,1630.3,1,3,,,GEO-04-099-G1,V1,28.6816155,77.2358996,,SYN-WARD-71,V2,G1
IN-DL-110054-4-100,CELL-04,100,"Pramaan Nagar Urban Locality (Synthetic), Delhi 110054",ACTIVE,COMMERCIAL,LOCAL_SHOPPING_COMPLEX,PRIVATE_INDIVIDUAL,Aarav Tiwari,FREEHOLD,705.96,1865.74,1,4,,,GEO-04-100-G1,V1,28.6816155,77.2361985,,SYN-WARD-71,V2,G1
IN-DL-110054-5-1,CELL-05,1,"Pramaan Nagar Urban Locality (Synthetic), Delhi 110054",ACTIVE,RESIDENTIAL,GROUP_HOUSING_BLOCK,COOPERATIVE_GROUP_HOUSING_SOCIETY,Neelkanth Cooperative Group Housing Society,LEASEHOLD_DDA,888.47,4558.73,1,10,Neelkanth Cooperative Group Housing,,GEO-05-001-G1,V1,28.6838687,77.2367768,,SYN-WARD-72,V2,G1
IN-DL-110054-5-2,CELL-05,2,"Pramaan Nagar Urban Locality (Synthetic), Delhi 110054",ACTIVE,RESIDENTIAL,GROUP_HOUSING_BLOCK,COOPERATIVE_GROUP_HOUSING_SOCIETY,Neelkanth Cooperative Group Housing Society,LEASEHOLD_DDA,765.19,3363.7,1,8,Neelkanth Cooperative Group Housing,,GEO-05-002-G1,V1,28.6838687,77.2370685,,SYN-WARD-72,V2,G1
IN-DL-110054-5-3,CELL-05,3,"Pramaan Nagar Urban Locality (Synthetic), Delhi 110054",ACTIVE,RESIDENTIAL,GROUP_HOUSING_BLOCK,COOPERATIVE_GROUP_HOUSING_SOCIETY,Neelkanth Cooperative Group Housing Society,LEASEHOLD_DDA,771.92,2383.87,1,7,Neelkanth Cooperative Group Housing,,GEO-05-003-G1,V1,28.6838687,77.2373397,,SYN-WARD-72,V2,G1
IN-DL-110054-5-4,CELL-05,4,"Pramaan Nagar Urban Locality (Synthetic), Delhi 110054",ACTIVE,RESIDENTIAL,GROUP_HOUSING_BLOCK,COOPERATIVE_GROUP_HOUSING_SOCIETY,Neelkanth Cooperative Group Housing Society,LEASEHOLD_DDA,893.47,3537.57,1,8,Neelkanth Cooperative Group Housing,,GEO-05-004-G1,V1,28.6838687,77.2376335,,SYN-WARD-72,V2,G1
IN-DL-110054-5-5,CELL-05,5,"Pramaan Nagar Urban Locality (Synthetic), Delhi 110054",ACTIVE,RESIDENTIAL,APARTMENT_BLOCK,COOPERATIVE_GROUP_HOUSING_SOCIETY,Neelkanth Cooperative Group Housing Society,LEASEHOLD_DDA,855.42,3675.43,1,7,Neelkanth Cooperative Group Housing,,GEO-05-005-G1,V1,28.6838687,77.2379421,,SYN-WARD-72,V2,G1
IN-DL-110054-5-6,CELL-05,6,"Pramaan Nagar Urban Locality (Synthetic), Delhi 110054",ACTIVE,RESIDENTIAL,APARTMENT_BLOCK,COOPERATIVE_GROUP_HOUSING_SOCIETY,Neelkanth Cooperative Group Housing Society,LEASEHOLD_DDA,1053.73,2698.74,1,6,Neelkanth Cooperative Group Housing,,GEO-05-006-G2,V2,28.6838778,77.2382608,,SYN-WARD-72,V1,G2
IN-DL-110054-5-7,CELL-05,7,"Pramaan Nagar Urban Locality (Synthetic), Delhi 110054",ACTIVE,RESIDENTIAL,APARTMENT_BLOCK,COOPERATIVE_GROUP_HOUSING_SOCIETY,Neelkanth Cooperative Group Housing Society,LEASEHOLD_DDA,810.52,1724.95,1,5,Neelkanth Cooperative Group Housing,,GEO-05-007-G1,V1,28.6838687,77.2386084,,SYN-WARD-72,V2,G1
IN-DL-110054-5-8,CELL-05,8,"Pramaan Nagar Urban Locality (Synthetic), Delhi 110054",ACTIVE,RESIDENTIAL,APARTMENT_BLOCK,PRIVATE_JOINT,Aarohan Heights Residents Association,FREEHOLD,905.04,3802.0,1,7,Aarohan Heights,,GEO-05-008-G1,V1,28.6838687,77.2389111,,SYN-WARD-72,V2,G1
IN-DL-110054-5-9,CELL-05,9,"Pramaan Nagar Urban Locality (Synthetic), Delhi 110054",ACTIVE,RESIDENTIAL,APARTMENT_BLOCK,PRIVATE_JOINT,Aarohan Heights Residents Association,FREEHOLD,813.84,2909.34,1,6,Aarohan Heights,,GEO-05-009-G1,V1,28.6838687,77.2392143,,SYN-WARD-72,V2,G1
IN-DL-110054-5-10,CELL-05,10,"Pramaan Nagar Urban Locality (Synthetic), Delhi 110054",ACTIVE,RESIDENTIAL,APARTMENT_BLOCK,PRIVATE_JOINT,Aarohan Heights Residents Association,FREEHOLD,742.82,1704.26,1,4,Aarohan Heights,,GEO-05-010-G1,V1,28.6838687,77.2394889,,SYN-WARD-72,V2,G1
IN-DL-110054-5-11,CELL-05,11,"Pramaan Nagar Urban Locality (Synthetic), Delhi 110054",ACTIVE,RESIDENTIAL,GROUP_HOUSING_BLOCK,COOPERATIVE_GROUP_HOUSING_SOCIETY,Neelkanth Cooperative Group Housing Society,LEASEHOLD_DDA,813.79,4409.28,1,9,Neelkanth Cooperative Group Housing,,GEO-05-011-G1,V1,28.6836172,77.2367768,,SYN-WARD-72,V1,G1
IN-DL-110054-5-12,CELL-05,12,"Pramaan Nagar Urban Locality (Synthetic), Delhi 110054",ACTIVE,RESIDENTIAL,GROUP_HOUSING_BLOCK,COOPERATIVE_GROUP_HOUSING_SOCIETY,Neelkanth Cooperative Group Housing Society,LEASEHOLD_DDA,700.87,2764.7,1,8,Neelkanth Cooperative Group Housing,,GEO-05-012-G1,V1,28.6836172,77.2370685,,SYN-WARD-72,V2,G1
IN-DL-110054-5-13,CELL-05,13,"Pramaan Nagar Urban Locality (Synthetic), Delhi 110054",ACTIVE,RESIDENTIAL,GROUP_HOUSING_BLOCK,COOPERATIVE_GROUP_HOUSING_SOCIETY,Neelkanth Cooperative Group Housing Society,LEASEHOLD_DDA,707.03,2956.82,1,7,Neelkanth Cooperative Group Housing,,GEO-05-013-G1,V1,28.6836172,77.2373397,,SYN-WARD-72,V2,G1
IN-DL-110054-5-14,CELL-05,14,"Pramaan Nagar Urban Locality (Synthetic), Delhi 110054",ACTIVE,RESIDENTIAL,GROUP_HOUSING_BLOCK,COOPERATIVE_GROUP_HOUSING_SOCIETY,Neelkanth Cooperative Group Housing Society,LEASEHOLD_DDA,818.37,1850.59,1,5,Neelkanth Cooperative Group Housing,,GEO-05-014-G1,V1,28.6836172,77.2376335,,SYN-WARD-72,V2,G1
IN-DL-110054-5-15,CELL-05,15,"Pramaan Nagar Urban Locality (Synthetic), Delhi 110054",ACTIVE,RESIDENTIAL,APARTMENT_BLOCK,COOPERATIVE_GROUP_HOUSING_SOCIETY,Neelkanth Cooperative Group Housing Society,LEASEHOLD_DDA,783.52,2505.22,1,6,Neelkanth Cooperative Group Housing,,GEO-05-015-G1,V1,28.6836172,77.2379421,,SYN-WARD-72,V2,G1
IN-DL-110054-5-16,CELL-05,16,"Pramaan Nagar Urban Locality (Synthetic), Delhi 110054",ACTIVE,RESIDENTIAL,APARTMENT_BLOCK,COOPERATIVE_GROUP_HOUSING_SOCIETY,Neelkanth Cooperative Group Housing Society,LEASEHOLD_DDA,966.7,3019.92,1,6,Neelkanth Cooperative Group Housing,,GEO-05-016-G1,V1,28.6836172,77.2382792,,SYN-WARD-72,V1,G1
IN-DL-110054-5-17,CELL-05,17,"Pramaan Nagar Urban Locality (Synthetic), Delhi 110054",ACTIVE,RESIDENTIAL,APARTMENT_BLOCK,COOPERATIVE_GROUP_HOUSING_SOCIETY,Neelkanth Cooperative Group Housing Society,LEASEHOLD_DDA,742.39,3526.67,1,9,Neelkanth Cooperative Group Housing,,GEO-05-017-G1,V1,28.6836172,77.2386084,,SYN-WARD-72,V2,G1
IN-DL-110054-5-18,CELL-05,18,"Pramaan Nagar Urban Locality (Synthetic), Delhi 110054",ACTIVE,RESIDENTIAL,APARTMENT_BLOCK,PRIVATE_JOINT,Aarohan Heights Residents Association,FREEHOLD,828.96,4613.56,1,10,Aarohan Heights,,GEO-05-018-G1,V1,28.6836172,77.2389111,,SYN-WARD-72,V2,G1
IN-DL-110054-5-19,CELL-05,19,"Pramaan Nagar Urban Locality (Synthetic), Delhi 110054",ACTIVE,RESIDENTIAL,APARTMENT_BLOCK,PRIVATE_JOINT,Aarohan Heights Residents Association,FREEHOLD,745.43,3334.42,1,9,Aarohan Heights,,GEO-05-019-G1,V1,28.6836172,77.2392143,,SYN-WARD-72,V2,G1
IN-DL-110054-5-20,CELL-05,20,"Pramaan Nagar Urban Locality (Synthetic), Delhi 110054",ACTIVE,RESIDENTIAL,APARTMENT_BLOCK,PRIVATE_JOINT,Aarohan Heights Residents Association,FREEHOLD,639.56,3690.62,1,9,Aarohan Heights,,GEO-05-020-G2,V2,28.6836191,77.2395012,,SYN-WARD-72,V2,G2
IN-DL-110054-5-21,CELL-05,21,"Pramaan Nagar Urban Locality (Synthetic), Delhi 110054",ACTIVE,RESIDENTIAL,GROUP_HOUSING_BLOCK,COOPERATIVE_GROUP_HOUSING_SOCIETY,Neelkanth Cooperative Group Housing Society,LEASEHOLD_DDA,732.71,2650.65,1,7,Neelkanth Cooperative Group Housing,,GEO-05-021-G1,V1,28.6833888,77.2367768,,SYN-WARD-72,V2,G1
IN-DL-110054-5-22,CELL-05,22,"Pramaan Nagar Urban Locality (Synthetic), Delhi 110054",ACTIVE,RESIDENTIAL,GROUP_HOUSING_BLOCK,COOPERATIVE_GROUP_HOUSING_SOCIETY,Neelkanth Cooperative Group Housing Society,LEASEHOLD_DDA,631.05,1011.35,1,4,Neelkanth Cooperative Group Housing,,GEO-05-022-G1,V1,28.6833888,77.2370685,,SYN-WARD-72,V2,G1
IN-DL-110054-5-23,CELL-05,23,"Pramaan Nagar Urban Locality (Synthetic), Delhi 110054",ACTIVE,RESIDENTIAL,GROUP_HOUSING_BLOCK,COOPERATIVE_GROUP_HOUSING_SOCIETY,Neelkanth Cooperative Group Housing Society,LEASEHOLD_DDA,636.59,1509.57,1,5,Neelkanth Cooperative Group Housing,,GEO-05-023-G1,V1,28.6833888,77.2373397,,SYN-WARD-72,V2,G1
IN-DL-110054-5-24,CELL-05,24,"Pramaan Nagar Urban Locality (Synthetic), Delhi 110054",ACTIVE,RESIDENTIAL,GROUP_HOUSING_BLOCK,COOPERATIVE_GROUP_HOUSING_SOCIETY,Neelkanth Cooperative Group Housing Society,LEASEHOLD_DDA,736.83,2808.68,1,9,Neelkanth Cooperative Group Housing,,GEO-05-024-G1,V1,28.6833888,77.2376335,,SYN-WARD-72,V2,G1
IN-DL-110054-5-25,CELL-05,25,"Pramaan Nagar Urban Locality (Synthetic), Delhi 110054",ACTIVE,RESIDENTIAL,APARTMENT_BLOCK,COOPERATIVE_GROUP_HOUSING_SOCIETY,Neelkanth Cooperative Group Housing Society,LEASEHOLD_DDA,705.45,3644.04,1,9,Neelkanth Cooperative Group Housing,,GEO-05-025-G1,V1,28.6833888,77.2379421,,SYN-WARD-72,V2,G1
IN-DL-110054-5-26,CELL-05,26,"Pramaan Nagar Urban Locality (Synthetic), Delhi 110054",ACTIVE,RESIDENTIAL,APARTMENT_BLOCK,COOPERATIVE_GROUP_HOUSING_SOCIETY,Neelkanth Cooperative Group Housing Society,LEASEHOLD_DDA,870.39,3285.18,1,7,Neelkanth Cooperative Group Housing,,GEO-05-026-G1,V1,28.6833888,77.2382792,,SYN-WARD-72,V2,G1
IN-DL-110054-5-27,CELL-05,27,"Pramaan Nagar Urban Locality (Synthetic), Delhi 110054",ACTIVE,RESIDENTIAL,APARTMENT_BLOCK,COOPERATIVE_GROUP_HOUSING_SOCIETY,Neelkanth Cooperative Group Housing Society,LEASEHOLD_DDA,668.42,2033.05,1,5,Neelkanth Cooperative Group Housing,,GEO-05-027-G1,V1,28.6833888,77.2386084,,SYN-WARD-72,V2,G1
IN-DL-110054-5-28,CELL-05,28,"Pramaan Nagar Urban Locality (Synthetic), Delhi 110054",ACTIVE,RESIDENTIAL,APARTMENT_BLOCK,PRIVATE_JOINT,Aarohan Heights Residents Association,FREEHOLD,746.37,1695.18,1,4,Aarohan Heights,,GEO-05-028-G1,V1,28.6833888,77.2389111,,SYN-WARD-72,V2,G1
IN-DL-110054-5-29,CELL-05,29,"Pramaan Nagar Urban Locality (Synthetic), Delhi 110054",ACTIVE,RESIDENTIAL,APARTMENT_BLOCK,PRIVATE_JOINT,Aarohan Heights Residents Association,FREEHOLD,671.16,2501.78,1,7,Aarohan Heights,,GEO-05-029-G1,V1,28.6833888,77.2392143,,SYN-WARD-72,V1,G1
IN-DL-110054-5-30,CELL-05,30,"Pramaan Nagar Urban Locality (Synthetic), Delhi 110054",ACTIVE,RESIDENTIAL,APARTMENT_BLOCK,PRIVATE_JOINT,Aarohan Heights Residents Association,FREEHOLD,612.59,2608.2,1,7,Aarohan Heights,,GEO-05-030-G1,V1,28.6833888,77.2394889,,SYN-WARD-72,V2,G1
IN-DL-110054-5-31,CELL-05,31,"Pramaan Nagar Urban Locality (Synthetic), Delhi 110054",ACTIVE,PUBLIC_OPEN_SPACE,PUBLIC_PARK,COOPERATIVE_GROUP_HOUSING_SOCIETY,Neelkanth Cooperative Group Housing Society,LEASEHOLD_DDA,764.02,0.0,0,0,Neelkanth Cooperative Group Housing,,GEO-05-031-G1,V1,28.6831676,77.2367768,,SYN-WARD-72,V1,G1
IN-DL-110054-5-32,CELL-05,32,"Pramaan Nagar Urban Locality (Synthetic), Delhi 110054",ACTIVE,TRANSPORT_ACCESS,PARKING_AREA,COOPERATIVE_GROUP_HOUSING_SOCIETY,Neelkanth Cooperative Group Housing Society,LEASEHOLD_DDA,658.01,0.0,0,0,Neelkanth Cooperative Group Housing,,GEO-05-032-G1,V1,28.6831676,77.2370685,,SYN-WARD-72,V2,G1
IN-DL-110054-5-33,CELL-05,33,"Pramaan Nagar Urban Locality (Synthetic), Delhi 110054",ACTIVE,TRANSPORT_ACCESS,PARKING_AREA,COOPERATIVE_GROUP_HOUSING_SOCIETY,Neelkanth Cooperative Group Housing Society,LEASEHOLD_DDA,663.79,0.0,0,0,Neelkanth Cooperative Group Housing,,GEO-05-033-G1,V1,28.6831676,77.2373397,,SYN-WARD-72,V2,G1
IN-DL-110054-5-34,CELL-05,34,"Pramaan Nagar Urban Locality (Synthetic), Delhi 110054",ACTIVE,RELIGIOUS_COMMUNITY,RELIGIOUS_COMMUNITY_PROPERTY,PUBLIC_TRUST,Neelkanth Community Facility Trust,PUBLIC_TRUST,768.31,1119.71,1,3,Neelkanth Cooperative Group Housing,,GEO-05-034-G1,V1,28.6831676,77.2376335,,SYN-WARD-72,V2,G1
IN-DL-110054-5-35,CELL-05,35,"Pramaan Nagar Urban Locality (Synthetic), Delhi 110054",ACTIVE,RESIDENTIAL,APARTMENT_BLOCK,COOPERATIVE_GROUP_HOUSING_SOCIETY,Neelkanth Cooperative Group Housing Society,LEASEHOLD_DDA,735.59,1969.22,1,5,Neelkanth Cooperative Group Housing,,GEO-05-035-G1,V1,28.6831676,77.2379421,,SYN-WARD-72,V2,G1
IN-DL-110054-5-36,CELL-05,36,"Pramaan Nagar Urban Locality (Synthetic), Delhi 110054",ACTIVE,RESIDENTIAL,APARTMENT_BLOCK,COOPERATIVE_GROUP_HOUSING_SOCIETY,Neelkanth Cooperative Group Housing Society,LEASEHOLD_DDA,907.58,1661.47,1,4,Neelkanth Cooperative Group Housing,,GEO-05-036-G1,V1,28.6831676,77.2382792,,SYN-WARD-72,V2,G1
IN-DL-110054-5-37,CELL-05,37,"Pramaan Nagar Urban Locality (Synthetic), Delhi 110054",ACTIVE,RESIDENTIAL,APARTMENT_BLOCK,COOPERATIVE_GROUP_HOUSING_SOCIETY,Neelkanth Cooperative Group Housing Society,LEASEHOLD_DDA,696.98,2760.19,1,8,Neelkanth Cooperative Group Housing,,GEO-05-037-G1,V1,28.6831676,77.2386084,,SYN-WARD-72,V1,G1
IN-DL-110054-5-38,CELL-05,38,"Pramaan Nagar Urban Locality (Synthetic), Delhi 110054",ACTIVE,RESIDENTIAL,APARTMENT_BLOCK,PRIVATE_JOINT,Aarohan Heights Residents Association,FREEHOLD,778.26,3859.91,1,10,Aarohan Heights,,GEO-05-038-G1,V1,28.6831676,77.2389111,,SYN-WARD-72,V2,G1
IN-DL-110054-5-39,CELL-05,39,"Pramaan Nagar Urban Locality (Synthetic), Delhi 110054",ACTIVE,RESIDENTIAL,APARTMENT_BLOCK,PRIVATE_JOINT,Aarohan Heights Residents Association,FREEHOLD,699.84,1756.51,1,5,Aarohan Heights,,GEO-05-039-G1,V1,28.6831676,77.2392143,,SYN-WARD-72,V2,G1
IN-DL-110054-5-40,CELL-05,40,"Pramaan Nagar Urban Locality (Synthetic), Delhi 110054",ACTIVE,RESIDENTIAL,APARTMENT_BLOCK,PRIVATE_JOINT,Aarohan Heights Residents Association,FREEHOLD,638.77,2243.49,1,7,Aarohan Heights,,GEO-05-040-G1,V1,28.6831676,77.2394889,,SYN-WARD-72,V2,G1
IN-DL-110054-5-41,CELL-05,41,"Pramaan Nagar Urban Locality (Synthetic), Delhi 110054",ACTIVE,RESIDENTIAL,GROUP_HOUSING_BLOCK,COOPERATIVE_GROUP_HOUSING_SOCIETY,Neelkanth Cooperative Group Housing Society,LEASEHOLD_DDA,861.84,2669.42,1,6,Neelkanth Cooperative Group Housing,,GEO-05-041-G1,V1,28.6829274,77.2367768,,SYN-WARD-72,V2,G1
IN-DL-110054-5-42,CELL-05,42,"Pramaan Nagar Urban Locality (Synthetic), Delhi 110054",ACTIVE,RESIDENTIAL,GROUP_HOUSING_BLOCK,COOPERATIVE_GROUP_HOUSING_SOCIETY,Neelkanth Cooperative Group Housing Society,LEASEHOLD_DDA,742.26,2687.03,1,6,Neelkanth Cooperative Group Housing,,GEO-05-042-G1,V1,28.6829274,77.2370685,,SYN-WARD-72,V2,G1
IN-DL-110054-5-43,CELL-05,43,"Pramaan Nagar Urban Locality (Synthetic), Delhi 110054",ACTIVE,RESIDENTIAL,GROUP_HOUSING_BLOCK,COOPERATIVE_GROUP_HOUSING_SOCIETY,Neelkanth Cooperative Group Housing Society,LEASEHOLD_DDA,748.78,3327.81,1,10,Neelkanth Cooperative Group Housing,,GEO-05-043-G1,V1,28.6829274,77.2373397,,SYN-WARD-72,V2,G1
IN-DL-110054-5-44,CELL-05,44,"Pramaan Nagar Urban Locality (Synthetic), Delhi 110054",ACTIVE,RESIDENTIAL,GROUP_HOUSING_BLOCK,COOPERATIVE_GROUP_HOUSING_SOCIETY,Neelkanth Cooperative Group Housing Society,LEASEHOLD_DDA,866.69,4146.95,1,9,Neelkanth Cooperative Group Housing,,GEO-05-044-G1,V1,28.6829274,77.2376335,,SYN-WARD-72,V2,G1
IN-DL-110054-5-45,CELL-05,45,"Pramaan Nagar Urban Locality (Synthetic), Delhi 110054",ACTIVE,RESIDENTIAL,APARTMENT_BLOCK,COOPERATIVE_GROUP_HOUSING_SOCIETY,Neelkanth Cooperative Group Housing Society,LEASEHOLD_DDA,829.78,1729.32,1,4,Neelkanth Cooperative Group Housing,,GEO-05-045-G1,V1,28.6829274,77.2379421,,SYN-WARD-72,V2,G1
IN-DL-110054-5-46,CELL-05,46,"Pramaan Nagar Urban Locality (Synthetic), Delhi 110054",ACTIVE,RESIDENTIAL,APARTMENT_BLOCK,COOPERATIVE_GROUP_HOUSING_SOCIETY,Neelkanth Cooperative Group Housing Society,LEASEHOLD_DDA,1023.78,4824.41,1,8,Neelkanth Cooperative Group Housing,,GEO-05-046-G1,V1,28.6829274,77.2382792,,SYN-WARD-72,V1,G1
IN-DL-110054-5-47,CELL-05,47,"Pramaan Nagar Urban Locality (Synthetic), Delhi 110054",ACTIVE,RESIDENTIAL,APARTMENT_BLOCK,COOPERATIVE_GROUP_HOUSING_SOCIETY,Neelkanth Cooperative Group Housing Society,LEASEHOLD_DDA,786.22,2355.8,1,7,Neelkanth Cooperative Group Housing,,GEO-05-047-G1,V1,28.6829274,77.2386084,,SYN-WARD-72,V2,G1
IN-DL-110054-5-48,CELL-05,48,"Pramaan Nagar Urban Locality (Synthetic), Delhi 110054",ACTIVE,RESIDENTIAL,APARTMENT_BLOCK,PRIVATE_JOINT,Aarohan Heights Residents Association,FREEHOLD,877.91,2435.76,1,5,Aarohan Heights,,GEO-05-048-G1,V1,28.6829274,77.2389111,,SYN-WARD-72,V2,G1
IN-DL-110054-5-49,CELL-05,49,"Pramaan Nagar Urban Locality (Synthetic), Delhi 110054",ACTIVE,RESIDENTIAL,APARTMENT_BLOCK,PRIVATE_JOINT,Aarohan Heights Residents Association,FREEHOLD,789.44,2098.46,1,5,Aarohan Heights,,GEO-05-049-G1,V1,28.6829274,77.2392143,,SYN-WARD-72,V1,G1
IN-DL-110054-5-50,CELL-05,50,"Pramaan Nagar Urban Locality (Synthetic), Delhi 110054",ACTIVE,RESIDENTIAL,APARTMENT_BLOCK,PRIVATE_JOINT,Aarohan Heights Residents Association,FREEHOLD,677.32,2196.38,1,5,Aarohan Heights,,GEO-05-050-G2,V2,28.6829292,77.2395012,,SYN-WARD-72,V2,G2
IN-DL-110054-5-51,CELL-05,51,"Pramaan Nagar Urban Locality (Synthetic), Delhi 110054",ACTIVE,RESIDENTIAL,BUILDER_FLOOR,PRIVATE_INDIVIDUAL,Deepak Sethi,FREEHOLD,1221.31,1310.77,1,2,,,GEO-05-051-G1,V1,28.6826197,77.2367768,,SYN-WARD-72,V2,G1
IN-DL-110054-5-52,CELL-05,52,"Pramaan Nagar Urban Locality (Synthetic), Delhi 110054",ACTIVE,RESIDENTIAL,INDEPENDENT_HOUSE,PRIVATE_INDIVIDUAL,Aarav Aggarwal,FREEHOLD,1051.84,2311.02,1,4,,,GEO-05-052-G1,V1,28.6826197,77.2370685,,SYN-WARD-72,V2,G1
IN-DL-110054-5-53,CELL-05,53,"Pramaan Nagar Urban Locality (Synthetic), Delhi 110054",ACTIVE,RESIDENTIAL,BUILDER_FLOOR,PRIVATE_INDIVIDUAL,Ishaan Gupta,FREEHOLD,1061.09,1990.57,1,3,,,GEO-05-053-G1,V1,28.6826197,77.2373397,,SYN-WARD-72,V1,G1
IN-DL-110054-5-54,CELL-05,54,"Pramaan Nagar Urban Locality (Synthetic), Delhi 110054",ACTIVE,RESIDENTIAL,INDEPENDENT_HOUSE,PRIVATE_INDIVIDUAL,Sneha Tiwari,FREEHOLD,1228.17,1290.07,1,2,,,GEO-05-054-G1,V1,28.6826197,77.2376335,,SYN-WARD-72,V2,G1
IN-DL-110054-5-55,CELL-05,55,"Pramaan Nagar Urban Locality (Synthetic), Delhi 110054",ACTIVE,RESIDENTIAL,BUILDER_FLOOR,PRIVATE_INDIVIDUAL,Deepak Kapoor,FREEHOLD,1175.87,546.47,1,1,,,GEO-05-055-G1,V1,28.6826197,77.2379421,,SYN-WARD-72,V2,G1
IN-DL-110054-5-56,CELL-05,56,"Pramaan Nagar Urban Locality (Synthetic), Delhi 110054",ACTIVE,RESIDENTIAL,INDEPENDENT_HOUSE,PRIVATE_INDIVIDUAL,Aarav Bhatia,FREEHOLD,1450.79,2977.06,1,3,,,GEO-05-056-G1,V1,28.6826197,77.2382792,,SYN-WARD-72,V2,G1
IN-DL-110054-5-57,CELL-05,57,"Pramaan Nagar Urban Locality (Synthetic), Delhi 110054",ACTIVE,RESIDENTIAL,BUILDER_FLOOR,PRIVATE_INDIVIDUAL,Ishaan Arora,FREEHOLD,1114.15,1196.37,1,2,,,GEO-05-057-G1,V1,28.6826197,77.2386084,,SYN-WARD-72,V2,G1
IN-DL-110054-5-58,CELL-05,58,"Pramaan Nagar Urban Locality (Synthetic), Delhi 110054",ACTIVE,RESIDENTIAL,APARTMENT_BLOCK,PRIVATE_JOINT,Aarohan Heights Residents Association,FREEHOLD,1244.08,3008.02,1,4,Aarohan Heights,,GEO-05-058-G1,V1,28.6826197,77.2389111,,SYN-WARD-72,V1,G1
IN-DL-110054-5-59,CELL-05,59,"Pramaan Nagar Urban Locality (Synthetic), Delhi 110054",ACTIVE,RESIDENTIAL,APARTMENT_BLOCK,PRIVATE_JOINT,Aarohan Heights Residents Association,FREEHOLD,1118.71,3712.95,1,6,Aarohan Heights,,GEO-05-059-G1,V1,28.6826197,77.2392143,,SYN-WARD-72,V2,G1
IN-DL-110054-5-60,CELL-05,60,"Pramaan Nagar Urban Locality (Synthetic), Delhi 110054",ACTIVE,RESIDENTIAL,APARTMENT_BLOCK,PRIVATE_JOINT,Aarohan Heights Residents Association,FREEHOLD,1021.09,4671.58,1,8,Aarohan Heights,,GEO-05-060-G1,V1,28.6826197,77.2394889,,SYN-WARD-72,V2,G1
IN-DL-110054-5-61,CELL-05,61,"Pramaan Nagar Urban Locality (Synthetic), Delhi 110054",ACTIVE,RESIDENTIAL,INDEPENDENT_HOUSE,PRIVATE_INDIVIDUAL,Ishaan Sharma,FREEHOLD,796.3,1827.71,1,4,,,GEO-05-061-G1,V1,28.6823216,77.2367768,,SYN-WARD-72,V1,G1
IN-DL-110054-5-62,CELL-05,62,"Pramaan Nagar Urban Locality (Synthetic), Delhi 110054",ACTIVE,RESIDENTIAL,BUILDER_FLOOR,PRIVATE_INDIVIDUAL,Sneha Saxena,FREEHOLD,685.81,1857.85,1,4,,,GEO-05-062-G1,V1,28.6823216,77.2370685,,SYN-WARD-72,V2,G1
IN-DL-110054-5-63,CELL-05,63,"Pramaan Nagar Urban Locality (Synthetic), Delhi 110054",ACTIVE,RESIDENTIAL,INDEPENDENT_HOUSE,PRIVATE_INDIVIDUAL,Deepak Malhotra,FREEHOLD,691.84,1291.7,1,3,,,GEO-05-063-G1,V1,28.6823216,77.2373397,,SYN-WARD-72,V2,G1
IN-DL-110054-5-64,CELL-05,64,"Pramaan Nagar Urban Locality (Synthetic), Delhi 110054",ACTIVE,RESIDENTIAL,BUILDER_FLOOR,PRIVATE_INDIVIDUAL,Aarav Chawla,FREEHOLD,800.78,1446.87,1,4,,,GEO-05-064-G1,V1,28.6823216,77.2376335,,SYN-WARD-72,V2,G1
IN-DL-110054-5-65,CELL-05,65,"Pramaan Nagar Urban Locality (Synthetic), Delhi 110054",ACTIVE,RESIDENTIAL,INDEPENDENT_HOUSE,PRIVATE_INDIVIDUAL,Ishaan Jain,FREEHOLD,766.68,1833.88,1,4,,,GEO-05-065-G1,V1,28.6823216,77.2379421,,SYN-WARD-72,V1,G1
IN-DL-110054-5-66,CELL-05,66,"Pramaan Nagar Urban Locality (Synthetic), Delhi 110054",ACTIVE,RESIDENTIAL,BUILDER_FLOOR,PRIVATE_INDIVIDUAL,Sneha Verma,FREEHOLD,945.93,2161.68,1,4,,,GEO-05-066-G1,V1,28.6823216,77.2382792,,SYN-WARD-72,V2,G1
IN-DL-110054-5-67,CELL-05,67,"Pramaan Nagar Urban Locality (Synthetic), Delhi 110054",ACTIVE,RESIDENTIAL,INDEPENDENT_HOUSE,PRIVATE_INDIVIDUAL,Deepak Mishra,FREEHOLD,726.43,429.18,1,1,,,GEO-05-067-G1,V1,28.6823216,77.2386084,,SYN-WARD-72,V2,G1
IN-DL-110054-5-68,CELL-05,68,"Pramaan Nagar Urban Locality (Synthetic), Delhi 110054",ACTIVE,RESIDENTIAL,APARTMENT_BLOCK,PRIVATE_JOINT,Aarohan Heights Residents Association,FREEHOLD,811.15,1403.78,1,4,Aarohan Heights,,GEO-05-068-G1,V1,28.6823216,77.2389111,,SYN-WARD-72,V2,G1
IN-DL-110054-5-69,CELL-05,69,"Pramaan Nagar Urban Locality (Synthetic), Delhi 110054",ACTIVE,RESIDENTIAL,APARTMENT_BLOCK,PRIVATE_JOINT,Aarohan Heights Residents Association,FREEHOLD,729.41,1595.98,1,5,Aarohan Heights,,GEO-05-069-G1,V1,28.6823216,77.2392143,,SYN-WARD-72,V2,G1
IN-DL-110054-5-70,CELL-05,70,"Pramaan Nagar Urban Locality (Synthetic), Delhi 110054",ACTIVE,RESIDENTIAL,APARTMENT_BLOCK,PRIVATE_JOINT,Aarohan Heights Residents Association,FREEHOLD,665.76,3564.6,1,9,Aarohan Heights,,GEO-05-070-G1,V1,28.6823216,77.2394889,,SYN-WARD-72,V2,G1
IN-DL-110054-5-71,CELL-05,71,"Pramaan Nagar Urban Locality (Synthetic), Delhi 110054",ACTIVE,RESIDENTIAL,BUILDER_FLOOR,PRIVATE_INDIVIDUAL,Deepak Gupta,FREEHOLD,728.95,1319.72,1,3,,,GEO-05-071-G1,V1,28.6820962,77.2367768,,SYN-WARD-72,V1,G1
IN-DL-110054-5-72,CELL-05,72,"Pramaan Nagar Urban Locality (Synthetic), Delhi 110054",ACTIVE,RESIDENTIAL,INDEPENDENT_HOUSE,PRIVATE_INDIVIDUAL,Aarav Tiwari,FREEHOLD,627.74,741.08,1,2,,,GEO-05-072-G2,V2,28.6820926,77.2370746,,SYN-WARD-72,V1,G2
IN-DL-110054-5-73,CELL-05,73,"Pramaan Nagar Urban Locality (Synthetic), Delhi 110054",ACTIVE,RESIDENTIAL,BUILDER_FLOOR,PRIVATE_INDIVIDUAL,Ishaan Kapoor,FREEHOLD,633.32,1307.49,1,4,,,GEO-05-073-G1,V1,28.6820962,77.2373397,,SYN-WARD-72,V2,G1
IN-DL-110054-5-74,CELL-05,74,"Pramaan Nagar Urban Locality (Synthetic), Delhi 110054",ACTIVE,RESIDENTIAL,INDEPENDENT_HOUSE,PRIVATE_INDIVIDUAL,Sneha Bhatia,FREEHOLD,733.05,1231.95,1,3,,,GEO-05-074-G1,V1,28.6820962,77.2376335,,SYN-WARD-72,V2,G1
IN-DL-110054-5-75,CELL-05,75,"Pramaan Nagar Urban Locality (Synthetic), Delhi 110054",ACTIVE,RESIDENTIAL,BUILDER_FLOOR,PRIVATE_INDIVIDUAL,Deepak Arora,FREEHOLD,701.83,1254.03,1,3,,,GEO-05-075-G1,V1,28.6820962,77.2379421,,SYN-WARD-72,V1,G1
IN-DL-110054-5-76,CELL-05,76,"Pramaan Nagar Urban Locality (Synthetic), Delhi 110054",ACTIVE,RESIDENTIAL,INDEPENDENT_HOUSE,PRIVATE_INDIVIDUAL,Aarav Mehta,FREEHOLD,865.93,1046.03,1,2,,,GEO-05-076-G1,V1,28.6820962,77.2382792,,SYN-WARD-72,V2,G1
IN-DL-110054-5-77,CELL-05,77,"Pramaan Nagar Urban Locality (Synthetic), Delhi 110054",ACTIVE,RESIDENTIAL,BUILDER_FLOOR,PRIVATE_INDIVIDUAL,Ishaan Singh,FREEHOLD,664.99,622.55,1,2,,,GEO-05-077-G1,V1,28.6820962,77.2386084,,SYN-WARD-72,V2,G1
IN-DL-110054-5-78,CELL-05,78,"Pramaan Nagar Urban Locality (Synthetic), Delhi 110054",ACTIVE,REDEVELOPMENT,REDEVELOPMENT_PARCEL,PRIVATE_JOINT,Pramaan Redevelopment LLP,MUTATION_PENDING,742.54,1142.69,1,6,,,GEO-05-078-G1,V1,28.6820962,77.2389111,REDEVELOPMENT,SYN-WARD-72,V2,G1
IN-DL-110054-5-79,CELL-05,79,"Pramaan Nagar Urban Locality (Synthetic), Delhi 110054",ACTIVE,REDEVELOPMENT,REDEVELOPMENT_PARCEL,PRIVATE_JOINT,Pramaan Redevelopment LLP,MUTATION_PENDING,667.72,877.58,1,4,,,GEO-05-079-G1,V1,28.6820962,77.2392143,REDEVELOPMENT,SYN-WARD-72,V2,G1
IN-DL-110054-5-80,CELL-05,80,"Pramaan Nagar Urban Locality (Synthetic), Delhi 110054",ACTIVE,REDEVELOPMENT,REDEVELOPMENT_PARCEL,PRIVATE_JOINT,Pramaan Redevelopment LLP,MUTATION_PENDING,609.45,98.51,1,1,,,GEO-05-080-G1,V1,28.6820962,77.2394889,REDEVELOPMENT,SYN-WARD-72,V1,G1
IN-DL-110054-5-81,CELL-05,81,"Pramaan Nagar Urban Locality (Synthetic), Delhi 110054",ACTIVE,PUBLIC_OPEN_SPACE,PUBLIC_PARK,MCD,Municipal Corporation of Delhi,MUNICIPAL_VESTING,779.5,0.0,0,0,,Municipal Corporation of Delhi,GEO-05-081-G1,V1,28.6818734,77.2367768,,SYN-WARD-72,V1,G1
IN-DL-110054-5-82,CELL-05,82,"Pramaan Nagar Urban Locality (Synthetic), Delhi 110054",ACTIVE,PUBLIC_OPEN_SPACE,PLAYGROUND,MCD,Municipal Corporation of Delhi,MUNICIPAL_VESTING,671.34,0.0,0,0,,Municipal Corporation of Delhi,GEO-05-082-G1,V1,28.6818734,77.2370685,,SYN-WARD-72,V2,G1
IN-DL-110054-5-83,CELL-05,83,"Pramaan Nagar Urban Locality (Synthetic), Delhi 110054",ACTIVE,TRANSPORT_ACCESS,PARKING_AREA,MCD,Municipal Corporation of Delhi,MUNICIPAL_VESTING,677.24,0.0,0,0,,Municipal Corporation of Delhi,GEO-05-083-G1,V1,28.6818734,77.2373397,,SYN-WARD-72,V2,G1
IN-DL-110054-5-84,CELL-05,84,"Pramaan Nagar Urban Locality (Synthetic), Delhi 110054",ACTIVE,TRANSPORT_ACCESS,PARKING_AREA,MCD,Municipal Corporation of Delhi,MUNICIPAL_VESTING,783.88,0.0,0,0,,Municipal Corporation of Delhi,GEO-05-084-G1,V1,28.6818734,77.2376335,,SYN-WARD-72,V2,G1
IN-DL-110054-5-85,CELL-05,85,"Pramaan Nagar Urban Locality (Synthetic), Delhi 110054",ACTIVE,UTILITY,UTILITY_PARCEL,UTILITY_AGENCY,BSES Yamuna Power Limited,LICENSED_USE,750.5,112.57,1,1,,BSES Yamuna Power Limited,GEO-05-085-G1,V1,28.6818734,77.2379421,,SYN-WARD-72,V1,G1
IN-DL-110054-5-86,CELL-05,86,"Pramaan Nagar Urban Locality (Synthetic), Delhi 110054",ACTIVE,UTILITY,ELECTRICAL_SUBSTATION,UTILITY_AGENCY,BSES Yamuna Power Limited,LICENSED_USE,925.96,138.89,1,1,,BSES Yamuna Power Limited,GEO-05-086-G1,V1,28.6818734,77.2382792,,SYN-WARD-72,V2,G1
IN-DL-110054-5-87,CELL-05,87,"Pramaan Nagar Urban Locality (Synthetic), Delhi 110054",ACTIVE,COMMERCIAL,LOCAL_SHOPPING_COMPLEX,PRIVATE_INDIVIDUAL,Deepak Sethi,FREEHOLD,711.1,1954.05,1,4,,,GEO-05-087-G1,V1,28.6818734,77.2386084,,SYN-WARD-72,V2,G1
IN-DL-110054-5-88,CELL-05,88,"Pramaan Nagar Urban Locality (Synthetic), Delhi 110054",ACTIVE,COMMERCIAL,OFFICE_COMMERCIAL_PLOT,PRIVATE_INDIVIDUAL,Aarav Aggarwal,FREEHOLD,794.03,1491.52,1,3,,,GEO-05-088-G1,V1,28.6818734,77.2389111,,SYN-WARD-72,V1,G1
IN-DL-110054-5-89,CELL-05,89,"Pramaan Nagar Urban Locality (Synthetic), Delhi 110054",ACTIVE,REDEVELOPMENT,UNDER_CONSTRUCTION_PLOT,PRIVATE_JOINT,Pramaan Redevelopment LLP,MUTATION_PENDING,714.01,737.13,1,4,,,GEO-05-089-G1,V1,28.6818734,77.2392143,UNDER_CONSTRUCTION,SYN-WARD-72,V2,G1
IN-DL-110054-5-90,CELL-05,90,"Pramaan Nagar Urban Locality (Synthetic), Delhi 110054",ACTIVE,REDEVELOPMENT,UNDER_CONSTRUCTION_PLOT,PRIVATE_JOINT,Pramaan Redevelopment LLP,MUTATION_PENDING,651.71,269.37,1,1,,,GEO-05-090-G1,V1,28.6818734,77.2394889,UNDER_CONSTRUCTION,SYN-WARD-72,V2,G1
IN-DL-110054-5-91,CELL-05,91,"Pramaan Nagar Urban Locality (Synthetic), Delhi 110054",ACTIVE,VACANT,VACANT_PLOT,PRIVATE_INDIVIDUAL,Deepak Kapoor,FREEHOLD,873.88,0.0,0,0,,,GEO-05-091-G1,V1,28.6816291,77.2367768,VACANT,SYN-WARD-72,V1,G1
IN-DL-110054-5-92,CELL-05,92,"Pramaan Nagar Urban Locality (Synthetic), Delhi 110054",ACTIVE,VACANT,VACANT_PLOT,PRIVATE_INDIVIDUAL,Aarav Bhatia,FREEHOLD,752.63,0.0,0,0,,,GEO-05-092-G1,V1,28.6816291,77.2370685,VACANT,SYN-WARD-72,V2,G1
IN-DL-110054-5-93,CELL-05,93,"Pramaan Nagar Urban Locality (Synthetic), Delhi 110054",ACTIVE,VACANT,VACANT_PLOT,PRIVATE_INDIVIDUAL,Ishaan Arora,FREEHOLD,759.24,0.0,0,0,,,GEO-05-093-G1,V1,28.6816291,77.2373397,VACANT,SYN-WARD-72,V1,G1
IN-DL-110054-5-94,CELL-05,94,"Pramaan Nagar Urban Locality (Synthetic), Delhi 110054",ACTIVE,VACANT,VACANT_PLOT,PRIVATE_INDIVIDUAL,Sneha Mehta,FREEHOLD,878.79,0.0,0,0,,,GEO-05-094-G1,V1,28.6816291,77.2376335,VACANT,SYN-WARD-72,V1,G1
IN-DL-110054-5-95,CELL-05,95,"Pramaan Nagar Urban Locality (Synthetic), Delhi 110054",ACTIVE,VACANT,VACANT_PLOT,PRIVATE_INDIVIDUAL,Deepak Singh,FREEHOLD,841.37,0.0,0,0,,,GEO-05-095-G1,V1,28.6816291,77.2379421,VACANT,SYN-WARD-72,V2,G1
IN-DL-110054-5-96,CELL-05,96,"Pramaan Nagar Urban Locality (Synthetic), Delhi 110054",ACTIVE,REDEVELOPMENT,REDEVELOPMENT_PARCEL,PRIVATE_JOINT,Pramaan Redevelopment LLP,MUTATION_PENDING,1038.09,940.7,1,5,,,GEO-05-096-G1,V1,28.6816291,77.2382792,REDEVELOPMENT,SYN-WARD-72,V2,G1
IN-DL-110054-5-97,CELL-05,97,"Pramaan Nagar Urban Locality (Synthetic), Delhi 110054",ACTIVE,REDEVELOPMENT,REDEVELOPMENT_PARCEL,PRIVATE_JOINT,Pramaan Redevelopment LLP,MUTATION_PENDING,797.21,818.77,1,5,,,GEO-05-097-G1,V1,28.6816291,77.2386084,REDEVELOPMENT,SYN-WARD-72,V2,G1
IN-DL-110054-5-98,CELL-05,98,"Pramaan Nagar Urban Locality (Synthetic), Delhi 110054",ACTIVE,REDEVELOPMENT,REDEVELOPMENT_PARCEL,PRIVATE_JOINT,Pramaan Redevelopment LLP,MUTATION_PENDING,890.18,1888.61,1,5,,,GEO-05-098-G1,V1,28.6816291,77.2389111,REDEVELOPMENT,SYN-WARD-72,V1,G1
IN-DL-110054-5-99,CELL-05,99,"Pramaan Nagar Urban Locality (Synthetic), Delhi 110054",ACTIVE,REDEVELOPMENT,REDEVELOPMENT_PARCEL,PRIVATE_JOINT,Pramaan Redevelopment LLP,MUTATION_PENDING,800.47,1716.94,1,5,,,GEO-05-099-G1,V1,28.6816291,77.2392143,REDEVELOPMENT,SYN-WARD-72,V2,G1
IN-DL-110054-5-100,CELL-05,100,"Pramaan Nagar Urban Locality (Synthetic), Delhi 110054",ACTIVE,REDEVELOPMENT,REDEVELOPMENT_PARCEL,PRIVATE_JOINT,Pramaan Redevelopment LLP,MUTATION_PENDING,730.62,1013.5,1,4,,,GEO-05-100-G1,V1,28.6816291,77.2394889,REDEVELOPMENT,SYN-WARD-72,V2,G1
IN-DL-110054-6-1,CELL-06,1,"Pramaan Nagar Urban Locality (Synthetic), Delhi 110054",ACTIVE,COMMERCIAL,RETAIL_SHOP,PRIVATE_INDIVIDUAL,Ishaan Jain,FREEHOLD,705.25,1941.19,1,4,,,GEO-06-001-G1,V1,28.6810796,77.2236356,,SYN-WARD-72,V1,G1
IN-DL-110054-6-2,CELL-06,2,"Pramaan Nagar Urban Locality (Synthetic), Delhi 110054",ACTIVE,COMMERCIAL,RETAIL_SHOP,PRIVATE_INDIVIDUAL,Sneha Verma,FREEHOLD,711.45,1762.89,1,4,,,GEO-06-002-G1,V1,28.6810796,77.223908,,SYN-WARD-72,V2,G1
IN-DL-110054-6-3,CELL-06,3,"Pramaan Nagar Urban Locality (Synthetic), Delhi 110054",ACTIVE,COMMERCIAL,RETAIL_SHOP,PRIVATE_INDIVIDUAL,Deepak Mishra,FREEHOLD,823.48,2076.75,1,4,,,GEO-06-003-G1,V1,28.6810796,77.2242031,,SYN-WARD-72,V2,G1
IN-DL-110054-6-4,CELL-06,4,"Pramaan Nagar Urban Locality (Synthetic), Delhi 110054",ACTIVE,COMMERCIAL,RETAIL_SHOP,PRIVATE_INDIVIDUAL,Aarav Khanna,FREEHOLD,788.41,2527.97,1,5,,,GEO-06-004-G1,V1,28.6810796,77.224513,,SYN-WARD-72,V2,G1
IN-DL-110054-6-5,CELL-06,5,"Pramaan Nagar Urban Locality (Synthetic), Delhi 110054",ACTIVE,COMMERCIAL,RETAIL_SHOP,PRIVATE_INDIVIDUAL,Ishaan Sethi,FREEHOLD,685.42,2007.59,1,5,,,GEO-06-005-G1,V1,28.6810796,77.2247964,,SYN-WARD-72,V2,G1
IN-DL-110054-6-6,CELL-06,6,"Pramaan Nagar Urban Locality (Synthetic), Delhi 110054",ACTIVE,COMMERCIAL,RETAIL_SHOP,PRIVATE_INDIVIDUAL,Sneha Aggarwal,FREEHOLD,1033.08,2361.83,1,4,,,GEO-06-006-G1,V1,28.6810796,77.2251268,,SYN-WARD-72,V1,G1
IN-DL-110054-6-7,CELL-06,7,"Pramaan Nagar Urban Locality (Synthetic), Delhi 110054",ACTIVE,COMMERCIAL,RETAIL_SHOP,PRIVATE_INDIVIDUAL,Deepak Gupta,FREEHOLD,834.14,1760.17,1,3,,,GEO-06-007-G1,V1,28.6810796,77.2254858,,SYN-WARD-72,V2,G1
IN-DL-110054-6-8,CELL-06,8,"Pramaan Nagar Urban Locality (Synthetic), Delhi 110054",ACTIVE,COMMERCIAL,OFFICE_COMMERCIAL_PLOT,PRIVATE_INDIVIDUAL,Aarav Tiwari,FREEHOLD,750.09,2119.85,1,4,,,GEO-06-008-G1,V1,28.6810796,77.2257904,,SYN-WARD-72,V2,G1
IN-DL-110054-6-9,CELL-06,9,"Pramaan Nagar Urban Locality (Synthetic), Delhi 110054",ACTIVE,COMMERCIAL,OFFICE_COMMERCIAL_PLOT,PRIVATE_INDIVIDUAL,Ishaan Kapoor,FREEHOLD,684.63,2074.56,1,4,,,GEO-06-009-G1,V1,28.6810796,77.2260663,,SYN-WARD-72,V1,G1
IN-DL-110054-6-10,CELL-06,10,"Pramaan Nagar Urban Locality (Synthetic), Delhi 110054",ACTIVE,COMMERCIAL,OFFICE_COMMERCIAL_PLOT,PRIVATE_INDIVIDUAL,Sneha Bhatia,FREEHOLD,785.55,2072.25,1,4,,,GEO-06-010-G1,V1,28.6810796,77.226349,,SYN-WARD-72,V1,G1
IN-DL-110054-6-11,CELL-06,11,"Pramaan Nagar Urban Locality (Synthetic), Delhi 110054",ACTIVE,COMMERCIAL,RETAIL_SHOP,PRIVATE_INDIVIDUAL,Deepak Arora,FREEHOLD,633.97,1394.71,1,3,,,GEO-06-011-G2,V2,28.6808597,77.2236172,,SYN-WARD-72,V1,G2
IN-DL-110054-6-12,CELL-06,12,"Pramaan Nagar Urban Locality (Synthetic), Delhi 110054",ACTIVE,COMMERCIAL,RETAIL_SHOP,PRIVATE_INDIVIDUAL,Aarav Mehta,FREEHOLD,640.57,1891.45,1,5,,,GEO-06-012-G1,V1,28.6808507,77.223908,,SYN-WARD-72,V2,G1
IN-DL-110054-6-13,CELL-06,13,"Pramaan Nagar Urban Locality (Synthetic), Delhi 110054",ACTIVE,COMMERCIAL,RETAIL_SHOP,PRIVATE_INDIVIDUAL,Ishaan Singh,FREEHOLD,741.43,2364.93,1,4,,,GEO-06-013-G1,V1,28.6808507,77.2242031,,SYN-WARD-72,V2,G1
IN-DL-110054-6-14,CELL-06,14,"Pramaan Nagar Urban Locality (Synthetic), Delhi 110054",ACTIVE,COMMERCIAL,RETAIL_SHOP,PRIVATE_INDIVIDUAL,Sneha Bansal,FREEHOLD,709.86,2728.39,1,5,,,GEO-06-014-G1,V1,28.6808507,77.224513,,SYN-WARD-72,V2,G1
IN-DL-110054-6-15,CELL-06,15,"Pramaan Nagar Urban Locality (Synthetic), Delhi 110054",ACTIVE,COMMERCIAL,RETAIL_SHOP,PRIVATE_INDIVIDUAL,Deepak Sharma,FREEHOLD,617.13,2083.69,1,5,,,GEO-06-015-G1,V1,28.6808507,77.2247964,,SYN-WARD-72,V2,G1
IN-DL-110054-6-16,CELL-06,16,"Pramaan Nagar Urban Locality (Synthetic), Delhi 110054",ACTIVE,COMMERCIAL,RETAIL_SHOP,PRIVATE_INDIVIDUAL,Aarav Saxena,FREEHOLD,930.16,1932.6,1,3,,,GEO-06-016-G1,V1,28.6808507,77.2251268,,SYN-WARD-72,V2,G1
IN-DL-110054-6-17,CELL-06,17,"Pramaan Nagar Urban Locality (Synthetic), Delhi 110054",ACTIVE,COMMERCIAL,RETAIL_SHOP,PRIVATE_INDIVIDUAL,Ishaan Malhotra,FREEHOLD,751.04,1907.64,1,4,,,GEO-06-017-G1,V1,28.6808507,77.2254858,,SYN-WARD-72,V1,G1
IN-DL-110054-6-18,CELL-06,18,"Pramaan Nagar Urban Locality (Synthetic), Delhi 110054",ACTIVE,COMMERCIAL,OFFICE_COMMERCIAL_PLOT,PRIVATE_INDIVIDUAL,Sneha Chawla,FREEHOLD,675.36,1213.99,1,3,,,GEO-06-018-G1,V1,28.6808507,77.2257904,,SYN-WARD-72,V2,G1
IN-DL-110054-6-19,CELL-06,19,"Pramaan Nagar Urban Locality (Synthetic), Delhi 110054",ACTIVE,COMMERCIAL,OFFICE_COMMERCIAL_PLOT,PRIVATE_INDIVIDUAL,Deepak Jain,FREEHOLD,616.42,1266.52,1,3,,,GEO-06-019-G1,V1,28.6808507,77.2260663,,SYN-WARD-72,V2,G1
IN-DL-110054-6-20,CELL-06,20,"Pramaan Nagar Urban Locality (Synthetic), Delhi 110054",ACTIVE,COMMERCIAL,OFFICE_COMMERCIAL_PLOT,PRIVATE_INDIVIDUAL,Aarav Verma,FREEHOLD,707.29,989.82,1,2,,,GEO-06-020-G1,V1,28.6808507,77.226349,,SYN-WARD-72,V2,G1
IN-DL-110054-6-21,CELL-06,21,"Pramaan Nagar Urban Locality (Synthetic), Delhi 110054",ACTIVE,COMMERCIAL,RETAIL_SHOP,PRIVATE_INDIVIDUAL,Ishaan Mishra,FREEHOLD,662.12,1169.09,1,3,,,GEO-06-021-G1,V1,28.6806291,77.2236356,,SYN-WARD-72,V2,G1
IN-DL-110054-6-22,CELL-06,22,"Pramaan Nagar Urban Locality (Synthetic), Delhi 110054",ACTIVE,COMMERCIAL,RETAIL_SHOP,PRIVATE_INDIVIDUAL,Sneha Khanna,FREEHOLD,667.94,964.56,1,2,,,GEO-06-022-G1,V1,28.6806291,77.223908,,SYN-WARD-72,V2,G1
IN-DL-110054-6-23,CELL-06,23,"Pramaan Nagar Urban Locality (Synthetic), Delhi 110054",ACTIVE,COMMERCIAL,RETAIL_SHOP,PRIVATE_INDIVIDUAL,Deepak Sethi,FREEHOLD,773.11,1034.82,1,2,,,GEO-06-023-G1,V1,28.6806291,77.2242031,,SYN-WARD-72,V2,G1
IN-DL-110054-6-24,CELL-06,24,"Pramaan Nagar Urban Locality (Synthetic), Delhi 110054",ACTIVE,COMMERCIAL,RETAIL_SHOP,PRIVATE_INDIVIDUAL,Aarav Aggarwal,FREEHOLD,740.19,890.3,1,2,,,GEO-06-024-G1,V1,28.6806291,77.224513,,SYN-WARD-72,V2,G1
IN-DL-110054-6-25,CELL-06,25,"Pramaan Nagar Urban Locality (Synthetic), Delhi 110054",ACTIVE,COMMERCIAL,RETAIL_SHOP,PRIVATE_INDIVIDUAL,Ishaan Gupta,FREEHOLD,643.5,1964.62,1,5,,,GEO-06-025-G1,V1,28.6806291,77.2247964,,SYN-WARD-72,V1,G1
IN-DL-110054-6-26,CELL-06,26,"Pramaan Nagar Urban Locality (Synthetic), Delhi 110054",ACTIVE,COMMERCIAL,RETAIL_SHOP,PRIVATE_INDIVIDUAL,Sneha Tiwari,FREEHOLD,969.89,3533.03,1,5,,,GEO-06-026-G1,V1,28.6806291,77.2251268,,SYN-WARD-72,V2,G1
IN-DL-110054-6-27,CELL-06,27,"Pramaan Nagar Urban Locality (Synthetic), Delhi 110054",ACTIVE,COMMERCIAL,RETAIL_SHOP,PRIVATE_INDIVIDUAL,Deepak Kapoor,FREEHOLD,783.12,2811.61,1,5,,,GEO-06-027-G1,V1,28.6806291,77.2254858,,SYN-WARD-72,V2,G1
IN-DL-110054-6-28,CELL-06,28,"Pramaan Nagar Urban Locality (Synthetic), Delhi 110054",ACTIVE,COMMERCIAL,OFFICE_COMMERCIAL_PLOT,PRIVATE_INDIVIDUAL,Aarav Bhatia,FREEHOLD,704.21,1573.65,1,3,,,GEO-06-028-G1,V1,28.6806291,77.2257904,,SYN-WARD-72,V2,G1
IN-DL-110054-6-29,CELL-06,29,"Pramaan Nagar Urban Locality (Synthetic), Delhi 110054",ACTIVE,COMMERCIAL,OFFICE_COMMERCIAL_PLOT,PRIVATE_INDIVIDUAL,Ishaan Arora,FREEHOLD,642.76,1453.33,1,3,,,GEO-06-029-G1,V1,28.6806291,77.2260663,,SYN-WARD-72,V2,G1
IN-DL-110054-6-30,CELL-06,30,"Pramaan Nagar Urban Locality (Synthetic), Delhi 110054",ACTIVE,COMMERCIAL,OFFICE_COMMERCIAL_PLOT,PRIVATE_INDIVIDUAL,Sneha Mehta,FREEHOLD,737.51,819.74,1,2,,,GEO-06-030-G1,V1,28.6806291,77.226349,,SYN-WARD-72,V1,G1
IN-DL-110054-6-31,CELL-06,31,"Pramaan Nagar Urban Locality (Synthetic), Delhi 110054",ACTIVE,COMMERCIAL,RETAIL_SHOP,PRIVATE_INDIVIDUAL,Deepak Singh,FREEHOLD,746.89,1701.11,1,3,,,GEO-06-031-G1,V1,28.6803885,77.2236356,,SYN-WARD-72,V2,G1
IN-DL-110054-6-32,CELL-06,32,"Pramaan Nagar Urban Locality (Synthetic), Delhi 110054",ACTIVE,COMMERCIAL,RETAIL_SHOP,PRIVATE_INDIVIDUAL,Aarav Bansal,FREEHOLD,753.46,1777.49,1,3,,,GEO-06-032-G1,V1,28.6803885,77.223908,,SYN-WARD-72,V1,G1
IN-DL-110054-6-33,CELL-06,33,"Pramaan Nagar Urban Locality (Synthetic), Delhi 110054",ACTIVE,COMMERCIAL,RETAIL_SHOP,PRIVATE_INDIVIDUAL,Ishaan Sharma,FREEHOLD,872.1,2123.2,1,4,,,GEO-06-033-G1,V1,28.6803885,77.2242031,,SYN-WARD-72,V2,G1
IN-DL-110054-6-34,CELL-06,34,"Pramaan Nagar Urban Locality (Synthetic), Delhi 110054",ACTIVE,COMMERCIAL,RETAIL_SHOP,PRIVATE_INDIVIDUAL,Sneha Saxena,FREEHOLD,834.96,1286.06,1,2,,,GEO-06-034-G1,V1,28.6803885,77.224513,,SYN-WARD-72,V2,G1
IN-DL-110054-6-35,CELL-06,35,"Pramaan Nagar Urban Locality (Synthetic), Delhi 110054",ACTIVE,COMMERCIAL,RETAIL_SHOP,PRIVATE_INDIVIDUAL,Deepak Malhotra,FREEHOLD,725.89,925.97,1,2,,,GEO-06-035-G1,V1,28.6803885,77.2247964,,SYN-WARD-72,V2,G1
IN-DL-110054-6-36,CELL-06,36,"Pramaan Nagar Urban Locality (Synthetic), Delhi 110054",ACTIVE,COMMERCIAL,RETAIL_SHOP,PRIVATE_INDIVIDUAL,Aarav Chawla,FREEHOLD,1094.08,1615.06,1,2,,,GEO-06-036-G1,V1,28.6803885,77.2251268,,SYN-WARD-72,V2,G1
IN-DL-110054-6-37,CELL-06,37,"Pramaan Nagar Urban Locality (Synthetic), Delhi 110054",ACTIVE,COMMERCIAL,RETAIL_SHOP,PRIVATE_INDIVIDUAL,Ishaan Jain,FREEHOLD,883.31,3418.3,1,5,,,GEO-06-037-G2,V2,28.6803849,77.225492,,SYN-WARD-72,V1,G2
IN-DL-110054-6-38,CELL-06,38,"Pramaan Nagar Urban Locality (Synthetic), Delhi 110054",ACTIVE,COMMERCIAL,OFFICE_COMMERCIAL_PLOT,PRIVATE_INDIVIDUAL,Sneha Verma,FREEHOLD,794.38,1835.43,1,3,,,GEO-06-038-G1,V1,28.6803885,77.2257904,,SYN-WARD-72,V2,G1
IN-DL-110054-6-39,CELL-06,39,"Pramaan Nagar Urban Locality (Synthetic), Delhi 110054",ACTIVE,COMMERCIAL,OFFICE_COMMERCIAL_PLOT,PRIVATE_INDIVIDUAL,Deepak Mishra,FREEHOLD,725.06,1834.84,1,4,,,GEO-06-039-G1,V1,28.6803885,77.2260663,,SYN-WARD-72,V2,G1
IN-DL-110054-6-40,CELL-06,40,"Pramaan Nagar Urban Locality (Synthetic), Delhi 110054",ACTIVE,COMMERCIAL,OFFICE_COMMERCIAL_PLOT,PRIVATE_INDIVIDUAL,Aarav Khanna,FREEHOLD,831.94,3233.93,1,5,,,GEO-06-040-G1,V1,28.6803885,77.226349,,SYN-WARD-72,V2,G1
IN-DL-110054-6-41,CELL-06,41,"Pramaan Nagar Urban Locality (Synthetic), Delhi 110054",ACTIVE,MIXED_USE,MIXED_USE_BUILDING,PRIVATE_INDIVIDUAL,Ishaan Sethi,FREEHOLD,765.12,2442.68,1,5,,,GEO-06-041-G1,V1,28.6801303,77.2236356,,SYN-WARD-72,V2,G1
IN-DL-110054-6-42,CELL-06,42,"Pramaan Nagar Urban Locality (Synthetic), Delhi 110054",ACTIVE,MIXED_USE,MIXED_USE_BUILDING,PRIVATE_INDIVIDUAL,Sneha Aggarwal,FREEHOLD,771.85,1739.53,1,3,,,GEO-06-042-G1,V1,28.6801303,77.223908,,SYN-WARD-72,V2,G1
IN-DL-110054-6-43,CELL-06,43,"Pramaan Nagar Urban Locality (Synthetic), Delhi 110054",ACTIVE,MIXED_USE,MIXED_USE_BUILDING,PRIVATE_INDIVIDUAL,Deepak Gupta,FREEHOLD,893.38,1318.02,1,2,,,GEO-06-043-G1,V1,28.6801303,77.2242031,,SYN-WARD-72,V2,G1
IN-DL-110054-6-44,CELL-06,44,"Pramaan Nagar Urban Locality (Synthetic), Delhi 110054",ACTIVE,MIXED_USE,MIXED_USE_BUILDING,PRIVATE_INDIVIDUAL,Aarav Tiwari,FREEHOLD,855.34,2987.92,1,5,,,GEO-06-044-G1,V1,28.6801303,77.224513,,SYN-WARD-72,V2,G1
IN-DL-110054-6-45,CELL-06,45,"Pramaan Nagar Urban Locality (Synthetic), Delhi 110054",ACTIVE,MIXED_USE,MIXED_USE_BUILDING,PRIVATE_INDIVIDUAL,Ishaan Kapoor,FREEHOLD,743.61,1435.84,1,3,,,GEO-06-045-G1,V1,28.6801303,77.2247964,,SYN-WARD-72,V2,G1
IN-DL-110054-6-46,CELL-06,46,"Pramaan Nagar Urban Locality (Synthetic), Delhi 110054",ACTIVE,MIXED_USE,MIXED_USE_BUILDING,PRIVATE_INDIVIDUAL,Sneha Bhatia,FREEHOLD,1120.78,3012.93,1,4,,,GEO-06-046-G1,V1,28.6801303,77.2251268,,SYN-WARD-72,V1,G1
IN-DL-110054-6-47,CELL-06,47,"Pramaan Nagar Urban Locality (Synthetic), Delhi 110054",ACTIVE,MIXED_USE,MIXED_USE_BUILDING,PRIVATE_INDIVIDUAL,Deepak Arora,FREEHOLD,904.95,3044.49,1,5,,,GEO-06-047-G1,V1,28.6801303,77.2254858,,SYN-WARD-72,V2,G1
IN-DL-110054-6-48,CELL-06,48,"Pramaan Nagar Urban Locality (Synthetic), Delhi 110054",ACTIVE,MIXED_USE,MIXED_USE_BUILDING,PRIVATE_INDIVIDUAL,Aarav Mehta,FREEHOLD,813.76,944.49,1,2,,,GEO-06-048-G1,V1,28.6801303,77.2257904,,SYN-WARD-72,V2,G1
IN-DL-110054-6-49,CELL-06,49,"Pramaan Nagar Urban Locality (Synthetic), Delhi 110054",ACTIVE,MIXED_USE,MIXED_USE_BUILDING,PRIVATE_INDIVIDUAL,Ishaan Singh,FREEHOLD,742.75,972.41,1,2,,,GEO-06-049-G1,V1,28.6801303,77.2260663,,SYN-WARD-72,V2,G1
IN-DL-110054-6-50,CELL-06,50,"Pramaan Nagar Urban Locality (Synthetic), Delhi 110054",ACTIVE,MIXED_USE,MIXED_USE_BUILDING,PRIVATE_INDIVIDUAL,Sneha Bansal,FREEHOLD,852.24,1922.05,1,3,,,GEO-06-050-G1,V1,28.6801303,77.226349,,SYN-WARD-72,V2,G1
IN-DL-110054-6-51,CELL-06,51,"Pramaan Nagar Urban Locality (Synthetic), Delhi 110054",ACTIVE,MIXED_USE,MIXED_USE_BUILDING,PRIVATE_INDIVIDUAL,Deepak Sharma,FREEHOLD,982.86,2338.17,1,4,,,GEO-06-051-G1,V1,28.6798317,77.2236356,,SYN-WARD-72,V2,G1
IN-DL-110054-6-52,CELL-06,52,"Pramaan Nagar Urban Locality (Synthetic), Delhi 110054",ACTIVE,MIXED_USE,MIXED_USE_BUILDING,PRIVATE_INDIVIDUAL,Aarav Saxena,FREEHOLD,991.5,2595.97,1,4,,,GEO-06-052-G1,V1,28.6798317,77.223908,,SYN-WARD-72,V2,G1
IN-DL-110054-6-53,CELL-06,53,"Pramaan Nagar Urban Locality (Synthetic), Delhi 110054",ACTIVE,MIXED_USE,MIXED_USE_BUILDING,PRIVATE_INDIVIDUAL,Ishaan Malhotra,FREEHOLD,1147.62,1645.06,1,2,,,GEO-06-053-G1,V1,28.6798317,77.2242031,,SYN-WARD-72,V2,G1
IN-DL-110054-6-54,CELL-06,54,"Pramaan Nagar Urban Locality (Synthetic), Delhi 110054",ACTIVE,MIXED_USE,MIXED_USE_BUILDING,PRIVATE_INDIVIDUAL,Sneha Chawla,FREEHOLD,1098.75,4178.47,1,5,,,GEO-06-054-G1,V1,28.6798317,77.224513,,SYN-WARD-72,V1,G1
IN-DL-110054-6-55,CELL-06,55,"Pramaan Nagar Urban Locality (Synthetic), Delhi 110054",ACTIVE,MIXED_USE,MIXED_USE_BUILDING,PRIVATE_INDIVIDUAL,Deepak Jain,FREEHOLD,955.22,2162.34,1,3,,,GEO-06-055-G1,V1,28.6798317,77.2247964,,SYN-WARD-72,V2,G1
IN-DL-110054-6-56,CELL-06,56,"Pramaan Nagar Urban Locality (Synthetic), Delhi 110054",ACTIVE,MIXED_USE,MIXED_USE_BUILDING,PRIVATE_INDIVIDUAL,Aarav Verma,FREEHOLD,1439.73,2017.29,1,2,,,GEO-06-056-G1,V1,28.6798317,77.2251268,,SYN-WARD-72,V2,G1
IN-DL-110054-6-57,CELL-06,57,"Pramaan Nagar Urban Locality (Synthetic), Delhi 110054",ACTIVE,MIXED_USE,MIXED_USE_BUILDING,PRIVATE_INDIVIDUAL,Ishaan Mishra,FREEHOLD,1162.48,3363.51,1,4,,,GEO-06-057-G1,V1,28.6798317,77.2254858,,SYN-WARD-72,V2,G1
IN-DL-110054-6-58,CELL-06,58,"Pramaan Nagar Urban Locality (Synthetic), Delhi 110054",ACTIVE,MIXED_USE,MIXED_USE_BUILDING,PRIVATE_INDIVIDUAL,Sneha Khanna,FREEHOLD,1043.67,2185.3,1,3,,,GEO-06-058-G2,V2,28.6798408,77.225772,,SYN-WARD-72,V1,G2
IN-DL-110054-6-59,CELL-06,59,"Pramaan Nagar Urban Locality (Synthetic), Delhi 110054",ACTIVE,MIXED_USE,MIXED_USE_BUILDING,PRIVATE_INDIVIDUAL,Deepak Sethi,FREEHOLD,954.12,2171.51,1,3,,,GEO-06-059-G1,V1,28.6798317,77.2260663,,SYN-WARD-72,V2,G1
IN-DL-110054-6-60,CELL-06,60,"Pramaan Nagar Urban Locality (Synthetic), Delhi 110054",ACTIVE,MIXED_USE,MIXED_USE_BUILDING,PRIVATE_INDIVIDUAL,Aarav Aggarwal,FREEHOLD,1029.08,1515.85,1,2,,,GEO-06-060-G2,V2,28.6798335,77.2263612,,SYN-WARD-72,V2,G2
IN-DL-110054-6-61,CELL-06,61,"Pramaan Nagar Urban Locality (Synthetic), Delhi 110054",ACTIVE,RESIDENTIAL,BUILDER_FLOOR,PRIVATE_INDIVIDUAL,Ishaan Gupta,FREEHOLD,593.83,367.72,1,1,,,GEO-06-061-G2,V2,28.6795578,77.2236479,,SYN-WARD-72,V2,G2
IN-DL-110054-6-62,CELL-06,62,"Pramaan Nagar Urban Locality (Synthetic), Delhi 110054",ACTIVE,RESIDENTIAL,BUILDER_FLOOR,PRIVATE_INDIVIDUAL,Sneha Tiwari,FREEHOLD,637.28,379.26,1,1,,,GEO-06-062-G1,V1,28.679556,77.223908,,SYN-WARD-72,V2,G1
IN-DL-110054-6-63,CELL-06,63,"Pramaan Nagar Urban Locality (Synthetic), Delhi 110054",ACTIVE,RESIDENTIAL,BUILDER_FLOOR,PRIVATE_INDIVIDUAL,Deepak Kapoor,FREEHOLD,737.63,470.93,1,1,,,GEO-06-063-G1,V1,28.679556,77.2242031,,SYN-WARD-72,V2,G1
IN-DL-110054-6-64,CELL-06,64,"Pramaan Nagar Urban Locality (Synthetic), Delhi 110054",ACTIVE,RESIDENTIAL,BUILDER_FLOOR,PRIVATE_INDIVIDUAL,Aarav Bhatia,FREEHOLD,706.22,957.0,1,2,,,GEO-06-064-G1,V1,28.679556,77.224513,,SYN-WARD-72,V1,G1
IN-DL-110054-6-65,CELL-06,65,"Pramaan Nagar Urban Locality (Synthetic), Delhi 110054",ACTIVE,RESIDENTIAL,BUILDER_FLOOR,PRIVATE_INDIVIDUAL,Ishaan Arora,FREEHOLD,613.96,1203.49,1,4,,,GEO-06-065-G1,V1,28.679556,77.2247964,,SYN-WARD-72,V1,G1
IN-DL-110054-6-66,CELL-06,66,"Pramaan Nagar Urban Locality (Synthetic), Delhi 110054",ACTIVE,RESIDENTIAL,BUILDER_FLOOR,PRIVATE_INDIVIDUAL,Sneha Mehta,FREEHOLD,925.38,1729.22,1,3,,,GEO-06-066-G1,V1,28.679556,77.2251268,,SYN-WARD-72,V2,G1
IN-DL-110054-6-67,CELL-06,67,"Pramaan Nagar Urban Locality (Synthetic), Delhi 110054",ACTIVE,RESIDENTIAL,INDEPENDENT_HOUSE,PRIVATE_INDIVIDUAL,Deepak Singh,FREEHOLD,747.18,447.34,1,1,,,GEO-06-067-G1,V1,28.679556,77.2254858,,SYN-WARD-72,V2,G1
IN-DL-110054-6-68,CELL-06,68,"Pramaan Nagar Urban Locality (Synthetic), Delhi 110054",ACTIVE,RESIDENTIAL,INDEPENDENT_HOUSE,PRIVATE_INDIVIDUAL,Aarav Bansal,FREEHOLD,671.89,1763.73,1,4,,,GEO-06-068-G1,V1,28.679556,77.2257904,,SYN-WARD-72,V2,G1
IN-DL-110054-6-69,CELL-06,69,"Pramaan Nagar Urban Locality (Synthetic), Delhi 110054",ACTIVE,RESIDENTIAL,INDEPENDENT_HOUSE,PRIVATE_INDIVIDUAL,Ishaan Sharma,FREEHOLD,613.2,1259.85,1,3,,,GEO-06-069-G2,V2,28.6795524,77.2260724,,SYN-WARD-72,V1,G2
IN-DL-110054-6-70,CELL-06,70,"Pramaan Nagar Urban Locality (Synthetic), Delhi 110054",ACTIVE,RESIDENTIAL,INDEPENDENT_HOUSE,PRIVATE_INDIVIDUAL,Sneha Saxena,FREEHOLD,703.66,1442.6,1,3,,,GEO-06-070-G1,V1,28.679556,77.226349,,SYN-WARD-72,V2,G1
IN-DL-110054-6-71,CELL-06,71,"Pramaan Nagar Urban Locality (Synthetic), Delhi 110054",ACTIVE,RESIDENTIAL,BUILDER_FLOOR,PRIVATE_INDIVIDUAL,Deepak Malhotra,FREEHOLD,675.53,321.76,1,1,,,GEO-06-071-G1,V1,28.6793327,77.2236356,,SYN-WARD-72,V2,G1
IN-DL-110054-6-72,CELL-06,72,"Pramaan Nagar Urban Locality (Synthetic), Delhi 110054",ACTIVE,RESIDENTIAL,BUILDER_FLOOR,PRIVATE_INDIVIDUAL,Aarav Chawla,FREEHOLD,681.47,463.95,1,1,,,GEO-06-072-G1,V1,28.6793327,77.223908,,SYN-WARD-72,V2,G1
IN-DL-110054-6-73,CELL-06,73,"Pramaan Nagar Urban Locality (Synthetic), Delhi 110054",ACTIVE,RESIDENTIAL,BUILDER_FLOOR,PRIVATE_INDIVIDUAL,Ishaan Jain,FREEHOLD,788.77,808.93,1,2,,,GEO-06-073-G1,V1,28.6793327,77.2242031,,SYN-WARD-72,V1,G1
IN-DL-110054-6-74,CELL-06,74,"Pramaan Nagar Urban Locality (Synthetic), Delhi 110054",ACTIVE,RESIDENTIAL,BUILDER_FLOOR,PRIVATE_INDIVIDUAL,Sneha Verma,FREEHOLD,755.18,416.22,1,1,,,GEO-06-074-G1,V1,28.6793327,77.224513,,SYN-WARD-72,V1,G1
IN-DL-110054-6-75,CELL-06,75,"Pramaan Nagar Urban Locality (Synthetic), Delhi 110054",ACTIVE,RESIDENTIAL,BUILDER_FLOOR,PRIVATE_INDIVIDUAL,Deepak Mishra,FREEHOLD,656.53,1468.4,1,4,,,GEO-06-075-G1,V1,28.6793327,77.2247964,,SYN-WARD-72,V2,G1
IN-DL-110054-6-76,CELL-06,76,"Pramaan Nagar Urban Locality (Synthetic), Delhi 110054",ACTIVE,RESIDENTIAL,BUILDER_FLOOR,PRIVATE_INDIVIDUAL,Aarav Khanna,FREEHOLD,989.54,1020.36,1,2,,,GEO-06-076-G1,V1,28.6793327,77.2251268,,SYN-WARD-72,V2,G1
IN-DL-110054-6-77,CELL-06,77,"Pramaan Nagar Urban Locality (Synthetic), Delhi 110054",ACTIVE,RESIDENTIAL,INDEPENDENT_HOUSE,PRIVATE_INDIVIDUAL,Ishaan Sethi,FREEHOLD,798.99,460.4,1,1,,,GEO-06-077-G1,V1,28.6793327,77.2254858,,SYN-WARD-72,V2,G1
IN-DL-110054-6-78,CELL-06,78,"Pramaan Nagar Urban Locality (Synthetic), Delhi 110054",ACTIVE,RESIDENTIAL,INDEPENDENT_HOUSE,PRIVATE_INDIVIDUAL,Sneha Aggarwal,FREEHOLD,718.47,444.86,1,1,,,GEO-06-078-G1,V1,28.6793327,77.2257904,,SYN-WARD-72,V2,G1
IN-DL-110054-6-79,CELL-06,79,"Pramaan Nagar Urban Locality (Synthetic), Delhi 110054",ACTIVE,RESIDENTIAL,INDEPENDENT_HOUSE,PRIVATE_INDIVIDUAL,Deepak Gupta,FREEHOLD,655.78,1256.58,1,3,,,GEO-06-079-G1,V1,28.6793327,77.2260663,,SYN-WARD-72,V1,G1
IN-DL-110054-6-80,CELL-06,80,"Pramaan Nagar Urban Locality (Synthetic), Delhi 110054",ACTIVE,RESIDENTIAL,INDEPENDENT_HOUSE,PRIVATE_INDIVIDUAL,Aarav Tiwari,FREEHOLD,752.45,430.52,1,1,,,GEO-06-080-G1,V1,28.6793327,77.226349,,SYN-WARD-72,V2,G1
IN-DL-110054-6-81,CELL-06,81,"Pramaan Nagar Urban Locality (Synthetic), Delhi 110054",ACTIVE,RESIDENTIAL,BUILDER_FLOOR,PRIVATE_INDIVIDUAL,Ishaan Kapoor,FREEHOLD,757.33,758.34,1,2,,,GEO-06-081-G1,V1,28.679088,77.2236356,,SYN-WARD-72,V2,G1
IN-DL-110054-6-82,CELL-06,82,"Pramaan Nagar Urban Locality (Synthetic), Delhi 110054",ACTIVE,RESIDENTIAL,BUILDER_FLOOR,PRIVATE_INDIVIDUAL,Sneha Bhatia,FREEHOLD,763.98,358.53,1,1,,,GEO-06-082-G1,V1,28.679088,77.223908,,SYN-WARD-72,V2,G1
IN-DL-110054-6-83,CELL-06,83,"Pramaan Nagar Urban Locality (Synthetic), Delhi 110054",ACTIVE,RESIDENTIAL,BUILDER_FLOOR,PRIVATE_INDIVIDUAL,Deepak Arora,FREEHOLD,884.28,1685.3,1,4,,,GEO-06-083-G1,V1,28.679088,77.2242031,,SYN-WARD-72,V2,G1
IN-DL-110054-6-84,CELL-06,84,"Pramaan Nagar Urban Locality (Synthetic), Delhi 110054",ACTIVE,RESIDENTIAL,BUILDER_FLOOR,PRIVATE_INDIVIDUAL,Aarav Mehta,FREEHOLD,846.63,923.94,1,2,,,GEO-06-084-G1,V1,28.679088,77.224513,,SYN-WARD-72,V2,G1
IN-DL-110054-6-85,CELL-06,85,"Pramaan Nagar Urban Locality (Synthetic), Delhi 110054",ACTIVE,RESIDENTIAL,BUILDER_FLOOR,PRIVATE_INDIVIDUAL,Ishaan Singh,FREEHOLD,736.03,813.12,1,2,,,GEO-06-085-G1,V1,28.679088,77.2247964,,SYN-WARD-72,V2,G1
IN-DL-110054-6-86,CELL-06,86,"Pramaan Nagar Urban Locality (Synthetic), Delhi 110054",ACTIVE,RESIDENTIAL,BUILDER_FLOOR,PRIVATE_INDIVIDUAL,Sneha Bansal,FREEHOLD,1109.37,511.92,1,1,,,GEO-06-086-G1,V1,28.679088,77.2251268,,SYN-WARD-72,V1,G1
IN-DL-110054-6-87,CELL-06,87,"Pramaan Nagar Urban Locality (Synthetic), Delhi 110054",ACTIVE,RESIDENTIAL,INDEPENDENT_HOUSE,PRIVATE_INDIVIDUAL,Deepak Sharma,FREEHOLD,895.74,535.19,1,1,,,GEO-06-087-G1,V1,28.679088,77.2254858,,SYN-WARD-72,V2,G1
IN-DL-110054-6-88,CELL-06,88,"Pramaan Nagar Urban Locality (Synthetic), Delhi 110054",ACTIVE,RESIDENTIAL,INDEPENDENT_HOUSE,PRIVATE_INDIVIDUAL,Aarav Saxena,FREEHOLD,805.47,472.97,1,1,,,GEO-06-088-G1,V1,28.679088,77.2257904,,SYN-WARD-72,V2,G1
IN-DL-110054-6-89,CELL-06,89,"Pramaan Nagar Urban Locality (Synthetic), Delhi 110054",ACTIVE,RESIDENTIAL,INDEPENDENT_HOUSE,PRIVATE_INDIVIDUAL,Ishaan Malhotra,FREEHOLD,735.19,972.06,1,2,,,GEO-06-089-G1,V1,28.679088,77.2260663,,SYN-WARD-72,V1,G1
IN-DL-110054-6-90,CELL-06,90,"Pramaan Nagar Urban Locality (Synthetic), Delhi 110054",ACTIVE,RESIDENTIAL,INDEPENDENT_HOUSE,PRIVATE_INDIVIDUAL,Sneha Chawla,FREEHOLD,843.56,844.47,1,2,,,GEO-06-090-G1,V1,28.679088,77.226349,,SYN-WARD-72,V2,G1
IN-DL-110054-6-91,CELL-06,91,"Pramaan Nagar Urban Locality (Synthetic), Delhi 110054",ACTIVE,TRANSPORT_ACCESS,PARKING_AREA,MCD,Municipal Corporation of Delhi,MUNICIPAL_VESTING,757.29,0.0,0,0,,Municipal Corporation of Delhi,GEO-06-091-G1,V1,28.6788293,77.2236356,,SYN-WARD-72,V2,G1
IN-DL-110054-6-92,CELL-06,92,"Pramaan Nagar Urban Locality (Synthetic), Delhi 110054",ACTIVE,TRANSPORT_ACCESS,PARKING_AREA,MCD,Municipal Corporation of Delhi,MUNICIPAL_VESTING,763.95,0.0,0,0,,Municipal Corporation of Delhi,GEO-06-092-G1,V1,28.6788293,77.223908,,SYN-WARD-72,V2,G1
IN-DL-110054-6-93,CELL-06,93,"Pramaan Nagar Urban Locality (Synthetic), Delhi 110054",ACTIVE,TRANSPORT_ACCESS,ROAD_ACCESS_CORRIDOR,MCD,Municipal Corporation of Delhi,MUNICIPAL_VESTING,884.24,0.0,0,0,,Municipal Corporation of Delhi,GEO-06-093-G1,V1,28.6788293,77.2242031,,SYN-WARD-72,V1,G1
IN-DL-110054-6-94,CELL-06,94,"Pramaan Nagar Urban Locality (Synthetic), Delhi 110054",ACTIVE,TRANSPORT_ACCESS,ROAD_ACCESS_CORRIDOR,MCD,Municipal Corporation of Delhi,MUNICIPAL_VESTING,846.59,0.0,0,0,,Municipal Corporation of Delhi,GEO-06-094-G1,V1,28.6788293,77.224513,,SYN-WARD-72,V1,G1
IN-DL-110054-6-95,CELL-06,95,"Pramaan Nagar Urban Locality (Synthetic), Delhi 110054",ACTIVE,HEALTHCARE,HOSPITAL_CLINIC,PRIVATE_JOINT,Navjeevan Health Trust,FREEHOLD,736.0,312.06,2,1,,,GEO-06-095-G1,V1,28.6788293,77.2247964,,SYN-WARD-72,V2,G1
IN-DL-110054-6-96,CELL-06,96,"Pramaan Nagar Urban Locality (Synthetic), Delhi 110054",ACTIVE,INSTITUTIONAL,SCHOOL,EDUCATIONAL_INSTITUTION,Pramaan Education Society,FREEHOLD,1109.31,1329.72,2,3,,,GEO-06-096-G1,V1,28.6788293,77.2251268,,SYN-WARD-72,V2,G1
IN-DL-110054-6-97,CELL-06,97,"Pramaan Nagar Urban Locality (Synthetic), Delhi 110054",ACTIVE,UTILITY,UTILITY_PARCEL,UTILITY_AGENCY,BSES Yamuna Power Limited,LICENSED_USE,895.69,134.35,1,1,,BSES Yamuna Power Limited,GEO-06-097-G1,V1,28.6788293,77.2254858,,SYN-WARD-72,V2,G1
IN-DL-110054-6-98,CELL-06,98,"Pramaan Nagar Urban Locality (Synthetic), Delhi 110054",ACTIVE,VACANT,VACANT_PLOT,PRIVATE_INDIVIDUAL,Sneha Tiwari,FREEHOLD,805.43,0.0,0,0,,,GEO-06-098-G1,V1,28.6788293,77.2257904,VACANT,SYN-WARD-72,V2,G1
IN-DL-110054-6-99,CELL-06,99,"Pramaan Nagar Urban Locality (Synthetic), Delhi 110054",ACTIVE,REDEVELOPMENT,REDEVELOPMENT_PARCEL,PRIVATE_JOINT,Pramaan Redevelopment LLP,MUTATION_PENDING,735.15,1167.2,1,5,,,GEO-06-099-G1,V1,28.6788293,77.2260663,REDEVELOPMENT,SYN-WARD-72,V2,G1
IN-DL-110054-6-100,CELL-06,100,"Pramaan Nagar Urban Locality (Synthetic), Delhi 110054",ACTIVE,COMMERCIAL,LOCAL_SHOPPING_COMPLEX,PRIVATE_INDIVIDUAL,Aarav Bhatia,FREEHOLD,843.52,1424.89,1,3,,,GEO-06-100-G1,V1,28.6788293,77.226349,,SYN-WARD-72,V2,G1
IN-DL-110054-7-1,CELL-07,1,"Pramaan Nagar Urban Locality (Synthetic), Delhi 110054",ACTIVE,RESIDENTIAL,INDEPENDENT_HOUSE,PRIVATE_INDIVIDUAL,Ishaan Arora,FREEHOLD,632.19,1326.6,1,3,,,GEO-07-001-G2,V2,28.6811001,77.2268962,,SYN-WARD-73,V1,G2
IN-DL-110054-7-2,CELL-07,2,"Pramaan Nagar Urban Locality (Synthetic), Delhi 110054",ACTIVE,RESIDENTIAL,BUILDER_FLOOR,PRIVATE_INDIVIDUAL,Sneha Mehta,FREEHOLD,732.91,388.86,1,1,,,GEO-07-002-G1,V1,28.6810911,77.2272051,,SYN-WARD-73,V2,G1
IN-DL-110054-7-3,CELL-07,3,"Pramaan Nagar Urban Locality (Synthetic), Delhi 110054",ACTIVE,RESIDENTIAL,BUILDER_FLOOR,PRIVATE_INDIVIDUAL,Deepak Singh,FREEHOLD,701.7,875.0,1,2,,,GEO-07-003-G1,V1,28.6810911,77.2275102,,SYN-WARD-73,V2,G1
IN-DL-110054-7-4,CELL-07,4,"Pramaan Nagar Urban Locality (Synthetic), Delhi 110054",ACTIVE,RESIDENTIAL,INDEPENDENT_HOUSE,PRIVATE_INDIVIDUAL,Aarav Bansal,FREEHOLD,609.06,680.99,1,2,,,GEO-07-004-G2,V2,28.6811001,77.2277707,,SYN-WARD-73,V1,G2
IN-DL-110054-7-5,CELL-07,5,"Pramaan Nagar Urban Locality (Synthetic), Delhi 110054",ACTIVE,RESIDENTIAL,BUILDER_FLOOR,PRIVATE_INDIVIDUAL,Ishaan Sharma,FREEHOLD,664.87,319.11,1,1,,,GEO-07-005-G1,V1,28.6810911,77.2280602,,SYN-WARD-73,V2,G1
IN-DL-110054-7-6,CELL-07,6,"Pramaan Nagar Urban Locality (Synthetic), Delhi 110054",ACTIVE,RESIDENTIAL,BUILDER_FLOOR,PRIVATE_INDIVIDUAL,Sneha Saxena,FREEHOLD,1001.06,906.46,1,2,,,GEO-07-006-G1,V1,28.6810911,77.2284145,,SYN-WARD-73,V2,G1
IN-DL-110054-7-7,CELL-07,7,"Pramaan Nagar Urban Locality (Synthetic), Delhi 110054",ACTIVE,RESIDENTIAL,INDEPENDENT_HOUSE,PRIVATE_INDIVIDUAL,Deepak Malhotra,FREEHOLD,667.59,1742.29,1,4,,,GEO-07-007-G1,V1,28.6810911,77.2287693,,SYN-WARD-73,V2,G1
IN-DL-110054-7-8,CELL-07,8,"Pramaan Nagar Urban Locality (Synthetic), Delhi 110054",ACTIVE,RESIDENTIAL,BUILDER_FLOOR,PRIVATE_INDIVIDUAL,Aarav Chawla,FREEHOLD,609.34,705.16,1,2,,,GEO-07-008-G1,V1,28.6810911,77.2290408,,SYN-WARD-73,V1,G1
IN-DL-110054-7-9,CELL-07,9,"Pramaan Nagar Urban Locality (Synthetic), Delhi 110054",ACTIVE,RESIDENTIAL,BUILDER_FLOOR,PRIVATE_INDIVIDUAL,Ishaan Jain,FREEHOLD,699.16,434.85,1,1,,,GEO-07-009-G1,V1,28.6810911,77.2293191,,SYN-WARD-73,V2,G1
IN-DL-110054-7-10,CELL-07,10,"Pramaan Nagar Urban Locality (Synthetic), Delhi 110054",ACTIVE,RESIDENTIAL,INDEPENDENT_HOUSE,PRIVATE_INDIVIDUAL,Sneha Verma,FREEHOLD,734.27,1039.97,1,3,,,GEO-07-010-G1,V1,28.6810911,77.2296239,,SYN-WARD-73,V2,G1
IN-DL-110054-7-11,CELL-07,11,"Pramaan Nagar Urban Locality (Synthetic), Delhi 110054",ACTIVE,RESIDENTIAL,BUILDER_FLOOR,PRIVATE_INDIVIDUAL,Deepak Mishra,FREEHOLD,660.26,452.11,1,1,,,GEO-07-011-G1,V1,28.6808686,77.2269146,,SYN-WARD-73,V2,G1
IN-DL-110054-7-12,CELL-07,12,"Pramaan Nagar Urban Locality (Synthetic), Delhi 110054",ACTIVE,RESIDENTIAL,BUILDER_FLOOR,PRIVATE_INDIVIDUAL,Aarav Khanna,FREEHOLD,764.22,355.11,1,1,,,GEO-07-012-G1,V1,28.6808686,77.2272051,,SYN-WARD-73,V2,G1
IN-DL-110054-7-13,CELL-07,13,"Pramaan Nagar Urban Locality (Synthetic), Delhi 110054",ACTIVE,RESIDENTIAL,INDEPENDENT_HOUSE,PRIVATE_INDIVIDUAL,Ishaan Sethi,FREEHOLD,731.68,407.35,1,1,,,GEO-07-013-G1,V1,28.6808686,77.2275102,,SYN-WARD-73,V1,G1
IN-DL-110054-7-14,CELL-07,14,"Pramaan Nagar Urban Locality (Synthetic), Delhi 110054",ACTIVE,RESIDENTIAL,BUILDER_FLOOR,PRIVATE_INDIVIDUAL,Sneha Aggarwal,FREEHOLD,636.1,645.77,1,2,,,GEO-07-014-G1,V1,28.6808686,77.2277891,,SYN-WARD-73,V2,G1
IN-DL-110054-7-15,CELL-07,15,"Pramaan Nagar Urban Locality (Synthetic), Delhi 110054",ACTIVE,RESIDENTIAL,BUILDER_FLOOR,PRIVATE_INDIVIDUAL,Deepak Gupta,FREEHOLD,693.27,937.72,1,2,,,GEO-07-015-G1,V1,28.6808686,77.2280602,,SYN-WARD-73,V2,G1
IN-DL-110054-7-16,CELL-07,16,"Pramaan Nagar Urban Locality (Synthetic), Delhi 110054",ACTIVE,RESIDENTIAL,INDEPENDENT_HOUSE,PRIVATE_INDIVIDUAL,Aarav Tiwari,FREEHOLD,1043.82,2201.29,1,4,,,GEO-07-016-G1,V1,28.6808686,77.2284145,,SYN-WARD-73,V1,G1
IN-DL-110054-7-17,CELL-07,17,"Pramaan Nagar Urban Locality (Synthetic), Delhi 110054",ACTIVE,RESIDENTIAL,BUILDER_FLOOR,PRIVATE_INDIVIDUAL,Ishaan Kapoor,FREEHOLD,696.11,798.59,1,2,,,GEO-07-017-G1,V1,28.6808686,77.2287693,,SYN-WARD-73,V1,G1
IN-DL-110054-7-18,CELL-07,18,"Pramaan Nagar Urban Locality (Synthetic), Delhi 110054",ACTIVE,RESIDENTIAL,BUILDER_FLOOR,PRIVATE_INDIVIDUAL,Sneha Bhatia,FREEHOLD,635.37,362.34,1,1,,,GEO-07-018-G1,V1,28.6808686,77.2290408,,SYN-WARD-73,V2,G1
IN-DL-110054-7-19,CELL-07,19,"Pramaan Nagar Urban Locality (Synthetic), Delhi 110054",ACTIVE,RESIDENTIAL,INDEPENDENT_HOUSE,PRIVATE_INDIVIDUAL,Deepak Arora,FREEHOLD,729.03,1207.18,1,3,,,GEO-07-019-G1,V1,28.6808686,77.2293191,,SYN-WARD-73,V2,G1
IN-DL-110054-7-20,CELL-07,20,"Pramaan Nagar Urban Locality (Synthetic), Delhi 110054",ACTIVE,RESIDENTIAL,BUILDER_FLOOR,PRIVATE_INDIVIDUAL,Aarav Mehta,FREEHOLD,719.7,1052.39,1,2,,,GEO-07-020-G2,V2,28.6808704,77.2296362,,SYN-WARD-73,V2,G2
IN-DL-110054-7-21,CELL-07,21,"Pramaan Nagar Urban Locality (Synthetic), Delhi 110054",ACTIVE,RESIDENTIAL,BUILDER_FLOOR,PRIVATE_INDIVIDUAL,Ishaan Singh,FREEHOLD,744.72,1214.83,1,3,,,GEO-07-021-G2,V2,28.6806233,77.2269208,,SYN-WARD-73,V1,G2
IN-DL-110054-7-22,CELL-07,22,"Pramaan Nagar Urban Locality (Synthetic), Delhi 110054",ACTIVE,RESIDENTIAL,INDEPENDENT_HOUSE,PRIVATE_INDIVIDUAL,Sneha Bansal,FREEHOLD,862.08,1782.17,1,3,,,GEO-07-022-G1,V1,28.680627,77.2272051,,SYN-WARD-73,V2,G1
IN-DL-110054-7-23,CELL-07,23,"Pramaan Nagar Urban Locality (Synthetic), Delhi 110054",ACTIVE,RESIDENTIAL,BUILDER_FLOOR,PRIVATE_INDIVIDUAL,Deepak Sharma,FREEHOLD,825.37,940.96,1,2,,,GEO-07-023-G1,V1,28.680627,77.2275102,,SYN-WARD-73,V2,G1
IN-DL-110054-7-24,CELL-07,24,"Pramaan Nagar Urban Locality (Synthetic), Delhi 110054",ACTIVE,RESIDENTIAL,BUILDER_FLOOR,PRIVATE_INDIVIDUAL,Aarav Saxena,FREEHOLD,717.55,1251.8,1,3,,,GEO-07-024-G1,V1,28.680627,77.2277891,,SYN-WARD-73,V2,G1
IN-DL-110054-7-25,CELL-07,25,"Pramaan Nagar Urban Locality (Synthetic), Delhi 110054",ACTIVE,RESIDENTIAL,INDEPENDENT_HOUSE,PRIVATE_INDIVIDUAL,Ishaan Malhotra,FREEHOLD,782.04,543.02,1,1,,,GEO-07-025-G1,V1,28.680627,77.2280602,,SYN-WARD-73,V2,G1
IN-DL-110054-7-26,CELL-07,26,"Pramaan Nagar Urban Locality (Synthetic), Delhi 110054",ACTIVE,RESIDENTIAL,BUILDER_FLOOR,PRIVATE_INDIVIDUAL,Sneha Chawla,FREEHOLD,1177.36,1617.37,1,2,,,GEO-07-026-G2,V2,28.6806233,77.2284206,,SYN-WARD-73,V1,G2
IN-DL-110054-7-27,CELL-07,27,"Pramaan Nagar Urban Locality (Synthetic), Delhi 110054",ACTIVE,RESIDENTIAL,BUILDER_FLOOR,PRIVATE_INDIVIDUAL,Deepak Jain,FREEHOLD,785.25,1192.91,1,3,,,GEO-07-027-G1,V1,28.680627,77.2287693,,SYN-WARD-73,V2,G1
IN-DL-110054-7-28,CELL-07,28,"Pramaan Nagar Urban Locality (Synthetic), Delhi 110054",ACTIVE,RESIDENTIAL,INDEPENDENT_HOUSE,PRIVATE_INDIVIDUAL,Aarav Verma,FREEHOLD,716.72,1314.44,1,3,,,GEO-07-028-G1,V1,28.680627,77.2290408,,SYN-WARD-73,V2,G1
IN-DL-110054-7-29,CELL-07,29,"Pramaan Nagar Urban Locality (Synthetic), Delhi 110054",ACTIVE,RESIDENTIAL,BUILDER_FLOOR,PRIVATE_INDIVIDUAL,Ishaan Mishra,FREEHOLD,822.37,1250.8,1,3,,,GEO-07-029-G1,V1,28.680627,77.2293191,,SYN-WARD-73,V2,G1
IN-DL-110054-7-30,CELL-07,30,"Pramaan Nagar Urban Locality (Synthetic), Delhi 110054",ACTIVE,RESIDENTIAL,BUILDER_FLOOR,PRIVATE_INDIVIDUAL,Sneha Khanna,FREEHOLD,811.85,570.35,1,1,,,GEO-07-030-G2,V2,28.6806288,77.2296362,,SYN-WARD-73,V2,G2
IN-DL-110054-7-31,CELL-07,31,"Pramaan Nagar Urban Locality (Synthetic), Delhi 110054",ACTIVE,RESIDENTIAL,INDEPENDENT_HOUSE,PRIVATE_INDIVIDUAL,Deepak Sethi,FREEHOLD,762.97,472.64,1,1,,,GEO-07-031-G1,V1,28.6803676,77.2269146,,SYN-WARD-73,V2,G1
IN-DL-110054-7-32,CELL-07,32,"Pramaan Nagar Urban Locality (Synthetic), Delhi 110054",ACTIVE,RESIDENTIAL,BUILDER_FLOOR,PRIVATE_INDIVIDUAL,Aarav Aggarwal,FREEHOLD,883.11,1783.0,1,4,,,GEO-07-032-G1,V1,28.6803676,77.2272051,,SYN-WARD-73,V2,G1
IN-DL-110054-7-33,CELL-07,33,"Pramaan Nagar Urban Locality (Synthetic), Delhi 110054",ACTIVE,RESIDENTIAL,BUILDER_FLOOR,PRIVATE_INDIVIDUAL,Ishaan Gupta,FREEHOLD,845.51,585.81,1,1,,,GEO-07-033-G1,V1,28.6803676,77.2275102,,SYN-WARD-73,V1,G1
IN-DL-110054-7-34,CELL-07,34,"Pramaan Nagar Urban Locality (Synthetic), Delhi 110054",ACTIVE,RESIDENTIAL,INDEPENDENT_HOUSE,PRIVATE_INDIVIDUAL,Sneha Tiwari,FREEHOLD,735.06,856.24,1,2,,,GEO-07-034-G1,V1,28.6803676,77.2277891,,SYN-WARD-73,V2,G1
IN-DL-110054-7-35,CELL-07,35,"Pramaan Nagar Urban Locality (Synthetic), Delhi 110054",ACTIVE,RESIDENTIAL,BUILDER_FLOOR,PRIVATE_INDIVIDUAL,Deepak Kapoor,FREEHOLD,801.13,1282.05,1,3,,,GEO-07-035-G1,V1,28.6803676,77.2280602,,SYN-WARD-73,V2,G1
IN-DL-110054-7-36,CELL-07,36,"Pramaan Nagar Urban Locality (Synthetic), Delhi 110054",ACTIVE,RESIDENTIAL,BUILDER_FLOOR,PRIVATE_INDIVIDUAL,Aarav Bhatia,FREEHOLD,1206.21,3253.98,1,4,,,GEO-07-036-G1,V1,28.6803676,77.2284145,,SYN-WARD-73,V2,G1
IN-DL-110054-7-37,CELL-07,37,"Pramaan Nagar Urban Locality (Synthetic), Delhi 110054",ACTIVE,RESIDENTIAL,INDEPENDENT_HOUSE,PRIVATE_INDIVIDUAL,Ishaan Arora,FREEHOLD,804.41,527.56,1,1,,,GEO-07-037-G1,V1,28.6803676,77.2287693,,SYN-WARD-73,V2,G1
IN-DL-110054-7-38,CELL-07,38,"Pramaan Nagar Urban Locality (Synthetic), Delhi 110054",ACTIVE,RESIDENTIAL,BUILDER_FLOOR,PRIVATE_INDIVIDUAL,Sneha Mehta,FREEHOLD,734.21,1666.6,1,4,,,GEO-07-038-G1,V1,28.6803676,77.2290408,,SYN-WARD-73,V2,G1
IN-DL-110054-7-39,CELL-07,39,"Pramaan Nagar Urban Locality (Synthetic), Delhi 110054",ACTIVE,RESIDENTIAL,BUILDER_FLOOR,PRIVATE_INDIVIDUAL,Deepak Singh,FREEHOLD,842.44,2092.62,1,4,,,GEO-07-039-G1,V1,28.6803676,77.2293191,,SYN-WARD-73,V2,G1
IN-DL-110054-7-40,CELL-07,40,"Pramaan Nagar Urban Locality (Synthetic), Delhi 110054",ACTIVE,RESIDENTIAL,INDEPENDENT_HOUSE,PRIVATE_INDIVIDUAL,Aarav Bansal,FREEHOLD,884.75,407.4,1,1,,,GEO-07-040-G1,V1,28.6803676,77.2296239,,SYN-WARD-73,V2,G1
IN-DL-110054-7-41,CELL-07,41,"Pramaan Nagar Urban Locality (Synthetic), Delhi 110054",ACTIVE,RESIDENTIAL,BUILDER_FLOOR,PRIVATE_INDIVIDUAL,Ishaan Sharma,FREEHOLD,688.16,1746.31,1,4,,,GEO-07-041-G1,V1,28.680118,77.2269146,,SYN-WARD-73,V1,G1
IN-DL-110054-7-42,CELL-07,42,"Pramaan Nagar Urban Locality (Synthetic), Delhi 110054",ACTIVE,RESIDENTIAL,BUILDER_FLOOR,PRIVATE_INDIVIDUAL,Sneha Saxena,FREEHOLD,796.52,2052.69,1,4,,,GEO-07-042-G1,V1,28.680118,77.2272051,,SYN-WARD-73,V2,G1
IN-DL-110054-7-43,CELL-07,43,"Pramaan Nagar Urban Locality (Synthetic), Delhi 110054",ACTIVE,RESIDENTIAL,INDEPENDENT_HOUSE,PRIVATE_INDIVIDUAL,Deepak Malhotra,FREEHOLD,762.6,365.78,1,1,,,GEO-07-043-G1,V1,28.680118,77.2275102,,SYN-WARD-73,V2,G1
IN-DL-110054-7-44,CELL-07,44,"Pramaan Nagar Urban Locality (Synthetic), Delhi 110054",ACTIVE,RESIDENTIAL,BUILDER_FLOOR,PRIVATE_INDIVIDUAL,Aarav Chawla,FREEHOLD,662.98,1745.27,1,4,,,GEO-07-044-G1,V1,28.680118,77.2277891,,SYN-WARD-73,V2,G1
IN-DL-110054-7-45,CELL-07,45,"Pramaan Nagar Urban Locality (Synthetic), Delhi 110054",ACTIVE,RESIDENTIAL,BUILDER_FLOOR,PRIVATE_INDIVIDUAL,Ishaan Jain,FREEHOLD,722.5,666.89,1,2,,,GEO-07-045-G2,V2,28.6801144,77.2280664,,SYN-WARD-73,V1,G2
IN-DL-110054-7-46,CELL-07,46,"Pramaan Nagar Urban Locality (Synthetic), Delhi 110054",ACTIVE,RESIDENTIAL,INDEPENDENT_HOUSE,PRIVATE_INDIVIDUAL,Sneha Verma,FREEHOLD,1087.93,609.26,1,1,,,GEO-07-046-G1,V1,28.680118,77.2284145,,SYN-WARD-73,V2,G1
IN-DL-110054-7-47,CELL-07,47,"Pramaan Nagar Urban Locality (Synthetic), Delhi 110054",ACTIVE,RESIDENTIAL,BUILDER_FLOOR,PRIVATE_INDIVIDUAL,Deepak Mishra,FREEHOLD,725.53,1618.44,1,4,,,GEO-07-047-G1,V1,28.680118,77.2287693,,SYN-WARD-73,V2,G1
IN-DL-110054-7-48,CELL-07,48,"Pramaan Nagar Urban Locality (Synthetic), Delhi 110054",ACTIVE,RESIDENTIAL,BUILDER_FLOOR,PRIVATE_INDIVIDUAL,Aarav Khanna,FREEHOLD,662.22,1563.29,1,4,,,GEO-07-048-G1,V1,28.680118,77.2290408,,SYN-WARD-73,V2,G1
IN-DL-110054-7-49,CELL-07,49,"Pramaan Nagar Urban Locality (Synthetic), Delhi 110054",ACTIVE,RESIDENTIAL,INDEPENDENT_HOUSE,PRIVATE_INDIVIDUAL,Ishaan Sethi,FREEHOLD,759.84,1513.48,1,3,,,GEO-07-049-G1,V1,28.680118,77.2293191,,SYN-WARD-73,V2,G1
IN-DL-110054-7-50,CELL-07,50,"Pramaan Nagar Urban Locality (Synthetic), Delhi 110054",ACTIVE,RESIDENTIAL,BUILDER_FLOOR,PRIVATE_INDIVIDUAL,Sneha Aggarwal,FREEHOLD,797.99,1685.63,1,4,,,GEO-07-050-G1,V1,28.680118,77.2296239,,SYN-WARD-73,V2,G1
IN-DL-110054-7-51,CELL-07,51,"Pramaan Nagar Urban Locality (Synthetic), Delhi 110054",ACTIVE,RESIDENTIAL,BUILDER_FLOOR,PRIVATE_INDIVIDUAL,Deepak Gupta,FREEHOLD,920.66,1788.18,1,4,,,GEO-07-051-G1,V1,28.6798413,77.2269146,,SYN-WARD-73,V2,G1
IN-DL-110054-7-52,CELL-07,52,"Pramaan Nagar Urban Locality (Synthetic), Delhi 110054",ACTIVE,RESIDENTIAL,INDEPENDENT_HOUSE,PRIVATE_INDIVIDUAL,Aarav Tiwari,FREEHOLD,1065.63,1027.92,1,2,,,GEO-07-052-G1,V1,28.6798413,77.2272051,,SYN-WARD-73,V2,G1
IN-DL-110054-7-53,CELL-07,53,"Pramaan Nagar Urban Locality (Synthetic), Delhi 110054",ACTIVE,RESIDENTIAL,BUILDER_FLOOR,PRIVATE_INDIVIDUAL,Ishaan Kapoor,FREEHOLD,1020.25,1401.87,1,2,,,GEO-07-053-G1,V1,28.6798413,77.2275102,,SYN-WARD-73,V2,G1
IN-DL-110054-7-54,CELL-07,54,"Pramaan Nagar Urban Locality (Synthetic), Delhi 110054",ACTIVE,RESIDENTIAL,BUILDER_FLOOR,PRIVATE_INDIVIDUAL,Sneha Bhatia,FREEHOLD,886.98,1484.32,1,3,,,GEO-07-054-G1,V1,28.6798413,77.2277891,,SYN-WARD-73,V2,G1
IN-DL-110054-7-55,CELL-07,55,"Pramaan Nagar Urban Locality (Synthetic), Delhi 110054",ACTIVE,RESIDENTIAL,INDEPENDENT_HOUSE,PRIVATE_INDIVIDUAL,Deepak Arora,FREEHOLD,966.7,2370.77,1,4,,,GEO-07-055-G1,V1,28.6798413,77.2280602,,SYN-WARD-73,V2,G1
IN-DL-110054-7-56,CELL-07,56,"Pramaan Nagar Urban Locality (Synthetic), Delhi 110054",ACTIVE,RESIDENTIAL,BUILDER_FLOOR,PRIVATE_INDIVIDUAL,Aarav Mehta,FREEHOLD,1455.5,2894.78,1,3,,,GEO-07-056-G1,V1,28.6798413,77.2284145,,SYN-WARD-73,V2,G1
IN-DL-110054-7-57,CELL-07,57,"Pramaan Nagar Urban Locality (Synthetic), Delhi 110054",ACTIVE,RESIDENTIAL,BUILDER_FLOOR,PRIVATE_INDIVIDUAL,Ishaan Singh,FREEHOLD,970.66,958.62,1,2,,,GEO-07-057-G1,V1,28.6798413,77.2287693,,SYN-WARD-73,V2,G1
IN-DL-110054-7-58,CELL-07,58,"Pramaan Nagar Urban Locality (Synthetic), Delhi 110054",ACTIVE,RESIDENTIAL,INDEPENDENT_HOUSE,PRIVATE_INDIVIDUAL,Sneha Bansal,FREEHOLD,885.96,1372.9,1,3,,,GEO-07-058-G1,V1,28.6798413,77.2290408,,SYN-WARD-73,V2,G1
IN-DL-110054-7-59,CELL-07,59,"Pramaan Nagar Urban Locality (Synthetic), Delhi 110054",ACTIVE,RESIDENTIAL,BUILDER_FLOOR,PRIVATE_INDIVIDUAL,Deepak Sharma,FREEHOLD,1016.56,531.66,1,1,,,GEO-07-059-G1,V1,28.6798413,77.2293191,,SYN-WARD-73,V2,G1
IN-DL-110054-7-60,CELL-07,60,"Pramaan Nagar Urban Locality (Synthetic), Delhi 110054",ACTIVE,RESIDENTIAL,BUILDER_FLOOR,PRIVATE_INDIVIDUAL,Aarav Saxena,FREEHOLD,1067.6,1941.68,1,3,,,GEO-07-060-G1,V1,28.6798413,77.2296239,,SYN-WARD-73,V2,G1
IN-DL-110054-7-61,CELL-07,61,"Pramaan Nagar Urban Locality (Synthetic), Delhi 110054",ACTIVE,RESIDENTIAL,INDEPENDENT_HOUSE,PRIVATE_INDIVIDUAL,Ishaan Malhotra,FREEHOLD,673.63,876.11,1,2,,,GEO-07-061-G1,V1,28.6795671,77.2269146,,SYN-WARD-73,V2,G1
IN-DL-110054-7-62,CELL-07,62,"Pramaan Nagar Urban Locality (Synthetic), Delhi 110054",ACTIVE,RESIDENTIAL,BUILDER_FLOOR,PRIVATE_INDIVIDUAL,Sneha Chawla,FREEHOLD,779.71,1728.65,1,4,,,GEO-07-062-G1,V1,28.6795671,77.2272051,,SYN-WARD-73,V1,G1
IN-DL-110054-7-63,CELL-07,63,"Pramaan Nagar Urban Locality (Synthetic), Delhi 110054",ACTIVE,RESIDENTIAL,BUILDER_FLOOR,PRIVATE_INDIVIDUAL,Deepak Jain,FREEHOLD,746.5,1167.22,1,3,,,GEO-07-063-G1,V1,28.6795671,77.2275102,,SYN-WARD-73,V2,G1
IN-DL-110054-7-64,CELL-07,64,"Pramaan Nagar Urban Locality (Synthetic), Delhi 110054",ACTIVE,RESIDENTIAL,INDEPENDENT_HOUSE,PRIVATE_INDIVIDUAL,Aarav Verma,FREEHOLD,647.95,1320.42,1,3,,,GEO-07-064-G2,V2,28.6795762,77.2277707,,SYN-WARD-73,V1,G2
IN-DL-110054-7-65,CELL-07,65,"Pramaan Nagar Urban Locality (Synthetic), Delhi 110054",ACTIVE,RESIDENTIAL,BUILDER_FLOOR,PRIVATE_INDIVIDUAL,Ishaan Mishra,FREEHOLD,707.32,1510.11,1,4,,,GEO-07-065-G1,V1,28.6795671,77.2280602,,SYN-WARD-73,V2,G1
IN-DL-110054-7-66,CELL-07,66,"Pramaan Nagar Urban Locality (Synthetic), Delhi 110054",ACTIVE,RESIDENTIAL,BUILDER_FLOOR,PRIVATE_INDIVIDUAL,Sneha Khanna,FREEHOLD,1064.97,2463.04,1,4,,,GEO-07-066-G1,V1,28.6795671,77.2284145,,SYN-WARD-73,V2,G1
IN-DL-110054-7-67,CELL-07,67,"Pramaan Nagar Urban Locality (Synthetic), Delhi 110054",ACTIVE,RESIDENTIAL,INDEPENDENT_HOUSE,PRIVATE_INDIVIDUAL,Deepak Sethi,FREEHOLD,710.22,879.74,1,2,,,GEO-07-067-G1,V1,28.6795671,77.2287693,,SYN-WARD-73,V2,G1
IN-DL-110054-7-68,CELL-07,68,"Pramaan Nagar Urban Locality (Synthetic), Delhi 110054",ACTIVE,RESIDENTIAL,BUILDER_FLOOR,PRIVATE_INDIVIDUAL,Aarav Aggarwal,FREEHOLD,648.24,347.68,1,1,,,GEO-07-068-G1,V1,28.6795671,77.2290408,,SYN-WARD-73,V2,G1
IN-DL-110054-7-69,CELL-07,69,"Pramaan Nagar Urban Locality (Synthetic), Delhi 110054",ACTIVE,RESIDENTIAL,BUILDER_FLOOR,PRIVATE_INDIVIDUAL,Ishaan Gupta,FREEHOLD,743.8,1483.67,1,3,,,GEO-07-069-G1,V1,28.6795671,77.2293191,,SYN-WARD-73,V2,G1
IN-DL-110054-7-70,CELL-07,70,"Pramaan Nagar Urban Locality (Synthetic), Delhi 110054",ACTIVE,RESIDENTIAL,INDEPENDENT_HOUSE,PRIVATE_INDIVIDUAL,Sneha Tiwari,FREEHOLD,781.15,809.16,1,2,,,GEO-07-070-G1,V1,28.6795671,77.2296239,,SYN-WARD-73,V2,G1
IN-DL-110054-7-71,CELL-07,71,"Pramaan Nagar Urban Locality (Synthetic), Delhi 110054",ACTIVE,REDEVELOPMENT,APARTMENT_BLOCK,PRIVATE_JOINT,Yamuna View Redevelopment Consortium,MUTATION_PENDING,755.2,1977.12,1,5,Yamuna View Apartments,,GEO-07-071-G1,V1,28.6793214,77.2269146,REDEVELOPMENT,SYN-WARD-73,V2,G1
IN-DL-110054-7-72,CELL-07,72,"Pramaan Nagar Urban Locality (Synthetic), Delhi 110054",ACTIVE,RESIDENTIAL,APARTMENT_BLOCK,RESIDENT_WELFARE_SOCIETY,Yamuna View Apartment Owners Association,FREEHOLD,874.12,1539.57,1,4,Yamuna View Apartments,,GEO-07-072-G1,V1,28.6793214,77.2272051,,SYN-WARD-73,V2,G1
IN-DL-110054-7-73,CELL-07,73,"Pramaan Nagar Urban Locality (Synthetic), Delhi 110054",ACTIVE,RESIDENTIAL,APARTMENT_BLOCK,RESIDENT_WELFARE_SOCIETY,Yamuna View Apartment Owners Association,FREEHOLD,836.9,3237.18,1,9,Yamuna View Apartments,,GEO-07-073-G1,V1,28.6793214,77.2275102,,SYN-WARD-73,V2,G1
IN-DL-110054-7-74,CELL-07,74,"Pramaan Nagar Urban Locality (Synthetic), Delhi 110054",ACTIVE,RESIDENTIAL,APARTMENT_BLOCK,RESIDENT_WELFARE_SOCIETY,Yamuna View Apartment Owners Association,FREEHOLD,727.57,1768.48,1,4,Yamuna View Apartments,,GEO-07-074-G1,V1,28.6793214,77.2277891,,SYN-WARD-73,V2,G1
IN-DL-110054-7-75,CELL-07,75,"Pramaan Nagar Urban Locality (Synthetic), Delhi 110054",ACTIVE,RESIDENTIAL,APARTMENT_BLOCK,RESIDENT_WELFARE_SOCIETY,Yamuna View Apartment Owners Association,FREEHOLD,792.97,1757.94,1,4,Yamuna View Apartments,,GEO-07-075-G1,V1,28.6793214,77.2280602,,SYN-WARD-73,V2,G1
IN-DL-110054-7-76,CELL-07,76,"Pramaan Nagar Urban Locality (Synthetic), Delhi 110054",ACTIVE,REDEVELOPMENT,REDEVELOPMENT_PARCEL,PRIVATE_JOINT,Yamuna View Redevelopment Consortium,MUTATION_PENDING,1193.81,771.84,1,2,Yamuna View Apartments,,GEO-07-076-G2,V2,28.6793177,77.2284206,REDEVELOPMENT,SYN-WARD-73,V1,G2
IN-DL-110054-7-77,CELL-07,77,"Pramaan Nagar Urban Locality (Synthetic), Delhi 110054",ACTIVE,MIXED_USE,MIXED_USE_BUILDING,PRIVATE_INDIVIDUAL,Ishaan Sharma,FREEHOLD,794.94,1625.18,1,3,,,GEO-07-077-G2,V2,28.6793304,77.2287509,,SYN-WARD-73,V1,G2
IN-DL-110054-7-78,CELL-07,78,"Pramaan Nagar Urban Locality (Synthetic), Delhi 110054",ACTIVE,MIXED_USE,MIXED_USE_BUILDING,PRIVATE_INDIVIDUAL,Sneha Saxena,FREEHOLD,726.73,979.31,1,2,,,GEO-07-078-G1,V1,28.6793214,77.2290408,,SYN-WARD-73,V1,G1
IN-DL-110054-7-79,CELL-07,79,"Pramaan Nagar Urban Locality (Synthetic), Delhi 110054",ACTIVE,MIXED_USE,MIXED_USE_BUILDING,PRIVATE_INDIVIDUAL,Deepak Malhotra,FREEHOLD,833.86,1933.73,1,3,,,GEO-07-079-G1,V1,28.6793214,77.2293191,,SYN-WARD-73,V1,G1
IN-DL-110054-7-80,CELL-07,80,"Pramaan Nagar Urban Locality (Synthetic), Delhi 110054",ACTIVE,MIXED_USE,MIXED_USE_BUILDING,PRIVATE_INDIVIDUAL,Aarav Chawla,FREEHOLD,875.74,1051.8,1,2,,,GEO-07-080-G1,V1,28.6793214,77.2296239,,SYN-WARD-73,V2,G1
IN-DL-110054-7-81,CELL-07,81,"Pramaan Nagar Urban Locality (Synthetic), Delhi 110054",ACTIVE,REDEVELOPMENT,APARTMENT_BLOCK,PRIVATE_JOINT,Yamuna View Redevelopment Consortium,MUTATION_PENDING,755.17,2826.27,1,7,Yamuna View Apartments,,GEO-07-081-G1,V1,28.6790616,77.2269146,REDEVELOPMENT,SYN-WARD-73,V2,G1
IN-DL-110054-7-82,CELL-07,82,"Pramaan Nagar Urban Locality (Synthetic), Delhi 110054",ACTIVE,RESIDENTIAL,APARTMENT_BLOCK,RESIDENT_WELFARE_SOCIETY,Yamuna View Apartment Owners Association,FREEHOLD,874.08,3159.25,1,7,Yamuna View Apartments,,GEO-07-082-G1,V1,28.6790616,77.2272051,,SYN-WARD-73,V2,G1
IN-DL-110054-7-83,CELL-07,83,"Pramaan Nagar Urban Locality (Synthetic), Delhi 110054",ACTIVE,RESIDENTIAL,APARTMENT_BLOCK,RESIDENT_WELFARE_SOCIETY,Yamuna View Apartment Owners Association,FREEHOLD,836.86,1391.74,1,4,Yamuna View Apartments,,GEO-07-083-G1,V1,28.6790616,77.2275102,,SYN-WARD-73,V1,G1
IN-DL-110054-7-84,CELL-07,84,"Pramaan Nagar Urban Locality (Synthetic), Delhi 110054",ACTIVE,RESIDENTIAL,APARTMENT_BLOCK,RESIDENT_WELFARE_SOCIETY,Yamuna View Apartment Owners Association,FREEHOLD,727.54,3323.96,1,8,Yamuna View Apartments,,GEO-07-084-G1,V1,28.6790616,77.2277891,,SYN-WARD-73,V1,G1
IN-DL-110054-7-85,CELL-07,85,"Pramaan Nagar Urban Locality (Synthetic), Delhi 110054",ACTIVE,RESIDENTIAL,APARTMENT_BLOCK,RESIDENT_WELFARE_SOCIETY,Yamuna View Apartment Owners Association,FREEHOLD,792.93,3833.2,1,9,Yamuna View Apartments,,GEO-07-085-G1,V1,28.6790616,77.2280602,,SYN-WARD-73,V2,G1
IN-DL-110054-7-86,CELL-07,86,"Pramaan Nagar Urban Locality (Synthetic), Delhi 110054",ACTIVE,REDEVELOPMENT,REDEVELOPMENT_PARCEL,PRIVATE_JOINT,Yamuna View Redevelopment Consortium,MUTATION_PENDING,1193.87,2831.62,1,6,Yamuna View Apartments,,GEO-07-086-G1,V1,28.6790616,77.2284145,REDEVELOPMENT,SYN-WARD-73,V2,G1
IN-DL-110054-7-87,CELL-07,87,"Pramaan Nagar Urban Locality (Synthetic), Delhi 110054",ACTIVE,MIXED_USE,MIXED_USE_BUILDING,PRIVATE_INDIVIDUAL,Deepak Gupta,FREEHOLD,796.18,2088.27,1,4,,,GEO-07-087-G1,V1,28.6790616,77.2287693,,SYN-WARD-73,V1,G1
IN-DL-110054-7-88,CELL-07,88,"Pramaan Nagar Urban Locality (Synthetic), Delhi 110054",ACTIVE,MIXED_USE,MIXED_USE_BUILDING,PRIVATE_INDIVIDUAL,Aarav Tiwari,FREEHOLD,726.7,1348.45,1,3,,,GEO-07-088-G1,V1,28.6790616,77.2290408,,SYN-WARD-73,V2,G1
IN-DL-110054-7-89,CELL-07,89,"Pramaan Nagar Urban Locality (Synthetic), Delhi 110054",ACTIVE,MIXED_USE,MIXED_USE_BUILDING,PRIVATE_INDIVIDUAL,Ishaan Kapoor,FREEHOLD,833.82,1828.97,1,3,,,GEO-07-089-G1,V1,28.6790616,77.2293191,,SYN-WARD-73,V2,G1
IN-DL-110054-7-90,CELL-07,90,"Pramaan Nagar Urban Locality (Synthetic), Delhi 110054",ACTIVE,MIXED_USE,MIXED_USE_BUILDING,PRIVATE_INDIVIDUAL,Sneha Bhatia,FREEHOLD,875.7,1785.87,1,3,,,GEO-07-090-G1,V1,28.6790616,77.2296239,,SYN-WARD-73,V2,G1
IN-DL-110054-7-91,CELL-07,91,"Pramaan Nagar Urban Locality (Synthetic), Delhi 110054",ACTIVE,PUBLIC_OPEN_SPACE,PUBLIC_PARK,MCD,Municipal Corporation of Delhi,MUNICIPAL_VESTING,673.58,0.0,0,0,,Municipal Corporation of Delhi,GEO-07-091-G1,V1,28.6788159,77.2269146,ENCROACHMENT_AFFECTED,SYN-WARD-73,V1,G1
IN-DL-110054-7-92,CELL-07,92,"Pramaan Nagar Urban Locality (Synthetic), Delhi 110054",ACTIVE,PUBLIC_OPEN_SPACE,PUBLIC_PARK,RESIDENT_WELFARE_SOCIETY,Yamuna View Apartment Owners Association,FREEHOLD,779.64,0.0,0,0,Yamuna View Apartments,,GEO-07-092-G1,V1,28.6788159,77.2272051,ENCROACHMENT_AFFECTED,SYN-WARD-73,V1,G1
IN-DL-110054-7-93,CELL-07,93,"Pramaan Nagar Urban Locality (Synthetic), Delhi 110054",ACTIVE,TRANSPORT_ACCESS,PARKING_AREA,RESIDENT_WELFARE_SOCIETY,Yamuna View Apartment Owners Association,FREEHOLD,746.44,0.0,0,0,Yamuna View Apartments,,GEO-07-093-G1,V1,28.6788159,77.2275102,,SYN-WARD-73,V2,G1
IN-DL-110054-7-94,CELL-07,94,"Pramaan Nagar Urban Locality (Synthetic), Delhi 110054",ACTIVE,UTILITY,UTILITY_PARCEL,UTILITY_AGENCY,BSES Yamuna Power Limited,LICENSED_USE,648.93,97.34,1,1,,BSES Yamuna Power Limited,GEO-07-094-G1,V1,28.6788159,77.2277891,,SYN-WARD-73,V1,G1
IN-DL-110054-7-95,CELL-07,95,"Pramaan Nagar Urban Locality (Synthetic), Delhi 110054",ACTIVE,UTILITY,ELECTRICAL_SUBSTATION,UTILITY_AGENCY,BSES Yamuna Power Limited,LICENSED_USE,707.26,106.09,1,1,,BSES Yamuna Power Limited,GEO-07-095-G1,V1,28.6788159,77.2280602,,SYN-WARD-73,V2,G1
IN-DL-110054-7-96,CELL-07,96,"Pramaan Nagar Urban Locality (Synthetic), Delhi 110054",ACTIVE,COMMERCIAL,RETAIL_SHOP,PRIVATE_INDIVIDUAL,Aarav Saxena,FREEHOLD,1064.88,1210.55,1,2,,,GEO-07-096-G1,V1,28.6788159,77.2284145,,SYN-WARD-73,V1,G1
IN-DL-110054-7-97,CELL-07,97,"Pramaan Nagar Urban Locality (Synthetic), Delhi 110054",ACTIVE,COMMERCIAL,RETAIL_SHOP,PRIVATE_INDIVIDUAL,Ishaan Malhotra,FREEHOLD,710.16,1234.19,1,3,,,GEO-07-097-G1,V1,28.6788159,77.2287693,,SYN-WARD-73,V2,G1
IN-DL-110054-7-98,CELL-07,98,"Pramaan Nagar Urban Locality (Synthetic), Delhi 110054",ACTIVE,COMMERCIAL,OFFICE_COMMERCIAL_PLOT,PRIVATE_INDIVIDUAL,Sneha Chawla,FREEHOLD,648.18,1509.15,1,4,,,GEO-07-098-G1,V1,28.6788159,77.2290408,,SYN-WARD-73,V1,G1
IN-DL-110054-7-99,CELL-07,99,"Pramaan Nagar Urban Locality (Synthetic), Delhi 110054",ACTIVE,VACANT,VACANT_PLOT,PRIVATE_INDIVIDUAL,Deepak Jain,FREEHOLD,743.73,0.0,0,0,,,GEO-07-099-G1,V1,28.6788159,77.2293191,VACANT,SYN-WARD-73,V2,G1
IN-DL-110054-7-100,CELL-07,100,"Pramaan Nagar Urban Locality (Synthetic), Delhi 110054",ACTIVE,REDEVELOPMENT,UNDER_CONSTRUCTION_PLOT,PRIVATE_JOINT,Pramaan Redevelopment LLP,MUTATION_PENDING,781.08,489.91,1,3,,,GEO-07-100-G1,V1,28.6788159,77.2296239,UNDER_CONSTRUCTION,SYN-WARD-73,V1,G1
IN-DL-110054-8-1,CELL-08,1,"Pramaan Nagar Urban Locality (Synthetic), Delhi 110054",ACTIVE,INSTITUTIONAL,SCHOOL,GNCTD,"Directorate of Education, GNCTD",GOVERNMENT_OCCUPANCY,764.33,294.46,2,1,,"Directorate of Education, GNCTD",GEO-08-001-G1,V1,28.6810864,77.2302158,,SYN-WARD-73,V2,G1
IN-DL-110054-8-2,CELL-08,2,"Pramaan Nagar Urban Locality (Synthetic), Delhi 110054",ACTIVE,INSTITUTIONAL,SCHOOL,GNCTD,"Directorate of Education, GNCTD",GOVERNMENT_OCCUPANCY,731.78,1051.21,2,4,,"Directorate of Education, GNCTD",GEO-08-002-G1,V1,28.6810864,77.2305208,,SYN-WARD-73,V2,G1
IN-DL-110054-8-3,CELL-08,3,"Pramaan Nagar Urban Locality (Synthetic), Delhi 110054",ACTIVE,INSTITUTIONAL,SCHOOL,GNCTD,"Directorate of Education, GNCTD",GOVERNMENT_OCCUPANCY,636.19,938.53,2,5,,"Directorate of Education, GNCTD",GEO-08-003-G1,V1,28.6810864,77.2307996,,SYN-WARD-73,V2,G1
IN-DL-110054-8-4,CELL-08,4,"Pramaan Nagar Urban Locality (Synthetic), Delhi 110054",ACTIVE,INSTITUTIONAL,SCHOOL,GNCTD,"Directorate of Education, GNCTD",GOVERNMENT_OCCUPANCY,693.37,1435.32,2,5,,"Directorate of Education, GNCTD",GEO-08-004-G1,V1,28.6810864,77.2310706,,SYN-WARD-73,V1,G1
IN-DL-110054-8-5,CELL-08,5,"Pramaan Nagar Urban Locality (Synthetic), Delhi 110054",ACTIVE,INSTITUTIONAL,COLLEGE_TRAINING_CENTRE,EDUCATIONAL_INSTITUTION,Pramaan Skills College,LEASEHOLD_DDA,774.23,1385.46,2,4,,,GEO-08-005-G1,V1,28.6810864,77.2313698,,SYN-WARD-73,V1,G1
IN-DL-110054-8-6,CELL-08,6,"Pramaan Nagar Urban Locality (Synthetic), Delhi 110054",ACTIVE,INSTITUTIONAL,COLLEGE_TRAINING_CENTRE,EDUCATIONAL_INSTITUTION,Pramaan Skills College,LEASEHOLD_DDA,966.04,318.61,2,1,,,GEO-08-006-G1,V1,28.6810864,77.2317245,,SYN-WARD-73,V2,G1
IN-DL-110054-8-7,CELL-08,7,"Pramaan Nagar Urban Locality (Synthetic), Delhi 110054",ACTIVE,INSTITUTIONAL,COLLEGE_TRAINING_CENTRE,EDUCATIONAL_INSTITUTION,Pramaan Skills College,LEASEHOLD_DDA,635.46,1043.31,2,3,,,GEO-08-007-G1,V1,28.6810864,77.2320509,,SYN-WARD-73,V2,G1
IN-DL-110054-8-8,CELL-08,8,"Pramaan Nagar Urban Locality (Synthetic), Delhi 110054",ACTIVE,GOVERNMENT,MUNICIPAL_PROPERTY,MCD,Municipal Corporation of Delhi,MUNICIPAL_VESTING,729.13,1171.07,2,3,,Municipal Corporation of Delhi,GEO-08-008-G1,V1,28.6810864,77.2323291,,SYN-WARD-73,V2,G1
IN-DL-110054-8-9,CELL-08,9,"Pramaan Nagar Urban Locality (Synthetic), Delhi 110054",ACTIVE,GOVERNMENT,MUNICIPAL_PROPERTY,MCD,Municipal Corporation of Delhi,MUNICIPAL_VESTING,765.75,1565.72,2,5,,Municipal Corporation of Delhi,GEO-08-009-G1,V1,28.6810864,77.2326338,,SYN-WARD-73,V1,G1
IN-DL-110054-8-10,CELL-08,10,"Pramaan Nagar Urban Locality (Synthetic), Delhi 110054",ACTIVE,GOVERNMENT,MUNICIPAL_PROPERTY,MCD,Municipal Corporation of Delhi,MUNICIPAL_VESTING,662.64,1588.28,2,5,,Municipal Corporation of Delhi,GEO-08-010-G1,V1,28.6810864,77.2329249,,SYN-WARD-73,V2,G1
IN-DL-110054-8-11,CELL-08,11,"Pramaan Nagar Urban Locality (Synthetic), Delhi 110054",ACTIVE,INSTITUTIONAL,SCHOOL,GNCTD,"Directorate of Education, GNCTD",GOVERNMENT_OCCUPANCY,862.2,611.38,2,2,,"Directorate of Education, GNCTD",GEO-08-011-G1,V1,28.6808446,77.2302158,,SYN-WARD-73,V2,G1
IN-DL-110054-8-12,CELL-08,12,"Pramaan Nagar Urban Locality (Synthetic), Delhi 110054",ACTIVE,INSTITUTIONAL,SCHOOL,GNCTD,"Directorate of Education, GNCTD",GOVERNMENT_OCCUPANCY,825.48,1335.92,2,3,,"Directorate of Education, GNCTD",GEO-08-012-G1,V1,28.6808446,77.2305208,,SYN-WARD-73,V2,G1
IN-DL-110054-8-13,CELL-08,13,"Pramaan Nagar Urban Locality (Synthetic), Delhi 110054",ACTIVE,INSTITUTIONAL,SCHOOL,GNCTD,"Directorate of Education, GNCTD",GOVERNMENT_OCCUPANCY,717.65,440.3,2,2,,"Directorate of Education, GNCTD",GEO-08-013-G1,V1,28.6808446,77.2307996,,SYN-WARD-73,V2,G1
IN-DL-110054-8-14,CELL-08,14,"Pramaan Nagar Urban Locality (Synthetic), Delhi 110054",ACTIVE,INSTITUTIONAL,SCHOOL,GNCTD,"Directorate of Education, GNCTD",GOVERNMENT_OCCUPANCY,782.15,918.72,2,3,,"Directorate of Education, GNCTD",GEO-08-014-G1,V1,28.6808446,77.2310706,,SYN-WARD-73,V1,G1
IN-DL-110054-8-15,CELL-08,15,"Pramaan Nagar Urban Locality (Synthetic), Delhi 110054",ACTIVE,INSTITUTIONAL,COLLEGE_TRAINING_CENTRE,EDUCATIONAL_INSTITUTION,Pramaan Skills College,LEASEHOLD_DDA,873.36,1328.55,2,5,,,GEO-08-015-G1,V1,28.6808446,77.2313698,,SYN-WARD-73,V2,G1
IN-DL-110054-8-16,CELL-08,16,"Pramaan Nagar Urban Locality (Synthetic), Delhi 110054",ACTIVE,INSTITUTIONAL,COLLEGE_TRAINING_CENTRE,EDUCATIONAL_INSTITUTION,Pramaan Skills College,LEASEHOLD_DDA,1087.99,1139.38,2,3,,,GEO-08-016-G2,V2,28.6808537,77.231706,,SYN-WARD-73,V1,G2
IN-DL-110054-8-17,CELL-08,17,"Pramaan Nagar Urban Locality (Synthetic), Delhi 110054",ACTIVE,INSTITUTIONAL,COLLEGE_TRAINING_CENTRE,EDUCATIONAL_INSTITUTION,Pramaan Skills College,LEASEHOLD_DDA,716.82,1926.34,2,5,,,GEO-08-017-G1,V1,28.6808446,77.2320509,,SYN-WARD-73,V2,G1
IN-DL-110054-8-18,CELL-08,18,"Pramaan Nagar Urban Locality (Synthetic), Delhi 110054",ACTIVE,GOVERNMENT,MUNICIPAL_PROPERTY,MCD,Municipal Corporation of Delhi,MUNICIPAL_VESTING,822.49,900.59,2,3,,Municipal Corporation of Delhi,GEO-08-018-G1,V1,28.6808446,77.2323291,,SYN-WARD-73,V1,G1
IN-DL-110054-8-19,CELL-08,19,"Pramaan Nagar Urban Locality (Synthetic), Delhi 110054",ACTIVE,GOVERNMENT,MUNICIPAL_PROPERTY,MCD,Municipal Corporation of Delhi,MUNICIPAL_VESTING,863.8,388.09,2,1,,Municipal Corporation of Delhi,GEO-08-019-G1,V1,28.6808446,77.2326338,,SYN-WARD-73,V2,G1
IN-DL-110054-8-20,CELL-08,20,"Pramaan Nagar Urban Locality (Synthetic), Delhi 110054",ACTIVE,GOVERNMENT,MUNICIPAL_PROPERTY,MCD,Municipal Corporation of Delhi,MUNICIPAL_VESTING,747.48,288.75,2,1,,Municipal Corporation of Delhi,GEO-08-020-G1,V1,28.6808446,77.2329249,,SYN-WARD-73,V2,G1
IN-DL-110054-8-21,CELL-08,21,"Pramaan Nagar Urban Locality (Synthetic), Delhi 110054",ACTIVE,INSTITUTIONAL,SCHOOL,GNCTD,"Directorate of Education, GNCTD",GOVERNMENT_OCCUPANCY,883.24,1490.15,2,4,,"Directorate of Education, GNCTD",GEO-08-021-G1,V1,28.6805852,77.2302158,,SYN-WARD-73,V1,G1
IN-DL-110054-8-22,CELL-08,22,"Pramaan Nagar Urban Locality (Synthetic), Delhi 110054",ACTIVE,INSTITUTIONAL,SCHOOL,GNCTD,"Directorate of Education, GNCTD",GOVERNMENT_OCCUPANCY,845.63,397.62,2,1,,"Directorate of Education, GNCTD",GEO-08-022-G1,V1,28.6805852,77.2305208,,SYN-WARD-73,V2,G1
IN-DL-110054-8-23,CELL-08,23,"Pramaan Nagar Urban Locality (Synthetic), Delhi 110054",ACTIVE,PUBLIC_OPEN_SPACE,PLAYGROUND,MCD,Municipal Corporation of Delhi,MUNICIPAL_VESTING,735.16,0.0,0,0,,Municipal Corporation of Delhi,GEO-08-023-G1,V1,28.6805852,77.2307996,,SYN-WARD-73,V2,G1
IN-DL-110054-8-24,CELL-08,24,"Pramaan Nagar Urban Locality (Synthetic), Delhi 110054",ACTIVE,PUBLIC_OPEN_SPACE,GREEN_BELT,MCD,Municipal Corporation of Delhi,MUNICIPAL_VESTING,801.24,0.0,0,0,,Municipal Corporation of Delhi,GEO-08-024-G1,V1,28.6805852,77.2310706,ENCROACHMENT_AFFECTED,SYN-WARD-73,V1,G1
IN-DL-110054-8-25,CELL-08,25,"Pramaan Nagar Urban Locality (Synthetic), Delhi 110054",ACTIVE,PUBLIC_OPEN_SPACE,PLAYGROUND,MCD,Municipal Corporation of Delhi,MUNICIPAL_VESTING,894.68,0.0,1,0,,Municipal Corporation of Delhi,GEO-08-025-G1,V1,28.6805852,77.2313698,ENCROACHMENT_AFFECTED,SYN-WARD-73,V1,G1
IN-DL-110054-8-26,CELL-08,26,"Pramaan Nagar Urban Locality (Synthetic), Delhi 110054",ACTIVE,PUBLIC_OPEN_SPACE,GREEN_BELT,MCD,Municipal Corporation of Delhi,MUNICIPAL_VESTING,1116.33,0.0,0,0,,Municipal Corporation of Delhi,GEO-08-026-G1,V1,28.6805852,77.2317245,,SYN-WARD-73,V2,G1
IN-DL-110054-8-27,CELL-08,27,"Pramaan Nagar Urban Locality (Synthetic), Delhi 110054",ACTIVE,PUBLIC_OPEN_SPACE,PLAYGROUND,MCD,Municipal Corporation of Delhi,MUNICIPAL_VESTING,734.24,0.0,0,0,,Municipal Corporation of Delhi,GEO-08-027-G2,V2,28.6805815,77.2320571,,SYN-WARD-73,V1,G2
IN-DL-110054-8-28,CELL-08,28,"Pramaan Nagar Urban Locality (Synthetic), Delhi 110054",ACTIVE,PUBLIC_OPEN_SPACE,GREEN_BELT,MCD,Municipal Corporation of Delhi,MUNICIPAL_VESTING,841.22,0.0,0,0,,Municipal Corporation of Delhi,GEO-08-028-G2,V2,28.6805942,77.2323106,,SYN-WARD-73,V1,G2
IN-DL-110054-8-29,CELL-08,29,"Pramaan Nagar Urban Locality (Synthetic), Delhi 110054",ACTIVE,GOVERNMENT,MUNICIPAL_PROPERTY,MCD,Municipal Corporation of Delhi,MUNICIPAL_VESTING,884.88,2163.04,2,5,,Municipal Corporation of Delhi,GEO-08-029-G1,V1,28.6805852,77.2326338,,SYN-WARD-73,V2,G1
IN-DL-110054-8-30,CELL-08,30,"Pramaan Nagar Urban Locality (Synthetic), Delhi 110054",ACTIVE,GOVERNMENT,MUNICIPAL_PROPERTY,MCD,Municipal Corporation of Delhi,MUNICIPAL_VESTING,765.73,467.17,2,2,,Municipal Corporation of Delhi,GEO-08-030-G1,V1,28.6805852,77.2329249,,SYN-WARD-73,V2,G1
IN-DL-110054-8-31,CELL-08,31,"Pramaan Nagar Urban Locality (Synthetic), Delhi 110054",ACTIVE,RESIDENTIAL,INDEPENDENT_HOUSE,PRIVATE_INDIVIDUAL,Deepak Sharma,FREEHOLD,796.63,1128.16,1,3,,,GEO-08-031-G1,V1,28.6803355,77.2302158,,SYN-WARD-73,V1,G1
IN-DL-110054-8-32,CELL-08,32,"Pramaan Nagar Urban Locality (Synthetic), Delhi 110054",ACTIVE,RESIDENTIAL,INDEPENDENT_HOUSE,PRIVATE_INDIVIDUAL,Aarav Saxena,FREEHOLD,762.71,1799.74,1,4,,,GEO-08-032-G1,V1,28.6803355,77.2305208,,SYN-WARD-73,V2,G1
IN-DL-110054-8-33,CELL-08,33,"Pramaan Nagar Urban Locality (Synthetic), Delhi 110054",ACTIVE,PUBLIC_OPEN_SPACE,GREEN_BELT,MCD,Municipal Corporation of Delhi,MUNICIPAL_VESTING,663.07,0.0,0,0,,Municipal Corporation of Delhi,GEO-08-033-G1,V1,28.6803355,77.2307996,,SYN-WARD-73,V1,G1
IN-DL-110054-8-34,CELL-08,34,"Pramaan Nagar Urban Locality (Synthetic), Delhi 110054",ACTIVE,PUBLIC_OPEN_SPACE,PUBLIC_PARK,MCD,Municipal Corporation of Delhi,MUNICIPAL_VESTING,722.67,0.0,0,0,,Municipal Corporation of Delhi,GEO-08-034-G1,V1,28.6803355,77.2310706,,SYN-WARD-73,V2,G1
IN-DL-110054-8-35,CELL-08,35,"Pramaan Nagar Urban Locality (Synthetic), Delhi 110054",ACTIVE,PUBLIC_OPEN_SPACE,PUBLIC_PARK,MCD,Municipal Corporation of Delhi,MUNICIPAL_VESTING,806.95,0.0,0,0,,Municipal Corporation of Delhi,GEO-08-035-G1,V1,28.6803355,77.2313698,,SYN-WARD-73,V1,G1
IN-DL-110054-8-36,CELL-08,36,"Pramaan Nagar Urban Locality (Synthetic), Delhi 110054",ACTIVE,PUBLIC_OPEN_SPACE,PUBLIC_PARK,MCD,Municipal Corporation of Delhi,MUNICIPAL_VESTING,1006.76,0.0,1,0,,Municipal Corporation of Delhi,GEO-08-036-G2,V2,28.6803318,77.2317306,ENCROACHMENT_AFFECTED,SYN-WARD-73,V1,G2
IN-DL-110054-8-37,CELL-08,37,"Pramaan Nagar Urban Locality (Synthetic), Delhi 110054",ACTIVE,PUBLIC_OPEN_SPACE,PUBLIC_PARK,MCD,Municipal Corporation of Delhi,MUNICIPAL_VESTING,662.31,0.0,0,0,,Municipal Corporation of Delhi,GEO-08-037-G1,V1,28.6803355,77.2320509,,SYN-WARD-73,V2,G1
IN-DL-110054-8-38,CELL-08,38,"Pramaan Nagar Urban Locality (Synthetic), Delhi 110054",ACTIVE,PUBLIC_OPEN_SPACE,PLAYGROUND,MCD,Municipal Corporation of Delhi,MUNICIPAL_VESTING,759.94,0.0,0,0,,Municipal Corporation of Delhi,GEO-08-038-G1,V1,28.6803355,77.2323291,,SYN-WARD-73,V1,G1
IN-DL-110054-8-39,CELL-08,39,"Pramaan Nagar Urban Locality (Synthetic), Delhi 110054",ACTIVE,HEALTHCARE,HOSPITAL_CLINIC,PRIVATE_JOINT,Pramaan Community Health Trust,FREEHOLD,798.11,417.39,2,1,,,GEO-08-039-G1,V1,28.6803355,77.2326338,,SYN-WARD-73,V2,G1
IN-DL-110054-8-40,CELL-08,40,"Pramaan Nagar Urban Locality (Synthetic), Delhi 110054",ACTIVE,HEALTHCARE,HOSPITAL_CLINIC,PRIVATE_JOINT,Pramaan Community Health Trust,FREEHOLD,690.64,1271.44,2,4,,,GEO-08-040-G1,V1,28.6803355,77.2329249,,SYN-WARD-73,V2,G1
IN-DL-110054-8-41,CELL-08,41,"Pramaan Nagar Urban Locality (Synthetic), Delhi 110054",ACTIVE,RESIDENTIAL,INDEPENDENT_HOUSE,PRIVATE_INDIVIDUAL,Ishaan Gupta,FREEHOLD,729.25,967.34,1,2,,,GEO-08-041-G1,V1,28.6801086,77.2302158,,SYN-WARD-73,V2,G1
IN-DL-110054-8-42,CELL-08,42,"Pramaan Nagar Urban Locality (Synthetic), Delhi 110054",ACTIVE,RESIDENTIAL,INDEPENDENT_HOUSE,PRIVATE_INDIVIDUAL,Sneha Tiwari,FREEHOLD,698.2,1223.17,1,3,,,GEO-08-042-G1,V1,28.6801086,77.2305208,,SYN-WARD-73,V2,G1
IN-DL-110054-8-43,CELL-08,43,"Pramaan Nagar Urban Locality (Synthetic), Delhi 110054",ACTIVE,PUBLIC_OPEN_SPACE,PLAYGROUND,MCD,Municipal Corporation of Delhi,MUNICIPAL_VESTING,606.99,0.0,0,0,,Municipal Corporation of Delhi,GEO-08-043-G1,V1,28.6801086,77.2307996,ENCROACHMENT_AFFECTED,SYN-WARD-73,V1,G1
IN-DL-110054-8-44,CELL-08,44,"Pramaan Nagar Urban Locality (Synthetic), Delhi 110054",ACTIVE,PUBLIC_OPEN_SPACE,PUBLIC_PARK,MCD,Municipal Corporation of Delhi,MUNICIPAL_VESTING,661.55,0.0,0,0,,Municipal Corporation of Delhi,GEO-08-044-G1,V1,28.6801086,77.2310706,,SYN-WARD-73,V1,G1
IN-DL-110054-8-45,CELL-08,45,"Pramaan Nagar Urban Locality (Synthetic), Delhi 110054",ACTIVE,PUBLIC_OPEN_SPACE,PUBLIC_PARK,MCD,Municipal Corporation of Delhi,MUNICIPAL_VESTING,738.7,0.0,0,0,,Municipal Corporation of Delhi,GEO-08-045-G1,V1,28.6801086,77.2313698,,SYN-WARD-73,V1,G1
IN-DL-110054-8-46,CELL-08,46,"Pramaan Nagar Urban Locality (Synthetic), Delhi 110054",ACTIVE,PUBLIC_OPEN_SPACE,PUBLIC_PARK,MCD,Municipal Corporation of Delhi,MUNICIPAL_VESTING,921.71,0.0,0,0,,Municipal Corporation of Delhi,GEO-08-046-G1,V1,28.6801086,77.2317245,ENCROACHMENT_AFFECTED,SYN-WARD-73,V1,G1
IN-DL-110054-8-47,CELL-08,47,"Pramaan Nagar Urban Locality (Synthetic), Delhi 110054",ACTIVE,PUBLIC_OPEN_SPACE,PUBLIC_PARK,MCD,Municipal Corporation of Delhi,MUNICIPAL_VESTING,606.3,0.0,0,0,,Municipal Corporation of Delhi,GEO-08-047-G1,V1,28.6801086,77.2320509,,SYN-WARD-73,V2,G1
IN-DL-110054-8-48,CELL-08,48,"Pramaan Nagar Urban Locality (Synthetic), Delhi 110054",ACTIVE,PUBLIC_OPEN_SPACE,GREEN_BELT,MCD,Municipal Corporation of Delhi,MUNICIPAL_VESTING,695.67,0.0,1,0,,Municipal Corporation of Delhi,GEO-08-048-G1,V1,28.6801086,77.2323291,ENCROACHMENT_AFFECTED,SYN-WARD-73,V1,G1
IN-DL-110054-8-49,CELL-08,49,"Pramaan Nagar Urban Locality (Synthetic), Delhi 110054",ACTIVE,RELIGIOUS_COMMUNITY,RELIGIOUS_COMMUNITY_PROPERTY,PUBLIC_TRUST,Pramaan Community Trust,PUBLIC_TRUST,730.6,677.02,1,2,,,GEO-08-049-G1,V1,28.6801086,77.2326338,,SYN-WARD-73,V2,G1
IN-DL-110054-8-50,CELL-08,50,"Pramaan Nagar Urban Locality (Synthetic), Delhi 110054",ACTIVE,RELIGIOUS_COMMUNITY,RELIGIOUS_COMMUNITY_PROPERTY,PUBLIC_TRUST,Pramaan Community Trust,PUBLIC_TRUST,632.23,952.09,1,3,,,GEO-08-050-G1,V1,28.6801086,77.2329249,,SYN-WARD-73,V2,G1
IN-DL-110054-8-51,CELL-08,51,"Pramaan Nagar Urban Locality (Synthetic), Delhi 110054",ACTIVE,RESIDENTIAL,INDEPENDENT_HOUSE,PRIVATE_INDIVIDUAL,Deepak Malhotra,FREEHOLD,1116.19,2916.54,1,4,,,GEO-08-051-G1,V1,28.6798343,77.2302158,,SYN-WARD-73,V2,G1
IN-DL-110054-8-52,CELL-08,52,"Pramaan Nagar Urban Locality (Synthetic), Delhi 110054",ACTIVE,RESIDENTIAL,INDEPENDENT_HOUSE,PRIVATE_INDIVIDUAL,Aarav Chawla,FREEHOLD,1068.66,2089.11,1,3,,,GEO-08-052-G1,V1,28.6798343,77.2305208,,SYN-WARD-73,V2,G1
IN-DL-110054-8-53,CELL-08,53,"Pramaan Nagar Urban Locality (Synthetic), Delhi 110054",ACTIVE,PUBLIC_OPEN_SPACE,GREEN_BELT,MCD,Municipal Corporation of Delhi,MUNICIPAL_VESTING,929.06,0.0,0,0,,Municipal Corporation of Delhi,GEO-08-053-G1,V1,28.6798343,77.2307996,,SYN-WARD-73,V2,G1
IN-DL-110054-8-54,CELL-08,54,"Pramaan Nagar Urban Locality (Synthetic), Delhi 110054",ACTIVE,PUBLIC_OPEN_SPACE,PUBLIC_PARK,MCD,Municipal Corporation of Delhi,MUNICIPAL_VESTING,1012.56,0.0,0,0,,Municipal Corporation of Delhi,GEO-08-054-G1,V1,28.6798343,77.2310706,,SYN-WARD-73,V1,G1
IN-DL-110054-8-55,CELL-08,55,"Pramaan Nagar Urban Locality (Synthetic), Delhi 110054",ACTIVE,PUBLIC_OPEN_SPACE,PUBLIC_PARK,MCD,Municipal Corporation of Delhi,MUNICIPAL_VESTING,1130.64,0.0,0,0,,Municipal Corporation of Delhi,GEO-08-055-G1,V1,28.6798343,77.2313698,,SYN-WARD-73,V2,G1
IN-DL-110054-8-56,CELL-08,56,"Pramaan Nagar Urban Locality (Synthetic), Delhi 110054",ACTIVE,PUBLIC_OPEN_SPACE,PUBLIC_PARK,MCD,Municipal Corporation of Delhi,MUNICIPAL_VESTING,1410.75,0.0,0,0,,Municipal Corporation of Delhi,GEO-08-056-G1,V1,28.6798343,77.2317245,,SYN-WARD-73,V2,G1
IN-DL-110054-8-57,CELL-08,57,"Pramaan Nagar Urban Locality (Synthetic), Delhi 110054",ACTIVE,PUBLIC_OPEN_SPACE,PUBLIC_PARK,MCD,Municipal Corporation of Delhi,MUNICIPAL_VESTING,927.99,0.0,1,0,,Municipal Corporation of Delhi,GEO-08-057-G1,V1,28.6798343,77.2320509,ENCROACHMENT_AFFECTED,SYN-WARD-73,V1,G1
IN-DL-110054-8-58,CELL-08,58,"Pramaan Nagar Urban Locality (Synthetic), Delhi 110054",ACTIVE,PUBLIC_OPEN_SPACE,PLAYGROUND,MCD,Municipal Corporation of Delhi,MUNICIPAL_VESTING,1064.78,0.0,0,0,,Municipal Corporation of Delhi,GEO-08-058-G1,V1,28.6798343,77.2323291,,SYN-WARD-73,V2,G1
IN-DL-110054-8-59,CELL-08,59,"Pramaan Nagar Urban Locality (Synthetic), Delhi 110054",ACTIVE,RELIGIOUS_COMMUNITY,RELIGIOUS_COMMUNITY_PROPERTY,PUBLIC_TRUST,Pramaan Community Trust,PUBLIC_TRUST,1118.26,534.82,1,1,,,GEO-08-059-G1,V1,28.6798343,77.2326338,,SYN-WARD-73,V2,G1
IN-DL-110054-8-60,CELL-08,60,"Pramaan Nagar Urban Locality (Synthetic), Delhi 110054",ACTIVE,RELIGIOUS_COMMUNITY,RELIGIOUS_COMMUNITY_PROPERTY,PUBLIC_TRUST,Pramaan Community Trust,PUBLIC_TRUST,967.68,1784.32,1,3,,,GEO-08-060-G1,V1,28.6798343,77.2329249,,SYN-WARD-73,V2,G1
IN-DL-110054-8-61,CELL-08,61,"Pramaan Nagar Urban Locality (Synthetic), Delhi 110054",ACTIVE,RESIDENTIAL,INDEPENDENT_HOUSE,PRIVATE_INDIVIDUAL,Ishaan Kapoor,FREEHOLD,874.24,1190.51,1,3,,,GEO-08-061-G1,V1,28.6795385,77.2302158,,SYN-WARD-73,V2,G1
IN-DL-110054-8-62,CELL-08,62,"Pramaan Nagar Urban Locality (Synthetic), Delhi 110054",ACTIVE,RESIDENTIAL,INDEPENDENT_HOUSE,PRIVATE_INDIVIDUAL,Sneha Bhatia,FREEHOLD,837.02,790.94,1,2,,,GEO-08-062-G1,V1,28.6795385,77.2305208,,SYN-WARD-73,V2,G1
IN-DL-110054-8-63,CELL-08,63,"Pramaan Nagar Urban Locality (Synthetic), Delhi 110054",ACTIVE,PUBLIC_OPEN_SPACE,PLAYGROUND,MCD,Municipal Corporation of Delhi,MUNICIPAL_VESTING,727.68,0.0,0,0,,Municipal Corporation of Delhi,GEO-08-063-G1,V1,28.6795385,77.2307996,,SYN-WARD-73,V2,G1
IN-DL-110054-8-64,CELL-08,64,"Pramaan Nagar Urban Locality (Synthetic), Delhi 110054",ACTIVE,PUBLIC_OPEN_SPACE,GREEN_BELT,MCD,Municipal Corporation of Delhi,MUNICIPAL_VESTING,793.08,0.0,0,0,,Municipal Corporation of Delhi,GEO-08-064-G1,V1,28.6795385,77.2310706,,SYN-WARD-73,V2,G1
IN-DL-110054-8-65,CELL-08,65,"Pramaan Nagar Urban Locality (Synthetic), Delhi 110054",ACTIVE,PUBLIC_OPEN_SPACE,PLAYGROUND,MCD,Municipal Corporation of Delhi,MUNICIPAL_VESTING,885.57,0.0,0,0,,Municipal Corporation of Delhi,GEO-08-065-G1,V1,28.6795385,77.2313698,,SYN-WARD-73,V2,G1
IN-DL-110054-8-66,CELL-08,66,"Pramaan Nagar Urban Locality (Synthetic), Delhi 110054",ACTIVE,PUBLIC_OPEN_SPACE,GREEN_BELT,MCD,Municipal Corporation of Delhi,MUNICIPAL_VESTING,1103.19,0.0,0,0,,Municipal Corporation of Delhi,GEO-08-066-G2,V2,28.6795475,77.231706,,SYN-WARD-73,V1,G2
IN-DL-110054-8-67,CELL-08,67,"Pramaan Nagar Urban Locality (Synthetic), Delhi 110054",ACTIVE,PUBLIC_OPEN_SPACE,PLAYGROUND,MCD,Municipal Corporation of Delhi,MUNICIPAL_VESTING,726.84,0.0,0,0,,Municipal Corporation of Delhi,GEO-08-067-G1,V1,28.6795385,77.2320509,,SYN-WARD-73,V2,G1
IN-DL-110054-8-68,CELL-08,68,"Pramaan Nagar Urban Locality (Synthetic), Delhi 110054",ACTIVE,PUBLIC_OPEN_SPACE,GREEN_BELT,MCD,Municipal Corporation of Delhi,MUNICIPAL_VESTING,833.98,0.0,0,0,,Municipal Corporation of Delhi,GEO-08-068-G1,V1,28.6795385,77.2323291,,SYN-WARD-73,V1,G1
IN-DL-110054-8-69,CELL-08,69,"Pramaan Nagar Urban Locality (Synthetic), Delhi 110054",ACTIVE,HEALTHCARE,HOSPITAL_CLINIC,PRIVATE_JOINT,Pramaan Community Health Trust,FREEHOLD,875.86,2027.31,2,5,,,GEO-08-069-G1,V1,28.6795385,77.2326338,,SYN-WARD-73,V2,G1
IN-DL-110054-8-70,CELL-08,70,"Pramaan Nagar Urban Locality (Synthetic), Delhi 110054",ACTIVE,HEALTHCARE,HOSPITAL_CLINIC,PRIVATE_JOINT,Pramaan Community Health Trust,FREEHOLD,757.93,775.05,2,2,,,GEO-08-070-G1,V1,28.6795385,77.2329249,,SYN-WARD-73,V2,G1
IN-DL-110054-8-71,CELL-08,71,"Pramaan Nagar Urban Locality (Synthetic), Delhi 110054",ACTIVE,RESIDENTIAL,INDEPENDENT_HOUSE,PRIVATE_INDIVIDUAL,Deepak Jain,FREEHOLD,874.2,1972.16,1,4,,,GEO-08-071-G1,V1,28.6792786,77.2302158,,SYN-WARD-73,V2,G1
IN-DL-110054-8-72,CELL-08,72,"Pramaan Nagar Urban Locality (Synthetic), Delhi 110054",ACTIVE,RESIDENTIAL,INDEPENDENT_HOUSE,PRIVATE_INDIVIDUAL,Aarav Verma,FREEHOLD,836.97,533.04,1,1,,,GEO-08-072-G1,V1,28.6792786,77.2305208,,SYN-WARD-73,V2,G1
IN-DL-110054-8-73,CELL-08,73,"Pramaan Nagar Urban Locality (Synthetic), Delhi 110054",ACTIVE,UTILITY,UTILITY_PARCEL,UTILITY_AGENCY,BSES Yamuna Power Limited,LICENSED_USE,727.64,109.15,1,1,,BSES Yamuna Power Limited,GEO-08-073-G1,V1,28.6792786,77.2307996,,SYN-WARD-73,V2,G1
IN-DL-110054-8-74,CELL-08,74,"Pramaan Nagar Urban Locality (Synthetic), Delhi 110054",ACTIVE,UTILITY,WATER_INFRASTRUCTURE,UTILITY_AGENCY,Delhi Jal Board,LICENSED_USE,793.04,118.96,1,1,,Delhi Jal Board,GEO-08-074-G1,V1,28.6792786,77.2310706,,SYN-WARD-73,V1,G1
IN-DL-110054-8-75,CELL-08,75,"Pramaan Nagar Urban Locality (Synthetic), Delhi 110054",ACTIVE,UTILITY,ELECTRICAL_SUBSTATION,UTILITY_AGENCY,BSES Yamuna Power Limited,LICENSED_USE,885.52,132.83,1,1,,BSES Yamuna Power Limited,GEO-08-075-G1,V1,28.6792786,77.2313698,,SYN-WARD-73,V2,G1
IN-DL-110054-8-76,CELL-08,76,"Pramaan Nagar Urban Locality (Synthetic), Delhi 110054",ACTIVE,GOVERNMENT,MUNICIPAL_PROPERTY,MCD,Municipal Corporation of Delhi,MUNICIPAL_VESTING,1104.9,364.74,2,1,,Municipal Corporation of Delhi,GEO-08-076-G1,V1,28.6792786,77.2317245,,SYN-WARD-73,V2,G1
IN-DL-110054-8-77,CELL-08,77,"Pramaan Nagar Urban Locality (Synthetic), Delhi 110054",ACTIVE,GOVERNMENT,GOVERNMENT_LAND,DDA,Delhi Development Authority,LEASEHOLD_DDA,726.8,1396.56,1,4,,Delhi Development Authority,GEO-08-077-G1,V1,28.6792786,77.2320509,,SYN-WARD-73,V1,G1
IN-DL-110054-8-78,CELL-08,78,"Pramaan Nagar Urban Locality (Synthetic), Delhi 110054",ACTIVE,PUBLIC_OPEN_SPACE,PUBLIC_PARK,MCD,Municipal Corporation of Delhi,MUNICIPAL_VESTING,833.94,0.0,0,0,,Municipal Corporation of Delhi,GEO-08-078-G1,V1,28.6792786,77.2323291,,SYN-WARD-73,V1,G1
IN-DL-110054-8-79,CELL-08,79,"Pramaan Nagar Urban Locality (Synthetic), Delhi 110054",ACTIVE,RELIGIOUS_COMMUNITY,RELIGIOUS_COMMUNITY_PROPERTY,PUBLIC_TRUST,Pramaan Community Trust,PUBLIC_TRUST,875.82,604.03,1,1,,,GEO-08-079-G1,V1,28.6792786,77.2326338,,SYN-WARD-73,V2,G1
IN-DL-110054-8-80,CELL-08,80,"Pramaan Nagar Urban Locality (Synthetic), Delhi 110054",ACTIVE,RELIGIOUS_COMMUNITY,RELIGIOUS_COMMUNITY_PROPERTY,PUBLIC_TRUST,Pramaan Community Trust,PUBLIC_TRUST,757.89,396.13,1,1,,,GEO-08-080-G1,V1,28.6792786,77.2329249,,SYN-WARD-73,V2,G1
IN-DL-110054-8-81,CELL-08,81,"Pramaan Nagar Urban Locality (Synthetic), Delhi 110054",ACTIVE,RESIDENTIAL,INDEPENDENT_HOUSE,PRIVATE_INDIVIDUAL,Ishaan Arora,FREEHOLD,779.75,1990.54,1,4,,,GEO-08-081-G1,V1,28.6790327,77.2302158,,SYN-WARD-73,V2,G1
IN-DL-110054-8-82,CELL-08,82,"Pramaan Nagar Urban Locality (Synthetic), Delhi 110054",ACTIVE,RESIDENTIAL,INDEPENDENT_HOUSE,PRIVATE_INDIVIDUAL,Sneha Mehta,FREEHOLD,746.55,345.35,1,1,,,GEO-08-082-G1,V1,28.6790327,77.2305208,,SYN-WARD-73,V2,G1
IN-DL-110054-8-83,CELL-08,83,"Pramaan Nagar Urban Locality (Synthetic), Delhi 110054",ACTIVE,UTILITY,UTILITY_PARCEL,UTILITY_AGENCY,BSES Yamuna Power Limited,LICENSED_USE,649.02,97.35,1,1,,BSES Yamuna Power Limited,GEO-08-083-G1,V1,28.6790327,77.2307996,,SYN-WARD-73,V2,G1
IN-DL-110054-8-84,CELL-08,84,"Pramaan Nagar Urban Locality (Synthetic), Delhi 110054",ACTIVE,UTILITY,WATER_INFRASTRUCTURE,UTILITY_AGENCY,Delhi Jal Board,LICENSED_USE,707.36,106.1,1,1,,Delhi Jal Board,GEO-08-084-G1,V1,28.6790327,77.2310706,,SYN-WARD-73,V1,G1
IN-DL-110054-8-85,CELL-08,85,"Pramaan Nagar Urban Locality (Synthetic), Delhi 110054",ACTIVE,UTILITY,ELECTRICAL_SUBSTATION,UTILITY_AGENCY,BSES Yamuna Power Limited,LICENSED_USE,789.85,118.48,1,1,,BSES Yamuna Power Limited,GEO-08-085-G1,V1,28.6790327,77.2313698,,SYN-WARD-73,V2,G1
IN-DL-110054-8-86,CELL-08,86,"Pramaan Nagar Urban Locality (Synthetic), Delhi 110054",ACTIVE,GOVERNMENT,MUNICIPAL_PROPERTY,MCD,Municipal Corporation of Delhi,MUNICIPAL_VESTING,985.53,1036.38,2,3,,Municipal Corporation of Delhi,GEO-08-086-G1,V1,28.6790327,77.2317245,,SYN-WARD-73,V2,G1
IN-DL-110054-8-87,CELL-08,87,"Pramaan Nagar Urban Locality (Synthetic), Delhi 110054",ACTIVE,GOVERNMENT,GOVERNMENT_LAND,DDA,Delhi Development Authority,LEASEHOLD_DDA,648.28,1067.35,1,3,,Delhi Development Authority,GEO-08-087-G1,V1,28.6790327,77.2320509,,SYN-WARD-73,V1,G1
IN-DL-110054-8-88,CELL-08,88,"Pramaan Nagar Urban Locality (Synthetic), Delhi 110054",ACTIVE,PUBLIC_OPEN_SPACE,PUBLIC_PARK,MCD,Municipal Corporation of Delhi,MUNICIPAL_VESTING,743.84,0.0,0,0,,Municipal Corporation of Delhi,GEO-08-088-G1,V1,28.6790327,77.2323291,,SYN-WARD-73,V1,G1
IN-DL-110054-8-89,CELL-08,89,"Pramaan Nagar Urban Locality (Synthetic), Delhi 110054",ACTIVE,TRANSPORT_ACCESS,ROAD_ACCESS_CORRIDOR,MCD,Municipal Corporation of Delhi,MUNICIPAL_VESTING,781.19,0.0,0,0,,Municipal Corporation of Delhi,GEO-08-089-G1,V1,28.6790327,77.2326338,,SYN-WARD-73,V2,G1
IN-DL-110054-8-90,CELL-08,90,"Pramaan Nagar Urban Locality (Synthetic), Delhi 110054",ACTIVE,TRANSPORT_ACCESS,ROAD_ACCESS_CORRIDOR,MCD,Municipal Corporation of Delhi,MUNICIPAL_VESTING,676.0,0.0,0,0,,Municipal Corporation of Delhi,GEO-08-090-G1,V1,28.6790327,77.2329249,,SYN-WARD-73,V2,G1
IN-DL-110054-8-91,CELL-08,91,"Pramaan Nagar Urban Locality (Synthetic), Delhi 110054",ACTIVE,RESIDENTIAL,INDEPENDENT_HOUSE,PRIVATE_INDIVIDUAL,Deepak Mishra,FREEHOLD,685.51,378.2,1,1,,,GEO-08-091-G2,V2,28.6788102,77.2302281,,SYN-WARD-73,V2,G2
IN-DL-110054-8-92,CELL-08,92,"Pramaan Nagar Urban Locality (Synthetic), Delhi 110054",ACTIVE,RESIDENTIAL,INDEPENDENT_HOUSE,PRIVATE_INDIVIDUAL,Aarav Khanna,FREEHOLD,698.21,1417.43,1,4,,,GEO-08-092-G1,V1,28.6788084,77.2305208,,SYN-WARD-73,V2,G1
IN-DL-110054-8-93,CELL-08,93,"Pramaan Nagar Urban Locality (Synthetic), Delhi 110054",ACTIVE,UTILITY,UTILITY_PARCEL,UTILITY_AGENCY,BSES Yamuna Power Limited,LICENSED_USE,607.0,91.05,1,1,,BSES Yamuna Power Limited,GEO-08-093-G1,V1,28.6788084,77.2307996,,SYN-WARD-73,V2,G1
IN-DL-110054-8-94,CELL-08,94,"Pramaan Nagar Urban Locality (Synthetic), Delhi 110054",ACTIVE,UTILITY,WATER_INFRASTRUCTURE,UTILITY_AGENCY,Delhi Jal Board,LICENSED_USE,661.56,99.23,1,1,,Delhi Jal Board,GEO-08-094-G1,V1,28.6788084,77.2310706,,SYN-WARD-73,V2,G1
IN-DL-110054-8-95,CELL-08,95,"Pramaan Nagar Urban Locality (Synthetic), Delhi 110054",ACTIVE,UTILITY,ELECTRICAL_SUBSTATION,UTILITY_AGENCY,BSES Yamuna Power Limited,LICENSED_USE,738.71,110.81,1,1,,BSES Yamuna Power Limited,GEO-08-095-G1,V1,28.6788084,77.2313698,,SYN-WARD-73,V2,G1
IN-DL-110054-8-96,CELL-08,96,"Pramaan Nagar Urban Locality (Synthetic), Delhi 110054",ACTIVE,GOVERNMENT,MUNICIPAL_PROPERTY,MCD,Municipal Corporation of Delhi,MUNICIPAL_VESTING,921.72,753.89,2,2,,Municipal Corporation of Delhi,GEO-08-096-G1,V1,28.6788084,77.2317245,,SYN-WARD-73,V2,G1
IN-DL-110054-8-97,CELL-08,97,"Pramaan Nagar Urban Locality (Synthetic), Delhi 110054",ACTIVE,GOVERNMENT,GOVERNMENT_LAND,DDA,Delhi Development Authority,LEASEHOLD_DDA,606.3,1042.83,1,3,,Delhi Development Authority,GEO-08-097-G1,V1,28.6788084,77.2320509,,SYN-WARD-73,V2,G1
IN-DL-110054-8-98,CELL-08,98,"Pramaan Nagar Urban Locality (Synthetic), Delhi 110054",ACTIVE,PUBLIC_OPEN_SPACE,PUBLIC_PARK,MCD,Municipal Corporation of Delhi,MUNICIPAL_VESTING,695.68,0.0,0,0,,Municipal Corporation of Delhi,GEO-08-098-G1,V1,28.6788084,77.2323291,,SYN-WARD-73,V2,G1
IN-DL-110054-8-99,CELL-08,99,"Pramaan Nagar Urban Locality (Synthetic), Delhi 110054",ACTIVE,TRANSPORT_ACCESS,ROAD_ACCESS_CORRIDOR,MCD,Municipal Corporation of Delhi,MUNICIPAL_VESTING,730.61,0.0,0,0,,Municipal Corporation of Delhi,GEO-08-099-G1,V1,28.6788084,77.2326338,,SYN-WARD-73,V2,G1
IN-DL-110054-8-100,CELL-08,100,"Pramaan Nagar Urban Locality (Synthetic), Delhi 110054",ACTIVE,TRANSPORT_ACCESS,ROAD_ACCESS_CORRIDOR,MCD,Municipal Corporation of Delhi,MUNICIPAL_VESTING,632.23,0.0,0,0,,Municipal Corporation of Delhi,GEO-08-100-G1,V1,28.6788084,77.2329249,,SYN-WARD-73,V2,G1
IN-DL-110054-9-1,CELL-09,1,"Pramaan Nagar Urban Locality (Synthetic), Delhi 110054",ACTIVE,UTILITY,WATER_INFRASTRUCTURE,UTILITY_AGENCY,Delhi Jal Board,LICENSED_USE,835.35,125.3,1,1,,Delhi Jal Board,GEO-09-001-G1,V1,28.6810724,77.2334916,,SYN-WARD-74,V2,G1
IN-DL-110054-9-2,CELL-09,2,"Pramaan Nagar Urban Locality (Synthetic), Delhi 110054",ACTIVE,RESIDENTIAL,INDEPENDENT_HOUSE,PRIVATE_INDIVIDUAL,Sneha Bansal,FREEHOLD,726.16,843.09,1,2,,,GEO-09-002-G2,V2,28.6810687,77.233781,,SYN-WARD-74,V1,G2
IN-DL-110054-9-3,CELL-09,3,"Pramaan Nagar Urban Locality (Synthetic), Delhi 110054",ACTIVE,RESIDENTIAL,INDEPENDENT_HOUSE,PRIVATE_INDIVIDUAL,Deepak Sharma,FREEHOLD,791.5,1513.41,1,4,,,GEO-09-003-G1,V1,28.6810724,77.2340502,,SYN-WARD-74,V2,G1
IN-DL-110054-9-4,CELL-09,4,"Pramaan Nagar Urban Locality (Synthetic), Delhi 110054",ACTIVE,RESIDENTIAL,INDEPENDENT_HOUSE,PRIVATE_INDIVIDUAL,Aarav Saxena,FREEHOLD,882.39,1313.92,1,3,,,GEO-09-004-G2,V2,28.6810814,77.2343357,,SYN-WARD-74,V1,G2
IN-DL-110054-9-5,CELL-09,5,"Pramaan Nagar Urban Locality (Synthetic), Delhi 110054",ACTIVE,RESIDENTIAL,INDEPENDENT_HOUSE,PRIVATE_INDIVIDUAL,Ishaan Malhotra,FREEHOLD,794.75,1730.96,1,4,,,GEO-09-005-G1,V1,28.6810724,77.2346587,,SYN-WARD-74,V2,G1
IN-DL-110054-9-6,CELL-09,6,"Pramaan Nagar Urban Locality (Synthetic), Delhi 110054",ACTIVE,RESIDENTIAL,INDEPENDENT_HOUSE,PRIVATE_INDIVIDUAL,Sneha Chawla,FREEHOLD,1028.56,962.59,1,2,,,GEO-09-006-G1,V1,28.6810724,77.2349895,,SYN-WARD-74,V2,G1
IN-DL-110054-9-7,CELL-09,7,"Pramaan Nagar Urban Locality (Synthetic), Delhi 110054",ACTIVE,RESIDENTIAL,INDEPENDENT_HOUSE,PRIVATE_INDIVIDUAL,Deepak Jain,FREEHOLD,832.33,414.04,1,1,,,GEO-09-007-G1,V1,28.6810724,77.2353271,,SYN-WARD-74,V2,G1
IN-DL-110054-9-8,CELL-09,8,"Pramaan Nagar Urban Locality (Synthetic), Delhi 110054",ACTIVE,RESIDENTIAL,INDEPENDENT_HOUSE,PRIVATE_INDIVIDUAL,Aarav Verma,FREEHOLD,874.12,995.89,1,2,,,GEO-09-008-G1,V1,28.6810724,77.2356367,,SYN-WARD-74,V2,G1
IN-DL-110054-9-9,CELL-09,9,"Pramaan Nagar Urban Locality (Synthetic), Delhi 110054",ACTIVE,MIXED_USE,MIXED_USE_BUILDING,PRIVATE_INDIVIDUAL,Ishaan Mishra,FREEHOLD,756.42,1889.39,1,4,,,GEO-09-009-G1,V1,28.6810724,77.2359325,,SYN-WARD-74,V2,G1
IN-DL-110054-9-10,CELL-09,10,"Pramaan Nagar Urban Locality (Synthetic), Delhi 110054",ACTIVE,MIXED_USE,MIXED_USE_BUILDING,PRIVATE_INDIVIDUAL,Sneha Khanna,FREEHOLD,744.95,902.65,1,2,,,GEO-09-010-G1,V1,28.6810724,77.2362048,,SYN-WARD-74,V2,G1
IN-DL-110054-9-11,CELL-09,11,"Pramaan Nagar Urban Locality (Synthetic), Delhi 110054",ACTIVE,UTILITY,WATER_INFRASTRUCTURE,UTILITY_AGENCY,Delhi Jal Board,LICENSED_USE,855.74,128.36,1,1,,Delhi Jal Board,GEO-09-011-G1,V1,28.6808139,77.2334916,,SYN-WARD-74,V2,G1
IN-DL-110054-9-12,CELL-09,12,"Pramaan Nagar Urban Locality (Synthetic), Delhi 110054",ACTIVE,RESIDENTIAL,INDEPENDENT_HOUSE,PRIVATE_INDIVIDUAL,Aarav Aggarwal,FREEHOLD,743.95,412.82,1,1,,,GEO-09-012-G1,V1,28.6808139,77.2337749,,SYN-WARD-74,V2,G1
IN-DL-110054-9-13,CELL-09,13,"Pramaan Nagar Urban Locality (Synthetic), Delhi 110054",ACTIVE,RESIDENTIAL,INDEPENDENT_HOUSE,PRIVATE_INDIVIDUAL,Ishaan Gupta,FREEHOLD,810.82,1146.01,1,3,,,GEO-09-013-G1,V1,28.6808139,77.2340502,,SYN-WARD-74,V2,G1
IN-DL-110054-9-14,CELL-09,14,"Pramaan Nagar Urban Locality (Synthetic), Delhi 110054",ACTIVE,RESIDENTIAL,INDEPENDENT_HOUSE,PRIVATE_INDIVIDUAL,Sneha Tiwari,FREEHOLD,905.38,861.66,1,2,,,GEO-09-014-G1,V1,28.6808139,77.2343541,,SYN-WARD-74,V2,G1
IN-DL-110054-9-15,CELL-09,15,"Pramaan Nagar Urban Locality (Synthetic), Delhi 110054",ACTIVE,RESIDENTIAL,INDEPENDENT_HOUSE,PRIVATE_INDIVIDUAL,Deepak Kapoor,FREEHOLD,814.14,1363.31,1,3,,,GEO-09-015-G1,V1,28.6808139,77.2346587,,SYN-WARD-74,V2,G1
IN-DL-110054-9-16,CELL-09,16,"Pramaan Nagar Urban Locality (Synthetic), Delhi 110054",ACTIVE,RESIDENTIAL,INDEPENDENT_HOUSE,PRIVATE_INDIVIDUAL,Aarav Bhatia,FREEHOLD,1053.66,593.06,1,1,,,GEO-09-016-G1,V1,28.6808139,77.2349895,,SYN-WARD-74,V2,G1
IN-DL-110054-9-17,CELL-09,17,"Pramaan Nagar Urban Locality (Synthetic), Delhi 110054",ACTIVE,RESIDENTIAL,INDEPENDENT_HOUSE,PRIVATE_INDIVIDUAL,Ishaan Arora,FREEHOLD,852.64,2314.12,1,4,,,GEO-09-017-G1,V1,28.6808139,77.2353271,,SYN-WARD-74,V1,G1
IN-DL-110054-9-18,CELL-09,18,"Pramaan Nagar Urban Locality (Synthetic), Delhi 110054",ACTIVE,RESIDENTIAL,INDEPENDENT_HOUSE,PRIVATE_INDIVIDUAL,Sneha Mehta,FREEHOLD,895.46,622.5,1,1,,,GEO-09-018-G1,V1,28.6808139,77.2356367,,SYN-WARD-74,V2,G1
IN-DL-110054-9-19,CELL-09,19,"Pramaan Nagar Urban Locality (Synthetic), Delhi 110054",ACTIVE,MIXED_USE,MIXED_USE_BUILDING,PRIVATE_INDIVIDUAL,Deepak Singh,FREEHOLD,774.88,1894.71,1,4,,,GEO-09-019-G1,V1,28.6808139,77.2359325,,SYN-WARD-74,V2,G1
IN-DL-110054-9-20,CELL-09,20,"Pramaan Nagar Urban Locality (Synthetic), Delhi 110054",ACTIVE,MIXED_USE,MIXED_USE_BUILDING,PRIVATE_INDIVIDUAL,Aarav Bansal,FREEHOLD,763.13,958.56,1,2,,,GEO-09-020-G1,V1,28.6808139,77.2362048,,SYN-WARD-74,V1,G1
IN-DL-110054-9-21,CELL-09,21,"Pramaan Nagar Urban Locality (Synthetic), Delhi 110054",ACTIVE,UTILITY,WATER_INFRASTRUCTURE,UTILITY_AGENCY,Delhi Jal Board,LICENSED_USE,771.83,115.77,1,1,,Delhi Jal Board,GEO-09-021-G1,V1,28.6805652,77.2334916,,SYN-WARD-74,V2,G1
IN-DL-110054-9-22,CELL-09,22,"Pramaan Nagar Urban Locality (Synthetic), Delhi 110054",ACTIVE,RESIDENTIAL,INDEPENDENT_HOUSE,PRIVATE_INDIVIDUAL,Sneha Saxena,FREEHOLD,671.0,1680.53,1,4,,,GEO-09-022-G1,V1,28.6805652,77.2337749,,SYN-WARD-74,V1,G1
IN-DL-110054-9-23,CELL-09,23,"Pramaan Nagar Urban Locality (Synthetic), Delhi 110054",ACTIVE,RESIDENTIAL,INDEPENDENT_HOUSE,PRIVATE_INDIVIDUAL,Deepak Malhotra,FREEHOLD,731.31,1838.05,1,4,,,GEO-09-023-G1,V1,28.6805652,77.2340502,,SYN-WARD-74,V2,G1
IN-DL-110054-9-24,CELL-09,24,"Pramaan Nagar Urban Locality (Synthetic), Delhi 110054",ACTIVE,RESIDENTIAL,INDEPENDENT_HOUSE,PRIVATE_INDIVIDUAL,Aarav Chawla,FREEHOLD,816.6,2271.22,1,4,,,GEO-09-024-G1,V1,28.6805652,77.2343541,,SYN-WARD-74,V2,G1
IN-DL-110054-9-25,CELL-09,25,"Pramaan Nagar Urban Locality (Synthetic), Delhi 110054",ACTIVE,RESIDENTIAL,INDEPENDENT_HOUSE,PRIVATE_INDIVIDUAL,Ishaan Jain,FREEHOLD,734.31,461.84,1,1,,,GEO-09-025-G1,V1,28.6805652,77.2346587,,SYN-WARD-74,V2,G1
IN-DL-110054-9-26,CELL-09,26,"Pramaan Nagar Urban Locality (Synthetic), Delhi 110054",ACTIVE,RESIDENTIAL,INDEPENDENT_HOUSE,PRIVATE_INDIVIDUAL,Sneha Verma,FREEHOLD,950.34,1356.15,1,3,,,GEO-09-026-G1,V1,28.6805652,77.2349895,,SYN-WARD-74,V2,G1
IN-DL-110054-9-27,CELL-09,27,"Pramaan Nagar Urban Locality (Synthetic), Delhi 110054",ACTIVE,RESIDENTIAL,INDEPENDENT_HOUSE,PRIVATE_INDIVIDUAL,Deepak Mishra,FREEHOLD,769.03,1867.3,1,4,,,GEO-09-027-G1,V1,28.6805652,77.2353271,,SYN-WARD-74,V2,G1
IN-DL-110054-9-28,CELL-09,28,"Pramaan Nagar Urban Locality (Synthetic), Delhi 110054",ACTIVE,RESIDENTIAL,INDEPENDENT_HOUSE,PRIVATE_INDIVIDUAL,Aarav Khanna,FREEHOLD,807.65,460.65,1,1,,,GEO-09-028-G1,V1,28.6805652,77.2356367,,SYN-WARD-74,V2,G1
IN-DL-110054-9-29,CELL-09,29,"Pramaan Nagar Urban Locality (Synthetic), Delhi 110054",ACTIVE,MIXED_USE,MIXED_USE_BUILDING,PRIVATE_INDIVIDUAL,Ishaan Sethi,FREEHOLD,698.9,2173.63,1,4,,,GEO-09-029-G1,V1,28.6805652,77.2359325,,SYN-WARD-74,V2,G1
IN-DL-110054-9-30,CELL-09,30,"Pramaan Nagar Urban Locality (Synthetic), Delhi 110054",ACTIVE,MIXED_USE,MIXED_USE_BUILDING,PRIVATE_INDIVIDUAL,Sneha Aggarwal,FREEHOLD,688.23,1446.95,1,3,,,GEO-09-030-G2,V2,28.6805616,77.236211,,SYN-WARD-74,V1,G2
IN-DL-110054-9-31,CELL-09,31,"Pramaan Nagar Urban Locality (Synthetic), Delhi 110054",ACTIVE,UTILITY,WATER_INFRASTRUCTURE,UTILITY_AGENCY,Delhi Jal Board,LICENSED_USE,706.55,105.98,1,1,,Delhi Jal Board,GEO-09-031-G1,V1,28.6803393,77.2334916,,SYN-WARD-74,V2,G1
IN-DL-110054-9-32,CELL-09,32,"Pramaan Nagar Urban Locality (Synthetic), Delhi 110054",ACTIVE,RESIDENTIAL,BUILDER_FLOOR,PRIVATE_INDIVIDUAL,Aarav Tiwari,FREEHOLD,614.25,1224.36,1,4,,,GEO-09-032-G1,V1,28.6803393,77.2337749,,SYN-WARD-74,V2,G1
IN-DL-110054-9-33,CELL-09,33,"Pramaan Nagar Urban Locality (Synthetic), Delhi 110054",ACTIVE,RESIDENTIAL,BUILDER_FLOOR,PRIVATE_INDIVIDUAL,Ishaan Kapoor,FREEHOLD,669.46,423.89,1,1,,,GEO-09-033-G1,V1,28.6803393,77.2340502,,SYN-WARD-74,V1,G1
IN-DL-110054-9-34,CELL-09,34,"Pramaan Nagar Urban Locality (Synthetic), Delhi 110054",ACTIVE,RESIDENTIAL,BUILDER_FLOOR,PRIVATE_INDIVIDUAL,Sneha Bhatia,FREEHOLD,747.53,966.0,1,2,,,GEO-09-034-G1,V1,28.6803393,77.2343541,,SYN-WARD-74,V2,G1
IN-DL-110054-9-35,CELL-09,35,"Pramaan Nagar Urban Locality (Synthetic), Delhi 110054",ACTIVE,RESIDENTIAL,BUILDER_FLOOR,PRIVATE_INDIVIDUAL,Deepak Arora,FREEHOLD,672.2,1264.72,1,3,,,GEO-09-035-G1,V1,28.6803393,77.2346587,,SYN-WARD-74,V2,G1
IN-DL-110054-9-36,CELL-09,36,"Pramaan Nagar Urban Locality (Synthetic), Delhi 110054",ACTIVE,RESIDENTIAL,BUILDER_FLOOR,PRIVATE_INDIVIDUAL,Aarav Mehta,FREEHOLD,869.96,1588.8,1,3,,,GEO-09-036-G1,V1,28.6803393,77.2349895,,SYN-WARD-74,V2,G1
IN-DL-110054-9-37,CELL-09,37,"Pramaan Nagar Urban Locality (Synthetic), Delhi 110054",ACTIVE,RESIDENTIAL,BUILDER_FLOOR,PRIVATE_INDIVIDUAL,Ishaan Singh,FREEHOLD,703.99,469.01,1,1,,,GEO-09-037-G1,V1,28.6803393,77.2353271,,SYN-WARD-74,V2,G1
IN-DL-110054-9-38,CELL-09,38,"Pramaan Nagar Urban Locality (Synthetic), Delhi 110054",ACTIVE,RESIDENTIAL,BUILDER_FLOOR,PRIVATE_INDIVIDUAL,Sneha Bansal,FREEHOLD,739.34,1470.46,1,3,,,GEO-09-038-G1,V1,28.6803393,77.2356367,,SYN-WARD-74,V2,G1
IN-DL-110054-9-39,CELL-09,39,"Pramaan Nagar Urban Locality (Synthetic), Delhi 110054",ACTIVE,RESIDENTIAL,BUILDER_FLOOR,PRIVATE_INDIVIDUAL,Deepak Sharma,FREEHOLD,639.79,1218.55,1,3,,,GEO-09-039-G1,V1,28.6803393,77.2359325,,SYN-WARD-74,V2,G1
IN-DL-110054-9-40,CELL-09,40,"Pramaan Nagar Urban Locality (Synthetic), Delhi 110054",ACTIVE,RESIDENTIAL,BUILDER_FLOOR,PRIVATE_INDIVIDUAL,Aarav Saxena,FREEHOLD,630.09,1080.59,1,3,,,GEO-09-040-G1,V1,28.6803393,77.2362048,,SYN-WARD-74,V2,G1
IN-DL-110054-9-41,CELL-09,41,"Pramaan Nagar Urban Locality (Synthetic), Delhi 110054",ACTIVE,UTILITY,WATER_INFRASTRUCTURE,UTILITY_AGENCY,Delhi Jal Board,LICENSED_USE,710.2,113.33,1,1,,Delhi Jal Board,GEO-09-041-G2,V2,28.6801177,77.2335038,,SYN-WARD-74,V1,G2
IN-DL-110054-9-42,CELL-09,42,"Pramaan Nagar Urban Locality (Synthetic), Delhi 110054",ACTIVE,RESIDENTIAL,BUILDER_FLOOR,PRIVATE_INDIVIDUAL,Sneha Chawla,FREEHOLD,656.84,745.87,1,2,,,GEO-09-042-G1,V1,28.6801159,77.2337749,,SYN-WARD-74,V2,G1
IN-DL-110054-9-43,CELL-09,43,"Pramaan Nagar Urban Locality (Synthetic), Delhi 110054",ACTIVE,RESIDENTIAL,BUILDER_FLOOR,PRIVATE_INDIVIDUAL,Deepak Jain,FREEHOLD,715.88,1899.87,1,4,,,GEO-09-043-G1,V1,28.6801159,77.2340502,,SYN-WARD-74,V2,G1
IN-DL-110054-9-44,CELL-09,44,"Pramaan Nagar Urban Locality (Synthetic), Delhi 110054",ACTIVE,RESIDENTIAL,BUILDER_FLOOR,PRIVATE_INDIVIDUAL,Aarav Verma,FREEHOLD,799.36,440.7,1,1,,,GEO-09-044-G1,V1,28.6801159,77.2343541,,SYN-WARD-74,V2,G1
IN-DL-110054-9-45,CELL-09,45,"Pramaan Nagar Urban Locality (Synthetic), Delhi 110054",ACTIVE,RESIDENTIAL,BUILDER_FLOOR,PRIVATE_INDIVIDUAL,Ishaan Mishra,FREEHOLD,718.81,1508.0,1,4,,,GEO-09-045-G1,V1,28.6801159,77.2346587,,SYN-WARD-74,V2,G1
IN-DL-110054-9-46,CELL-09,46,"Pramaan Nagar Urban Locality (Synthetic), Delhi 110054",ACTIVE,RESIDENTIAL,BUILDER_FLOOR,PRIVATE_INDIVIDUAL,Sneha Khanna,FREEHOLD,930.28,1582.29,1,3,,,GEO-09-046-G1,V1,28.6801159,77.2349895,,SYN-WARD-74,V2,G1
IN-DL-110054-9-47,CELL-09,47,"Pramaan Nagar Urban Locality (Synthetic), Delhi 110054",ACTIVE,RESIDENTIAL,BUILDER_FLOOR,PRIVATE_INDIVIDUAL,Deepak Sethi,FREEHOLD,752.8,1500.87,1,4,,,GEO-09-047-G1,V1,28.6801159,77.2353271,,SYN-WARD-74,V2,G1
IN-DL-110054-9-48,CELL-09,48,"Pramaan Nagar Urban Locality (Synthetic), Delhi 110054",ACTIVE,RESIDENTIAL,BUILDER_FLOOR,PRIVATE_INDIVIDUAL,Aarav Aggarwal,FREEHOLD,790.6,1384.79,1,3,,,GEO-09-048-G1,V1,28.6801159,77.2356367,,SYN-WARD-74,V2,G1
IN-DL-110054-9-49,CELL-09,49,"Pramaan Nagar Urban Locality (Synthetic), Delhi 110054",ACTIVE,RESIDENTIAL,BUILDER_FLOOR,PRIVATE_INDIVIDUAL,Ishaan Gupta,FREEHOLD,684.15,1582.21,1,4,,,GEO-09-049-G1,V1,28.6801159,77.2359325,,SYN-WARD-74,V2,G1
IN-DL-110054-9-50,CELL-09,50,"Pramaan Nagar Urban Locality (Synthetic), Delhi 110054",ACTIVE,RESIDENTIAL,BUILDER_FLOOR,PRIVATE_INDIVIDUAL,Sneha Tiwari,FREEHOLD,673.77,779.01,1,2,,,GEO-09-050-G1,V1,28.6801159,77.2362048,,SYN-WARD-74,V2,G1
IN-DL-110054-9-51,CELL-09,51,"Pramaan Nagar Urban Locality (Synthetic), Delhi 110054",ACTIVE,UTILITY,WATER_INFRASTRUCTURE,UTILITY_AGENCY,Delhi Jal Board,LICENSED_USE,1174.23,176.13,1,1,,Delhi Jal Board,GEO-09-051-G1,V1,28.679821,77.2334916,,SYN-WARD-74,V2,G1
IN-DL-110054-9-52,CELL-09,52,"Pramaan Nagar Urban Locality (Synthetic), Delhi 110054",ACTIVE,RESIDENTIAL,BUILDER_FLOOR,PRIVATE_INDIVIDUAL,Aarav Bhatia,FREEHOLD,1020.84,663.44,1,1,,,GEO-09-052-G1,V1,28.679821,77.2337749,,SYN-WARD-74,V2,G1
IN-DL-110054-9-53,CELL-09,53,"Pramaan Nagar Urban Locality (Synthetic), Delhi 110054",ACTIVE,RESIDENTIAL,BUILDER_FLOOR,PRIVATE_INDIVIDUAL,Ishaan Arora,FREEHOLD,1112.59,2214.38,1,4,,,GEO-09-053-G1,V1,28.679821,77.2340502,,SYN-WARD-74,V1,G1
IN-DL-110054-9-54,CELL-09,54,"Pramaan Nagar Urban Locality (Synthetic), Delhi 110054",ACTIVE,RESIDENTIAL,BUILDER_FLOOR,PRIVATE_INDIVIDUAL,Sneha Mehta,FREEHOLD,1242.34,1660.13,1,2,,,GEO-09-054-G1,V1,28.679821,77.2343541,,SYN-WARD-74,V1,G1
IN-DL-110054-9-55,CELL-09,55,"Pramaan Nagar Urban Locality (Synthetic), Delhi 110054",ACTIVE,RESIDENTIAL,BUILDER_FLOOR,PRIVATE_INDIVIDUAL,Deepak Singh,FREEHOLD,1117.15,511.11,1,1,,,GEO-09-055-G1,V1,28.679821,77.2346587,,SYN-WARD-74,V2,G1
IN-DL-110054-9-56,CELL-09,56,"Pramaan Nagar Urban Locality (Synthetic), Delhi 110054",ACTIVE,RESIDENTIAL,BUILDER_FLOOR,PRIVATE_INDIVIDUAL,Aarav Bansal,FREEHOLD,1445.81,1907.18,1,2,,,GEO-09-056-G1,V1,28.679821,77.2349895,,SYN-WARD-74,V2,G1
IN-DL-110054-9-57,CELL-09,57,"Pramaan Nagar Urban Locality (Synthetic), Delhi 110054",ACTIVE,RESIDENTIAL,BUILDER_FLOOR,PRIVATE_INDIVIDUAL,Ishaan Sharma,FREEHOLD,1169.97,812.88,1,1,,,GEO-09-057-G1,V1,28.679821,77.2353271,,SYN-WARD-74,V1,G1
IN-DL-110054-9-58,CELL-09,58,"Pramaan Nagar Urban Locality (Synthetic), Delhi 110054",ACTIVE,RESIDENTIAL,BUILDER_FLOOR,PRIVATE_INDIVIDUAL,Sneha Saxena,FREEHOLD,1228.73,1131.75,1,2,,,GEO-09-058-G1,V1,28.679821,77.2356367,,SYN-WARD-74,V2,G1
IN-DL-110054-9-59,CELL-09,59,"Pramaan Nagar Urban Locality (Synthetic), Delhi 110054",ACTIVE,RESIDENTIAL,BUILDER_FLOOR,PRIVATE_INDIVIDUAL,Deepak Malhotra,FREEHOLD,1063.28,2301.46,1,4,,,GEO-09-059-G1,V1,28.679821,77.2359325,,SYN-WARD-74,V2,G1
IN-DL-110054-9-60,CELL-09,60,"Pramaan Nagar Urban Locality (Synthetic), Delhi 110054",ACTIVE,RESIDENTIAL,BUILDER_FLOOR,PRIVATE_INDIVIDUAL,Aarav Chawla,FREEHOLD,1047.16,485.18,1,1,,,GEO-09-060-G1,V1,28.679821,77.2362048,,SYN-WARD-74,V1,G1
IN-DL-110054-9-61,CELL-09,61,"Pramaan Nagar Urban Locality (Synthetic), Delhi 110054",ACTIVE,VACANT,VACANT_PLOT,PRIVATE_INDIVIDUAL,Ishaan Jain,FREEHOLD,846.98,0.0,0,0,,,GEO-09-061-G1,V1,28.6795122,77.2334916,VACANT,SYN-WARD-74,V1,G1
IN-DL-110054-9-62,CELL-09,62,"Pramaan Nagar Urban Locality (Synthetic), Delhi 110054",ACTIVE,VACANT,VACANT_PLOT,PRIVATE_INDIVIDUAL,Sneha Verma,FREEHOLD,736.34,0.0,0,0,,,GEO-09-062-G1,V1,28.6795122,77.2337749,VACANT,SYN-WARD-74,V2,G1
IN-DL-110054-9-63,CELL-09,63,"Pramaan Nagar Urban Locality (Synthetic), Delhi 110054",ACTIVE,VACANT,VACANT_PLOT,PRIVATE_INDIVIDUAL,Deepak Mishra,FREEHOLD,802.52,0.0,0,0,,,GEO-09-063-G1,V1,28.6795122,77.2340502,VACANT,SYN-WARD-74,V2,G1
IN-DL-110054-9-64,CELL-09,64,"Pramaan Nagar Urban Locality (Synthetic), Delhi 110054",ACTIVE,REDEVELOPMENT,UNDER_CONSTRUCTION_PLOT,PRIVATE_JOINT,Pramaan Redevelopment LLP,MUTATION_PENDING,896.11,814.99,1,3,,,GEO-09-064-G1,V1,28.6795122,77.2343541,UNDER_CONSTRUCTION,SYN-WARD-74,V2,G1
IN-DL-110054-9-65,CELL-09,65,"Pramaan Nagar Urban Locality (Synthetic), Delhi 110054",ACTIVE,REDEVELOPMENT,UNDER_CONSTRUCTION_PLOT,PRIVATE_JOINT,Pramaan Redevelopment LLP,MUTATION_PENDING,805.81,611.43,1,3,,,GEO-09-065-G1,V1,28.6795122,77.2346587,UNDER_CONSTRUCTION,SYN-WARD-74,V1,G1
IN-DL-110054-9-66,CELL-09,66,"Pramaan Nagar Urban Locality (Synthetic), Delhi 110054",ACTIVE,RESIDENTIAL,INDEPENDENT_HOUSE,UNKNOWN_DISPUTED,Sneha Aggarwal,DISPUTED_TENURE,1042.87,1249.79,1,2,,,GEO-09-066-G1,V1,28.6795122,77.2349895,DISPUTED,SYN-WARD-74,V2,G1
IN-DL-110054-9-67,CELL-09,67,"Pramaan Nagar Urban Locality (Synthetic), Delhi 110054",ACTIVE,RESIDENTIAL,INDEPENDENT_HOUSE,UNKNOWN_DISPUTED,Deepak Gupta,DISPUTED_TENURE,843.91,2162.17,1,4,,,GEO-09-067-G1,V1,28.6795122,77.2353271,ENCROACHMENT_AFFECTED,SYN-WARD-74,V1,G1
IN-DL-110054-9-68,CELL-09,68,"Pramaan Nagar Urban Locality (Synthetic), Delhi 110054",ACTIVE,RESIDENTIAL,INDEPENDENT_HOUSE,UNKNOWN_DISPUTED,Aarav Tiwari,DISPUTED_TENURE,886.29,895.81,1,2,,,GEO-09-068-G1,V1,28.6795122,77.2356367,DISPUTED,SYN-WARD-74,V2,G1
IN-DL-110054-9-69,CELL-09,69,"Pramaan Nagar Urban Locality (Synthetic), Delhi 110054",ACTIVE,RESIDENTIAL,INDEPENDENT_HOUSE,UNKNOWN_DISPUTED,Ishaan Kapoor,DISPUTED_TENURE,766.95,933.01,1,2,,,GEO-09-069-G1,V1,28.6795122,77.2359325,ENCROACHMENT_AFFECTED,SYN-WARD-74,V2,G1
IN-DL-110054-9-70,CELL-09,70,"Pramaan Nagar Urban Locality (Synthetic), Delhi 110054",ACTIVE,RESIDENTIAL,INDEPENDENT_HOUSE,UNKNOWN_DISPUTED,Sneha Bhatia,DISPUTED_TENURE,755.32,1236.93,1,3,,,GEO-09-070-G1,V1,28.6795122,77.2362048,DISPUTED,SYN-WARD-74,V2,G1
IN-DL-110054-9-71,CELL-09,71,"Pramaan Nagar Urban Locality (Synthetic), Delhi 110054",ACTIVE,VACANT,VACANT_PLOT,PRIVATE_INDIVIDUAL,Deepak Arora,FREEHOLD,755.47,0.0,0,0,,,GEO-09-071-G1,V1,28.6792673,77.2334916,VACANT,SYN-WARD-74,V1,G1
IN-DL-110054-9-72,CELL-09,72,"Pramaan Nagar Urban Locality (Synthetic), Delhi 110054",ACTIVE,VACANT,VACANT_PLOT,PRIVATE_INDIVIDUAL,Aarav Mehta,FREEHOLD,656.78,0.0,0,0,,,GEO-09-072-G1,V1,28.6792673,77.2337749,VACANT,SYN-WARD-74,V2,G1
IN-DL-110054-9-73,CELL-09,73,"Pramaan Nagar Urban Locality (Synthetic), Delhi 110054",ACTIVE,VACANT,VACANT_PLOT,PRIVATE_INDIVIDUAL,Ishaan Singh,FREEHOLD,715.82,0.0,0,0,,,GEO-09-073-G1,V1,28.6792673,77.2340502,VACANT,SYN-WARD-74,V2,G1
IN-DL-110054-9-74,CELL-09,74,"Pramaan Nagar Urban Locality (Synthetic), Delhi 110054",ACTIVE,REDEVELOPMENT,UNDER_CONSTRUCTION_PLOT,PRIVATE_JOINT,Pramaan Redevelopment LLP,MUTATION_PENDING,799.29,777.45,1,6,,,GEO-09-074-G1,V1,28.6792673,77.2343541,UNDER_CONSTRUCTION,SYN-WARD-74,V2,G1
IN-DL-110054-9-75,CELL-09,75,"Pramaan Nagar Urban Locality (Synthetic), Delhi 110054",ACTIVE,REDEVELOPMENT,UNDER_CONSTRUCTION_PLOT,PRIVATE_JOINT,Pramaan Redevelopment LLP,MUTATION_PENDING,718.75,364.97,1,2,,,GEO-09-075-G1,V1,28.6792673,77.2346587,UNDER_CONSTRUCTION,SYN-WARD-74,V1,G1
IN-DL-110054-9-76,CELL-09,76,"Pramaan Nagar Urban Locality (Synthetic), Delhi 110054",ACTIVE,RESIDENTIAL,INDEPENDENT_HOUSE,UNKNOWN_DISPUTED,Aarav Saxena,DISPUTED_TENURE,930.2,580.97,1,1,,,GEO-09-076-G1,V1,28.6792673,77.2349895,ENCROACHMENT_AFFECTED,SYN-WARD-74,V1,G1
IN-DL-110054-9-77,CELL-09,77,"Pramaan Nagar Urban Locality (Synthetic), Delhi 110054",ACTIVE,RESIDENTIAL,INDEPENDENT_HOUSE,UNKNOWN_DISPUTED,Ishaan Malhotra,DISPUTED_TENURE,752.73,1343.19,1,3,,,GEO-09-077-G1,V1,28.6792673,77.2353271,DISPUTED,SYN-WARD-74,V2,G1
IN-DL-110054-9-78,CELL-09,78,"Pramaan Nagar Urban Locality (Synthetic), Delhi 110054",ACTIVE,RESIDENTIAL,INDEPENDENT_HOUSE,UNKNOWN_DISPUTED,Sneha Chawla,DISPUTED_TENURE,790.53,787.13,1,2,,,GEO-09-078-G1,V1,28.6792673,77.2356367,ENCROACHMENT_AFFECTED,SYN-WARD-74,V2,G1
IN-DL-110054-9-79,CELL-09,79,"Pramaan Nagar Urban Locality (Synthetic), Delhi 110054",ACTIVE,RESIDENTIAL,INDEPENDENT_HOUSE,UNKNOWN_DISPUTED,Deepak Jain,DISPUTED_TENURE,684.09,1454.49,1,4,,,GEO-09-079-G1,V1,28.6792673,77.2359325,DISPUTED,SYN-WARD-74,V1,G1
IN-DL-110054-9-80,CELL-09,80,"Pramaan Nagar Urban Locality (Synthetic), Delhi 110054",ACTIVE,RESIDENTIAL,INDEPENDENT_HOUSE,UNKNOWN_DISPUTED,Aarav Verma,DISPUTED_TENURE,673.72,1356.96,1,3,,,GEO-09-080-G1,V1,28.6792673,77.2362048,ENCROACHMENT_AFFECTED,SYN-WARD-74,V2,G1
IN-DL-110054-9-81,CELL-09,81,"Pramaan Nagar Urban Locality (Synthetic), Delhi 110054",ACTIVE,TRANSPORT_ACCESS,ROAD_ACCESS_CORRIDOR,MCD,Municipal Corporation of Delhi,MUNICIPAL_VESTING,706.56,0.0,0,0,,Municipal Corporation of Delhi,GEO-09-081-G1,V1,28.6790439,77.2334916,,SYN-WARD-74,V2,G1
IN-DL-110054-9-82,CELL-09,82,"Pramaan Nagar Urban Locality (Synthetic), Delhi 110054",ACTIVE,TRANSPORT_ACCESS,ROAD_ACCESS_CORRIDOR,MCD,Municipal Corporation of Delhi,MUNICIPAL_VESTING,614.26,0.0,0,0,,Municipal Corporation of Delhi,GEO-09-082-G1,V1,28.6790439,77.2337749,,SYN-WARD-74,V2,G1
IN-DL-110054-9-83,CELL-09,83,"Pramaan Nagar Urban Locality (Synthetic), Delhi 110054",ACTIVE,UTILITY,UTILITY_PARCEL,UTILITY_AGENCY,BSES Yamuna Power Limited,LICENSED_USE,669.47,100.42,1,1,,BSES Yamuna Power Limited,GEO-09-083-G1,V1,28.6790439,77.2340502,,SYN-WARD-74,V2,G1
IN-DL-110054-9-84,CELL-09,84,"Pramaan Nagar Urban Locality (Synthetic), Delhi 110054",ACTIVE,UTILITY,ELECTRICAL_SUBSTATION,UTILITY_AGENCY,BSES Yamuna Power Limited,LICENSED_USE,747.54,112.13,1,1,,BSES Yamuna Power Limited,GEO-09-084-G1,V1,28.6790439,77.2343541,,SYN-WARD-74,V1,G1
IN-DL-110054-9-85,CELL-09,85,"Pramaan Nagar Urban Locality (Synthetic), Delhi 110054",ACTIVE,TRANSPORT_ACCESS,PARKING_AREA,MCD,Municipal Corporation of Delhi,MUNICIPAL_VESTING,672.21,0.0,0,0,,Municipal Corporation of Delhi,GEO-09-085-G1,V1,28.6790439,77.2346587,,SYN-WARD-74,V2,G1
IN-DL-110054-9-86,CELL-09,86,"Pramaan Nagar Urban Locality (Synthetic), Delhi 110054",ACTIVE,COMMERCIAL,RETAIL_SHOP,PRIVATE_INDIVIDUAL,Sneha Tiwari,FREEHOLD,869.97,1373.23,1,2,,,GEO-09-086-G1,V1,28.6790439,77.2349895,,SYN-WARD-74,V2,G1
IN-DL-110054-9-87,CELL-09,87,"Pramaan Nagar Urban Locality (Synthetic), Delhi 110054",ACTIVE,COMMERCIAL,RETAIL_SHOP,PRIVATE_INDIVIDUAL,Deepak Kapoor,FREEHOLD,704.0,1399.53,1,3,,,GEO-09-087-G1,V1,28.6790439,77.2353271,,SYN-WARD-74,V1,G1
IN-DL-110054-9-88,CELL-09,88,"Pramaan Nagar Urban Locality (Synthetic), Delhi 110054",ACTIVE,PUBLIC_OPEN_SPACE,PUBLIC_PARK,MCD,Municipal Corporation of Delhi,MUNICIPAL_VESTING,739.35,0.0,0,0,,Municipal Corporation of Delhi,GEO-09-088-G1,V1,28.6790439,77.2356367,,SYN-WARD-74,V1,G1
IN-DL-110054-9-89,CELL-09,89,"Pramaan Nagar Urban Locality (Synthetic), Delhi 110054",ACTIVE,PUBLIC_OPEN_SPACE,PLAYGROUND,MCD,Municipal Corporation of Delhi,MUNICIPAL_VESTING,639.79,0.0,0,0,,Municipal Corporation of Delhi,GEO-09-089-G1,V1,28.6790439,77.2359325,,SYN-WARD-74,V2,G1
IN-DL-110054-9-90,CELL-09,90,"Pramaan Nagar Urban Locality (Synthetic), Delhi 110054",ACTIVE,RELIGIOUS_COMMUNITY,RELIGIOUS_COMMUNITY_PROPERTY,PUBLIC_TRUST,Pramaan Community Trust,PUBLIC_TRUST,630.09,1057.4,1,3,,,GEO-09-090-G1,V1,28.6790439,77.2362048,,SYN-WARD-74,V2,G1
IN-DL-110054-9-91,CELL-09,91,"Pramaan Nagar Urban Locality (Synthetic), Delhi 110054",ACTIVE,REDEVELOPMENT,REDEVELOPMENT_PARCEL,PRIVATE_JOINT,Pramaan Redevelopment LLP,MUTATION_PENDING,771.9,1115.12,1,4,,,GEO-09-091-G1,V1,28.678818,77.2334916,REDEVELOPMENT,SYN-WARD-74,V2,G1
IN-DL-110054-9-92,CELL-09,92,"Pramaan Nagar Urban Locality (Synthetic), Delhi 110054",ACTIVE,REDEVELOPMENT,REDEVELOPMENT_PARCEL,PRIVATE_JOINT,Pramaan Redevelopment LLP,MUTATION_PENDING,671.06,534.8,1,2,,,GEO-09-092-G1,V1,28.678818,77.2337749,REDEVELOPMENT,SYN-WARD-74,V2,G1
IN-DL-110054-9-93,CELL-09,93,"Pramaan Nagar Urban Locality (Synthetic), Delhi 110054",ACTIVE,REDEVELOPMENT,REDEVELOPMENT_PARCEL,PRIVATE_JOINT,Pramaan Redevelopment LLP,MUTATION_PENDING,731.38,547.48,1,4,,,GEO-09-093-G1,V1,28.678818,77.2340502,REDEVELOPMENT,SYN-WARD-74,V2,G1
IN-DL-110054-9-94,CELL-09,94,"Pramaan Nagar Urban Locality (Synthetic), Delhi 110054",ACTIVE,REDEVELOPMENT,REDEVELOPMENT_PARCEL,PRIVATE_JOINT,Pramaan Redevelopment LLP,MUTATION_PENDING,816.67,1066.71,1,4,,,GEO-09-094-G1,V1,28.678818,77.2343541,REDEVELOPMENT,SYN-WARD-74,V1,G1
IN-DL-110054-9-95,CELL-09,95,"Pramaan Nagar Urban Locality (Synthetic), Delhi 110054",ACTIVE,REDEVELOPMENT,REDEVELOPMENT_PARCEL,PRIVATE_JOINT,Pramaan Redevelopment LLP,MUTATION_PENDING,734.38,239.08,1,2,,,GEO-09-095-G1,V1,28.678818,77.2346587,REDEVELOPMENT,SYN-WARD-74,V2,G1
IN-DL-110054-9-96,CELL-09,96,"Pramaan Nagar Urban Locality (Synthetic), Delhi 110054",ACTIVE,REDEVELOPMENT,UNDER_CONSTRUCTION_PLOT,PRIVATE_JOINT,Pramaan Redevelopment LLP,MUTATION_PENDING,950.42,774.63,1,2,,,GEO-09-096-G1,V1,28.678818,77.2349895,UNDER_CONSTRUCTION,SYN-WARD-74,V2,G1
IN-DL-110054-9-97,CELL-09,97,"Pramaan Nagar Urban Locality (Synthetic), Delhi 110054",ACTIVE,REDEVELOPMENT,UNDER_CONSTRUCTION_PLOT,PRIVATE_JOINT,Pramaan Redevelopment LLP,MUTATION_PENDING,769.1,269.66,1,1,,,GEO-09-097-G1,V1,28.678818,77.2353271,UNDER_CONSTRUCTION,SYN-WARD-74,V2,G1
IN-DL-110054-9-98,CELL-09,98,"Pramaan Nagar Urban Locality (Synthetic), Delhi 110054",ACTIVE,REDEVELOPMENT,UNDER_CONSTRUCTION_PLOT,PRIVATE_JOINT,Pramaan Redevelopment LLP,MUTATION_PENDING,807.72,189.24,1,1,,,GEO-09-098-G1,V1,28.678818,77.2356367,UNDER_CONSTRUCTION,SYN-WARD-74,V2,G1
IN-DL-110054-9-99,CELL-09,99,"Pramaan Nagar Urban Locality (Synthetic), Delhi 110054",ACTIVE,REDEVELOPMENT,UNDER_CONSTRUCTION_PLOT,PRIVATE_JOINT,Pramaan Redevelopment LLP,MUTATION_PENDING,698.96,883.36,1,4,,,GEO-09-099-G1,V1,28.678818,77.2359325,UNDER_CONSTRUCTION,SYN-WARD-74,V2,G1
IN-DL-110054-9-100,CELL-09,100,"Pramaan Nagar Urban Locality (Synthetic), Delhi 110054",ACTIVE,REDEVELOPMENT,UNDER_CONSTRUCTION_PLOT,PRIVATE_JOINT,Pramaan Redevelopment LLP,MUTATION_PENDING,688.36,718.36,1,5,,,GEO-09-100-G1,V1,28.678818,77.2362048,UNDER_CONSTRUCTION,SYN-WARD-74,V1,G1
IN-DL-110054-10-1,CELL-10,1,"Pramaan Nagar Urban Locality (Synthetic), Delhi 110054",ACTIVE,REDEVELOPMENT,REDEVELOPMENT_PARCEL,PRIVATE_JOINT,Civitas Enclave Residents LLP,MUTATION_PENDING,739.22,1863.86,1,6,Civitas Enclave Redevelopment,,GEO-10-001-G1,V1,28.6810696,77.2367513,REDEVELOPMENT,SYN-WARD-74,V2,G1
IN-DL-110054-10-2,CELL-10,2,"Pramaan Nagar Urban Locality (Synthetic), Delhi 110054",ACTIVE,REDEVELOPMENT,REDEVELOPMENT_PARCEL,PRIVATE_JOINT,Civitas Enclave Residents LLP,MUTATION_PENDING,805.66,1374.42,1,5,Civitas Enclave Redevelopment,,GEO-10-002-G1,V1,28.6810696,77.2370256,REDEVELOPMENT,SYN-WARD-74,V2,G1
IN-DL-110054-10-3,CELL-10,3,"Pramaan Nagar Urban Locality (Synthetic), Delhi 110054",ACTIVE,REDEVELOPMENT,REDEVELOPMENT_PARCEL,PRIVATE_JOINT,Civitas Enclave Residents LLP,MUTATION_PENDING,899.61,155.99,1,1,Civitas Enclave Redevelopment,,GEO-10-003-G1,V1,28.6810696,77.2373284,REDEVELOPMENT,SYN-WARD-74,V2,G1
IN-DL-110054-10-4,CELL-10,4,"Pramaan Nagar Urban Locality (Synthetic), Delhi 110054",ACTIVE,REDEVELOPMENT,REDEVELOPMENT_PARCEL,PRIVATE_JOINT,Civitas Enclave Residents LLP,MUTATION_PENDING,808.88,626.88,1,2,Civitas Enclave Redevelopment,,GEO-10-004-G2,V2,28.681066,77.2376379,REDEVELOPMENT,SYN-WARD-74,V1,G2
IN-DL-110054-10-5,CELL-10,5,"Pramaan Nagar Urban Locality (Synthetic), Delhi 110054",ACTIVE,REDEVELOPMENT,UNDER_CONSTRUCTION_PLOT,PRIVATE_JOINT,Civitas Enclave Residents LLP,MUTATION_PENDING,738.37,648.69,1,2,Civitas Enclave Redevelopment,,GEO-10-005-G1,V1,28.6810696,77.2379065,UNDER_CONSTRUCTION,SYN-WARD-74,V2,G1
IN-DL-110054-10-6,CELL-10,6,"Pramaan Nagar Urban Locality (Synthetic), Delhi 110054",ACTIVE,REDEVELOPMENT,UNDER_CONSTRUCTION_PLOT,PRIVATE_JOINT,Civitas Enclave Residents LLP,MUTATION_PENDING,1156.96,703.07,1,2,Civitas Enclave Redevelopment,,GEO-10-006-G1,V1,28.6810696,77.238243,UNDER_CONSTRUCTION,SYN-WARD-74,V2,G1
IN-DL-110054-10-7,CELL-10,7,"Pramaan Nagar Urban Locality (Synthetic), Delhi 110054",ACTIVE,REDEVELOPMENT,UNDER_CONSTRUCTION_PLOT,PRIVATE_JOINT,Civitas Enclave Residents LLP,MUTATION_PENDING,889.75,684.99,1,4,Civitas Enclave Redevelopment,,GEO-10-007-G1,V1,28.6810696,77.2386064,UNDER_CONSTRUCTION,SYN-WARD-74,V1,G1
IN-DL-110054-10-8,CELL-10,8,"Pramaan Nagar Urban Locality (Synthetic), Delhi 110054",ACTIVE,VACANT,VACANT_PLOT,PRIVATE_INDIVIDUAL,Aarav Mehta,FREEHOLD,769.95,0.0,0,0,,,GEO-10-008-G1,V1,28.6810696,77.2389011,VACANT,SYN-WARD-74,V2,G1
IN-DL-110054-10-9,CELL-10,9,"Pramaan Nagar Urban Locality (Synthetic), Delhi 110054",ACTIVE,VACANT,VACANT_PLOT,PRIVATE_INDIVIDUAL,Ishaan Singh,FREEHOLD,758.27,0.0,0,0,,,GEO-10-009-G1,V1,28.6810696,77.2391725,VACANT,SYN-WARD-74,V2,G1
IN-DL-110054-10-10,CELL-10,10,"Pramaan Nagar Urban Locality (Synthetic), Delhi 110054",ACTIVE,VACANT,VACANT_PLOT,PRIVATE_INDIVIDUAL,Sneha Bansal,FREEHOLD,828.22,0.0,0,0,,,GEO-10-010-G2,V2,28.6810714,77.2394758,VACANT,SYN-WARD-74,V2,G2
IN-DL-110054-10-11,CELL-10,11,"Pramaan Nagar Urban Locality (Synthetic), Delhi 110054",ACTIVE,REDEVELOPMENT,REDEVELOPMENT_PARCEL,PRIVATE_JOINT,Civitas Enclave Residents LLP,MUTATION_PENDING,626.73,427.31,1,3,Civitas Enclave Redevelopment,,GEO-10-011-G2,V2,28.6808233,77.2367635,REDEVELOPMENT,SYN-WARD-74,V2,G2
IN-DL-110054-10-12,CELL-10,12,"Pramaan Nagar Urban Locality (Synthetic), Delhi 110054",ACTIVE,REDEVELOPMENT,REDEVELOPMENT_PARCEL,PRIVATE_JOINT,Civitas Enclave Residents LLP,MUTATION_PENDING,726.66,1310.35,1,5,Civitas Enclave Redevelopment,,GEO-10-012-G1,V1,28.6808215,77.2370256,REDEVELOPMENT,SYN-WARD-74,V2,G1
IN-DL-110054-10-13,CELL-10,13,"Pramaan Nagar Urban Locality (Synthetic), Delhi 110054",ACTIVE,REDEVELOPMENT,REDEVELOPMENT_PARCEL,PRIVATE_JOINT,Civitas Enclave Residents LLP,MUTATION_PENDING,811.4,1560.78,1,5,Civitas Enclave Redevelopment,,GEO-10-013-G1,V1,28.6808215,77.2373284,REDEVELOPMENT,SYN-WARD-74,V2,G1
IN-DL-110054-10-14,CELL-10,14,"Pramaan Nagar Urban Locality (Synthetic), Delhi 110054",ACTIVE,REDEVELOPMENT,REDEVELOPMENT_PARCEL,PRIVATE_JOINT,Civitas Enclave Residents LLP,MUTATION_PENDING,729.63,750.78,1,5,Civitas Enclave Redevelopment,,GEO-10-014-G1,V1,28.6808215,77.2376317,REDEVELOPMENT,SYN-WARD-74,V2,G1
IN-DL-110054-10-15,CELL-10,15,"Pramaan Nagar Urban Locality (Synthetic), Delhi 110054",ACTIVE,REDEVELOPMENT,UNDER_CONSTRUCTION_PLOT,PRIVATE_JOINT,Civitas Enclave Residents LLP,MUTATION_PENDING,665.96,590.56,1,2,Civitas Enclave Redevelopment,,GEO-10-015-G1,V1,28.6808215,77.2379065,UNDER_CONSTRUCTION,SYN-WARD-74,V1,G1
IN-DL-110054-10-16,CELL-10,16,"Pramaan Nagar Urban Locality (Synthetic), Delhi 110054",ACTIVE,REDEVELOPMENT,UNDER_CONSTRUCTION_PLOT,PRIVATE_JOINT,Civitas Enclave Residents LLP,MUTATION_PENDING,1043.41,2082.9,1,6,Civitas Enclave Redevelopment,,GEO-10-016-G2,V2,28.6808179,77.2382491,UNDER_CONSTRUCTION,SYN-WARD-74,V1,G2
IN-DL-110054-10-17,CELL-10,17,"Pramaan Nagar Urban Locality (Synthetic), Delhi 110054",ACTIVE,REDEVELOPMENT,UNDER_CONSTRUCTION_PLOT,PRIVATE_JOINT,Civitas Enclave Residents LLP,MUTATION_PENDING,802.51,980.88,1,4,Civitas Enclave Redevelopment,,GEO-10-017-G1,V1,28.6808215,77.2386064,UNDER_CONSTRUCTION,SYN-WARD-74,V1,G1
IN-DL-110054-10-18,CELL-10,18,"Pramaan Nagar Urban Locality (Synthetic), Delhi 110054",ACTIVE,VACANT,VACANT_PLOT,PRIVATE_INDIVIDUAL,Sneha Khanna,FREEHOLD,694.45,0.0,0,0,,,GEO-10-018-G1,V1,28.6808215,77.2389011,VACANT,SYN-WARD-74,V2,G1
IN-DL-110054-10-19,CELL-10,19,"Pramaan Nagar Urban Locality (Synthetic), Delhi 110054",ACTIVE,VACANT,VACANT_PLOT,PRIVATE_INDIVIDUAL,Deepak Sethi,FREEHOLD,683.92,0.0,0,0,,,GEO-10-019-G1,V1,28.6808215,77.2391725,VACANT,SYN-WARD-74,V1,G1
IN-DL-110054-10-20,CELL-10,20,"Pramaan Nagar Urban Locality (Synthetic), Delhi 110054",ACTIVE,VACANT,VACANT_PLOT,PRIVATE_INDIVIDUAL,Aarav Aggarwal,FREEHOLD,794.69,0.0,0,0,,,GEO-10-020-G1,V1,28.6808215,77.2394636,VACANT,SYN-WARD-74,V2,G1
IN-DL-110054-10-21,CELL-10,21,"Pramaan Nagar Urban Locality (Synthetic), Delhi 110054",ACTIVE,REDEVELOPMENT,REDEVELOPMENT_PARCEL,PRIVATE_JOINT,Civitas Enclave Residents LLP,MUTATION_PENDING,610.34,148.25,1,1,Civitas Enclave Redevelopment,,GEO-10-021-G1,V1,28.6805962,77.2367513,REDEVELOPMENT,SYN-WARD-74,V2,G1
IN-DL-110054-10-22,CELL-10,22,"Pramaan Nagar Urban Locality (Synthetic), Delhi 110054",ACTIVE,REDEVELOPMENT,REDEVELOPMENT_PARCEL,PRIVATE_JOINT,Civitas Enclave Residents LLP,MUTATION_PENDING,665.2,918.2,1,4,Civitas Enclave Redevelopment,,GEO-10-022-G1,V1,28.6805962,77.2370256,REDEVELOPMENT,SYN-WARD-74,V2,G1
IN-DL-110054-10-23,CELL-10,23,"Pramaan Nagar Urban Locality (Synthetic), Delhi 110054",ACTIVE,REDEVELOPMENT,REDEVELOPMENT_PARCEL,PRIVATE_JOINT,Civitas Enclave Residents LLP,MUTATION_PENDING,742.77,799.54,1,4,Civitas Enclave Redevelopment,,GEO-10-023-G1,V1,28.6805962,77.2373284,REDEVELOPMENT,SYN-WARD-74,V1,G1
IN-DL-110054-10-24,CELL-10,24,"Pramaan Nagar Urban Locality (Synthetic), Delhi 110054",ACTIVE,REDEVELOPMENT,REDEVELOPMENT_PARCEL,PRIVATE_JOINT,Civitas Enclave Residents LLP,MUTATION_PENDING,667.92,598.98,1,2,Civitas Enclave Redevelopment,,GEO-10-024-G1,V1,28.6805962,77.2376317,REDEVELOPMENT,SYN-WARD-74,V2,G1
IN-DL-110054-10-25,CELL-10,25,"Pramaan Nagar Urban Locality (Synthetic), Delhi 110054",ACTIVE,REDEVELOPMENT,UNDER_CONSTRUCTION_PLOT,PRIVATE_JOINT,Civitas Enclave Residents LLP,MUTATION_PENDING,609.64,764.65,1,6,Civitas Enclave Redevelopment,,GEO-10-025-G1,V1,28.6805962,77.2379065,UNDER_CONSTRUCTION,SYN-WARD-74,V2,G1
IN-DL-110054-10-26,CELL-10,26,"Pramaan Nagar Urban Locality (Synthetic), Delhi 110054",ACTIVE,REDEVELOPMENT,UNDER_CONSTRUCTION_PLOT,PRIVATE_JOINT,Civitas Enclave Residents LLP,MUTATION_PENDING,955.26,1667.71,1,6,Civitas Enclave Redevelopment,,GEO-10-026-G1,V1,28.6805962,77.238243,UNDER_CONSTRUCTION,SYN-WARD-74,V2,G1
IN-DL-110054-10-27,CELL-10,27,"Pramaan Nagar Urban Locality (Synthetic), Delhi 110054",ACTIVE,REDEVELOPMENT,UNDER_CONSTRUCTION_PLOT,PRIVATE_JOINT,Civitas Enclave Residents LLP,MUTATION_PENDING,734.63,1188.98,1,5,Civitas Enclave Redevelopment,,GEO-10-027-G1,V1,28.6805962,77.2386064,UNDER_CONSTRUCTION,SYN-WARD-74,V1,G1
IN-DL-110054-10-28,CELL-10,28,"Pramaan Nagar Urban Locality (Synthetic), Delhi 110054",ACTIVE,VACANT,VACANT_PLOT,PRIVATE_INDIVIDUAL,Aarav Bansal,FREEHOLD,635.71,0.0,0,0,,,GEO-10-028-G1,V1,28.6805962,77.2389011,VACANT,SYN-WARD-74,V1,G1
IN-DL-110054-10-29,CELL-10,29,"Pramaan Nagar Urban Locality (Synthetic), Delhi 110054",ACTIVE,VACANT,VACANT_PLOT,PRIVATE_INDIVIDUAL,Ishaan Sharma,FREEHOLD,626.01,0.0,0,0,,,GEO-10-029-G2,V2,28.6805926,77.2391786,VACANT,SYN-WARD-74,V1,G2
IN-DL-110054-10-30,CELL-10,30,"Pramaan Nagar Urban Locality (Synthetic), Delhi 110054",ACTIVE,VACANT,VACANT_PLOT,PRIVATE_INDIVIDUAL,Sneha Saxena,FREEHOLD,727.48,0.0,0,0,,,GEO-10-030-G1,V1,28.6805962,77.2394636,VACANT,SYN-WARD-74,V2,G1
IN-DL-110054-10-31,CELL-10,31,"Pramaan Nagar Urban Locality (Synthetic), Delhi 110054",ACTIVE,REDEVELOPMENT,REDEVELOPMENT_PARCEL,PRIVATE_JOINT,Civitas Enclave Residents LLP,MUTATION_PENDING,652.66,1167.79,1,6,Civitas Enclave Redevelopment,,GEO-10-031-G1,V1,28.6803733,77.2367513,REDEVELOPMENT,SYN-WARD-74,V2,G1
IN-DL-110054-10-32,CELL-10,32,"Pramaan Nagar Urban Locality (Synthetic), Delhi 110054",ACTIVE,REDEVELOPMENT,REDEVELOPMENT_PARCEL,PRIVATE_JOINT,Civitas Enclave Residents LLP,MUTATION_PENDING,711.32,867.69,1,4,Civitas Enclave Redevelopment,,GEO-10-032-G1,V1,28.6803733,77.2370256,REDEVELOPMENT,SYN-WARD-74,V2,G1
IN-DL-110054-10-33,CELL-10,33,"Pramaan Nagar Urban Locality (Synthetic), Delhi 110054",ACTIVE,REDEVELOPMENT,REDEVELOPMENT_PARCEL,PRIVATE_JOINT,Civitas Enclave Residents LLP,MUTATION_PENDING,794.27,1397.89,1,4,Civitas Enclave Redevelopment,,GEO-10-033-G1,V1,28.6803733,77.2373284,REDEVELOPMENT,SYN-WARD-74,V2,G1
IN-DL-110054-10-34,CELL-10,34,"Pramaan Nagar Urban Locality (Synthetic), Delhi 110054",ACTIVE,REDEVELOPMENT,REDEVELOPMENT_PARCEL,PRIVATE_JOINT,Civitas Enclave Residents LLP,MUTATION_PENDING,714.23,1192.05,1,5,Civitas Enclave Redevelopment,,GEO-10-034-G1,V1,28.6803733,77.2376317,REDEVELOPMENT,SYN-WARD-74,V2,G1
IN-DL-110054-10-35,CELL-10,35,"Pramaan Nagar Urban Locality (Synthetic), Delhi 110054",ACTIVE,REDEVELOPMENT,UNDER_CONSTRUCTION_PLOT,PRIVATE_JOINT,Civitas Enclave Residents LLP,MUTATION_PENDING,651.91,1064.89,1,6,Civitas Enclave Redevelopment,,GEO-10-035-G1,V1,28.6803733,77.2379065,UNDER_CONSTRUCTION,SYN-WARD-74,V2,G1
IN-DL-110054-10-36,CELL-10,36,"Pramaan Nagar Urban Locality (Synthetic), Delhi 110054",ACTIVE,REDEVELOPMENT,UNDER_CONSTRUCTION_PLOT,PRIVATE_JOINT,Civitas Enclave Residents LLP,MUTATION_PENDING,1021.49,829.9,1,2,Civitas Enclave Redevelopment,,GEO-10-036-G1,V1,28.6803733,77.238243,UNDER_CONSTRUCTION,SYN-WARD-74,V2,G1
IN-DL-110054-10-37,CELL-10,37,"Pramaan Nagar Urban Locality (Synthetic), Delhi 110054",ACTIVE,REDEVELOPMENT,UNDER_CONSTRUCTION_PLOT,PRIVATE_JOINT,Civitas Enclave Residents LLP,MUTATION_PENDING,785.57,204.22,1,1,Civitas Enclave Redevelopment,,GEO-10-037-G1,V1,28.6803733,77.2386064,UNDER_CONSTRUCTION,SYN-WARD-74,V2,G1
IN-DL-110054-10-38,CELL-10,38,"Pramaan Nagar Urban Locality (Synthetic), Delhi 110054",ACTIVE,VACANT,VACANT_PLOT,PRIVATE_INDIVIDUAL,Sneha Aggarwal,FREEHOLD,679.79,0.0,0,0,,,GEO-10-038-G1,V1,28.6803733,77.2389011,VACANT,SYN-WARD-74,V2,G1
IN-DL-110054-10-39,CELL-10,39,"Pramaan Nagar Urban Locality (Synthetic), Delhi 110054",ACTIVE,VACANT,VACANT_PLOT,PRIVATE_INDIVIDUAL,Deepak Gupta,FREEHOLD,669.48,0.0,0,0,,,GEO-10-039-G1,V1,28.6803733,77.2391725,VACANT,SYN-WARD-74,V2,G1
IN-DL-110054-10-40,CELL-10,40,"Pramaan Nagar Urban Locality (Synthetic), Delhi 110054",ACTIVE,VACANT,VACANT_PLOT,PRIVATE_INDIVIDUAL,Aarav Tiwari,FREEHOLD,777.92,0.0,0,0,,,GEO-10-040-G1,V1,28.6803733,77.2394636,VACANT,SYN-WARD-74,V2,G1
IN-DL-110054-10-41,CELL-10,41,"Pramaan Nagar Urban Locality (Synthetic), Delhi 110054",ACTIVE,REDEVELOPMENT,APARTMENT_BLOCK,PRIVATE_JOINT,Civitas Enclave Residents LLP,MUTATION_PENDING,731.69,1675.22,1,5,Civitas Enclave Redevelopment,,GEO-10-041-G1,V1,28.6801291,77.2367513,REDEVELOPMENT,SYN-WARD-74,V1,G1
IN-DL-110054-10-42,CELL-10,42,"Pramaan Nagar Urban Locality (Synthetic), Delhi 110054",ACTIVE,REDEVELOPMENT,APARTMENT_BLOCK,PRIVATE_JOINT,Civitas Enclave Residents LLP,MUTATION_PENDING,797.45,2828.46,1,8,Civitas Enclave Redevelopment,,GEO-10-042-G1,V1,28.6801291,77.2370256,REDEVELOPMENT,SYN-WARD-74,V2,G1
IN-DL-110054-10-43,CELL-10,43,"Pramaan Nagar Urban Locality (Synthetic), Delhi 110054",ACTIVE,REDEVELOPMENT,APARTMENT_BLOCK,PRIVATE_JOINT,Civitas Enclave Residents LLP,MUTATION_PENDING,890.45,3216.39,1,6,Civitas Enclave Redevelopment,,GEO-10-043-G1,V1,28.6801291,77.2373284,REDEVELOPMENT,SYN-WARD-74,V1,G1
IN-DL-110054-10-44,CELL-10,44,"Pramaan Nagar Urban Locality (Synthetic), Delhi 110054",ACTIVE,REDEVELOPMENT,APARTMENT_BLOCK,PRIVATE_JOINT,Civitas Enclave Residents LLP,MUTATION_PENDING,800.72,2468.24,1,6,Civitas Enclave Redevelopment,,GEO-10-044-G1,V1,28.6801291,77.2376317,REDEVELOPMENT,SYN-WARD-74,V1,G1
IN-DL-110054-10-45,CELL-10,45,"Pramaan Nagar Urban Locality (Synthetic), Delhi 110054",ACTIVE,RESIDENTIAL,APARTMENT_BLOCK,PRIVATE_JOINT,Civitas Enclave Residents LLP,MUTATION_PENDING,730.85,2840.25,1,9,Civitas Enclave Redevelopment,,GEO-10-045-G1,V1,28.6801291,77.2379065,,SYN-WARD-74,V2,G1
IN-DL-110054-10-46,CELL-10,46,"Pramaan Nagar Urban Locality (Synthetic), Delhi 110054",ACTIVE,RESIDENTIAL,APARTMENT_BLOCK,PRIVATE_JOINT,Civitas Enclave Residents LLP,MUTATION_PENDING,1145.18,3491.65,1,5,Civitas Enclave Redevelopment,,GEO-10-046-G1,V1,28.6801291,77.238243,,SYN-WARD-74,V2,G1
IN-DL-110054-10-47,CELL-10,47,"Pramaan Nagar Urban Locality (Synthetic), Delhi 110054",ACTIVE,RESIDENTIAL,BUILDER_FLOOR,PRIVATE_INDIVIDUAL,Deepak Sharma,FREEHOLD,880.69,543.91,1,1,,,GEO-10-047-G1,V1,28.6801291,77.2386064,,SYN-WARD-74,V1,G1
IN-DL-110054-10-48,CELL-10,48,"Pramaan Nagar Urban Locality (Synthetic), Delhi 110054",ACTIVE,RESIDENTIAL,BUILDER_FLOOR,PRIVATE_INDIVIDUAL,Aarav Saxena,FREEHOLD,762.11,1849.58,1,4,,,GEO-10-048-G1,V1,28.6801291,77.2389011,,SYN-WARD-74,V1,G1
IN-DL-110054-10-49,CELL-10,49,"Pramaan Nagar Urban Locality (Synthetic), Delhi 110054",ACTIVE,RESIDENTIAL,BUILDER_FLOOR,PRIVATE_INDIVIDUAL,Ishaan Malhotra,FREEHOLD,750.55,753.63,1,2,,,GEO-10-049-G1,V1,28.6801291,77.2391725,,SYN-WARD-74,V2,G1
IN-DL-110054-10-50,CELL-10,50,"Pramaan Nagar Urban Locality (Synthetic), Delhi 110054",ACTIVE,RESIDENTIAL,BUILDER_FLOOR,PRIVATE_INDIVIDUAL,Sneha Chawla,FREEHOLD,872.12,966.18,1,2,,,GEO-10-050-G1,V1,28.6801291,77.2394636,,SYN-WARD-74,V1,G1
IN-DL-110054-10-51,CELL-10,51,"Pramaan Nagar Urban Locality (Synthetic), Delhi 110054",ACTIVE,REDEVELOPMENT,APARTMENT_BLOCK,PRIVATE_JOINT,Civitas Enclave Residents LLP,MUTATION_PENDING,1015.04,4652.31,1,8,Civitas Enclave Redevelopment,,GEO-10-051-G1,V1,28.6798209,77.2367513,REDEVELOPMENT,SYN-WARD-74,V2,G1
IN-DL-110054-10-52,CELL-10,52,"Pramaan Nagar Urban Locality (Synthetic), Delhi 110054",ACTIVE,REDEVELOPMENT,APARTMENT_BLOCK,PRIVATE_JOINT,Civitas Enclave Residents LLP,MUTATION_PENDING,1106.27,2891.6,1,5,Civitas Enclave Redevelopment,,GEO-10-052-G1,V1,28.6798209,77.2370256,REDEVELOPMENT,SYN-WARD-74,V2,G1
IN-DL-110054-10-53,CELL-10,53,"Pramaan Nagar Urban Locality (Synthetic), Delhi 110054",ACTIVE,REDEVELOPMENT,APARTMENT_BLOCK,PRIVATE_JOINT,Civitas Enclave Residents LLP,MUTATION_PENDING,1235.28,4398.63,1,7,Civitas Enclave Redevelopment,,GEO-10-053-G1,V1,28.6798209,77.2373284,REDEVELOPMENT,SYN-WARD-74,V2,G1
IN-DL-110054-10-54,CELL-10,54,"Pramaan Nagar Urban Locality (Synthetic), Delhi 110054",ACTIVE,REDEVELOPMENT,APARTMENT_BLOCK,PRIVATE_JOINT,Civitas Enclave Residents LLP,MUTATION_PENDING,1109.02,4557.37,1,8,Civitas Enclave Redevelopment,,GEO-10-054-G2,V2,28.67983,77.2376133,REDEVELOPMENT,SYN-WARD-74,V1,G2
IN-DL-110054-10-55,CELL-10,55,"Pramaan Nagar Urban Locality (Synthetic), Delhi 110054",ACTIVE,RESIDENTIAL,APARTMENT_BLOCK,PRIVATE_JOINT,Civitas Enclave Residents LLP,MUTATION_PENDING,1013.87,2265.61,1,5,Civitas Enclave Redevelopment,,GEO-10-055-G1,V1,28.6798209,77.2379065,,SYN-WARD-74,V2,G1
IN-DL-110054-10-56,CELL-10,56,"Pramaan Nagar Urban Locality (Synthetic), Delhi 110054",ACTIVE,RESIDENTIAL,APARTMENT_BLOCK,PRIVATE_JOINT,Civitas Enclave Residents LLP,MUTATION_PENDING,1588.66,6584.33,1,7,Civitas Enclave Redevelopment,,GEO-10-056-G1,V1,28.6798209,77.238243,,SYN-WARD-74,V1,G1
IN-DL-110054-10-57,CELL-10,57,"Pramaan Nagar Urban Locality (Synthetic), Delhi 110054",ACTIVE,RESIDENTIAL,BUILDER_FLOOR,PRIVATE_INDIVIDUAL,Ishaan Gupta,FREEHOLD,1221.74,2811.18,1,4,,,GEO-10-057-G1,V1,28.6798209,77.2386064,,SYN-WARD-74,V2,G1
IN-DL-110054-10-58,CELL-10,58,"Pramaan Nagar Urban Locality (Synthetic), Delhi 110054",ACTIVE,RESIDENTIAL,BUILDER_FLOOR,PRIVATE_INDIVIDUAL,Sneha Tiwari,FREEHOLD,1057.23,2498.43,1,4,,,GEO-10-058-G1,V1,28.6798209,77.2389011,,SYN-WARD-74,V2,G1
IN-DL-110054-10-59,CELL-10,59,"Pramaan Nagar Urban Locality (Synthetic), Delhi 110054",ACTIVE,RESIDENTIAL,BUILDER_FLOOR,PRIVATE_INDIVIDUAL,Deepak Kapoor,FREEHOLD,1041.21,1258.53,1,2,,,GEO-10-059-G1,V1,28.6798209,77.2391725,,SYN-WARD-74,V2,G1
IN-DL-110054-10-60,CELL-10,60,"Pramaan Nagar Urban Locality (Synthetic), Delhi 110054",ACTIVE,RESIDENTIAL,BUILDER_FLOOR,PRIVATE_INDIVIDUAL,Aarav Bhatia,FREEHOLD,1209.85,727.84,1,1,,,GEO-10-060-G1,V1,28.6798209,77.2394636,,SYN-WARD-74,V1,G1
IN-DL-110054-10-61,CELL-10,61,"Pramaan Nagar Urban Locality (Synthetic), Delhi 110054",ACTIVE,TRANSPORT_ACCESS,PARKING_AREA,PRIVATE_JOINT,Civitas Enclave Residents LLP,MUTATION_PENDING,652.6,0.0,0,0,Civitas Enclave Redevelopment,,GEO-10-061-G1,V1,28.6795267,77.2367513,REDEVELOPMENT,SYN-WARD-74,V1,G1
IN-DL-110054-10-62,CELL-10,62,"Pramaan Nagar Urban Locality (Synthetic), Delhi 110054",ACTIVE,TRANSPORT_ACCESS,PARKING_AREA,PRIVATE_JOINT,Civitas Enclave Residents LLP,MUTATION_PENDING,711.26,0.0,0,0,Civitas Enclave Redevelopment,,GEO-10-062-G1,V1,28.6795267,77.2370256,REDEVELOPMENT,SYN-WARD-74,V2,G1
IN-DL-110054-10-63,CELL-10,63,"Pramaan Nagar Urban Locality (Synthetic), Delhi 110054",ACTIVE,PUBLIC_OPEN_SPACE,PUBLIC_PARK,PRIVATE_JOINT,Civitas Enclave Residents LLP,MUTATION_PENDING,794.2,0.0,1,0,Civitas Enclave Redevelopment,,GEO-10-063-G1,V1,28.6795267,77.2373284,ENCROACHMENT_AFFECTED,SYN-WARD-74,V1,G1
IN-DL-110054-10-64,CELL-10,64,"Pramaan Nagar Urban Locality (Synthetic), Delhi 110054",ACTIVE,UTILITY,UTILITY_PARCEL,PRIVATE_JOINT,Civitas Enclave Residents LLP,MUTATION_PENDING,714.17,107.13,1,1,Civitas Enclave Redevelopment,,GEO-10-064-G1,V1,28.6795267,77.2376317,REDEVELOPMENT,SYN-WARD-74,V2,G1
IN-DL-110054-10-65,CELL-10,65,"Pramaan Nagar Urban Locality (Synthetic), Delhi 110054",ACTIVE,RESIDENTIAL,APARTMENT_BLOCK,PRIVATE_JOINT,Civitas Enclave Residents LLP,MUTATION_PENDING,651.85,3559.58,1,10,Civitas Enclave Redevelopment,,GEO-10-065-G1,V1,28.6795267,77.2379065,,SYN-WARD-74,V2,G1
IN-DL-110054-10-66,CELL-10,66,"Pramaan Nagar Urban Locality (Synthetic), Delhi 110054",ACTIVE,RESIDENTIAL,APARTMENT_BLOCK,PRIVATE_JOINT,Civitas Enclave Residents LLP,MUTATION_PENDING,1021.4,2191.79,1,4,Civitas Enclave Redevelopment,,GEO-10-066-G1,V1,28.6795267,77.238243,,SYN-WARD-74,V1,G1
IN-DL-110054-10-67,CELL-10,67,"Pramaan Nagar Urban Locality (Synthetic), Delhi 110054",ACTIVE,RESIDENTIAL,BUILDER_FLOOR,PRIVATE_INDIVIDUAL,Deepak Malhotra,FREEHOLD,785.5,1067.07,1,2,,,GEO-10-067-G1,V1,28.6795267,77.2386064,,SYN-WARD-74,V2,G1
IN-DL-110054-10-68,CELL-10,68,"Pramaan Nagar Urban Locality (Synthetic), Delhi 110054",ACTIVE,RESIDENTIAL,BUILDER_FLOOR,PRIVATE_INDIVIDUAL,Aarav Chawla,FREEHOLD,679.73,394.51,1,1,,,GEO-10-068-G1,V1,28.6795267,77.2389011,,SYN-WARD-74,V2,G1
IN-DL-110054-10-69,CELL-10,69,"Pramaan Nagar Urban Locality (Synthetic), Delhi 110054",ACTIVE,RESIDENTIAL,BUILDER_FLOOR,PRIVATE_INDIVIDUAL,Ishaan Jain,FREEHOLD,669.43,440.91,1,1,,,GEO-10-069-G1,V1,28.6795267,77.2391725,,SYN-WARD-74,V2,G1
IN-DL-110054-10-70,CELL-10,70,"Pramaan Nagar Urban Locality (Synthetic), Delhi 110054",ACTIVE,RESIDENTIAL,BUILDER_FLOOR,PRIVATE_INDIVIDUAL,Sneha Verma,FREEHOLD,777.85,1082.64,1,2,,,GEO-10-070-G1,V1,28.6795267,77.2394636,,SYN-WARD-74,V2,G1
IN-DL-110054-10-71,CELL-10,71,"Pramaan Nagar Urban Locality (Synthetic), Delhi 110054",ACTIVE,RESIDENTIAL,APARTMENT_BLOCK,PRIVATE_JOINT,Civitas Enclave Residents LLP,MUTATION_PENDING,573.73,1173.51,1,4,Civitas Enclave Redevelopment,,GEO-10-071-G2,V2,28.6793057,77.2367635,,SYN-WARD-74,V2,G2
IN-DL-110054-10-72,CELL-10,72,"Pramaan Nagar Urban Locality (Synthetic), Delhi 110054",ACTIVE,RESIDENTIAL,APARTMENT_BLOCK,PRIVATE_JOINT,Civitas Enclave Residents LLP,MUTATION_PENDING,665.2,1347.48,1,5,Civitas Enclave Redevelopment,,GEO-10-072-G1,V1,28.6793038,77.2370256,,SYN-WARD-74,V1,G1
IN-DL-110054-10-73,CELL-10,73,"Pramaan Nagar Urban Locality (Synthetic), Delhi 110054",ACTIVE,RESIDENTIAL,APARTMENT_BLOCK,PRIVATE_JOINT,Civitas Enclave Residents LLP,MUTATION_PENDING,742.78,2400.97,1,7,Civitas Enclave Redevelopment,,GEO-10-073-G1,V1,28.6793038,77.2373284,,SYN-WARD-74,V1,G1
IN-DL-110054-10-74,CELL-10,74,"Pramaan Nagar Urban Locality (Synthetic), Delhi 110054",ACTIVE,RESIDENTIAL,APARTMENT_BLOCK,PRIVATE_JOINT,Civitas Enclave Residents LLP,MUTATION_PENDING,667.93,2821.41,1,10,Civitas Enclave Redevelopment,,GEO-10-074-G1,V1,28.6793038,77.2376317,,SYN-WARD-74,V2,G1
IN-DL-110054-10-75,CELL-10,75,"Pramaan Nagar Urban Locality (Synthetic), Delhi 110054",ACTIVE,RESIDENTIAL,APARTMENT_BLOCK,PRIVATE_JOINT,Civitas Enclave Residents LLP,MUTATION_PENDING,609.64,2050.64,1,7,Civitas Enclave Redevelopment,,GEO-10-075-G1,V1,28.6793038,77.2379065,,SYN-WARD-74,V2,G1
IN-DL-110054-10-76,CELL-10,76,"Pramaan Nagar Urban Locality (Synthetic), Delhi 110054",ACTIVE,RESIDENTIAL,APARTMENT_BLOCK,PRIVATE_JOINT,Civitas Enclave Residents LLP,MUTATION_PENDING,955.27,4965.68,1,10,Civitas Enclave Redevelopment,,GEO-10-076-G1,V1,28.6793038,77.238243,,SYN-WARD-74,V2,G1
IN-DL-110054-10-77,CELL-10,77,"Pramaan Nagar Urban Locality (Synthetic), Delhi 110054",ACTIVE,RESIDENTIAL,BUILDER_FLOOR,PRIVATE_INDIVIDUAL,Ishaan Kapoor,FREEHOLD,734.64,1513.85,1,4,,,GEO-10-077-G1,V1,28.6793038,77.2386064,,SYN-WARD-74,V2,G1
IN-DL-110054-10-78,CELL-10,78,"Pramaan Nagar Urban Locality (Synthetic), Delhi 110054",ACTIVE,RESIDENTIAL,BUILDER_FLOOR,PRIVATE_INDIVIDUAL,Sneha Bhatia,FREEHOLD,635.72,970.2,1,3,,,GEO-10-078-G1,V1,28.6793038,77.2389011,,SYN-WARD-74,V2,G1
IN-DL-110054-10-79,CELL-10,79,"Pramaan Nagar Urban Locality (Synthetic), Delhi 110054",ACTIVE,RESIDENTIAL,BUILDER_FLOOR,PRIVATE_INDIVIDUAL,Deepak Arora,FREEHOLD,626.08,788.23,1,2,,,GEO-10-079-G1,V1,28.6793038,77.2391725,,SYN-WARD-74,V1,G1
IN-DL-110054-10-80,CELL-10,80,"Pramaan Nagar Urban Locality (Synthetic), Delhi 110054",ACTIVE,RESIDENTIAL,BUILDER_FLOOR,PRIVATE_INDIVIDUAL,Aarav Mehta,FREEHOLD,727.49,1384.31,1,4,,,GEO-10-080-G1,V1,28.6793038,77.2394636,,SYN-WARD-74,V2,G1
IN-DL-110054-10-81,CELL-10,81,"Pramaan Nagar Urban Locality (Synthetic), Delhi 110054",ACTIVE,COMMERCIAL,RETAIL_SHOP,PRIVATE_INDIVIDUAL,Ishaan Singh,FREEHOLD,666.79,2104.94,1,4,,,GEO-10-081-G1,V1,28.6790785,77.2367513,,SYN-WARD-74,V2,G1
IN-DL-110054-10-82,CELL-10,82,"Pramaan Nagar Urban Locality (Synthetic), Delhi 110054",ACTIVE,COMMERCIAL,OFFICE_COMMERCIAL_PLOT,PRIVATE_INDIVIDUAL,Sneha Bansal,FREEHOLD,726.72,1099.96,1,2,,,GEO-10-082-G1,V1,28.6790785,77.2370256,,SYN-WARD-74,V2,G1
IN-DL-110054-10-83,CELL-10,83,"Pramaan Nagar Urban Locality (Synthetic), Delhi 110054",ACTIVE,MIXED_USE,MIXED_USE_BUILDING,PRIVATE_INDIVIDUAL,Deepak Sharma,FREEHOLD,811.47,915.18,1,2,,,GEO-10-083-G1,V1,28.6790785,77.2373284,,SYN-WARD-74,V2,G1
IN-DL-110054-10-84,CELL-10,84,"Pramaan Nagar Urban Locality (Synthetic), Delhi 110054",ACTIVE,MIXED_USE,MIXED_USE_BUILDING,PRIVATE_INDIVIDUAL,Aarav Saxena,FREEHOLD,729.7,1020.99,1,2,,,GEO-10-084-G1,V1,28.6790785,77.2376317,,SYN-WARD-74,V2,G1
IN-DL-110054-10-85,CELL-10,85,"Pramaan Nagar Urban Locality (Synthetic), Delhi 110054",ACTIVE,GOVERNMENT,GOVERNMENT_LAND,DDA,Delhi Development Authority,LEASEHOLD_DDA,666.02,1000.8,1,3,,Delhi Development Authority,GEO-10-085-G1,V1,28.6790785,77.2379065,,SYN-WARD-74,V2,G1
IN-DL-110054-10-86,CELL-10,86,"Pramaan Nagar Urban Locality (Synthetic), Delhi 110054",ACTIVE,INSTITUTIONAL,COLLEGE_TRAINING_CENTRE,EDUCATIONAL_INSTITUTION,Pramaan Education Society,FREEHOLD,1043.61,1011.14,2,3,,,GEO-10-086-G1,V1,28.6790785,77.238243,,SYN-WARD-74,V2,G1
IN-DL-110054-10-87,CELL-10,87,"Pramaan Nagar Urban Locality (Synthetic), Delhi 110054",ACTIVE,PUBLIC_OPEN_SPACE,PUBLIC_PARK,MCD,Municipal Corporation of Delhi,MUNICIPAL_VESTING,801.29,0.0,0,0,,Municipal Corporation of Delhi,GEO-10-087-G2,V2,28.6790876,77.238588,,SYN-WARD-74,V1,G2
IN-DL-110054-10-88,CELL-10,88,"Pramaan Nagar Urban Locality (Synthetic), Delhi 110054",ACTIVE,PUBLIC_OPEN_SPACE,GREEN_BELT,MCD,Municipal Corporation of Delhi,MUNICIPAL_VESTING,694.51,0.0,1,0,,Municipal Corporation of Delhi,GEO-10-088-G1,V1,28.6790785,77.2389011,ENCROACHMENT_AFFECTED,SYN-WARD-74,V1,G1
IN-DL-110054-10-89,CELL-10,89,"Pramaan Nagar Urban Locality (Synthetic), Delhi 110054",ACTIVE,UTILITY,WATER_INFRASTRUCTURE,UTILITY_AGENCY,Delhi Jal Board,LICENSED_USE,683.98,102.6,1,1,,Delhi Jal Board,GEO-10-089-G1,V1,28.6790785,77.2391725,,SYN-WARD-74,V2,G1
IN-DL-110054-10-90,CELL-10,90,"Pramaan Nagar Urban Locality (Synthetic), Delhi 110054",ACTIVE,TRANSPORT_ACCESS,PARKING_AREA,MCD,Municipal Corporation of Delhi,MUNICIPAL_VESTING,794.76,0.0,0,0,,Municipal Corporation of Delhi,GEO-10-090-G1,V1,28.6790785,77.2394636,,SYN-WARD-74,V2,G1
IN-DL-110054-10-91,CELL-10,91,"Pramaan Nagar Urban Locality (Synthetic), Delhi 110054",ACTIVE,TRANSPORT_ACCESS,PARKING_AREA,MCD,Municipal Corporation of Delhi,MUNICIPAL_VESTING,738.06,0.0,0,0,,Municipal Corporation of Delhi,GEO-10-091-G2,V2,28.6788395,77.2367328,,SYN-WARD-74,V1,G2
IN-DL-110054-10-92,CELL-10,92,"Pramaan Nagar Urban Locality (Synthetic), Delhi 110054",ACTIVE,TRANSPORT_ACCESS,PARKING_AREA,MCD,Municipal Corporation of Delhi,MUNICIPAL_VESTING,805.69,0.0,0,0,,Municipal Corporation of Delhi,GEO-10-092-G1,V1,28.6788304,77.2370256,,SYN-WARD-74,V2,G1
IN-DL-110054-10-93,CELL-10,93,"Pramaan Nagar Urban Locality (Synthetic), Delhi 110054",ACTIVE,UTILITY,UTILITY_PARCEL,UTILITY_AGENCY,BSES Yamuna Power Limited,LICENSED_USE,899.64,134.95,1,1,,BSES Yamuna Power Limited,GEO-10-093-G1,V1,28.6788304,77.2373284,,SYN-WARD-74,V1,G1
IN-DL-110054-10-94,CELL-10,94,"Pramaan Nagar Urban Locality (Synthetic), Delhi 110054",ACTIVE,UTILITY,ELECTRICAL_SUBSTATION,UTILITY_AGENCY,BSES Yamuna Power Limited,LICENSED_USE,808.99,121.35,1,1,,BSES Yamuna Power Limited,GEO-10-094-G1,V1,28.6788304,77.2376317,,SYN-WARD-74,V1,G1
IN-DL-110054-10-95,CELL-10,95,"Pramaan Nagar Urban Locality (Synthetic), Delhi 110054",ACTIVE,UTILITY,WATER_INFRASTRUCTURE,UTILITY_AGENCY,Delhi Jal Board,LICENSED_USE,738.39,110.76,1,1,,Delhi Jal Board,GEO-10-095-G1,V1,28.6788304,77.2379065,,SYN-WARD-74,V2,G1
IN-DL-110054-10-96,CELL-10,96,"Pramaan Nagar Urban Locality (Synthetic), Delhi 110054",ACTIVE,TRANSPORT_ACCESS,ROAD_ACCESS_CORRIDOR,MCD,Municipal Corporation of Delhi,MUNICIPAL_VESTING,1157.0,0.0,0,0,,Municipal Corporation of Delhi,GEO-10-096-G1,V1,28.6788304,77.238243,,SYN-WARD-74,V2,G1
IN-DL-110054-10-97,CELL-10,97,"Pramaan Nagar Urban Locality (Synthetic), Delhi 110054",ACTIVE,COMMERCIAL,LOCAL_SHOPPING_COMPLEX,PRIVATE_INDIVIDUAL,Ishaan Arora,FREEHOLD,889.78,1553.27,1,3,,,GEO-10-097-G1,V1,28.6788304,77.2386064,,SYN-WARD-74,V2,G1
IN-DL-110054-10-98,CELL-10,98,"Pramaan Nagar Urban Locality (Synthetic), Delhi 110054",ACTIVE,COMMERCIAL,OFFICE_COMMERCIAL_PLOT,PRIVATE_INDIVIDUAL,Sneha Mehta,FREEHOLD,769.97,2719.32,1,5,,,GEO-10-098-G1,V1,28.6788304,77.2389011,,SYN-WARD-74,V2,G1
IN-DL-110054-10-99,CELL-10,99,"Pramaan Nagar Urban Locality (Synthetic), Delhi 110054",ACTIVE,PUBLIC_OPEN_SPACE,PUBLIC_PARK,MCD,Municipal Corporation of Delhi,MUNICIPAL_VESTING,758.3,0.0,0,0,,Municipal Corporation of Delhi,GEO-10-099-G1,V1,28.6788304,77.2391725,,SYN-WARD-74,V1,G1
IN-DL-110054-10-100,CELL-10,100,"Pramaan Nagar Urban Locality (Synthetic), Delhi 110054",ACTIVE,VACANT,VACANT_PLOT,PRIVATE_INDIVIDUAL,Aarav Bansal,FREEHOLD,881.12,0.0,0,0,,,GEO-10-100-G1,V1,28.6788304,77.2394636,VACANT,SYN-WARD-74,V1,G1
