canonical_parcel_id,record_status,lineage_status,parent_parcel_ids,child_parcel_ids,match_status,criticality_level,criticality_reason,source_count,matched_source_ids,overall_match_confidence,geometry_confidence,ownership_confidence,land_use_confidence,lineage_confidence,reconciliation_confidence,proposed_state,authoritative_state,requires_human_review,unresolved_conflicts,reconciliation_timestamp,benchmark_case_ids
IN-DL-110054-1-1,ACTIVE,CURRENT,,,AUTO_MATCHED,LOW,No material disagreement,4,OBS-000001;OBS-000002;OBS-000003;OBS-000004,0.851,0.779,0.699,0.699,0.94,0.796,"{""owner"":""Ishaan Sethi"",""land_use"":""RESIDENTIAL"",""geometry_id"":""GEO-01-001-G1"",""area_sqm"":842.41}","{""owner"":""Ishaan Sethi"",""land_use"":""RESIDENTIAL"",""geometry_id"":""GEO-01-001-G1"",""state"":""AUTHORITATIVE""}",False,,2026-09-15 10:30:00,TC01_CLEAN_ONE_TO_ONE
IN-DL-110054-1-2,ACTIVE,CURRENT,,,AUTO_MATCHED,LOW,No material disagreement,4,OBS-000005;OBS-000006;OBS-000007;OBS-000008,0.853,0.776,0.702,0.702,0.94,0.797,"{""owner"":""Sneha Aggarwal"",""land_use"":""RESIDENTIAL"",""geometry_id"":""GEO-01-002-G1"",""area_sqm"":746.83}","{""owner"":""Sneha Aggarwal"",""land_use"":""RESIDENTIAL"",""geometry_id"":""GEO-01-002-G1"",""state"":""AUTHORITATIVE""}",False,,2026-09-15 10:30:00,TC01_CLEAN_ONE_TO_ONE
IN-DL-110054-1-3,ACTIVE,CURRENT,,,AUTO_MATCHED,LOW,No material disagreement,4,OBS-000009;OBS-000010;OBS-000011;OBS-000012,0.854,0.775,0.703,0.703,0.94,0.797,"{""owner"":""Deepak Gupta"",""land_use"":""RESIDENTIAL"",""geometry_id"":""GEO-01-003-G1"",""area_sqm"":695.46}","{""owner"":""Deepak Gupta"",""land_use"":""RESIDENTIAL"",""geometry_id"":""GEO-01-003-G1"",""state"":""AUTHORITATIVE""}",False,,2026-09-15 10:30:00,TC01_CLEAN_ONE_TO_ONE
IN-DL-110054-1-4,ACTIVE,CURRENT,,,HUMAN_REVIEW_REQUIRED,CRITICAL,Duplicate source row can create duplicate legal identity.; Slight spatial shift but identity remains strong.,5,OBS-000013;OBS-000014;OBS-000015;OBS-000016;OBS-000017,0.692,0.666,0.651,0.665,0.94,0.706,"{""owner"":""Aarav Tiwari"",""land_use"":""RESIDENTIAL"",""geometry_id"":""GEO-01-004-G1"",""area_sqm"":804.28}","{""owner"":""Aarav Tiwari"",""land_use"":""RESIDENTIAL"",""geometry_id"":""GEO-01-004-G1"",""state"":""UNCHANGED_PENDING""}",True,CNF-00326,2026-09-15 10:30:00,TC02_SLIGHT_GEOMETRY_SHIFT;TC04_DUPLICATE_SOURCE_PARCEL
IN-DL-110054-1-5,ACTIVE,CURRENT,,,AUTO_MATCHED,LOW,No material disagreement,4,OBS-000018;OBS-000019;OBS-000020;OBS-000021,0.857,0.771,0.706,0.706,0.94,0.798,"{""owner"":""Ishaan Kapoor"",""land_use"":""RESIDENTIAL"",""geometry_id"":""GEO-01-005-G1"",""area_sqm"":827.61}","{""owner"":""Ishaan Kapoor"",""land_use"":""RESIDENTIAL"",""geometry_id"":""GEO-01-005-G1"",""state"":""AUTHORITATIVE""}",False,,2026-09-15 10:30:00,TC01_CLEAN_ONE_TO_ONE
IN-DL-110054-1-6,ACTIVE,CURRENT,,,AUTO_MATCHED,LOW,No material disagreement,5,OBS-000022;OBS-000023;OBS-000024;OBS-000025;OBS-000026,0.875,0.75,0.683,0.683,0.94,0.791,"{""owner"":""Sneha Bhatia"",""land_use"":""RESIDENTIAL"",""geometry_id"":""GEO-01-006-G1"",""area_sqm"":1004.72}","{""owner"":""Sneha Bhatia"",""land_use"":""RESIDENTIAL"",""geometry_id"":""GEO-01-006-G1"",""state"":""AUTHORITATIVE""}",False,,2026-09-15 10:30:00,TC01_CLEAN_ONE_TO_ONE
IN-DL-110054-1-7,ACTIVE,CURRENT,,,AUTO_MATCHED,LOW,No material disagreement,4,OBS-000027;OBS-000028;OBS-000029;OBS-000030,0.85,0.781,0.697,0.697,0.94,0.795,"{""owner"":""Deepak Arora"",""land_use"":""RESIDENTIAL"",""geometry_id"":""GEO-01-007-G1"",""area_sqm"":719.04}","{""owner"":""Deepak Arora"",""land_use"":""RESIDENTIAL"",""geometry_id"":""GEO-01-007-G1"",""state"":""AUTHORITATIVE""}",False,,2026-09-15 10:30:00,TC01_CLEAN_ONE_TO_ONE
IN-DL-110054-1-8,ACTIVE,CURRENT,,,AUTO_MATCHED,LOW,No material disagreement,5,OBS-000031;OBS-000032;OBS-000033;OBS-000034;OBS-000035,0.864,0.908,0.705,0.705,0.94,0.834,"{""owner"":""Aarav Mehta"",""land_use"":""RESIDENTIAL"",""geometry_id"":""GEO-01-008-G1"",""area_sqm"":832.26}","{""owner"":""Aarav Mehta"",""land_use"":""RESIDENTIAL"",""geometry_id"":""GEO-01-008-G1"",""state"":""AUTHORITATIVE""}",False,,2026-09-15 10:30:00,TC01_CLEAN_ONE_TO_ONE
IN-DL-110054-1-9,ACTIVE,CURRENT,,,AUTO_MATCHED,LOW,No material disagreement,5,OBS-000036;OBS-000037;OBS-000038;OBS-000039;OBS-000040,0.865,0.907,0.706,0.706,0.94,0.834,"{""owner"":""Ishaan Singh"",""land_use"":""RESIDENTIAL"",""geometry_id"":""GEO-01-009-G1"",""area_sqm"":796.82}","{""owner"":""Ishaan Singh"",""land_use"":""RESIDENTIAL"",""geometry_id"":""GEO-01-009-G1"",""state"":""AUTHORITATIVE""}",False,,2026-09-15 10:30:00,TC01_CLEAN_ONE_TO_ONE
IN-DL-110054-1-10,ACTIVE,CURRENT,,,MATCHED_WITH_MINOR_CONFLICT,LOW,Abbreviation / formatting variation only.,4,OBS-000041;OBS-000042;OBS-000043;OBS-000044,0.858,0.715,0.704,0.704,0.94,0.783,"{""owner"":""Sneha Bansal"",""land_use"":""MIXED_USE"",""geometry_id"":""GEO-01-010-G1"",""area_sqm"":692.73}","{""owner"":""Sneha Bansal"",""land_use"":""MIXED_USE"",""geometry_id"":""GEO-01-010-G1"",""state"":""AUTHORITATIVE""}",False,,2026-09-15 10:30:00,
IN-DL-110054-1-11,ACTIVE,CURRENT,,,AUTO_MATCHED,LOW,No material disagreement,4,OBS-000045;OBS-000046;OBS-000047;OBS-000048,0.855,0.773,0.705,0.705,0.94,0.798,"{""owner"":""Deepak Sharma"",""land_use"":""RESIDENTIAL"",""geometry_id"":""GEO-01-011-G1"",""area_sqm"":750.16}","{""owner"":""Deepak Sharma"",""land_use"":""RESIDENTIAL"",""geometry_id"":""GEO-01-011-G1"",""state"":""AUTHORITATIVE""}",False,,2026-09-15 10:30:00,TC01_CLEAN_ONE_TO_ONE
IN-DL-110054-1-12,ACTIVE,CURRENT,,,MATCHED_WITH_MINOR_CONFLICT,MEDIUM,Moderate area-basis disagreement.,4,OBS-000049;OBS-000050;OBS-000051;OBS-000052,0.861,0.714,0.708,0.708,0.94,0.786,"{""owner"":""Aarav Saxena"",""land_use"":""RESIDENTIAL"",""geometry_id"":""GEO-01-012-G1"",""area_sqm"":665.04}","{""owner"":""Aarav Saxena"",""land_use"":""RESIDENTIAL"",""geometry_id"":""GEO-01-012-G1"",""state"":""AUTHORITATIVE""}",False,,2026-09-15 10:30:00,
IN-DL-110054-1-13,ACTIVE,CURRENT,,,AUTO_MATCHED,LOW,No material disagreement,3,OBS-000053;OBS-000054;OBS-000055,0.885,0.738,0.732,0.732,0.94,0.806,"{""owner"":""Ishaan Malhotra"",""land_use"":""RESIDENTIAL"",""geometry_id"":""GEO-01-013-G1"",""area_sqm"":619.3}","{""owner"":""Ishaan Malhotra"",""land_use"":""RESIDENTIAL"",""geometry_id"":""GEO-01-013-G1"",""state"":""AUTHORITATIVE""}",False,,2026-09-15 10:30:00,TC01_CLEAN_ONE_TO_ONE
IN-DL-110054-1-14,ACTIVE,CURRENT,,,AUTO_MATCHED,LOW,No material disagreement,4,OBS-000056;OBS-000057;OBS-000058;OBS-000059,0.85,0.78,0.698,0.698,0.94,0.796,"{""owner"":""Sneha Chawla"",""land_use"":""RESIDENTIAL"",""geometry_id"":""GEO-01-014-G1"",""area_sqm"":716.2}","{""owner"":""Sneha Chawla"",""land_use"":""RESIDENTIAL"",""geometry_id"":""GEO-01-014-G1"",""state"":""AUTHORITATIVE""}",False,,2026-09-15 10:30:00,TC01_CLEAN_ONE_TO_ONE
IN-DL-110054-1-15,ACTIVE,CURRENT,,,MATCHED_WITH_MINOR_CONFLICT,MEDIUM,Sources represent different years.,3,OBS-000060;OBS-000061;OBS-000062,0.878,0.737,0.744,0.744,0.94,0.808,"{""owner"":""Deepak Jain"",""land_use"":""RESIDENTIAL"",""geometry_id"":""GEO-01-015-G1"",""area_sqm"":736.98}","{""owner"":""Deepak Jain"",""land_use"":""RESIDENTIAL"",""geometry_id"":""GEO-01-015-G1"",""state"":""AUTHORITATIVE""}",False,,2026-09-15 10:30:00,
IN-DL-110054-1-16,ACTIVE,CURRENT,,,AUTO_MATCHED,LOW,No material disagreement,4,OBS-000063;OBS-000064;OBS-000065;OBS-000066,0.853,0.776,0.702,0.702,0.94,0.797,"{""owner"":""Aarav Verma"",""land_use"":""RESIDENTIAL"",""geometry_id"":""GEO-01-016-G1"",""area_sqm"":894.69}","{""owner"":""Aarav Verma"",""land_use"":""RESIDENTIAL"",""geometry_id"":""GEO-01-016-G1"",""state"":""AUTHORITATIVE""}",False,,2026-09-15 10:30:00,TC01_CLEAN_ONE_TO_ONE
IN-DL-110054-1-17,ACTIVE,CURRENT,,,MATCHED_WITH_MINOR_CONFLICT,MEDIUM,Multiple municipal units occupy one legal parcel.,6,OBS-000067;OBS-000068;OBS-000069;OBS-000070;OBS-000071;OBS-000072,0.911,0.706,0.74,0.74,0.94,0.809,"{""owner"":""Ishaan Mishra"",""land_use"":""RESIDENTIAL"",""geometry_id"":""GEO-01-017-G1"",""area_sqm"":640.3}","{""owner"":""Ishaan Mishra"",""land_use"":""RESIDENTIAL"",""geometry_id"":""GEO-01-017-G1"",""state"":""AUTHORITATIVE""}",False,,2026-09-15 10:30:00,TC05_ONE_CADASTRAL_TO_SEVERAL_MUNICIPAL
IN-DL-110054-1-18,ACTIVE,CURRENT,,,TENTATIVE,HIGH,Physical occupation is inconsistent with legal state.,4,OBS-000073;OBS-000074;OBS-000075;OBS-000076,0.71,0.695,0.635,0.649,0.94,0.714,"{""owner"":""Sneha Khanna"",""land_use"":""RESIDENTIAL"",""geometry_id"":""GEO-01-018-G1"",""area_sqm"":741.12}","{""owner"":""Sneha Khanna"",""land_use"":""RESIDENTIAL"",""geometry_id"":""GEO-01-018-G1"",""state"":""UNCHANGED_PENDING""}",True,CNF-00469,2026-09-15 10:30:00,TC14_PHYSICAL_OCCUPATION_VS_LEGAL_GEOMETRY
IN-DL-110054-1-19,ACTIVE,CURRENT,,,AUTO_MATCHED,LOW,No material disagreement,4,OBS-000077;OBS-000078;OBS-000079;OBS-000080,0.857,0.771,0.706,0.706,0.94,0.798,"{""owner"":""Deepak Sethi"",""land_use"":""RESIDENTIAL"",""geometry_id"":""GEO-01-019-G1"",""area_sqm"":709.56}","{""owner"":""Deepak Sethi"",""land_use"":""RESIDENTIAL"",""geometry_id"":""GEO-01-019-G1"",""state"":""AUTHORITATIVE""}",False,,2026-09-15 10:30:00,TC01_CLEAN_ONE_TO_ONE
IN-DL-110054-1-20,ACTIVE,CURRENT,,,REJECTED_MATCH,CRITICAL,Abbreviation / formatting variation only.; Geometry/identifiers do not uniquely distinguish candidates.,4,OBS-000081;OBS-000082;OBS-000083;OBS-000084,0.48,0.692,0.637,0.652,0.94,0.645,"{""owner"":""Aarav Aggarwal"",""land_use"":""MIXED_USE"",""geometry_id"":""GEO-01-020-G1"",""area_sqm"":616.87,""state"":""REJECTED""}","{""owner"":""Aarav Aggarwal"",""land_use"":""MIXED_USE"",""geometry_id"":""GEO-01-020-G1"",""state"":""AUTHORITATIVE""}",False,,2026-09-15 10:30:00,TC18_AMBIGUOUS_CANDIDATE_MATCH
IN-DL-110054-1-21,ACTIVE,CURRENT,,,AUTO_MATCHED,LOW,No material disagreement,3,OBS-000085;OBS-000086;OBS-000087,0.878,0.749,0.72,0.72,0.94,0.803,"{""owner"":""Ishaan Gupta"",""land_use"":""RESIDENTIAL"",""geometry_id"":""GEO-01-021-G1"",""area_sqm"":760.91}","{""owner"":""Ishaan Gupta"",""land_use"":""RESIDENTIAL"",""geometry_id"":""GEO-01-021-G1"",""state"":""AUTHORITATIVE""}",False,,2026-09-15 10:30:00,TC01_CLEAN_ONE_TO_ONE
IN-DL-110054-1-22,ACTIVE,CURRENT,,,AUTO_MATCHED,LOW,No material disagreement,4,OBS-000088;OBS-000089;OBS-000090;OBS-000091,0.852,0.778,0.7,0.7,0.94,0.796,"{""owner"":""Sneha Tiwari"",""land_use"":""RESIDENTIAL"",""geometry_id"":""GEO-01-022-G1"",""area_sqm"":674.57}","{""owner"":""Sneha Tiwari"",""land_use"":""RESIDENTIAL"",""geometry_id"":""GEO-01-022-G1"",""state"":""AUTHORITATIVE""}",False,,2026-09-15 10:30:00,TC01_CLEAN_ONE_TO_ONE
IN-DL-110054-1-23,ACTIVE,CURRENT,,,HUMAN_REVIEW_REQUIRED,HIGH,Multiple municipal units occupy one legal parcel.; Physical occupation is inconsistent with legal state.,7,OBS-000092;OBS-000093;OBS-000094;OBS-000095;OBS-000096;OBS-000097;OBS-000098,0.74,0.754,0.662,0.676,0.94,0.746,"{""owner"":""Deepak Kapoor"",""land_use"":""RESIDENTIAL"",""geometry_id"":""GEO-01-023-G2"",""area_sqm"":628.17}","{""owner"":""Deepak Kapoor"",""land_use"":""RESIDENTIAL"",""geometry_id"":""GEO-01-023-G1"",""state"":""UNCHANGED_PENDING""}",True,CNF-00462;CNF-00628,2026-09-15 10:30:00,TC05_ONE_CADASTRAL_TO_SEVERAL_MUNICIPAL;TC14_PHYSICAL_OCCUPATION_VS_LEGAL_GEOMETRY;TC25_STRONG_EVIDENCE_PENDING_APPROVAL
IN-DL-110054-1-24,ACTIVE,CURRENT,,,MATCHED_WITH_MINOR_CONFLICT,MEDIUM,Moderate area-basis disagreement.,3,OBS-000099;OBS-000100;OBS-000101,0.875,0.87,0.773,0.773,0.94,0.85,"{""owner"":""Aarav Bhatia"",""land_use"":""RESIDENTIAL"",""geometry_id"":""GEO-01-024-G1"",""area_sqm"":726.46}","{""owner"":""Aarav Bhatia"",""land_use"":""RESIDENTIAL"",""geometry_id"":""GEO-01-024-G1"",""state"":""AUTHORITATIVE""}",False,,2026-09-15 10:30:00,
IN-DL-110054-1-25,ACTIVE,CURRENT,,,AUTO_MATCHED,LOW,No material disagreement,4,OBS-000102;OBS-000103;OBS-000104;OBS-000105,0.859,0.722,0.689,0.689,0.94,0.781,"{""owner"":""Ishaan Arora"",""land_use"":""RESIDENTIAL"",""geometry_id"":""GEO-01-025-G1"",""area_sqm"":747.53}","{""owner"":""Ishaan Arora"",""land_use"":""RESIDENTIAL"",""geometry_id"":""GEO-01-025-G1"",""state"":""AUTHORITATIVE""}",False,,2026-09-15 10:30:00,TC01_CLEAN_ONE_TO_ONE
IN-DL-110054-1-26,ACTIVE,CURRENT,,,TENTATIVE,HIGH,Local scale/rotation distortion affects boundaries.; Municipal owner/occupier differs from revenue owner.,2,OBS-000106;OBS-000107,0.78,0.468,0.344,0.606,0.94,0.615,"{""owner"":""Sneha Mehta"",""land_use"":""RESIDENTIAL"",""geometry_id"":""GEO-01-026-G2"",""area_sqm"":906.05}","{""owner"":""Sneha Mehta"",""land_use"":""RESIDENTIAL"",""geometry_id"":""GEO-01-026-G2"",""state"":""UNCHANGED_PENDING""}",True,CNF-00312;CNF-00387,2026-09-15 10:30:00,TC03_SIGNIFICANT_LOCAL_DISTORTION;TC10_OWNERSHIP_CONFLICT
IN-DL-110054-1-27,ACTIVE,CURRENT,,,AUTO_MATCHED,LOW,No material disagreement,4,OBS-000108;OBS-000109;OBS-000110;OBS-000111,0.858,0.769,0.708,0.708,0.94,0.798,"{""owner"":""Deepak Singh"",""land_use"":""RESIDENTIAL"",""geometry_id"":""GEO-01-027-G1"",""area_sqm"":649.47}","{""owner"":""Deepak Singh"",""land_use"":""RESIDENTIAL"",""geometry_id"":""GEO-01-027-G1"",""state"":""AUTHORITATIVE""}",False,,2026-09-15 10:30:00,TC01_CLEAN_ONE_TO_ONE
IN-DL-110054-1-28,ACTIVE,CURRENT,,,AUTO_MATCHED,LOW,No material disagreement,2,OBS-000112;OBS-000113,0.94,0.659,0.81,0.81,0.94,0.828,"{""owner"":""Aarav Bansal"",""land_use"":""RESIDENTIAL"",""geometry_id"":""GEO-01-028-G1"",""area_sqm"":751.73}","{""owner"":""Aarav Bansal"",""land_use"":""RESIDENTIAL"",""geometry_id"":""GEO-01-028-G1"",""state"":""AUTHORITATIVE""}",False,,2026-09-15 10:30:00,TC01_CLEAN_ONE_TO_ONE
IN-DL-110054-1-29,ACTIVE,CURRENT,,,AUTO_MATCHED,LOW,No material disagreement,4,OBS-000114;OBS-000115;OBS-000116;OBS-000117,0.848,0.9,0.722,0.722,0.94,0.833,"{""owner"":""Ishaan Sharma"",""land_use"":""RESIDENTIAL"",""geometry_id"":""GEO-01-029-G1"",""area_sqm"":719.72}","{""owner"":""Ishaan Sharma"",""land_use"":""RESIDENTIAL"",""geometry_id"":""GEO-01-029-G1"",""state"":""AUTHORITATIVE""}",False,,2026-09-15 10:30:00,TC01_CLEAN_ONE_TO_ONE
IN-DL-110054-1-30,ACTIVE,CURRENT,,,MATCHED_WITH_MINOR_CONFLICT,MEDIUM,Abbreviation / formatting variation only.; Sources represent different years.,4,OBS-000118;OBS-000119;OBS-000120;OBS-000121,0.853,0.776,0.702,0.702,0.94,0.797,"{""owner"":""Sneha Saxena"",""land_use"":""MIXED_USE"",""geometry_id"":""GEO-01-030-G1"",""area_sqm"":625.7}","{""owner"":""Sneha Saxena"",""land_use"":""MIXED_USE"",""geometry_id"":""GEO-01-030-G1"",""state"":""AUTHORITATIVE""}",False,,2026-09-15 10:30:00,
IN-DL-110054-1-31,ACTIVE,CURRENT,,,AUTO_MATCHED,LOW,No material disagreement,4,OBS-000122;OBS-000123;OBS-000124;OBS-000125,0.854,0.775,0.703,0.703,0.94,0.797,"{""owner"":""Deepak Malhotra"",""land_use"":""RESIDENTIAL"",""geometry_id"":""GEO-01-031-G1"",""area_sqm"":858.91}","{""owner"":""Deepak Malhotra"",""land_use"":""RESIDENTIAL"",""geometry_id"":""GEO-01-031-G1"",""state"":""AUTHORITATIVE""}",False,,2026-09-15 10:30:00,TC01_CLEAN_ONE_TO_ONE
IN-DL-110054-1-32,ACTIVE,CURRENT,,,HUMAN_REVIEW_REQUIRED,CRITICAL,Duplicate source row can create duplicate legal identity.,5,OBS-000126;OBS-000127;OBS-000128;OBS-000129;OBS-000130,0.692,0.693,0.651,0.665,0.94,0.713,"{""owner"":""Aarav Chawla"",""land_use"":""RESIDENTIAL"",""geometry_id"":""GEO-01-032-G1"",""area_sqm"":761.45}","{""owner"":""Aarav Chawla"",""land_use"":""RESIDENTIAL"",""geometry_id"":""GEO-01-032-G1"",""state"":""UNCHANGED_PENDING""}",True,CNF-00329,2026-09-15 10:30:00,TC04_DUPLICATE_SOURCE_PARCEL
IN-DL-110054-1-33,ACTIVE,CURRENT,,,AUTO_MATCHED,LOW,No material disagreement,4,OBS-000131;OBS-000132;OBS-000133;OBS-000134,0.857,0.771,0.706,0.706,0.94,0.798,"{""owner"":""Ishaan Jain"",""land_use"":""RESIDENTIAL"",""geometry_id"":""GEO-01-033-G1"",""area_sqm"":709.07}","{""owner"":""Ishaan Jain"",""land_use"":""RESIDENTIAL"",""geometry_id"":""GEO-01-033-G1"",""state"":""AUTHORITATIVE""}",False,,2026-09-15 10:30:00,TC01_CLEAN_ONE_TO_ONE
IN-DL-110054-1-34,ACTIVE,CURRENT,,,AUTO_MATCHED,LOW,No material disagreement,3,OBS-000135;OBS-000136;OBS-000137,0.885,0.738,0.732,0.732,0.94,0.806,"{""owner"":""Sneha Verma"",""land_use"":""RESIDENTIAL"",""geometry_id"":""GEO-01-034-G1"",""area_sqm"":820.03}","{""owner"":""Sneha Verma"",""land_use"":""RESIDENTIAL"",""geometry_id"":""GEO-01-034-G1"",""state"":""AUTHORITATIVE""}",False,,2026-09-15 10:30:00,TC01_CLEAN_ONE_TO_ONE
IN-DL-110054-1-35,ACTIVE,CURRENT,,,TENTATIVE,HIGH,Physical occupation is inconsistent with legal state.,4,OBS-000138;OBS-000139;OBS-000140;OBS-000141,0.705,0.703,0.628,0.642,0.94,0.712,"{""owner"":""Deepak Mishra"",""land_use"":""RESIDENTIAL"",""geometry_id"":""GEO-01-035-G1"",""area_sqm"":843.81}","{""owner"":""Deepak Mishra"",""land_use"":""RESIDENTIAL"",""geometry_id"":""GEO-01-035-G1"",""state"":""UNCHANGED_PENDING""}",True,CNF-00455,2026-09-15 10:30:00,TC14_PHYSICAL_OCCUPATION_VS_LEGAL_GEOMETRY
IN-DL-110054-1-36,ACTIVE,CURRENT,,,MATCHED_WITH_MINOR_CONFLICT,MEDIUM,Moderate area-basis disagreement.,2,OBS-000142;OBS-000143,0.94,0.659,0.81,0.81,0.94,0.828,"{""owner"":""Aarav Khanna"",""land_use"":""RESIDENTIAL"",""geometry_id"":""GEO-01-036-G1"",""area_sqm"":1024.39}","{""owner"":""Aarav Khanna"",""land_use"":""RESIDENTIAL"",""geometry_id"":""GEO-01-036-G1"",""state"":""AUTHORITATIVE""}",False,,2026-09-15 10:30:00,
IN-DL-110054-1-37,ACTIVE,CURRENT,,,AUTO_MATCHED,LOW,No material disagreement,4,OBS-000144;OBS-000145;OBS-000146;OBS-000147,0.853,0.777,0.701,0.701,0.94,0.796,"{""owner"":""Ishaan Sethi"",""land_use"":""RESIDENTIAL"",""geometry_id"":""GEO-01-037-G1"",""area_sqm"":733.11}","{""owner"":""Ishaan Sethi"",""land_use"":""RESIDENTIAL"",""geometry_id"":""GEO-01-037-G1"",""state"":""AUTHORITATIVE""}",False,,2026-09-15 10:30:00,TC01_CLEAN_ONE_TO_ONE
IN-DL-110054-1-38,ACTIVE,CURRENT,,,AUTO_MATCHED,LOW,No material disagreement,3,OBS-000148;OBS-000149;OBS-000150,0.882,0.732,0.748,0.748,0.94,0.809,"{""owner"":""Sneha Aggarwal"",""land_use"":""RESIDENTIAL"",""geometry_id"":""GEO-01-038-G1"",""area_sqm"":848.55}","{""owner"":""Sneha Aggarwal"",""land_use"":""RESIDENTIAL"",""geometry_id"":""GEO-01-038-G1"",""state"":""AUTHORITATIVE""}",False,,2026-09-15 10:30:00,TC01_CLEAN_ONE_TO_ONE
IN-DL-110054-1-39,ACTIVE,CURRENT,,,AUTO_MATCHED,LOW,No material disagreement,3,OBS-000151;OBS-000152;OBS-000153,0.882,0.732,0.748,0.748,0.94,0.809,"{""owner"":""Deepak Gupta"",""land_use"":""RESIDENTIAL"",""geometry_id"":""GEO-01-039-G1"",""area_sqm"":812.42}","{""owner"":""Deepak Gupta"",""land_use"":""RESIDENTIAL"",""geometry_id"":""GEO-01-039-G1"",""state"":""AUTHORITATIVE""}",False,,2026-09-15 10:30:00,TC01_CLEAN_ONE_TO_ONE
IN-DL-110054-1-40,ACTIVE,CURRENT,,,MATCHED_WITH_MINOR_CONFLICT,LOW,Abbreviation / formatting variation only.,3,OBS-000154;OBS-000155;OBS-000156,0.884,0.729,0.751,0.751,0.94,0.81,"{""owner"":""Aarav Tiwari"",""land_use"":""MIXED_USE"",""geometry_id"":""GEO-01-040-G1"",""area_sqm"":706.29}","{""owner"":""Aarav Tiwari"",""land_use"":""MIXED_USE"",""geometry_id"":""GEO-01-040-G1"",""state"":""AUTHORITATIVE""}",False,,2026-09-15 10:30:00,
IN-DL-110054-1-41,ACTIVE,CURRENT,,,REJECTED_MATCH,CRITICAL,Geometry/identifiers do not uniquely distinguish candidates.,3,OBS-000157;OBS-000158;OBS-000159,0.502,0.656,0.676,0.691,0.94,0.655,"{""owner"":""Ishaan Kapoor"",""land_use"":""RESIDENTIAL"",""geometry_id"":""GEO-01-041-G1"",""area_sqm"":900.59,""state"":""REJECTED""}","{""owner"":""Ishaan Kapoor"",""land_use"":""RESIDENTIAL"",""geometry_id"":""GEO-01-041-G1"",""state"":""AUTHORITATIVE""}",False,,2026-09-15 10:30:00,TC18_AMBIGUOUS_CANDIDATE_MATCH
IN-DL-110054-1-42,ACTIVE,CURRENT,,,AUTO_MATCHED,LOW,No material disagreement,3,OBS-000160;OBS-000161;OBS-000162,0.877,0.737,0.744,0.744,0.94,0.808,"{""owner"":""Sneha Bhatia"",""land_use"":""RESIDENTIAL"",""geometry_id"":""GEO-01-042-G1"",""area_sqm"":798.4}","{""owner"":""Sneha Bhatia"",""land_use"":""RESIDENTIAL"",""geometry_id"":""GEO-01-042-G1"",""state"":""AUTHORITATIVE""}",False,,2026-09-15 10:30:00,TC01_CLEAN_ONE_TO_ONE
IN-DL-110054-1-43,ACTIVE,CURRENT,,,HUMAN_REVIEW_REQUIRED,HIGH,Building footprint extends into neighboring parcel.,3,OBS-000163;OBS-000164;OBS-004358,0.78,0.593,0.729,0.745,0.94,0.74,"{""owner"":""Deepak Arora"",""land_use"":""RESIDENTIAL"",""geometry_id"":""GEO-01-043-G1"",""area_sqm"":743.49}","{""owner"":""Deepak Arora"",""land_use"":""RESIDENTIAL"",""geometry_id"":""GEO-01-043-G1"",""state"":""UNCHANGED_PENDING""}",True,CNF-00429,2026-09-15 10:30:00,TC13_BUILDING_CROSSES_BOUNDARY
IN-DL-110054-1-44,ACTIVE,CURRENT,,,AUTO_MATCHED,LOW,No material disagreement,4,OBS-000165;OBS-000166;OBS-000167;OBS-000168,0.853,0.776,0.702,0.702,0.94,0.797,"{""owner"":""Aarav Mehta"",""land_use"":""RESIDENTIAL"",""geometry_id"":""GEO-01-044-G1"",""area_sqm"":859.83}","{""owner"":""Aarav Mehta"",""land_use"":""RESIDENTIAL"",""geometry_id"":""GEO-01-044-G1"",""state"":""AUTHORITATIVE""}",False,,2026-09-15 10:30:00,TC01_CLEAN_ONE_TO_ONE
IN-DL-110054-1-45,ACTIVE,CURRENT,,,MATCHED_WITH_MINOR_CONFLICT,MEDIUM,Sources represent different years.,4,OBS-000169;OBS-000170;OBS-000171;OBS-000172,0.854,0.775,0.703,0.703,0.94,0.797,"{""owner"":""Ishaan Singh"",""land_use"":""RESIDENTIAL"",""geometry_id"":""GEO-01-045-G1"",""area_sqm"":884.76}","{""owner"":""Ishaan Singh"",""land_use"":""RESIDENTIAL"",""geometry_id"":""GEO-01-045-G1"",""state"":""AUTHORITATIVE""}",False,,2026-09-15 10:30:00,
IN-DL-110054-1-46,ACTIVE,CURRENT,,,MATCHED_WITH_MINOR_CONFLICT,MEDIUM,Slight spatial shift but identity remains strong.,4,OBS-000173;OBS-000174;OBS-000175;OBS-000176,0.856,0.754,0.705,0.705,0.94,0.793,"{""owner"":""Sneha Bansal"",""land_use"":""RESIDENTIAL"",""geometry_id"":""GEO-01-046-G1"",""area_sqm"":1074.1}","{""owner"":""Sneha Bansal"",""land_use"":""RESIDENTIAL"",""geometry_id"":""GEO-01-046-G1"",""state"":""AUTHORITATIVE""}",False,,2026-09-15 10:30:00,TC02_SLIGHT_GEOMETRY_SHIFT
IN-DL-110054-1-47,ACTIVE,CURRENT,,,TENTATIVE,HIGH,Physical occupation is inconsistent with legal state.; Slight spatial shift but identity remains strong.,4,OBS-000177;OBS-000178;OBS-000179;OBS-000180,0.711,0.677,0.636,0.65,0.94,0.71,"{""owner"":""Deepak Sharma"",""land_use"":""RESIDENTIAL"",""geometry_id"":""GEO-01-047-G1"",""area_sqm"":768.69}","{""owner"":""Deepak Sharma"",""land_use"":""RESIDENTIAL"",""geometry_id"":""GEO-01-047-G1"",""state"":""UNCHANGED_PENDING""}",True,CNF-00477,2026-09-15 10:30:00,TC02_SLIGHT_GEOMETRY_SHIFT;TC14_PHYSICAL_OCCUPATION_VS_LEGAL_GEOMETRY
IN-DL-110054-1-48,ACTIVE,CURRENT,,,MATCHED_WITH_MINOR_CONFLICT,MEDIUM,Moderate area-basis disagreement.,3,OBS-000181;OBS-000182;OBS-000183,0.885,0.738,0.732,0.732,0.94,0.806,"{""owner"":""Aarav Saxena"",""land_use"":""RESIDENTIAL"",""geometry_id"":""GEO-01-048-G1"",""area_sqm"":889.74}","{""owner"":""Aarav Saxena"",""land_use"":""RESIDENTIAL"",""geometry_id"":""GEO-01-048-G1"",""state"":""AUTHORITATIVE""}",False,,2026-09-15 10:30:00,
IN-DL-110054-1-49,ACTIVE,CURRENT,,,AUTO_MATCHED,LOW,No material disagreement,5,OBS-000184;OBS-000185;OBS-000186;OBS-000187;OBS-000188,0.866,0.758,0.671,0.671,0.94,0.786,"{""owner"":""Ishaan Malhotra"",""land_use"":""RESIDENTIAL"",""geometry_id"":""GEO-01-049-G1"",""area_sqm"":851.85}","{""owner"":""Ishaan Malhotra"",""land_use"":""RESIDENTIAL"",""geometry_id"":""GEO-01-049-G1"",""state"":""AUTHORITATIVE""}",False,,2026-09-15 10:30:00,TC01_CLEAN_ONE_TO_ONE
IN-DL-110054-1-50,ACTIVE,CURRENT,,,MATCHED_WITH_MINOR_CONFLICT,LOW,Abbreviation / formatting variation only.,3,OBS-000189;OBS-000190;OBS-000191,0.879,0.736,0.745,0.745,0.94,0.808,"{""owner"":""Sneha Chawla"",""land_use"":""MIXED_USE"",""geometry_id"":""GEO-01-050-G1"",""area_sqm"":740.57}","{""owner"":""Sneha Chawla"",""land_use"":""MIXED_USE"",""geometry_id"":""GEO-01-050-G1"",""state"":""AUTHORITATIVE""}",False,,2026-09-15 10:30:00,
IN-DL-110054-1-51,ACTIVE,CURRENT,,,AUTO_MATCHED,LOW,No material disagreement,4,OBS-000192;OBS-000193;OBS-000194;OBS-000195,0.853,0.777,0.701,0.701,0.94,0.796,"{""owner"":""Deepak Jain"",""land_use"":""RESIDENTIAL"",""geometry_id"":""GEO-01-051-G1"",""area_sqm"":1167.54}","{""owner"":""Deepak Jain"",""land_use"":""RESIDENTIAL"",""geometry_id"":""GEO-01-051-G1"",""state"":""AUTHORITATIVE""}",False,,2026-09-15 10:30:00,TC01_CLEAN_ONE_TO_ONE
IN-DL-110054-1-52,ACTIVE,CURRENT,,,AUTO_MATCHED,LOW,No material disagreement,4,OBS-000196;OBS-000197;OBS-000198;OBS-000199,0.855,0.774,0.703,0.703,0.94,0.797,"{""owner"":""Aarav Verma"",""land_use"":""RESIDENTIAL"",""geometry_id"":""GEO-01-052-G1"",""area_sqm"":1035.06}","{""owner"":""Aarav Verma"",""land_use"":""RESIDENTIAL"",""geometry_id"":""GEO-01-052-G1"",""state"":""AUTHORITATIVE""}",False,,2026-09-15 10:30:00,TC01_CLEAN_ONE_TO_ONE
IN-DL-110054-1-53,ACTIVE,CURRENT,,,AUTO_MATCHED,LOW,No material disagreement,5,OBS-000200;OBS-000201;OBS-000202;OBS-000203;OBS-000204,0.871,0.752,0.678,0.678,0.94,0.788,"{""owner"":""Ishaan Mishra"",""land_use"":""RESIDENTIAL"",""geometry_id"":""GEO-01-053-G1"",""area_sqm"":963.87}","{""owner"":""Ishaan Mishra"",""land_use"":""RESIDENTIAL"",""geometry_id"":""GEO-01-053-G1"",""state"":""AUTHORITATIVE""}",False,,2026-09-15 10:30:00,TC01_CLEAN_ONE_TO_ONE
IN-DL-110054-1-54,ACTIVE,CURRENT,,,AUTO_MATCHED,LOW,No material disagreement,3,OBS-000205;OBS-000206;OBS-000207,0.884,0.729,0.751,0.751,0.94,0.81,"{""owner"":""Sneha Khanna"",""land_use"":""RESIDENTIAL"",""geometry_id"":""GEO-01-054-G1"",""area_sqm"":1114.69}","{""owner"":""Sneha Khanna"",""land_use"":""RESIDENTIAL"",""geometry_id"":""GEO-01-054-G1"",""state"":""AUTHORITATIVE""}",False,,2026-09-15 10:30:00,TC01_CLEAN_ONE_TO_ONE
IN-DL-110054-1-55,ACTIVE,CURRENT,,,AUTO_MATCHED,LOW,No material disagreement,3,OBS-000208;OBS-000209;OBS-000210,0.878,0.863,0.775,0.775,0.94,0.849,"{""owner"":""Deepak Sethi"",""land_use"":""RESIDENTIAL"",""geometry_id"":""GEO-01-055-G1"",""area_sqm"":1147.02}","{""owner"":""Deepak Sethi"",""land_use"":""RESIDENTIAL"",""geometry_id"":""GEO-01-055-G1"",""state"":""AUTHORITATIVE""}",False,,2026-09-15 10:30:00,TC01_CLEAN_ONE_TO_ONE
IN-DL-110054-1-56,ACTIVE,CURRENT,,,TENTATIVE,HIGH,Local scale/rotation distortion affects boundaries.; Municipal owner/occupier differs from revenue owner.,4,OBS-000211;OBS-000212;OBS-000213;OBS-000214,0.706,0.648,0.329,0.581,0.94,0.631,"{""owner"":""Aarav Aggarwal"",""land_use"":""RESIDENTIAL"",""geometry_id"":""GEO-01-056-G2"",""area_sqm"":1390.26}","{""owner"":""Aarav Aggarwal"",""land_use"":""RESIDENTIAL"",""geometry_id"":""GEO-01-056-G2"",""state"":""UNCHANGED_PENDING""}",True,CNF-00314;CNF-00390,2026-09-15 10:30:00,TC03_SIGNIFICANT_LOCAL_DISTORTION;TC10_OWNERSHIP_CONFLICT
IN-DL-110054-1-57,ACTIVE,CURRENT,,,AUTO_MATCHED,LOW,No material disagreement,2,OBS-000215;OBS-000216,0.94,0.659,0.81,0.81,0.94,0.828,"{""owner"":""Ishaan Gupta"",""land_use"":""RESIDENTIAL"",""geometry_id"":""GEO-01-057-G1"",""area_sqm"":996.55}","{""owner"":""Ishaan Gupta"",""land_use"":""RESIDENTIAL"",""geometry_id"":""GEO-01-057-G1"",""state"":""AUTHORITATIVE""}",False,,2026-09-15 10:30:00,TC01_CLEAN_ONE_TO_ONE
IN-DL-110054-1-58,ACTIVE,CURRENT,,,AUTO_MATCHED,LOW,No material disagreement,3,OBS-000217;OBS-000218;OBS-000219,0.88,0.734,0.747,0.747,0.94,0.809,"{""owner"":""Sneha Tiwari"",""land_use"":""RESIDENTIAL"",""geometry_id"":""GEO-01-058-G1"",""area_sqm"":1153.47}","{""owner"":""Sneha Tiwari"",""land_use"":""RESIDENTIAL"",""geometry_id"":""GEO-01-058-G1"",""state"":""AUTHORITATIVE""}",False,,2026-09-15 10:30:00,TC01_CLEAN_ONE_TO_ONE
IN-DL-110054-1-59,ACTIVE,CURRENT,,,AUTO_MATCHED,LOW,No material disagreement,5,OBS-000220;OBS-000221;OBS-000222;OBS-000223;OBS-000224,0.866,0.905,0.707,0.707,0.94,0.834,"{""owner"":""Deepak Kapoor"",""land_use"":""RESIDENTIAL"",""geometry_id"":""GEO-01-059-G1"",""area_sqm"":1104.35}","{""owner"":""Deepak Kapoor"",""land_use"":""RESIDENTIAL"",""geometry_id"":""GEO-01-059-G1"",""state"":""AUTHORITATIVE""}",False,,2026-09-15 10:30:00,TC01_CLEAN_ONE_TO_ONE
IN-DL-110054-1-60,ACTIVE,CURRENT,,,MATCHED_WITH_MINOR_CONFLICT,MEDIUM,Abbreviation / formatting variation only.; Moderate area-basis disagreement.,4,OBS-000225;OBS-000226;OBS-000227;OBS-000228,0.856,0.772,0.705,0.705,0.94,0.798,"{""owner"":""Aarav Bhatia"",""land_use"":""MIXED_USE"",""geometry_id"":""GEO-01-060-G1"",""area_sqm"":960.09}","{""owner"":""Aarav Bhatia"",""land_use"":""MIXED_USE"",""geometry_id"":""GEO-01-060-G1"",""state"":""AUTHORITATIVE""}",False,,2026-09-15 10:30:00,
IN-DL-110054-1-61,ACTIVE,CURRENT,,,AUTO_MATCHED,LOW,No material disagreement,4,OBS-000229;OBS-000230;OBS-000231;OBS-000232,0.857,0.771,0.706,0.706,0.94,0.798,"{""owner"":""Ishaan Arora"",""land_use"":""RESIDENTIAL"",""geometry_id"":""GEO-01-061-G1"",""area_sqm"":742.71}","{""owner"":""Ishaan Arora"",""land_use"":""RESIDENTIAL"",""geometry_id"":""GEO-01-061-G1"",""state"":""AUTHORITATIVE""}",False,,2026-09-15 10:30:00,TC01_CLEAN_ONE_TO_ONE
IN-DL-110054-1-62,ACTIVE,CURRENT,,,AUTO_MATCHED,LOW,No material disagreement,3,OBS-000233;OBS-000234;OBS-000235,0.885,0.728,0.752,0.752,0.94,0.81,"{""owner"":""Sneha Mehta"",""land_use"":""RESIDENTIAL"",""geometry_id"":""GEO-01-062-G1"",""area_sqm"":658.44}","{""owner"":""Sneha Mehta"",""land_use"":""RESIDENTIAL"",""geometry_id"":""GEO-01-062-G1"",""state"":""AUTHORITATIVE""}",False,,2026-09-15 10:30:00,TC01_CLEAN_ONE_TO_ONE
IN-DL-110054-1-63,ACTIVE,CURRENT,,,AUTO_MATCHED,LOW,No material disagreement,3,OBS-000236;OBS-000237;OBS-000238,0.878,0.749,0.72,0.72,0.94,0.803,"{""owner"":""Deepak Singh"",""land_use"":""RESIDENTIAL"",""geometry_id"":""GEO-01-063-G1"",""area_sqm"":613.14}","{""owner"":""Deepak Singh"",""land_use"":""RESIDENTIAL"",""geometry_id"":""GEO-01-063-G1"",""state"":""AUTHORITATIVE""}",False,,2026-09-15 10:30:00,TC01_CLEAN_ONE_TO_ONE
IN-DL-110054-1-64,ACTIVE,CURRENT,,,MATCHED_WITH_MINOR_CONFLICT,MEDIUM,Multiple municipal units occupy one legal parcel.,5,OBS-000239;OBS-000240;OBS-000241;OBS-000242;OBS-000243,0.898,0.738,0.722,0.722,0.94,0.807,"{""owner"":""Aarav Bansal"",""land_use"":""RESIDENTIAL"",""geometry_id"":""GEO-01-064-G1"",""area_sqm"":709.09}","{""owner"":""Aarav Bansal"",""land_use"":""RESIDENTIAL"",""geometry_id"":""GEO-01-064-G1"",""state"":""AUTHORITATIVE""}",False,,2026-09-15 10:30:00,TC05_ONE_CADASTRAL_TO_SEVERAL_MUNICIPAL
IN-DL-110054-1-65,ACTIVE,CURRENT,,,AUTO_MATCHED,LOW,No material disagreement,4,OBS-000244;OBS-000245;OBS-000246;OBS-000247,0.849,0.898,0.723,0.723,0.94,0.833,"{""owner"":""Ishaan Sharma"",""land_use"":""RESIDENTIAL"",""geometry_id"":""GEO-01-065-G1"",""area_sqm"":729.66}","{""owner"":""Ishaan Sharma"",""land_use"":""RESIDENTIAL"",""geometry_id"":""GEO-01-065-G1"",""state"":""AUTHORITATIVE""}",False,,2026-09-15 10:30:00,TC01_CLEAN_ONE_TO_ONE
IN-DL-110054-1-66,ACTIVE,CURRENT,,,AUTO_MATCHED,LOW,No material disagreement,4,OBS-000248;OBS-000249;OBS-000250;OBS-000251,0.855,0.774,0.703,0.703,0.94,0.797,"{""owner"":""Sneha Saxena"",""land_use"":""RESIDENTIAL"",""geometry_id"":""GEO-01-066-G1"",""area_sqm"":885.8}","{""owner"":""Sneha Saxena"",""land_use"":""RESIDENTIAL"",""geometry_id"":""GEO-01-066-G1"",""state"":""AUTHORITATIVE""}",False,,2026-09-15 10:30:00,TC01_CLEAN_ONE_TO_ONE
IN-DL-110054-1-67,ACTIVE,CURRENT,,,AUTO_MATCHED,LOW,No material disagreement,4,OBS-000252;OBS-000253;OBS-000254;OBS-000255,0.855,0.773,0.705,0.705,0.94,0.798,"{""owner"":""Deepak Malhotra"",""land_use"":""RESIDENTIAL"",""geometry_id"":""GEO-01-067-G1"",""area_sqm"":633.93}","{""owner"":""Deepak Malhotra"",""land_use"":""RESIDENTIAL"",""geometry_id"":""GEO-01-067-G1"",""state"":""AUTHORITATIVE""}",False,,2026-09-15 10:30:00,TC01_CLEAN_ONE_TO_ONE
IN-DL-110054-1-68,ACTIVE,CURRENT,,,TENTATIVE,HIGH,Local scale/rotation distortion affects boundaries.,4,OBS-000256;OBS-000257;OBS-000258;OBS-000259,0.712,0.633,0.636,0.65,0.94,0.699,"{""owner"":""Aarav Chawla"",""land_use"":""RESIDENTIAL"",""geometry_id"":""GEO-01-068-G2"",""area_sqm"":732.58}","{""owner"":""Aarav Chawla"",""land_use"":""RESIDENTIAL"",""geometry_id"":""GEO-01-068-G2"",""state"":""UNCHANGED_PENDING""}",True,CNF-00306,2026-09-15 10:30:00,TC03_SIGNIFICANT_LOCAL_DISTORTION
IN-DL-110054-1-69,ACTIVE,CURRENT,,,AUTO_MATCHED,LOW,No material disagreement,4,OBS-000260;OBS-000261;OBS-000262;OBS-000263,0.858,0.769,0.708,0.708,0.94,0.798,"{""owner"":""Ishaan Jain"",""land_use"":""RESIDENTIAL"",""geometry_id"":""GEO-01-069-G1"",""area_sqm"":702.51}","{""owner"":""Ishaan Jain"",""land_use"":""RESIDENTIAL"",""geometry_id"":""GEO-01-069-G1"",""state"":""AUTHORITATIVE""}",False,,2026-09-15 10:30:00,TC01_CLEAN_ONE_TO_ONE
IN-DL-110054-1-70,ACTIVE,CURRENT,,,MATCHED_WITH_MINOR_CONFLICT,MEDIUM,Abbreviation / formatting variation only.; Slight spatial shift but identity remains strong.,4,OBS-000264;OBS-000265;OBS-000266;OBS-000267,0.85,0.763,0.698,0.698,0.94,0.791,"{""owner"":""Sneha Verma"",""land_use"":""MIXED_USE"",""geometry_id"":""GEO-01-070-G1"",""area_sqm"":610.74}","{""owner"":""Sneha Verma"",""land_use"":""MIXED_USE"",""geometry_id"":""GEO-01-070-G1"",""state"":""AUTHORITATIVE""}",False,,2026-09-15 10:30:00,TC02_SLIGHT_GEOMETRY_SHIFT
IN-DL-110054-1-71,ACTIVE,CURRENT,,,AUTO_MATCHED,LOW,No material disagreement,4,OBS-000268;OBS-000269;OBS-000270;OBS-000271,0.851,0.779,0.699,0.699,0.94,0.796,"{""owner"":""Deepak Mishra"",""land_use"":""RESIDENTIAL"",""geometry_id"":""GEO-01-071-G1"",""area_sqm"":774.44}","{""owner"":""Deepak Mishra"",""land_use"":""RESIDENTIAL"",""geometry_id"":""GEO-01-071-G1"",""state"":""AUTHORITATIVE""}",False,,2026-09-15 10:30:00,TC01_CLEAN_ONE_TO_ONE
IN-DL-110054-1-72,ACTIVE,CURRENT,,,MATCHED_WITH_MINOR_CONFLICT,MEDIUM,Moderate area-basis disagreement.; Slight spatial shift but identity remains strong.,4,OBS-000272;OBS-000273;OBS-000274;OBS-000275,0.853,0.758,0.702,0.702,0.94,0.792,"{""owner"":""Aarav Khanna"",""land_use"":""RESIDENTIAL"",""geometry_id"":""GEO-01-072-G1"",""area_sqm"":686.57}","{""owner"":""Aarav Khanna"",""land_use"":""RESIDENTIAL"",""geometry_id"":""GEO-01-072-G1"",""state"":""AUTHORITATIVE""}",False,,2026-09-15 10:30:00,TC02_SLIGHT_GEOMETRY_SHIFT
IN-DL-110054-1-73,ACTIVE,CURRENT,,,AUTO_MATCHED,LOW,No material disagreement,3,OBS-000276;OBS-000277;OBS-000278,0.882,0.743,0.726,0.726,0.94,0.805,"{""owner"":""Ishaan Sethi"",""land_use"":""RESIDENTIAL"",""geometry_id"":""GEO-01-073-G1"",""area_sqm"":639.34}","{""owner"":""Ishaan Sethi"",""land_use"":""RESIDENTIAL"",""geometry_id"":""GEO-01-073-G1"",""state"":""AUTHORITATIVE""}",False,,2026-09-15 10:30:00,TC01_CLEAN_ONE_TO_ONE
IN-DL-110054-1-74,ACTIVE,CURRENT,,,RECONCILED,HIGH,Incorrect mutation was applied then reverted.,3,OBS-000279;OBS-000280;OBS-000281,0.883,0.731,0.749,0.749,0.94,0.81,"{""owner"":""Sneha Aggarwal"",""land_use"":""RESIDENTIAL"",""geometry_id"":""GEO-01-074-G1"",""area_sqm"":739.38}","{""owner"":""Sneha Aggarwal"",""land_use"":""RESIDENTIAL"",""geometry_id"":""GEO-01-074-G1"",""state"":""AUTHORITATIVE""}",False,,2026-09-15 10:30:00,TC23_INCORRECT_MUTATION_ROLLED_BACK
IN-DL-110054-1-75,ACTIVE,CURRENT,,,NEEDS_ADDITIONAL_EVIDENCE,MEDIUM,Expected administrative source is absent.; Sources represent different years.,2,OBS-000282;OBS-000283,0.857,0.716,0.726,0.726,0.94,0.791,"{""owner"":""Deepak Gupta"",""land_use"":""RESIDENTIAL"",""geometry_id"":""GEO-01-075-G1"",""area_sqm"":760.83}","{""owner"":""Deepak Gupta"",""land_use"":""RESIDENTIAL"",""geometry_id"":""GEO-01-075-G1"",""state"":""UNCHANGED_PENDING""}",False,CNF-00523,2026-09-15 10:30:00,TC17_MISSING_SOURCE_RECORD
IN-DL-110054-1-76,ACTIVE,CURRENT,,,AUTO_MATCHED,LOW,No material disagreement,4,OBS-000284;OBS-000285;OBS-000286;OBS-000287,0.859,0.769,0.708,0.708,0.94,0.799,"{""owner"":""Aarav Tiwari"",""land_use"":""RESIDENTIAL"",""geometry_id"":""GEO-01-076-G1"",""area_sqm"":923.65}","{""owner"":""Aarav Tiwari"",""land_use"":""RESIDENTIAL"",""geometry_id"":""GEO-01-076-G1"",""state"":""AUTHORITATIVE""}",False,,2026-09-15 10:30:00,TC01_CLEAN_ONE_TO_ONE
IN-DL-110054-1-77,ACTIVE,CURRENT,,,AUTO_MATCHED,LOW,No material disagreement,5,OBS-000288;OBS-000289;OBS-000290;OBS-000291;OBS-000292,0.866,0.757,0.67,0.67,0.94,0.786,"{""owner"":""Ishaan Kapoor"",""land_use"":""RESIDENTIAL"",""geometry_id"":""GEO-01-077-G1"",""area_sqm"":661.02}","{""owner"":""Ishaan Kapoor"",""land_use"":""RESIDENTIAL"",""geometry_id"":""GEO-01-077-G1"",""state"":""AUTHORITATIVE""}",False,,2026-09-15 10:30:00,TC01_CLEAN_ONE_TO_ONE
IN-DL-110054-1-78,ACTIVE,CURRENT,,,AUTO_MATCHED,LOW,No material disagreement,4,OBS-000293;OBS-000294;OBS-000295;OBS-000296,0.852,0.778,0.7,0.7,0.94,0.796,"{""owner"":""Sneha Bhatia"",""land_use"":""RESIDENTIAL"",""geometry_id"":""GEO-01-078-G1"",""area_sqm"":765.1}","{""owner"":""Sneha Bhatia"",""land_use"":""RESIDENTIAL"",""geometry_id"":""GEO-01-078-G1"",""state"":""AUTHORITATIVE""}",False,,2026-09-15 10:30:00,TC01_CLEAN_ONE_TO_ONE
IN-DL-110054-1-79,ACTIVE,CURRENT,,,AUTO_MATCHED,LOW,No material disagreement,5,OBS-000297;OBS-000298;OBS-000299;OBS-000300;OBS-000301,0.869,0.755,0.675,0.675,0.94,0.788,"{""owner"":""Deepak Arora"",""land_use"":""RESIDENTIAL"",""geometry_id"":""GEO-01-079-G1"",""area_sqm"":732.52}","{""owner"":""Deepak Arora"",""land_use"":""RESIDENTIAL"",""geometry_id"":""GEO-01-079-G1"",""state"":""AUTHORITATIVE""}",False,,2026-09-15 10:30:00,TC01_CLEAN_ONE_TO_ONE
IN-DL-110054-1-80,ACTIVE,CURRENT,,,MATCHED_WITH_MINOR_CONFLICT,LOW,Abbreviation / formatting variation only.,4,OBS-000302;OBS-000303;OBS-000304;OBS-000305,0.855,0.774,0.703,0.703,0.94,0.797,"{""owner"":""Aarav Mehta"",""land_use"":""MIXED_USE"",""geometry_id"":""GEO-01-080-G1"",""area_sqm"":636.83}","{""owner"":""Aarav Mehta"",""land_use"":""MIXED_USE"",""geometry_id"":""GEO-01-080-G1"",""state"":""AUTHORITATIVE""}",False,,2026-09-15 10:30:00,
IN-DL-110054-1-81,ACTIVE,CURRENT,,,HUMAN_REVIEW_REQUIRED,HIGH,Park boundary differs across evidence.,4,OBS-000306;OBS-000307;OBS-000308;OBS-000309,0.746,0.644,0.697,0.713,0.94,0.732,"{""owner"":""Municipal Corporation of Delhi"",""land_use"":""PUBLIC_OPEN_SPACE"",""geometry_id"":""GEO-01-081-G1"",""area_sqm"":873.6}","{""owner"":""Municipal Corporation of Delhi"",""land_use"":""PUBLIC_OPEN_SPACE"",""geometry_id"":""GEO-01-081-G1"",""state"":""UNCHANGED_PENDING""}",True,CNF-00572,2026-09-15 10:30:00,TC20_PARK_BOUNDARY_DISAGREEMENT
IN-DL-110054-1-82,ACTIVE,CURRENT,,,AUTO_MATCHED,LOW,No material disagreement,4,OBS-000310;OBS-000311;OBS-000312;OBS-000313,0.9,0.756,0.776,0.776,0.94,0.829,"{""owner"":""Municipal Corporation of Delhi"",""land_use"":""PUBLIC_OPEN_SPACE"",""geometry_id"":""GEO-01-082-G1"",""area_sqm"":774.47}","{""owner"":""Municipal Corporation of Delhi"",""land_use"":""PUBLIC_OPEN_SPACE"",""geometry_id"":""GEO-01-082-G1"",""state"":""AUTHORITATIVE""}",False,,2026-09-15 10:30:00,
IN-DL-110054-1-83,ACTIVE,CURRENT,,,TENTATIVE,HIGH,Municipal owner/occupier differs from revenue owner.,4,OBS-000314;OBS-000315;OBS-000316;OBS-000317,0.747,0.679,0.368,0.649,0.94,0.668,"{""owner"":""Pramaan Education Society"",""land_use"":""INSTITUTIONAL"",""geometry_id"":""GEO-01-083-G1"",""area_sqm"":721.2}","{""owner"":""Pramaan Education Society"",""land_use"":""INSTITUTIONAL"",""geometry_id"":""GEO-01-083-G1"",""state"":""UNCHANGED_PENDING""}",True,CNF-00367,2026-09-15 10:30:00,TC10_OWNERSHIP_CONFLICT
IN-DL-110054-1-84,ACTIVE,CURRENT,,,REJECTED_MATCH,CRITICAL,Geometry/identifiers do not uniquely distinguish candidates.; Moderate area-basis disagreement.,4,OBS-000318;OBS-000319;OBS-000320;OBS-000321,0.473,0.702,0.628,0.642,0.94,0.642,"{""owner"":""Navjeevan Health Trust"",""land_use"":""HEALTHCARE"",""geometry_id"":""GEO-01-084-G1"",""area_sqm"":834.05,""state"":""REJECTED""}","{""owner"":""Navjeevan Health Trust"",""land_use"":""HEALTHCARE"",""geometry_id"":""GEO-01-084-G1"",""state"":""AUTHORITATIVE""}",False,,2026-09-15 10:30:00,TC18_AMBIGUOUS_CANDIDATE_MATCH
IN-DL-110054-1-85,ACTIVE,CURRENT,,,AUTO_MATCHED,LOW,No material disagreement,4,OBS-000322;OBS-000323;OBS-000324;OBS-000325,0.851,0.779,0.699,0.699,0.94,0.796,"{""owner"":""Pramaan Community Trust"",""land_use"":""RELIGIOUS_COMMUNITY"",""geometry_id"":""GEO-01-085-G1"",""area_sqm"":858.25}","{""owner"":""Pramaan Community Trust"",""land_use"":""RELIGIOUS_COMMUNITY"",""geometry_id"":""GEO-01-085-G1"",""state"":""AUTHORITATIVE""}",False,,2026-09-15 10:30:00,
IN-DL-110054-1-86,ACTIVE,CURRENT,,,AUTO_MATCHED,LOW,No material disagreement,4,OBS-000326;OBS-000327;OBS-000328;OBS-000329,0.852,0.842,0.723,0.723,0.94,0.82,"{""owner"":""Municipal Corporation of Delhi"",""land_use"":""TRANSPORT_ACCESS"",""geometry_id"":""GEO-01-086-G1"",""area_sqm"":1041.91}","{""owner"":""Municipal Corporation of Delhi"",""land_use"":""TRANSPORT_ACCESS"",""geometry_id"":""GEO-01-086-G1"",""state"":""AUTHORITATIVE""}",False,,2026-09-15 10:30:00,
IN-DL-110054-1-87,ACTIVE,CURRENT,,,AUTO_MATCHED,LOW,No material disagreement,2,OBS-000330;OBS-000331,0.94,0.659,0.81,0.81,0.94,0.828,"{""owner"":""Deepak Jain"",""land_use"":""VACANT"",""geometry_id"":""GEO-01-087-G1"",""area_sqm"":745.66}","{""owner"":""Deepak Jain"",""land_use"":""VACANT"",""geometry_id"":""GEO-01-087-G1"",""state"":""AUTHORITATIVE""}",False,,2026-09-15 10:30:00,
IN-DL-110054-1-88,ACTIVE,CURRENT,,,AUTO_MATCHED,LOW,No material disagreement,5,OBS-000332;OBS-000333;OBS-000334;OBS-000335;OBS-000336,0.904,0.778,0.746,0.746,0.94,0.826,"{""owner"":""Pramaan Redevelopment LLP"",""land_use"":""REDEVELOPMENT"",""geometry_id"":""GEO-01-088-G1"",""area_sqm"":863.07}","{""owner"":""Pramaan Redevelopment LLP"",""land_use"":""REDEVELOPMENT"",""geometry_id"":""GEO-01-088-G1"",""state"":""AUTHORITATIVE""}",False,,2026-09-15 10:30:00,
IN-DL-110054-1-89,ACTIVE,CURRENT,,,AUTO_MATCHED,LOW,No material disagreement,3,OBS-000337;OBS-000338;OBS-000339,0.889,0.659,0.73,0.73,0.94,0.787,"{""owner"":""BSES Yamuna Power Limited"",""land_use"":""UTILITY"",""geometry_id"":""GEO-01-089-G1"",""area_sqm"":826.32}","{""owner"":""BSES Yamuna Power Limited"",""land_use"":""UTILITY"",""geometry_id"":""GEO-01-089-G1"",""state"":""AUTHORITATIVE""}",False,,2026-09-15 10:30:00,
IN-DL-110054-1-90,ACTIVE,CURRENT,,,RECONCILED,HIGH,Abbreviation / formatting variation only.; Road widening changed parcel edge.,5,OBS-000340;OBS-000341;OBS-000342;OBS-000343;OBS-000344,0.87,0.865,0.711,0.711,0.94,0.827,"{""owner"":""Sneha Khanna"",""land_use"":""MIXED_USE"",""geometry_id"":""GEO-01-090-G2"",""area_sqm"":675.27}","{""owner"":""Sneha Khanna"",""land_use"":""MIXED_USE"",""geometry_id"":""GEO-01-090-G2"",""state"":""AUTHORITATIVE""}",False,,2026-09-15 10:30:00,TC21_ROAD_WIDENING_BOUNDARY_CORRECTION
IN-DL-110054-1-91,ACTIVE,CURRENT,IN-DL-110054-1-101,,HUMAN_REVIEW_REQUIRED,HIGH,Park boundary differs across evidence.,5,OBS-000345;OBS-000346;OBS-000347;OBS-000348;OBS-000349,0.745,0.783,0.685,0.7,0.89,0.756,"{""owner"":""Municipal Corporation of Delhi"",""land_use"":""PUBLIC_OPEN_SPACE"",""geometry_id"":""GEO-01-091-G1"",""area_sqm"":894.92}","{""owner"":""Municipal Corporation of Delhi"",""land_use"":""PUBLIC_OPEN_SPACE"",""geometry_id"":""GEO-01-091-G1"",""state"":""UNCHANGED_PENDING""}",True,CNF-00573,2026-09-15 10:30:00,TC07_PARCEL_SPLIT;TC20_PARK_BOUNDARY_DISAGREEMENT
IN-DL-110054-1-92,ACTIVE,CURRENT,IN-DL-110054-1-101,,TENTATIVE,HIGH,Lineage has not propagated consistently.,3,OBS-000350;OBS-000351;OBS-000352,0.78,0.642,0.76,0.777,0.58,0.715,"{""owner"":""Municipal Corporation of Delhi"",""land_use"":""PUBLIC_OPEN_SPACE"",""geometry_id"":""GEO-01-092-G1"",""area_sqm"":793.37}","{""owner"":""Municipal Corporation of Delhi"",""land_use"":""PUBLIC_OPEN_SPACE"",""geometry_id"":""GEO-01-092-G1"",""state"":""UNCHANGED_PENDING""}",True,CNF-00699,2026-09-15 10:30:00,TC07_PARCEL_SPLIT
IN-DL-110054-1-93,ACTIVE,CURRENT,IN-DL-110054-1-102;IN-DL-110054-1-103,,TENTATIVE,HIGH,Lineage has not propagated consistently.,5,OBS-000353;OBS-000354;OBS-000355;OBS-000356;OBS-000357,0.748,0.704,0.67,0.685,0.58,0.692,"{""owner"":""Pramaan Education Society"",""land_use"":""INSTITUTIONAL"",""geometry_id"":""GEO-01-093-G1"",""area_sqm"":738.8}","{""owner"":""Pramaan Education Society"",""land_use"":""INSTITUTIONAL"",""geometry_id"":""GEO-01-093-G1"",""state"":""UNCHANGED_PENDING""}",True,CNF-00704,2026-09-15 10:30:00,TC06_SEVERAL_HISTORICAL_TO_ONE_CURRENT
IN-DL-110054-1-94,ACTIVE,CURRENT,IN-DL-110054-1-104;IN-DL-110054-1-105,,TENTATIVE,HIGH,Lineage has not propagated consistently.; Slight spatial shift but identity remains strong.,3,OBS-000358;OBS-000359;OBS-000360,0.732,0.646,0.654,0.668,0.58,0.667,"{""owner"":""Navjeevan Health Trust"",""land_use"":""HEALTHCARE"",""geometry_id"":""GEO-01-094-G1"",""area_sqm"":854.41}","{""owner"":""Navjeevan Health Trust"",""land_use"":""HEALTHCARE"",""geometry_id"":""GEO-01-094-G1"",""state"":""UNCHANGED_PENDING""}",True,CNF-00713,2026-09-15 10:30:00,TC02_SLIGHT_GEOMETRY_SHIFT;TC06_SEVERAL_HISTORICAL_TO_ONE_CURRENT
IN-DL-110054-1-95,ACTIVE,CURRENT,IN-DL-110054-1-106,,HUMAN_REVIEW_REQUIRED,CRITICAL,Duplicate source row can create duplicate legal identity.; Lineage has not propagated consistently.,5,OBS-000361;OBS-000362;OBS-000363;OBS-000364;OBS-000365,0.692,0.693,0.65,0.665,0.58,0.666,"{""owner"":""Pramaan Community Trust"",""land_use"":""RELIGIOUS_COMMUNITY"",""geometry_id"":""GEO-01-095-G1"",""area_sqm"":879.19}","{""owner"":""Pramaan Community Trust"",""land_use"":""RELIGIOUS_COMMUNITY"",""geometry_id"":""GEO-01-095-G1"",""state"":""UNCHANGED_PENDING""}",True,CNF-00321;CNF-00701,2026-09-15 10:30:00,TC04_DUPLICATE_SOURCE_PARCEL;TC07_PARCEL_SPLIT
IN-DL-110054-1-96,ACTIVE,CURRENT,IN-DL-110054-1-106,,MATCHED_WITH_MINOR_CONFLICT,MEDIUM,Moderate area-basis disagreement.,3,OBS-000366;OBS-000367;OBS-000368,0.891,0.659,0.734,0.734,0.89,0.783,"{""owner"":""Municipal Corporation of Delhi"",""land_use"":""TRANSPORT_ACCESS"",""geometry_id"":""GEO-01-096-G1"",""area_sqm"":1067.34}","{""owner"":""Municipal Corporation of Delhi"",""land_use"":""TRANSPORT_ACCESS"",""geometry_id"":""GEO-01-096-G1"",""state"":""AUTHORITATIVE""}",False,,2026-09-15 10:30:00,TC07_PARCEL_SPLIT
IN-DL-110054-1-97,ACTIVE,CURRENT,,,AUTO_MATCHED,LOW,No material disagreement,5,OBS-000369;OBS-000370;OBS-000371;OBS-000372;OBS-000373,0.872,0.863,0.7,0.7,0.94,0.823,"{""owner"":""Ishaan Arora"",""land_use"":""VACANT"",""geometry_id"":""GEO-01-097-G1"",""area_sqm"":763.85}","{""owner"":""Ishaan Arora"",""land_use"":""VACANT"",""geometry_id"":""GEO-01-097-G1"",""state"":""AUTHORITATIVE""}",False,,2026-09-15 10:30:00,
IN-DL-110054-1-98,ACTIVE,CURRENT,,,AUTO_MATCHED,LOW,No material disagreement,6,OBS-000374;OBS-000375;OBS-000376;OBS-000377;OBS-000378;OBS-000379,0.887,0.765,0.715,0.715,0.94,0.808,"{""owner"":""Pramaan Redevelopment LLP"",""land_use"":""REDEVELOPMENT"",""geometry_id"":""GEO-01-098-G1"",""area_sqm"":884.13}","{""owner"":""Pramaan Redevelopment LLP"",""land_use"":""REDEVELOPMENT"",""geometry_id"":""GEO-01-098-G1"",""state"":""AUTHORITATIVE""}",False,,2026-09-15 10:30:00,
IN-DL-110054-1-99,ACTIVE,CURRENT,,,TENTATIVE,HIGH,Municipal owner/occupier differs from revenue owner.,5,OBS-000380;OBS-000381;OBS-000382;OBS-000383;OBS-000384,0.72,0.681,0.323,0.569,0.94,0.641,"{""owner"":""BSES Yamuna Power Limited"",""land_use"":""UTILITY"",""geometry_id"":""GEO-01-099-G1"",""area_sqm"":846.48}","{""owner"":""BSES Yamuna Power Limited"",""land_use"":""UTILITY"",""geometry_id"":""GEO-01-099-G1"",""state"":""UNCHANGED_PENDING""}",True,CNF-00392,2026-09-15 10:30:00,TC10_OWNERSHIP_CONFLICT
IN-DL-110054-1-100,ACTIVE,CURRENT,,,MATCHED_WITH_MINOR_CONFLICT,LOW,Abbreviation / formatting variation only.,4,OBS-000385;OBS-000386;OBS-000387;OBS-000388,0.853,0.776,0.702,0.702,0.94,0.797,"{""owner"":""Aarav Bansal"",""land_use"":""MIXED_USE"",""geometry_id"":""GEO-01-100-G1"",""area_sqm"":735.9}","{""owner"":""Aarav Bansal"",""land_use"":""MIXED_USE"",""geometry_id"":""GEO-01-100-G1"",""state"":""AUTHORITATIVE""}",False,,2026-09-15 10:30:00,
IN-DL-110054-2-1,ACTIVE,CURRENT,,,MATCHED_WITH_MINOR_CONFLICT,MEDIUM,Multiple municipal units occupy one legal parcel.,7,OBS-000389;OBS-000390;OBS-000391;OBS-000392;OBS-000393;OBS-000394;OBS-000395,0.89,0.841,0.734,0.734,0.94,0.834,"{""owner"":""Ishaan Sharma"",""land_use"":""RESIDENTIAL"",""geometry_id"":""GEO-02-001-G1"",""area_sqm"":675.61}","{""owner"":""Ishaan Sharma"",""land_use"":""RESIDENTIAL"",""geometry_id"":""GEO-02-001-G1"",""state"":""AUTHORITATIVE""}",False,,2026-09-15 10:30:00,TC05_ONE_CADASTRAL_TO_SEVERAL_MUNICIPAL
IN-DL-110054-2-2,ACTIVE,CURRENT,,,REJECTED_MATCH,CRITICAL,Geometry/identifiers do not uniquely distinguish candidates.,4,OBS-000396;OBS-000397;OBS-000398;OBS-000399,0.476,0.698,0.631,0.645,0.94,0.643,"{""owner"":""Sneha Saxena"",""land_use"":""RESIDENTIAL"",""geometry_id"":""GEO-02-002-G1"",""area_sqm"":629.13,""state"":""REJECTED""}","{""owner"":""Sneha Saxena"",""land_use"":""RESIDENTIAL"",""geometry_id"":""GEO-02-002-G1"",""state"":""AUTHORITATIVE""}",False,,2026-09-15 10:30:00,TC18_AMBIGUOUS_CANDIDATE_MATCH
IN-DL-110054-2-3,ACTIVE,CURRENT,,,AUTO_MATCHED,LOW,No material disagreement,4,OBS-000400;OBS-000401;OBS-000402;OBS-000403,0.854,0.775,0.703,0.703,0.94,0.797,"{""owner"":""Deepak Malhotra"",""land_use"":""RESIDENTIAL"",""geometry_id"":""GEO-02-003-G1"",""area_sqm"":727.58}","{""owner"":""Deepak Malhotra"",""land_use"":""RESIDENTIAL"",""geometry_id"":""GEO-02-003-G1"",""state"":""AUTHORITATIVE""}",False,,2026-09-15 10:30:00,TC01_CLEAN_ONE_TO_ONE
IN-DL-110054-2-4,ACTIVE,CURRENT,,,AUTO_MATCHED,LOW,No material disagreement,4,OBS-000404;OBS-000405;OBS-000406;OBS-000407,0.856,0.772,0.705,0.705,0.94,0.798,"{""owner"":""Aarav Chawla"",""land_use"":""MIXED_USE"",""geometry_id"":""GEO-02-004-G1"",""area_sqm"":748.68}","{""owner"":""Aarav Chawla"",""land_use"":""MIXED_USE"",""geometry_id"":""GEO-02-004-G1"",""state"":""AUTHORITATIVE""}",False,,2026-09-15 10:30:00,
IN-DL-110054-2-5,ACTIVE,CURRENT,,,AUTO_MATCHED,LOW,No material disagreement,3,OBS-000408;OBS-000409;OBS-000410,0.884,0.739,0.73,0.73,0.94,0.806,"{""owner"":""Ishaan Jain"",""land_use"":""MIXED_USE"",""geometry_id"":""GEO-02-005-G1"",""area_sqm"":644.8}","{""owner"":""Ishaan Jain"",""land_use"":""MIXED_USE"",""geometry_id"":""GEO-02-005-G1"",""state"":""AUTHORITATIVE""}",False,,2026-09-15 10:30:00,
IN-DL-110054-2-6,ACTIVE,CURRENT,,,AUTO_MATCHED,LOW,No material disagreement,3,OBS-000411;OBS-000412;OBS-000413,0.885,0.728,0.752,0.752,0.94,0.81,"{""owner"":""Sneha Verma"",""land_use"":""MIXED_USE"",""geometry_id"":""GEO-02-006-G1"",""area_sqm"":911.56}","{""owner"":""Sneha Verma"",""land_use"":""MIXED_USE"",""geometry_id"":""GEO-02-006-G1"",""state"":""AUTHORITATIVE""}",False,,2026-09-15 10:30:00,
IN-DL-110054-2-7,ACTIVE,CURRENT,,,AUTO_MATCHED,LOW,No material disagreement,4,OBS-000414;OBS-000415;OBS-000416;OBS-000417,0.85,0.781,0.697,0.697,0.94,0.795,"{""owner"":""Deepak Mishra"",""land_use"":""COMMERCIAL"",""geometry_id"":""GEO-02-007-G1"",""area_sqm"":752.89}","{""owner"":""Deepak Mishra"",""land_use"":""COMMERCIAL"",""geometry_id"":""GEO-02-007-G1"",""state"":""AUTHORITATIVE""}",False,,2026-09-15 10:30:00,TC01_CLEAN_ONE_TO_ONE
IN-DL-110054-2-8,ACTIVE,CURRENT,,,AUTO_MATCHED,LOW,No material disagreement,3,OBS-000418;OBS-000419;OBS-000420,0.879,0.747,0.723,0.723,0.94,0.804,"{""owner"":""Aarav Khanna"",""land_use"":""COMMERCIAL"",""geometry_id"":""GEO-02-008-G1"",""area_sqm"":720.83}","{""owner"":""Aarav Khanna"",""land_use"":""COMMERCIAL"",""geometry_id"":""GEO-02-008-G1"",""state"":""AUTHORITATIVE""}",False,,2026-09-15 10:30:00,TC01_CLEAN_ONE_TO_ONE
IN-DL-110054-2-9,ACTIVE,CURRENT,,,TENTATIVE,HIGH,Municipal owner/occupier differs from revenue owner.,4,OBS-000421;OBS-000422;OBS-000423;OBS-000424,0.711,0.646,0.329,0.58,0.94,0.632,"{""owner"":""Ishaan Sethi"",""land_use"":""COMMERCIAL"",""geometry_id"":""GEO-02-009-G1"",""area_sqm"":626.67}","{""owner"":""Ishaan Sethi"",""land_use"":""COMMERCIAL"",""geometry_id"":""GEO-02-009-G1"",""state"":""UNCHANGED_PENDING""}",True,CNF-00385,2026-09-15 10:30:00,TC10_OWNERSHIP_CONFLICT
IN-DL-110054-2-10,ACTIVE,CURRENT,,,MATCHED_WITH_MINOR_CONFLICT,LOW,Abbreviation / formatting variation only.,5,OBS-000425;OBS-000426;OBS-000427;OBS-000428;OBS-000429,0.866,0.904,0.707,0.707,0.94,0.835,"{""owner"":""Sneha Aggarwal"",""land_use"":""COMMERCIAL"",""geometry_id"":""GEO-02-010-G1"",""area_sqm"":682.99}","{""owner"":""Sneha Aggarwal"",""land_use"":""COMMERCIAL"",""geometry_id"":""GEO-02-010-G1"",""state"":""AUTHORITATIVE""}",False,,2026-09-15 10:30:00,
IN-DL-110054-2-11,ACTIVE,CURRENT,,,AUTO_MATCHED,LOW,No material disagreement,5,OBS-000430;OBS-000431;OBS-000432;OBS-000433;OBS-000434,0.871,0.752,0.678,0.678,0.94,0.788,"{""owner"":""Deepak Gupta"",""land_use"":""RESIDENTIAL"",""geometry_id"":""GEO-02-011-G1"",""area_sqm"":685.28}","{""owner"":""Deepak Gupta"",""land_use"":""RESIDENTIAL"",""geometry_id"":""GEO-02-011-G1"",""state"":""AUTHORITATIVE""}",False,,2026-09-15 10:30:00,TC01_CLEAN_ONE_TO_ONE
IN-DL-110054-2-12,ACTIVE,CURRENT,,,MATCHED_WITH_MINOR_CONFLICT,MEDIUM,Moderate area-basis disagreement.,4,OBS-000435;OBS-000436;OBS-000437;OBS-000438,0.857,0.771,0.707,0.707,0.94,0.798,"{""owner"":""Aarav Tiwari"",""land_use"":""RESIDENTIAL"",""geometry_id"":""GEO-02-012-G1"",""area_sqm"":638.14}","{""owner"":""Aarav Tiwari"",""land_use"":""RESIDENTIAL"",""geometry_id"":""GEO-02-012-G1"",""state"":""AUTHORITATIVE""}",False,,2026-09-15 10:30:00,
IN-DL-110054-2-13,ACTIVE,CURRENT,,,AUTO_MATCHED,LOW,No material disagreement,4,OBS-000439;OBS-000440;OBS-000441;OBS-000442,0.858,0.769,0.708,0.708,0.94,0.798,"{""owner"":""Ishaan Kapoor"",""land_use"":""RESIDENTIAL"",""geometry_id"":""GEO-02-013-G1"",""area_sqm"":738.0}","{""owner"":""Ishaan Kapoor"",""land_use"":""RESIDENTIAL"",""geometry_id"":""GEO-02-013-G1"",""state"":""AUTHORITATIVE""}",False,,2026-09-15 10:30:00,TC01_CLEAN_ONE_TO_ONE
IN-DL-110054-2-14,ACTIVE,CURRENT,,,HUMAN_REVIEW_REQUIRED,CRITICAL,High-accuracy survey materially contradicts old cadastral geometry.,4,OBS-000443;OBS-000444;OBS-000445;OBS-000446,0.702,0.758,0.648,0.663,0.94,0.731,"{""owner"":""Sneha Bhatia"",""land_use"":""MIXED_USE"",""geometry_id"":""GEO-02-014-G2"",""area_sqm"":759.33}","{""owner"":""Sneha Bhatia"",""land_use"":""MIXED_USE"",""geometry_id"":""GEO-02-014-G2"",""state"":""UNCHANGED_PENDING""}",True,CNF-00496,2026-09-15 10:30:00,TC15_GNSS_CONTRADICTS_OLD_CADASTRE
IN-DL-110054-2-15,ACTIVE,CURRENT,,,NEEDS_ADDITIONAL_EVIDENCE,MEDIUM,Expected administrative source is absent.; Sources represent different years.,2,OBS-000447;OBS-000448,0.852,0.741,0.688,0.688,0.94,0.783,"{""owner"":""Deepak Arora"",""land_use"":""MIXED_USE"",""geometry_id"":""GEO-02-015-G1"",""area_sqm"":654.03}","{""owner"":""Deepak Arora"",""land_use"":""MIXED_USE"",""geometry_id"":""GEO-02-015-G1"",""state"":""UNCHANGED_PENDING""}",False,CNF-00526,2026-09-15 10:30:00,TC17_MISSING_SOURCE_RECORD
IN-DL-110054-2-16,ACTIVE,CURRENT,,,AUTO_MATCHED,LOW,No material disagreement,3,OBS-000449;OBS-000450;OBS-000451,0.88,0.734,0.747,0.747,0.94,0.809,"{""owner"":""Aarav Mehta"",""land_use"":""MIXED_USE"",""geometry_id"":""GEO-02-016-G1"",""area_sqm"":924.62}","{""owner"":""Aarav Mehta"",""land_use"":""MIXED_USE"",""geometry_id"":""GEO-02-016-G1"",""state"":""AUTHORITATIVE""}",False,,2026-09-15 10:30:00,
IN-DL-110054-2-17,ACTIVE,CURRENT,,,AUTO_MATCHED,LOW,No material disagreement,4,OBS-000452;OBS-000453;OBS-000454;OBS-000455,0.854,0.775,0.703,0.703,0.94,0.797,"{""owner"":""Ishaan Singh"",""land_use"":""COMMERCIAL"",""geometry_id"":""GEO-02-017-G1"",""area_sqm"":763.67}","{""owner"":""Ishaan Singh"",""land_use"":""COMMERCIAL"",""geometry_id"":""GEO-02-017-G1"",""state"":""AUTHORITATIVE""}",False,,2026-09-15 10:30:00,TC01_CLEAN_ONE_TO_ONE
IN-DL-110054-2-18,ACTIVE,CURRENT,,,HUMAN_REVIEW_REQUIRED,CRITICAL,Duplicate source row can create duplicate legal identity.; Physical occupation is inconsistent with legal state.,4,OBS-000456;OBS-000457;OBS-000458;OBS-004361,0.681,0.575,0.726,0.742,0.94,0.705,"{""owner"":""Sneha Bansal"",""land_use"":""COMMERCIAL"",""geometry_id"":""GEO-02-018-G1"",""area_sqm"":731.15}","{""owner"":""Sneha Bansal"",""land_use"":""COMMERCIAL"",""geometry_id"":""GEO-02-018-G1"",""state"":""UNCHANGED_PENDING""}",True,CNF-00325;CNF-00461,2026-09-15 10:30:00,TC02_SLIGHT_GEOMETRY_SHIFT;TC04_DUPLICATE_SOURCE_PARCEL;TC14_PHYSICAL_OCCUPATION_VS_LEGAL_GEOMETRY
IN-DL-110054-2-19,ACTIVE,CURRENT,,,AUTO_MATCHED,LOW,No material disagreement,5,OBS-000459;OBS-000460;OBS-000461;OBS-000462;OBS-000463,0.869,0.901,0.71,0.71,0.94,0.835,"{""owner"":""Deepak Sharma"",""land_use"":""COMMERCIAL"",""geometry_id"":""GEO-02-019-G1"",""area_sqm"":635.64}","{""owner"":""Deepak Sharma"",""land_use"":""COMMERCIAL"",""geometry_id"":""GEO-02-019-G1"",""state"":""AUTHORITATIVE""}",False,,2026-09-15 10:30:00,TC01_CLEAN_ONE_TO_ONE
IN-DL-110054-2-20,ACTIVE,CURRENT,,,MATCHED_WITH_MINOR_CONFLICT,LOW,Abbreviation / formatting variation only.,5,OBS-000464;OBS-000465;OBS-000466;OBS-000467;OBS-000468,0.872,0.856,0.711,0.711,0.94,0.825,"{""owner"":""Matrika Traders Association"",""land_use"":""COMMERCIAL"",""geometry_id"":""GEO-02-020-G1"",""area_sqm"":692.77}","{""owner"":""Matrika Traders Association"",""land_use"":""COMMERCIAL"",""geometry_id"":""GEO-02-020-G1"",""state"":""AUTHORITATIVE""}",False,,2026-09-15 10:30:00,
IN-DL-110054-2-21,ACTIVE,CURRENT,,,AUTO_MATCHED,LOW,No material disagreement,4,OBS-000469;OBS-000470;OBS-000471;OBS-000472,0.85,0.781,0.697,0.697,0.94,0.795,"{""owner"":""Ishaan Malhotra"",""land_use"":""RESIDENTIAL"",""geometry_id"":""GEO-02-021-G1"",""area_sqm"":773.54}","{""owner"":""Ishaan Malhotra"",""land_use"":""RESIDENTIAL"",""geometry_id"":""GEO-02-021-G1"",""state"":""AUTHORITATIVE""}",False,,2026-09-15 10:30:00,TC01_CLEAN_ONE_TO_ONE
IN-DL-110054-2-22,ACTIVE,CURRENT,,,TENTATIVE,HIGH,Municipal owner/occupier differs from revenue owner.,4,OBS-000473;OBS-000474;OBS-000475;OBS-000476,0.707,0.7,0.33,0.581,0.94,0.645,"{""owner"":""Sneha Chawla"",""land_use"":""RESIDENTIAL"",""geometry_id"":""GEO-02-022-G1"",""area_sqm"":720.33}","{""owner"":""Sneha Chawla"",""land_use"":""RESIDENTIAL"",""geometry_id"":""GEO-02-022-G1"",""state"":""UNCHANGED_PENDING""}",True,CNF-00376,2026-09-15 10:30:00,TC10_OWNERSHIP_CONFLICT
IN-DL-110054-2-23,ACTIVE,CURRENT,,,TENTATIVE,HIGH,Building footprint extends into neighboring parcel.,4,OBS-000477;OBS-000478;OBS-000479;OBS-004359,0.731,0.67,0.652,0.667,0.94,0.719,"{""owner"":""Deepak Jain"",""land_use"":""RESIDENTIAL"",""geometry_id"":""GEO-02-023-G1"",""area_sqm"":833.05}","{""owner"":""Deepak Jain"",""land_use"":""RESIDENTIAL"",""geometry_id"":""GEO-02-023-G1"",""state"":""UNCHANGED_PENDING""}",True,CNF-00445,2026-09-15 10:30:00,TC13_BUILDING_CROSSES_BOUNDARY
IN-DL-110054-2-24,ACTIVE,CURRENT,,,MATCHED_WITH_MINOR_CONFLICT,MEDIUM,Moderate area-basis disagreement.,4,OBS-000480;OBS-000481;OBS-000482;OBS-000483,0.855,0.774,0.703,0.703,0.94,0.797,"{""owner"":""Aarav Verma"",""land_use"":""MIXED_USE"",""geometry_id"":""GEO-02-024-G1"",""area_sqm"":857.21}","{""owner"":""Aarav Verma"",""land_use"":""MIXED_USE"",""geometry_id"":""GEO-02-024-G1"",""state"":""AUTHORITATIVE""}",False,,2026-09-15 10:30:00,
IN-DL-110054-2-25,ACTIVE,CURRENT,,,AUTO_MATCHED,LOW,No material disagreement,4,OBS-000484;OBS-000485;OBS-000486;OBS-000487,0.855,0.773,0.705,0.705,0.94,0.798,"{""owner"":""Ishaan Mishra"",""land_use"":""MIXED_USE"",""geometry_id"":""GEO-02-025-G1"",""area_sqm"":738.27}","{""owner"":""Ishaan Mishra"",""land_use"":""MIXED_USE"",""geometry_id"":""GEO-02-025-G1"",""state"":""AUTHORITATIVE""}",False,,2026-09-15 10:30:00,
IN-DL-110054-2-26,ACTIVE,CURRENT,,,AUTO_MATCHED,LOW,No material disagreement,4,OBS-000488;OBS-000489;OBS-000490;OBS-000491,0.857,0.771,0.707,0.707,0.94,0.798,"{""owner"":""Sneha Khanna"",""land_use"":""MIXED_USE"",""geometry_id"":""GEO-02-026-G1"",""area_sqm"":1043.7}","{""owner"":""Sneha Khanna"",""land_use"":""MIXED_USE"",""geometry_id"":""GEO-02-026-G1"",""state"":""AUTHORITATIVE""}",False,,2026-09-15 10:30:00,
IN-DL-110054-2-27,ACTIVE,CURRENT,,,TENTATIVE,HIGH,Physical occupation is inconsistent with legal state.,4,OBS-000492;OBS-000493;OBS-000494;OBS-000495,0.712,0.692,0.637,0.651,0.94,0.715,"{""owner"":""Deepak Sethi"",""land_use"":""COMMERCIAL"",""geometry_id"":""GEO-02-027-G1"",""area_sqm"":862.03}","{""owner"":""Deepak Sethi"",""land_use"":""COMMERCIAL"",""geometry_id"":""GEO-02-027-G1"",""state"":""UNCHANGED_PENDING""}",True,CNF-00473,2026-09-15 10:30:00,TC14_PHYSICAL_OCCUPATION_VS_LEGAL_GEOMETRY
IN-DL-110054-2-28,ACTIVE,CURRENT,,,AUTO_MATCHED,LOW,No material disagreement,4,OBS-000496;OBS-000497;OBS-000498;OBS-000499,0.85,0.78,0.698,0.698,0.94,0.796,"{""owner"":""Aarav Aggarwal"",""land_use"":""COMMERCIAL"",""geometry_id"":""GEO-02-028-G1"",""area_sqm"":825.32}","{""owner"":""Aarav Aggarwal"",""land_use"":""COMMERCIAL"",""geometry_id"":""GEO-02-028-G1"",""state"":""AUTHORITATIVE""}",False,,2026-09-15 10:30:00,TC01_CLEAN_ONE_TO_ONE
IN-DL-110054-2-29,ACTIVE,CURRENT,,,TENTATIVE,HIGH,Physical occupation is inconsistent with legal state.,4,OBS-000500;OBS-000501;OBS-000502;OBS-000503,0.706,0.701,0.629,0.643,0.94,0.712,"{""owner"":""Ishaan Gupta"",""land_use"":""COMMERCIAL"",""geometry_id"":""GEO-02-029-G1"",""area_sqm"":717.51}","{""owner"":""Ishaan Gupta"",""land_use"":""COMMERCIAL"",""geometry_id"":""GEO-02-029-G1"",""state"":""UNCHANGED_PENDING""}",True,CNF-00463,2026-09-15 10:30:00,TC14_PHYSICAL_OCCUPATION_VS_LEGAL_GEOMETRY
IN-DL-110054-2-30,ACTIVE,CURRENT,,,MATCHED_WITH_MINOR_CONFLICT,MEDIUM,Abbreviation / formatting variation only.; Sources represent different years.,4,OBS-000504;OBS-000505;OBS-000506;OBS-000507,0.853,0.776,0.702,0.702,0.94,0.797,"{""owner"":""Sneha Tiwari"",""land_use"":""COMMERCIAL"",""geometry_id"":""GEO-02-030-G1"",""area_sqm"":782.0}","{""owner"":""Sneha Tiwari"",""land_use"":""COMMERCIAL"",""geometry_id"":""GEO-02-030-G1"",""state"":""AUTHORITATIVE""}",False,,2026-09-15 10:30:00,
IN-DL-110054-2-31,ACTIVE,CURRENT,,,RECONCILED,HIGH,Incorrect mutation was applied then reverted.,3,OBS-000508;OBS-000509;OBS-000510,0.881,0.733,0.747,0.747,0.94,0.809,"{""owner"":""Deepak Kapoor"",""land_use"":""RESIDENTIAL"",""geometry_id"":""GEO-02-031-G1"",""area_sqm"":811.08}","{""owner"":""Deepak Kapoor"",""land_use"":""RESIDENTIAL"",""geometry_id"":""GEO-02-031-G1"",""state"":""AUTHORITATIVE""}",False,,2026-09-15 10:30:00,TC23_INCORRECT_MUTATION_ROLLED_BACK
IN-DL-110054-2-32,ACTIVE,CURRENT,,,AUTO_MATCHED,LOW,No material disagreement,5,OBS-000511;OBS-000512;OBS-000513;OBS-000514;OBS-000515,0.868,0.902,0.709,0.709,0.94,0.835,"{""owner"":""Aarav Bhatia"",""land_use"":""RESIDENTIAL"",""geometry_id"":""GEO-02-032-G1"",""area_sqm"":755.29}","{""owner"":""Aarav Bhatia"",""land_use"":""RESIDENTIAL"",""geometry_id"":""GEO-02-032-G1"",""state"":""AUTHORITATIVE""}",False,,2026-09-15 10:30:00,TC01_CLEAN_ONE_TO_ONE
IN-DL-110054-2-33,ACTIVE,CURRENT,,,AUTO_MATCHED,LOW,No material disagreement,4,OBS-000516;OBS-000517;OBS-000518;OBS-000519,0.857,0.771,0.706,0.706,0.94,0.798,"{""owner"":""Ishaan Arora"",""land_use"":""RESIDENTIAL"",""geometry_id"":""GEO-02-033-G1"",""area_sqm"":873.48}","{""owner"":""Ishaan Arora"",""land_use"":""RESIDENTIAL"",""geometry_id"":""GEO-02-033-G1"",""state"":""AUTHORITATIVE""}",False,,2026-09-15 10:30:00,TC01_CLEAN_ONE_TO_ONE
IN-DL-110054-2-34,ACTIVE,CURRENT,,,MATCHED_WITH_MINOR_CONFLICT,MEDIUM,Multiple municipal units occupy one legal parcel.,5,OBS-000520;OBS-000521;OBS-000522;OBS-000523;OBS-000524,0.905,0.727,0.731,0.731,0.94,0.809,"{""owner"":""Sneha Mehta"",""land_use"":""MIXED_USE"",""geometry_id"":""GEO-02-034-G1"",""area_sqm"":898.82}","{""owner"":""Sneha Mehta"",""land_use"":""MIXED_USE"",""geometry_id"":""GEO-02-034-G1"",""state"":""AUTHORITATIVE""}",False,,2026-09-15 10:30:00,TC05_ONE_CADASTRAL_TO_SEVERAL_MUNICIPAL
IN-DL-110054-2-35,ACTIVE,CURRENT,,,AUTO_MATCHED,LOW,No material disagreement,2,OBS-000525;OBS-000526,0.94,0.659,0.81,0.81,0.94,0.828,"{""owner"":""Deepak Singh"",""land_use"":""MIXED_USE"",""geometry_id"":""GEO-02-035-G1"",""area_sqm"":774.1}","{""owner"":""Deepak Singh"",""land_use"":""MIXED_USE"",""geometry_id"":""GEO-02-035-G1"",""state"":""AUTHORITATIVE""}",False,,2026-09-15 10:30:00,
IN-DL-110054-2-36,ACTIVE,CURRENT,,,MATCHED_WITH_MINOR_CONFLICT,MEDIUM,Moderate area-basis disagreement.; Multiple municipal units occupy one legal parcel.,3,OBS-000527;OBS-000528;OBS-000529,0.94,0.625,0.813,0.813,0.94,0.821,"{""owner"":""Aarav Bansal"",""land_use"":""MIXED_USE"",""geometry_id"":""GEO-02-036-G1"",""area_sqm"":1094.35}","{""owner"":""Aarav Bansal"",""land_use"":""MIXED_USE"",""geometry_id"":""GEO-02-036-G1"",""state"":""AUTHORITATIVE""}",False,,2026-09-15 10:30:00,TC05_ONE_CADASTRAL_TO_SEVERAL_MUNICIPAL
IN-DL-110054-2-37,ACTIVE,CURRENT,,,AUTO_MATCHED,LOW,No material disagreement,3,OBS-000530;OBS-000531;OBS-000532,0.88,0.745,0.725,0.725,0.94,0.804,"{""owner"":""Ishaan Sharma"",""land_use"":""COMMERCIAL"",""geometry_id"":""GEO-02-037-G1"",""area_sqm"":903.87}","{""owner"":""Ishaan Sharma"",""land_use"":""COMMERCIAL"",""geometry_id"":""GEO-02-037-G1"",""state"":""AUTHORITATIVE""}",False,,2026-09-15 10:30:00,TC01_CLEAN_ONE_TO_ONE
IN-DL-110054-2-38,ACTIVE,CURRENT,,,TENTATIVE,HIGH,Building footprint extends into neighboring parcel.,4,OBS-000533;OBS-000534;OBS-000535;OBS-000536,0.709,0.673,0.633,0.647,0.94,0.707,"{""owner"":""Sneha Saxena"",""land_use"":""COMMERCIAL"",""geometry_id"":""GEO-02-038-G1"",""area_sqm"":865.38}","{""owner"":""Sneha Saxena"",""land_use"":""COMMERCIAL"",""geometry_id"":""GEO-02-038-G1"",""state"":""UNCHANGED_PENDING""}",True,CNF-00450,2026-09-15 10:30:00,TC13_BUILDING_CROSSES_BOUNDARY
IN-DL-110054-2-39,ACTIVE,CURRENT,,,AUTO_MATCHED,LOW,No material disagreement,4,OBS-000537;OBS-000538;OBS-000539;OBS-000540,0.855,0.773,0.705,0.705,0.94,0.798,"{""owner"":""Deepak Malhotra"",""land_use"":""COMMERCIAL"",""geometry_id"":""GEO-02-039-G1"",""area_sqm"":752.33}","{""owner"":""Deepak Malhotra"",""land_use"":""COMMERCIAL"",""geometry_id"":""GEO-02-039-G1"",""state"":""AUTHORITATIVE""}",False,,2026-09-15 10:30:00,TC01_CLEAN_ONE_TO_ONE
IN-DL-110054-2-40,ACTIVE,CURRENT,,,MATCHED_WITH_MINOR_CONFLICT,LOW,Abbreviation / formatting variation only.,5,OBS-000541;OBS-000542;OBS-000543;OBS-000544;OBS-000545,0.869,0.9,0.71,0.71,0.94,0.835,"{""owner"":""Aarav Chawla"",""land_use"":""COMMERCIAL"",""geometry_id"":""GEO-02-040-G1"",""area_sqm"":819.95}","{""owner"":""Aarav Chawla"",""land_use"":""COMMERCIAL"",""geometry_id"":""GEO-02-040-G1"",""state"":""AUTHORITATIVE""}",False,,2026-09-15 10:30:00,
IN-DL-110054-2-41,ACTIVE,CURRENT,,,MATCHED_WITH_MINOR_CONFLICT,MEDIUM,Slight spatial shift but identity remains strong.,4,OBS-000546;OBS-000547;OBS-000548;OBS-000549,0.854,0.863,0.742,0.742,0.94,0.832,"{""owner"":""Ishaan Jain"",""land_use"":""RESIDENTIAL"",""geometry_id"":""GEO-02-041-G1"",""area_sqm"":742.91}","{""owner"":""Ishaan Jain"",""land_use"":""RESIDENTIAL"",""geometry_id"":""GEO-02-041-G1"",""state"":""AUTHORITATIVE""}",False,,2026-09-15 10:30:00,TC02_SLIGHT_GEOMETRY_SHIFT
IN-DL-110054-2-42,ACTIVE,CURRENT,,,AUTO_MATCHED,LOW,No material disagreement,4,OBS-000550;OBS-000551;OBS-000552;OBS-000553,0.85,0.78,0.698,0.698,0.94,0.796,"{""owner"":""Sneha Verma"",""land_use"":""RESIDENTIAL"",""geometry_id"":""GEO-02-042-G1"",""area_sqm"":691.81}","{""owner"":""Sneha Verma"",""land_use"":""RESIDENTIAL"",""geometry_id"":""GEO-02-042-G1"",""state"":""AUTHORITATIVE""}",False,,2026-09-15 10:30:00,TC01_CLEAN_ONE_TO_ONE
IN-DL-110054-2-43,ACTIVE,CURRENT,,,AUTO_MATCHED,LOW,No material disagreement,4,OBS-000554;OBS-000555;OBS-000556;OBS-000557,0.851,0.779,0.699,0.699,0.94,0.796,"{""owner"":""Deepak Mishra"",""land_use"":""RESIDENTIAL"",""geometry_id"":""GEO-02-043-G1"",""area_sqm"":800.06}","{""owner"":""Deepak Mishra"",""land_use"":""RESIDENTIAL"",""geometry_id"":""GEO-02-043-G1"",""state"":""AUTHORITATIVE""}",False,,2026-09-15 10:30:00,TC01_CLEAN_ONE_TO_ONE
IN-DL-110054-2-44,ACTIVE,CURRENT,,,AUTO_MATCHED,LOW,No material disagreement,4,OBS-000558;OBS-000559;OBS-000560;OBS-000561,0.856,0.724,0.684,0.684,0.94,0.779,"{""owner"":""Aarav Khanna"",""land_use"":""MIXED_USE"",""geometry_id"":""GEO-02-044-G1"",""area_sqm"":823.27}","{""owner"":""Aarav Khanna"",""land_use"":""MIXED_USE"",""geometry_id"":""GEO-02-044-G1"",""state"":""AUTHORITATIVE""}",False,,2026-09-15 10:30:00,
IN-DL-110054-2-45,ACTIVE,CURRENT,,,MATCHED_WITH_MINOR_CONFLICT,MEDIUM,Sources represent different years.,4,OBS-000562;OBS-000563;OBS-000564;OBS-000565,0.854,0.775,0.703,0.703,0.94,0.797,"{""owner"":""Ishaan Sethi"",""land_use"":""MIXED_USE"",""geometry_id"":""GEO-02-045-G1"",""area_sqm"":709.03}","{""owner"":""Ishaan Sethi"",""land_use"":""MIXED_USE"",""geometry_id"":""GEO-02-045-G1"",""state"":""AUTHORITATIVE""}",False,,2026-09-15 10:30:00,
IN-DL-110054-2-46,ACTIVE,CURRENT,,,AUTO_MATCHED,LOW,No material disagreement,5,OBS-000566;OBS-000567;OBS-000568;OBS-000569;OBS-000570,0.868,0.902,0.709,0.709,0.94,0.835,"{""owner"":""Sneha Aggarwal"",""land_use"":""MIXED_USE"",""geometry_id"":""GEO-02-046-G1"",""area_sqm"":1002.37}","{""owner"":""Sneha Aggarwal"",""land_use"":""MIXED_USE"",""geometry_id"":""GEO-02-046-G1"",""state"":""AUTHORITATIVE""}",False,,2026-09-15 10:30:00,
IN-DL-110054-2-47,ACTIVE,CURRENT,,,AUTO_MATCHED,LOW,No material disagreement,4,OBS-000571;OBS-000572;OBS-000573;OBS-000574,0.857,0.771,0.706,0.706,0.94,0.798,"{""owner"":""Deepak Gupta"",""land_use"":""COMMERCIAL"",""geometry_id"":""GEO-02-047-G1"",""area_sqm"":827.89}","{""owner"":""Deepak Gupta"",""land_use"":""COMMERCIAL"",""geometry_id"":""GEO-02-047-G1"",""state"":""AUTHORITATIVE""}",False,,2026-09-15 10:30:00,TC01_CLEAN_ONE_TO_ONE
IN-DL-110054-2-48,ACTIVE,CURRENT,,,MATCHED_WITH_MINOR_CONFLICT,MEDIUM,Moderate area-basis disagreement.,3,OBS-000575;OBS-000576;OBS-000577,0.885,0.728,0.752,0.752,0.94,0.81,"{""owner"":""Aarav Tiwari"",""land_use"":""COMMERCIAL"",""geometry_id"":""GEO-02-048-G1"",""area_sqm"":792.64}","{""owner"":""Aarav Tiwari"",""land_use"":""COMMERCIAL"",""geometry_id"":""GEO-02-048-G1"",""state"":""AUTHORITATIVE""}",False,,2026-09-15 10:30:00,
IN-DL-110054-2-49,ACTIVE,CURRENT,,,MATCHED_WITH_MINOR_CONFLICT,MEDIUM,Slight spatial shift but identity remains strong.,3,OBS-000578;OBS-000579;OBS-000580,0.876,0.715,0.743,0.743,0.94,0.801,"{""owner"":""Ishaan Kapoor"",""land_use"":""COMMERCIAL"",""geometry_id"":""GEO-02-049-G1"",""area_sqm"":689.1}","{""owner"":""Ishaan Kapoor"",""land_use"":""COMMERCIAL"",""geometry_id"":""GEO-02-049-G1"",""state"":""AUTHORITATIVE""}",False,,2026-09-15 10:30:00,TC02_SLIGHT_GEOMETRY_SHIFT
IN-DL-110054-2-50,ACTIVE,CURRENT,,,MATCHED_WITH_MINOR_CONFLICT,LOW,Abbreviation / formatting variation only.,5,OBS-000581;OBS-000582;OBS-000583;OBS-000584;OBS-000585,0.868,0.755,0.673,0.673,0.94,0.786,"{""owner"":""Sneha Bhatia"",""land_use"":""COMMERCIAL"",""geometry_id"":""GEO-02-050-G1"",""area_sqm"":751.03}","{""owner"":""Sneha Bhatia"",""land_use"":""COMMERCIAL"",""geometry_id"":""GEO-02-050-G1"",""state"":""AUTHORITATIVE""}",False,,2026-09-15 10:30:00,
IN-DL-110054-2-51,ACTIVE,CURRENT,,,AUTO_MATCHED,LOW,No material disagreement,4,OBS-000586;OBS-000587;OBS-000588;OBS-000589,0.853,0.777,0.701,0.701,0.94,0.796,"{""owner"":""Deepak Arora"",""land_use"":""RESIDENTIAL"",""geometry_id"":""GEO-02-051-G1"",""area_sqm"":976.16}","{""owner"":""Deepak Arora"",""land_use"":""RESIDENTIAL"",""geometry_id"":""GEO-02-051-G1"",""state"":""AUTHORITATIVE""}",False,,2026-09-15 10:30:00,TC01_CLEAN_ONE_TO_ONE
IN-DL-110054-2-52,ACTIVE,CURRENT,,,AUTO_MATCHED,LOW,No material disagreement,4,OBS-000590;OBS-000591;OBS-000592;OBS-000593,0.855,0.774,0.703,0.703,0.94,0.797,"{""owner"":""Aarav Mehta"",""land_use"":""RESIDENTIAL"",""geometry_id"":""GEO-02-052-G1"",""area_sqm"":909.02}","{""owner"":""Aarav Mehta"",""land_use"":""RESIDENTIAL"",""geometry_id"":""GEO-02-052-G1"",""state"":""AUTHORITATIVE""}",False,,2026-09-15 10:30:00,TC01_CLEAN_ONE_TO_ONE
IN-DL-110054-2-53,ACTIVE,CURRENT,,,AUTO_MATCHED,LOW,No material disagreement,5,OBS-000594;OBS-000595;OBS-000596;OBS-000597;OBS-000598,0.867,0.902,0.708,0.708,0.94,0.835,"{""owner"":""Ishaan Singh"",""land_use"":""RESIDENTIAL"",""geometry_id"":""GEO-02-053-G1"",""area_sqm"":1051.26}","{""owner"":""Ishaan Singh"",""land_use"":""RESIDENTIAL"",""geometry_id"":""GEO-02-053-G1"",""state"":""AUTHORITATIVE""}",False,,2026-09-15 10:30:00,TC01_CLEAN_ONE_TO_ONE
IN-DL-110054-2-54,ACTIVE,CURRENT,,,REJECTED_MATCH,CRITICAL,Geometry/identifiers do not uniquely distinguish candidates.,4,OBS-000599;OBS-000600;OBS-000601;OBS-000602,0.479,0.693,0.636,0.65,0.94,0.645,"{""owner"":""Sneha Bansal"",""land_use"":""MIXED_USE"",""geometry_id"":""GEO-02-054-G1"",""area_sqm"":1081.75,""state"":""REJECTED""}","{""owner"":""Sneha Bansal"",""land_use"":""MIXED_USE"",""geometry_id"":""GEO-02-054-G1"",""state"":""AUTHORITATIVE""}",False,,2026-09-15 10:30:00,TC18_AMBIGUOUS_CANDIDATE_MATCH
IN-DL-110054-2-55,ACTIVE,CURRENT,,,MATCHED_WITH_MINOR_CONFLICT,MEDIUM,Slight spatial shift but identity remains strong.,3,OBS-000603;OBS-000604;OBS-000605,0.884,0.703,0.751,0.751,0.94,0.804,"{""owner"":""Deepak Sharma"",""land_use"":""MIXED_USE"",""geometry_id"":""GEO-02-055-G1"",""area_sqm"":931.65}","{""owner"":""Deepak Sharma"",""land_use"":""MIXED_USE"",""geometry_id"":""GEO-02-055-G1"",""state"":""AUTHORITATIVE""}",False,,2026-09-15 10:30:00,TC02_SLIGHT_GEOMETRY_SHIFT
IN-DL-110054-2-56,ACTIVE,CURRENT,,,AUTO_MATCHED,LOW,No material disagreement,4,OBS-000606;OBS-000607;OBS-000608;OBS-000609,0.85,0.78,0.698,0.698,0.94,0.796,"{""owner"":""Aarav Saxena"",""land_use"":""MIXED_USE"",""geometry_id"":""GEO-02-056-G1"",""area_sqm"":1317.09}","{""owner"":""Aarav Saxena"",""land_use"":""MIXED_USE"",""geometry_id"":""GEO-02-056-G1"",""state"":""AUTHORITATIVE""}",False,,2026-09-15 10:30:00,
IN-DL-110054-2-57,ACTIVE,CURRENT,,,AUTO_MATCHED,LOW,No material disagreement,5,OBS-000610;OBS-000611;OBS-000612;OBS-000613;OBS-000614,0.868,0.757,0.674,0.674,0.94,0.787,"{""owner"":""Ishaan Malhotra"",""land_use"":""COMMERCIAL"",""geometry_id"":""GEO-02-057-G1"",""area_sqm"":1087.83}","{""owner"":""Ishaan Malhotra"",""land_use"":""COMMERCIAL"",""geometry_id"":""GEO-02-057-G1"",""state"":""AUTHORITATIVE""}",False,,2026-09-15 10:30:00,TC01_CLEAN_ONE_TO_ONE
IN-DL-110054-2-58,ACTIVE,CURRENT,,,AUTO_MATCHED,LOW,No material disagreement,4,OBS-000615;OBS-000616;OBS-000617;OBS-000618,0.853,0.776,0.702,0.702,0.94,0.797,"{""owner"":""Sneha Chawla"",""land_use"":""COMMERCIAL"",""geometry_id"":""GEO-02-058-G1"",""area_sqm"":1041.51}","{""owner"":""Sneha Chawla"",""land_use"":""COMMERCIAL"",""geometry_id"":""GEO-02-058-G1"",""state"":""AUTHORITATIVE""}",False,,2026-09-15 10:30:00,TC01_CLEAN_ONE_TO_ONE
IN-DL-110054-2-59,ACTIVE,CURRENT,,,AUTO_MATCHED,LOW,No material disagreement,6,OBS-000619;OBS-000620;OBS-000621;OBS-000622;OBS-000623;OBS-000624,0.858,0.88,0.685,0.685,0.94,0.819,"{""owner"":""Deepak Jain"",""land_use"":""COMMERCIAL"",""geometry_id"":""GEO-02-059-G1"",""area_sqm"":905.45}","{""owner"":""Deepak Jain"",""land_use"":""COMMERCIAL"",""geometry_id"":""GEO-02-059-G1"",""state"":""AUTHORITATIVE""}",False,,2026-09-15 10:30:00,TC01_CLEAN_ONE_TO_ONE
IN-DL-110054-2-60,ACTIVE,CURRENT,,,TENTATIVE,HIGH,Abbreviation / formatting variation only.; Local scale/rotation distortion affects boundaries.,3,OBS-000625;OBS-000626;OBS-000627,0.733,0.578,0.674,0.689,0.94,0.704,"{""owner"":""Aarav Verma"",""land_use"":""COMMERCIAL"",""geometry_id"":""GEO-02-060-G2"",""area_sqm"":985.26}","{""owner"":""Aarav Verma"",""land_use"":""COMMERCIAL"",""geometry_id"":""GEO-02-060-G2"",""state"":""UNCHANGED_PENDING""}",True,CNF-00308,2026-09-15 10:30:00,TC03_SIGNIFICANT_LOCAL_DISTORTION
IN-DL-110054-2-61,ACTIVE,CURRENT,,,RECONCILED,HIGH,Road widening changed parcel edge.,5,OBS-000628;OBS-000629;OBS-000630;OBS-000631;OBS-000632,0.869,0.868,0.71,0.71,0.94,0.827,"{""owner"":""Ishaan Mishra"",""land_use"":""RESIDENTIAL"",""geometry_id"":""GEO-02-061-G2"",""area_sqm"":655.62}","{""owner"":""Ishaan Mishra"",""land_use"":""RESIDENTIAL"",""geometry_id"":""GEO-02-061-G2"",""state"":""AUTHORITATIVE""}",False,,2026-09-15 10:30:00,TC21_ROAD_WIDENING_BOUNDARY_CORRECTION
IN-DL-110054-2-62,ACTIVE,CURRENT,,,AUTO_MATCHED,LOW,No material disagreement,5,OBS-000633;OBS-000634;OBS-000635;OBS-000636;OBS-000637,0.87,0.898,0.711,0.711,0.94,0.835,"{""owner"":""Sneha Khanna"",""land_use"":""RESIDENTIAL"",""geometry_id"":""GEO-02-062-G1"",""area_sqm"":649.49}","{""owner"":""Sneha Khanna"",""land_use"":""RESIDENTIAL"",""geometry_id"":""GEO-02-062-G1"",""state"":""AUTHORITATIVE""}",False,,2026-09-15 10:30:00,TC01_CLEAN_ONE_TO_ONE
IN-DL-110054-2-63,ACTIVE,CURRENT,,,AUTO_MATCHED,LOW,No material disagreement,3,OBS-000638;OBS-000639;OBS-000640,0.876,0.739,0.743,0.743,0.94,0.807,"{""owner"":""Deepak Sethi"",""land_use"":""RESIDENTIAL"",""geometry_id"":""GEO-02-063-G1"",""area_sqm"":751.13}","{""owner"":""Deepak Sethi"",""land_use"":""RESIDENTIAL"",""geometry_id"":""GEO-02-063-G1"",""state"":""AUTHORITATIVE""}",False,,2026-09-15 10:30:00,TC01_CLEAN_ONE_TO_ONE
IN-DL-110054-2-64,ACTIVE,CURRENT,,,MATCHED_WITH_MINOR_CONFLICT,MEDIUM,Slight spatial shift but identity remains strong.,4,OBS-000641;OBS-000642;OBS-000643;OBS-000644,0.852,0.76,0.7,0.7,0.94,0.792,"{""owner"":""Aarav Aggarwal"",""land_use"":""MIXED_USE"",""geometry_id"":""GEO-02-064-G1"",""area_sqm"":772.91}","{""owner"":""Aarav Aggarwal"",""land_use"":""MIXED_USE"",""geometry_id"":""GEO-02-064-G1"",""state"":""AUTHORITATIVE""}",False,,2026-09-15 10:30:00,TC02_SLIGHT_GEOMETRY_SHIFT
IN-DL-110054-2-65,ACTIVE,CURRENT,,,AUTO_MATCHED,LOW,No material disagreement,4,OBS-000645;OBS-000646;OBS-000647;OBS-000648,0.853,0.777,0.701,0.701,0.94,0.796,"{""owner"":""Ishaan Gupta"",""land_use"":""MIXED_USE"",""geometry_id"":""GEO-02-065-G1"",""area_sqm"":665.67}","{""owner"":""Ishaan Gupta"",""land_use"":""MIXED_USE"",""geometry_id"":""GEO-02-065-G1"",""state"":""AUTHORITATIVE""}",False,,2026-09-15 10:30:00,
IN-DL-110054-2-66,ACTIVE,CURRENT,,,AUTO_MATCHED,LOW,No material disagreement,4,OBS-000649;OBS-000650;OBS-000651;OBS-000652,0.855,0.774,0.703,0.703,0.94,0.797,"{""owner"":""Sneha Tiwari"",""land_use"":""MIXED_USE"",""geometry_id"":""GEO-02-066-G1"",""area_sqm"":941.06}","{""owner"":""Sneha Tiwari"",""land_use"":""MIXED_USE"",""geometry_id"":""GEO-02-066-G1"",""state"":""AUTHORITATIVE""}",False,,2026-09-15 10:30:00,
IN-DL-110054-2-67,ACTIVE,CURRENT,,,NEEDS_ADDITIONAL_EVIDENCE,MEDIUM,Expected administrative source is absent.,3,OBS-000653;OBS-000654;OBS-000655,0.827,0.908,0.705,0.705,0.94,0.823,"{""owner"":""Deepak Kapoor"",""land_use"":""COMMERCIAL"",""geometry_id"":""GEO-02-067-G1"",""area_sqm"":777.26}","{""owner"":""Deepak Kapoor"",""land_use"":""COMMERCIAL"",""geometry_id"":""GEO-02-067-G1"",""state"":""UNCHANGED_PENDING""}",False,CNF-00507,2026-09-15 10:30:00,TC17_MISSING_SOURCE_RECORD
IN-DL-110054-2-68,ACTIVE,CURRENT,,,HUMAN_REVIEW_REQUIRED,CRITICAL,High-accuracy survey materially contradicts old cadastral geometry.,5,OBS-000656;OBS-000657;OBS-000658;OBS-000659;OBS-000660,0.721,0.761,0.639,0.653,0.94,0.735,"{""owner"":""Aarav Bhatia"",""land_use"":""COMMERCIAL"",""geometry_id"":""GEO-02-068-G2"",""area_sqm"":744.08}","{""owner"":""Aarav Bhatia"",""land_use"":""COMMERCIAL"",""geometry_id"":""GEO-02-068-G2"",""state"":""UNCHANGED_PENDING""}",True,CNF-00484,2026-09-15 10:30:00,TC15_GNSS_CONTRADICTS_OLD_CADASTRE
IN-DL-110054-2-69,ACTIVE,CURRENT,,,NEEDS_ADDITIONAL_EVIDENCE,MEDIUM,Expected administrative source is absent.,4,OBS-000661;OBS-000662;OBS-000663;OBS-000664,0.817,0.912,0.69,0.69,0.94,0.816,"{""owner"":""Ishaan Arora"",""land_use"":""COMMERCIAL"",""geometry_id"":""GEO-02-069-G1"",""area_sqm"":646.95}","{""owner"":""Ishaan Arora"",""land_use"":""COMMERCIAL"",""geometry_id"":""GEO-02-069-G1"",""state"":""UNCHANGED_PENDING""}",False,CNF-00517,2026-09-15 10:30:00,TC17_MISSING_SOURCE_RECORD
IN-DL-110054-2-70,ACTIVE,CURRENT,,,MATCHED_WITH_MINOR_CONFLICT,LOW,Abbreviation / formatting variation only.,4,OBS-000665;OBS-000666;OBS-000667;OBS-000668,0.85,0.78,0.698,0.698,0.94,0.796,"{""owner"":""Sneha Mehta"",""land_use"":""COMMERCIAL"",""geometry_id"":""GEO-02-070-G1"",""area_sqm"":705.1}","{""owner"":""Sneha Mehta"",""land_use"":""COMMERCIAL"",""geometry_id"":""GEO-02-070-G1"",""state"":""AUTHORITATIVE""}",False,,2026-09-15 10:30:00,
IN-DL-110054-2-71,ACTIVE,CURRENT,,,AUTO_MATCHED,LOW,No material disagreement,5,OBS-000669;OBS-000670;OBS-000671;OBS-000672;OBS-000673,0.867,0.756,0.672,0.672,0.94,0.786,"{""owner"":""Deepak Singh"",""land_use"":""RESIDENTIAL"",""geometry_id"":""GEO-02-071-G1"",""area_sqm"":786.77}","{""owner"":""Deepak Singh"",""land_use"":""RESIDENTIAL"",""geometry_id"":""GEO-02-071-G1"",""state"":""AUTHORITATIVE""}",False,,2026-09-15 10:30:00,TC01_CLEAN_ONE_TO_ONE
IN-DL-110054-2-72,ACTIVE,CURRENT,,,MATCHED_WITH_MINOR_CONFLICT,MEDIUM,Moderate area-basis disagreement.,4,OBS-000674;OBS-000675;OBS-000676;OBS-000677,0.853,0.776,0.702,0.702,0.94,0.797,"{""owner"":""Aarav Bansal"",""land_use"":""RESIDENTIAL"",""geometry_id"":""GEO-02-072-G1"",""area_sqm"":732.66}","{""owner"":""Aarav Bansal"",""land_use"":""RESIDENTIAL"",""geometry_id"":""GEO-02-072-G1"",""state"":""AUTHORITATIVE""}",False,,2026-09-15 10:30:00,
IN-DL-110054-2-73,ACTIVE,CURRENT,,,RECONCILED,HIGH,Incorrect mutation was applied then reverted.,5,OBS-000678;OBS-000679;OBS-000680;OBS-000681;OBS-000682,0.866,0.904,0.707,0.707,0.94,0.834,"{""owner"":""Ishaan Sharma"",""land_use"":""RESIDENTIAL"",""geometry_id"":""GEO-02-073-G1"",""area_sqm"":847.3}","{""owner"":""Ishaan Sharma"",""land_use"":""RESIDENTIAL"",""geometry_id"":""GEO-02-073-G1"",""state"":""AUTHORITATIVE""}",False,,2026-09-15 10:30:00,TC23_INCORRECT_MUTATION_ROLLED_BACK
IN-DL-110054-2-74,ACTIVE,CURRENT,,,AUTO_MATCHED,LOW,No material disagreement,4,OBS-000683;OBS-000684;OBS-000685;OBS-000686,0.856,0.772,0.705,0.705,0.94,0.798,"{""owner"":""Sneha Saxena"",""land_use"":""MIXED_USE"",""geometry_id"":""GEO-02-074-G1"",""area_sqm"":871.88}","{""owner"":""Sneha Saxena"",""land_use"":""MIXED_USE"",""geometry_id"":""GEO-02-074-G1"",""state"":""AUTHORITATIVE""}",False,,2026-09-15 10:30:00,
IN-DL-110054-2-75,ACTIVE,CURRENT,,,MATCHED_WITH_MINOR_CONFLICT,MEDIUM,Sources represent different years.,3,OBS-000687;OBS-000688;OBS-000689,0.883,0.73,0.75,0.75,0.94,0.81,"{""owner"":""Deepak Malhotra"",""land_use"":""MIXED_USE"",""geometry_id"":""GEO-02-075-G1"",""area_sqm"":750.9}","{""owner"":""Deepak Malhotra"",""land_use"":""MIXED_USE"",""geometry_id"":""GEO-02-075-G1"",""state"":""AUTHORITATIVE""}",False,,2026-09-15 10:30:00,
IN-DL-110054-2-76,ACTIVE,CURRENT,,,MATCHED_WITH_MINOR_CONFLICT,MEDIUM,Multiple municipal units occupy one legal parcel.,5,OBS-000690;OBS-000691;OBS-000692;OBS-000693;OBS-000694,0.905,0.727,0.731,0.731,0.94,0.809,"{""owner"":""Aarav Chawla"",""land_use"":""MIXED_USE"",""geometry_id"":""GEO-02-076-G1"",""area_sqm"":1061.55}","{""owner"":""Aarav Chawla"",""land_use"":""MIXED_USE"",""geometry_id"":""GEO-02-076-G1"",""state"":""AUTHORITATIVE""}",False,,2026-09-15 10:30:00,TC05_ONE_CADASTRAL_TO_SEVERAL_MUNICIPAL
IN-DL-110054-2-77,ACTIVE,CURRENT,,,AUTO_MATCHED,LOW,No material disagreement,5,OBS-000695;OBS-000696;OBS-000697;OBS-000698;OBS-000699,0.862,0.911,0.703,0.703,0.94,0.834,"{""owner"":""Ishaan Jain"",""land_use"":""COMMERCIAL"",""geometry_id"":""GEO-02-077-G1"",""area_sqm"":876.78}","{""owner"":""Ishaan Jain"",""land_use"":""COMMERCIAL"",""geometry_id"":""GEO-02-077-G1"",""state"":""AUTHORITATIVE""}",False,,2026-09-15 10:30:00,TC01_CLEAN_ONE_TO_ONE
IN-DL-110054-2-78,ACTIVE,CURRENT,,,TENTATIVE,HIGH,Municipal owner/occupier differs from revenue owner.,4,OBS-000700;OBS-000701;OBS-000702;OBS-000703,0.707,0.7,0.33,0.581,0.94,0.645,"{""owner"":""Sneha Verma"",""land_use"":""COMMERCIAL"",""geometry_id"":""GEO-02-078-G1"",""area_sqm"":839.44}","{""owner"":""Sneha Verma"",""land_use"":""COMMERCIAL"",""geometry_id"":""GEO-02-078-G1"",""state"":""UNCHANGED_PENDING""}",True,CNF-00391,2026-09-15 10:30:00,TC10_OWNERSHIP_CONFLICT
IN-DL-110054-2-79,ACTIVE,CURRENT,,,AUTO_MATCHED,LOW,No material disagreement,4,OBS-000704;OBS-000705;OBS-000706;OBS-000707,0.853,0.777,0.701,0.701,0.94,0.796,"{""owner"":""Deepak Mishra"",""land_use"":""COMMERCIAL"",""geometry_id"":""GEO-02-079-G1"",""area_sqm"":729.78}","{""owner"":""Deepak Mishra"",""land_use"":""COMMERCIAL"",""geometry_id"":""GEO-02-079-G1"",""state"":""AUTHORITATIVE""}",False,,2026-09-15 10:30:00,TC01_CLEAN_ONE_TO_ONE
IN-DL-110054-2-80,ACTIVE,CURRENT,,,RECONCILED,HIGH,Abbreviation / formatting variation only.; Incorrect mutation was applied then reverted.,4,OBS-000708;OBS-000709;OBS-000710;OBS-000711,0.857,0.715,0.703,0.703,0.94,0.783,"{""owner"":""Aarav Khanna"",""land_use"":""COMMERCIAL"",""geometry_id"":""GEO-02-080-G1"",""area_sqm"":795.38}","{""owner"":""Aarav Khanna"",""land_use"":""COMMERCIAL"",""geometry_id"":""GEO-02-080-G1"",""state"":""AUTHORITATIVE""}",False,,2026-09-15 10:30:00,TC23_INCORRECT_MUTATION_ROLLED_BACK
IN-DL-110054-2-81,ACTIVE,CURRENT,,,HUMAN_REVIEW_REQUIRED,CRITICAL,Recent imagery suggests occupation into public land.,4,OBS-000712;OBS-000713;OBS-000714;OBS-000715,0.746,0.663,0.697,0.713,0.94,0.737,"{""owner"":""Municipal Corporation of Delhi"",""land_use"":""PUBLIC_OPEN_SPACE"",""geometry_id"":""GEO-02-081-G1"",""area_sqm"":805.98}","{""owner"":""Municipal Corporation of Delhi"",""land_use"":""PUBLIC_OPEN_SPACE"",""geometry_id"":""GEO-02-081-G1"",""state"":""UNCHANGED_PENDING""}",True,CNF-00557,2026-09-15 10:30:00,TC19_ENCROACHMENT_INTO_PUBLIC_LAND
IN-DL-110054-2-82,ACTIVE,CURRENT,,,AUTO_MATCHED,LOW,No material disagreement,4,OBS-000716;OBS-000717;OBS-000718;OBS-000719,0.9,0.756,0.776,0.776,0.94,0.829,"{""owner"":""Municipal Corporation of Delhi"",""land_use"":""PUBLIC_OPEN_SPACE"",""geometry_id"":""GEO-02-082-G1"",""area_sqm"":750.54}","{""owner"":""Municipal Corporation of Delhi"",""land_use"":""PUBLIC_OPEN_SPACE"",""geometry_id"":""GEO-02-082-G1"",""state"":""AUTHORITATIVE""}",False,,2026-09-15 10:30:00,
IN-DL-110054-2-83,ACTIVE,CURRENT,,,HUMAN_REVIEW_REQUIRED,HIGH,Building footprint extends into neighboring parcel.,5,OBS-000720;OBS-000721;OBS-000722;OBS-000723;OBS-000724,0.752,0.68,0.675,0.69,0.94,0.736,"{""owner"":""Pramaan Education Society"",""land_use"":""INSTITUTIONAL"",""geometry_id"":""GEO-02-083-G1"",""area_sqm"":867.98}","{""owner"":""Pramaan Education Society"",""land_use"":""INSTITUTIONAL"",""geometry_id"":""GEO-02-083-G1"",""state"":""UNCHANGED_PENDING""}",True,CNF-00448,2026-09-15 10:30:00,TC13_BUILDING_CROSSES_BOUNDARY
IN-DL-110054-2-84,ACTIVE,CURRENT,,,NEEDS_ADDITIONAL_EVIDENCE,MEDIUM,Expected administrative source is absent.; Moderate area-basis disagreement.,3,OBS-000725;OBS-000726;OBS-000727,0.827,0.767,0.662,0.662,0.94,0.774,"{""owner"":""Navjeevan Health Trust"",""land_use"":""HEALTHCARE"",""geometry_id"":""GEO-02-084-G1"",""area_sqm"":893.16}","{""owner"":""Navjeevan Health Trust"",""land_use"":""HEALTHCARE"",""geometry_id"":""GEO-02-084-G1"",""state"":""UNCHANGED_PENDING""}",False,CNF-00524,2026-09-15 10:30:00,TC17_MISSING_SOURCE_RECORD
IN-DL-110054-2-85,ACTIVE,CURRENT,,,AUTO_MATCHED,LOW,No material disagreement,5,OBS-000728;OBS-000729;OBS-000730;OBS-000731;OBS-000732,0.863,0.909,0.704,0.704,0.94,0.834,"{""owner"":""Pramaan Community Trust"",""land_use"":""RELIGIOUS_COMMUNITY"",""geometry_id"":""GEO-02-085-G1"",""area_sqm"":769.22}","{""owner"":""Pramaan Community Trust"",""land_use"":""RELIGIOUS_COMMUNITY"",""geometry_id"":""GEO-02-085-G1"",""state"":""AUTHORITATIVE""}",False,,2026-09-15 10:30:00,
IN-DL-110054-2-86,ACTIVE,CURRENT,,,AUTO_MATCHED,LOW,No material disagreement,4,OBS-000733;OBS-000734;OBS-000735;OBS-000736,0.856,0.724,0.684,0.684,0.94,0.779,"{""owner"":""Municipal Corporation of Delhi"",""land_use"":""TRANSPORT_ACCESS"",""geometry_id"":""GEO-02-086-G1"",""area_sqm"":1087.46}","{""owner"":""Municipal Corporation of Delhi"",""land_use"":""TRANSPORT_ACCESS"",""geometry_id"":""GEO-02-086-G1"",""state"":""AUTHORITATIVE""}",False,,2026-09-15 10:30:00,
IN-DL-110054-2-87,ACTIVE,CURRENT,,,AUTO_MATCHED,LOW,No material disagreement,3,OBS-000737;OBS-000738;OBS-000739,0.889,0.659,0.73,0.73,0.94,0.787,"{""owner"":""Deepak Arora"",""land_use"":""VACANT"",""geometry_id"":""GEO-02-087-G1"",""area_sqm"":898.17}","{""owner"":""Deepak Arora"",""land_use"":""VACANT"",""geometry_id"":""GEO-02-087-G1"",""state"":""AUTHORITATIVE""}",False,,2026-09-15 10:30:00,
IN-DL-110054-2-88,ACTIVE,CURRENT,,,REJECTED_MATCH,CRITICAL,Geometry/identifiers do not uniquely distinguish candidates.; Redevelopment consolidated old plots.,4,OBS-000740;OBS-000741;OBS-000742;OBS-000743,0.513,0.674,0.71,0.726,0.94,0.674,"{""owner"":""Pramaan Redevelopment LLP"",""land_use"":""REDEVELOPMENT"",""geometry_id"":""GEO-02-088-G1"",""area_sqm"":859.93,""state"":""REJECTED""}","{""owner"":""Pramaan Redevelopment LLP"",""land_use"":""REDEVELOPMENT"",""geometry_id"":""GEO-02-088-G1"",""state"":""AUTHORITATIVE""}",False,,2026-09-15 10:30:00,TC18_AMBIGUOUS_CANDIDATE_MATCH;TC22_REDEVELOPMENT_CONSOLIDATION
IN-DL-110054-2-89,ACTIVE,CURRENT,,,AUTO_MATCHED,LOW,No material disagreement,5,OBS-000744;OBS-000745;OBS-000746;OBS-000747;OBS-000748,0.87,0.858,0.709,0.709,0.94,0.825,"{""owner"":""BSES Yamuna Power Limited"",""land_use"":""UTILITY"",""geometry_id"":""GEO-02-089-G1"",""area_sqm"":747.59}","{""owner"":""BSES Yamuna Power Limited"",""land_use"":""UTILITY"",""geometry_id"":""GEO-02-089-G1"",""state"":""AUTHORITATIVE""}",False,,2026-09-15 10:30:00,
IN-DL-110054-2-90,ACTIVE,CURRENT,,,HUMAN_REVIEW_REQUIRED,HIGH,Physical occupation is inconsistent with legal state.; Sources represent different years.,6,OBS-000749;OBS-000750;OBS-000751;OBS-000752;OBS-000753;OBS-000754,0.741,0.683,0.65,0.665,0.94,0.725,"{""owner"":""Municipal Corporation of Delhi"",""land_use"":""GOVERNMENT"",""geometry_id"":""GEO-02-090-G1"",""area_sqm"":814.79}","{""owner"":""Municipal Corporation of Delhi"",""land_use"":""GOVERNMENT"",""geometry_id"":""GEO-02-090-G1"",""state"":""UNCHANGED_PENDING""}",True,CNF-00460,2026-09-15 10:30:00,TC14_PHYSICAL_OCCUPATION_VS_LEGAL_GEOMETRY
IN-DL-110054-2-91,ACTIVE,CURRENT,IN-DL-110054-2-101,,TENTATIVE,HIGH,Municipal owner/occupier differs from revenue owner.; Park boundary differs across evidence.,5,OBS-000755;OBS-000756;OBS-000757;OBS-000758;OBS-000759,0.745,0.757,0.372,0.655,0.89,0.681,"{""owner"":""Municipal Corporation of Delhi"",""land_use"":""PUBLIC_OPEN_SPACE"",""geometry_id"":""GEO-02-091-G2"",""area_sqm"":683.33}","{""owner"":""Municipal Corporation of Delhi"",""land_use"":""PUBLIC_OPEN_SPACE"",""geometry_id"":""GEO-02-091-G2"",""state"":""UNCHANGED_PENDING""}",True,CNF-00365;CNF-00578,2026-09-15 10:30:00,TC07_PARCEL_SPLIT;TC10_OWNERSHIP_CONFLICT;TC20_PARK_BOUNDARY_DISAGREEMENT;TC21_ROAD_WIDENING_BOUNDARY_CORRECTION
IN-DL-110054-2-92,ACTIVE,CURRENT,IN-DL-110054-2-101,,AUTO_MATCHED,LOW,No material disagreement,3,OBS-000760;OBS-000761;OBS-000762,0.94,0.713,0.845,0.845,0.89,0.846,"{""owner"":""Municipal Corporation of Delhi"",""land_use"":""PUBLIC_OPEN_SPACE"",""geometry_id"":""GEO-02-092-G1"",""area_sqm"":676.94}","{""owner"":""Municipal Corporation of Delhi"",""land_use"":""PUBLIC_OPEN_SPACE"",""geometry_id"":""GEO-02-092-G1"",""state"":""AUTHORITATIVE""}",False,,2026-09-15 10:30:00,TC07_PARCEL_SPLIT
IN-DL-110054-2-93,ACTIVE,CURRENT,IN-DL-110054-2-102;IN-DL-110054-2-103,,HUMAN_REVIEW_REQUIRED,HIGH,Local scale/rotation distortion affects boundaries.; Slight spatial shift but identity remains strong.,6,OBS-000763;OBS-000764;OBS-000765;OBS-000766;OBS-000767;OBS-000768,0.733,0.767,0.666,0.681,0.89,0.742,"{""owner"":""Pramaan Education Society"",""land_use"":""INSTITUTIONAL"",""geometry_id"":""GEO-02-093-G2"",""area_sqm"":782.87}","{""owner"":""Pramaan Education Society"",""land_use"":""INSTITUTIONAL"",""geometry_id"":""GEO-02-093-G1"",""state"":""UNCHANGED_PENDING""}",True,CNF-00302;CNF-00635,2026-09-15 10:30:00,TC02_SLIGHT_GEOMETRY_SHIFT;TC03_SIGNIFICANT_LOCAL_DISTORTION;TC06_SEVERAL_HISTORICAL_TO_ONE_CURRENT;TC25_STRONG_EVIDENCE_PENDING_APPROVAL
IN-DL-110054-2-94,ACTIVE,CURRENT,IN-DL-110054-2-104;IN-DL-110054-2-105,,TENTATIVE,HIGH,Lineage has not propagated consistently.,4,OBS-000769;OBS-000770;OBS-000771;OBS-000772,0.709,0.697,0.633,0.647,0.58,0.667,"{""owner"":""Navjeevan Health Trust"",""land_use"":""HEALTHCARE"",""geometry_id"":""GEO-02-094-G1"",""area_sqm"":805.57}","{""owner"":""Navjeevan Health Trust"",""land_use"":""HEALTHCARE"",""geometry_id"":""GEO-02-094-G1"",""state"":""UNCHANGED_PENDING""}",True,CNF-00707,2026-09-15 10:30:00,TC06_SEVERAL_HISTORICAL_TO_ONE_CURRENT
IN-DL-110054-2-95,ACTIVE,CURRENT,,,AUTO_MATCHED,LOW,No material disagreement,4,OBS-000773;OBS-000774;OBS-000775;OBS-000776,0.855,0.773,0.705,0.705,0.94,0.798,"{""owner"":""Pramaan Community Trust"",""land_use"":""RELIGIOUS_COMMUNITY"",""geometry_id"":""GEO-02-095-G1"",""area_sqm"":693.8}","{""owner"":""Pramaan Community Trust"",""land_use"":""RELIGIOUS_COMMUNITY"",""geometry_id"":""GEO-02-095-G1"",""state"":""AUTHORITATIVE""}",False,,2026-09-15 10:30:00,
IN-DL-110054-2-96,ACTIVE,CURRENT,,,MATCHED_WITH_MINOR_CONFLICT,MEDIUM,Moderate area-basis disagreement.,4,OBS-000777;OBS-000778;OBS-000779;OBS-000780,0.861,0.722,0.692,0.692,0.94,0.782,"{""owner"":""Municipal Corporation of Delhi"",""land_use"":""TRANSPORT_ACCESS"",""geometry_id"":""GEO-02-096-G1"",""area_sqm"":980.83}","{""owner"":""Municipal Corporation of Delhi"",""land_use"":""TRANSPORT_ACCESS"",""geometry_id"":""GEO-02-096-G1"",""state"":""AUTHORITATIVE""}",False,,2026-09-15 10:30:00,
IN-DL-110054-2-97,ACTIVE,CURRENT,,,AUTO_MATCHED,LOW,No material disagreement,3,OBS-000781;OBS-000782;OBS-000783,0.885,0.738,0.732,0.732,0.94,0.806,"{""owner"":""Ishaan Mishra"",""land_use"":""VACANT"",""geometry_id"":""GEO-02-097-G1"",""area_sqm"":810.1}","{""owner"":""Ishaan Mishra"",""land_use"":""VACANT"",""geometry_id"":""GEO-02-097-G1"",""state"":""AUTHORITATIVE""}",False,,2026-09-15 10:30:00,
IN-DL-110054-2-98,ACTIVE,CURRENT,,,AUTO_MATCHED,LOW,No material disagreement,5,OBS-000784;OBS-000785;OBS-000786;OBS-000787;OBS-000788,0.862,0.911,0.703,0.703,0.94,0.834,"{""owner"":""Pramaan Redevelopment LLP"",""land_use"":""REDEVELOPMENT"",""geometry_id"":""GEO-02-098-G1"",""area_sqm"":775.6}","{""owner"":""Pramaan Redevelopment LLP"",""land_use"":""REDEVELOPMENT"",""geometry_id"":""GEO-02-098-G1"",""state"":""AUTHORITATIVE""}",False,,2026-09-15 10:30:00,
IN-DL-110054-2-99,ACTIVE,CURRENT,,,AUTO_MATCHED,LOW,No material disagreement,5,OBS-000789;OBS-000790;OBS-000791;OBS-000792;OBS-000793,0.868,0.757,0.674,0.674,0.94,0.787,"{""owner"":""BSES Yamuna Power Limited"",""land_use"":""UTILITY"",""geometry_id"":""GEO-02-099-G1"",""area_sqm"":674.29}","{""owner"":""BSES Yamuna Power Limited"",""land_use"":""UTILITY"",""geometry_id"":""GEO-02-099-G1"",""state"":""AUTHORITATIVE""}",False,,2026-09-15 10:30:00,
IN-DL-110054-2-100,ACTIVE,CURRENT,IN-DL-110054-2-106,,TENTATIVE,HIGH,Lineage has not propagated consistently.,4,OBS-000794;OBS-000795;OBS-000796;OBS-000797,0.744,0.677,0.71,0.725,0.58,0.697,"{""owner"":""Municipal Corporation of Delhi"",""land_use"":""GOVERNMENT"",""geometry_id"":""GEO-02-100-G1"",""area_sqm"":734.89}","{""owner"":""Municipal Corporation of Delhi"",""land_use"":""GOVERNMENT"",""geometry_id"":""GEO-02-100-G1"",""state"":""UNCHANGED_PENDING""}",True,CNF-00694,2026-09-15 10:30:00,TC09_CROSS_CELL_SPLIT
IN-DL-110054-3-1,ACTIVE,CURRENT,IN-DL-110054-2-106,,TENTATIVE,HIGH,DDA sanctioned use conflicts with municipal use.,5,OBS-000798;OBS-000799;OBS-000800;OBS-000801;OBS-000802,0.748,0.705,0.635,0.467,0.89,0.699,"{""owner"":""Delhi Development Authority"",""land_use"":""RESIDENTIAL"",""geometry_id"":""GEO-03-001-G1"",""area_sqm"":631.02}","{""owner"":""Delhi Development Authority"",""land_use"":""RESIDENTIAL"",""geometry_id"":""GEO-03-001-G1"",""state"":""UNCHANGED_PENDING""}",True,CNF-00424,2026-09-15 10:30:00,TC07_PARCEL_SPLIT;TC09_CROSS_CELL_SPLIT;TC12_DDA_VS_MUNICIPAL_DISAGREEMENT
IN-DL-110054-3-2,ACTIVE,CURRENT,,,TENTATIVE,HIGH,DDA sanctioned use conflicts with municipal use.,5,OBS-000803;OBS-000804;OBS-000805;OBS-000806;OBS-000807,0.719,0.782,0.588,0.433,0.94,0.703,"{""owner"":""Delhi Development Authority"",""land_use"":""RESIDENTIAL"",""geometry_id"":""GEO-03-002-G1"",""area_sqm"":729.76}","{""owner"":""Delhi Development Authority"",""land_use"":""RESIDENTIAL"",""geometry_id"":""GEO-03-002-G1"",""state"":""UNCHANGED_PENDING""}",True,CNF-00416,2026-09-15 10:30:00,TC12_DDA_VS_MUNICIPAL_DISAGREEMENT
IN-DL-110054-3-3,ACTIVE,CURRENT,,,MATCHED_WITH_MINOR_CONFLICT,MEDIUM,Multiple municipal units occupy one legal parcel.,8,OBS-000808;OBS-000809;OBS-000810;OBS-000811;OBS-000812;OBS-000813;OBS-000814;OBS-000815,0.904,0.842,0.76,0.76,0.94,0.847,"{""owner"":""Delhi Development Authority"",""land_use"":""RESIDENTIAL"",""geometry_id"":""GEO-03-003-G1"",""area_sqm"":750.92}","{""owner"":""Delhi Development Authority"",""land_use"":""RESIDENTIAL"",""geometry_id"":""GEO-03-003-G1"",""state"":""AUTHORITATIVE""}",False,,2026-09-15 10:30:00,TC05_ONE_CADASTRAL_TO_SEVERAL_MUNICIPAL
IN-DL-110054-3-4,ACTIVE,CURRENT,,,AUTO_MATCHED,LOW,No material disagreement,4,OBS-000816;OBS-000817;OBS-000818;OBS-000819,0.898,0.749,0.789,0.789,0.94,0.831,"{""owner"":""Delhi Development Authority"",""land_use"":""RESIDENTIAL"",""geometry_id"":""GEO-03-004-G1"",""area_sqm"":646.73}","{""owner"":""Delhi Development Authority"",""land_use"":""RESIDENTIAL"",""geometry_id"":""GEO-03-004-G1"",""state"":""AUTHORITATIVE""}",False,,2026-09-15 10:30:00,TC01_CLEAN_ONE_TO_ONE
IN-DL-110054-3-5,ACTIVE,CURRENT,,,HUMAN_REVIEW_REQUIRED,CRITICAL,DDA sanctioned use conflicts with municipal use.; Government/public parcel appears private in municipal data.,4,OBS-000820;OBS-000821;OBS-000822;OBS-000823,0.713,0.643,0.285,0.361,0.94,0.597,"{""owner"":""Delhi Development Authority"",""land_use"":""RESIDENTIAL"",""geometry_id"":""GEO-03-005-G1"",""area_sqm"":652.41}","{""owner"":""Delhi Development Authority"",""land_use"":""RESIDENTIAL"",""geometry_id"":""GEO-03-005-G1"",""state"":""UNCHANGED_PENDING""}",True,CNF-00400;CNF-00420,2026-09-15 10:30:00,TC11_GOVERNMENT_PRIVATE_OWNERSHIP_CONFLICT;TC12_DDA_VS_MUNICIPAL_DISAGREEMENT
IN-DL-110054-3-6,ACTIVE,CURRENT,,,TENTATIVE,HIGH,DDA sanctioned use conflicts with municipal use.,5,OBS-000824;OBS-000825;OBS-000826;OBS-000827;OBS-000828,0.752,0.698,0.636,0.468,0.94,0.706,"{""owner"":""Delhi Development Authority"",""land_use"":""RESIDENTIAL"",""geometry_id"":""GEO-03-006-G1"",""area_sqm"":1020.34}","{""owner"":""Delhi Development Authority"",""land_use"":""RESIDENTIAL"",""geometry_id"":""GEO-03-006-G1"",""state"":""UNCHANGED_PENDING""}",True,CNF-00408,2026-09-15 10:30:00,TC12_DDA_VS_MUNICIPAL_DISAGREEMENT
IN-DL-110054-3-7,ACTIVE,CURRENT,,,AUTO_MATCHED,LOW,No material disagreement,4,OBS-000829;OBS-000830;OBS-000831;OBS-000832,0.896,0.764,0.775,0.775,0.94,0.83,"{""owner"":""Delhi Development Authority"",""land_use"":""RESIDENTIAL"",""geometry_id"":""GEO-03-007-G1"",""area_sqm"":722.99}","{""owner"":""Delhi Development Authority"",""land_use"":""RESIDENTIAL"",""geometry_id"":""GEO-03-007-G1"",""state"":""AUTHORITATIVE""}",False,,2026-09-15 10:30:00,TC01_CLEAN_ONE_TO_ONE
IN-DL-110054-3-8,ACTIVE,CURRENT,,,AUTO_MATCHED,LOW,No material disagreement,6,OBS-000833;OBS-000834;OBS-000835;OBS-000836;OBS-000837;OBS-000838,0.886,0.763,0.714,0.714,0.94,0.808,"{""owner"":""Delhi Development Authority"",""land_use"":""RESIDENTIAL"",""geometry_id"":""GEO-03-008-G1"",""area_sqm"":628.54}","{""owner"":""Delhi Development Authority"",""land_use"":""RESIDENTIAL"",""geometry_id"":""GEO-03-008-G1"",""state"":""AUTHORITATIVE""}",False,,2026-09-15 10:30:00,TC01_CLEAN_ONE_TO_ONE
IN-DL-110054-3-9,ACTIVE,CURRENT,,,TENTATIVE,HIGH,Building footprint extends into neighboring parcel.; DDA sanctioned use conflicts with municipal use.,5,OBS-000839;OBS-000840;OBS-000841;OBS-000842;OBS-000843,0.748,0.684,0.635,0.467,0.94,0.701,"{""owner"":""Delhi Development Authority"",""land_use"":""RESIDENTIAL"",""geometry_id"":""GEO-03-009-G1"",""area_sqm"":685.04}","{""owner"":""Delhi Development Authority"",""land_use"":""RESIDENTIAL"",""geometry_id"":""GEO-03-009-G1"",""state"":""UNCHANGED_PENDING""}",True,CNF-00417;CNF-00439,2026-09-15 10:30:00,TC12_DDA_VS_MUNICIPAL_DISAGREEMENT;TC13_BUILDING_CROSSES_BOUNDARY
IN-DL-110054-3-10,ACTIVE,CURRENT,,,AUTO_MATCHED,LOW,No material disagreement,5,OBS-000844;OBS-000845;OBS-000846;OBS-000847;OBS-000848,0.907,0.735,0.749,0.749,0.94,0.817,"{""owner"":""Delhi Development Authority"",""land_use"":""RESIDENTIAL"",""geometry_id"":""GEO-03-010-G1"",""area_sqm"":764.92}","{""owner"":""Delhi Development Authority"",""land_use"":""RESIDENTIAL"",""geometry_id"":""GEO-03-010-G1"",""state"":""AUTHORITATIVE""}",False,,2026-09-15 10:30:00,TC01_CLEAN_ONE_TO_ONE
IN-DL-110054-3-11,ACTIVE,CURRENT,,,TENTATIVE,HIGH,DDA sanctioned use conflicts with municipal use.,5,OBS-000849;OBS-000850;OBS-000851;OBS-000852;OBS-000853,0.751,0.701,0.637,0.469,0.94,0.706,"{""owner"":""Delhi Development Authority"",""land_use"":""RESIDENTIAL"",""geometry_id"":""GEO-03-011-G1"",""area_sqm"":712.29}","{""owner"":""Delhi Development Authority"",""land_use"":""RESIDENTIAL"",""geometry_id"":""GEO-03-011-G1"",""state"":""UNCHANGED_PENDING""}",True,CNF-00412,2026-09-15 10:30:00,TC12_DDA_VS_MUNICIPAL_DISAGREEMENT
IN-DL-110054-3-12,ACTIVE,CURRENT,,,NEEDS_ADDITIONAL_EVIDENCE,MEDIUM,Expected administrative source is absent.; Moderate area-basis disagreement.,4,OBS-000854;OBS-000855;OBS-000856;OBS-000857,0.859,0.829,0.729,0.729,0.94,0.82,"{""owner"":""Delhi Development Authority"",""land_use"":""RESIDENTIAL"",""geometry_id"":""GEO-03-012-G1"",""area_sqm"":823.75}","{""owner"":""Delhi Development Authority"",""land_use"":""RESIDENTIAL"",""geometry_id"":""GEO-03-012-G1"",""state"":""UNCHANGED_PENDING""}",False,CNF-00502,2026-09-15 10:30:00,TC17_MISSING_SOURCE_RECORD
IN-DL-110054-3-13,ACTIVE,CURRENT,,,HUMAN_REVIEW_REQUIRED,HIGH,DDA sanctioned use conflicts with municipal use.,6,OBS-000858;OBS-000859;OBS-000860;OBS-000861;OBS-000862;OBS-000863,0.736,0.806,0.637,0.469,0.94,0.728,"{""owner"":""Delhi Development Authority"",""land_use"":""RESIDENTIAL"",""geometry_id"":""GEO-03-013-G1"",""area_sqm"":847.64}","{""owner"":""Delhi Development Authority"",""land_use"":""RESIDENTIAL"",""geometry_id"":""GEO-03-013-G1"",""state"":""UNCHANGED_PENDING""}",True,CNF-00415,2026-09-15 10:30:00,TC12_DDA_VS_MUNICIPAL_DISAGREEMENT
IN-DL-110054-3-14,ACTIVE,CURRENT,,,AUTO_MATCHED,LOW,No material disagreement,5,OBS-000864;OBS-000865;OBS-000866;OBS-000867;OBS-000868,0.901,0.785,0.745,0.745,0.94,0.827,"{""owner"":""Delhi Development Authority"",""land_use"":""RESIDENTIAL"",""geometry_id"":""GEO-03-014-G1"",""area_sqm"":730.02}","{""owner"":""Delhi Development Authority"",""land_use"":""RESIDENTIAL"",""geometry_id"":""GEO-03-014-G1"",""state"":""AUTHORITATIVE""}",False,,2026-09-15 10:30:00,
IN-DL-110054-3-15,ACTIVE,CURRENT,,,MATCHED_WITH_MINOR_CONFLICT,MEDIUM,Sources represent different years.,6,OBS-000869;OBS-000870;OBS-000871;OBS-000872;OBS-000873;OBS-000874,0.888,0.765,0.719,0.719,0.94,0.81,"{""owner"":""Delhi Development Authority"",""land_use"":""RESIDENTIAL"",""geometry_id"":""GEO-03-015-G1"",""area_sqm"":736.44}","{""owner"":""Delhi Development Authority"",""land_use"":""RESIDENTIAL"",""geometry_id"":""GEO-03-015-G1"",""state"":""AUTHORITATIVE""}",False,,2026-09-15 10:30:00,
IN-DL-110054-3-16,ACTIVE,CURRENT,,,AUTO_MATCHED,LOW,No material disagreement,4,OBS-000875;OBS-000876;OBS-000877;OBS-000878,0.897,0.752,0.789,0.789,0.94,0.831,"{""owner"":""Delhi Development Authority"",""land_use"":""RESIDENTIAL"",""geometry_id"":""GEO-03-016-G1"",""area_sqm"":1151.76}","{""owner"":""Delhi Development Authority"",""land_use"":""RESIDENTIAL"",""geometry_id"":""GEO-03-016-G1"",""state"":""AUTHORITATIVE""}",False,,2026-09-15 10:30:00,
IN-DL-110054-3-17,ACTIVE,CURRENT,,,TENTATIVE,HIGH,DDA sanctioned use conflicts with municipal use.,4,OBS-000879;OBS-000880;OBS-000881;OBS-000882,0.745,0.683,0.651,0.479,0.94,0.704,"{""owner"":""Delhi Development Authority"",""land_use"":""RESIDENTIAL"",""geometry_id"":""GEO-03-017-G1"",""area_sqm"":816.1}","{""owner"":""Delhi Development Authority"",""land_use"":""RESIDENTIAL"",""geometry_id"":""GEO-03-017-G1"",""state"":""UNCHANGED_PENDING""}",True,CNF-00414,2026-09-15 10:30:00,TC12_DDA_VS_MUNICIPAL_DISAGREEMENT
IN-DL-110054-3-18,ACTIVE,CURRENT,,,HUMAN_REVIEW_REQUIRED,HIGH,Building footprint extends into neighboring parcel.,5,OBS-000883;OBS-000884;OBS-000885;OBS-000886;OBS-000887,0.751,0.682,0.673,0.688,0.94,0.735,"{""owner"":""Delhi Development Authority"",""land_use"":""RESIDENTIAL"",""geometry_id"":""GEO-03-018-G1"",""area_sqm"":709.5}","{""owner"":""Delhi Development Authority"",""land_use"":""RESIDENTIAL"",""geometry_id"":""GEO-03-018-G1"",""state"":""UNCHANGED_PENDING""}",True,CNF-00427,2026-09-15 10:30:00,TC13_BUILDING_CROSSES_BOUNDARY
IN-DL-110054-3-19,ACTIVE,CURRENT,,,TENTATIVE,HIGH,DDA sanctioned use conflicts with municipal use.,4,OBS-000888;OBS-000889;OBS-000890;OBS-000891,0.711,0.694,0.588,0.432,0.94,0.678,"{""owner"":""Delhi Development Authority"",""land_use"":""RESIDENTIAL"",""geometry_id"":""GEO-03-019-G1"",""area_sqm"":773.27}","{""owner"":""Delhi Development Authority"",""land_use"":""RESIDENTIAL"",""geometry_id"":""GEO-03-019-G1"",""state"":""UNCHANGED_PENDING""}",True,CNF-00409,2026-09-15 10:30:00,TC12_DDA_VS_MUNICIPAL_DISAGREEMENT
IN-DL-110054-3-20,ACTIVE,CURRENT,,,AUTO_MATCHED,LOW,No material disagreement,4,OBS-000892;OBS-000893;OBS-000894;OBS-000895,0.859,0.769,0.708,0.708,0.94,0.799,"{""owner"":""Delhi Development Authority"",""land_use"":""RESIDENTIAL"",""geometry_id"":""GEO-03-020-G1"",""area_sqm"":863.44}","{""owner"":""Delhi Development Authority"",""land_use"":""RESIDENTIAL"",""geometry_id"":""GEO-03-020-G1"",""state"":""AUTHORITATIVE""}",False,,2026-09-15 10:30:00,
IN-DL-110054-3-21,ACTIVE,CURRENT,,,HUMAN_REVIEW_REQUIRED,HIGH,Building footprint extends into neighboring parcel.; Road widening changed parcel edge.,6,OBS-000896;OBS-000897;OBS-000898;OBS-000899;OBS-000900;OBS-000901,0.732,0.778,0.664,0.679,0.94,0.75,"{""owner"":""Delhi Development Authority"",""land_use"":""RESIDENTIAL"",""geometry_id"":""GEO-03-021-G2"",""area_sqm"":702.05}","{""owner"":""Delhi Development Authority"",""land_use"":""RESIDENTIAL"",""geometry_id"":""GEO-03-021-G2"",""state"":""UNCHANGED_PENDING""}",True,CNF-00431,2026-09-15 10:30:00,TC13_BUILDING_CROSSES_BOUNDARY;TC21_ROAD_WIDENING_BOUNDARY_CORRECTION
IN-DL-110054-3-22,ACTIVE,CURRENT,,,TENTATIVE,HIGH,DDA sanctioned use conflicts with municipal use.,5,OBS-000902;OBS-000903;OBS-000904;OBS-000905;OBS-000906,0.749,0.705,0.636,0.468,0.94,0.706,"{""owner"":""Delhi Development Authority"",""land_use"":""RESIDENTIAL"",""geometry_id"":""GEO-03-022-G1"",""area_sqm"":863.73}","{""owner"":""Delhi Development Authority"",""land_use"":""RESIDENTIAL"",""geometry_id"":""GEO-03-022-G1"",""state"":""UNCHANGED_PENDING""}",True,CNF-00422,2026-09-15 10:30:00,TC12_DDA_VS_MUNICIPAL_DISAGREEMENT
IN-DL-110054-3-23,ACTIVE,CURRENT,,,TENTATIVE,HIGH,DDA sanctioned use conflicts with municipal use.,5,OBS-000907;OBS-000908;OBS-000909;OBS-000910;OBS-000911,0.749,0.704,0.637,0.469,0.94,0.707,"{""owner"":""Delhi Development Authority"",""land_use"":""RESIDENTIAL"",""geometry_id"":""GEO-03-023-G1"",""area_sqm"":888.78}","{""owner"":""Delhi Development Authority"",""land_use"":""RESIDENTIAL"",""geometry_id"":""GEO-03-023-G1"",""state"":""UNCHANGED_PENDING""}",True,CNF-00425,2026-09-15 10:30:00,TC12_DDA_VS_MUNICIPAL_DISAGREEMENT
IN-DL-110054-3-24,ACTIVE,CURRENT,,,MATCHED_WITH_MINOR_CONFLICT,MEDIUM,Moderate area-basis disagreement.,3,OBS-000912;OBS-000913;OBS-000914,0.882,0.732,0.748,0.748,0.94,0.809,"{""owner"":""Delhi Development Authority"",""land_use"":""RESIDENTIAL"",""geometry_id"":""GEO-03-024-G1"",""area_sqm"":765.45}","{""owner"":""Delhi Development Authority"",""land_use"":""RESIDENTIAL"",""geometry_id"":""GEO-03-024-G1"",""state"":""AUTHORITATIVE""}",False,,2026-09-15 10:30:00,
IN-DL-110054-3-25,ACTIVE,CURRENT,,,AUTO_MATCHED,LOW,No material disagreement,5,OBS-000915;OBS-000916;OBS-000917;OBS-000918;OBS-000919,0.904,0.779,0.746,0.746,0.94,0.827,"{""owner"":""Delhi Development Authority"",""land_use"":""RESIDENTIAL"",""geometry_id"":""GEO-03-025-G1"",""area_sqm"":772.18}","{""owner"":""Delhi Development Authority"",""land_use"":""RESIDENTIAL"",""geometry_id"":""GEO-03-025-G1"",""state"":""AUTHORITATIVE""}",False,,2026-09-15 10:30:00,
IN-DL-110054-3-26,ACTIVE,CURRENT,,,AUTO_MATCHED,LOW,No material disagreement,4,OBS-000920;OBS-000921;OBS-000922;OBS-000923,0.899,0.748,0.791,0.791,0.94,0.832,"{""owner"":""Delhi Development Authority"",""land_use"":""RESIDENTIAL"",""geometry_id"":""GEO-03-026-G1"",""area_sqm"":1207.66}","{""owner"":""Delhi Development Authority"",""land_use"":""RESIDENTIAL"",""geometry_id"":""GEO-03-026-G1"",""state"":""AUTHORITATIVE""}",False,,2026-09-15 10:30:00,
IN-DL-110054-3-27,ACTIVE,CURRENT,,,AUTO_MATCHED,LOW,No material disagreement,6,OBS-000924;OBS-000925;OBS-000926;OBS-000927;OBS-000928;OBS-000929,0.893,0.76,0.723,0.723,0.94,0.811,"{""owner"":""Delhi Development Authority"",""land_use"":""RESIDENTIAL"",""geometry_id"":""GEO-03-027-G1"",""area_sqm"":855.71}","{""owner"":""Delhi Development Authority"",""land_use"":""RESIDENTIAL"",""geometry_id"":""GEO-03-027-G1"",""state"":""AUTHORITATIVE""}",False,,2026-09-15 10:30:00,
IN-DL-110054-3-28,ACTIVE,CURRENT,,,HUMAN_REVIEW_REQUIRED,HIGH,Physical occupation is inconsistent with legal state.,5,OBS-000930;OBS-000931;OBS-000932;OBS-000933;OBS-000934,0.747,0.706,0.668,0.683,0.94,0.738,"{""owner"":""Delhi Development Authority"",""land_use"":""RESIDENTIAL"",""geometry_id"":""GEO-03-028-G1"",""area_sqm"":743.93}","{""owner"":""Delhi Development Authority"",""land_use"":""RESIDENTIAL"",""geometry_id"":""GEO-03-028-G1"",""state"":""UNCHANGED_PENDING""}",True,CNF-00466,2026-09-15 10:30:00,TC14_PHYSICAL_OCCUPATION_VS_LEGAL_GEOMETRY
IN-DL-110054-3-29,ACTIVE,CURRENT,,,AUTO_MATCHED,LOW,No material disagreement,5,OBS-000935;OBS-000936;OBS-000937;OBS-000938;OBS-000939,0.901,0.783,0.744,0.744,0.94,0.826,"{""owner"":""Delhi Development Authority"",""land_use"":""RESIDENTIAL"",""geometry_id"":""GEO-03-029-G1"",""area_sqm"":810.79}","{""owner"":""Delhi Development Authority"",""land_use"":""RESIDENTIAL"",""geometry_id"":""GEO-03-029-G1"",""state"":""AUTHORITATIVE""}",False,,2026-09-15 10:30:00,
IN-DL-110054-3-30,ACTIVE,CURRENT,,,MATCHED_WITH_MINOR_CONFLICT,MEDIUM,Sources represent different years.,5,OBS-000940;OBS-000941;OBS-000942;OBS-000943;OBS-000944,0.903,0.781,0.746,0.746,0.94,0.827,"{""owner"":""Delhi Development Authority"",""land_use"":""RESIDENTIAL"",""geometry_id"":""GEO-03-030-G1"",""area_sqm"":905.35}","{""owner"":""Delhi Development Authority"",""land_use"":""RESIDENTIAL"",""geometry_id"":""GEO-03-030-G1"",""state"":""AUTHORITATIVE""}",False,,2026-09-15 10:30:00,
IN-DL-110054-3-31,ACTIVE,CURRENT,,,AUTO_MATCHED,LOW,No material disagreement,5,OBS-000945;OBS-000946;OBS-000947;OBS-000948;OBS-000949,0.904,0.78,0.748,0.748,0.94,0.828,"{""owner"":""Delhi Development Authority"",""land_use"":""RESIDENTIAL"",""geometry_id"":""GEO-03-031-G1"",""area_sqm"":684.08}","{""owner"":""Delhi Development Authority"",""land_use"":""RESIDENTIAL"",""geometry_id"":""GEO-03-031-G1"",""state"":""AUTHORITATIVE""}",False,,2026-09-15 10:30:00,
IN-DL-110054-3-32,ACTIVE,CURRENT,,,HUMAN_REVIEW_REQUIRED,CRITICAL,DDA sanctioned use conflicts with municipal use.; Recent imagery suggests occupation into public land.,4,OBS-000950;OBS-000951;OBS-000952;OBS-000953,0.745,0.662,0.649,0.478,0.94,0.698,"{""owner"":""Delhi Development Authority"",""land_use"":""PUBLIC_OPEN_SPACE"",""geometry_id"":""GEO-03-032-G1"",""area_sqm"":791.13}","{""owner"":""Delhi Development Authority"",""land_use"":""PUBLIC_OPEN_SPACE"",""geometry_id"":""GEO-03-032-G1"",""state"":""UNCHANGED_PENDING""}",True,CNF-00418;CNF-00567,2026-09-15 10:30:00,TC12_DDA_VS_MUNICIPAL_DISAGREEMENT;TC19_ENCROACHMENT_INTO_PUBLIC_LAND
IN-DL-110054-3-33,ACTIVE,CURRENT,,,AUTO_MATCHED,LOW,No material disagreement,5,OBS-000954;OBS-000955;OBS-000956;OBS-000957;OBS-000958,0.908,0.739,0.738,0.738,0.94,0.816,"{""owner"":""Delhi Development Authority"",""land_use"":""TRANSPORT_ACCESS"",""geometry_id"":""GEO-03-033-G1"",""area_sqm"":814.07}","{""owner"":""Delhi Development Authority"",""land_use"":""TRANSPORT_ACCESS"",""geometry_id"":""GEO-03-033-G1"",""state"":""AUTHORITATIVE""}",False,,2026-09-15 10:30:00,
IN-DL-110054-3-34,ACTIVE,CURRENT,,,TENTATIVE,HIGH,DDA sanctioned use conflicts with municipal use.,4,OBS-000959;OBS-000960;OBS-000961;OBS-000962,0.751,0.629,0.652,0.48,0.94,0.693,"{""owner"":""Delhi Development Authority"",""land_use"":""TRANSPORT_ACCESS"",""geometry_id"":""GEO-03-034-G1"",""area_sqm"":701.11}","{""owner"":""Delhi Development Authority"",""land_use"":""TRANSPORT_ACCESS"",""geometry_id"":""GEO-03-034-G1"",""state"":""UNCHANGED_PENDING""}",True,CNF-00410,2026-09-15 10:30:00,TC12_DDA_VS_MUNICIPAL_DISAGREEMENT
IN-DL-110054-3-35,ACTIVE,CURRENT,,,AUTO_MATCHED,LOW,No material disagreement,5,OBS-000963;OBS-000964;OBS-000965;OBS-000966;OBS-000967,0.901,0.785,0.745,0.745,0.94,0.827,"{""owner"":""Shalimar Residents Community Trust"",""land_use"":""RELIGIOUS_COMMUNITY"",""geometry_id"":""GEO-03-035-G1"",""area_sqm"":707.28}","{""owner"":""Shalimar Residents Community Trust"",""land_use"":""RELIGIOUS_COMMUNITY"",""geometry_id"":""GEO-03-035-G1"",""state"":""AUTHORITATIVE""}",False,,2026-09-15 10:30:00,
IN-DL-110054-3-36,ACTIVE,CURRENT,,,TENTATIVE,HIGH,DDA sanctioned use conflicts with municipal use.; Moderate area-basis disagreement.,5,OBS-000968;OBS-000969;OBS-000970;OBS-000971;OBS-000972,0.748,0.705,0.634,0.467,0.94,0.705,"{""owner"":""Delhi Development Authority"",""land_use"":""RESIDENTIAL"",""geometry_id"":""GEO-03-036-G1"",""area_sqm"":1106.15}","{""owner"":""Delhi Development Authority"",""land_use"":""RESIDENTIAL"",""geometry_id"":""GEO-03-036-G1"",""state"":""UNCHANGED_PENDING""}",True,CNF-00423,2026-09-15 10:30:00,TC12_DDA_VS_MUNICIPAL_DISAGREEMENT
IN-DL-110054-3-37,ACTIVE,CURRENT,,,AUTO_MATCHED,LOW,No material disagreement,3,OBS-000973;OBS-000974;OBS-000975,0.879,0.735,0.746,0.746,0.94,0.808,"{""owner"":""Delhi Development Authority"",""land_use"":""RESIDENTIAL"",""geometry_id"":""GEO-03-037-G1"",""area_sqm"":783.79}","{""owner"":""Delhi Development Authority"",""land_use"":""RESIDENTIAL"",""geometry_id"":""GEO-03-037-G1"",""state"":""AUTHORITATIVE""}",False,,2026-09-15 10:30:00,
IN-DL-110054-3-38,ACTIVE,CURRENT,,,AUTO_MATCHED,LOW,No material disagreement,5,OBS-000976;OBS-000977;OBS-000978;OBS-000979;OBS-000980,0.904,0.78,0.747,0.747,0.94,0.827,"{""owner"":""Delhi Development Authority"",""land_use"":""RESIDENTIAL"",""geometry_id"":""GEO-03-038-G1"",""area_sqm"":681.4}","{""owner"":""Delhi Development Authority"",""land_use"":""RESIDENTIAL"",""geometry_id"":""GEO-03-038-G1"",""state"":""AUTHORITATIVE""}",False,,2026-09-15 10:30:00,
IN-DL-110054-3-39,ACTIVE,CURRENT,,,HUMAN_REVIEW_REQUIRED,HIGH,DDA sanctioned use conflicts with municipal use.; Slight spatial shift but identity remains strong.,6,OBS-000981;OBS-000982;OBS-000983;OBS-000984;OBS-000985;OBS-000986,0.735,0.798,0.639,0.47,0.94,0.727,"{""owner"":""Delhi Development Authority"",""land_use"":""RESIDENTIAL"",""geometry_id"":""GEO-03-039-G1"",""area_sqm"":742.64}","{""owner"":""Delhi Development Authority"",""land_use"":""RESIDENTIAL"",""geometry_id"":""GEO-03-039-G1"",""state"":""UNCHANGED_PENDING""}",True,CNF-00413,2026-09-15 10:30:00,TC02_SLIGHT_GEOMETRY_SHIFT;TC12_DDA_VS_MUNICIPAL_DISAGREEMENT
IN-DL-110054-3-40,ACTIVE,CURRENT,,,MATCHED_WITH_MINOR_CONFLICT,MEDIUM,Slight spatial shift but identity remains strong.,6,OBS-000987;OBS-000988;OBS-000989;OBS-000990;OBS-000991;OBS-000992,0.886,0.885,0.741,0.741,0.94,0.846,"{""owner"":""Delhi Development Authority"",""land_use"":""RESIDENTIAL"",""geometry_id"":""GEO-03-040-G1"",""area_sqm"":829.25}","{""owner"":""Delhi Development Authority"",""land_use"":""RESIDENTIAL"",""geometry_id"":""GEO-03-040-G1"",""state"":""AUTHORITATIVE""}",False,,2026-09-15 10:30:00,TC02_SLIGHT_GEOMETRY_SHIFT
IN-DL-110054-3-41,ACTIVE,CURRENT,,,AUTO_MATCHED,LOW,No material disagreement,5,OBS-000993;OBS-000994;OBS-000995;OBS-000996;OBS-000997,0.905,0.776,0.748,0.748,0.94,0.827,"{""owner"":""Delhi Development Authority"",""land_use"":""RESIDENTIAL"",""geometry_id"":""GEO-03-041-G1"",""area_sqm"":615.93}","{""owner"":""Delhi Development Authority"",""land_use"":""RESIDENTIAL"",""geometry_id"":""GEO-03-041-G1"",""state"":""AUTHORITATIVE""}",False,,2026-09-15 10:30:00,
IN-DL-110054-3-42,ACTIVE,CURRENT,,,AUTO_MATCHED,LOW,No material disagreement,5,OBS-000998;OBS-000999;OBS-001000;OBS-001001;OBS-001002,0.905,0.745,0.734,0.734,0.94,0.815,"{""owner"":""Delhi Development Authority"",""land_use"":""TRANSPORT_ACCESS"",""geometry_id"":""GEO-03-042-G1"",""area_sqm"":712.31}","{""owner"":""Delhi Development Authority"",""land_use"":""TRANSPORT_ACCESS"",""geometry_id"":""GEO-03-042-G1"",""state"":""AUTHORITATIVE""}",False,,2026-09-15 10:30:00,
IN-DL-110054-3-43,ACTIVE,CURRENT,,,HUMAN_REVIEW_REQUIRED,HIGH,Slight spatial shift but identity remains strong.; Strong evidence exists but legal/human approval is pending.,6,OBS-001003;OBS-001004;OBS-001005;OBS-001006;OBS-001007;OBS-001008,0.735,0.776,0.659,0.674,0.94,0.749,"{""owner"":""Delhi Development Authority"",""land_use"":""TRANSPORT_ACCESS"",""geometry_id"":""GEO-03-043-G2"",""area_sqm"":732.97}","{""owner"":""Delhi Development Authority"",""land_use"":""TRANSPORT_ACCESS"",""geometry_id"":""GEO-03-043-G1"",""state"":""UNCHANGED_PENDING""}",True,CNF-00627,2026-09-15 10:30:00,TC02_SLIGHT_GEOMETRY_SHIFT;TC25_STRONG_EVIDENCE_PENDING_APPROVAL
IN-DL-110054-3-44,ACTIVE,CURRENT,,,AUTO_MATCHED,LOW,No material disagreement,6,OBS-001009;OBS-001010;OBS-001011;OBS-001012;OBS-001013;OBS-001014,0.887,0.762,0.715,0.715,0.94,0.808,"{""owner"":""BSES Yamuna Power Limited"",""land_use"":""UTILITY"",""geometry_id"":""GEO-03-044-G1"",""area_sqm"":631.26}","{""owner"":""BSES Yamuna Power Limited"",""land_use"":""UTILITY"",""geometry_id"":""GEO-03-044-G1"",""state"":""AUTHORITATIVE""}",False,,2026-09-15 10:30:00,
IN-DL-110054-3-45,ACTIVE,CURRENT,,,TENTATIVE,HIGH,DDA sanctioned use conflicts with municipal use.; Sources represent different years.,4,OBS-001015;OBS-001016;OBS-001017;OBS-001018,0.745,0.683,0.651,0.479,0.94,0.704,"{""owner"":""Delhi Development Authority"",""land_use"":""PUBLIC_OPEN_SPACE"",""geometry_id"":""GEO-03-045-G1"",""area_sqm"":636.81}","{""owner"":""Delhi Development Authority"",""land_use"":""PUBLIC_OPEN_SPACE"",""geometry_id"":""GEO-03-045-G1"",""state"":""UNCHANGED_PENDING""}",True,CNF-00421,2026-09-15 10:30:00,TC12_DDA_VS_MUNICIPAL_DISAGREEMENT
IN-DL-110054-3-46,ACTIVE,CURRENT,,,MATCHED_WITH_MINOR_CONFLICT,MEDIUM,Slight spatial shift but identity remains strong.,6,OBS-001019;OBS-001020;OBS-001021;OBS-001022;OBS-001023;OBS-001024,0.886,0.887,0.742,0.742,0.94,0.847,"{""owner"":""Delhi Development Authority"",""land_use"":""RESIDENTIAL"",""geometry_id"":""GEO-03-046-G1"",""area_sqm"":995.94}","{""owner"":""Delhi Development Authority"",""land_use"":""RESIDENTIAL"",""geometry_id"":""GEO-03-046-G1"",""state"":""AUTHORITATIVE""}",False,,2026-09-15 10:30:00,TC02_SLIGHT_GEOMETRY_SHIFT
IN-DL-110054-3-47,ACTIVE,CURRENT,,,AUTO_MATCHED,LOW,No material disagreement,4,OBS-001025;OBS-001026;OBS-001027;OBS-001028,0.899,0.75,0.791,0.791,0.94,0.832,"{""owner"":""Delhi Development Authority"",""land_use"":""RESIDENTIAL"",""geometry_id"":""GEO-03-047-G1"",""area_sqm"":705.7}","{""owner"":""Delhi Development Authority"",""land_use"":""RESIDENTIAL"",""geometry_id"":""GEO-03-047-G1"",""state"":""AUTHORITATIVE""}",False,,2026-09-15 10:30:00,
IN-DL-110054-3-48,ACTIVE,CURRENT,,,MATCHED_WITH_MINOR_CONFLICT,MEDIUM,Moderate area-basis disagreement.,5,OBS-001029;OBS-001030;OBS-001031;OBS-001032;OBS-001033,0.905,0.775,0.748,0.748,0.94,0.827,"{""owner"":""Delhi Development Authority"",""land_use"":""RESIDENTIAL"",""geometry_id"":""GEO-03-048-G1"",""area_sqm"":613.51}","{""owner"":""Delhi Development Authority"",""land_use"":""RESIDENTIAL"",""geometry_id"":""GEO-03-048-G1"",""state"":""AUTHORITATIVE""}",False,,2026-09-15 10:30:00,
IN-DL-110054-3-49,ACTIVE,CURRENT,,,AUTO_MATCHED,LOW,No material disagreement,4,OBS-001034;OBS-001035;OBS-001036;OBS-001037,0.85,0.781,0.697,0.697,0.94,0.795,"{""owner"":""Delhi Development Authority"",""land_use"":""RESIDENTIAL"",""geometry_id"":""GEO-03-049-G1"",""area_sqm"":668.65}","{""owner"":""Delhi Development Authority"",""land_use"":""RESIDENTIAL"",""geometry_id"":""GEO-03-049-G1"",""state"":""AUTHORITATIVE""}",False,,2026-09-15 10:30:00,
IN-DL-110054-3-50,ACTIVE,CURRENT,,,AUTO_MATCHED,LOW,No material disagreement,4,OBS-001038;OBS-001039;OBS-001040;OBS-001041,0.897,0.762,0.774,0.774,0.94,0.83,"{""owner"":""Delhi Development Authority"",""land_use"":""RESIDENTIAL"",""geometry_id"":""GEO-03-050-G1"",""area_sqm"":746.63}","{""owner"":""Delhi Development Authority"",""land_use"":""RESIDENTIAL"",""geometry_id"":""GEO-03-050-G1"",""state"":""AUTHORITATIVE""}",False,,2026-09-15 10:30:00,
IN-DL-110054-3-51,ACTIVE,CURRENT,,,AUTO_MATCHED,LOW,No material disagreement,4,OBS-001042;OBS-001043;OBS-001044;OBS-001045,0.853,0.777,0.701,0.701,0.94,0.796,"{""owner"":""Deepak Mishra"",""land_use"":""RESIDENTIAL"",""geometry_id"":""GEO-03-051-G1"",""area_sqm"":924.79}","{""owner"":""Deepak Mishra"",""land_use"":""RESIDENTIAL"",""geometry_id"":""GEO-03-051-G1"",""state"":""AUTHORITATIVE""}",False,,2026-09-15 10:30:00,
IN-DL-110054-3-52,ACTIVE,CURRENT,,,MATCHED_WITH_MINOR_CONFLICT,MEDIUM,Multiple municipal units occupy one legal parcel.,5,OBS-001046;OBS-001047;OBS-001048;OBS-001049;OBS-001050,0.901,0.733,0.726,0.726,0.94,0.808,"{""owner"":""Aarav Khanna"",""land_use"":""RESIDENTIAL"",""geometry_id"":""GEO-03-052-G1"",""area_sqm"":1069.5}","{""owner"":""Aarav Khanna"",""land_use"":""RESIDENTIAL"",""geometry_id"":""GEO-03-052-G1"",""state"":""AUTHORITATIVE""}",False,,2026-09-15 10:30:00,TC05_ONE_CADASTRAL_TO_SEVERAL_MUNICIPAL
IN-DL-110054-3-53,ACTIVE,CURRENT,,,AUTO_MATCHED,LOW,No material disagreement,4,OBS-001051;OBS-001052;OBS-001053;OBS-001054,0.855,0.773,0.705,0.705,0.94,0.798,"{""owner"":""Ishaan Sethi"",""land_use"":""RESIDENTIAL"",""geometry_id"":""GEO-03-053-G1"",""area_sqm"":1100.52}","{""owner"":""Ishaan Sethi"",""land_use"":""RESIDENTIAL"",""geometry_id"":""GEO-03-053-G1"",""state"":""AUTHORITATIVE""}",False,,2026-09-15 10:30:00,
IN-DL-110054-3-54,ACTIVE,CURRENT,,,AUTO_MATCHED,LOW,No material disagreement,5,OBS-001055;OBS-001056;OBS-001057;OBS-001058;OBS-001059,0.869,0.9,0.71,0.71,0.94,0.835,"{""owner"":""Sneha Aggarwal"",""land_use"":""RESIDENTIAL"",""geometry_id"":""GEO-03-054-G1"",""area_sqm"":947.82}","{""owner"":""Sneha Aggarwal"",""land_use"":""RESIDENTIAL"",""geometry_id"":""GEO-03-054-G1"",""state"":""AUTHORITATIVE""}",False,,2026-09-15 10:30:00,
IN-DL-110054-3-55,ACTIVE,CURRENT,,,MATCHED_WITH_MINOR_CONFLICT,MEDIUM,Slight spatial shift but identity remains strong.,4,OBS-001060;OBS-001061;OBS-001062;OBS-001063,0.861,0.693,0.708,0.708,0.94,0.781,"{""owner"":""Deepak Gupta"",""land_use"":""RESIDENTIAL"",""geometry_id"":""GEO-03-055-G1"",""area_sqm"":956.15}","{""owner"":""Deepak Gupta"",""land_use"":""RESIDENTIAL"",""geometry_id"":""GEO-03-055-G1"",""state"":""AUTHORITATIVE""}",False,,2026-09-15 10:30:00,TC02_SLIGHT_GEOMETRY_SHIFT
IN-DL-110054-3-56,ACTIVE,CURRENT,,,TENTATIVE,HIGH,Physical occupation is inconsistent with legal state.,4,OBS-001064;OBS-001065;OBS-001066;OBS-001067,0.706,0.702,0.628,0.642,0.94,0.712,"{""owner"":""Aarav Tiwari"",""land_use"":""RESIDENTIAL"",""geometry_id"":""GEO-03-056-G1"",""area_sqm"":1495.37}","{""owner"":""Aarav Tiwari"",""land_use"":""RESIDENTIAL"",""geometry_id"":""GEO-03-056-G1"",""state"":""UNCHANGED_PENDING""}",True,CNF-00476,2026-09-15 10:30:00,TC14_PHYSICAL_OCCUPATION_VS_LEGAL_GEOMETRY
IN-DL-110054-3-57,ACTIVE,CURRENT,,,MATCHED_WITH_MINOR_CONFLICT,MEDIUM,Slight spatial shift but identity remains strong.,4,OBS-001068;OBS-001069;OBS-001070;OBS-001071,0.851,0.761,0.699,0.699,0.94,0.792,"{""owner"":""Ishaan Kapoor"",""land_use"":""RESIDENTIAL"",""geometry_id"":""GEO-03-057-G1"",""area_sqm"":1059.58}","{""owner"":""Ishaan Kapoor"",""land_use"":""RESIDENTIAL"",""geometry_id"":""GEO-03-057-G1"",""state"":""AUTHORITATIVE""}",False,,2026-09-15 10:30:00,TC02_SLIGHT_GEOMETRY_SHIFT
IN-DL-110054-3-58,ACTIVE,CURRENT,,,TENTATIVE,HIGH,Municipal owner/occupier differs from revenue owner.,6,OBS-001072;OBS-001073;OBS-001074;OBS-001075;OBS-001076;OBS-001077,0.711,0.794,0.334,0.589,0.94,0.671,"{""owner"":""Sneha Bhatia"",""land_use"":""RESIDENTIAL"",""geometry_id"":""GEO-03-058-G1"",""area_sqm"":921.16}","{""owner"":""Sneha Bhatia"",""land_use"":""RESIDENTIAL"",""geometry_id"":""GEO-03-058-G1"",""state"":""UNCHANGED_PENDING""}",True,CNF-00374,2026-09-15 10:30:00,TC10_OWNERSHIP_CONFLICT
IN-DL-110054-3-59,ACTIVE,CURRENT,,,REJECTED_MATCH,CRITICAL,Geometry/identifiers do not uniquely distinguish candidates.; Municipal owner/occupier differs from revenue owner.,4,OBS-001078;OBS-001079;OBS-001080;OBS-001081,0.476,0.697,0.33,0.582,0.94,0.575,"{""owner"":""Deepak Arora"",""land_use"":""RESIDENTIAL"",""geometry_id"":""GEO-03-059-G1"",""area_sqm"":1003.96,""state"":""REJECTED""}","{""owner"":""Deepak Arora"",""land_use"":""RESIDENTIAL"",""geometry_id"":""GEO-03-059-G1"",""state"":""AUTHORITATIVE""}",True,CNF-00360,2026-09-15 10:30:00,TC10_OWNERSHIP_CONFLICT;TC18_AMBIGUOUS_CANDIDATE_MATCH
IN-DL-110054-3-60,ACTIVE,CURRENT,,,MATCHED_WITH_MINOR_CONFLICT,MEDIUM,Abbreviation / formatting variation only.; Moderate area-basis disagreement.,4,OBS-001082;OBS-001083;OBS-001084;OBS-001085,0.86,0.715,0.706,0.706,0.94,0.785,"{""owner"":""Aarav Mehta"",""land_use"":""RESIDENTIAL"",""geometry_id"":""GEO-03-060-G1"",""area_sqm"":1121.04}","{""owner"":""Aarav Mehta"",""land_use"":""RESIDENTIAL"",""geometry_id"":""GEO-03-060-G1"",""state"":""AUTHORITATIVE""}",False,,2026-09-15 10:30:00,
IN-DL-110054-3-61,ACTIVE,CURRENT,,,TENTATIVE,HIGH,Municipal owner/occupier differs from revenue owner.; Slight spatial shift but identity remains strong.,4,OBS-001086;OBS-001087;OBS-001088;OBS-001089,0.711,0.677,0.331,0.583,0.94,0.641,"{""owner"":""Ishaan Singh"",""land_use"":""RESIDENTIAL"",""geometry_id"":""GEO-03-061-G1"",""area_sqm"":724.47}","{""owner"":""Ishaan Singh"",""land_use"":""RESIDENTIAL"",""geometry_id"":""GEO-03-061-G1"",""state"":""UNCHANGED_PENDING""}",True,CNF-00370,2026-09-15 10:30:00,TC02_SLIGHT_GEOMETRY_SHIFT;TC10_OWNERSHIP_CONFLICT
IN-DL-110054-3-62,ACTIVE,CURRENT,,,AUTO_MATCHED,LOW,No material disagreement,4,OBS-001090;OBS-001091;OBS-001092;OBS-001093,0.859,0.769,0.708,0.708,0.94,0.799,"{""owner"":""Sneha Bansal"",""land_use"":""RESIDENTIAL"",""geometry_id"":""GEO-03-062-G1"",""area_sqm"":837.84}","{""owner"":""Sneha Bansal"",""land_use"":""RESIDENTIAL"",""geometry_id"":""GEO-03-062-G1"",""state"":""AUTHORITATIVE""}",False,,2026-09-15 10:30:00,
IN-DL-110054-3-63,ACTIVE,CURRENT,,,AUTO_MATCHED,LOW,No material disagreement,4,OBS-001094;OBS-001095;OBS-001096;OBS-001097,0.85,0.781,0.697,0.697,0.94,0.795,"{""owner"":""Deepak Sharma"",""land_use"":""RESIDENTIAL"",""geometry_id"":""GEO-03-063-G1"",""area_sqm"":862.14}","{""owner"":""Deepak Sharma"",""land_use"":""RESIDENTIAL"",""geometry_id"":""GEO-03-063-G1"",""state"":""AUTHORITATIVE""}",False,,2026-09-15 10:30:00,
IN-DL-110054-3-64,ACTIVE,CURRENT,,,AUTO_MATCHED,LOW,No material disagreement,3,OBS-001098;OBS-001099;OBS-001100,0.879,0.736,0.745,0.745,0.94,0.808,"{""owner"":""Aarav Saxena"",""land_use"":""RESIDENTIAL"",""geometry_id"":""GEO-03-064-G1"",""area_sqm"":742.51}","{""owner"":""Aarav Saxena"",""land_use"":""RESIDENTIAL"",""geometry_id"":""GEO-03-064-G1"",""state"":""AUTHORITATIVE""}",False,,2026-09-15 10:30:00,
IN-DL-110054-3-65,ACTIVE,CURRENT,,,AUTO_MATCHED,LOW,No material disagreement,5,OBS-001101;OBS-001102;OBS-001103;OBS-001104;OBS-001105,0.869,0.754,0.674,0.674,0.94,0.787,"{""owner"":""Ishaan Malhotra"",""land_use"":""RESIDENTIAL"",""geometry_id"":""GEO-03-065-G1"",""area_sqm"":749.04}","{""owner"":""Ishaan Malhotra"",""land_use"":""RESIDENTIAL"",""geometry_id"":""GEO-03-065-G1"",""state"":""AUTHORITATIVE""}",False,,2026-09-15 10:30:00,
IN-DL-110054-3-66,ACTIVE,CURRENT,,,MATCHED_WITH_MINOR_CONFLICT,MEDIUM,Slight spatial shift but identity remains strong.,5,OBS-001106;OBS-001107;OBS-001108;OBS-001109;OBS-001110,0.866,0.89,0.707,0.707,0.94,0.831,"{""owner"":""Sneha Chawla"",""land_use"":""RESIDENTIAL"",""geometry_id"":""GEO-03-066-G1"",""area_sqm"":1171.46}","{""owner"":""Sneha Chawla"",""land_use"":""RESIDENTIAL"",""geometry_id"":""GEO-03-066-G1"",""state"":""AUTHORITATIVE""}",False,,2026-09-15 10:30:00,TC02_SLIGHT_GEOMETRY_SHIFT
IN-DL-110054-3-67,ACTIVE,CURRENT,,,AUTO_MATCHED,LOW,No material disagreement,4,OBS-001111;OBS-001112;OBS-001113;OBS-001114,0.855,0.773,0.705,0.705,0.94,0.798,"{""owner"":""Deepak Jain"",""land_use"":""RESIDENTIAL"",""geometry_id"":""GEO-03-067-G1"",""area_sqm"":830.07}","{""owner"":""Deepak Jain"",""land_use"":""RESIDENTIAL"",""geometry_id"":""GEO-03-067-G1"",""state"":""AUTHORITATIVE""}",False,,2026-09-15 10:30:00,
IN-DL-110054-3-68,ACTIVE,CURRENT,,,AUTO_MATCHED,LOW,No material disagreement,4,OBS-001115;OBS-001116;OBS-001117;OBS-001118,0.857,0.771,0.707,0.707,0.94,0.798,"{""owner"":""Aarav Verma"",""land_use"":""RESIDENTIAL"",""geometry_id"":""GEO-03-068-G1"",""area_sqm"":721.63}","{""owner"":""Aarav Verma"",""land_use"":""RESIDENTIAL"",""geometry_id"":""GEO-03-068-G1"",""state"":""AUTHORITATIVE""}",False,,2026-09-15 10:30:00,
IN-DL-110054-3-69,ACTIVE,CURRENT,,,TENTATIVE,HIGH,Local scale/rotation distortion affects boundaries.; Municipal owner/occupier differs from revenue owner.,3,OBS-001119;OBS-001120;OBS-001121,0.734,0.575,0.34,0.6,0.94,0.626,"{""owner"":""Ishaan Mishra"",""land_use"":""RESIDENTIAL"",""geometry_id"":""GEO-03-069-G2"",""area_sqm"":785.24}","{""owner"":""Ishaan Mishra"",""land_use"":""RESIDENTIAL"",""geometry_id"":""GEO-03-069-G2"",""state"":""UNCHANGED_PENDING""}",True,CNF-00292;CNF-00358,2026-09-15 10:30:00,TC03_SIGNIFICANT_LOCAL_DISTORTION;TC10_OWNERSHIP_CONFLICT
IN-DL-110054-3-70,ACTIVE,CURRENT,,,MATCHED_WITH_MINOR_CONFLICT,LOW,Abbreviation / formatting variation only.,4,OBS-001122;OBS-001123;OBS-001124;OBS-001125,0.85,0.78,0.698,0.698,0.94,0.796,"{""owner"":""Sneha Khanna"",""land_use"":""RESIDENTIAL"",""geometry_id"":""GEO-03-070-G1"",""area_sqm"":878.21}","{""owner"":""Sneha Khanna"",""land_use"":""RESIDENTIAL"",""geometry_id"":""GEO-03-070-G1"",""state"":""AUTHORITATIVE""}",False,,2026-09-15 10:30:00,
IN-DL-110054-3-71,ACTIVE,CURRENT,,,NEEDS_ADDITIONAL_EVIDENCE,HIGH,Expected administrative source is absent.; Road widening changed parcel edge.,4,OBS-001126;OBS-001127;OBS-001128;OBS-001129,0.813,0.87,0.684,0.684,0.94,0.803,"{""owner"":""Deepak Sethi"",""land_use"":""RESIDENTIAL"",""geometry_id"":""GEO-03-071-G2"",""area_sqm"":697.62}","{""owner"":""Deepak Sethi"",""land_use"":""RESIDENTIAL"",""geometry_id"":""GEO-03-071-G2"",""state"":""UNCHANGED_PENDING""}",False,CNF-00519,2026-09-15 10:30:00,TC17_MISSING_SOURCE_RECORD;TC21_ROAD_WIDENING_BOUNDARY_CORRECTION
IN-DL-110054-3-72,ACTIVE,CURRENT,,,MATCHED_WITH_MINOR_CONFLICT,MEDIUM,Moderate area-basis disagreement.,4,OBS-001130;OBS-001131;OBS-001132;OBS-001133,0.853,0.776,0.702,0.702,0.94,0.797,"{""owner"":""Aarav Aggarwal"",""land_use"":""RESIDENTIAL"",""geometry_id"":""GEO-03-072-G1"",""area_sqm"":858.29}","{""owner"":""Aarav Aggarwal"",""land_use"":""RESIDENTIAL"",""geometry_id"":""GEO-03-072-G1"",""state"":""AUTHORITATIVE""}",False,,2026-09-15 10:30:00,
IN-DL-110054-3-73,ACTIVE,CURRENT,,,AUTO_MATCHED,LOW,No material disagreement,3,OBS-001134;OBS-001135;OBS-001136,0.881,0.733,0.747,0.747,0.94,0.809,"{""owner"":""Ishaan Gupta"",""land_use"":""RESIDENTIAL"",""geometry_id"":""GEO-03-073-G1"",""area_sqm"":883.18}","{""owner"":""Ishaan Gupta"",""land_use"":""RESIDENTIAL"",""geometry_id"":""GEO-03-073-G1"",""state"":""AUTHORITATIVE""}",False,,2026-09-15 10:30:00,
IN-DL-110054-3-74,ACTIVE,CURRENT,,,HUMAN_REVIEW_REQUIRED,CRITICAL,High-accuracy survey materially contradicts old cadastral geometry.,5,OBS-001137;OBS-001138;OBS-001139;OBS-001140;OBS-001141,0.72,0.764,0.638,0.652,0.94,0.735,"{""owner"":""Sneha Tiwari"",""land_use"":""RESIDENTIAL"",""geometry_id"":""GEO-03-074-G2"",""area_sqm"":760.56}","{""owner"":""Sneha Tiwari"",""land_use"":""RESIDENTIAL"",""geometry_id"":""GEO-03-074-G2"",""state"":""UNCHANGED_PENDING""}",True,CNF-00494,2026-09-15 10:30:00,TC15_GNSS_CONTRADICTS_OLD_CADASTRE
IN-DL-110054-3-75,ACTIVE,CURRENT,,,MATCHED_WITH_MINOR_CONFLICT,MEDIUM,Slight spatial shift but identity remains strong.; Sources represent different years.,3,OBS-001142;OBS-001143;OBS-001144,0.883,0.705,0.75,0.75,0.94,0.803,"{""owner"":""Deepak Kapoor"",""land_use"":""RESIDENTIAL"",""geometry_id"":""GEO-03-075-G1"",""area_sqm"":767.32}","{""owner"":""Deepak Kapoor"",""land_use"":""RESIDENTIAL"",""geometry_id"":""GEO-03-075-G1"",""state"":""AUTHORITATIVE""}",False,,2026-09-15 10:30:00,TC02_SLIGHT_GEOMETRY_SHIFT
IN-DL-110054-3-76,ACTIVE,CURRENT,,,TENTATIVE,HIGH,Physical occupation is inconsistent with legal state.,4,OBS-001145;OBS-001146;OBS-001147;OBS-001148,0.713,0.692,0.637,0.652,0.94,0.715,"{""owner"":""Aarav Bhatia"",""land_use"":""RESIDENTIAL"",""geometry_id"":""GEO-03-076-G1"",""area_sqm"":1200.05}","{""owner"":""Aarav Bhatia"",""land_use"":""RESIDENTIAL"",""geometry_id"":""GEO-03-076-G1"",""state"":""UNCHANGED_PENDING""}",True,CNF-00467,2026-09-15 10:30:00,TC14_PHYSICAL_OCCUPATION_VS_LEGAL_GEOMETRY
IN-DL-110054-3-77,ACTIVE,CURRENT,,,AUTO_MATCHED,LOW,No material disagreement,4,OBS-001149;OBS-001150;OBS-001151;OBS-001152,0.85,0.781,0.697,0.697,0.94,0.795,"{""owner"":""Ishaan Arora"",""land_use"":""RESIDENTIAL"",""geometry_id"":""GEO-03-077-G1"",""area_sqm"":850.32}","{""owner"":""Ishaan Arora"",""land_use"":""RESIDENTIAL"",""geometry_id"":""GEO-03-077-G1"",""state"":""AUTHORITATIVE""}",False,,2026-09-15 10:30:00,
IN-DL-110054-3-78,ACTIVE,CURRENT,,,HUMAN_REVIEW_REQUIRED,CRITICAL,Duplicate source row can create duplicate legal identity.,4,OBS-001153;OBS-001154;OBS-001155;OBS-001156,0.672,0.667,0.682,0.697,0.94,0.711,"{""owner"":""Sneha Mehta"",""land_use"":""RESIDENTIAL"",""geometry_id"":""GEO-03-078-G1"",""area_sqm"":739.24}","{""owner"":""Sneha Mehta"",""land_use"":""RESIDENTIAL"",""geometry_id"":""GEO-03-078-G1"",""state"":""UNCHANGED_PENDING""}",True,CNF-00319,2026-09-15 10:30:00,TC04_DUPLICATE_SOURCE_PARCEL
IN-DL-110054-3-79,ACTIVE,CURRENT,,,AUTO_MATCHED,LOW,No material disagreement,3,OBS-001157;OBS-001158;OBS-001159,0.879,0.735,0.746,0.746,0.94,0.808,"{""owner"":""Deepak Singh"",""land_use"":""RESIDENTIAL"",""geometry_id"":""GEO-03-079-G1"",""area_sqm"":805.69}","{""owner"":""Deepak Singh"",""land_use"":""RESIDENTIAL"",""geometry_id"":""GEO-03-079-G1"",""state"":""AUTHORITATIVE""}",False,,2026-09-15 10:30:00,
IN-DL-110054-3-80,ACTIVE,CURRENT,,,MATCHED_WITH_MINOR_CONFLICT,LOW,Abbreviation / formatting variation only.,3,OBS-001160;OBS-001161;OBS-001162,0.875,0.87,0.773,0.773,0.94,0.85,"{""owner"":""Aarav Bansal"",""land_use"":""RESIDENTIAL"",""geometry_id"":""GEO-03-080-G1"",""area_sqm"":899.64}","{""owner"":""Aarav Bansal"",""land_use"":""RESIDENTIAL"",""geometry_id"":""GEO-03-080-G1"",""state"":""AUTHORITATIVE""}",False,,2026-09-15 10:30:00,
IN-DL-110054-3-81,ACTIVE,CURRENT,,,NEEDS_ADDITIONAL_EVIDENCE,HIGH,Expected administrative source is absent.; Park boundary differs across evidence.,4,OBS-001163;OBS-001164;OBS-001165;OBS-001166,0.716,0.662,0.65,0.664,0.94,0.712,"{""owner"":""Municipal Corporation of Delhi"",""land_use"":""PUBLIC_OPEN_SPACE"",""geometry_id"":""GEO-03-081-G1"",""area_sqm"":669.38}","{""owner"":""Municipal Corporation of Delhi"",""land_use"":""PUBLIC_OPEN_SPACE"",""geometry_id"":""GEO-03-081-G1"",""state"":""UNCHANGED_PENDING""}",True,CNF-00513;CNF-00581,2026-09-15 10:30:00,TC17_MISSING_SOURCE_RECORD;TC20_PARK_BOUNDARY_DISAGREEMENT
IN-DL-110054-3-82,ACTIVE,CURRENT,,,HUMAN_REVIEW_REQUIRED,CRITICAL,Government/public parcel appears private in municipal data.; Recent imagery suggests occupation into public land.,5,OBS-001167;OBS-001168;OBS-001169;OBS-001170;OBS-004366,0.746,0.674,0.361,0.635,0.94,0.663,"{""owner"":""Municipal Corporation of Delhi"",""land_use"":""PUBLIC_OPEN_SPACE"",""geometry_id"":""GEO-03-082-G1"",""area_sqm"":774.12}","{""owner"":""Municipal Corporation of Delhi"",""land_use"":""PUBLIC_OPEN_SPACE"",""geometry_id"":""GEO-03-082-G1"",""state"":""UNCHANGED_PENDING""}",True,CNF-00402;CNF-00568,2026-09-15 10:30:00,TC11_GOVERNMENT_PRIVATE_OWNERSHIP_CONFLICT;TC19_ENCROACHMENT_INTO_PUBLIC_LAND
IN-DL-110054-3-83,ACTIVE,CURRENT,,,REJECTED_MATCH,CRITICAL,Geometry/identifiers do not uniquely distinguish candidates.,4,OBS-001171;OBS-001172;OBS-001173;OBS-001174,0.482,0.648,0.623,0.637,0.94,0.63,"{""owner"":""Municipal Corporation of Delhi"",""land_use"":""TRANSPORT_ACCESS"",""geometry_id"":""GEO-03-083-G1"",""area_sqm"":796.58,""state"":""REJECTED""}","{""owner"":""Municipal Corporation of Delhi"",""land_use"":""TRANSPORT_ACCESS"",""geometry_id"":""GEO-03-083-G1"",""state"":""AUTHORITATIVE""}",False,,2026-09-15 10:30:00,TC18_AMBIGUOUS_CANDIDATE_MATCH
IN-DL-110054-3-84,ACTIVE,CURRENT,,,MATCHED_WITH_MINOR_CONFLICT,MEDIUM,Moderate area-basis disagreement.,4,OBS-001175;OBS-001176;OBS-001177;OBS-001178,0.854,0.727,0.681,0.681,0.94,0.778,"{""owner"":""Municipal Corporation of Delhi"",""land_use"":""TRANSPORT_ACCESS"",""geometry_id"":""GEO-03-084-G1"",""area_sqm"":686.05}","{""owner"":""Municipal Corporation of Delhi"",""land_use"":""TRANSPORT_ACCESS"",""geometry_id"":""GEO-03-084-G1"",""state"":""AUTHORITATIVE""}",False,,2026-09-15 10:30:00,
IN-DL-110054-3-85,ACTIVE,CURRENT,,,MATCHED_WITH_MINOR_CONFLICT,MEDIUM,Slight spatial shift but identity remains strong.,4,OBS-001179;OBS-001180;OBS-001181;OBS-001182,0.855,0.707,0.683,0.683,0.94,0.774,"{""owner"":""BSES Yamuna Power Limited"",""land_use"":""UTILITY"",""geometry_id"":""GEO-03-085-G1"",""area_sqm"":692.08}","{""owner"":""BSES Yamuna Power Limited"",""land_use"":""UTILITY"",""geometry_id"":""GEO-03-085-G1"",""state"":""AUTHORITATIVE""}",False,,2026-09-15 10:30:00,TC02_SLIGHT_GEOMETRY_SHIFT
IN-DL-110054-3-86,ACTIVE,CURRENT,,,NEEDS_ADDITIONAL_EVIDENCE,MEDIUM,Expected administrative source is absent.,4,OBS-001183;OBS-001184;OBS-001185;OBS-001186,0.816,0.798,0.641,0.641,0.94,0.772,"{""owner"":""BSES Yamuna Power Limited"",""land_use"":""UTILITY"",""geometry_id"":""GEO-03-086-G1"",""area_sqm"":1082.37}","{""owner"":""BSES Yamuna Power Limited"",""land_use"":""UTILITY"",""geometry_id"":""GEO-03-086-G1"",""state"":""UNCHANGED_PENDING""}",False,CNF-00512,2026-09-15 10:30:00,TC17_MISSING_SOURCE_RECORD
IN-DL-110054-3-87,ACTIVE,CURRENT,,,NEEDS_ADDITIONAL_EVIDENCE,MEDIUM,Expected administrative source is absent.,4,OBS-001187;OBS-001188;OBS-001189;OBS-001190,0.818,0.753,0.649,0.649,0.94,0.763,"{""owner"":""Delhi Jal Board"",""land_use"":""UTILITY"",""geometry_id"":""GEO-03-087-G1"",""area_sqm"":766.94}","{""owner"":""Delhi Jal Board"",""land_use"":""UTILITY"",""geometry_id"":""GEO-03-087-G1"",""state"":""UNCHANGED_PENDING""}",False,CNF-00500,2026-09-15 10:30:00,TC17_MISSING_SOURCE_RECORD
IN-DL-110054-3-88,ACTIVE,CURRENT,,,AUTO_MATCHED,LOW,No material disagreement,4,OBS-001191;OBS-001192;OBS-001193;OBS-001194,0.856,0.772,0.705,0.705,0.94,0.798,"{""owner"":""Pramaan Education Society"",""land_use"":""INSTITUTIONAL"",""geometry_id"":""GEO-03-088-G1"",""area_sqm"":666.76}","{""owner"":""Pramaan Education Society"",""land_use"":""INSTITUTIONAL"",""geometry_id"":""GEO-03-088-G1"",""state"":""AUTHORITATIVE""}",False,,2026-09-15 10:30:00,
IN-DL-110054-3-89,ACTIVE,CURRENT,,,AUTO_MATCHED,LOW,No material disagreement,3,OBS-001195;OBS-001196;OBS-001197,0.883,0.73,0.75,0.75,0.94,0.81,"{""owner"":""Pramaan Community Trust"",""land_use"":""RELIGIOUS_COMMUNITY"",""geometry_id"":""GEO-03-089-G1"",""area_sqm"":726.68}","{""owner"":""Pramaan Community Trust"",""land_use"":""RELIGIOUS_COMMUNITY"",""geometry_id"":""GEO-03-089-G1"",""state"":""AUTHORITATIVE""}",False,,2026-09-15 10:30:00,
IN-DL-110054-3-90,ACTIVE,CURRENT,,,MATCHED_WITH_MINOR_CONFLICT,MEDIUM,Abbreviation / formatting variation only.; Sources represent different years.,3,OBS-001198;OBS-001199;OBS-001200,0.885,0.728,0.752,0.752,0.94,0.81,"{""owner"":""Sneha Aggarwal"",""land_use"":""COMMERCIAL"",""geometry_id"":""GEO-03-090-G1"",""area_sqm"":811.43}","{""owner"":""Sneha Aggarwal"",""land_use"":""COMMERCIAL"",""geometry_id"":""GEO-03-090-G1"",""state"":""AUTHORITATIVE""}",False,,2026-09-15 10:30:00,
IN-DL-110054-3-91,ACTIVE,CURRENT,IN-DL-110054-3-101,,TENTATIVE,HIGH,Lineage has not propagated consistently.,4,OBS-001201;OBS-001202;OBS-001203;OBS-001204,0.744,0.688,0.697,0.713,0.58,0.696,"{""owner"":""Municipal Corporation of Delhi"",""land_use"":""PUBLIC_OPEN_SPACE"",""geometry_id"":""GEO-03-091-G1"",""area_sqm"":612.77}","{""owner"":""Municipal Corporation of Delhi"",""land_use"":""PUBLIC_OPEN_SPACE"",""geometry_id"":""GEO-03-091-G1"",""state"":""UNCHANGED_PENDING""}",True,CNF-00693,2026-09-15 10:30:00,TC07_PARCEL_SPLIT
IN-DL-110054-3-92,ACTIVE,CURRENT,IN-DL-110054-3-101,,HUMAN_REVIEW_REQUIRED,CRITICAL,Lineage has not propagated consistently.; Recent imagery suggests occupation into public land.,5,OBS-001205;OBS-001206;OBS-001207;OBS-001208;OBS-001209,0.717,0.803,0.634,0.648,0.58,0.696,"{""owner"":""Municipal Corporation of Delhi"",""land_use"":""PUBLIC_OPEN_SPACE"",""geometry_id"":""GEO-03-092-G1"",""area_sqm"":708.65}","{""owner"":""Municipal Corporation of Delhi"",""land_use"":""PUBLIC_OPEN_SPACE"",""geometry_id"":""GEO-03-092-G1"",""state"":""UNCHANGED_PENDING""}",True,CNF-00558;CNF-00712,2026-09-15 10:30:00,TC07_PARCEL_SPLIT;TC19_ENCROACHMENT_INTO_PUBLIC_LAND
IN-DL-110054-3-93,ACTIVE,CURRENT,IN-DL-110054-3-102;IN-DL-110054-3-103,,AUTO_MATCHED,LOW,No material disagreement,4,OBS-001210;OBS-001211;OBS-001212;OBS-001213,0.857,0.725,0.686,0.686,0.89,0.773,"{""owner"":""Municipal Corporation of Delhi"",""land_use"":""TRANSPORT_ACCESS"",""geometry_id"":""GEO-03-093-G1"",""area_sqm"":729.21}","{""owner"":""Municipal Corporation of Delhi"",""land_use"":""TRANSPORT_ACCESS"",""geometry_id"":""GEO-03-093-G1"",""state"":""AUTHORITATIVE""}",False,,2026-09-15 10:30:00,TC06_SEVERAL_HISTORICAL_TO_ONE_CURRENT
IN-DL-110054-3-94,ACTIVE,CURRENT,IN-DL-110054-3-104;IN-DL-110054-3-105,,HUMAN_REVIEW_REQUIRED,CRITICAL,Duplicate source row can create duplicate legal identity.; Lineage has not propagated consistently.,4,OBS-001214;OBS-001215;OBS-001216;OBS-001217,0.673,0.616,0.672,0.686,0.58,0.648,"{""owner"":""Municipal Corporation of Delhi"",""land_use"":""TRANSPORT_ACCESS"",""geometry_id"":""GEO-03-094-G1"",""area_sqm"":628.02}","{""owner"":""Municipal Corporation of Delhi"",""land_use"":""TRANSPORT_ACCESS"",""geometry_id"":""GEO-03-094-G1"",""state"":""UNCHANGED_PENDING""}",True,CNF-00327;CNF-00696,2026-09-15 10:30:00,TC04_DUPLICATE_SOURCE_PARCEL;TC06_SEVERAL_HISTORICAL_TO_ONE_CURRENT
IN-DL-110054-3-95,ACTIVE,CURRENT,IN-DL-110054-3-106,,AUTO_MATCHED,LOW,No material disagreement,5,OBS-001218;OBS-001219;OBS-001220;OBS-001221;OBS-001222,0.871,0.752,0.678,0.678,0.89,0.782,"{""owner"":""BSES Yamuna Power Limited"",""land_use"":""UTILITY"",""geometry_id"":""GEO-03-095-G1"",""area_sqm"":633.54}","{""owner"":""BSES Yamuna Power Limited"",""land_use"":""UTILITY"",""geometry_id"":""GEO-03-095-G1"",""state"":""AUTHORITATIVE""}",False,,2026-09-15 10:30:00,TC07_PARCEL_SPLIT
IN-DL-110054-3-96,ACTIVE,CURRENT,IN-DL-110054-3-106,,HUMAN_REVIEW_REQUIRED,CRITICAL,Government/public parcel appears private in municipal data.; Moderate area-basis disagreement.,5,OBS-001223;OBS-001224;OBS-001225;OBS-001226;OBS-001227,0.725,0.662,0.311,0.549,0.89,0.627,"{""owner"":""BSES Yamuna Power Limited"",""land_use"":""UTILITY"",""geometry_id"":""GEO-03-096-G1"",""area_sqm"":990.83}","{""owner"":""BSES Yamuna Power Limited"",""land_use"":""UTILITY"",""geometry_id"":""GEO-03-096-G1"",""state"":""UNCHANGED_PENDING""}",True,CNF-00395,2026-09-15 10:30:00,TC02_SLIGHT_GEOMETRY_SHIFT;TC11_GOVERNMENT_PRIVATE_OWNERSHIP_CONFLICT
IN-DL-110054-3-97,ACTIVE,CURRENT,,,AUTO_MATCHED,LOW,No material disagreement,6,OBS-001228;OBS-001229;OBS-001230;OBS-001231;OBS-001232;OBS-001233,0.861,0.876,0.689,0.689,0.94,0.82,"{""owner"":""Delhi Jal Board"",""land_use"":""UTILITY"",""geometry_id"":""GEO-03-097-G1"",""area_sqm"":702.08}","{""owner"":""Delhi Jal Board"",""land_use"":""UTILITY"",""geometry_id"":""GEO-03-097-G1"",""state"":""AUTHORITATIVE""}",False,,2026-09-15 10:30:00,
IN-DL-110054-3-98,ACTIVE,CURRENT,,,HUMAN_REVIEW_REQUIRED,HIGH,Local scale/rotation distortion affects boundaries.,5,OBS-001234;OBS-001235;OBS-001236;OBS-001237;OBS-001238,0.748,0.664,0.67,0.685,0.94,0.729,"{""owner"":""Pramaan Education Society"",""land_use"":""INSTITUTIONAL"",""geometry_id"":""GEO-03-098-G2"",""area_sqm"":609.39}","{""owner"":""Pramaan Education Society"",""land_use"":""INSTITUTIONAL"",""geometry_id"":""GEO-03-098-G2"",""state"":""UNCHANGED_PENDING""}",True,CNF-00299,2026-09-15 10:30:00,TC03_SIGNIFICANT_LOCAL_DISTORTION
IN-DL-110054-3-99,ACTIVE,CURRENT,,,TENTATIVE,HIGH,Local scale/rotation distortion affects boundaries.,3,OBS-001239;OBS-001240;OBS-001241,0.73,0.595,0.65,0.665,0.94,0.7,"{""owner"":""Pramaan Community Trust"",""land_use"":""RELIGIOUS_COMMUNITY"",""geometry_id"":""GEO-03-099-G2"",""area_sqm"":664.16}","{""owner"":""Pramaan Community Trust"",""land_use"":""RELIGIOUS_COMMUNITY"",""geometry_id"":""GEO-03-099-G2"",""state"":""UNCHANGED_PENDING""}",True,CNF-00303,2026-09-15 10:30:00,TC03_SIGNIFICANT_LOCAL_DISTORTION
IN-DL-110054-3-100,ACTIVE,CURRENT,,,MATCHED_WITH_MINOR_CONFLICT,LOW,Abbreviation / formatting variation only.,4,OBS-001242;OBS-001243;OBS-001244;OBS-001245,0.856,0.716,0.702,0.702,0.94,0.783,"{""owner"":""Aarav Saxena"",""land_use"":""COMMERCIAL"",""geometry_id"":""GEO-03-100-G1"",""area_sqm"":742.8}","{""owner"":""Aarav Saxena"",""land_use"":""COMMERCIAL"",""geometry_id"":""GEO-03-100-G1"",""state"":""AUTHORITATIVE""}",False,,2026-09-15 10:30:00,
IN-DL-110054-4-1,ACTIVE,CURRENT,,,AUTO_MATCHED,LOW,No material disagreement,6,OBS-001246;OBS-001247;OBS-001248;OBS-001249;OBS-001250;OBS-001251,0.882,0.904,0.739,0.739,0.94,0.849,"{""owner"":""Directorate of Education, GNCTD"",""land_use"":""INSTITUTIONAL"",""geometry_id"":""GEO-04-001-G1"",""area_sqm"":814.17}","{""owner"":""Directorate of Education, GNCTD"",""land_use"":""INSTITUTIONAL"",""geometry_id"":""GEO-04-001-G1"",""state"":""AUTHORITATIVE""}",False,,2026-09-15 10:30:00,
IN-DL-110054-4-2,ACTIVE,CURRENT,,,AUTO_MATCHED,LOW,No material disagreement,5,OBS-001252;OBS-001253;OBS-001254;OBS-001255;OBS-001256,0.903,0.781,0.746,0.746,0.94,0.827,"{""owner"":""Government of NCT of Delhi"",""land_use"":""GOVERNMENT"",""geometry_id"":""GEO-04-002-G1"",""area_sqm"":837.79}","{""owner"":""Government of NCT of Delhi"",""land_use"":""GOVERNMENT"",""geometry_id"":""GEO-04-002-G1"",""state"":""AUTHORITATIVE""}",False,,2026-09-15 10:30:00,
IN-DL-110054-4-3,ACTIVE,CURRENT,,,AUTO_MATCHED,LOW,No material disagreement,5,OBS-001257;OBS-001258;OBS-001259;OBS-001260;OBS-001261,0.904,0.78,0.748,0.748,0.94,0.828,"{""owner"":""Government of NCT of Delhi"",""land_use"":""GOVERNMENT"",""geometry_id"":""GEO-04-003-G1"",""area_sqm"":721.54}","{""owner"":""Government of NCT of Delhi"",""land_use"":""GOVERNMENT"",""geometry_id"":""GEO-04-003-G1"",""state"":""AUTHORITATIVE""}",False,,2026-09-15 10:30:00,
IN-DL-110054-4-4,ACTIVE,CURRENT,,,HUMAN_REVIEW_REQUIRED,HIGH,Local scale/rotation distortion affects boundaries.,5,OBS-001262;OBS-001263;OBS-001264;OBS-001265;OBS-001266,0.75,0.654,0.671,0.686,0.94,0.727,"{""owner"":""Government of NCT of Delhi"",""land_use"":""GOVERNMENT"",""geometry_id"":""GEO-04-004-G2"",""area_sqm"":726.72}","{""owner"":""Government of NCT of Delhi"",""land_use"":""GOVERNMENT"",""geometry_id"":""GEO-04-004-G2"",""state"":""UNCHANGED_PENDING""}",True,CNF-00309,2026-09-15 10:30:00,TC03_SIGNIFICANT_LOCAL_DISTORTION
IN-DL-110054-4-5,ACTIVE,CURRENT,,,AUTO_MATCHED,LOW,No material disagreement,6,OBS-001267;OBS-001268;OBS-001269;OBS-001270;OBS-001271;OBS-001272,0.89,0.76,0.719,0.719,0.94,0.809,"{""owner"":""Directorate of Education, GNCTD"",""land_use"":""INSTITUTIONAL"",""geometry_id"":""GEO-04-005-G1"",""area_sqm"":842.5}","{""owner"":""Directorate of Education, GNCTD"",""land_use"":""INSTITUTIONAL"",""geometry_id"":""GEO-04-005-G1"",""state"":""AUTHORITATIVE""}",False,,2026-09-15 10:30:00,
IN-DL-110054-4-6,ACTIVE,CURRENT,,,AUTO_MATCHED,LOW,No material disagreement,4,OBS-001273;OBS-001274;OBS-001275;OBS-001276,0.859,0.769,0.708,0.708,0.94,0.799,"{""owner"":""GNCTD Staff Housing Estate"",""land_use"":""RESIDENTIAL"",""geometry_id"":""GEO-04-006-G1"",""area_sqm"":1104.91}","{""owner"":""GNCTD Staff Housing Estate"",""land_use"":""RESIDENTIAL"",""geometry_id"":""GEO-04-006-G1"",""state"":""AUTHORITATIVE""}",False,,2026-09-15 10:30:00,
IN-DL-110054-4-7,ACTIVE,CURRENT,,,AUTO_MATCHED,LOW,No material disagreement,4,OBS-001277;OBS-001278;OBS-001279;OBS-001280,0.85,0.781,0.697,0.697,0.94,0.795,"{""owner"":""GNCTD Staff Housing Estate"",""land_use"":""RESIDENTIAL"",""geometry_id"":""GEO-04-007-G1"",""area_sqm"":701.25}","{""owner"":""GNCTD Staff Housing Estate"",""land_use"":""RESIDENTIAL"",""geometry_id"":""GEO-04-007-G1"",""state"":""AUTHORITATIVE""}",False,,2026-09-15 10:30:00,
IN-DL-110054-4-8,ACTIVE,CURRENT,,,HUMAN_REVIEW_REQUIRED,CRITICAL,Government/public parcel appears private in municipal data.; Slight spatial shift but identity remains strong.,5,OBS-001281;OBS-001282;OBS-001283;OBS-001284;OBS-001285,0.717,0.806,0.33,0.582,0.94,0.675,"{""owner"":""GNCTD Staff Housing Estate"",""land_use"":""RESIDENTIAL"",""geometry_id"":""GEO-04-008-G1"",""area_sqm"":764.28}","{""owner"":""GNCTD Staff Housing Estate"",""land_use"":""RESIDENTIAL"",""geometry_id"":""GEO-04-008-G1"",""state"":""UNCHANGED_PENDING""}",True,CNF-00401,2026-09-15 10:30:00,TC02_SLIGHT_GEOMETRY_SHIFT;TC11_GOVERNMENT_PRIVATE_OWNERSHIP_CONFLICT
IN-DL-110054-4-9,ACTIVE,CURRENT,,,AUTO_MATCHED,LOW,No material disagreement,5,OBS-001286;OBS-001287;OBS-001288;OBS-001289;OBS-001290,0.869,0.755,0.675,0.675,0.94,0.788,"{""owner"":""Pramaan Institute of Civic Studies"",""land_use"":""INSTITUTIONAL"",""geometry_id"":""GEO-04-009-G1"",""area_sqm"":853.41}","{""owner"":""Pramaan Institute of Civic Studies"",""land_use"":""INSTITUTIONAL"",""geometry_id"":""GEO-04-009-G1"",""state"":""AUTHORITATIVE""}",False,,2026-09-15 10:30:00,
IN-DL-110054-4-10,ACTIVE,CURRENT,,,MATCHED_WITH_MINOR_CONFLICT,LOW,Abbreviation / formatting variation only.,3,OBS-001291;OBS-001292;OBS-001293,0.94,0.713,0.844,0.844,0.94,0.853,"{""owner"":""Pramaan Institute of Civic Studies"",""land_use"":""INSTITUTIONAL"",""geometry_id"":""GEO-04-010-G1"",""area_sqm"":767.41}","{""owner"":""Pramaan Institute of Civic Studies"",""land_use"":""INSTITUTIONAL"",""geometry_id"":""GEO-04-010-G1"",""state"":""AUTHORITATIVE""}",False,,2026-09-15 10:30:00,
IN-DL-110054-4-11,ACTIVE,CURRENT,,,AUTO_MATCHED,LOW,No material disagreement,5,OBS-001294;OBS-001295;OBS-001296;OBS-001297;OBS-001298,0.904,0.779,0.748,0.748,0.94,0.828,"{""owner"":""Government of NCT of Delhi"",""land_use"":""GOVERNMENT"",""geometry_id"":""GEO-04-011-G1"",""area_sqm"":853.69}","{""owner"":""Government of NCT of Delhi"",""land_use"":""GOVERNMENT"",""geometry_id"":""GEO-04-011-G1"",""state"":""AUTHORITATIVE""}",False,,2026-09-15 10:30:00,
IN-DL-110054-4-12,ACTIVE,CURRENT,,,MATCHED_WITH_MINOR_CONFLICT,MEDIUM,Moderate area-basis disagreement.,3,OBS-001299;OBS-001300;OBS-001301,0.884,0.739,0.73,0.73,0.94,0.806,"{""owner"":""Government of NCT of Delhi"",""land_use"":""GOVERNMENT"",""geometry_id"":""GEO-04-012-G1"",""area_sqm"":878.45}","{""owner"":""Government of NCT of Delhi"",""land_use"":""GOVERNMENT"",""geometry_id"":""GEO-04-012-G1"",""state"":""AUTHORITATIVE""}",False,,2026-09-15 10:30:00,
IN-DL-110054-4-13,ACTIVE,CURRENT,,,AUTO_MATCHED,LOW,No material disagreement,5,OBS-001302;OBS-001303;OBS-001304;OBS-001305;OBS-001306,0.905,0.776,0.748,0.748,0.94,0.827,"{""owner"":""Government of NCT of Delhi"",""land_use"":""GOVERNMENT"",""geometry_id"":""GEO-04-013-G1"",""area_sqm"":756.56}","{""owner"":""Government of NCT of Delhi"",""land_use"":""GOVERNMENT"",""geometry_id"":""GEO-04-013-G1"",""state"":""AUTHORITATIVE""}",False,,2026-09-15 10:30:00,
IN-DL-110054-4-14,ACTIVE,CURRENT,,,AUTO_MATCHED,LOW,No material disagreement,5,OBS-001307;OBS-001308;OBS-001309;OBS-001310;OBS-001311,0.901,0.785,0.745,0.745,0.94,0.827,"{""owner"":""Directorate of Education, GNCTD"",""land_use"":""INSTITUTIONAL"",""geometry_id"":""GEO-04-014-G1"",""area_sqm"":763.21}","{""owner"":""Directorate of Education, GNCTD"",""land_use"":""INSTITUTIONAL"",""geometry_id"":""GEO-04-014-G1"",""state"":""AUTHORITATIVE""}",False,,2026-09-15 10:30:00,
IN-DL-110054-4-15,ACTIVE,CURRENT,,,MATCHED_WITH_MINOR_CONFLICT,MEDIUM,Sources represent different years.,4,OBS-001312;OBS-001313;OBS-001314;OBS-001315,0.897,0.763,0.775,0.775,0.94,0.83,"{""owner"":""Government of NCT of Delhi"",""land_use"":""GOVERNMENT"",""geometry_id"":""GEO-04-015-G1"",""area_sqm"":883.39}","{""owner"":""Government of NCT of Delhi"",""land_use"":""GOVERNMENT"",""geometry_id"":""GEO-04-015-G1"",""state"":""AUTHORITATIVE""}",False,,2026-09-15 10:30:00,
IN-DL-110054-4-16,ACTIVE,CURRENT,,,AUTO_MATCHED,LOW,No material disagreement,4,OBS-001316;OBS-001317;OBS-001318;OBS-001319,0.853,0.776,0.702,0.702,0.94,0.797,"{""owner"":""GNCTD Staff Housing Estate"",""land_use"":""RESIDENTIAL"",""geometry_id"":""GEO-04-016-G1"",""area_sqm"":1158.53}","{""owner"":""GNCTD Staff Housing Estate"",""land_use"":""RESIDENTIAL"",""geometry_id"":""GEO-04-016-G1"",""state"":""AUTHORITATIVE""}",False,,2026-09-15 10:30:00,
IN-DL-110054-4-17,ACTIVE,CURRENT,,,AUTO_MATCHED,LOW,No material disagreement,5,OBS-001320;OBS-001321;OBS-001322;OBS-001323;OBS-001324,0.87,0.753,0.676,0.676,0.94,0.788,"{""owner"":""GNCTD Staff Housing Estate"",""land_use"":""RESIDENTIAL"",""geometry_id"":""GEO-04-017-G1"",""area_sqm"":735.28}","{""owner"":""GNCTD Staff Housing Estate"",""land_use"":""RESIDENTIAL"",""geometry_id"":""GEO-04-017-G1"",""state"":""AUTHORITATIVE""}",False,,2026-09-15 10:30:00,
IN-DL-110054-4-18,ACTIVE,CURRENT,,,MATCHED_WITH_MINOR_CONFLICT,MEDIUM,Slight spatial shift but identity remains strong.,4,OBS-001325;OBS-001326;OBS-001327;OBS-001328,0.856,0.754,0.705,0.705,0.94,0.793,"{""owner"":""GNCTD Staff Housing Estate"",""land_use"":""RESIDENTIAL"",""geometry_id"":""GEO-04-018-G1"",""area_sqm"":801.37}","{""owner"":""GNCTD Staff Housing Estate"",""land_use"":""RESIDENTIAL"",""geometry_id"":""GEO-04-018-G1"",""state"":""AUTHORITATIVE""}",False,,2026-09-15 10:30:00,TC02_SLIGHT_GEOMETRY_SHIFT
IN-DL-110054-4-19,ACTIVE,CURRENT,,,AUTO_MATCHED,LOW,No material disagreement,5,OBS-001329;OBS-001330;OBS-001331;OBS-001332;OBS-001333,0.905,0.778,0.749,0.749,0.94,0.828,"{""owner"":""Pramaan Institute of Civic Studies"",""land_use"":""INSTITUTIONAL"",""geometry_id"":""GEO-04-019-G1"",""area_sqm"":894.83}","{""owner"":""Pramaan Institute of Civic Studies"",""land_use"":""INSTITUTIONAL"",""geometry_id"":""GEO-04-019-G1"",""state"":""AUTHORITATIVE""}",False,,2026-09-15 10:30:00,
IN-DL-110054-4-20,ACTIVE,CURRENT,,,MATCHED_WITH_MINOR_CONFLICT,LOW,Abbreviation / formatting variation only.,4,OBS-001334;OBS-001335;OBS-001336;OBS-001337,0.899,0.754,0.775,0.775,0.94,0.828,"{""owner"":""Pramaan Institute of Civic Studies"",""land_use"":""INSTITUTIONAL"",""geometry_id"":""GEO-04-020-G1"",""area_sqm"":804.66}","{""owner"":""Pramaan Institute of Civic Studies"",""land_use"":""INSTITUTIONAL"",""geometry_id"":""GEO-04-020-G1"",""state"":""AUTHORITATIVE""}",False,,2026-09-15 10:30:00,
IN-DL-110054-4-21,ACTIVE,CURRENT,,,HUMAN_REVIEW_REQUIRED,CRITICAL,Building footprint extends into neighboring parcel.; Government/public parcel appears private in municipal data.,5,OBS-001338;OBS-001339;OBS-001340;OBS-001341;OBS-001342,0.747,0.687,0.35,0.617,0.94,0.662,"{""owner"":""Government of NCT of Delhi"",""land_use"":""GOVERNMENT"",""geometry_id"":""GEO-04-021-G1"",""area_sqm"":781.93}","{""owner"":""Government of NCT of Delhi"",""land_use"":""GOVERNMENT"",""geometry_id"":""GEO-04-021-G1"",""state"":""UNCHANGED_PENDING""}",True,CNF-00405;CNF-00441,2026-09-15 10:30:00,TC11_GOVERNMENT_PRIVATE_OWNERSHIP_CONFLICT;TC13_BUILDING_CROSSES_BOUNDARY
IN-DL-110054-4-22,ACTIVE,CURRENT,,,AUTO_MATCHED,LOW,No material disagreement,5,OBS-001343;OBS-001344;OBS-001345;OBS-001346;OBS-001347,0.902,0.783,0.746,0.746,0.94,0.827,"{""owner"":""Government of NCT of Delhi"",""land_use"":""GOVERNMENT"",""geometry_id"":""GEO-04-022-G1"",""area_sqm"":804.61}","{""owner"":""Government of NCT of Delhi"",""land_use"":""GOVERNMENT"",""geometry_id"":""GEO-04-022-G1"",""state"":""AUTHORITATIVE""}",False,,2026-09-15 10:30:00,
IN-DL-110054-4-23,ACTIVE,CURRENT,,,AUTO_MATCHED,LOW,No material disagreement,3,OBS-001348;OBS-001349;OBS-001350,0.94,0.715,0.846,0.846,0.94,0.854,"{""owner"":""Directorate of Education, GNCTD"",""land_use"":""INSTITUTIONAL"",""geometry_id"":""GEO-04-023-G1"",""area_sqm"":692.97}","{""owner"":""Directorate of Education, GNCTD"",""land_use"":""INSTITUTIONAL"",""geometry_id"":""GEO-04-023-G1"",""state"":""AUTHORITATIVE""}",False,,2026-09-15 10:30:00,
IN-DL-110054-4-24,ACTIVE,CURRENT,,,HUMAN_REVIEW_REQUIRED,HIGH,Moderate area-basis disagreement.; Physical occupation is inconsistent with legal state.,6,OBS-001351;OBS-001352;OBS-001353;OBS-001354;OBS-001355;OBS-001356,0.738,0.686,0.646,0.66,0.94,0.723,"{""owner"":""Government of NCT of Delhi"",""land_use"":""GOVERNMENT"",""geometry_id"":""GEO-04-024-G1"",""area_sqm"":699.06}","{""owner"":""Government of NCT of Delhi"",""land_use"":""GOVERNMENT"",""geometry_id"":""GEO-04-024-G1"",""state"":""UNCHANGED_PENDING""}",True,CNF-00457,2026-09-15 10:30:00,TC14_PHYSICAL_OCCUPATION_VS_LEGAL_GEOMETRY
IN-DL-110054-4-25,ACTIVE,CURRENT,,,HUMAN_REVIEW_REQUIRED,HIGH,Strong evidence exists but legal/human approval is pending.,6,OBS-001357;OBS-001358;OBS-001359;OBS-001360;OBS-001361;OBS-001362,0.735,0.809,0.667,0.682,0.94,0.76,"{""owner"":""Government of NCT of Delhi"",""land_use"":""GOVERNMENT"",""geometry_id"":""GEO-04-025-G2"",""area_sqm"":809.13}","{""owner"":""Government of NCT of Delhi"",""land_use"":""GOVERNMENT"",""geometry_id"":""GEO-04-025-G1"",""state"":""UNCHANGED_PENDING""}",True,CNF-00631,2026-09-15 10:30:00,TC25_STRONG_EVIDENCE_PENDING_APPROVAL
IN-DL-110054-4-26,ACTIVE,CURRENT,,,AUTO_MATCHED,LOW,No material disagreement,4,OBS-001363;OBS-001364;OBS-001365;OBS-001366,0.853,0.883,0.742,0.742,0.94,0.836,"{""owner"":""GNCTD Staff Housing Estate"",""land_use"":""RESIDENTIAL"",""geometry_id"":""GEO-04-026-G1"",""area_sqm"":1061.15}","{""owner"":""GNCTD Staff Housing Estate"",""land_use"":""RESIDENTIAL"",""geometry_id"":""GEO-04-026-G1"",""state"":""AUTHORITATIVE""}",False,,2026-09-15 10:30:00,
IN-DL-110054-4-27,ACTIVE,CURRENT,,,AUTO_MATCHED,LOW,No material disagreement,4,OBS-001367;OBS-001368;OBS-001369;OBS-001370,0.858,0.769,0.708,0.708,0.94,0.798,"{""owner"":""GNCTD Staff Housing Estate"",""land_use"":""RESIDENTIAL"",""geometry_id"":""GEO-04-027-G1"",""area_sqm"":673.48}","{""owner"":""GNCTD Staff Housing Estate"",""land_use"":""RESIDENTIAL"",""geometry_id"":""GEO-04-027-G1"",""state"":""AUTHORITATIVE""}",False,,2026-09-15 10:30:00,
IN-DL-110054-4-28,ACTIVE,CURRENT,,,AUTO_MATCHED,LOW,No material disagreement,2,OBS-001371;OBS-001372,0.94,0.659,0.81,0.81,0.94,0.828,"{""owner"":""GNCTD Staff Housing Estate"",""land_use"":""RESIDENTIAL"",""geometry_id"":""GEO-04-028-G1"",""area_sqm"":734.01}","{""owner"":""GNCTD Staff Housing Estate"",""land_use"":""RESIDENTIAL"",""geometry_id"":""GEO-04-028-G1"",""state"":""AUTHORITATIVE""}",False,,2026-09-15 10:30:00,
IN-DL-110054-4-29,ACTIVE,CURRENT,,,AUTO_MATCHED,LOW,No material disagreement,3,OBS-001373;OBS-001374;OBS-001375,0.879,0.747,0.723,0.723,0.94,0.804,"{""owner"":""Pramaan Institute of Civic Studies"",""land_use"":""INSTITUTIONAL"",""geometry_id"":""GEO-04-029-G1"",""area_sqm"":819.61}","{""owner"":""Pramaan Institute of Civic Studies"",""land_use"":""INSTITUTIONAL"",""geometry_id"":""GEO-04-029-G1"",""state"":""AUTHORITATIVE""}",False,,2026-09-15 10:30:00,
IN-DL-110054-4-30,ACTIVE,CURRENT,,,MATCHED_WITH_MINOR_CONFLICT,MEDIUM,Abbreviation / formatting variation only.; Sources represent different years.,5,OBS-001376;OBS-001377;OBS-001378;OBS-001379;OBS-001380,0.903,0.781,0.746,0.746,0.94,0.827,"{""owner"":""Pramaan Institute of Civic Studies"",""land_use"":""INSTITUTIONAL"",""geometry_id"":""GEO-04-030-G1"",""area_sqm"":737.02}","{""owner"":""Pramaan Institute of Civic Studies"",""land_use"":""INSTITUTIONAL"",""geometry_id"":""GEO-04-030-G1"",""state"":""AUTHORITATIVE""}",False,,2026-09-15 10:30:00,
IN-DL-110054-4-31,ACTIVE,CURRENT,,,AUTO_MATCHED,LOW,No material disagreement,5,OBS-001381;OBS-001382;OBS-001383;OBS-001384;OBS-001385,0.904,0.78,0.748,0.748,0.94,0.828,"{""owner"":""Directorate of Education, GNCTD"",""land_use"":""INSTITUTIONAL"",""geometry_id"":""GEO-04-031-G1"",""area_sqm"":704.03}","{""owner"":""Directorate of Education, GNCTD"",""land_use"":""INSTITUTIONAL"",""geometry_id"":""GEO-04-031-G1"",""state"":""AUTHORITATIVE""}",False,,2026-09-15 10:30:00,
IN-DL-110054-4-32,ACTIVE,CURRENT,,,AUTO_MATCHED,LOW,No material disagreement,3,OBS-001386;OBS-001387;OBS-001388,0.883,0.731,0.749,0.749,0.94,0.81,"{""owner"":""Directorate of Health Services, GNCTD"",""land_use"":""HEALTHCARE"",""geometry_id"":""GEO-04-032-G1"",""area_sqm"":724.45}","{""owner"":""Directorate of Health Services, GNCTD"",""land_use"":""HEALTHCARE"",""geometry_id"":""GEO-04-032-G1"",""state"":""AUTHORITATIVE""}",False,,2026-09-15 10:30:00,
IN-DL-110054-4-33,ACTIVE,CURRENT,,,AUTO_MATCHED,LOW,No material disagreement,5,OBS-001389;OBS-001390;OBS-001391;OBS-001392;OBS-001393,0.871,0.865,0.699,0.699,0.94,0.823,"{""owner"":""Municipal Corporation of Delhi"",""land_use"":""TRANSPORT_ACCESS"",""geometry_id"":""GEO-04-033-G1"",""area_sqm"":623.93}","{""owner"":""Municipal Corporation of Delhi"",""land_use"":""TRANSPORT_ACCESS"",""geometry_id"":""GEO-04-033-G1"",""state"":""AUTHORITATIVE""}",False,,2026-09-15 10:30:00,
IN-DL-110054-4-34,ACTIVE,CURRENT,,,HUMAN_REVIEW_REQUIRED,HIGH,Strong evidence exists but legal/human approval is pending.,5,OBS-001394;OBS-001395;OBS-001396;OBS-001397;OBS-001398,0.722,0.809,0.64,0.654,0.94,0.748,"{""owner"":""Government of NCT of Delhi"",""land_use"":""GOVERNMENT"",""geometry_id"":""GEO-04-034-G2"",""area_sqm"":629.41}","{""owner"":""Government of NCT of Delhi"",""land_use"":""GOVERNMENT"",""geometry_id"":""GEO-04-034-G1"",""state"":""UNCHANGED_PENDING""}",True,CNF-00638,2026-09-15 10:30:00,TC25_STRONG_EVIDENCE_PENDING_APPROVAL
IN-DL-110054-4-35,ACTIVE,CURRENT,,,HUMAN_REVIEW_REQUIRED,HIGH,Building footprint extends into neighboring parcel.,5,OBS-001399;OBS-001400;OBS-001401;OBS-001402;OBS-001403,0.748,0.687,0.671,0.686,0.94,0.735,"{""owner"":""Government of NCT of Delhi"",""land_use"":""GOVERNMENT"",""geometry_id"":""GEO-04-035-G1"",""area_sqm"":728.52}","{""owner"":""Government of NCT of Delhi"",""land_use"":""GOVERNMENT"",""geometry_id"":""GEO-04-035-G1"",""state"":""UNCHANGED_PENDING""}",True,CNF-00443,2026-09-15 10:30:00,TC13_BUILDING_CROSSES_BOUNDARY
IN-DL-110054-4-36,ACTIVE,CURRENT,,,MATCHED_WITH_MINOR_CONFLICT,MEDIUM,Moderate area-basis disagreement.,4,OBS-001404;OBS-001405;OBS-001406;OBS-001407,0.852,0.778,0.7,0.7,0.94,0.796,"{""owner"":""GNCTD Staff Housing Estate"",""land_use"":""RESIDENTIAL"",""geometry_id"":""GEO-04-036-G1"",""area_sqm"":955.43}","{""owner"":""GNCTD Staff Housing Estate"",""land_use"":""RESIDENTIAL"",""geometry_id"":""GEO-04-036-G1"",""state"":""AUTHORITATIVE""}",False,,2026-09-15 10:30:00,
IN-DL-110054-4-37,ACTIVE,CURRENT,,,TENTATIVE,HIGH,Building footprint extends into neighboring parcel.,4,OBS-001408;OBS-001409;OBS-001410;OBS-001411,0.708,0.674,0.631,0.645,0.94,0.707,"{""owner"":""GNCTD Staff Housing Estate"",""land_use"":""RESIDENTIAL"",""geometry_id"":""GEO-04-037-G1"",""area_sqm"":606.38}","{""owner"":""GNCTD Staff Housing Estate"",""land_use"":""RESIDENTIAL"",""geometry_id"":""GEO-04-037-G1"",""state"":""UNCHANGED_PENDING""}",True,CNF-00434,2026-09-15 10:30:00,TC13_BUILDING_CROSSES_BOUNDARY
IN-DL-110054-4-38,ACTIVE,CURRENT,,,AUTO_MATCHED,LOW,No material disagreement,3,OBS-001412;OBS-001413;OBS-001414,0.882,0.732,0.748,0.748,0.94,0.809,"{""owner"":""GNCTD Staff Housing Estate"",""land_use"":""RESIDENTIAL"",""geometry_id"":""GEO-04-038-G1"",""area_sqm"":660.88}","{""owner"":""GNCTD Staff Housing Estate"",""land_use"":""RESIDENTIAL"",""geometry_id"":""GEO-04-038-G1"",""state"":""AUTHORITATIVE""}",False,,2026-09-15 10:30:00,
IN-DL-110054-4-39,ACTIVE,CURRENT,,,AUTO_MATCHED,LOW,No material disagreement,6,OBS-001415;OBS-001416;OBS-001417;OBS-001418;OBS-001419;OBS-001420,0.891,0.762,0.722,0.722,0.94,0.811,"{""owner"":""Pramaan Institute of Civic Studies"",""land_use"":""INSTITUTIONAL"",""geometry_id"":""GEO-04-039-G1"",""area_sqm"":737.95}","{""owner"":""Pramaan Institute of Civic Studies"",""land_use"":""INSTITUTIONAL"",""geometry_id"":""GEO-04-039-G1"",""state"":""AUTHORITATIVE""}",False,,2026-09-15 10:30:00,
IN-DL-110054-4-40,ACTIVE,CURRENT,,,MATCHED_WITH_MINOR_CONFLICT,MEDIUM,Abbreviation / formatting variation only.; Slight spatial shift but identity remains strong.,5,OBS-001421;OBS-001422;OBS-001423;OBS-001424;OBS-001425,0.904,0.761,0.747,0.747,0.94,0.823,"{""owner"":""Pramaan Institute of Civic Studies"",""land_use"":""INSTITUTIONAL"",""geometry_id"":""GEO-04-040-G1"",""area_sqm"":663.59}","{""owner"":""Pramaan Institute of Civic Studies"",""land_use"":""INSTITUTIONAL"",""geometry_id"":""GEO-04-040-G1"",""state"":""AUTHORITATIVE""}",False,,2026-09-15 10:30:00,TC02_SLIGHT_GEOMETRY_SHIFT
IN-DL-110054-4-41,ACTIVE,CURRENT,,,AUTO_MATCHED,LOW,No material disagreement,4,OBS-001426;OBS-001427;OBS-001428;OBS-001429,0.861,0.72,0.692,0.692,0.94,0.782,"{""owner"":""Municipal Corporation of Delhi"",""land_use"":""TRANSPORT_ACCESS"",""geometry_id"":""GEO-04-041-G1"",""area_sqm"":734.11}","{""owner"":""Municipal Corporation of Delhi"",""land_use"":""TRANSPORT_ACCESS"",""geometry_id"":""GEO-04-041-G1"",""state"":""AUTHORITATIVE""}",False,,2026-09-15 10:30:00,
IN-DL-110054-4-42,ACTIVE,CURRENT,,,AUTO_MATCHED,LOW,No material disagreement,5,OBS-001430;OBS-001431;OBS-001432;OBS-001433;OBS-001434,0.905,0.745,0.734,0.734,0.94,0.815,"{""owner"":""Municipal Corporation of Delhi"",""land_use"":""PUBLIC_OPEN_SPACE"",""geometry_id"":""GEO-04-042-G1"",""area_sqm"":755.4}","{""owner"":""Municipal Corporation of Delhi"",""land_use"":""PUBLIC_OPEN_SPACE"",""geometry_id"":""GEO-04-042-G1"",""state"":""AUTHORITATIVE""}",False,,2026-09-15 10:30:00,
IN-DL-110054-4-43,ACTIVE,CURRENT,,,MATCHED_WITH_MINOR_CONFLICT,MEDIUM,Slight spatial shift but identity remains strong.,5,OBS-001435;OBS-001436;OBS-001437;OBS-001438;OBS-001439,0.868,0.742,0.673,0.673,0.94,0.783,"{""owner"":""Delhi Jal Board"",""land_use"":""UTILITY"",""geometry_id"":""GEO-04-043-G1"",""area_sqm"":650.58}","{""owner"":""Delhi Jal Board"",""land_use"":""UTILITY"",""geometry_id"":""GEO-04-043-G1"",""state"":""AUTHORITATIVE""}",False,,2026-09-15 10:30:00,TC02_SLIGHT_GEOMETRY_SHIFT
IN-DL-110054-4-44,ACTIVE,CURRENT,,,AUTO_MATCHED,LOW,No material disagreement,4,OBS-001440;OBS-001441;OBS-001442;OBS-001443,0.897,0.752,0.789,0.789,0.94,0.831,"{""owner"":""Government of NCT of Delhi"",""land_use"":""GOVERNMENT"",""geometry_id"":""GEO-04-044-G1"",""area_sqm"":656.3}","{""owner"":""Government of NCT of Delhi"",""land_use"":""GOVERNMENT"",""geometry_id"":""GEO-04-044-G1"",""state"":""AUTHORITATIVE""}",False,,2026-09-15 10:30:00,
IN-DL-110054-4-45,ACTIVE,CURRENT,,,HUMAN_REVIEW_REQUIRED,CRITICAL,High-accuracy survey materially contradicts old cadastral geometry.; Sources represent different years.,5,OBS-001444;OBS-001445;OBS-001446;OBS-001447;OBS-001448,0.746,0.756,0.685,0.7,0.94,0.756,"{""owner"":""Directorate of Education, GNCTD"",""land_use"":""INSTITUTIONAL"",""geometry_id"":""GEO-04-045-G2"",""area_sqm"":759.57}","{""owner"":""Directorate of Education, GNCTD"",""land_use"":""INSTITUTIONAL"",""geometry_id"":""GEO-04-045-G2"",""state"":""UNCHANGED_PENDING""}",True,CNF-00497,2026-09-15 10:30:00,TC15_GNSS_CONTRADICTS_OLD_CADASTRE
IN-DL-110054-4-46,ACTIVE,CURRENT,,,AUTO_MATCHED,LOW,No material disagreement,3,OBS-001449;OBS-001450;OBS-001451,0.883,0.731,0.749,0.749,0.94,0.81,"{""owner"":""GNCTD Staff Housing Estate"",""land_use"":""RESIDENTIAL"",""geometry_id"":""GEO-04-046-G1"",""area_sqm"":996.25}","{""owner"":""GNCTD Staff Housing Estate"",""land_use"":""RESIDENTIAL"",""geometry_id"":""GEO-04-046-G1"",""state"":""AUTHORITATIVE""}",False,,2026-09-15 10:30:00,
IN-DL-110054-4-47,ACTIVE,CURRENT,,,AUTO_MATCHED,LOW,No material disagreement,3,OBS-001452;OBS-001453;OBS-001454,0.883,0.73,0.75,0.75,0.94,0.81,"{""owner"":""GNCTD Staff Housing Estate"",""land_use"":""RESIDENTIAL"",""geometry_id"":""GEO-04-047-G1"",""area_sqm"":632.29}","{""owner"":""GNCTD Staff Housing Estate"",""land_use"":""RESIDENTIAL"",""geometry_id"":""GEO-04-047-G1"",""state"":""AUTHORITATIVE""}",False,,2026-09-15 10:30:00,
IN-DL-110054-4-48,ACTIVE,CURRENT,,,MATCHED_WITH_MINOR_CONFLICT,MEDIUM,Moderate area-basis disagreement.,3,OBS-001455;OBS-001456;OBS-001457,0.885,0.738,0.732,0.732,0.94,0.806,"{""owner"":""GNCTD Staff Housing Estate"",""land_use"":""RESIDENTIAL"",""geometry_id"":""GEO-04-048-G1"",""area_sqm"":689.12}","{""owner"":""GNCTD Staff Housing Estate"",""land_use"":""RESIDENTIAL"",""geometry_id"":""GEO-04-048-G1"",""state"":""AUTHORITATIVE""}",False,,2026-09-15 10:30:00,
IN-DL-110054-4-49,ACTIVE,CURRENT,,,HUMAN_REVIEW_REQUIRED,HIGH,Strong evidence exists but legal/human approval is pending.,6,OBS-001458;OBS-001459;OBS-001460;OBS-001461;OBS-001462;OBS-001463,0.709,0.797,0.613,0.627,0.94,0.732,"{""owner"":""Pramaan Institute of Civic Studies"",""land_use"":""INSTITUTIONAL"",""geometry_id"":""GEO-04-049-G2"",""area_sqm"":769.48}","{""owner"":""Pramaan Institute of Civic Studies"",""land_use"":""INSTITUTIONAL"",""geometry_id"":""GEO-04-049-G1"",""state"":""UNCHANGED_PENDING""}",True,CNF-00629,2026-09-15 10:30:00,TC25_STRONG_EVIDENCE_PENDING_APPROVAL
IN-DL-110054-4-50,ACTIVE,CURRENT,,,HUMAN_REVIEW_REQUIRED,HIGH,Abbreviation / formatting variation only.; Building footprint extends into neighboring parcel.,4,OBS-001464;OBS-001465;OBS-001466;OBS-001467,0.744,0.654,0.711,0.727,0.94,0.739,"{""owner"":""Pramaan Institute of Civic Studies"",""land_use"":""INSTITUTIONAL"",""geometry_id"":""GEO-04-050-G1"",""area_sqm"":691.94}","{""owner"":""Pramaan Institute of Civic Studies"",""land_use"":""INSTITUTIONAL"",""geometry_id"":""GEO-04-050-G1"",""state"":""UNCHANGED_PENDING""}",True,CNF-00440,2026-09-15 10:30:00,TC13_BUILDING_CROSSES_BOUNDARY
IN-DL-110054-4-51,ACTIVE,CURRENT,,,MATCHED_WITH_MINOR_CONFLICT,MEDIUM,Slight spatial shift but identity remains strong.,6,OBS-001468;OBS-001469;OBS-001470;OBS-001471;OBS-001472;OBS-001473,0.884,0.891,0.741,0.741,0.94,0.847,"{""owner"":""Government of NCT of Delhi"",""land_use"":""GOVERNMENT"",""geometry_id"":""GEO-04-051-G1"",""area_sqm"":1152.22}","{""owner"":""Government of NCT of Delhi"",""land_use"":""GOVERNMENT"",""geometry_id"":""GEO-04-051-G1"",""state"":""AUTHORITATIVE""}",False,,2026-09-15 10:30:00,TC02_SLIGHT_GEOMETRY_SHIFT
IN-DL-110054-4-52,ACTIVE,CURRENT,,,AUTO_MATCHED,LOW,No material disagreement,5,OBS-001474;OBS-001475;OBS-001476;OBS-001477;OBS-001478,0.903,0.78,0.745,0.745,0.94,0.826,"{""owner"":""Government of NCT of Delhi"",""land_use"":""GOVERNMENT"",""geometry_id"":""GEO-04-052-G1"",""area_sqm"":1185.64}","{""owner"":""Government of NCT of Delhi"",""land_use"":""GOVERNMENT"",""geometry_id"":""GEO-04-052-G1"",""state"":""AUTHORITATIVE""}",False,,2026-09-15 10:30:00,
IN-DL-110054-4-53,ACTIVE,CURRENT,,,AUTO_MATCHED,LOW,No material disagreement,4,OBS-001479;OBS-001480;OBS-001481;OBS-001482,0.898,0.75,0.789,0.789,0.94,0.832,"{""owner"":""Government of NCT of Delhi"",""land_use"":""GOVERNMENT"",""geometry_id"":""GEO-04-053-G1"",""area_sqm"":1021.12}","{""owner"":""Government of NCT of Delhi"",""land_use"":""GOVERNMENT"",""geometry_id"":""GEO-04-053-G1"",""state"":""AUTHORITATIVE""}",False,,2026-09-15 10:30:00,
IN-DL-110054-4-54,ACTIVE,CURRENT,,,HUMAN_REVIEW_REQUIRED,CRITICAL,Government/public parcel appears private in municipal data.; Local scale/rotation distortion affects boundaries.,6,OBS-001483;OBS-001484;OBS-001485;OBS-001486;OBS-001487;OBS-001488,0.736,0.769,0.354,0.624,0.94,0.681,"{""owner"":""Directorate of Education, GNCTD"",""land_use"":""INSTITUTIONAL"",""geometry_id"":""GEO-04-054-G2"",""area_sqm"":1028.45}","{""owner"":""Directorate of Education, GNCTD"",""land_use"":""INSTITUTIONAL"",""geometry_id"":""GEO-04-054-G2"",""state"":""UNCHANGED_PENDING""}",True,CNF-00300;CNF-00396,2026-09-15 10:30:00,TC03_SIGNIFICANT_LOCAL_DISTORTION;TC11_GOVERNMENT_PRIVATE_OWNERSHIP_CONFLICT
IN-DL-110054-4-55,ACTIVE,CURRENT,,,AUTO_MATCHED,LOW,No material disagreement,5,OBS-001489;OBS-001490;OBS-001491;OBS-001492;OBS-001493,0.906,0.776,0.75,0.75,0.94,0.828,"{""owner"":""Government of NCT of Delhi"",""land_use"":""GOVERNMENT"",""geometry_id"":""GEO-04-055-G1"",""area_sqm"":1192.3}","{""owner"":""Government of NCT of Delhi"",""land_use"":""GOVERNMENT"",""geometry_id"":""GEO-04-055-G1"",""state"":""AUTHORITATIVE""}",False,,2026-09-15 10:30:00,
IN-DL-110054-4-56,ACTIVE,CURRENT,,,AUTO_MATCHED,LOW,No material disagreement,5,OBS-001494;OBS-001495;OBS-001496;OBS-001497;OBS-001498,0.862,0.911,0.703,0.703,0.94,0.834,"{""owner"":""GNCTD Staff Housing Estate"",""land_use"":""RESIDENTIAL"",""geometry_id"":""GEO-04-056-G1"",""area_sqm"":1563.67}","{""owner"":""GNCTD Staff Housing Estate"",""land_use"":""RESIDENTIAL"",""geometry_id"":""GEO-04-056-G1"",""state"":""AUTHORITATIVE""}",False,,2026-09-15 10:30:00,
IN-DL-110054-4-57,ACTIVE,CURRENT,,,AUTO_MATCHED,LOW,No material disagreement,3,OBS-001499;OBS-001500;OBS-001501,0.872,0.876,0.772,0.772,0.94,0.85,"{""owner"":""GNCTD Staff Housing Estate"",""land_use"":""RESIDENTIAL"",""geometry_id"":""GEO-04-057-G1"",""area_sqm"":992.41}","{""owner"":""GNCTD Staff Housing Estate"",""land_use"":""RESIDENTIAL"",""geometry_id"":""GEO-04-057-G1"",""state"":""AUTHORITATIVE""}",False,,2026-09-15 10:30:00,
IN-DL-110054-4-58,ACTIVE,CURRENT,,,AUTO_MATCHED,LOW,No material disagreement,4,OBS-001502;OBS-001503;OBS-001504;OBS-001505,0.853,0.776,0.702,0.702,0.94,0.797,"{""owner"":""GNCTD Staff Housing Estate"",""land_use"":""RESIDENTIAL"",""geometry_id"":""GEO-04-058-G1"",""area_sqm"":1081.61}","{""owner"":""GNCTD Staff Housing Estate"",""land_use"":""RESIDENTIAL"",""geometry_id"":""GEO-04-058-G1"",""state"":""AUTHORITATIVE""}",False,,2026-09-15 10:30:00,
IN-DL-110054-4-59,ACTIVE,CURRENT,,,AUTO_MATCHED,LOW,No material disagreement,5,OBS-001506;OBS-001507;OBS-001508;OBS-001509;OBS-001510,0.904,0.78,0.748,0.748,0.94,0.828,"{""owner"":""Pramaan Institute of Civic Studies"",""land_use"":""INSTITUTIONAL"",""geometry_id"":""GEO-04-059-G1"",""area_sqm"":1207.74}","{""owner"":""Pramaan Institute of Civic Studies"",""land_use"":""INSTITUTIONAL"",""geometry_id"":""GEO-04-059-G1"",""state"":""AUTHORITATIVE""}",False,,2026-09-15 10:30:00,
IN-DL-110054-4-60,ACTIVE,CURRENT,,,MATCHED_WITH_MINOR_CONFLICT,MEDIUM,Abbreviation / formatting variation only.; Moderate area-basis disagreement.,5,OBS-001511;OBS-001512;OBS-001513;OBS-001514;OBS-001515,0.904,0.778,0.746,0.746,0.94,0.826,"{""owner"":""Pramaan Institute of Civic Studies"",""land_use"":""INSTITUTIONAL"",""geometry_id"":""GEO-04-060-G1"",""area_sqm"":1086.04}","{""owner"":""Pramaan Institute of Civic Studies"",""land_use"":""INSTITUTIONAL"",""geometry_id"":""GEO-04-060-G1"",""state"":""AUTHORITATIVE""}",False,,2026-09-15 10:30:00,
IN-DL-110054-4-61,ACTIVE,CURRENT,,,AUTO_MATCHED,LOW,No material disagreement,3,OBS-001516;OBS-001517;OBS-001518,0.884,0.739,0.73,0.73,0.94,0.806,"{""owner"":""Government of NCT of Delhi"",""land_use"":""GOVERNMENT"",""geometry_id"":""GEO-04-061-G1"",""area_sqm"":848.31}","{""owner"":""Government of NCT of Delhi"",""land_use"":""GOVERNMENT"",""geometry_id"":""GEO-04-061-G1"",""state"":""AUTHORITATIVE""}",False,,2026-09-15 10:30:00,
IN-DL-110054-4-62,ACTIVE,CURRENT,,,AUTO_MATCHED,LOW,No material disagreement,5,OBS-001519;OBS-001520;OBS-001521;OBS-001522;OBS-001523,0.906,0.775,0.75,0.75,0.94,0.828,"{""owner"":""Government of NCT of Delhi"",""land_use"":""GOVERNMENT"",""geometry_id"":""GEO-04-062-G1"",""area_sqm"":872.92}","{""owner"":""Government of NCT of Delhi"",""land_use"":""GOVERNMENT"",""geometry_id"":""GEO-04-062-G1"",""state"":""AUTHORITATIVE""}",False,,2026-09-15 10:30:00,
IN-DL-110054-4-63,ACTIVE,CURRENT,,,TENTATIVE,HIGH,Municipal owner/occupier differs from revenue owner.,5,OBS-001524;OBS-001525;OBS-001526;OBS-001527;OBS-001528,0.748,0.707,0.363,0.639,0.94,0.672,"{""owner"":""Directorate of Education, GNCTD"",""land_use"":""INSTITUTIONAL"",""geometry_id"":""GEO-04-063-G1"",""area_sqm"":751.79}","{""owner"":""Directorate of Education, GNCTD"",""land_use"":""INSTITUTIONAL"",""geometry_id"":""GEO-04-063-G1"",""state"":""UNCHANGED_PENDING""}",True,CNF-00378,2026-09-15 10:30:00,TC10_OWNERSHIP_CONFLICT
IN-DL-110054-4-64,ACTIVE,CURRENT,,,AUTO_MATCHED,LOW,No material disagreement,6,OBS-001529;OBS-001530;OBS-001531;OBS-001532;OBS-001533;OBS-001534,0.887,0.764,0.715,0.715,0.94,0.808,"{""owner"":""Government of NCT of Delhi"",""land_use"":""GOVERNMENT"",""geometry_id"":""GEO-04-064-G1"",""area_sqm"":758.4}","{""owner"":""Government of NCT of Delhi"",""land_use"":""GOVERNMENT"",""geometry_id"":""GEO-04-064-G1"",""state"":""AUTHORITATIVE""}",False,,2026-09-15 10:30:00,
IN-DL-110054-4-65,ACTIVE,CURRENT,,,AUTO_MATCHED,LOW,No material disagreement,4,OBS-001535;OBS-001536;OBS-001537;OBS-001538,0.896,0.753,0.789,0.789,0.94,0.832,"{""owner"":""Government of NCT of Delhi"",""land_use"":""GOVERNMENT"",""geometry_id"":""GEO-04-065-G1"",""area_sqm"":877.82}","{""owner"":""Government of NCT of Delhi"",""land_use"":""GOVERNMENT"",""geometry_id"":""GEO-04-065-G1"",""state"":""AUTHORITATIVE""}",False,,2026-09-15 10:30:00,
IN-DL-110054-4-66,ACTIVE,CURRENT,,,MATCHED_WITH_MINOR_CONFLICT,MEDIUM,Slight spatial shift but identity remains strong.,4,OBS-001539;OBS-001540;OBS-001541;OBS-001542,0.855,0.756,0.703,0.703,0.94,0.793,"{""owner"":""GNCTD Staff Housing Estate"",""land_use"":""RESIDENTIAL"",""geometry_id"":""GEO-04-066-G1"",""area_sqm"":1151.23}","{""owner"":""GNCTD Staff Housing Estate"",""land_use"":""RESIDENTIAL"",""geometry_id"":""GEO-04-066-G1"",""state"":""AUTHORITATIVE""}",False,,2026-09-15 10:30:00,TC02_SLIGHT_GEOMETRY_SHIFT
IN-DL-110054-4-67,ACTIVE,CURRENT,,,AUTO_MATCHED,LOW,No material disagreement,4,OBS-001543;OBS-001544;OBS-001545;OBS-001546,0.855,0.773,0.705,0.705,0.94,0.798,"{""owner"":""GNCTD Staff Housing Estate"",""land_use"":""RESIDENTIAL"",""geometry_id"":""GEO-04-067-G1"",""area_sqm"":730.65}","{""owner"":""GNCTD Staff Housing Estate"",""land_use"":""RESIDENTIAL"",""geometry_id"":""GEO-04-067-G1"",""state"":""AUTHORITATIVE""}",False,,2026-09-15 10:30:00,
IN-DL-110054-4-68,ACTIVE,CURRENT,,,AUTO_MATCHED,LOW,No material disagreement,4,OBS-001547;OBS-001548;OBS-001549;OBS-001550,0.853,0.883,0.742,0.742,0.94,0.836,"{""owner"":""GNCTD Staff Housing Estate"",""land_use"":""RESIDENTIAL"",""geometry_id"":""GEO-04-068-G1"",""area_sqm"":796.32}","{""owner"":""GNCTD Staff Housing Estate"",""land_use"":""RESIDENTIAL"",""geometry_id"":""GEO-04-068-G1"",""state"":""AUTHORITATIVE""}",False,,2026-09-15 10:30:00,
IN-DL-110054-4-69,ACTIVE,CURRENT,,,AUTO_MATCHED,LOW,No material disagreement,3,OBS-001551;OBS-001552;OBS-001553,0.884,0.729,0.751,0.751,0.94,0.81,"{""owner"":""Pramaan Institute of Civic Studies"",""land_use"":""INSTITUTIONAL"",""geometry_id"":""GEO-04-069-G1"",""area_sqm"":889.19}","{""owner"":""Pramaan Institute of Civic Studies"",""land_use"":""INSTITUTIONAL"",""geometry_id"":""GEO-04-069-G1"",""state"":""AUTHORITATIVE""}",False,,2026-09-15 10:30:00,
IN-DL-110054-4-70,ACTIVE,CURRENT,,,HUMAN_REVIEW_REQUIRED,CRITICAL,Abbreviation / formatting variation only.; High-accuracy survey materially contradicts old cadastral geometry.,6,OBS-001554;OBS-001555;OBS-001556;OBS-001557;OBS-001558;OBS-001559,0.732,0.779,0.666,0.68,0.94,0.751,"{""owner"":""Pramaan Institute of Civic Studies"",""land_use"":""INSTITUTIONAL"",""geometry_id"":""GEO-04-070-G2"",""area_sqm"":799.51}","{""owner"":""Pramaan Institute of Civic Studies"",""land_use"":""INSTITUTIONAL"",""geometry_id"":""GEO-04-070-G2"",""state"":""UNCHANGED_PENDING""}",True,CNF-00482,2026-09-15 10:30:00,TC15_GNSS_CONTRADICTS_OLD_CADASTRE
IN-DL-110054-4-71,ACTIVE,CURRENT,,,AUTO_MATCHED,LOW,No material disagreement,5,OBS-001560;OBS-001561;OBS-001562;OBS-001563;OBS-001564,0.905,0.743,0.734,0.734,0.94,0.814,"{""owner"":""Municipal Corporation of Delhi"",""land_use"":""PUBLIC_OPEN_SPACE"",""geometry_id"":""GEO-04-071-G1"",""area_sqm"":765.13}","{""owner"":""Municipal Corporation of Delhi"",""land_use"":""PUBLIC_OPEN_SPACE"",""geometry_id"":""GEO-04-071-G1"",""state"":""AUTHORITATIVE""}",False,,2026-09-15 10:30:00,
IN-DL-110054-4-72,ACTIVE,CURRENT,,,MATCHED_WITH_MINOR_CONFLICT,MEDIUM,Moderate area-basis disagreement.,5,OBS-001565;OBS-001566;OBS-001567;OBS-001568;OBS-001569,0.898,0.894,0.76,0.76,0.94,0.858,"{""owner"":""Municipal Corporation of Delhi"",""land_use"":""PUBLIC_OPEN_SPACE"",""geometry_id"":""GEO-04-072-G1"",""area_sqm"":787.32}","{""owner"":""Municipal Corporation of Delhi"",""land_use"":""PUBLIC_OPEN_SPACE"",""geometry_id"":""GEO-04-072-G1"",""state"":""AUTHORITATIVE""}",False,,2026-09-15 10:30:00,
IN-DL-110054-4-73,ACTIVE,CURRENT,,,AUTO_MATCHED,LOW,No material disagreement,4,OBS-001570;OBS-001571;OBS-001572;OBS-001573,0.898,0.759,0.774,0.774,0.94,0.829,"{""owner"":""Municipal Corporation of Delhi"",""land_use"":""PUBLIC_OPEN_SPACE"",""geometry_id"":""GEO-04-073-G1"",""area_sqm"":678.07}","{""owner"":""Municipal Corporation of Delhi"",""land_use"":""PUBLIC_OPEN_SPACE"",""geometry_id"":""GEO-04-073-G1"",""state"":""AUTHORITATIVE""}",False,,2026-09-15 10:30:00,
IN-DL-110054-4-74,ACTIVE,CURRENT,,,AUTO_MATCHED,LOW,No material disagreement,3,OBS-001574;OBS-001575;OBS-001576,0.94,0.711,0.844,0.844,0.94,0.852,"{""owner"":""Municipal Corporation of Delhi"",""land_use"":""PUBLIC_OPEN_SPACE"",""geometry_id"":""GEO-04-074-G1"",""area_sqm"":684.03}","{""owner"":""Municipal Corporation of Delhi"",""land_use"":""PUBLIC_OPEN_SPACE"",""geometry_id"":""GEO-04-074-G1"",""state"":""AUTHORITATIVE""}",False,,2026-09-15 10:30:00,
IN-DL-110054-4-75,ACTIVE,CURRENT,,,HUMAN_REVIEW_REQUIRED,CRITICAL,Recent imagery suggests occupation into public land.; Sources represent different years.,4,OBS-001577;OBS-001578;OBS-001579;OBS-001580,0.747,0.662,0.7,0.715,0.94,0.738,"{""owner"":""Municipal Corporation of Delhi"",""land_use"":""PUBLIC_OPEN_SPACE"",""geometry_id"":""GEO-04-075-G1"",""area_sqm"":791.74}","{""owner"":""Municipal Corporation of Delhi"",""land_use"":""PUBLIC_OPEN_SPACE"",""geometry_id"":""GEO-04-075-G1"",""state"":""UNCHANGED_PENDING""}",True,CNF-00561,2026-09-15 10:30:00,TC19_ENCROACHMENT_INTO_PUBLIC_LAND
IN-DL-110054-4-76,ACTIVE,CURRENT,,,AUTO_MATCHED,LOW,No material disagreement,5,OBS-001581;OBS-001582;OBS-001583;OBS-001584;OBS-001585,0.87,0.898,0.711,0.711,0.94,0.835,"{""owner"":""GNCTD Staff Housing Estate"",""land_use"":""RESIDENTIAL"",""geometry_id"":""GEO-04-076-G1"",""area_sqm"":1038.35}","{""owner"":""GNCTD Staff Housing Estate"",""land_use"":""RESIDENTIAL"",""geometry_id"":""GEO-04-076-G1"",""state"":""AUTHORITATIVE""}",False,,2026-09-15 10:30:00,
IN-DL-110054-4-77,ACTIVE,CURRENT,,,AUTO_MATCHED,LOW,No material disagreement,4,OBS-001586;OBS-001587;OBS-001588;OBS-001589,0.846,0.895,0.735,0.735,0.94,0.835,"{""owner"":""GNCTD Staff Housing Estate"",""land_use"":""RESIDENTIAL"",""geometry_id"":""GEO-04-077-G1"",""area_sqm"":659.01}","{""owner"":""GNCTD Staff Housing Estate"",""land_use"":""RESIDENTIAL"",""geometry_id"":""GEO-04-077-G1"",""state"":""AUTHORITATIVE""}",False,,2026-09-15 10:30:00,
IN-DL-110054-4-78,ACTIVE,CURRENT,,,NEEDS_ADDITIONAL_EVIDENCE,MEDIUM,Expected administrative source is absent.; Slight spatial shift but identity remains strong.,4,OBS-001590;OBS-001591;OBS-001592;OBS-001593,0.812,0.948,0.681,0.681,0.94,0.821,"{""owner"":""GNCTD Staff Housing Estate"",""land_use"":""RESIDENTIAL"",""geometry_id"":""GEO-04-078-G1"",""area_sqm"":718.24}","{""owner"":""GNCTD Staff Housing Estate"",""land_use"":""RESIDENTIAL"",""geometry_id"":""GEO-04-078-G1"",""state"":""UNCHANGED_PENDING""}",False,CNF-00501,2026-09-15 10:30:00,TC02_SLIGHT_GEOMETRY_SHIFT;TC17_MISSING_SOURCE_RECORD
IN-DL-110054-4-79,ACTIVE,CURRENT,,,AUTO_MATCHED,LOW,No material disagreement,3,OBS-001594;OBS-001595;OBS-001596,0.94,0.715,0.846,0.846,0.94,0.854,"{""owner"":""Municipal Corporation of Delhi"",""land_use"":""PUBLIC_OPEN_SPACE"",""geometry_id"":""GEO-04-079-G1"",""area_sqm"":802.0}","{""owner"":""Municipal Corporation of Delhi"",""land_use"":""PUBLIC_OPEN_SPACE"",""geometry_id"":""GEO-04-079-G1"",""state"":""AUTHORITATIVE""}",False,,2026-09-15 10:30:00,
IN-DL-110054-4-80,ACTIVE,CURRENT,,,AUTO_MATCHED,LOW,No material disagreement,5,OBS-001597;OBS-001598;OBS-001599;OBS-001600;OBS-001601,0.899,0.892,0.76,0.76,0.94,0.858,"{""owner"":""Municipal Corporation of Delhi"",""land_use"":""PUBLIC_OPEN_SPACE"",""geometry_id"":""GEO-04-080-G1"",""area_sqm"":721.18}","{""owner"":""Municipal Corporation of Delhi"",""land_use"":""PUBLIC_OPEN_SPACE"",""geometry_id"":""GEO-04-080-G1"",""state"":""AUTHORITATIVE""}",False,,2026-09-15 10:30:00,
IN-DL-110054-4-81,ACTIVE,CURRENT,,,HUMAN_REVIEW_REQUIRED,CRITICAL,Government/public parcel appears private in municipal data.,3,OBS-001602;OBS-001603;OBS-001604,0.739,0.593,0.306,0.539,0.94,0.618,"{""owner"":""Municipal Corporation of Delhi"",""land_use"":""TRANSPORT_ACCESS"",""geometry_id"":""GEO-04-081-G1"",""area_sqm"":700.42}","{""owner"":""Municipal Corporation of Delhi"",""land_use"":""TRANSPORT_ACCESS"",""geometry_id"":""GEO-04-081-G1"",""state"":""UNCHANGED_PENDING""}",True,CNF-00398,2026-09-15 10:30:00,TC11_GOVERNMENT_PRIVATE_OWNERSHIP_CONFLICT
IN-DL-110054-4-82,ACTIVE,CURRENT,,,AUTO_MATCHED,LOW,No material disagreement,4,OBS-001605;OBS-001606;OBS-001607;OBS-001608,0.86,0.721,0.691,0.691,0.94,0.782,"{""owner"":""Municipal Corporation of Delhi"",""land_use"":""TRANSPORT_ACCESS"",""geometry_id"":""GEO-04-082-G1"",""area_sqm"":720.73}","{""owner"":""Municipal Corporation of Delhi"",""land_use"":""TRANSPORT_ACCESS"",""geometry_id"":""GEO-04-082-G1"",""state"":""AUTHORITATIVE""}",False,,2026-09-15 10:30:00,
IN-DL-110054-4-83,ACTIVE,CURRENT,,,HUMAN_REVIEW_REQUIRED,CRITICAL,High-accuracy survey materially contradicts old cadastral geometry.,5,OBS-001609;OBS-001610;OBS-001611;OBS-001612;OBS-001613,0.723,0.72,0.639,0.654,0.94,0.726,"{""owner"":""BSES Yamuna Power Limited"",""land_use"":""UTILITY"",""geometry_id"":""GEO-04-083-G2"",""area_sqm"":620.66}","{""owner"":""BSES Yamuna Power Limited"",""land_use"":""UTILITY"",""geometry_id"":""GEO-04-083-G2"",""state"":""UNCHANGED_PENDING""}",True,CNF-00499,2026-09-15 10:30:00,TC15_GNSS_CONTRADICTS_OLD_CADASTRE
IN-DL-110054-4-84,ACTIVE,CURRENT,,,MATCHED_WITH_MINOR_CONFLICT,MEDIUM,Moderate area-basis disagreement.,5,OBS-001614;OBS-001615;OBS-001616;OBS-001617;OBS-001618,0.867,0.758,0.672,0.672,0.94,0.787,"{""owner"":""BSES Yamuna Power Limited"",""land_use"":""UTILITY"",""geometry_id"":""GEO-04-084-G1"",""area_sqm"":626.18}","{""owner"":""BSES Yamuna Power Limited"",""land_use"":""UTILITY"",""geometry_id"":""GEO-04-084-G1"",""state"":""AUTHORITATIVE""}",False,,2026-09-15 10:30:00,
IN-DL-110054-4-85,ACTIVE,CURRENT,,,MATCHED_WITH_MINOR_CONFLICT,MEDIUM,Slight spatial shift but identity remains strong.,5,OBS-001619;OBS-001620;OBS-001621;OBS-001622;OBS-001623,0.868,0.742,0.673,0.673,0.94,0.783,"{""owner"":""Delhi Jal Board"",""land_use"":""UTILITY"",""geometry_id"":""GEO-04-085-G1"",""area_sqm"":724.78}","{""owner"":""Delhi Jal Board"",""land_use"":""UTILITY"",""geometry_id"":""GEO-04-085-G1"",""state"":""AUTHORITATIVE""}",False,,2026-09-15 10:30:00,TC02_SLIGHT_GEOMETRY_SHIFT
IN-DL-110054-4-86,ACTIVE,CURRENT,,,AUTO_MATCHED,LOW,No material disagreement,5,OBS-001624;OBS-001625;OBS-001626;OBS-001627;OBS-001628,0.903,0.781,0.746,0.746,0.94,0.827,"{""owner"":""Municipal Corporation of Delhi"",""land_use"":""GOVERNMENT"",""geometry_id"":""GEO-04-086-G1"",""area_sqm"":950.53}","{""owner"":""Municipal Corporation of Delhi"",""land_use"":""GOVERNMENT"",""geometry_id"":""GEO-04-086-G1"",""state"":""AUTHORITATIVE""}",False,,2026-09-15 10:30:00,
IN-DL-110054-4-87,ACTIVE,CURRENT,,,AUTO_MATCHED,LOW,No material disagreement,4,OBS-001629;OBS-001630;OBS-001631;OBS-001632,0.858,0.724,0.688,0.688,0.94,0.781,"{""owner"":""Municipal Corporation of Delhi"",""land_use"":""TRANSPORT_ACCESS"",""geometry_id"":""GEO-04-087-G1"",""area_sqm"":603.27}","{""owner"":""Municipal Corporation of Delhi"",""land_use"":""TRANSPORT_ACCESS"",""geometry_id"":""GEO-04-087-G1"",""state"":""AUTHORITATIVE""}",False,,2026-09-15 10:30:00,
IN-DL-110054-4-88,ACTIVE,CURRENT,,,AUTO_MATCHED,LOW,No material disagreement,4,OBS-001633;OBS-001634;OBS-001635;OBS-001636,0.859,0.722,0.689,0.689,0.94,0.781,"{""owner"":""Municipal Corporation of Delhi"",""land_use"":""TRANSPORT_ACCESS"",""geometry_id"":""GEO-04-088-G1"",""area_sqm"":657.49}","{""owner"":""Municipal Corporation of Delhi"",""land_use"":""TRANSPORT_ACCESS"",""geometry_id"":""GEO-04-088-G1"",""state"":""AUTHORITATIVE""}",False,,2026-09-15 10:30:00,
IN-DL-110054-4-89,ACTIVE,CURRENT,,,MATCHED_WITH_MINOR_CONFLICT,MEDIUM,Slight spatial shift but identity remains strong.,3,OBS-001637;OBS-001638;OBS-001639,0.883,0.705,0.75,0.75,0.94,0.803,"{""owner"":""Ishaan Sharma"",""land_use"":""COMMERCIAL"",""geometry_id"":""GEO-04-089-G1"",""area_sqm"":734.17}","{""owner"":""Ishaan Sharma"",""land_use"":""COMMERCIAL"",""geometry_id"":""GEO-04-089-G1"",""state"":""AUTHORITATIVE""}",False,,2026-09-15 10:30:00,TC02_SLIGHT_GEOMETRY_SHIFT
IN-DL-110054-4-90,ACTIVE,CURRENT,,,RECONCILED,HIGH,Abbreviation / formatting variation only.; Road widening changed parcel edge.,5,OBS-001640;OBS-001641;OBS-001642;OBS-001643;OBS-001644,0.87,0.865,0.711,0.711,0.94,0.827,"{""owner"":""Sneha Saxena"",""land_use"":""COMMERCIAL"",""geometry_id"":""GEO-04-090-G2"",""area_sqm"":620.57}","{""owner"":""Sneha Saxena"",""land_use"":""COMMERCIAL"",""geometry_id"":""GEO-04-090-G2"",""state"":""AUTHORITATIVE""}",False,,2026-09-15 10:30:00,TC21_ROAD_WIDENING_BOUNDARY_CORRECTION
IN-DL-110054-4-91,ACTIVE,CURRENT,IN-DL-110054-4-101,,HUMAN_REVIEW_REQUIRED,CRITICAL,Duplicate source row can create duplicate legal identity.; High-accuracy survey materially contradicts old cadastral geometry.,6,OBS-001645;OBS-001646;OBS-001647;OBS-001648;OBS-001649;OBS-001650,0.687,0.705,0.636,0.65,0.58,0.663,"{""owner"":""Municipal Corporation of Delhi"",""land_use"":""TRANSPORT_ACCESS"",""geometry_id"":""GEO-04-091-G2"",""area_sqm"":748.9}","{""owner"":""Municipal Corporation of Delhi"",""land_use"":""TRANSPORT_ACCESS"",""geometry_id"":""GEO-04-091-G2"",""state"":""UNCHANGED_PENDING""}",True,CNF-00322;CNF-00490;CNF-00692,2026-09-15 10:30:00,TC04_DUPLICATE_SOURCE_PARCEL;TC07_PARCEL_SPLIT;TC15_GNSS_CONTRADICTS_OLD_CADASTRE
IN-DL-110054-4-92,ACTIVE,CURRENT,IN-DL-110054-4-101,,TENTATIVE,HIGH,Lineage has not propagated consistently.,3,OBS-001651;OBS-001652;OBS-001653,0.734,0.593,0.65,0.665,0.58,0.654,"{""owner"":""Municipal Corporation of Delhi"",""land_use"":""TRANSPORT_ACCESS"",""geometry_id"":""GEO-04-092-G1"",""area_sqm"":770.7}","{""owner"":""Municipal Corporation of Delhi"",""land_use"":""TRANSPORT_ACCESS"",""geometry_id"":""GEO-04-092-G1"",""state"":""UNCHANGED_PENDING""}",True,CNF-00695,2026-09-15 10:30:00,TC07_PARCEL_SPLIT
IN-DL-110054-4-93,ACTIVE,CURRENT,IN-DL-110054-4-102;IN-DL-110054-4-103,,TENTATIVE,HIGH,Lineage has not propagated consistently.,5,OBS-001654;OBS-001655;OBS-001656;OBS-001657;OBS-001658,0.722,0.68,0.608,0.621,0.58,0.658,"{""owner"":""BSES Yamuna Power Limited"",""land_use"":""UTILITY"",""geometry_id"":""GEO-04-093-G1"",""area_sqm"":663.76}","{""owner"":""BSES Yamuna Power Limited"",""land_use"":""UTILITY"",""geometry_id"":""GEO-04-093-G1"",""state"":""UNCHANGED_PENDING""}",True,CNF-00703,2026-09-15 10:30:00,TC06_SEVERAL_HISTORICAL_TO_ONE_CURRENT
IN-DL-110054-4-94,ACTIVE,CURRENT,IN-DL-110054-4-104;IN-DL-110054-4-105,,TENTATIVE,HIGH,Lineage has not propagated consistently.,5,OBS-001659;OBS-001660;OBS-001661;OBS-001662;OBS-001663,0.723,0.678,0.609,0.623,0.58,0.658,"{""owner"":""BSES Yamuna Power Limited"",""land_use"":""UTILITY"",""geometry_id"":""GEO-04-094-G1"",""area_sqm"":669.59}","{""owner"":""BSES Yamuna Power Limited"",""land_use"":""UTILITY"",""geometry_id"":""GEO-04-094-G1"",""state"":""UNCHANGED_PENDING""}",True,CNF-00702,2026-09-15 10:30:00,TC06_SEVERAL_HISTORICAL_TO_ONE_CURRENT
IN-DL-110054-4-95,ACTIVE,CURRENT,,,AUTO_MATCHED,LOW,No material disagreement,5,OBS-001664;OBS-001665;OBS-001666;OBS-001667;OBS-001668,0.871,0.752,0.678,0.678,0.94,0.788,"{""owner"":""Delhi Jal Board"",""land_use"":""UTILITY"",""geometry_id"":""GEO-04-095-G1"",""area_sqm"":775.03}","{""owner"":""Delhi Jal Board"",""land_use"":""UTILITY"",""geometry_id"":""GEO-04-095-G1"",""state"":""AUTHORITATIVE""}",False,,2026-09-15 10:30:00,
IN-DL-110054-4-96,ACTIVE,CURRENT,,,MATCHED_WITH_MINOR_CONFLICT,MEDIUM,Moderate area-basis disagreement.,3,OBS-001669;OBS-001670;OBS-001671,0.94,0.708,0.842,0.842,0.94,0.851,"{""owner"":""Municipal Corporation of Delhi"",""land_use"":""GOVERNMENT"",""geometry_id"":""GEO-04-096-G1"",""area_sqm"":1016.43}","{""owner"":""Municipal Corporation of Delhi"",""land_use"":""GOVERNMENT"",""geometry_id"":""GEO-04-096-G1"",""state"":""AUTHORITATIVE""}",False,,2026-09-15 10:30:00,
IN-DL-110054-4-97,ACTIVE,CURRENT,,,AUTO_MATCHED,LOW,No material disagreement,3,OBS-001672;OBS-001673;OBS-001674,0.891,0.659,0.734,0.734,0.94,0.789,"{""owner"":""Municipal Corporation of Delhi"",""land_use"":""TRANSPORT_ACCESS"",""geometry_id"":""GEO-04-097-G1"",""area_sqm"":645.1}","{""owner"":""Municipal Corporation of Delhi"",""land_use"":""TRANSPORT_ACCESS"",""geometry_id"":""GEO-04-097-G1"",""state"":""AUTHORITATIVE""}",False,,2026-09-15 10:30:00,
IN-DL-110054-4-98,ACTIVE,CURRENT,,,AUTO_MATCHED,LOW,No material disagreement,3,OBS-001675;OBS-001676;OBS-001677,0.883,0.659,0.72,0.72,0.94,0.782,"{""owner"":""Municipal Corporation of Delhi"",""land_use"":""TRANSPORT_ACCESS"",""geometry_id"":""GEO-04-098-G1"",""area_sqm"":703.08}","{""owner"":""Municipal Corporation of Delhi"",""land_use"":""TRANSPORT_ACCESS"",""geometry_id"":""GEO-04-098-G1"",""state"":""AUTHORITATIVE""}",False,,2026-09-15 10:30:00,
IN-DL-110054-4-99,ACTIVE,CURRENT,,,AUTO_MATCHED,LOW,No material disagreement,4,OBS-001678;OBS-001679;OBS-001680;OBS-001681,0.851,0.779,0.699,0.699,0.94,0.796,"{""owner"":""Deepak Gupta"",""land_use"":""COMMERCIAL"",""geometry_id"":""GEO-04-099-G1"",""area_sqm"":785.07}","{""owner"":""Deepak Gupta"",""land_use"":""COMMERCIAL"",""geometry_id"":""GEO-04-099-G1"",""state"":""AUTHORITATIVE""}",False,,2026-09-15 10:30:00,
IN-DL-110054-4-100,ACTIVE,CURRENT,,,MATCHED_WITH_MINOR_CONFLICT,MEDIUM,Abbreviation / formatting variation only.; Multiple municipal units occupy one legal parcel.,4,OBS-001682;OBS-001683;OBS-001684;OBS-001685,0.895,0.7,0.748,0.748,0.94,0.805,"{""owner"":""Aarav Tiwari"",""land_use"":""COMMERCIAL"",""geometry_id"":""GEO-04-100-G1"",""area_sqm"":705.96}","{""owner"":""Aarav Tiwari"",""land_use"":""COMMERCIAL"",""geometry_id"":""GEO-04-100-G1"",""state"":""AUTHORITATIVE""}",False,,2026-09-15 10:30:00,TC05_ONE_CADASTRAL_TO_SEVERAL_MUNICIPAL
IN-DL-110054-5-1,ACTIVE,CURRENT,,,AUTO_MATCHED,LOW,No material disagreement,6,OBS-001686;OBS-001687;OBS-001688;OBS-001689;OBS-001690;OBS-001691,0.887,0.764,0.716,0.716,0.94,0.808,"{""owner"":""Neelkanth Cooperative Group Housing Society"",""land_use"":""RESIDENTIAL"",""geometry_id"":""GEO-05-001-G1"",""area_sqm"":888.47}","{""owner"":""Neelkanth Cooperative Group Housing Society"",""land_use"":""RESIDENTIAL"",""geometry_id"":""GEO-05-001-G1"",""state"":""AUTHORITATIVE""}",False,,2026-09-15 10:30:00,
IN-DL-110054-5-2,ACTIVE,CURRENT,,,AUTO_MATCHED,LOW,No material disagreement,6,OBS-001692;OBS-001693;OBS-001694;OBS-001695;OBS-001696;OBS-001697,0.888,0.763,0.717,0.717,0.94,0.809,"{""owner"":""Neelkanth Cooperative Group Housing Society"",""land_use"":""RESIDENTIAL"",""geometry_id"":""GEO-05-002-G1"",""area_sqm"":765.19}","{""owner"":""Neelkanth Cooperative Group Housing Society"",""land_use"":""RESIDENTIAL"",""geometry_id"":""GEO-05-002-G1"",""state"":""AUTHORITATIVE""}",False,,2026-09-15 10:30:00,
IN-DL-110054-5-3,ACTIVE,CURRENT,,,AUTO_MATCHED,LOW,No material disagreement,5,OBS-001698;OBS-001699;OBS-001700;OBS-001701;OBS-001702,0.904,0.78,0.748,0.748,0.94,0.828,"{""owner"":""Neelkanth Cooperative Group Housing Society"",""land_use"":""RESIDENTIAL"",""geometry_id"":""GEO-05-003-G1"",""area_sqm"":771.92}","{""owner"":""Neelkanth Cooperative Group Housing Society"",""land_use"":""RESIDENTIAL"",""geometry_id"":""GEO-05-003-G1"",""state"":""AUTHORITATIVE""}",False,,2026-09-15 10:30:00,
IN-DL-110054-5-4,ACTIVE,CURRENT,,,AUTO_MATCHED,LOW,No material disagreement,5,OBS-001703;OBS-001704;OBS-001705;OBS-001706;OBS-001707,0.904,0.778,0.746,0.746,0.94,0.826,"{""owner"":""Neelkanth Cooperative Group Housing Society"",""land_use"":""RESIDENTIAL"",""geometry_id"":""GEO-05-004-G1"",""area_sqm"":893.47}","{""owner"":""Neelkanth Cooperative Group Housing Society"",""land_use"":""RESIDENTIAL"",""geometry_id"":""GEO-05-004-G1"",""state"":""AUTHORITATIVE""}",False,,2026-09-15 10:30:00,
IN-DL-110054-5-5,ACTIVE,CURRENT,,,AUTO_MATCHED,LOW,No material disagreement,4,OBS-001708;OBS-001709;OBS-001710;OBS-001711,0.898,0.749,0.79,0.79,0.94,0.831,"{""owner"":""Neelkanth Cooperative Group Housing Society"",""land_use"":""RESIDENTIAL"",""geometry_id"":""GEO-05-005-G1"",""area_sqm"":855.42}","{""owner"":""Neelkanth Cooperative Group Housing Society"",""land_use"":""RESIDENTIAL"",""geometry_id"":""GEO-05-005-G1"",""state"":""AUTHORITATIVE""}",False,,2026-09-15 10:30:00,
IN-DL-110054-5-6,ACTIVE,CURRENT,,,HUMAN_REVIEW_REQUIRED,HIGH,Local scale/rotation distortion affects boundaries.,5,OBS-001712;OBS-001713;OBS-001714;OBS-001715;OBS-001716,0.752,0.65,0.675,0.69,0.94,0.728,"{""owner"":""Neelkanth Cooperative Group Housing Society"",""land_use"":""RESIDENTIAL"",""geometry_id"":""GEO-05-006-G2"",""area_sqm"":1053.73}","{""owner"":""Neelkanth Cooperative Group Housing Society"",""land_use"":""RESIDENTIAL"",""geometry_id"":""GEO-05-006-G2"",""state"":""UNCHANGED_PENDING""}",True,CNF-00294,2026-09-15 10:30:00,TC03_SIGNIFICANT_LOCAL_DISTORTION
IN-DL-110054-5-7,ACTIVE,CURRENT,,,AUTO_MATCHED,LOW,No material disagreement,3,OBS-001717;OBS-001718;OBS-001719,0.878,0.749,0.72,0.72,0.94,0.803,"{""owner"":""Neelkanth Cooperative Group Housing Society"",""land_use"":""RESIDENTIAL"",""geometry_id"":""GEO-05-007-G1"",""area_sqm"":810.52}","{""owner"":""Neelkanth Cooperative Group Housing Society"",""land_use"":""RESIDENTIAL"",""geometry_id"":""GEO-05-007-G1"",""state"":""AUTHORITATIVE""}",False,,2026-09-15 10:30:00,
IN-DL-110054-5-8,ACTIVE,CURRENT,,,AUTO_MATCHED,LOW,No material disagreement,5,OBS-001720;OBS-001721;OBS-001722;OBS-001723;OBS-001724,0.901,0.783,0.743,0.743,0.94,0.826,"{""owner"":""Aarohan Heights Residents Association"",""land_use"":""RESIDENTIAL"",""geometry_id"":""GEO-05-008-G1"",""area_sqm"":905.04}","{""owner"":""Aarohan Heights Residents Association"",""land_use"":""RESIDENTIAL"",""geometry_id"":""GEO-05-008-G1"",""state"":""AUTHORITATIVE""}",False,,2026-09-15 10:30:00,
IN-DL-110054-5-9,ACTIVE,CURRENT,,,AUTO_MATCHED,LOW,No material disagreement,5,OBS-001725;OBS-001726;OBS-001727;OBS-001728;OBS-001729,0.902,0.782,0.745,0.745,0.94,0.827,"{""owner"":""Aarohan Heights Residents Association"",""land_use"":""RESIDENTIAL"",""geometry_id"":""GEO-05-009-G1"",""area_sqm"":813.84}","{""owner"":""Aarohan Heights Residents Association"",""land_use"":""RESIDENTIAL"",""geometry_id"":""GEO-05-009-G1"",""state"":""AUTHORITATIVE""}",False,,2026-09-15 10:30:00,
IN-DL-110054-5-10,ACTIVE,CURRENT,,,MATCHED_WITH_MINOR_CONFLICT,LOW,Abbreviation / formatting variation only.,4,OBS-001730;OBS-001731;OBS-001732;OBS-001733,0.898,0.759,0.775,0.775,0.94,0.83,"{""owner"":""Aarohan Heights Residents Association"",""land_use"":""RESIDENTIAL"",""geometry_id"":""GEO-05-010-G1"",""area_sqm"":742.82}","{""owner"":""Aarohan Heights Residents Association"",""land_use"":""RESIDENTIAL"",""geometry_id"":""GEO-05-010-G1"",""state"":""AUTHORITATIVE""}",False,,2026-09-15 10:30:00,
IN-DL-110054-5-11,ACTIVE,CURRENT,,,HUMAN_REVIEW_REQUIRED,HIGH,Building footprint extends into neighboring parcel.,4,OBS-001734;OBS-001735;OBS-001736;OBS-001737,0.746,0.652,0.712,0.728,0.94,0.739,"{""owner"":""Neelkanth Cooperative Group Housing Society"",""land_use"":""RESIDENTIAL"",""geometry_id"":""GEO-05-011-G1"",""area_sqm"":813.79}","{""owner"":""Neelkanth Cooperative Group Housing Society"",""land_use"":""RESIDENTIAL"",""geometry_id"":""GEO-05-011-G1"",""state"":""UNCHANGED_PENDING""}",True,CNF-00446,2026-09-15 10:30:00,TC13_BUILDING_CROSSES_BOUNDARY
IN-DL-110054-5-12,ACTIVE,CURRENT,,,MATCHED_WITH_MINOR_CONFLICT,MEDIUM,Moderate area-basis disagreement.,6,OBS-001738;OBS-001739;OBS-001740;OBS-001741;OBS-001742;OBS-001743,0.886,0.897,0.741,0.741,0.94,0.849,"{""owner"":""Neelkanth Cooperative Group Housing Society"",""land_use"":""RESIDENTIAL"",""geometry_id"":""GEO-05-012-G1"",""area_sqm"":700.87}","{""owner"":""Neelkanth Cooperative Group Housing Society"",""land_use"":""RESIDENTIAL"",""geometry_id"":""GEO-05-012-G1"",""state"":""AUTHORITATIVE""}",False,,2026-09-15 10:30:00,
IN-DL-110054-5-13,ACTIVE,CURRENT,,,AUTO_MATCHED,LOW,No material disagreement,4,OBS-001744;OBS-001745;OBS-001746;OBS-001747,0.899,0.747,0.79,0.79,0.94,0.831,"{""owner"":""Neelkanth Cooperative Group Housing Society"",""land_use"":""RESIDENTIAL"",""geometry_id"":""GEO-05-013-G1"",""area_sqm"":707.03}","{""owner"":""Neelkanth Cooperative Group Housing Society"",""land_use"":""RESIDENTIAL"",""geometry_id"":""GEO-05-013-G1"",""state"":""AUTHORITATIVE""}",False,,2026-09-15 10:30:00,
IN-DL-110054-5-14,ACTIVE,CURRENT,,,AUTO_MATCHED,LOW,No material disagreement,5,OBS-001748;OBS-001749;OBS-001750;OBS-001751;OBS-001752,0.897,0.892,0.772,0.772,0.94,0.861,"{""owner"":""Neelkanth Cooperative Group Housing Society"",""land_use"":""RESIDENTIAL"",""geometry_id"":""GEO-05-014-G1"",""area_sqm"":818.37}","{""owner"":""Neelkanth Cooperative Group Housing Society"",""land_use"":""RESIDENTIAL"",""geometry_id"":""GEO-05-014-G1"",""state"":""AUTHORITATIVE""}",False,,2026-09-15 10:30:00,
IN-DL-110054-5-15,ACTIVE,CURRENT,,,MATCHED_WITH_MINOR_CONFLICT,MEDIUM,Sources represent different years.,4,OBS-001753;OBS-001754;OBS-001755;OBS-001756,0.847,0.893,0.737,0.737,0.94,0.835,"{""owner"":""Neelkanth Cooperative Group Housing Society"",""land_use"":""RESIDENTIAL"",""geometry_id"":""GEO-05-015-G1"",""area_sqm"":783.52}","{""owner"":""Neelkanth Cooperative Group Housing Society"",""land_use"":""RESIDENTIAL"",""geometry_id"":""GEO-05-015-G1"",""state"":""AUTHORITATIVE""}",False,,2026-09-15 10:30:00,
IN-DL-110054-5-16,ACTIVE,CURRENT,,,TENTATIVE,HIGH,Building footprint extends into neighboring parcel.,3,OBS-001757;OBS-001758;OBS-001759,0.731,0.627,0.672,0.687,0.94,0.715,"{""owner"":""Neelkanth Cooperative Group Housing Society"",""land_use"":""RESIDENTIAL"",""geometry_id"":""GEO-05-016-G1"",""area_sqm"":966.7}","{""owner"":""Neelkanth Cooperative Group Housing Society"",""land_use"":""RESIDENTIAL"",""geometry_id"":""GEO-05-016-G1"",""state"":""UNCHANGED_PENDING""}",True,CNF-00447,2026-09-15 10:30:00,TC13_BUILDING_CROSSES_BOUNDARY
IN-DL-110054-5-17,ACTIVE,CURRENT,,,AUTO_MATCHED,LOW,No material disagreement,5,OBS-001760;OBS-001761;OBS-001762;OBS-001763;OBS-001764,0.903,0.78,0.746,0.746,0.94,0.827,"{""owner"":""Neelkanth Cooperative Group Housing Society"",""land_use"":""RESIDENTIAL"",""geometry_id"":""GEO-05-017-G1"",""area_sqm"":742.39}","{""owner"":""Neelkanth Cooperative Group Housing Society"",""land_use"":""RESIDENTIAL"",""geometry_id"":""GEO-05-017-G1"",""state"":""AUTHORITATIVE""}",False,,2026-09-15 10:30:00,
IN-DL-110054-5-18,ACTIVE,CURRENT,,,AUTO_MATCHED,LOW,No material disagreement,5,OBS-001765;OBS-001766;OBS-001767;OBS-001768;OBS-001769,0.904,0.778,0.748,0.748,0.94,0.828,"{""owner"":""Aarohan Heights Residents Association"",""land_use"":""RESIDENTIAL"",""geometry_id"":""GEO-05-018-G1"",""area_sqm"":828.96}","{""owner"":""Aarohan Heights Residents Association"",""land_use"":""RESIDENTIAL"",""geometry_id"":""GEO-05-018-G1"",""state"":""AUTHORITATIVE""}",False,,2026-09-15 10:30:00,
IN-DL-110054-5-19,ACTIVE,CURRENT,,,AUTO_MATCHED,LOW,No material disagreement,5,OBS-001770;OBS-001771;OBS-001772;OBS-001773;OBS-001774,0.905,0.778,0.749,0.749,0.94,0.828,"{""owner"":""Aarohan Heights Residents Association"",""land_use"":""RESIDENTIAL"",""geometry_id"":""GEO-05-019-G1"",""area_sqm"":745.43}","{""owner"":""Aarohan Heights Residents Association"",""land_use"":""RESIDENTIAL"",""geometry_id"":""GEO-05-019-G1"",""state"":""AUTHORITATIVE""}",False,,2026-09-15 10:30:00,
IN-DL-110054-5-20,ACTIVE,CURRENT,,,RECONCILED,HIGH,Abbreviation / formatting variation only.; Road widening changed parcel edge.,6,OBS-001775;OBS-001776;OBS-001777;OBS-001778;OBS-001779;OBS-001780,0.887,0.867,0.742,0.742,0.94,0.842,"{""owner"":""Aarohan Heights Residents Association"",""land_use"":""RESIDENTIAL"",""geometry_id"":""GEO-05-020-G2"",""area_sqm"":639.56}","{""owner"":""Aarohan Heights Residents Association"",""land_use"":""RESIDENTIAL"",""geometry_id"":""GEO-05-020-G2"",""state"":""AUTHORITATIVE""}",False,,2026-09-15 10:30:00,TC21_ROAD_WIDENING_BOUNDARY_CORRECTION
IN-DL-110054-5-21,ACTIVE,CURRENT,,,AUTO_MATCHED,LOW,No material disagreement,6,OBS-001781;OBS-001782;OBS-001783;OBS-001784;OBS-001785;OBS-001786,0.881,0.905,0.738,0.738,0.94,0.849,"{""owner"":""Neelkanth Cooperative Group Housing Society"",""land_use"":""RESIDENTIAL"",""geometry_id"":""GEO-05-021-G1"",""area_sqm"":732.71}","{""owner"":""Neelkanth Cooperative Group Housing Society"",""land_use"":""RESIDENTIAL"",""geometry_id"":""GEO-05-021-G1"",""state"":""AUTHORITATIVE""}",False,,2026-09-15 10:30:00,
IN-DL-110054-5-22,ACTIVE,CURRENT,,,AUTO_MATCHED,LOW,No material disagreement,3,OBS-001787;OBS-001788;OBS-001789,0.94,0.715,0.846,0.846,0.94,0.854,"{""owner"":""Neelkanth Cooperative Group Housing Society"",""land_use"":""RESIDENTIAL"",""geometry_id"":""GEO-05-022-G1"",""area_sqm"":631.05}","{""owner"":""Neelkanth Cooperative Group Housing Society"",""land_use"":""RESIDENTIAL"",""geometry_id"":""GEO-05-022-G1"",""state"":""AUTHORITATIVE""}",False,,2026-09-15 10:30:00,
IN-DL-110054-5-23,ACTIVE,CURRENT,,,AUTO_MATCHED,LOW,No material disagreement,4,OBS-001790;OBS-001791;OBS-001792;OBS-001793,0.853,0.777,0.701,0.701,0.94,0.796,"{""owner"":""Neelkanth Cooperative Group Housing Society"",""land_use"":""RESIDENTIAL"",""geometry_id"":""GEO-05-023-G1"",""area_sqm"":636.59}","{""owner"":""Neelkanth Cooperative Group Housing Society"",""land_use"":""RESIDENTIAL"",""geometry_id"":""GEO-05-023-G1"",""state"":""AUTHORITATIVE""}",False,,2026-09-15 10:30:00,
IN-DL-110054-5-24,ACTIVE,CURRENT,,,MATCHED_WITH_MINOR_CONFLICT,MEDIUM,Moderate area-basis disagreement.,5,OBS-001794;OBS-001795;OBS-001796;OBS-001797;OBS-001798,0.871,0.754,0.677,0.677,0.94,0.789,"{""owner"":""Neelkanth Cooperative Group Housing Society"",""land_use"":""RESIDENTIAL"",""geometry_id"":""GEO-05-024-G1"",""area_sqm"":736.83}","{""owner"":""Neelkanth Cooperative Group Housing Society"",""land_use"":""RESIDENTIAL"",""geometry_id"":""GEO-05-024-G1"",""state"":""AUTHORITATIVE""}",False,,2026-09-15 10:30:00,
IN-DL-110054-5-25,ACTIVE,CURRENT,,,AUTO_MATCHED,LOW,No material disagreement,6,OBS-001799;OBS-001800;OBS-001801;OBS-001802;OBS-001803;OBS-001804,0.885,0.899,0.741,0.741,0.94,0.85,"{""owner"":""Neelkanth Cooperative Group Housing Society"",""land_use"":""RESIDENTIAL"",""geometry_id"":""GEO-05-025-G1"",""area_sqm"":705.45}","{""owner"":""Neelkanth Cooperative Group Housing Society"",""land_use"":""RESIDENTIAL"",""geometry_id"":""GEO-05-025-G1"",""state"":""AUTHORITATIVE""}",False,,2026-09-15 10:30:00,
IN-DL-110054-5-26,ACTIVE,CURRENT,,,AUTO_MATCHED,LOW,No material disagreement,5,OBS-001805;OBS-001806;OBS-001807;OBS-001808;OBS-001809,0.901,0.883,0.775,0.775,0.94,0.861,"{""owner"":""Neelkanth Cooperative Group Housing Society"",""land_use"":""RESIDENTIAL"",""geometry_id"":""GEO-05-026-G1"",""area_sqm"":870.39}","{""owner"":""Neelkanth Cooperative Group Housing Society"",""land_use"":""RESIDENTIAL"",""geometry_id"":""GEO-05-026-G1"",""state"":""AUTHORITATIVE""}",False,,2026-09-15 10:30:00,
IN-DL-110054-5-27,ACTIVE,CURRENT,,,AUTO_MATCHED,LOW,No material disagreement,3,OBS-001810;OBS-001811;OBS-001812,0.884,0.729,0.751,0.751,0.94,0.81,"{""owner"":""Neelkanth Cooperative Group Housing Society"",""land_use"":""RESIDENTIAL"",""geometry_id"":""GEO-05-027-G1"",""area_sqm"":668.42}","{""owner"":""Neelkanth Cooperative Group Housing Society"",""land_use"":""RESIDENTIAL"",""geometry_id"":""GEO-05-027-G1"",""state"":""AUTHORITATIVE""}",False,,2026-09-15 10:30:00,
IN-DL-110054-5-28,ACTIVE,CURRENT,,,AUTO_MATCHED,LOW,No material disagreement,6,OBS-001813;OBS-001814;OBS-001815;OBS-001816;OBS-001817;OBS-001818,0.886,0.765,0.714,0.714,0.94,0.808,"{""owner"":""Aarohan Heights Residents Association"",""land_use"":""RESIDENTIAL"",""geometry_id"":""GEO-05-028-G1"",""area_sqm"":746.37}","{""owner"":""Aarohan Heights Residents Association"",""land_use"":""RESIDENTIAL"",""geometry_id"":""GEO-05-028-G1"",""state"":""AUTHORITATIVE""}",False,,2026-09-15 10:30:00,
IN-DL-110054-5-29,ACTIVE,CURRENT,,,NEEDS_ADDITIONAL_EVIDENCE,MEDIUM,Expected administrative source is absent.,3,OBS-001819;OBS-001820;OBS-001821,0.884,0.762,0.766,0.766,0.94,0.823,"{""owner"":""Aarohan Heights Residents Association"",""land_use"":""RESIDENTIAL"",""geometry_id"":""GEO-05-029-G1"",""area_sqm"":671.16}","{""owner"":""Aarohan Heights Residents Association"",""land_use"":""RESIDENTIAL"",""geometry_id"":""GEO-05-029-G1"",""state"":""UNCHANGED_PENDING""}",False,CNF-00525,2026-09-15 10:30:00,TC17_MISSING_SOURCE_RECORD
IN-DL-110054-5-30,ACTIVE,CURRENT,,,MATCHED_WITH_MINOR_CONFLICT,MEDIUM,Abbreviation / formatting variation only.; Sources represent different years.,5,OBS-001822;OBS-001823;OBS-001824;OBS-001825;OBS-001826,0.903,0.781,0.746,0.746,0.94,0.827,"{""owner"":""Aarohan Heights Residents Association"",""land_use"":""RESIDENTIAL"",""geometry_id"":""GEO-05-030-G1"",""area_sqm"":612.59}","{""owner"":""Aarohan Heights Residents Association"",""land_use"":""RESIDENTIAL"",""geometry_id"":""GEO-05-030-G1"",""state"":""AUTHORITATIVE""}",False,,2026-09-15 10:30:00,
IN-DL-110054-5-31,ACTIVE,CURRENT,,,HUMAN_REVIEW_REQUIRED,HIGH,Park boundary differs across evidence.,3,OBS-001827;OBS-001828;OBS-001829,0.78,0.593,0.761,0.777,0.94,0.75,"{""owner"":""Neelkanth Cooperative Group Housing Society"",""land_use"":""PUBLIC_OPEN_SPACE"",""geometry_id"":""GEO-05-031-G1"",""area_sqm"":764.02}","{""owner"":""Neelkanth Cooperative Group Housing Society"",""land_use"":""PUBLIC_OPEN_SPACE"",""geometry_id"":""GEO-05-031-G1"",""state"":""UNCHANGED_PENDING""}",True,CNF-00571,2026-09-15 10:30:00,TC20_PARK_BOUNDARY_DISAGREEMENT
IN-DL-110054-5-32,ACTIVE,CURRENT,,,AUTO_MATCHED,LOW,No material disagreement,5,OBS-001830;OBS-001831;OBS-001832;OBS-001833;OBS-001834,0.906,0.739,0.734,0.734,0.94,0.814,"{""owner"":""Neelkanth Cooperative Group Housing Society"",""land_use"":""TRANSPORT_ACCESS"",""geometry_id"":""GEO-05-032-G1"",""area_sqm"":658.01}","{""owner"":""Neelkanth Cooperative Group Housing Society"",""land_use"":""TRANSPORT_ACCESS"",""geometry_id"":""GEO-05-032-G1"",""state"":""AUTHORITATIVE""}",False,,2026-09-15 10:30:00,
IN-DL-110054-5-33,ACTIVE,CURRENT,,,AUTO_MATCHED,LOW,No material disagreement,5,OBS-001835;OBS-001836;OBS-001837;OBS-001838;OBS-001839,0.908,0.739,0.738,0.738,0.94,0.816,"{""owner"":""Neelkanth Cooperative Group Housing Society"",""land_use"":""TRANSPORT_ACCESS"",""geometry_id"":""GEO-05-033-G1"",""area_sqm"":663.79}","{""owner"":""Neelkanth Cooperative Group Housing Society"",""land_use"":""TRANSPORT_ACCESS"",""geometry_id"":""GEO-05-033-G1"",""state"":""AUTHORITATIVE""}",False,,2026-09-15 10:30:00,
IN-DL-110054-5-34,ACTIVE,CURRENT,,,AUTO_MATCHED,LOW,No material disagreement,5,OBS-001840;OBS-001841;OBS-001842;OBS-001843;OBS-001844,0.906,0.775,0.75,0.75,0.94,0.828,"{""owner"":""Neelkanth Community Facility Trust"",""land_use"":""RELIGIOUS_COMMUNITY"",""geometry_id"":""GEO-05-034-G1"",""area_sqm"":768.31}","{""owner"":""Neelkanth Community Facility Trust"",""land_use"":""RELIGIOUS_COMMUNITY"",""geometry_id"":""GEO-05-034-G1"",""state"":""AUTHORITATIVE""}",False,,2026-09-15 10:30:00,
IN-DL-110054-5-35,ACTIVE,CURRENT,,,AUTO_MATCHED,LOW,No material disagreement,4,OBS-001845;OBS-001846;OBS-001847;OBS-001848,0.85,0.781,0.697,0.697,0.94,0.795,"{""owner"":""Neelkanth Cooperative Group Housing Society"",""land_use"":""RESIDENTIAL"",""geometry_id"":""GEO-05-035-G1"",""area_sqm"":735.59}","{""owner"":""Neelkanth Cooperative Group Housing Society"",""land_use"":""RESIDENTIAL"",""geometry_id"":""GEO-05-035-G1"",""state"":""AUTHORITATIVE""}",False,,2026-09-15 10:30:00,
IN-DL-110054-5-36,ACTIVE,CURRENT,,,MATCHED_WITH_MINOR_CONFLICT,MEDIUM,Moderate area-basis disagreement.,4,OBS-001849;OBS-001850;OBS-001851;OBS-001852,0.852,0.778,0.7,0.7,0.94,0.796,"{""owner"":""Neelkanth Cooperative Group Housing Society"",""land_use"":""RESIDENTIAL"",""geometry_id"":""GEO-05-036-G1"",""area_sqm"":907.58}","{""owner"":""Neelkanth Cooperative Group Housing Society"",""land_use"":""RESIDENTIAL"",""geometry_id"":""GEO-05-036-G1"",""state"":""AUTHORITATIVE""}",False,,2026-09-15 10:30:00,
IN-DL-110054-5-37,ACTIVE,CURRENT,,,HUMAN_REVIEW_REQUIRED,HIGH,Strong evidence exists but legal/human approval is pending.,5,OBS-001853;OBS-001854;OBS-001855;OBS-001856;OBS-001857,0.718,0.816,0.635,0.649,0.94,0.746,"{""owner"":""Neelkanth Cooperative Group Housing Society"",""land_use"":""RESIDENTIAL"",""geometry_id"":""GEO-05-037-G2"",""area_sqm"":696.98}","{""owner"":""Neelkanth Cooperative Group Housing Society"",""land_use"":""RESIDENTIAL"",""geometry_id"":""GEO-05-037-G1"",""state"":""UNCHANGED_PENDING""}",True,CNF-00632,2026-09-15 10:30:00,TC25_STRONG_EVIDENCE_PENDING_APPROVAL
IN-DL-110054-5-38,ACTIVE,CURRENT,,,AUTO_MATCHED,LOW,No material disagreement,4,OBS-001858;OBS-001859;OBS-001860;OBS-001861,0.898,0.751,0.791,0.791,0.94,0.832,"{""owner"":""Aarohan Heights Residents Association"",""land_use"":""RESIDENTIAL"",""geometry_id"":""GEO-05-038-G1"",""area_sqm"":778.26}","{""owner"":""Aarohan Heights Residents Association"",""land_use"":""RESIDENTIAL"",""geometry_id"":""GEO-05-038-G1"",""state"":""AUTHORITATIVE""}",False,,2026-09-15 10:30:00,
IN-DL-110054-5-39,ACTIVE,CURRENT,,,AUTO_MATCHED,LOW,No material disagreement,5,OBS-001862;OBS-001863;OBS-001864;OBS-001865;OBS-001866,0.904,0.779,0.748,0.748,0.94,0.828,"{""owner"":""Aarohan Heights Residents Association"",""land_use"":""RESIDENTIAL"",""geometry_id"":""GEO-05-039-G1"",""area_sqm"":699.84}","{""owner"":""Aarohan Heights Residents Association"",""land_use"":""RESIDENTIAL"",""geometry_id"":""GEO-05-039-G1"",""state"":""AUTHORITATIVE""}",False,,2026-09-15 10:30:00,
IN-DL-110054-5-40,ACTIVE,CURRENT,,,MATCHED_WITH_MINOR_CONFLICT,LOW,Abbreviation / formatting variation only.,5,OBS-001867;OBS-001868;OBS-001869;OBS-001870;OBS-001871,0.904,0.777,0.747,0.747,0.94,0.827,"{""owner"":""Aarohan Heights Residents Association"",""land_use"":""RESIDENTIAL"",""geometry_id"":""GEO-05-040-G1"",""area_sqm"":638.77}","{""owner"":""Aarohan Heights Residents Association"",""land_use"":""RESIDENTIAL"",""geometry_id"":""GEO-05-040-G1"",""state"":""AUTHORITATIVE""}",False,,2026-09-15 10:30:00,
IN-DL-110054-5-41,ACTIVE,CURRENT,,,AUTO_MATCHED,LOW,No material disagreement,6,OBS-001872;OBS-001873;OBS-001874;OBS-001875;OBS-001876;OBS-001877,0.887,0.895,0.743,0.743,0.94,0.85,"{""owner"":""Neelkanth Cooperative Group Housing Society"",""land_use"":""RESIDENTIAL"",""geometry_id"":""GEO-05-041-G1"",""area_sqm"":861.84}","{""owner"":""Neelkanth Cooperative Group Housing Society"",""land_use"":""RESIDENTIAL"",""geometry_id"":""GEO-05-041-G1"",""state"":""AUTHORITATIVE""}",False,,2026-09-15 10:30:00,
IN-DL-110054-5-42,ACTIVE,CURRENT,,,AUTO_MATCHED,LOW,No material disagreement,4,OBS-001878;OBS-001879;OBS-001880;OBS-001881,0.896,0.756,0.79,0.79,0.94,0.833,"{""owner"":""Neelkanth Cooperative Group Housing Society"",""land_use"":""RESIDENTIAL"",""geometry_id"":""GEO-05-042-G1"",""area_sqm"":742.26}","{""owner"":""Neelkanth Cooperative Group Housing Society"",""land_use"":""RESIDENTIAL"",""geometry_id"":""GEO-05-042-G1"",""state"":""AUTHORITATIVE""}",False,,2026-09-15 10:30:00,
IN-DL-110054-5-43,ACTIVE,CURRENT,,,AUTO_MATCHED,LOW,No material disagreement,5,OBS-001882;OBS-001883;OBS-001884;OBS-001885;OBS-001886,0.902,0.784,0.746,0.746,0.94,0.827,"{""owner"":""Neelkanth Cooperative Group Housing Society"",""land_use"":""RESIDENTIAL"",""geometry_id"":""GEO-05-043-G1"",""area_sqm"":748.78}","{""owner"":""Neelkanth Cooperative Group Housing Society"",""land_use"":""RESIDENTIAL"",""geometry_id"":""GEO-05-043-G1"",""state"":""AUTHORITATIVE""}",False,,2026-09-15 10:30:00,
IN-DL-110054-5-44,ACTIVE,CURRENT,,,AUTO_MATCHED,LOW,No material disagreement,5,OBS-001887;OBS-001888;OBS-001889;OBS-001890;OBS-001891,0.902,0.781,0.744,0.744,0.94,0.826,"{""owner"":""Neelkanth Cooperative Group Housing Society"",""land_use"":""RESIDENTIAL"",""geometry_id"":""GEO-05-044-G1"",""area_sqm"":866.69}","{""owner"":""Neelkanth Cooperative Group Housing Society"",""land_use"":""RESIDENTIAL"",""geometry_id"":""GEO-05-044-G1"",""state"":""AUTHORITATIVE""}",False,,2026-09-15 10:30:00,
IN-DL-110054-5-45,ACTIVE,CURRENT,,,MATCHED_WITH_MINOR_CONFLICT,MEDIUM,Sources represent different years.,5,OBS-001892;OBS-001893;OBS-001894;OBS-001895;OBS-001896,0.903,0.78,0.746,0.746,0.94,0.827,"{""owner"":""Neelkanth Cooperative Group Housing Society"",""land_use"":""RESIDENTIAL"",""geometry_id"":""GEO-05-045-G1"",""area_sqm"":829.78}","{""owner"":""Neelkanth Cooperative Group Housing Society"",""land_use"":""RESIDENTIAL"",""geometry_id"":""GEO-05-045-G1"",""state"":""AUTHORITATIVE""}",False,,2026-09-15 10:30:00,
IN-DL-110054-5-46,ACTIVE,CURRENT,,,HUMAN_REVIEW_REQUIRED,CRITICAL,Duplicate source row can create duplicate legal identity.,6,OBS-001897;OBS-001898;OBS-001899;OBS-001900;OBS-001901;OBS-001902,0.712,0.794,0.691,0.707,0.94,0.757,"{""owner"":""Neelkanth Cooperative Group Housing Society"",""land_use"":""RESIDENTIAL"",""geometry_id"":""GEO-05-046-G1"",""area_sqm"":1023.78}","{""owner"":""Neelkanth Cooperative Group Housing Society"",""land_use"":""RESIDENTIAL"",""geometry_id"":""GEO-05-046-G1"",""state"":""UNCHANGED_PENDING""}",True,CNF-00324,2026-09-15 10:30:00,TC04_DUPLICATE_SOURCE_PARCEL
IN-DL-110054-5-47,ACTIVE,CURRENT,,,AUTO_MATCHED,LOW,No material disagreement,6,OBS-001903;OBS-001904;OBS-001905;OBS-001906;OBS-001907;OBS-001908,0.887,0.897,0.744,0.744,0.94,0.85,"{""owner"":""Neelkanth Cooperative Group Housing Society"",""land_use"":""RESIDENTIAL"",""geometry_id"":""GEO-05-047-G1"",""area_sqm"":786.22}","{""owner"":""Neelkanth Cooperative Group Housing Society"",""land_use"":""RESIDENTIAL"",""geometry_id"":""GEO-05-047-G1"",""state"":""AUTHORITATIVE""}",False,,2026-09-15 10:30:00,
IN-DL-110054-5-48,ACTIVE,CURRENT,,,MATCHED_WITH_MINOR_CONFLICT,MEDIUM,Moderate area-basis disagreement.,4,OBS-001909;OBS-001910;OBS-001911;OBS-001912,0.899,0.746,0.79,0.79,0.94,0.831,"{""owner"":""Aarohan Heights Residents Association"",""land_use"":""RESIDENTIAL"",""geometry_id"":""GEO-05-048-G1"",""area_sqm"":877.91}","{""owner"":""Aarohan Heights Residents Association"",""land_use"":""RESIDENTIAL"",""geometry_id"":""GEO-05-048-G1"",""state"":""AUTHORITATIVE""}",False,,2026-09-15 10:30:00,
IN-DL-110054-5-49,ACTIVE,CURRENT,,,HUMAN_REVIEW_REQUIRED,HIGH,Strong evidence exists but legal/human approval is pending.,5,OBS-001913;OBS-001914;OBS-001915;OBS-001916;OBS-001917,0.744,0.803,0.694,0.709,0.94,0.77,"{""owner"":""Aarohan Heights Residents Association"",""land_use"":""RESIDENTIAL"",""geometry_id"":""GEO-05-049-G2"",""area_sqm"":789.44}","{""owner"":""Aarohan Heights Residents Association"",""land_use"":""RESIDENTIAL"",""geometry_id"":""GEO-05-049-G1"",""state"":""UNCHANGED_PENDING""}",True,CNF-00641,2026-09-15 10:30:00,TC25_STRONG_EVIDENCE_PENDING_APPROVAL
IN-DL-110054-5-50,ACTIVE,CURRENT,,,RECONCILED,HIGH,Abbreviation / formatting variation only.; Road widening changed parcel edge.,5,OBS-001918;OBS-001919;OBS-001920;OBS-001921;OBS-001922,0.898,0.861,0.773,0.773,0.94,0.854,"{""owner"":""Aarohan Heights Residents Association"",""land_use"":""RESIDENTIAL"",""geometry_id"":""GEO-05-050-G2"",""area_sqm"":677.32}","{""owner"":""Aarohan Heights Residents Association"",""land_use"":""RESIDENTIAL"",""geometry_id"":""GEO-05-050-G2"",""state"":""AUTHORITATIVE""}",False,,2026-09-15 10:30:00,TC21_ROAD_WIDENING_BOUNDARY_CORRECTION
IN-DL-110054-5-51,ACTIVE,CURRENT,,,MATCHED_WITH_MINOR_CONFLICT,MEDIUM,Slight spatial shift but identity remains strong.,4,OBS-001923;OBS-001924;OBS-001925;OBS-001926,0.853,0.759,0.701,0.701,0.94,0.792,"{""owner"":""Deepak Sethi"",""land_use"":""RESIDENTIAL"",""geometry_id"":""GEO-05-051-G1"",""area_sqm"":1221.31}","{""owner"":""Deepak Sethi"",""land_use"":""RESIDENTIAL"",""geometry_id"":""GEO-05-051-G1"",""state"":""AUTHORITATIVE""}",False,,2026-09-15 10:30:00,TC02_SLIGHT_GEOMETRY_SHIFT
IN-DL-110054-5-52,ACTIVE,CURRENT,,,AUTO_MATCHED,LOW,No material disagreement,4,OBS-001927;OBS-001928;OBS-001929;OBS-001930,0.855,0.774,0.703,0.703,0.94,0.797,"{""owner"":""Aarav Aggarwal"",""land_use"":""RESIDENTIAL"",""geometry_id"":""GEO-05-052-G1"",""area_sqm"":1051.84}","{""owner"":""Aarav Aggarwal"",""land_use"":""RESIDENTIAL"",""geometry_id"":""GEO-05-052-G1"",""state"":""AUTHORITATIVE""}",False,,2026-09-15 10:30:00,
IN-DL-110054-5-53,ACTIVE,CURRENT,,,REJECTED_MATCH,CRITICAL,Geometry/identifiers do not uniquely distinguish candidates.,5,OBS-001931;OBS-001932;OBS-001933;OBS-001934;OBS-001935,0.488,0.812,0.637,0.652,0.94,0.677,"{""owner"":""Ishaan Gupta"",""land_use"":""RESIDENTIAL"",""geometry_id"":""GEO-05-053-G1"",""area_sqm"":1061.09,""state"":""REJECTED""}","{""owner"":""Ishaan Gupta"",""land_use"":""RESIDENTIAL"",""geometry_id"":""GEO-05-053-G1"",""state"":""AUTHORITATIVE""}",False,,2026-09-15 10:30:00,TC18_AMBIGUOUS_CANDIDATE_MATCH
IN-DL-110054-5-54,ACTIVE,CURRENT,,,AUTO_MATCHED,LOW,No material disagreement,4,OBS-001936;OBS-001937;OBS-001938;OBS-001939,0.857,0.771,0.707,0.707,0.94,0.798,"{""owner"":""Sneha Tiwari"",""land_use"":""RESIDENTIAL"",""geometry_id"":""GEO-05-054-G1"",""area_sqm"":1228.17}","{""owner"":""Sneha Tiwari"",""land_use"":""RESIDENTIAL"",""geometry_id"":""GEO-05-054-G1"",""state"":""AUTHORITATIVE""}",False,,2026-09-15 10:30:00,
IN-DL-110054-5-55,ACTIVE,CURRENT,,,AUTO_MATCHED,LOW,No material disagreement,3,OBS-001940;OBS-001941;OBS-001942,0.885,0.738,0.732,0.732,0.94,0.806,"{""owner"":""Deepak Kapoor"",""land_use"":""RESIDENTIAL"",""geometry_id"":""GEO-05-055-G1"",""area_sqm"":1175.87}","{""owner"":""Deepak Kapoor"",""land_use"":""RESIDENTIAL"",""geometry_id"":""GEO-05-055-G1"",""state"":""AUTHORITATIVE""}",False,,2026-09-15 10:30:00,
IN-DL-110054-5-56,ACTIVE,CURRENT,,,AUTO_MATCHED,LOW,No material disagreement,4,OBS-001943;OBS-001944;OBS-001945;OBS-001946,0.85,0.78,0.698,0.698,0.94,0.796,"{""owner"":""Aarav Bhatia"",""land_use"":""RESIDENTIAL"",""geometry_id"":""GEO-05-056-G1"",""area_sqm"":1450.79}","{""owner"":""Aarav Bhatia"",""land_use"":""RESIDENTIAL"",""geometry_id"":""GEO-05-056-G1"",""state"":""AUTHORITATIVE""}",False,,2026-09-15 10:30:00,
IN-DL-110054-5-57,ACTIVE,CURRENT,,,AUTO_MATCHED,LOW,No material disagreement,3,OBS-001947;OBS-001948;OBS-001949,0.879,0.747,0.723,0.723,0.94,0.804,"{""owner"":""Ishaan Arora"",""land_use"":""RESIDENTIAL"",""geometry_id"":""GEO-05-057-G1"",""area_sqm"":1114.15}","{""owner"":""Ishaan Arora"",""land_use"":""RESIDENTIAL"",""geometry_id"":""GEO-05-057-G1"",""state"":""AUTHORITATIVE""}",False,,2026-09-15 10:30:00,
IN-DL-110054-5-58,ACTIVE,CURRENT,,,TENTATIVE,HIGH,Municipal owner/occupier differs from revenue owner.,5,OBS-001950;OBS-001951;OBS-001952;OBS-001953;OBS-001954,0.749,0.703,0.362,0.637,0.94,0.672,"{""owner"":""Aarohan Heights Residents Association"",""land_use"":""RESIDENTIAL"",""geometry_id"":""GEO-05-058-G1"",""area_sqm"":1244.08}","{""owner"":""Aarohan Heights Residents Association"",""land_use"":""RESIDENTIAL"",""geometry_id"":""GEO-05-058-G1"",""state"":""UNCHANGED_PENDING""}",True,CNF-00383,2026-09-15 10:30:00,TC10_OWNERSHIP_CONFLICT
IN-DL-110054-5-59,ACTIVE,CURRENT,,,AUTO_MATCHED,LOW,No material disagreement,4,OBS-001955;OBS-001956;OBS-001957;OBS-001958,0.898,0.752,0.791,0.791,0.94,0.833,"{""owner"":""Aarohan Heights Residents Association"",""land_use"":""RESIDENTIAL"",""geometry_id"":""GEO-05-059-G1"",""area_sqm"":1118.71}","{""owner"":""Aarohan Heights Residents Association"",""land_use"":""RESIDENTIAL"",""geometry_id"":""GEO-05-059-G1"",""state"":""AUTHORITATIVE""}",False,,2026-09-15 10:30:00,
IN-DL-110054-5-60,ACTIVE,CURRENT,,,MATCHED_WITH_MINOR_CONFLICT,MEDIUM,Abbreviation / formatting variation only.; Moderate area-basis disagreement.,5,OBS-001959;OBS-001960;OBS-001961;OBS-001962;OBS-001963,0.9,0.884,0.773,0.773,0.94,0.86,"{""owner"":""Aarohan Heights Residents Association"",""land_use"":""RESIDENTIAL"",""geometry_id"":""GEO-05-060-G1"",""area_sqm"":1021.09}","{""owner"":""Aarohan Heights Residents Association"",""land_use"":""RESIDENTIAL"",""geometry_id"":""GEO-05-060-G1"",""state"":""AUTHORITATIVE""}",False,,2026-09-15 10:30:00,
IN-DL-110054-5-61,ACTIVE,CURRENT,,,TENTATIVE,HIGH,Municipal owner/occupier differs from revenue owner.,5,OBS-001964;OBS-001965;OBS-001966;OBS-001967;OBS-001968,0.725,0.676,0.324,0.571,0.94,0.642,"{""owner"":""Ishaan Sharma"",""land_use"":""RESIDENTIAL"",""geometry_id"":""GEO-05-061-G1"",""area_sqm"":796.3}","{""owner"":""Ishaan Sharma"",""land_use"":""RESIDENTIAL"",""geometry_id"":""GEO-05-061-G1"",""state"":""UNCHANGED_PENDING""}",True,CNF-00388,2026-09-15 10:30:00,TC10_OWNERSHIP_CONFLICT
IN-DL-110054-5-62,ACTIVE,CURRENT,,,AUTO_MATCHED,LOW,No material disagreement,4,OBS-001969;OBS-001970;OBS-001971;OBS-001972,0.859,0.769,0.708,0.708,0.94,0.799,"{""owner"":""Sneha Saxena"",""land_use"":""RESIDENTIAL"",""geometry_id"":""GEO-05-062-G1"",""area_sqm"":685.81}","{""owner"":""Sneha Saxena"",""land_use"":""RESIDENTIAL"",""geometry_id"":""GEO-05-062-G1"",""state"":""AUTHORITATIVE""}",False,,2026-09-15 10:30:00,
IN-DL-110054-5-63,ACTIVE,CURRENT,,,AUTO_MATCHED,LOW,No material disagreement,4,OBS-001973;OBS-001974;OBS-001975;OBS-001976,0.846,0.903,0.72,0.72,0.94,0.832,"{""owner"":""Deepak Malhotra"",""land_use"":""RESIDENTIAL"",""geometry_id"":""GEO-05-063-G1"",""area_sqm"":691.84}","{""owner"":""Deepak Malhotra"",""land_use"":""RESIDENTIAL"",""geometry_id"":""GEO-05-063-G1"",""state"":""AUTHORITATIVE""}",False,,2026-09-15 10:30:00,
IN-DL-110054-5-64,ACTIVE,CURRENT,,,AUTO_MATCHED,LOW,No material disagreement,4,OBS-001977;OBS-001978;OBS-001979;OBS-001980,0.852,0.778,0.7,0.7,0.94,0.796,"{""owner"":""Aarav Chawla"",""land_use"":""RESIDENTIAL"",""geometry_id"":""GEO-05-064-G1"",""area_sqm"":800.78}","{""owner"":""Aarav Chawla"",""land_use"":""RESIDENTIAL"",""geometry_id"":""GEO-05-064-G1"",""state"":""AUTHORITATIVE""}",False,,2026-09-15 10:30:00,
IN-DL-110054-5-65,ACTIVE,CURRENT,,,TENTATIVE,HIGH,Building footprint extends into neighboring parcel.; Slight spatial shift but identity remains strong.,4,OBS-001981;OBS-001982;OBS-001983;OBS-001984,0.708,0.658,0.631,0.645,0.94,0.703,"{""owner"":""Ishaan Jain"",""land_use"":""RESIDENTIAL"",""geometry_id"":""GEO-05-065-G1"",""area_sqm"":766.68}","{""owner"":""Ishaan Jain"",""land_use"":""RESIDENTIAL"",""geometry_id"":""GEO-05-065-G1"",""state"":""UNCHANGED_PENDING""}",True,CNF-00433,2026-09-15 10:30:00,TC02_SLIGHT_GEOMETRY_SHIFT;TC13_BUILDING_CROSSES_BOUNDARY
IN-DL-110054-5-66,ACTIVE,CURRENT,,,AUTO_MATCHED,LOW,No material disagreement,3,OBS-001985;OBS-001986;OBS-001987,0.882,0.732,0.748,0.748,0.94,0.809,"{""owner"":""Sneha Verma"",""land_use"":""RESIDENTIAL"",""geometry_id"":""GEO-05-066-G1"",""area_sqm"":945.93}","{""owner"":""Sneha Verma"",""land_use"":""RESIDENTIAL"",""geometry_id"":""GEO-05-066-G1"",""state"":""AUTHORITATIVE""}",False,,2026-09-15 10:30:00,
IN-DL-110054-5-67,ACTIVE,CURRENT,,,AUTO_MATCHED,LOW,No material disagreement,5,OBS-001988;OBS-001989;OBS-001990;OBS-001991;OBS-001992,0.867,0.903,0.708,0.708,0.94,0.835,"{""owner"":""Deepak Mishra"",""land_use"":""RESIDENTIAL"",""geometry_id"":""GEO-05-067-G1"",""area_sqm"":726.43}","{""owner"":""Deepak Mishra"",""land_use"":""RESIDENTIAL"",""geometry_id"":""GEO-05-067-G1"",""state"":""AUTHORITATIVE""}",False,,2026-09-15 10:30:00,
IN-DL-110054-5-68,ACTIVE,CURRENT,,,RECONCILED,HIGH,Incorrect mutation was applied then reverted.,6,OBS-001993;OBS-001994;OBS-001995;OBS-001996;OBS-001997;OBS-001998,0.886,0.897,0.741,0.741,0.94,0.849,"{""owner"":""Aarohan Heights Residents Association"",""land_use"":""RESIDENTIAL"",""geometry_id"":""GEO-05-068-G1"",""area_sqm"":811.15}","{""owner"":""Aarohan Heights Residents Association"",""land_use"":""RESIDENTIAL"",""geometry_id"":""GEO-05-068-G1"",""state"":""AUTHORITATIVE""}",False,,2026-09-15 10:30:00,TC23_INCORRECT_MUTATION_ROLLED_BACK
IN-DL-110054-5-69,ACTIVE,CURRENT,,,AUTO_MATCHED,LOW,No material disagreement,5,OBS-001999;OBS-002000;OBS-002001;OBS-002002;OBS-002003,0.905,0.776,0.748,0.748,0.94,0.827,"{""owner"":""Aarohan Heights Residents Association"",""land_use"":""RESIDENTIAL"",""geometry_id"":""GEO-05-069-G1"",""area_sqm"":729.41}","{""owner"":""Aarohan Heights Residents Association"",""land_use"":""RESIDENTIAL"",""geometry_id"":""GEO-05-069-G1"",""state"":""AUTHORITATIVE""}",False,,2026-09-15 10:30:00,
IN-DL-110054-5-70,ACTIVE,CURRENT,,,RECONCILED,HIGH,Abbreviation / formatting variation only.; Incorrect mutation was applied then reverted.,4,OBS-002004;OBS-002005;OBS-002006;OBS-002007,0.85,0.78,0.698,0.698,0.94,0.796,"{""owner"":""Aarohan Heights Residents Association"",""land_use"":""RESIDENTIAL"",""geometry_id"":""GEO-05-070-G1"",""area_sqm"":665.76}","{""owner"":""Aarohan Heights Residents Association"",""land_use"":""RESIDENTIAL"",""geometry_id"":""GEO-05-070-G1"",""state"":""AUTHORITATIVE""}",False,,2026-09-15 10:30:00,TC23_INCORRECT_MUTATION_ROLLED_BACK
IN-DL-110054-5-71,ACTIVE,CURRENT,,,TENTATIVE,HIGH,Building footprint extends into neighboring parcel.; Multiple municipal units occupy one legal parcel.,6,OBS-002008;OBS-002009;OBS-002010;OBS-002011;OBS-002012;OBS-002013,0.754,0.622,0.663,0.678,0.94,0.718,"{""owner"":""Deepak Gupta"",""land_use"":""RESIDENTIAL"",""geometry_id"":""GEO-05-071-G1"",""area_sqm"":728.95}","{""owner"":""Deepak Gupta"",""land_use"":""RESIDENTIAL"",""geometry_id"":""GEO-05-071-G1"",""state"":""UNCHANGED_PENDING""}",True,CNF-00451,2026-09-15 10:30:00,TC05_ONE_CADASTRAL_TO_SEVERAL_MUNICIPAL;TC13_BUILDING_CROSSES_BOUNDARY
IN-DL-110054-5-72,ACTIVE,CURRENT,,,HUMAN_REVIEW_REQUIRED,CRITICAL,High-accuracy survey materially contradicts old cadastral geometry.,5,OBS-002014;OBS-002015;OBS-002016;OBS-002017;OBS-002018,0.718,0.77,0.635,0.65,0.94,0.735,"{""owner"":""Aarav Tiwari"",""land_use"":""RESIDENTIAL"",""geometry_id"":""GEO-05-072-G2"",""area_sqm"":627.74}","{""owner"":""Aarav Tiwari"",""land_use"":""RESIDENTIAL"",""geometry_id"":""GEO-05-072-G2"",""state"":""UNCHANGED_PENDING""}",True,CNF-00478,2026-09-15 10:30:00,TC15_GNSS_CONTRADICTS_OLD_CADASTRE
IN-DL-110054-5-73,ACTIVE,CURRENT,,,AUTO_MATCHED,LOW,No material disagreement,5,OBS-002019;OBS-002020;OBS-002021;OBS-002022;OBS-002023,0.87,0.754,0.677,0.677,0.94,0.788,"{""owner"":""Ishaan Kapoor"",""land_use"":""RESIDENTIAL"",""geometry_id"":""GEO-05-073-G1"",""area_sqm"":633.32}","{""owner"":""Ishaan Kapoor"",""land_use"":""RESIDENTIAL"",""geometry_id"":""GEO-05-073-G1"",""state"":""AUTHORITATIVE""}",False,,2026-09-15 10:30:00,
IN-DL-110054-5-74,ACTIVE,CURRENT,,,MATCHED_WITH_MINOR_CONFLICT,MEDIUM,Slight spatial shift but identity remains strong.,4,OBS-002024;OBS-002025;OBS-002026;OBS-002027,0.856,0.754,0.705,0.705,0.94,0.793,"{""owner"":""Sneha Bhatia"",""land_use"":""RESIDENTIAL"",""geometry_id"":""GEO-05-074-G1"",""area_sqm"":733.05}","{""owner"":""Sneha Bhatia"",""land_use"":""RESIDENTIAL"",""geometry_id"":""GEO-05-074-G1"",""state"":""AUTHORITATIVE""}",False,,2026-09-15 10:30:00,TC02_SLIGHT_GEOMETRY_SHIFT
IN-DL-110054-5-75,ACTIVE,CURRENT,,,REJECTED_MATCH,CRITICAL,Geometry/identifiers do not uniquely distinguish candidates.; Multiple municipal units occupy one legal parcel.,6,OBS-002028;OBS-002029;OBS-002030;OBS-002031;OBS-002032;OBS-002033,0.529,0.596,0.671,0.686,0.94,0.646,"{""owner"":""Deepak Arora"",""land_use"":""RESIDENTIAL"",""geometry_id"":""GEO-05-075-G1"",""area_sqm"":701.83,""state"":""REJECTED""}","{""owner"":""Deepak Arora"",""land_use"":""RESIDENTIAL"",""geometry_id"":""GEO-05-075-G1"",""state"":""AUTHORITATIVE""}",False,,2026-09-15 10:30:00,TC05_ONE_CADASTRAL_TO_SEVERAL_MUNICIPAL;TC18_AMBIGUOUS_CANDIDATE_MATCH
IN-DL-110054-5-76,ACTIVE,CURRENT,,,AUTO_MATCHED,LOW,No material disagreement,3,OBS-002034;OBS-002035;OBS-002036,0.885,0.738,0.732,0.732,0.94,0.806,"{""owner"":""Aarav Mehta"",""land_use"":""RESIDENTIAL"",""geometry_id"":""GEO-05-076-G1"",""area_sqm"":865.93}","{""owner"":""Aarav Mehta"",""land_use"":""RESIDENTIAL"",""geometry_id"":""GEO-05-076-G1"",""state"":""AUTHORITATIVE""}",False,,2026-09-15 10:30:00,
IN-DL-110054-5-77,ACTIVE,CURRENT,,,AUTO_MATCHED,LOW,No material disagreement,4,OBS-002037;OBS-002038;OBS-002039;OBS-002040,0.85,0.781,0.697,0.697,0.94,0.795,"{""owner"":""Ishaan Singh"",""land_use"":""RESIDENTIAL"",""geometry_id"":""GEO-05-077-G1"",""area_sqm"":664.99}","{""owner"":""Ishaan Singh"",""land_use"":""RESIDENTIAL"",""geometry_id"":""GEO-05-077-G1"",""state"":""AUTHORITATIVE""}",False,,2026-09-15 10:30:00,
IN-DL-110054-5-78,ACTIVE,CURRENT,,,AUTO_MATCHED,LOW,No material disagreement,4,OBS-002041;OBS-002042;OBS-002043;OBS-002044,0.852,0.778,0.7,0.7,0.94,0.796,"{""owner"":""Pramaan Redevelopment LLP"",""land_use"":""REDEVELOPMENT"",""geometry_id"":""GEO-05-078-G1"",""area_sqm"":742.54}","{""owner"":""Pramaan Redevelopment LLP"",""land_use"":""REDEVELOPMENT"",""geometry_id"":""GEO-05-078-G1"",""state"":""AUTHORITATIVE""}",False,,2026-09-15 10:30:00,
IN-DL-110054-5-79,ACTIVE,CURRENT,,,AUTO_MATCHED,LOW,No material disagreement,4,OBS-002045;OBS-002046;OBS-002047;OBS-002048,0.897,0.754,0.79,0.79,0.94,0.833,"{""owner"":""Pramaan Redevelopment LLP"",""land_use"":""REDEVELOPMENT"",""geometry_id"":""GEO-05-079-G1"",""area_sqm"":667.72}","{""owner"":""Pramaan Redevelopment LLP"",""land_use"":""REDEVELOPMENT"",""geometry_id"":""GEO-05-079-G1"",""state"":""AUTHORITATIVE""}",False,,2026-09-15 10:30:00,
IN-DL-110054-5-80,ACTIVE,CURRENT,,,REJECTED_MATCH,CRITICAL,Abbreviation / formatting variation only.; Geometry/identifiers do not uniquely distinguish candidates.,5,OBS-002049;OBS-002050;OBS-002051;OBS-002052;OBS-002053,0.487,0.814,0.637,0.651,0.94,0.677,"{""owner"":""Pramaan Redevelopment LLP"",""land_use"":""REDEVELOPMENT"",""geometry_id"":""GEO-05-080-G1"",""area_sqm"":609.45,""state"":""REJECTED""}","{""owner"":""Pramaan Redevelopment LLP"",""land_use"":""REDEVELOPMENT"",""geometry_id"":""GEO-05-080-G1"",""state"":""AUTHORITATIVE""}",False,,2026-09-15 10:30:00,TC18_AMBIGUOUS_CANDIDATE_MATCH
IN-DL-110054-5-81,ACTIVE,CURRENT,,,HUMAN_REVIEW_REQUIRED,CRITICAL,Government/public parcel appears private in municipal data.; Park boundary differs across evidence.,4,OBS-002054;OBS-002055;OBS-002056;OBS-002057,0.741,0.748,0.371,0.655,0.94,0.684,"{""owner"":""Municipal Corporation of Delhi"",""land_use"":""PUBLIC_OPEN_SPACE"",""geometry_id"":""GEO-05-081-G1"",""area_sqm"":779.5}","{""owner"":""Municipal Corporation of Delhi"",""land_use"":""PUBLIC_OPEN_SPACE"",""geometry_id"":""GEO-05-081-G1"",""state"":""UNCHANGED_PENDING""}",True,CNF-00406;CNF-00579,2026-09-15 10:30:00,TC11_GOVERNMENT_PRIVATE_OWNERSHIP_CONFLICT;TC20_PARK_BOUNDARY_DISAGREEMENT
IN-DL-110054-5-82,ACTIVE,CURRENT,,,AUTO_MATCHED,LOW,No material disagreement,2,OBS-002058;OBS-002059,0.94,0.659,0.81,0.81,0.94,0.828,"{""owner"":""Municipal Corporation of Delhi"",""land_use"":""PUBLIC_OPEN_SPACE"",""geometry_id"":""GEO-05-082-G1"",""area_sqm"":671.34}","{""owner"":""Municipal Corporation of Delhi"",""land_use"":""PUBLIC_OPEN_SPACE"",""geometry_id"":""GEO-05-082-G1"",""state"":""AUTHORITATIVE""}",False,,2026-09-15 10:30:00,
IN-DL-110054-5-83,ACTIVE,CURRENT,,,AUTO_MATCHED,LOW,No material disagreement,3,OBS-002060;OBS-002061;OBS-002062,0.89,0.659,0.732,0.732,0.94,0.788,"{""owner"":""Municipal Corporation of Delhi"",""land_use"":""TRANSPORT_ACCESS"",""geometry_id"":""GEO-05-083-G1"",""area_sqm"":677.24}","{""owner"":""Municipal Corporation of Delhi"",""land_use"":""TRANSPORT_ACCESS"",""geometry_id"":""GEO-05-083-G1"",""state"":""AUTHORITATIVE""}",False,,2026-09-15 10:30:00,
IN-DL-110054-5-84,ACTIVE,CURRENT,,,MATCHED_WITH_MINOR_CONFLICT,MEDIUM,Moderate area-basis disagreement.,4,OBS-002063;OBS-002064;OBS-002065;OBS-002066,0.854,0.727,0.681,0.681,0.94,0.778,"{""owner"":""Municipal Corporation of Delhi"",""land_use"":""TRANSPORT_ACCESS"",""geometry_id"":""GEO-05-084-G1"",""area_sqm"":783.88}","{""owner"":""Municipal Corporation of Delhi"",""land_use"":""TRANSPORT_ACCESS"",""geometry_id"":""GEO-05-084-G1"",""state"":""AUTHORITATIVE""}",False,,2026-09-15 10:30:00,
IN-DL-110054-5-85,ACTIVE,CURRENT,,,HUMAN_REVIEW_REQUIRED,HIGH,Building footprint extends into neighboring parcel.,6,OBS-002067;OBS-002068;OBS-002069;OBS-002070;OBS-002071;OBS-002072,0.71,0.779,0.615,0.628,0.94,0.728,"{""owner"":""BSES Yamuna Power Limited"",""land_use"":""UTILITY"",""geometry_id"":""GEO-05-085-G1"",""area_sqm"":750.5}","{""owner"":""BSES Yamuna Power Limited"",""land_use"":""UTILITY"",""geometry_id"":""GEO-05-085-G1"",""state"":""UNCHANGED_PENDING""}",True,CNF-00436,2026-09-15 10:30:00,TC13_BUILDING_CROSSES_BOUNDARY
IN-DL-110054-5-86,ACTIVE,CURRENT,,,MATCHED_WITH_MINOR_CONFLICT,MEDIUM,Slight spatial shift but identity remains strong.,6,OBS-002073;OBS-002074;OBS-002075;OBS-002076;OBS-002077;OBS-002078,0.857,0.87,0.684,0.684,0.94,0.815,"{""owner"":""BSES Yamuna Power Limited"",""land_use"":""UTILITY"",""geometry_id"":""GEO-05-086-G1"",""area_sqm"":925.96}","{""owner"":""BSES Yamuna Power Limited"",""land_use"":""UTILITY"",""geometry_id"":""GEO-05-086-G1"",""state"":""AUTHORITATIVE""}",False,,2026-09-15 10:30:00,TC02_SLIGHT_GEOMETRY_SHIFT
IN-DL-110054-5-87,ACTIVE,CURRENT,,,AUTO_MATCHED,LOW,No material disagreement,4,OBS-002079;OBS-002080;OBS-002081;OBS-002082,0.854,0.775,0.703,0.703,0.94,0.797,"{""owner"":""Deepak Sethi"",""land_use"":""COMMERCIAL"",""geometry_id"":""GEO-05-087-G1"",""area_sqm"":711.1}","{""owner"":""Deepak Sethi"",""land_use"":""COMMERCIAL"",""geometry_id"":""GEO-05-087-G1"",""state"":""AUTHORITATIVE""}",False,,2026-09-15 10:30:00,
IN-DL-110054-5-88,ACTIVE,CURRENT,,,REJECTED_MATCH,CRITICAL,Geometry/identifiers do not uniquely distinguish candidates.,5,OBS-002083;OBS-002084;OBS-002085;OBS-002086;OBS-002087,0.488,0.812,0.638,0.652,0.94,0.677,"{""owner"":""Aarav Aggarwal"",""land_use"":""COMMERCIAL"",""geometry_id"":""GEO-05-088-G2"",""area_sqm"":794.03,""state"":""REJECTED""}","{""owner"":""Aarav Aggarwal"",""land_use"":""COMMERCIAL"",""geometry_id"":""GEO-05-088-G1"",""state"":""AUTHORITATIVE""}",False,,2026-09-15 10:30:00,TC18_AMBIGUOUS_CANDIDATE_MATCH
IN-DL-110054-5-89,ACTIVE,CURRENT,,,AUTO_MATCHED,LOW,No material disagreement,6,OBS-002088;OBS-002089;OBS-002090;OBS-002091;OBS-002092;OBS-002093,0.886,0.897,0.742,0.742,0.94,0.85,"{""owner"":""Pramaan Redevelopment LLP"",""land_use"":""REDEVELOPMENT"",""geometry_id"":""GEO-05-089-G1"",""area_sqm"":714.01}","{""owner"":""Pramaan Redevelopment LLP"",""land_use"":""REDEVELOPMENT"",""geometry_id"":""GEO-05-089-G1"",""state"":""AUTHORITATIVE""}",False,,2026-09-15 10:30:00,
IN-DL-110054-5-90,ACTIVE,CURRENT,,,MATCHED_WITH_MINOR_CONFLICT,MEDIUM,Abbreviation / formatting variation only.; Sources represent different years.,5,OBS-002094;OBS-002095;OBS-002096;OBS-002097;OBS-002098,0.906,0.775,0.75,0.75,0.94,0.828,"{""owner"":""Pramaan Redevelopment LLP"",""land_use"":""REDEVELOPMENT"",""geometry_id"":""GEO-05-090-G1"",""area_sqm"":651.71}","{""owner"":""Pramaan Redevelopment LLP"",""land_use"":""REDEVELOPMENT"",""geometry_id"":""GEO-05-090-G1"",""state"":""AUTHORITATIVE""}",False,,2026-09-15 10:30:00,
IN-DL-110054-5-91,ACTIVE,CURRENT,IN-DL-110054-5-101,,TENTATIVE,HIGH,Lineage has not propagated consistently.,4,OBS-002099;OBS-002100;OBS-002101;OBS-002102,0.702,0.813,0.648,0.663,0.58,0.698,"{""owner"":""Deepak Kapoor"",""land_use"":""VACANT"",""geometry_id"":""GEO-05-091-G1"",""area_sqm"":873.88}","{""owner"":""Deepak Kapoor"",""land_use"":""VACANT"",""geometry_id"":""GEO-05-091-G1"",""state"":""UNCHANGED_PENDING""}",True,CNF-00709,2026-09-15 10:30:00,TC07_PARCEL_SPLIT
IN-DL-110054-5-92,ACTIVE,CURRENT,IN-DL-110054-5-101,,AUTO_MATCHED,LOW,No material disagreement,2,OBS-002103;OBS-002104,0.94,0.659,0.81,0.81,0.89,0.822,"{""owner"":""Aarav Bhatia"",""land_use"":""VACANT"",""geometry_id"":""GEO-05-092-G1"",""area_sqm"":752.63}","{""owner"":""Aarav Bhatia"",""land_use"":""VACANT"",""geometry_id"":""GEO-05-092-G1"",""state"":""AUTHORITATIVE""}",False,,2026-09-15 10:30:00,TC07_PARCEL_SPLIT
IN-DL-110054-5-93,ACTIVE,CURRENT,IN-DL-110054-5-102;IN-DL-110054-5-103,,REJECTED_MATCH,CRITICAL,Geometry/identifiers do not uniquely distinguish candidates.; Lineage has not propagated consistently.,3,OBS-002105;OBS-002106;OBS-002107,0.498,0.67,0.652,0.667,0.58,0.603,"{""owner"":""Ishaan Arora"",""land_use"":""VACANT"",""geometry_id"":""GEO-05-093-G1"",""area_sqm"":759.24,""state"":""REJECTED""}","{""owner"":""Ishaan Arora"",""land_use"":""VACANT"",""geometry_id"":""GEO-05-093-G1"",""state"":""AUTHORITATIVE""}",True,CNF-00714,2026-09-15 10:30:00,TC06_SEVERAL_HISTORICAL_TO_ONE_CURRENT;TC18_AMBIGUOUS_CANDIDATE_MATCH
IN-DL-110054-5-94,ACTIVE,CURRENT,IN-DL-110054-5-104;IN-DL-110054-5-105,,TENTATIVE,HIGH,Lineage has not propagated consistently.,3,OBS-002108;OBS-002109;OBS-002110,0.732,0.669,0.654,0.668,0.58,0.673,"{""owner"":""Sneha Mehta"",""land_use"":""VACANT"",""geometry_id"":""GEO-05-094-G1"",""area_sqm"":878.79}","{""owner"":""Sneha Mehta"",""land_use"":""VACANT"",""geometry_id"":""GEO-05-094-G1"",""state"":""UNCHANGED_PENDING""}",True,CNF-00708,2026-09-15 10:30:00,TC06_SEVERAL_HISTORICAL_TO_ONE_CURRENT
IN-DL-110054-5-95,ACTIVE,CURRENT,,,AUTO_MATCHED,LOW,No material disagreement,3,OBS-002111;OBS-002112;OBS-002113,0.883,0.741,0.728,0.728,0.94,0.805,"{""owner"":""Deepak Singh"",""land_use"":""VACANT"",""geometry_id"":""GEO-05-095-G1"",""area_sqm"":841.37}","{""owner"":""Deepak Singh"",""land_use"":""VACANT"",""geometry_id"":""GEO-05-095-G1"",""state"":""AUTHORITATIVE""}",False,,2026-09-15 10:30:00,
IN-DL-110054-5-96,ACTIVE,CURRENT,,,RECONCILED,HIGH,Moderate area-basis disagreement.; Redevelopment consolidated old plots.,5,OBS-002114;OBS-002115;OBS-002116;OBS-002117;OBS-002118,0.904,0.777,0.747,0.747,0.94,0.827,"{""owner"":""Pramaan Redevelopment LLP"",""land_use"":""REDEVELOPMENT"",""geometry_id"":""GEO-05-096-G1"",""area_sqm"":1038.09}","{""owner"":""Pramaan Redevelopment LLP"",""land_use"":""REDEVELOPMENT"",""geometry_id"":""GEO-05-096-G1"",""state"":""AUTHORITATIVE""}",False,,2026-09-15 10:30:00,TC22_REDEVELOPMENT_CONSOLIDATION
IN-DL-110054-5-97,ACTIVE,CURRENT,,,AUTO_MATCHED,LOW,No material disagreement,5,OBS-002119;OBS-002120;OBS-002121;OBS-002122;OBS-002123,0.905,0.776,0.748,0.748,0.94,0.827,"{""owner"":""Pramaan Redevelopment LLP"",""land_use"":""REDEVELOPMENT"",""geometry_id"":""GEO-05-097-G1"",""area_sqm"":797.21}","{""owner"":""Pramaan Redevelopment LLP"",""land_use"":""REDEVELOPMENT"",""geometry_id"":""GEO-05-097-G1"",""state"":""AUTHORITATIVE""}",False,,2026-09-15 10:30:00,
IN-DL-110054-5-98,ACTIVE,CURRENT,,,HUMAN_REVIEW_REQUIRED,HIGH,Strong evidence exists but legal/human approval is pending.,5,OBS-002124;OBS-002125;OBS-002126;OBS-002127;OBS-002128,0.745,0.808,0.684,0.699,0.94,0.768,"{""owner"":""Pramaan Redevelopment LLP"",""land_use"":""REDEVELOPMENT"",""geometry_id"":""GEO-05-098-G2"",""area_sqm"":890.18}","{""owner"":""Pramaan Redevelopment LLP"",""land_use"":""REDEVELOPMENT"",""geometry_id"":""GEO-05-098-G1"",""state"":""UNCHANGED_PENDING""}",True,CNF-00647,2026-09-15 10:30:00,TC25_STRONG_EVIDENCE_PENDING_APPROVAL
IN-DL-110054-5-99,ACTIVE,CURRENT,,,AUTO_MATCHED,LOW,No material disagreement,5,OBS-002129;OBS-002130;OBS-002131;OBS-002132;OBS-002133,0.902,0.784,0.746,0.746,0.94,0.827,"{""owner"":""Pramaan Redevelopment LLP"",""land_use"":""REDEVELOPMENT"",""geometry_id"":""GEO-05-099-G1"",""area_sqm"":800.47}","{""owner"":""Pramaan Redevelopment LLP"",""land_use"":""REDEVELOPMENT"",""geometry_id"":""GEO-05-099-G1"",""state"":""AUTHORITATIVE""}",False,,2026-09-15 10:30:00,
IN-DL-110054-5-100,ACTIVE,CURRENT,IN-DL-110054-4-106;IN-DL-110054-5-106,,MATCHED_WITH_MINOR_CONFLICT,LOW,Abbreviation / formatting variation only.,4,OBS-002134;OBS-002135;OBS-002136;OBS-002137,0.853,0.776,0.702,0.702,0.89,0.79,"{""owner"":""Pramaan Redevelopment LLP"",""land_use"":""REDEVELOPMENT"",""geometry_id"":""GEO-05-100-G1"",""area_sqm"":730.62}","{""owner"":""Pramaan Redevelopment LLP"",""land_use"":""REDEVELOPMENT"",""geometry_id"":""GEO-05-100-G1"",""state"":""AUTHORITATIVE""}",False,,2026-09-15 10:30:00,TC06_SEVERAL_HISTORICAL_TO_ONE_CURRENT;TC08_CROSS_CELL_MERGE
IN-DL-110054-6-1,ACTIVE,CURRENT,,,HUMAN_REVIEW_REQUIRED,HIGH,Physical occupation is inconsistent with legal state.,5,OBS-002138;OBS-002139;OBS-002140;OBS-002141;OBS-002142,0.717,0.818,0.634,0.648,0.94,0.746,"{""owner"":""Ishaan Jain"",""land_use"":""COMMERCIAL"",""geometry_id"":""GEO-06-001-G1"",""area_sqm"":705.25}","{""owner"":""Ishaan Jain"",""land_use"":""COMMERCIAL"",""geometry_id"":""GEO-06-001-G1"",""state"":""UNCHANGED_PENDING""}",True,CNF-00464,2026-09-15 10:30:00,TC14_PHYSICAL_OCCUPATION_VS_LEGAL_GEOMETRY
IN-DL-110054-6-2,ACTIVE,CURRENT,,,AUTO_MATCHED,LOW,No material disagreement,4,OBS-002143;OBS-002144;OBS-002145;OBS-002146,0.853,0.776,0.702,0.702,0.94,0.797,"{""owner"":""Sneha Verma"",""land_use"":""COMMERCIAL"",""geometry_id"":""GEO-06-002-G1"",""area_sqm"":711.45}","{""owner"":""Sneha Verma"",""land_use"":""COMMERCIAL"",""geometry_id"":""GEO-06-002-G1"",""state"":""AUTHORITATIVE""}",False,,2026-09-15 10:30:00,
IN-DL-110054-6-3,ACTIVE,CURRENT,,,AUTO_MATCHED,LOW,No material disagreement,5,OBS-002147;OBS-002148;OBS-002149;OBS-002150;OBS-002151,0.866,0.905,0.707,0.707,0.94,0.834,"{""owner"":""Deepak Mishra"",""land_use"":""COMMERCIAL"",""geometry_id"":""GEO-06-003-G1"",""area_sqm"":823.48}","{""owner"":""Deepak Mishra"",""land_use"":""COMMERCIAL"",""geometry_id"":""GEO-06-003-G1"",""state"":""AUTHORITATIVE""}",False,,2026-09-15 10:30:00,
IN-DL-110054-6-4,ACTIVE,CURRENT,,,AUTO_MATCHED,LOW,No material disagreement,5,OBS-002152;OBS-002153;OBS-002154;OBS-002155;OBS-002156,0.868,0.902,0.709,0.709,0.94,0.835,"{""owner"":""Aarav Khanna"",""land_use"":""COMMERCIAL"",""geometry_id"":""GEO-06-004-G1"",""area_sqm"":788.41}","{""owner"":""Aarav Khanna"",""land_use"":""COMMERCIAL"",""geometry_id"":""GEO-06-004-G1"",""state"":""AUTHORITATIVE""}",False,,2026-09-15 10:30:00,
IN-DL-110054-6-5,ACTIVE,CURRENT,,,AUTO_MATCHED,LOW,No material disagreement,5,OBS-002157;OBS-002158;OBS-002159;OBS-002160;OBS-002161,0.869,0.9,0.71,0.71,0.94,0.835,"{""owner"":""Ishaan Sethi"",""land_use"":""COMMERCIAL"",""geometry_id"":""GEO-06-005-G1"",""area_sqm"":685.42}","{""owner"":""Ishaan Sethi"",""land_use"":""COMMERCIAL"",""geometry_id"":""GEO-06-005-G1"",""state"":""AUTHORITATIVE""}",False,,2026-09-15 10:30:00,
IN-DL-110054-6-6,ACTIVE,CURRENT,,,TENTATIVE,HIGH,Municipal owner/occupier differs from revenue owner.,6,OBS-002162;OBS-002163;OBS-002164;OBS-002165;OBS-002166;OBS-002167,0.715,0.789,0.335,0.59,0.94,0.672,"{""owner"":""Sneha Aggarwal"",""land_use"":""COMMERCIAL"",""geometry_id"":""GEO-06-006-G1"",""area_sqm"":1033.08}","{""owner"":""Sneha Aggarwal"",""land_use"":""COMMERCIAL"",""geometry_id"":""GEO-06-006-G1"",""state"":""UNCHANGED_PENDING""}",True,CNF-00364,2026-09-15 10:30:00,TC10_OWNERSHIP_CONFLICT
IN-DL-110054-6-7,ACTIVE,CURRENT,,,AUTO_MATCHED,LOW,No material disagreement,4,OBS-002168;OBS-002169;OBS-002170;OBS-002171,0.85,0.781,0.697,0.697,0.94,0.795,"{""owner"":""Deepak Gupta"",""land_use"":""COMMERCIAL"",""geometry_id"":""GEO-06-007-G1"",""area_sqm"":834.14}","{""owner"":""Deepak Gupta"",""land_use"":""COMMERCIAL"",""geometry_id"":""GEO-06-007-G1"",""state"":""AUTHORITATIVE""}",False,,2026-09-15 10:30:00,
IN-DL-110054-6-8,ACTIVE,CURRENT,,,AUTO_MATCHED,LOW,No material disagreement,5,OBS-002172;OBS-002173;OBS-002174;OBS-002175;OBS-002176,0.868,0.755,0.673,0.673,0.94,0.786,"{""owner"":""Aarav Tiwari"",""land_use"":""COMMERCIAL"",""geometry_id"":""GEO-06-008-G1"",""area_sqm"":750.09}","{""owner"":""Aarav Tiwari"",""land_use"":""COMMERCIAL"",""geometry_id"":""GEO-06-008-G1"",""state"":""AUTHORITATIVE""}",False,,2026-09-15 10:30:00,
IN-DL-110054-6-9,ACTIVE,CURRENT,,,NEEDS_ADDITIONAL_EVIDENCE,MEDIUM,Expected administrative source is absent.,3,OBS-002177;OBS-002178;OBS-002179,0.827,0.781,0.673,0.673,0.94,0.781,"{""owner"":""Ishaan Kapoor"",""land_use"":""COMMERCIAL"",""geometry_id"":""GEO-06-009-G1"",""area_sqm"":684.63}","{""owner"":""Ishaan Kapoor"",""land_use"":""COMMERCIAL"",""geometry_id"":""GEO-06-009-G1"",""state"":""UNCHANGED_PENDING""}",False,CNF-00505,2026-09-15 10:30:00,TC17_MISSING_SOURCE_RECORD
IN-DL-110054-6-10,ACTIVE,CURRENT,,,TENTATIVE,HIGH,Abbreviation / formatting variation only.; Physical occupation is inconsistent with legal state.,4,OBS-002180;OBS-002181;OBS-002182;OBS-002183,0.709,0.697,0.633,0.647,0.94,0.713,"{""owner"":""Sneha Bhatia"",""land_use"":""COMMERCIAL"",""geometry_id"":""GEO-06-010-G1"",""area_sqm"":785.55}","{""owner"":""Sneha Bhatia"",""land_use"":""COMMERCIAL"",""geometry_id"":""GEO-06-010-G1"",""state"":""UNCHANGED_PENDING""}",True,CNF-00471,2026-09-15 10:30:00,TC14_PHYSICAL_OCCUPATION_VS_LEGAL_GEOMETRY
IN-DL-110054-6-11,ACTIVE,CURRENT,,,HUMAN_REVIEW_REQUIRED,HIGH,Local scale/rotation distortion affects boundaries.,5,OBS-002184;OBS-002185;OBS-002186;OBS-002187;OBS-002188,0.72,0.768,0.637,0.652,0.94,0.736,"{""owner"":""Deepak Arora"",""land_use"":""COMMERCIAL"",""geometry_id"":""GEO-06-011-G2"",""area_sqm"":633.97}","{""owner"":""Deepak Arora"",""land_use"":""COMMERCIAL"",""geometry_id"":""GEO-06-011-G2"",""state"":""UNCHANGED_PENDING""}",True,CNF-00305,2026-09-15 10:30:00,TC03_SIGNIFICANT_LOCAL_DISTORTION
IN-DL-110054-6-12,ACTIVE,CURRENT,,,MATCHED_WITH_MINOR_CONFLICT,MEDIUM,Moderate area-basis disagreement.,4,OBS-002189;OBS-002190;OBS-002191;OBS-002192,0.857,0.771,0.707,0.707,0.94,0.798,"{""owner"":""Aarav Mehta"",""land_use"":""COMMERCIAL"",""geometry_id"":""GEO-06-012-G1"",""area_sqm"":640.57}","{""owner"":""Aarav Mehta"",""land_use"":""COMMERCIAL"",""geometry_id"":""GEO-06-012-G1"",""state"":""AUTHORITATIVE""}",False,,2026-09-15 10:30:00,
IN-DL-110054-6-13,ACTIVE,CURRENT,,,AUTO_MATCHED,LOW,No material disagreement,5,OBS-002193;OBS-002194;OBS-002195;OBS-002196;OBS-002197,0.874,0.75,0.682,0.682,0.94,0.79,"{""owner"":""Ishaan Singh"",""land_use"":""COMMERCIAL"",""geometry_id"":""GEO-06-013-G1"",""area_sqm"":741.43}","{""owner"":""Ishaan Singh"",""land_use"":""COMMERCIAL"",""geometry_id"":""GEO-06-013-G1"",""state"":""AUTHORITATIVE""}",False,,2026-09-15 10:30:00,
IN-DL-110054-6-14,ACTIVE,CURRENT,,,AUTO_MATCHED,LOW,No material disagreement,4,OBS-002198;OBS-002199;OBS-002200;OBS-002201,0.85,0.78,0.698,0.698,0.94,0.796,"{""owner"":""Sneha Bansal"",""land_use"":""COMMERCIAL"",""geometry_id"":""GEO-06-014-G1"",""area_sqm"":709.86}","{""owner"":""Sneha Bansal"",""land_use"":""COMMERCIAL"",""geometry_id"":""GEO-06-014-G1"",""state"":""AUTHORITATIVE""}",False,,2026-09-15 10:30:00,
IN-DL-110054-6-15,ACTIVE,CURRENT,,,MATCHED_WITH_MINOR_CONFLICT,MEDIUM,Sources represent different years.,5,OBS-002202;OBS-002203;OBS-002204;OBS-002205;OBS-002206,0.868,0.757,0.674,0.674,0.94,0.787,"{""owner"":""Deepak Sharma"",""land_use"":""COMMERCIAL"",""geometry_id"":""GEO-06-015-G1"",""area_sqm"":617.13}","{""owner"":""Deepak Sharma"",""land_use"":""COMMERCIAL"",""geometry_id"":""GEO-06-015-G1"",""state"":""AUTHORITATIVE""}",False,,2026-09-15 10:30:00,
IN-DL-110054-6-16,ACTIVE,CURRENT,,,AUTO_MATCHED,LOW,No material disagreement,4,OBS-002207;OBS-002208;OBS-002209;OBS-002210,0.853,0.776,0.702,0.702,0.94,0.797,"{""owner"":""Aarav Saxena"",""land_use"":""COMMERCIAL"",""geometry_id"":""GEO-06-016-G1"",""area_sqm"":930.16}","{""owner"":""Aarav Saxena"",""land_use"":""COMMERCIAL"",""geometry_id"":""GEO-06-016-G1"",""state"":""AUTHORITATIVE""}",False,,2026-09-15 10:30:00,
IN-DL-110054-6-17,ACTIVE,CURRENT,,,TENTATIVE,HIGH,Municipal owner/occupier differs from revenue owner.,5,OBS-002211;OBS-002212;OBS-002213;OBS-002214;OBS-002215,0.722,0.678,0.323,0.569,0.94,0.641,"{""owner"":""Ishaan Malhotra"",""land_use"":""COMMERCIAL"",""geometry_id"":""GEO-06-017-G1"",""area_sqm"":751.04}","{""owner"":""Ishaan Malhotra"",""land_use"":""COMMERCIAL"",""geometry_id"":""GEO-06-017-G1"",""state"":""UNCHANGED_PENDING""}",True,CNF-00389,2026-09-15 10:30:00,TC10_OWNERSHIP_CONFLICT
IN-DL-110054-6-18,ACTIVE,CURRENT,,,AUTO_MATCHED,LOW,No material disagreement,5,OBS-002216;OBS-002217;OBS-002218;OBS-002219;OBS-002220,0.868,0.902,0.709,0.709,0.94,0.835,"{""owner"":""Sneha Chawla"",""land_use"":""COMMERCIAL"",""geometry_id"":""GEO-06-018-G1"",""area_sqm"":675.36}","{""owner"":""Sneha Chawla"",""land_use"":""COMMERCIAL"",""geometry_id"":""GEO-06-018-G1"",""state"":""AUTHORITATIVE""}",False,,2026-09-15 10:30:00,
IN-DL-110054-6-19,ACTIVE,CURRENT,,,AUTO_MATCHED,LOW,No material disagreement,3,OBS-002221;OBS-002222;OBS-002223,0.884,0.739,0.73,0.73,0.94,0.806,"{""owner"":""Deepak Jain"",""land_use"":""COMMERCIAL"",""geometry_id"":""GEO-06-019-G1"",""area_sqm"":616.42}","{""owner"":""Deepak Jain"",""land_use"":""COMMERCIAL"",""geometry_id"":""GEO-06-019-G1"",""state"":""AUTHORITATIVE""}",False,,2026-09-15 10:30:00,
IN-DL-110054-6-20,ACTIVE,CURRENT,,,MATCHED_WITH_MINOR_CONFLICT,LOW,Abbreviation / formatting variation only.,3,OBS-002224;OBS-002225;OBS-002226,0.885,0.728,0.752,0.752,0.94,0.81,"{""owner"":""Aarav Verma"",""land_use"":""COMMERCIAL"",""geometry_id"":""GEO-06-020-G1"",""area_sqm"":707.29}","{""owner"":""Aarav Verma"",""land_use"":""COMMERCIAL"",""geometry_id"":""GEO-06-020-G1"",""state"":""AUTHORITATIVE""}",False,,2026-09-15 10:30:00,
IN-DL-110054-6-21,ACTIVE,CURRENT,,,AUTO_MATCHED,LOW,No material disagreement,5,OBS-002227;OBS-002228;OBS-002229;OBS-002230;OBS-002231,0.862,0.911,0.703,0.703,0.94,0.834,"{""owner"":""Ishaan Mishra"",""land_use"":""COMMERCIAL"",""geometry_id"":""GEO-06-021-G1"",""area_sqm"":662.12}","{""owner"":""Ishaan Mishra"",""land_use"":""COMMERCIAL"",""geometry_id"":""GEO-06-021-G1"",""state"":""AUTHORITATIVE""}",False,,2026-09-15 10:30:00,
IN-DL-110054-6-22,ACTIVE,CURRENT,,,AUTO_MATCHED,LOW,No material disagreement,4,OBS-002232;OBS-002233;OBS-002234;OBS-002235,0.852,0.778,0.7,0.7,0.94,0.796,"{""owner"":""Sneha Khanna"",""land_use"":""COMMERCIAL"",""geometry_id"":""GEO-06-022-G1"",""area_sqm"":667.94}","{""owner"":""Sneha Khanna"",""land_use"":""COMMERCIAL"",""geometry_id"":""GEO-06-022-G1"",""state"":""AUTHORITATIVE""}",False,,2026-09-15 10:30:00,
IN-DL-110054-6-23,ACTIVE,CURRENT,,,AUTO_MATCHED,LOW,No material disagreement,4,OBS-002236;OBS-002237;OBS-002238;OBS-002239,0.853,0.777,0.701,0.701,0.94,0.796,"{""owner"":""Deepak Sethi"",""land_use"":""COMMERCIAL"",""geometry_id"":""GEO-06-023-G1"",""area_sqm"":773.11}","{""owner"":""Deepak Sethi"",""land_use"":""COMMERCIAL"",""geometry_id"":""GEO-06-023-G1"",""state"":""AUTHORITATIVE""}",False,,2026-09-15 10:30:00,
IN-DL-110054-6-24,ACTIVE,CURRENT,,,MATCHED_WITH_MINOR_CONFLICT,MEDIUM,Moderate area-basis disagreement.,4,OBS-002240;OBS-002241;OBS-002242;OBS-002243,0.855,0.774,0.703,0.703,0.94,0.797,"{""owner"":""Aarav Aggarwal"",""land_use"":""COMMERCIAL"",""geometry_id"":""GEO-06-024-G1"",""area_sqm"":740.19}","{""owner"":""Aarav Aggarwal"",""land_use"":""COMMERCIAL"",""geometry_id"":""GEO-06-024-G1"",""state"":""AUTHORITATIVE""}",False,,2026-09-15 10:30:00,
IN-DL-110054-6-25,ACTIVE,CURRENT,,,TENTATIVE,HIGH,Physical occupation is inconsistent with legal state.; Slight spatial shift but identity remains strong.,3,OBS-002244;OBS-002245;OBS-002246,0.733,0.644,0.655,0.67,0.94,0.715,"{""owner"":""Ishaan Gupta"",""land_use"":""COMMERCIAL"",""geometry_id"":""GEO-06-025-G1"",""area_sqm"":643.5}","{""owner"":""Ishaan Gupta"",""land_use"":""COMMERCIAL"",""geometry_id"":""GEO-06-025-G1"",""state"":""UNCHANGED_PENDING""}",True,CNF-00474,2026-09-15 10:30:00,TC02_SLIGHT_GEOMETRY_SHIFT;TC14_PHYSICAL_OCCUPATION_VS_LEGAL_GEOMETRY
IN-DL-110054-6-26,ACTIVE,CURRENT,,,AUTO_MATCHED,LOW,No material disagreement,4,OBS-002247;OBS-002248;OBS-002249;OBS-002250,0.857,0.771,0.707,0.707,0.94,0.798,"{""owner"":""Sneha Tiwari"",""land_use"":""COMMERCIAL"",""geometry_id"":""GEO-06-026-G1"",""area_sqm"":969.89}","{""owner"":""Sneha Tiwari"",""land_use"":""COMMERCIAL"",""geometry_id"":""GEO-06-026-G1"",""state"":""AUTHORITATIVE""}",False,,2026-09-15 10:30:00,
IN-DL-110054-6-27,ACTIVE,CURRENT,,,AUTO_MATCHED,LOW,No material disagreement,4,OBS-002251;OBS-002252;OBS-002253;OBS-002254,0.858,0.769,0.708,0.708,0.94,0.798,"{""owner"":""Deepak Kapoor"",""land_use"":""COMMERCIAL"",""geometry_id"":""GEO-06-027-G1"",""area_sqm"":783.12}","{""owner"":""Deepak Kapoor"",""land_use"":""COMMERCIAL"",""geometry_id"":""GEO-06-027-G1"",""state"":""AUTHORITATIVE""}",False,,2026-09-15 10:30:00,
IN-DL-110054-6-28,ACTIVE,CURRENT,,,AUTO_MATCHED,LOW,No material disagreement,4,OBS-002255;OBS-002256;OBS-002257;OBS-002258,0.85,0.78,0.698,0.698,0.94,0.796,"{""owner"":""Aarav Bhatia"",""land_use"":""COMMERCIAL"",""geometry_id"":""GEO-06-028-G1"",""area_sqm"":704.21}","{""owner"":""Aarav Bhatia"",""land_use"":""COMMERCIAL"",""geometry_id"":""GEO-06-028-G1"",""state"":""AUTHORITATIVE""}",False,,2026-09-15 10:30:00,
IN-DL-110054-6-29,ACTIVE,CURRENT,,,AUTO_MATCHED,LOW,No material disagreement,4,OBS-002259;OBS-002260;OBS-002261;OBS-002262,0.851,0.779,0.699,0.699,0.94,0.796,"{""owner"":""Ishaan Arora"",""land_use"":""COMMERCIAL"",""geometry_id"":""GEO-06-029-G1"",""area_sqm"":642.76}","{""owner"":""Ishaan Arora"",""land_use"":""COMMERCIAL"",""geometry_id"":""GEO-06-029-G1"",""state"":""AUTHORITATIVE""}",False,,2026-09-15 10:30:00,
IN-DL-110054-6-30,ACTIVE,CURRENT,,,TENTATIVE,HIGH,Municipal owner/occupier differs from revenue owner.; Sources represent different years.,3,OBS-002263;OBS-002264;OBS-002265,0.731,0.66,0.34,0.599,0.94,0.646,"{""owner"":""Sneha Mehta"",""land_use"":""COMMERCIAL"",""geometry_id"":""GEO-06-030-G1"",""area_sqm"":737.51}","{""owner"":""Sneha Mehta"",""land_use"":""COMMERCIAL"",""geometry_id"":""GEO-06-030-G1"",""state"":""UNCHANGED_PENDING""}",True,CNF-00363,2026-09-15 10:30:00,TC10_OWNERSHIP_CONFLICT
IN-DL-110054-6-31,ACTIVE,CURRENT,,,AUTO_MATCHED,LOW,No material disagreement,2,OBS-002266;OBS-002267,0.94,0.659,0.81,0.81,0.94,0.828,"{""owner"":""Deepak Singh"",""land_use"":""COMMERCIAL"",""geometry_id"":""GEO-06-031-G1"",""area_sqm"":746.89}","{""owner"":""Deepak Singh"",""land_use"":""COMMERCIAL"",""geometry_id"":""GEO-06-031-G1"",""state"":""AUTHORITATIVE""}",False,,2026-09-15 10:30:00,
IN-DL-110054-6-32,ACTIVE,CURRENT,,,REJECTED_MATCH,CRITICAL,Geometry/identifiers do not uniquely distinguish candidates.,5,OBS-002268;OBS-002269;OBS-002270;OBS-002271;OBS-002272,0.491,0.676,0.61,0.624,0.94,0.635,"{""owner"":""Aarav Bansal"",""land_use"":""COMMERCIAL"",""geometry_id"":""GEO-06-032-G1"",""area_sqm"":753.46,""state"":""REJECTED""}","{""owner"":""Aarav Bansal"",""land_use"":""COMMERCIAL"",""geometry_id"":""GEO-06-032-G1"",""state"":""AUTHORITATIVE""}",False,,2026-09-15 10:30:00,TC18_AMBIGUOUS_CANDIDATE_MATCH
IN-DL-110054-6-33,ACTIVE,CURRENT,,,AUTO_MATCHED,LOW,No material disagreement,4,OBS-002273;OBS-002274;OBS-002275;OBS-002276,0.857,0.771,0.706,0.706,0.94,0.798,"{""owner"":""Ishaan Sharma"",""land_use"":""COMMERCIAL"",""geometry_id"":""GEO-06-033-G1"",""area_sqm"":872.1}","{""owner"":""Ishaan Sharma"",""land_use"":""COMMERCIAL"",""geometry_id"":""GEO-06-033-G1"",""state"":""AUTHORITATIVE""}",False,,2026-09-15 10:30:00,
IN-DL-110054-6-34,ACTIVE,CURRENT,,,AUTO_MATCHED,LOW,No material disagreement,3,OBS-002277;OBS-002278;OBS-002279,0.878,0.862,0.775,0.775,0.94,0.849,"{""owner"":""Sneha Saxena"",""land_use"":""COMMERCIAL"",""geometry_id"":""GEO-06-034-G1"",""area_sqm"":834.96}","{""owner"":""Sneha Saxena"",""land_use"":""COMMERCIAL"",""geometry_id"":""GEO-06-034-G1"",""state"":""AUTHORITATIVE""}",False,,2026-09-15 10:30:00,
IN-DL-110054-6-35,ACTIVE,CURRENT,,,MATCHED_WITH_MINOR_CONFLICT,MEDIUM,Multiple municipal units occupy one legal parcel.,6,OBS-002280;OBS-002281;OBS-002282;OBS-002283;OBS-002284;OBS-002285,0.907,0.713,0.735,0.735,0.94,0.808,"{""owner"":""Deepak Malhotra"",""land_use"":""COMMERCIAL"",""geometry_id"":""GEO-06-035-G1"",""area_sqm"":725.89}","{""owner"":""Deepak Malhotra"",""land_use"":""COMMERCIAL"",""geometry_id"":""GEO-06-035-G1"",""state"":""AUTHORITATIVE""}",False,,2026-09-15 10:30:00,TC05_ONE_CADASTRAL_TO_SEVERAL_MUNICIPAL
IN-DL-110054-6-36,ACTIVE,CURRENT,,,MATCHED_WITH_MINOR_CONFLICT,MEDIUM,Moderate area-basis disagreement.,5,OBS-002286;OBS-002287;OBS-002288;OBS-002289;OBS-002290,0.868,0.756,0.674,0.674,0.94,0.787,"{""owner"":""Aarav Chawla"",""land_use"":""COMMERCIAL"",""geometry_id"":""GEO-06-036-G1"",""area_sqm"":1094.08}","{""owner"":""Aarav Chawla"",""land_use"":""COMMERCIAL"",""geometry_id"":""GEO-06-036-G1"",""state"":""AUTHORITATIVE""}",False,,2026-09-15 10:30:00,
IN-DL-110054-6-37,ACTIVE,CURRENT,,,HUMAN_REVIEW_REQUIRED,CRITICAL,High-accuracy survey materially contradicts old cadastral geometry.,5,OBS-002291;OBS-002292;OBS-002293;OBS-002294;OBS-002295,0.718,0.77,0.635,0.649,0.94,0.735,"{""owner"":""Ishaan Jain"",""land_use"":""COMMERCIAL"",""geometry_id"":""GEO-06-037-G2"",""area_sqm"":883.31}","{""owner"":""Ishaan Jain"",""land_use"":""COMMERCIAL"",""geometry_id"":""GEO-06-037-G2"",""state"":""UNCHANGED_PENDING""}",True,CNF-00479,2026-09-15 10:30:00,TC15_GNSS_CONTRADICTS_OLD_CADASTRE
IN-DL-110054-6-38,ACTIVE,CURRENT,,,MATCHED_WITH_MINOR_CONFLICT,MEDIUM,Slight spatial shift but identity remains strong.,4,OBS-002296;OBS-002297;OBS-002298;OBS-002299,0.855,0.756,0.703,0.703,0.94,0.793,"{""owner"":""Sneha Verma"",""land_use"":""COMMERCIAL"",""geometry_id"":""GEO-06-038-G1"",""area_sqm"":794.38}","{""owner"":""Sneha Verma"",""land_use"":""COMMERCIAL"",""geometry_id"":""GEO-06-038-G1"",""state"":""AUTHORITATIVE""}",False,,2026-09-15 10:30:00,TC02_SLIGHT_GEOMETRY_SHIFT
IN-DL-110054-6-39,ACTIVE,CURRENT,,,AUTO_MATCHED,LOW,No material disagreement,3,OBS-002300;OBS-002301;OBS-002302,0.882,0.732,0.748,0.748,0.94,0.809,"{""owner"":""Deepak Mishra"",""land_use"":""COMMERCIAL"",""geometry_id"":""GEO-06-039-G1"",""area_sqm"":725.06}","{""owner"":""Deepak Mishra"",""land_use"":""COMMERCIAL"",""geometry_id"":""GEO-06-039-G1"",""state"":""AUTHORITATIVE""}",False,,2026-09-15 10:30:00,
IN-DL-110054-6-40,ACTIVE,CURRENT,,,MATCHED_WITH_MINOR_CONFLICT,LOW,Abbreviation / formatting variation only.,4,OBS-002303;OBS-002304;OBS-002305;OBS-002306,0.857,0.771,0.707,0.707,0.94,0.798,"{""owner"":""Aarav Khanna"",""land_use"":""COMMERCIAL"",""geometry_id"":""GEO-06-040-G1"",""area_sqm"":831.94}","{""owner"":""Aarav Khanna"",""land_use"":""COMMERCIAL"",""geometry_id"":""GEO-06-040-G1"",""state"":""AUTHORITATIVE""}",False,,2026-09-15 10:30:00,
IN-DL-110054-6-41,ACTIVE,CURRENT,,,AUTO_MATCHED,LOW,No material disagreement,4,OBS-002307;OBS-002308;OBS-002309;OBS-002310,0.858,0.769,0.708,0.708,0.94,0.798,"{""owner"":""Ishaan Sethi"",""land_use"":""MIXED_USE"",""geometry_id"":""GEO-06-041-G1"",""area_sqm"":765.12}","{""owner"":""Ishaan Sethi"",""land_use"":""MIXED_USE"",""geometry_id"":""GEO-06-041-G1"",""state"":""AUTHORITATIVE""}",False,,2026-09-15 10:30:00,
IN-DL-110054-6-42,ACTIVE,CURRENT,,,AUTO_MATCHED,LOW,No material disagreement,4,OBS-002311;OBS-002312;OBS-002313;OBS-002314,0.85,0.78,0.698,0.698,0.94,0.796,"{""owner"":""Sneha Aggarwal"",""land_use"":""MIXED_USE"",""geometry_id"":""GEO-06-042-G1"",""area_sqm"":771.85}","{""owner"":""Sneha Aggarwal"",""land_use"":""MIXED_USE"",""geometry_id"":""GEO-06-042-G1"",""state"":""AUTHORITATIVE""}",False,,2026-09-15 10:30:00,
IN-DL-110054-6-43,ACTIVE,CURRENT,,,AUTO_MATCHED,LOW,No material disagreement,3,OBS-002315;OBS-002316;OBS-002317,0.878,0.737,0.744,0.744,0.94,0.808,"{""owner"":""Deepak Gupta"",""land_use"":""MIXED_USE"",""geometry_id"":""GEO-06-043-G1"",""area_sqm"":893.38}","{""owner"":""Deepak Gupta"",""land_use"":""MIXED_USE"",""geometry_id"":""GEO-06-043-G1"",""state"":""AUTHORITATIVE""}",False,,2026-09-15 10:30:00,
IN-DL-110054-6-44,ACTIVE,CURRENT,,,AUTO_MATCHED,LOW,No material disagreement,6,OBS-002318;OBS-002319;OBS-002320;OBS-002321;OBS-002322;OBS-002323,0.857,0.881,0.684,0.684,0.94,0.818,"{""owner"":""Aarav Tiwari"",""land_use"":""MIXED_USE"",""geometry_id"":""GEO-06-044-G1"",""area_sqm"":855.34}","{""owner"":""Aarav Tiwari"",""land_use"":""MIXED_USE"",""geometry_id"":""GEO-06-044-G1"",""state"":""AUTHORITATIVE""}",False,,2026-09-15 10:30:00,
IN-DL-110054-6-45,ACTIVE,CURRENT,,,MATCHED_WITH_MINOR_CONFLICT,MEDIUM,Slight spatial shift but identity remains strong.; Sources represent different years.,4,OBS-002324;OBS-002325;OBS-002326;OBS-002327,0.85,0.871,0.739,0.739,0.94,0.831,"{""owner"":""Ishaan Kapoor"",""land_use"":""MIXED_USE"",""geometry_id"":""GEO-06-045-G1"",""area_sqm"":743.61}","{""owner"":""Ishaan Kapoor"",""land_use"":""MIXED_USE"",""geometry_id"":""GEO-06-045-G1"",""state"":""AUTHORITATIVE""}",False,,2026-09-15 10:30:00,TC02_SLIGHT_GEOMETRY_SHIFT
IN-DL-110054-6-46,ACTIVE,CURRENT,,,HUMAN_REVIEW_REQUIRED,HIGH,Municipal owner/occupier differs from revenue owner.; Slight spatial shift but identity remains strong.,4,OBS-002328;OBS-002329;OBS-002330;OBS-002331,0.707,0.781,0.351,0.618,0.94,0.674,"{""owner"":""Sneha Bhatia"",""land_use"":""MIXED_USE"",""geometry_id"":""GEO-06-046-G2"",""area_sqm"":1120.78}","{""owner"":""Sneha Bhatia"",""land_use"":""MIXED_USE"",""geometry_id"":""GEO-06-046-G1"",""state"":""UNCHANGED_PENDING""}",True,CNF-00379;CNF-00637,2026-09-15 10:30:00,TC02_SLIGHT_GEOMETRY_SHIFT;TC10_OWNERSHIP_CONFLICT;TC25_STRONG_EVIDENCE_PENDING_APPROVAL
IN-DL-110054-6-47,ACTIVE,CURRENT,,,AUTO_MATCHED,LOW,No material disagreement,4,OBS-002332;OBS-002333;OBS-002334;OBS-002335,0.857,0.771,0.706,0.706,0.94,0.798,"{""owner"":""Deepak Arora"",""land_use"":""MIXED_USE"",""geometry_id"":""GEO-06-047-G1"",""area_sqm"":904.95}","{""owner"":""Deepak Arora"",""land_use"":""MIXED_USE"",""geometry_id"":""GEO-06-047-G1"",""state"":""AUTHORITATIVE""}",False,,2026-09-15 10:30:00,
IN-DL-110054-6-48,ACTIVE,CURRENT,,,RECONCILED,HIGH,Incorrect mutation was applied then reverted.; Moderate area-basis disagreement.,4,OBS-002336;OBS-002337;OBS-002338;OBS-002339,0.859,0.769,0.708,0.708,0.94,0.799,"{""owner"":""Aarav Mehta"",""land_use"":""MIXED_USE"",""geometry_id"":""GEO-06-048-G1"",""area_sqm"":813.76}","{""owner"":""Aarav Mehta"",""land_use"":""MIXED_USE"",""geometry_id"":""GEO-06-048-G1"",""state"":""AUTHORITATIVE""}",False,,2026-09-15 10:30:00,TC23_INCORRECT_MUTATION_ROLLED_BACK
IN-DL-110054-6-49,ACTIVE,CURRENT,,,AUTO_MATCHED,LOW,No material disagreement,4,OBS-002340;OBS-002341;OBS-002342;OBS-002343,0.85,0.781,0.697,0.697,0.94,0.795,"{""owner"":""Ishaan Singh"",""land_use"":""MIXED_USE"",""geometry_id"":""GEO-06-049-G1"",""area_sqm"":742.75}","{""owner"":""Ishaan Singh"",""land_use"":""MIXED_USE"",""geometry_id"":""GEO-06-049-G1"",""state"":""AUTHORITATIVE""}",False,,2026-09-15 10:30:00,
IN-DL-110054-6-50,ACTIVE,CURRENT,,,MATCHED_WITH_MINOR_CONFLICT,LOW,Abbreviation / formatting variation only.,4,OBS-002344;OBS-002345;OBS-002346;OBS-002347,0.848,0.893,0.737,0.737,0.94,0.836,"{""owner"":""Sneha Bansal"",""land_use"":""MIXED_USE"",""geometry_id"":""GEO-06-050-G1"",""area_sqm"":852.24}","{""owner"":""Sneha Bansal"",""land_use"":""MIXED_USE"",""geometry_id"":""GEO-06-050-G1"",""state"":""AUTHORITATIVE""}",False,,2026-09-15 10:30:00,
IN-DL-110054-6-51,ACTIVE,CURRENT,,,AUTO_MATCHED,LOW,No material disagreement,4,OBS-002348;OBS-002349;OBS-002350;OBS-002351,0.853,0.777,0.701,0.701,0.94,0.796,"{""owner"":""Deepak Sharma"",""land_use"":""MIXED_USE"",""geometry_id"":""GEO-06-051-G1"",""area_sqm"":982.86}","{""owner"":""Deepak Sharma"",""land_use"":""MIXED_USE"",""geometry_id"":""GEO-06-051-G1"",""state"":""AUTHORITATIVE""}",False,,2026-09-15 10:30:00,
IN-DL-110054-6-52,ACTIVE,CURRENT,,,AUTO_MATCHED,LOW,No material disagreement,4,OBS-002352;OBS-002353;OBS-002354;OBS-002355,0.855,0.774,0.703,0.703,0.94,0.797,"{""owner"":""Aarav Saxena"",""land_use"":""MIXED_USE"",""geometry_id"":""GEO-06-052-G1"",""area_sqm"":991.5}","{""owner"":""Aarav Saxena"",""land_use"":""MIXED_USE"",""geometry_id"":""GEO-06-052-G1"",""state"":""AUTHORITATIVE""}",False,,2026-09-15 10:30:00,
IN-DL-110054-6-53,ACTIVE,CURRENT,,,AUTO_MATCHED,LOW,No material disagreement,4,OBS-002356;OBS-002357;OBS-002358;OBS-002359,0.855,0.773,0.705,0.705,0.94,0.798,"{""owner"":""Ishaan Malhotra"",""land_use"":""MIXED_USE"",""geometry_id"":""GEO-06-053-G1"",""area_sqm"":1147.62}","{""owner"":""Ishaan Malhotra"",""land_use"":""MIXED_USE"",""geometry_id"":""GEO-06-053-G1"",""state"":""AUTHORITATIVE""}",False,,2026-09-15 10:30:00,
IN-DL-110054-6-54,ACTIVE,CURRENT,,,NEEDS_ADDITIONAL_EVIDENCE,MEDIUM,Expected administrative source is absent.,4,OBS-002360;OBS-002361;OBS-002362;OBS-002363,0.816,0.96,0.685,0.685,0.94,0.826,"{""owner"":""Sneha Chawla"",""land_use"":""MIXED_USE"",""geometry_id"":""GEO-06-054-G1"",""area_sqm"":1098.75}","{""owner"":""Sneha Chawla"",""land_use"":""MIXED_USE"",""geometry_id"":""GEO-06-054-G1"",""state"":""UNCHANGED_PENDING""}",False,CNF-00521,2026-09-15 10:30:00,TC17_MISSING_SOURCE_RECORD
IN-DL-110054-6-55,ACTIVE,CURRENT,,,AUTO_MATCHED,LOW,No material disagreement,4,OBS-002364;OBS-002365;OBS-002366;OBS-002367,0.855,0.889,0.728,0.728,0.94,0.834,"{""owner"":""Deepak Jain"",""land_use"":""MIXED_USE"",""geometry_id"":""GEO-06-055-G1"",""area_sqm"":955.22}","{""owner"":""Deepak Jain"",""land_use"":""MIXED_USE"",""geometry_id"":""GEO-06-055-G1"",""state"":""AUTHORITATIVE""}",False,,2026-09-15 10:30:00,
IN-DL-110054-6-56,ACTIVE,CURRENT,,,AUTO_MATCHED,LOW,No material disagreement,4,OBS-002368;OBS-002369;OBS-002370;OBS-002371,0.85,0.78,0.698,0.698,0.94,0.796,"{""owner"":""Aarav Verma"",""land_use"":""MIXED_USE"",""geometry_id"":""GEO-06-056-G1"",""area_sqm"":1439.73}","{""owner"":""Aarav Verma"",""land_use"":""MIXED_USE"",""geometry_id"":""GEO-06-056-G1"",""state"":""AUTHORITATIVE""}",False,,2026-09-15 10:30:00,
IN-DL-110054-6-57,ACTIVE,CURRENT,,,AUTO_MATCHED,LOW,No material disagreement,5,OBS-002372;OBS-002373;OBS-002374;OBS-002375;OBS-002376,0.863,0.909,0.704,0.704,0.94,0.834,"{""owner"":""Ishaan Mishra"",""land_use"":""MIXED_USE"",""geometry_id"":""GEO-06-057-G1"",""area_sqm"":1162.48}","{""owner"":""Ishaan Mishra"",""land_use"":""MIXED_USE"",""geometry_id"":""GEO-06-057-G1"",""state"":""AUTHORITATIVE""}",False,,2026-09-15 10:30:00,
IN-DL-110054-6-58,ACTIVE,CURRENT,,,TENTATIVE,HIGH,Local scale/rotation distortion affects boundaries.; Municipal owner/occupier differs from revenue owner.,3,OBS-002377;OBS-002378;OBS-002379,0.731,0.583,0.34,0.599,0.94,0.627,"{""owner"":""Sneha Khanna"",""land_use"":""MIXED_USE"",""geometry_id"":""GEO-06-058-G2"",""area_sqm"":1043.67}","{""owner"":""Sneha Khanna"",""land_use"":""MIXED_USE"",""geometry_id"":""GEO-06-058-G2"",""state"":""UNCHANGED_PENDING""}",True,CNF-00310;CNF-00382,2026-09-15 10:30:00,TC03_SIGNIFICANT_LOCAL_DISTORTION;TC10_OWNERSHIP_CONFLICT
IN-DL-110054-6-59,ACTIVE,CURRENT,,,AUTO_MATCHED,LOW,No material disagreement,4,OBS-002380;OBS-002381;OBS-002382;OBS-002383,0.854,0.775,0.703,0.703,0.94,0.797,"{""owner"":""Deepak Sethi"",""land_use"":""MIXED_USE"",""geometry_id"":""GEO-06-059-G1"",""area_sqm"":954.12}","{""owner"":""Deepak Sethi"",""land_use"":""MIXED_USE"",""geometry_id"":""GEO-06-059-G1"",""state"":""AUTHORITATIVE""}",False,,2026-09-15 10:30:00,
IN-DL-110054-6-60,ACTIVE,CURRENT,,,RECONCILED,HIGH,Abbreviation / formatting variation only.; Moderate area-basis disagreement.,5,OBS-002384;OBS-002385;OBS-002386;OBS-002387;OBS-002388,0.868,0.87,0.709,0.709,0.94,0.827,"{""owner"":""Aarav Aggarwal"",""land_use"":""MIXED_USE"",""geometry_id"":""GEO-06-060-G2"",""area_sqm"":1029.08}","{""owner"":""Aarav Aggarwal"",""land_use"":""MIXED_USE"",""geometry_id"":""GEO-06-060-G2"",""state"":""AUTHORITATIVE""}",False,,2026-09-15 10:30:00,TC21_ROAD_WIDENING_BOUNDARY_CORRECTION
IN-DL-110054-6-61,ACTIVE,CURRENT,,,RECONCILED,HIGH,Road widening changed parcel edge.,5,OBS-002389;OBS-002390;OBS-002391;OBS-002392;OBS-002393,0.869,0.868,0.71,0.71,0.94,0.827,"{""owner"":""Ishaan Gupta"",""land_use"":""RESIDENTIAL"",""geometry_id"":""GEO-06-061-G2"",""area_sqm"":593.83}","{""owner"":""Ishaan Gupta"",""land_use"":""RESIDENTIAL"",""geometry_id"":""GEO-06-061-G2"",""state"":""AUTHORITATIVE""}",False,,2026-09-15 10:30:00,TC21_ROAD_WIDENING_BOUNDARY_CORRECTION
IN-DL-110054-6-62,ACTIVE,CURRENT,,,AUTO_MATCHED,LOW,No material disagreement,4,OBS-002394;OBS-002395;OBS-002396;OBS-002397,0.859,0.769,0.708,0.708,0.94,0.799,"{""owner"":""Sneha Tiwari"",""land_use"":""RESIDENTIAL"",""geometry_id"":""GEO-06-062-G1"",""area_sqm"":637.28}","{""owner"":""Sneha Tiwari"",""land_use"":""RESIDENTIAL"",""geometry_id"":""GEO-06-062-G1"",""state"":""AUTHORITATIVE""}",False,,2026-09-15 10:30:00,
IN-DL-110054-6-63,ACTIVE,CURRENT,,,AUTO_MATCHED,LOW,No material disagreement,4,OBS-002398;OBS-002399;OBS-002400;OBS-002401,0.85,0.781,0.697,0.697,0.94,0.795,"{""owner"":""Deepak Kapoor"",""land_use"":""RESIDENTIAL"",""geometry_id"":""GEO-06-063-G1"",""area_sqm"":737.63}","{""owner"":""Deepak Kapoor"",""land_use"":""RESIDENTIAL"",""geometry_id"":""GEO-06-063-G1"",""state"":""AUTHORITATIVE""}",False,,2026-09-15 10:30:00,
IN-DL-110054-6-64,ACTIVE,CURRENT,,,TENTATIVE,HIGH,Municipal owner/occupier differs from revenue owner.,3,OBS-002402;OBS-002403;OBS-002404,0.729,0.662,0.34,0.599,0.94,0.646,"{""owner"":""Aarav Bhatia"",""land_use"":""RESIDENTIAL"",""geometry_id"":""GEO-06-064-G1"",""area_sqm"":706.22}","{""owner"":""Aarav Bhatia"",""land_use"":""RESIDENTIAL"",""geometry_id"":""GEO-06-064-G1"",""state"":""UNCHANGED_PENDING""}",True,CNF-00377,2026-09-15 10:30:00,TC10_OWNERSHIP_CONFLICT
IN-DL-110054-6-65,ACTIVE,CURRENT,,,NEEDS_ADDITIONAL_EVIDENCE,MEDIUM,Expected administrative source is absent.,3,OBS-002405;OBS-002406;OBS-002407,0.827,0.781,0.673,0.673,0.94,0.781,"{""owner"":""Ishaan Arora"",""land_use"":""RESIDENTIAL"",""geometry_id"":""GEO-06-065-G1"",""area_sqm"":613.96}","{""owner"":""Ishaan Arora"",""land_use"":""RESIDENTIAL"",""geometry_id"":""GEO-06-065-G1"",""state"":""UNCHANGED_PENDING""}",False,CNF-00503,2026-09-15 10:30:00,TC17_MISSING_SOURCE_RECORD
IN-DL-110054-6-66,ACTIVE,CURRENT,,,AUTO_MATCHED,LOW,No material disagreement,2,OBS-002408;OBS-002409,0.94,0.659,0.81,0.81,0.94,0.828,"{""owner"":""Sneha Mehta"",""land_use"":""RESIDENTIAL"",""geometry_id"":""GEO-06-066-G1"",""area_sqm"":925.38}","{""owner"":""Sneha Mehta"",""land_use"":""RESIDENTIAL"",""geometry_id"":""GEO-06-066-G1"",""state"":""AUTHORITATIVE""}",False,,2026-09-15 10:30:00,
IN-DL-110054-6-67,ACTIVE,CURRENT,,,AUTO_MATCHED,LOW,No material disagreement,4,OBS-002410;OBS-002411;OBS-002412;OBS-002413,0.855,0.773,0.705,0.705,0.94,0.798,"{""owner"":""Deepak Singh"",""land_use"":""RESIDENTIAL"",""geometry_id"":""GEO-06-067-G1"",""area_sqm"":747.18}","{""owner"":""Deepak Singh"",""land_use"":""RESIDENTIAL"",""geometry_id"":""GEO-06-067-G1"",""state"":""AUTHORITATIVE""}",False,,2026-09-15 10:30:00,
IN-DL-110054-6-68,ACTIVE,CURRENT,,,AUTO_MATCHED,LOW,No material disagreement,4,OBS-002414;OBS-002415;OBS-002416;OBS-002417,0.857,0.771,0.707,0.707,0.94,0.798,"{""owner"":""Aarav Bansal"",""land_use"":""RESIDENTIAL"",""geometry_id"":""GEO-06-068-G1"",""area_sqm"":671.89}","{""owner"":""Aarav Bansal"",""land_use"":""RESIDENTIAL"",""geometry_id"":""GEO-06-068-G1"",""state"":""AUTHORITATIVE""}",False,,2026-09-15 10:30:00,
IN-DL-110054-6-69,ACTIVE,CURRENT,,,HUMAN_REVIEW_REQUIRED,CRITICAL,High-accuracy survey materially contradicts old cadastral geometry.,5,OBS-002418;OBS-002419;OBS-002420;OBS-002421;OBS-002422,0.722,0.759,0.64,0.654,0.94,0.735,"{""owner"":""Ishaan Sharma"",""land_use"":""RESIDENTIAL"",""geometry_id"":""GEO-06-069-G2"",""area_sqm"":613.2}","{""owner"":""Ishaan Sharma"",""land_use"":""RESIDENTIAL"",""geometry_id"":""GEO-06-069-G2"",""state"":""UNCHANGED_PENDING""}",True,CNF-00486,2026-09-15 10:30:00,TC15_GNSS_CONTRADICTS_OLD_CADASTRE
IN-DL-110054-6-70,ACTIVE,CURRENT,,,MATCHED_WITH_MINOR_CONFLICT,LOW,Abbreviation / formatting variation only.,4,OBS-002423;OBS-002424;OBS-002425;OBS-002426,0.846,0.895,0.736,0.736,0.94,0.835,"{""owner"":""Sneha Saxena"",""land_use"":""RESIDENTIAL"",""geometry_id"":""GEO-06-070-G1"",""area_sqm"":703.66}","{""owner"":""Sneha Saxena"",""land_use"":""RESIDENTIAL"",""geometry_id"":""GEO-06-070-G1"",""state"":""AUTHORITATIVE""}",False,,2026-09-15 10:30:00,
IN-DL-110054-6-71,ACTIVE,CURRENT,,,AUTO_MATCHED,LOW,No material disagreement,3,OBS-002427;OBS-002428;OBS-002429,0.879,0.747,0.723,0.723,0.94,0.804,"{""owner"":""Deepak Malhotra"",""land_use"":""RESIDENTIAL"",""geometry_id"":""GEO-06-071-G1"",""area_sqm"":675.53}","{""owner"":""Deepak Malhotra"",""land_use"":""RESIDENTIAL"",""geometry_id"":""GEO-06-071-G1"",""state"":""AUTHORITATIVE""}",False,,2026-09-15 10:30:00,
IN-DL-110054-6-72,ACTIVE,CURRENT,,,MATCHED_WITH_MINOR_CONFLICT,MEDIUM,Moderate area-basis disagreement.,3,OBS-002430;OBS-002431;OBS-002432,0.88,0.734,0.747,0.747,0.94,0.809,"{""owner"":""Aarav Chawla"",""land_use"":""RESIDENTIAL"",""geometry_id"":""GEO-06-072-G1"",""area_sqm"":681.47}","{""owner"":""Aarav Chawla"",""land_use"":""RESIDENTIAL"",""geometry_id"":""GEO-06-072-G1"",""state"":""AUTHORITATIVE""}",False,,2026-09-15 10:30:00,
IN-DL-110054-6-73,ACTIVE,CURRENT,,,HUMAN_REVIEW_REQUIRED,CRITICAL,Duplicate source row can create duplicate legal identity.,4,OBS-002433;OBS-002434;OBS-002435;OBS-002436,0.672,0.666,0.684,0.699,0.94,0.711,"{""owner"":""Ishaan Jain"",""land_use"":""RESIDENTIAL"",""geometry_id"":""GEO-06-073-G1"",""area_sqm"":788.77}","{""owner"":""Ishaan Jain"",""land_use"":""RESIDENTIAL"",""geometry_id"":""GEO-06-073-G1"",""state"":""UNCHANGED_PENDING""}",True,CNF-00318,2026-09-15 10:30:00,TC04_DUPLICATE_SOURCE_PARCEL
IN-DL-110054-6-74,ACTIVE,CURRENT,,,TENTATIVE,HIGH,Physical occupation is inconsistent with legal state.,5,OBS-002437;OBS-002438;OBS-002439;OBS-002440;OBS-004363,0.713,0.642,0.634,0.648,0.94,0.701,"{""owner"":""Sneha Verma"",""land_use"":""RESIDENTIAL"",""geometry_id"":""GEO-06-074-G1"",""area_sqm"":755.18}","{""owner"":""Sneha Verma"",""land_use"":""RESIDENTIAL"",""geometry_id"":""GEO-06-074-G1"",""state"":""UNCHANGED_PENDING""}",True,CNF-00475,2026-09-15 10:30:00,TC14_PHYSICAL_OCCUPATION_VS_LEGAL_GEOMETRY
IN-DL-110054-6-75,ACTIVE,CURRENT,,,MATCHED_WITH_MINOR_CONFLICT,MEDIUM,Sources represent different years.,4,OBS-002441;OBS-002442;OBS-002443;OBS-002444,0.857,0.771,0.706,0.706,0.94,0.798,"{""owner"":""Deepak Mishra"",""land_use"":""RESIDENTIAL"",""geometry_id"":""GEO-06-075-G1"",""area_sqm"":656.53}","{""owner"":""Deepak Mishra"",""land_use"":""RESIDENTIAL"",""geometry_id"":""GEO-06-075-G1"",""state"":""AUTHORITATIVE""}",False,,2026-09-15 10:30:00,
IN-DL-110054-6-76,ACTIVE,CURRENT,,,AUTO_MATCHED,LOW,No material disagreement,3,OBS-002445;OBS-002446;OBS-002447,0.885,0.738,0.732,0.732,0.94,0.806,"{""owner"":""Aarav Khanna"",""land_use"":""RESIDENTIAL"",""geometry_id"":""GEO-06-076-G1"",""area_sqm"":989.54}","{""owner"":""Aarav Khanna"",""land_use"":""RESIDENTIAL"",""geometry_id"":""GEO-06-076-G1"",""state"":""AUTHORITATIVE""}",False,,2026-09-15 10:30:00,
IN-DL-110054-6-77,ACTIVE,CURRENT,,,AUTO_MATCHED,LOW,No material disagreement,5,OBS-002448;OBS-002449;OBS-002450;OBS-002451;OBS-002452,0.862,0.911,0.703,0.703,0.94,0.834,"{""owner"":""Ishaan Sethi"",""land_use"":""RESIDENTIAL"",""geometry_id"":""GEO-06-077-G1"",""area_sqm"":798.99}","{""owner"":""Ishaan Sethi"",""land_use"":""RESIDENTIAL"",""geometry_id"":""GEO-06-077-G1"",""state"":""AUTHORITATIVE""}",False,,2026-09-15 10:30:00,
IN-DL-110054-6-78,ACTIVE,CURRENT,,,AUTO_MATCHED,LOW,No material disagreement,3,OBS-002453;OBS-002454;OBS-002455,0.879,0.736,0.745,0.745,0.94,0.808,"{""owner"":""Sneha Aggarwal"",""land_use"":""RESIDENTIAL"",""geometry_id"":""GEO-06-078-G1"",""area_sqm"":718.47}","{""owner"":""Sneha Aggarwal"",""land_use"":""RESIDENTIAL"",""geometry_id"":""GEO-06-078-G1"",""state"":""AUTHORITATIVE""}",False,,2026-09-15 10:30:00,
IN-DL-110054-6-79,ACTIVE,CURRENT,,,NEEDS_ADDITIONAL_EVIDENCE,HIGH,Expected administrative source is absent.; Multiple municipal units occupy one legal parcel.,4,OBS-002456;OBS-002457;OBS-002458;OBS-002459,0.742,0.581,0.289,0.51,0.94,0.609,"{""owner"":""Deepak Gupta"",""land_use"":""RESIDENTIAL"",""geometry_id"":""GEO-06-079-G1"",""area_sqm"":655.78}","{""owner"":""Deepak Gupta"",""land_use"":""RESIDENTIAL"",""geometry_id"":""GEO-06-079-G1"",""state"":""UNCHANGED_PENDING""}",True,CNF-00368;CNF-00510,2026-09-15 10:30:00,TC05_ONE_CADASTRAL_TO_SEVERAL_MUNICIPAL;TC10_OWNERSHIP_CONFLICT;TC17_MISSING_SOURCE_RECORD
IN-DL-110054-6-80,ACTIVE,CURRENT,,,MATCHED_WITH_MINOR_CONFLICT,LOW,Abbreviation / formatting variation only.,3,OBS-002460;OBS-002461;OBS-002462,0.882,0.732,0.748,0.748,0.94,0.809,"{""owner"":""Aarav Tiwari"",""land_use"":""RESIDENTIAL"",""geometry_id"":""GEO-06-080-G1"",""area_sqm"":752.45}","{""owner"":""Aarav Tiwari"",""land_use"":""RESIDENTIAL"",""geometry_id"":""GEO-06-080-G1"",""state"":""AUTHORITATIVE""}",False,,2026-09-15 10:30:00,
IN-DL-110054-6-81,ACTIVE,CURRENT,,,AUTO_MATCHED,LOW,No material disagreement,4,OBS-002463;OBS-002464;OBS-002465;OBS-002466,0.855,0.773,0.705,0.705,0.94,0.798,"{""owner"":""Ishaan Kapoor"",""land_use"":""RESIDENTIAL"",""geometry_id"":""GEO-06-081-G1"",""area_sqm"":757.33}","{""owner"":""Ishaan Kapoor"",""land_use"":""RESIDENTIAL"",""geometry_id"":""GEO-06-081-G1"",""state"":""AUTHORITATIVE""}",False,,2026-09-15 10:30:00,
IN-DL-110054-6-82,ACTIVE,CURRENT,,,AUTO_MATCHED,LOW,No material disagreement,3,OBS-002467;OBS-002468;OBS-002469,0.884,0.729,0.751,0.751,0.94,0.81,"{""owner"":""Sneha Bhatia"",""land_use"":""RESIDENTIAL"",""geometry_id"":""GEO-06-082-G1"",""area_sqm"":763.98}","{""owner"":""Sneha Bhatia"",""land_use"":""RESIDENTIAL"",""geometry_id"":""GEO-06-082-G1"",""state"":""AUTHORITATIVE""}",False,,2026-09-15 10:30:00,
IN-DL-110054-6-83,ACTIVE,CURRENT,,,AUTO_MATCHED,LOW,No material disagreement,5,OBS-002470;OBS-002471;OBS-002472;OBS-002473;OBS-002474,0.87,0.899,0.711,0.711,0.94,0.835,"{""owner"":""Deepak Arora"",""land_use"":""RESIDENTIAL"",""geometry_id"":""GEO-06-083-G1"",""area_sqm"":884.28}","{""owner"":""Deepak Arora"",""land_use"":""RESIDENTIAL"",""geometry_id"":""GEO-06-083-G1"",""state"":""AUTHORITATIVE""}",False,,2026-09-15 10:30:00,
IN-DL-110054-6-84,ACTIVE,CURRENT,,,MATCHED_WITH_MINOR_CONFLICT,MEDIUM,Moderate area-basis disagreement.,4,OBS-002475;OBS-002476;OBS-002477;OBS-002478,0.85,0.78,0.698,0.698,0.94,0.796,"{""owner"":""Aarav Mehta"",""land_use"":""RESIDENTIAL"",""geometry_id"":""GEO-06-084-G1"",""area_sqm"":846.63}","{""owner"":""Aarav Mehta"",""land_use"":""RESIDENTIAL"",""geometry_id"":""GEO-06-084-G1"",""state"":""AUTHORITATIVE""}",False,,2026-09-15 10:30:00,
IN-DL-110054-6-85,ACTIVE,CURRENT,,,AUTO_MATCHED,LOW,No material disagreement,5,OBS-002479;OBS-002480;OBS-002481;OBS-002482;OBS-002483,0.863,0.909,0.704,0.704,0.94,0.834,"{""owner"":""Ishaan Singh"",""land_use"":""RESIDENTIAL"",""geometry_id"":""GEO-06-085-G1"",""area_sqm"":736.03}","{""owner"":""Ishaan Singh"",""land_use"":""RESIDENTIAL"",""geometry_id"":""GEO-06-085-G1"",""state"":""AUTHORITATIVE""}",False,,2026-09-15 10:30:00,
IN-DL-110054-6-86,ACTIVE,CURRENT,,,TENTATIVE,HIGH,Building footprint extends into neighboring parcel.,4,OBS-002484;OBS-002485;OBS-002486;OBS-002487,0.708,0.674,0.631,0.645,0.94,0.707,"{""owner"":""Sneha Bansal"",""land_use"":""RESIDENTIAL"",""geometry_id"":""GEO-06-086-G1"",""area_sqm"":1109.37}","{""owner"":""Sneha Bansal"",""land_use"":""RESIDENTIAL"",""geometry_id"":""GEO-06-086-G1"",""state"":""UNCHANGED_PENDING""}",True,CNF-00449,2026-09-15 10:30:00,TC13_BUILDING_CROSSES_BOUNDARY
IN-DL-110054-6-87,ACTIVE,CURRENT,,,AUTO_MATCHED,LOW,No material disagreement,4,OBS-002488;OBS-002489;OBS-002490;OBS-002491,0.854,0.775,0.703,0.703,0.94,0.797,"{""owner"":""Deepak Sharma"",""land_use"":""RESIDENTIAL"",""geometry_id"":""GEO-06-087-G1"",""area_sqm"":895.74}","{""owner"":""Deepak Sharma"",""land_use"":""RESIDENTIAL"",""geometry_id"":""GEO-06-087-G1"",""state"":""AUTHORITATIVE""}",False,,2026-09-15 10:30:00,
IN-DL-110054-6-88,ACTIVE,CURRENT,,,AUTO_MATCHED,LOW,No material disagreement,4,OBS-002492;OBS-002493;OBS-002494;OBS-002495,0.852,0.885,0.741,0.741,0.94,0.836,"{""owner"":""Aarav Saxena"",""land_use"":""RESIDENTIAL"",""geometry_id"":""GEO-06-088-G1"",""area_sqm"":805.47}","{""owner"":""Aarav Saxena"",""land_use"":""RESIDENTIAL"",""geometry_id"":""GEO-06-088-G1"",""state"":""AUTHORITATIVE""}",False,,2026-09-15 10:30:00,
IN-DL-110054-6-89,ACTIVE,CURRENT,,,HUMAN_REVIEW_REQUIRED,HIGH,Strong evidence exists but legal/human approval is pending.,5,OBS-002496;OBS-002497;OBS-002498;OBS-002499;OBS-002500,0.721,0.81,0.639,0.653,0.94,0.747,"{""owner"":""Ishaan Malhotra"",""land_use"":""RESIDENTIAL"",""geometry_id"":""GEO-06-089-G2"",""area_sqm"":735.19}","{""owner"":""Ishaan Malhotra"",""land_use"":""RESIDENTIAL"",""geometry_id"":""GEO-06-089-G1"",""state"":""UNCHANGED_PENDING""}",True,CNF-00630,2026-09-15 10:30:00,TC25_STRONG_EVIDENCE_PENDING_APPROVAL
IN-DL-110054-6-90,ACTIVE,CURRENT,,,MATCHED_WITH_MINOR_CONFLICT,MEDIUM,Abbreviation / formatting variation only.; Slight spatial shift but identity remains strong.,4,OBS-002501;OBS-002502;OBS-002503;OBS-002504,0.859,0.749,0.708,0.708,0.94,0.794,"{""owner"":""Sneha Chawla"",""land_use"":""RESIDENTIAL"",""geometry_id"":""GEO-06-090-G1"",""area_sqm"":843.56}","{""owner"":""Sneha Chawla"",""land_use"":""RESIDENTIAL"",""geometry_id"":""GEO-06-090-G1"",""state"":""AUTHORITATIVE""}",False,,2026-09-15 10:30:00,TC02_SLIGHT_GEOMETRY_SHIFT
IN-DL-110054-6-91,ACTIVE,CURRENT,IN-DL-110054-6-101,,AUTO_MATCHED,LOW,No material disagreement,4,OBS-002505;OBS-002506;OBS-002507;OBS-002508,0.853,0.727,0.68,0.68,0.89,0.771,"{""owner"":""Municipal Corporation of Delhi"",""land_use"":""TRANSPORT_ACCESS"",""geometry_id"":""GEO-06-091-G1"",""area_sqm"":757.29}","{""owner"":""Municipal Corporation of Delhi"",""land_use"":""TRANSPORT_ACCESS"",""geometry_id"":""GEO-06-091-G1"",""state"":""AUTHORITATIVE""}",False,,2026-09-15 10:30:00,TC07_PARCEL_SPLIT
IN-DL-110054-6-92,ACTIVE,CURRENT,IN-DL-110054-6-101,,AUTO_MATCHED,LOW,No material disagreement,4,OBS-002509;OBS-002510;OBS-002511;OBS-002512,0.854,0.725,0.682,0.682,0.89,0.771,"{""owner"":""Municipal Corporation of Delhi"",""land_use"":""TRANSPORT_ACCESS"",""geometry_id"":""GEO-06-092-G1"",""area_sqm"":763.95}","{""owner"":""Municipal Corporation of Delhi"",""land_use"":""TRANSPORT_ACCESS"",""geometry_id"":""GEO-06-092-G1"",""state"":""AUTHORITATIVE""}",False,,2026-09-15 10:30:00,TC07_PARCEL_SPLIT
IN-DL-110054-6-93,ACTIVE,CURRENT,IN-DL-110054-6-102;IN-DL-110054-6-103,,TENTATIVE,HIGH,Lineage has not propagated consistently.,5,OBS-002513;OBS-002514;OBS-002515;OBS-002516;OBS-002517,0.72,0.783,0.625,0.639,0.58,0.689,"{""owner"":""Municipal Corporation of Delhi"",""land_use"":""TRANSPORT_ACCESS"",""geometry_id"":""GEO-06-093-G1"",""area_sqm"":884.24}","{""owner"":""Municipal Corporation of Delhi"",""land_use"":""TRANSPORT_ACCESS"",""geometry_id"":""GEO-06-093-G1"",""state"":""UNCHANGED_PENDING""}",True,CNF-00711,2026-09-15 10:30:00,
IN-DL-110054-6-94,ACTIVE,CURRENT,IN-DL-110054-6-104;IN-DL-110054-6-105;IN-DL-110054-6-106,,TENTATIVE,HIGH,Lineage has not propagated consistently.,5,OBS-002518;OBS-002519;OBS-002520;OBS-002521;OBS-002522,0.721,0.781,0.626,0.64,0.58,0.689,"{""owner"":""Municipal Corporation of Delhi"",""land_use"":""TRANSPORT_ACCESS"",""geometry_id"":""GEO-06-094-G1"",""area_sqm"":846.59}","{""owner"":""Municipal Corporation of Delhi"",""land_use"":""TRANSPORT_ACCESS"",""geometry_id"":""GEO-06-094-G1"",""state"":""UNCHANGED_PENDING""}",True,CNF-00705,2026-09-15 10:30:00,TC06_SEVERAL_HISTORICAL_TO_ONE_CURRENT
IN-DL-110054-6-95,ACTIVE,CURRENT,,,AUTO_MATCHED,LOW,No material disagreement,5,OBS-002523;OBS-002524;OBS-002525;OBS-002526;OBS-002527,0.871,0.752,0.678,0.678,0.94,0.788,"{""owner"":""Navjeevan Health Trust"",""land_use"":""HEALTHCARE"",""geometry_id"":""GEO-06-095-G1"",""area_sqm"":736.0}","{""owner"":""Navjeevan Health Trust"",""land_use"":""HEALTHCARE"",""geometry_id"":""GEO-06-095-G1"",""state"":""AUTHORITATIVE""}",False,,2026-09-15 10:30:00,
IN-DL-110054-6-96,ACTIVE,CURRENT,,,MATCHED_WITH_MINOR_CONFLICT,MEDIUM,Moderate area-basis disagreement.,4,OBS-002528;OBS-002529;OBS-002530;OBS-002531,0.899,0.747,0.79,0.79,0.94,0.831,"{""owner"":""Pramaan Education Society"",""land_use"":""INSTITUTIONAL"",""geometry_id"":""GEO-06-096-G1"",""area_sqm"":1109.31}","{""owner"":""Pramaan Education Society"",""land_use"":""INSTITUTIONAL"",""geometry_id"":""GEO-06-096-G1"",""state"":""AUTHORITATIVE""}",False,,2026-09-15 10:30:00,
IN-DL-110054-6-97,ACTIVE,CURRENT,,,AUTO_MATCHED,LOW,No material disagreement,5,OBS-002532;OBS-002533;OBS-002534;OBS-002535;OBS-002536,0.874,0.75,0.682,0.682,0.94,0.79,"{""owner"":""BSES Yamuna Power Limited"",""land_use"":""UTILITY"",""geometry_id"":""GEO-06-097-G1"",""area_sqm"":895.69}","{""owner"":""BSES Yamuna Power Limited"",""land_use"":""UTILITY"",""geometry_id"":""GEO-06-097-G1"",""state"":""AUTHORITATIVE""}",False,,2026-09-15 10:30:00,
IN-DL-110054-6-98,ACTIVE,CURRENT,,,AUTO_MATCHED,LOW,No material disagreement,2,OBS-002537;OBS-002538,0.94,0.659,0.81,0.81,0.94,0.828,"{""owner"":""Sneha Tiwari"",""land_use"":""VACANT"",""geometry_id"":""GEO-06-098-G1"",""area_sqm"":805.43}","{""owner"":""Sneha Tiwari"",""land_use"":""VACANT"",""geometry_id"":""GEO-06-098-G1"",""state"":""AUTHORITATIVE""}",False,,2026-09-15 10:30:00,
IN-DL-110054-6-99,ACTIVE,CURRENT,,,RECONCILED,HIGH,Redevelopment consolidated old plots.,5,OBS-002539;OBS-002540;OBS-002541;OBS-002542;OBS-002543,0.902,0.784,0.746,0.746,0.94,0.827,"{""owner"":""Pramaan Redevelopment LLP"",""land_use"":""REDEVELOPMENT"",""geometry_id"":""GEO-06-099-G1"",""area_sqm"":735.15}","{""owner"":""Pramaan Redevelopment LLP"",""land_use"":""REDEVELOPMENT"",""geometry_id"":""GEO-06-099-G1"",""state"":""AUTHORITATIVE""}",False,,2026-09-15 10:30:00,TC22_REDEVELOPMENT_CONSOLIDATION
IN-DL-110054-6-100,ACTIVE,CURRENT,,,MATCHED_WITH_MINOR_CONFLICT,MEDIUM,Abbreviation / formatting variation only.; Slight spatial shift but identity remains strong.,3,OBS-002544;OBS-002545;OBS-002546,0.88,0.709,0.747,0.747,0.94,0.802,"{""owner"":""Aarav Bhatia"",""land_use"":""COMMERCIAL"",""geometry_id"":""GEO-06-100-G1"",""area_sqm"":843.52}","{""owner"":""Aarav Bhatia"",""land_use"":""COMMERCIAL"",""geometry_id"":""GEO-06-100-G1"",""state"":""AUTHORITATIVE""}",False,,2026-09-15 10:30:00,TC02_SLIGHT_GEOMETRY_SHIFT
IN-DL-110054-7-1,ACTIVE,CURRENT,,,TENTATIVE,HIGH,Local scale/rotation distortion affects boundaries.,4,OBS-002547;OBS-002548;OBS-002549;OBS-002550,0.71,0.595,0.614,0.628,0.94,0.682,"{""owner"":""Ishaan Arora"",""land_use"":""RESIDENTIAL"",""geometry_id"":""GEO-07-001-G2"",""area_sqm"":632.19}","{""owner"":""Ishaan Arora"",""land_use"":""RESIDENTIAL"",""geometry_id"":""GEO-07-001-G2"",""state"":""UNCHANGED_PENDING""}",True,CNF-00311,2026-09-15 10:30:00,TC03_SIGNIFICANT_LOCAL_DISTORTION
IN-DL-110054-7-2,ACTIVE,CURRENT,,,AUTO_MATCHED,LOW,No material disagreement,4,OBS-002551;OBS-002552;OBS-002553;OBS-002554,0.853,0.776,0.702,0.702,0.94,0.797,"{""owner"":""Sneha Mehta"",""land_use"":""RESIDENTIAL"",""geometry_id"":""GEO-07-002-G1"",""area_sqm"":732.91}","{""owner"":""Sneha Mehta"",""land_use"":""RESIDENTIAL"",""geometry_id"":""GEO-07-002-G1"",""state"":""AUTHORITATIVE""}",False,,2026-09-15 10:30:00,
IN-DL-110054-7-3,ACTIVE,CURRENT,,,AUTO_MATCHED,LOW,No material disagreement,3,OBS-002555;OBS-002556;OBS-002557,0.881,0.733,0.747,0.747,0.94,0.809,"{""owner"":""Deepak Singh"",""land_use"":""RESIDENTIAL"",""geometry_id"":""GEO-07-003-G1"",""area_sqm"":701.7}","{""owner"":""Deepak Singh"",""land_use"":""RESIDENTIAL"",""geometry_id"":""GEO-07-003-G1"",""state"":""AUTHORITATIVE""}",False,,2026-09-15 10:30:00,
IN-DL-110054-7-4,ACTIVE,CURRENT,,,TENTATIVE,HIGH,Local scale/rotation distortion affects boundaries.; Multiple municipal units occupy one legal parcel.,4,OBS-002558;OBS-002559;OBS-002560;OBS-002561,0.745,0.566,0.676,0.691,0.94,0.705,"{""owner"":""Aarav Bansal"",""land_use"":""RESIDENTIAL"",""geometry_id"":""GEO-07-004-G2"",""area_sqm"":609.06}","{""owner"":""Aarav Bansal"",""land_use"":""RESIDENTIAL"",""geometry_id"":""GEO-07-004-G2"",""state"":""UNCHANGED_PENDING""}",True,CNF-00304,2026-09-15 10:30:00,TC03_SIGNIFICANT_LOCAL_DISTORTION;TC05_ONE_CADASTRAL_TO_SEVERAL_MUNICIPAL
IN-DL-110054-7-5,ACTIVE,CURRENT,,,MATCHED_WITH_MINOR_CONFLICT,MEDIUM,Slight spatial shift but identity remains strong.,4,OBS-002562;OBS-002563;OBS-002564;OBS-002565,0.857,0.752,0.706,0.706,0.94,0.793,"{""owner"":""Ishaan Sharma"",""land_use"":""RESIDENTIAL"",""geometry_id"":""GEO-07-005-G1"",""area_sqm"":664.87}","{""owner"":""Ishaan Sharma"",""land_use"":""RESIDENTIAL"",""geometry_id"":""GEO-07-005-G1"",""state"":""AUTHORITATIVE""}",False,,2026-09-15 10:30:00,TC02_SLIGHT_GEOMETRY_SHIFT
IN-DL-110054-7-6,ACTIVE,CURRENT,,,AUTO_MATCHED,LOW,No material disagreement,4,OBS-002566;OBS-002567;OBS-002568;OBS-002569,0.859,0.769,0.708,0.708,0.94,0.799,"{""owner"":""Sneha Saxena"",""land_use"":""RESIDENTIAL"",""geometry_id"":""GEO-07-006-G1"",""area_sqm"":1001.06}","{""owner"":""Sneha Saxena"",""land_use"":""RESIDENTIAL"",""geometry_id"":""GEO-07-006-G1"",""state"":""AUTHORITATIVE""}",False,,2026-09-15 10:30:00,
IN-DL-110054-7-7,ACTIVE,CURRENT,,,AUTO_MATCHED,LOW,No material disagreement,3,OBS-002570;OBS-002571;OBS-002572,0.876,0.739,0.743,0.743,0.94,0.807,"{""owner"":""Deepak Malhotra"",""land_use"":""RESIDENTIAL"",""geometry_id"":""GEO-07-007-G1"",""area_sqm"":667.59}","{""owner"":""Deepak Malhotra"",""land_use"":""RESIDENTIAL"",""geometry_id"":""GEO-07-007-G1"",""state"":""AUTHORITATIVE""}",False,,2026-09-15 10:30:00,
IN-DL-110054-7-8,ACTIVE,CURRENT,,,TENTATIVE,HIGH,Building footprint extends into neighboring parcel.,4,OBS-002573;OBS-002574;OBS-002575;OBS-002576,0.707,0.675,0.63,0.644,0.94,0.706,"{""owner"":""Aarav Chawla"",""land_use"":""RESIDENTIAL"",""geometry_id"":""GEO-07-008-G1"",""area_sqm"":609.34}","{""owner"":""Aarav Chawla"",""land_use"":""RESIDENTIAL"",""geometry_id"":""GEO-07-008-G1"",""state"":""UNCHANGED_PENDING""}",True,CNF-00432,2026-09-15 10:30:00,TC13_BUILDING_CROSSES_BOUNDARY
IN-DL-110054-7-9,ACTIVE,CURRENT,,,AUTO_MATCHED,LOW,No material disagreement,3,OBS-002577;OBS-002578;OBS-002579,0.879,0.735,0.746,0.746,0.94,0.808,"{""owner"":""Ishaan Jain"",""land_use"":""RESIDENTIAL"",""geometry_id"":""GEO-07-009-G1"",""area_sqm"":699.16}","{""owner"":""Ishaan Jain"",""land_use"":""RESIDENTIAL"",""geometry_id"":""GEO-07-009-G1"",""state"":""AUTHORITATIVE""}",False,,2026-09-15 10:30:00,
IN-DL-110054-7-10,ACTIVE,CURRENT,,,MATCHED_WITH_MINOR_CONFLICT,LOW,Abbreviation / formatting variation only.,5,OBS-002580;OBS-002581;OBS-002582;OBS-002583;OBS-002584,0.866,0.904,0.707,0.707,0.94,0.835,"{""owner"":""Sneha Verma"",""land_use"":""RESIDENTIAL"",""geometry_id"":""GEO-07-010-G1"",""area_sqm"":734.27}","{""owner"":""Sneha Verma"",""land_use"":""RESIDENTIAL"",""geometry_id"":""GEO-07-010-G1"",""state"":""AUTHORITATIVE""}",False,,2026-09-15 10:30:00,
IN-DL-110054-7-11,ACTIVE,CURRENT,,,MATCHED_WITH_MINOR_CONFLICT,MEDIUM,Multiple municipal units occupy one legal parcel.,6,OBS-002585;OBS-002586;OBS-002587;OBS-002588;OBS-002589;OBS-002590,0.913,0.704,0.742,0.742,0.94,0.809,"{""owner"":""Deepak Mishra"",""land_use"":""RESIDENTIAL"",""geometry_id"":""GEO-07-011-G1"",""area_sqm"":660.26}","{""owner"":""Deepak Mishra"",""land_use"":""RESIDENTIAL"",""geometry_id"":""GEO-07-011-G1"",""state"":""AUTHORITATIVE""}",False,,2026-09-15 10:30:00,TC05_ONE_CADASTRAL_TO_SEVERAL_MUNICIPAL
IN-DL-110054-7-12,ACTIVE,CURRENT,,,MATCHED_WITH_MINOR_CONFLICT,MEDIUM,Moderate area-basis disagreement.,4,OBS-002591;OBS-002592;OBS-002593;OBS-002594,0.857,0.771,0.707,0.707,0.94,0.798,"{""owner"":""Aarav Khanna"",""land_use"":""RESIDENTIAL"",""geometry_id"":""GEO-07-012-G1"",""area_sqm"":764.22}","{""owner"":""Aarav Khanna"",""land_use"":""RESIDENTIAL"",""geometry_id"":""GEO-07-012-G1"",""state"":""AUTHORITATIVE""}",False,,2026-09-15 10:30:00,
IN-DL-110054-7-13,ACTIVE,CURRENT,,,TENTATIVE,HIGH,Building footprint extends into neighboring parcel.,4,OBS-002595;OBS-002596;OBS-002597;OBS-002598,0.712,0.669,0.637,0.651,0.94,0.709,"{""owner"":""Ishaan Sethi"",""land_use"":""RESIDENTIAL"",""geometry_id"":""GEO-07-013-G1"",""area_sqm"":731.68}","{""owner"":""Ishaan Sethi"",""land_use"":""RESIDENTIAL"",""geometry_id"":""GEO-07-013-G1"",""state"":""UNCHANGED_PENDING""}",True,CNF-00428,2026-09-15 10:30:00,TC13_BUILDING_CROSSES_BOUNDARY
IN-DL-110054-7-14,ACTIVE,CURRENT,,,AUTO_MATCHED,LOW,No material disagreement,5,OBS-002599;OBS-002600;OBS-002601;OBS-002602;OBS-002603,0.866,0.756,0.671,0.671,0.94,0.786,"{""owner"":""Sneha Aggarwal"",""land_use"":""RESIDENTIAL"",""geometry_id"":""GEO-07-014-G1"",""area_sqm"":636.1}","{""owner"":""Sneha Aggarwal"",""land_use"":""RESIDENTIAL"",""geometry_id"":""GEO-07-014-G1"",""state"":""AUTHORITATIVE""}",False,,2026-09-15 10:30:00,
IN-DL-110054-7-15,ACTIVE,CURRENT,,,MATCHED_WITH_MINOR_CONFLICT,MEDIUM,Sources represent different years.,4,OBS-002604;OBS-002605;OBS-002606;OBS-002607,0.851,0.779,0.699,0.699,0.94,0.796,"{""owner"":""Deepak Gupta"",""land_use"":""RESIDENTIAL"",""geometry_id"":""GEO-07-015-G1"",""area_sqm"":693.27}","{""owner"":""Deepak Gupta"",""land_use"":""RESIDENTIAL"",""geometry_id"":""GEO-07-015-G1"",""state"":""AUTHORITATIVE""}",False,,2026-09-15 10:30:00,
IN-DL-110054-7-16,ACTIVE,CURRENT,,,REJECTED_MATCH,CRITICAL,Geometry/identifiers do not uniquely distinguish candidates.; Slight spatial shift but identity remains strong.,4,OBS-002608;OBS-002609;OBS-002610;OBS-002611,0.476,0.682,0.631,0.645,0.94,0.639,"{""owner"":""Aarav Tiwari"",""land_use"":""RESIDENTIAL"",""geometry_id"":""GEO-07-016-G1"",""area_sqm"":1043.82,""state"":""REJECTED""}","{""owner"":""Aarav Tiwari"",""land_use"":""RESIDENTIAL"",""geometry_id"":""GEO-07-016-G1"",""state"":""AUTHORITATIVE""}",False,,2026-09-15 10:30:00,TC02_SLIGHT_GEOMETRY_SHIFT;TC18_AMBIGUOUS_CANDIDATE_MATCH
IN-DL-110054-7-17,ACTIVE,CURRENT,,,REJECTED_MATCH,CRITICAL,Geometry/identifiers do not uniquely distinguish candidates.,5,OBS-002612;OBS-002613;OBS-002614;OBS-002615;OBS-002616,0.486,0.814,0.636,0.65,0.94,0.677,"{""owner"":""Ishaan Kapoor"",""land_use"":""RESIDENTIAL"",""geometry_id"":""GEO-07-017-G1"",""area_sqm"":696.11,""state"":""REJECTED""}","{""owner"":""Ishaan Kapoor"",""land_use"":""RESIDENTIAL"",""geometry_id"":""GEO-07-017-G1"",""state"":""AUTHORITATIVE""}",False,,2026-09-15 10:30:00,TC18_AMBIGUOUS_CANDIDATE_MATCH
IN-DL-110054-7-18,ACTIVE,CURRENT,,,AUTO_MATCHED,LOW,No material disagreement,3,OBS-002617;OBS-002618;OBS-002619,0.883,0.741,0.728,0.728,0.94,0.805,"{""owner"":""Sneha Bhatia"",""land_use"":""RESIDENTIAL"",""geometry_id"":""GEO-07-018-G1"",""area_sqm"":635.37}","{""owner"":""Sneha Bhatia"",""land_use"":""RESIDENTIAL"",""geometry_id"":""GEO-07-018-G1"",""state"":""AUTHORITATIVE""}",False,,2026-09-15 10:30:00,
IN-DL-110054-7-19,ACTIVE,CURRENT,,,AUTO_MATCHED,LOW,No material disagreement,4,OBS-002620;OBS-002621;OBS-002622;OBS-002623,0.853,0.891,0.727,0.727,0.94,0.834,"{""owner"":""Deepak Arora"",""land_use"":""RESIDENTIAL"",""geometry_id"":""GEO-07-019-G1"",""area_sqm"":729.03}","{""owner"":""Deepak Arora"",""land_use"":""RESIDENTIAL"",""geometry_id"":""GEO-07-019-G1"",""state"":""AUTHORITATIVE""}",False,,2026-09-15 10:30:00,
IN-DL-110054-7-20,ACTIVE,CURRENT,,,RECONCILED,HIGH,Abbreviation / formatting variation only.; Road widening changed parcel edge.,5,OBS-002624;OBS-002625;OBS-002626;OBS-002627;OBS-002628,0.87,0.865,0.711,0.711,0.94,0.827,"{""owner"":""Aarav Mehta"",""land_use"":""RESIDENTIAL"",""geometry_id"":""GEO-07-020-G2"",""area_sqm"":719.7}","{""owner"":""Aarav Mehta"",""land_use"":""RESIDENTIAL"",""geometry_id"":""GEO-07-020-G2"",""state"":""AUTHORITATIVE""}",False,,2026-09-15 10:30:00,TC21_ROAD_WIDENING_BOUNDARY_CORRECTION
IN-DL-110054-7-21,ACTIVE,CURRENT,,,HUMAN_REVIEW_REQUIRED,CRITICAL,High-accuracy survey materially contradicts old cadastral geometry.,5,OBS-002629;OBS-002630;OBS-002631;OBS-002632;OBS-002633,0.716,0.776,0.633,0.647,0.94,0.735,"{""owner"":""Ishaan Singh"",""land_use"":""RESIDENTIAL"",""geometry_id"":""GEO-07-021-G2"",""area_sqm"":744.72}","{""owner"":""Ishaan Singh"",""land_use"":""RESIDENTIAL"",""geometry_id"":""GEO-07-021-G2"",""state"":""UNCHANGED_PENDING""}",True,CNF-00485,2026-09-15 10:30:00,TC15_GNSS_CONTRADICTS_OLD_CADASTRE
IN-DL-110054-7-22,ACTIVE,CURRENT,,,AUTO_MATCHED,LOW,No material disagreement,4,OBS-002634;OBS-002635;OBS-002636;OBS-002637,0.852,0.778,0.7,0.7,0.94,0.796,"{""owner"":""Sneha Bansal"",""land_use"":""RESIDENTIAL"",""geometry_id"":""GEO-07-022-G1"",""area_sqm"":862.08}","{""owner"":""Sneha Bansal"",""land_use"":""RESIDENTIAL"",""geometry_id"":""GEO-07-022-G1"",""state"":""AUTHORITATIVE""}",False,,2026-09-15 10:30:00,
IN-DL-110054-7-23,ACTIVE,CURRENT,,,AUTO_MATCHED,LOW,No material disagreement,4,OBS-002638;OBS-002639;OBS-002640;OBS-002641,0.853,0.777,0.701,0.701,0.94,0.796,"{""owner"":""Deepak Sharma"",""land_use"":""RESIDENTIAL"",""geometry_id"":""GEO-07-023-G1"",""area_sqm"":825.37}","{""owner"":""Deepak Sharma"",""land_use"":""RESIDENTIAL"",""geometry_id"":""GEO-07-023-G1"",""state"":""AUTHORITATIVE""}",False,,2026-09-15 10:30:00,
IN-DL-110054-7-24,ACTIVE,CURRENT,,,MATCHED_WITH_MINOR_CONFLICT,MEDIUM,Moderate area-basis disagreement.,4,OBS-002642;OBS-002643;OBS-002644;OBS-002645,0.855,0.774,0.703,0.703,0.94,0.797,"{""owner"":""Aarav Saxena"",""land_use"":""RESIDENTIAL"",""geometry_id"":""GEO-07-024-G1"",""area_sqm"":717.55}","{""owner"":""Aarav Saxena"",""land_use"":""RESIDENTIAL"",""geometry_id"":""GEO-07-024-G1"",""state"":""AUTHORITATIVE""}",False,,2026-09-15 10:30:00,
IN-DL-110054-7-25,ACTIVE,CURRENT,,,AUTO_MATCHED,LOW,No material disagreement,4,OBS-002646;OBS-002647;OBS-002648;OBS-002649,0.855,0.773,0.705,0.705,0.94,0.798,"{""owner"":""Ishaan Malhotra"",""land_use"":""RESIDENTIAL"",""geometry_id"":""GEO-07-025-G1"",""area_sqm"":782.04}","{""owner"":""Ishaan Malhotra"",""land_use"":""RESIDENTIAL"",""geometry_id"":""GEO-07-025-G1"",""state"":""AUTHORITATIVE""}",False,,2026-09-15 10:30:00,
IN-DL-110054-7-26,ACTIVE,CURRENT,,,REJECTED_MATCH,CRITICAL,Geometry/identifiers do not uniquely distinguish candidates.; High-accuracy survey materially contradicts old cadastral geometry.,5,OBS-002650;OBS-002651;OBS-002652;OBS-002653;OBS-002654,0.489,0.761,0.639,0.653,0.94,0.665,"{""owner"":""Sneha Chawla"",""land_use"":""RESIDENTIAL"",""geometry_id"":""GEO-07-026-G2"",""area_sqm"":1177.36,""state"":""REJECTED""}","{""owner"":""Sneha Chawla"",""land_use"":""RESIDENTIAL"",""geometry_id"":""GEO-07-026-G2"",""state"":""AUTHORITATIVE""}",True,CNF-00488,2026-09-15 10:30:00,TC15_GNSS_CONTRADICTS_OLD_CADASTRE;TC18_AMBIGUOUS_CANDIDATE_MATCH
IN-DL-110054-7-27,ACTIVE,CURRENT,,,AUTO_MATCHED,LOW,No material disagreement,2,OBS-002655;OBS-002656,0.94,0.659,0.81,0.81,0.94,0.828,"{""owner"":""Deepak Jain"",""land_use"":""RESIDENTIAL"",""geometry_id"":""GEO-07-027-G1"",""area_sqm"":785.25}","{""owner"":""Deepak Jain"",""land_use"":""RESIDENTIAL"",""geometry_id"":""GEO-07-027-G1"",""state"":""AUTHORITATIVE""}",False,,2026-09-15 10:30:00,
IN-DL-110054-7-28,ACTIVE,CURRENT,,,AUTO_MATCHED,LOW,No material disagreement,4,OBS-002657;OBS-002658;OBS-002659;OBS-002660,0.85,0.78,0.698,0.698,0.94,0.796,"{""owner"":""Aarav Verma"",""land_use"":""RESIDENTIAL"",""geometry_id"":""GEO-07-028-G1"",""area_sqm"":716.72}","{""owner"":""Aarav Verma"",""land_use"":""RESIDENTIAL"",""geometry_id"":""GEO-07-028-G1"",""state"":""AUTHORITATIVE""}",False,,2026-09-15 10:30:00,
IN-DL-110054-7-29,ACTIVE,CURRENT,,,MATCHED_WITH_MINOR_CONFLICT,MEDIUM,Slight spatial shift but identity remains strong.,4,OBS-002661;OBS-002662;OBS-002663;OBS-002664,0.851,0.761,0.699,0.699,0.94,0.792,"{""owner"":""Ishaan Mishra"",""land_use"":""RESIDENTIAL"",""geometry_id"":""GEO-07-029-G1"",""area_sqm"":822.37}","{""owner"":""Ishaan Mishra"",""land_use"":""RESIDENTIAL"",""geometry_id"":""GEO-07-029-G1"",""state"":""AUTHORITATIVE""}",False,,2026-09-15 10:30:00,TC02_SLIGHT_GEOMETRY_SHIFT
IN-DL-110054-7-30,ACTIVE,CURRENT,,,RECONCILED,HIGH,Abbreviation / formatting variation only.; Road widening changed parcel edge.,4,OBS-002665;OBS-002666;OBS-002667;OBS-002668,0.849,0.852,0.738,0.738,0.94,0.826,"{""owner"":""Sneha Khanna"",""land_use"":""RESIDENTIAL"",""geometry_id"":""GEO-07-030-G2"",""area_sqm"":811.85}","{""owner"":""Sneha Khanna"",""land_use"":""RESIDENTIAL"",""geometry_id"":""GEO-07-030-G2"",""state"":""AUTHORITATIVE""}",False,,2026-09-15 10:30:00,TC21_ROAD_WIDENING_BOUNDARY_CORRECTION
IN-DL-110054-7-31,ACTIVE,CURRENT,,,AUTO_MATCHED,LOW,No material disagreement,4,OBS-002669;OBS-002670;OBS-002671;OBS-002672,0.854,0.775,0.703,0.703,0.94,0.797,"{""owner"":""Deepak Sethi"",""land_use"":""RESIDENTIAL"",""geometry_id"":""GEO-07-031-G1"",""area_sqm"":762.97}","{""owner"":""Deepak Sethi"",""land_use"":""RESIDENTIAL"",""geometry_id"":""GEO-07-031-G1"",""state"":""AUTHORITATIVE""}",False,,2026-09-15 10:30:00,
IN-DL-110054-7-32,ACTIVE,CURRENT,,,AUTO_MATCHED,LOW,No material disagreement,5,OBS-002673;OBS-002674;OBS-002675;OBS-002676;OBS-002677,0.872,0.751,0.678,0.678,0.94,0.788,"{""owner"":""Aarav Aggarwal"",""land_use"":""RESIDENTIAL"",""geometry_id"":""GEO-07-032-G1"",""area_sqm"":883.11}","{""owner"":""Aarav Aggarwal"",""land_use"":""RESIDENTIAL"",""geometry_id"":""GEO-07-032-G1"",""state"":""AUTHORITATIVE""}",False,,2026-09-15 10:30:00,
IN-DL-110054-7-33,ACTIVE,CURRENT,,,HUMAN_REVIEW_REQUIRED,HIGH,Strong evidence exists but legal/human approval is pending.,4,OBS-002678;OBS-002679;OBS-002680;OBS-002681,0.708,0.795,0.667,0.682,0.94,0.749,"{""owner"":""Ishaan Gupta"",""land_use"":""RESIDENTIAL"",""geometry_id"":""GEO-07-033-G2"",""area_sqm"":845.51}","{""owner"":""Ishaan Gupta"",""land_use"":""RESIDENTIAL"",""geometry_id"":""GEO-07-033-G1"",""state"":""UNCHANGED_PENDING""}",True,CNF-00645,2026-09-15 10:30:00,TC25_STRONG_EVIDENCE_PENDING_APPROVAL
IN-DL-110054-7-34,ACTIVE,CURRENT,,,AUTO_MATCHED,LOW,No material disagreement,4,OBS-002682;OBS-002683;OBS-002684;OBS-002685,0.859,0.769,0.708,0.708,0.94,0.799,"{""owner"":""Sneha Tiwari"",""land_use"":""RESIDENTIAL"",""geometry_id"":""GEO-07-034-G1"",""area_sqm"":735.06}","{""owner"":""Sneha Tiwari"",""land_use"":""RESIDENTIAL"",""geometry_id"":""GEO-07-034-G1"",""state"":""AUTHORITATIVE""}",False,,2026-09-15 10:30:00,
IN-DL-110054-7-35,ACTIVE,CURRENT,,,AUTO_MATCHED,LOW,No material disagreement,5,OBS-002686;OBS-002687;OBS-002688;OBS-002689;OBS-002690,0.862,0.911,0.703,0.703,0.94,0.834,"{""owner"":""Deepak Kapoor"",""land_use"":""RESIDENTIAL"",""geometry_id"":""GEO-07-035-G1"",""area_sqm"":801.13}","{""owner"":""Deepak Kapoor"",""land_use"":""RESIDENTIAL"",""geometry_id"":""GEO-07-035-G1"",""state"":""AUTHORITATIVE""}",False,,2026-09-15 10:30:00,
IN-DL-110054-7-36,ACTIVE,CURRENT,,,MATCHED_WITH_MINOR_CONFLICT,MEDIUM,Moderate area-basis disagreement.,3,OBS-002691;OBS-002692;OBS-002693,0.879,0.736,0.745,0.745,0.94,0.808,"{""owner"":""Aarav Bhatia"",""land_use"":""RESIDENTIAL"",""geometry_id"":""GEO-07-036-G1"",""area_sqm"":1206.21}","{""owner"":""Aarav Bhatia"",""land_use"":""RESIDENTIAL"",""geometry_id"":""GEO-07-036-G1"",""state"":""AUTHORITATIVE""}",False,,2026-09-15 10:30:00,
IN-DL-110054-7-37,ACTIVE,CURRENT,,,AUTO_MATCHED,LOW,No material disagreement,4,OBS-002694;OBS-002695;OBS-002696;OBS-002697,0.853,0.777,0.701,0.701,0.94,0.796,"{""owner"":""Ishaan Arora"",""land_use"":""RESIDENTIAL"",""geometry_id"":""GEO-07-037-G1"",""area_sqm"":804.41}","{""owner"":""Ishaan Arora"",""land_use"":""RESIDENTIAL"",""geometry_id"":""GEO-07-037-G1"",""state"":""AUTHORITATIVE""}",False,,2026-09-15 10:30:00,
IN-DL-110054-7-38,ACTIVE,CURRENT,,,AUTO_MATCHED,LOW,No material disagreement,4,OBS-002698;OBS-002699;OBS-002700;OBS-002701,0.855,0.774,0.703,0.703,0.94,0.797,"{""owner"":""Sneha Mehta"",""land_use"":""RESIDENTIAL"",""geometry_id"":""GEO-07-038-G1"",""area_sqm"":734.21}","{""owner"":""Sneha Mehta"",""land_use"":""RESIDENTIAL"",""geometry_id"":""GEO-07-038-G1"",""state"":""AUTHORITATIVE""}",False,,2026-09-15 10:30:00,
IN-DL-110054-7-39,ACTIVE,CURRENT,,,MATCHED_WITH_MINOR_CONFLICT,MEDIUM,Slight spatial shift but identity remains strong.,5,OBS-002702;OBS-002703;OBS-002704;OBS-002705;OBS-002706,0.867,0.889,0.708,0.708,0.94,0.831,"{""owner"":""Deepak Singh"",""land_use"":""RESIDENTIAL"",""geometry_id"":""GEO-07-039-G1"",""area_sqm"":842.44}","{""owner"":""Deepak Singh"",""land_use"":""RESIDENTIAL"",""geometry_id"":""GEO-07-039-G1"",""state"":""AUTHORITATIVE""}",False,,2026-09-15 10:30:00,TC02_SLIGHT_GEOMETRY_SHIFT
IN-DL-110054-7-40,ACTIVE,CURRENT,,,MATCHED_WITH_MINOR_CONFLICT,LOW,Abbreviation / formatting variation only.,6,OBS-002707;OBS-002708;OBS-002709;OBS-002710;OBS-002711;OBS-002712,0.86,0.877,0.688,0.688,0.94,0.82,"{""owner"":""Aarav Bansal"",""land_use"":""RESIDENTIAL"",""geometry_id"":""GEO-07-040-G1"",""area_sqm"":884.75}","{""owner"":""Aarav Bansal"",""land_use"":""RESIDENTIAL"",""geometry_id"":""GEO-07-040-G1"",""state"":""AUTHORITATIVE""}",False,,2026-09-15 10:30:00,
IN-DL-110054-7-41,ACTIVE,CURRENT,,,HUMAN_REVIEW_REQUIRED,CRITICAL,Duplicate source row can create duplicate legal identity.,6,OBS-002713;OBS-002714;OBS-002715;OBS-002716;OBS-002717;OBS-002718,0.689,0.676,0.631,0.645,0.94,0.701,"{""owner"":""Ishaan Sharma"",""land_use"":""RESIDENTIAL"",""geometry_id"":""GEO-07-041-G1"",""area_sqm"":688.16}","{""owner"":""Ishaan Sharma"",""land_use"":""RESIDENTIAL"",""geometry_id"":""GEO-07-041-G1"",""state"":""UNCHANGED_PENDING""}",True,CNF-00323,2026-09-15 10:30:00,TC04_DUPLICATE_SOURCE_PARCEL
IN-DL-110054-7-42,ACTIVE,CURRENT,,,AUTO_MATCHED,LOW,No material disagreement,4,OBS-002719;OBS-002720;OBS-002721;OBS-002722,0.85,0.78,0.698,0.698,0.94,0.796,"{""owner"":""Sneha Saxena"",""land_use"":""RESIDENTIAL"",""geometry_id"":""GEO-07-042-G1"",""area_sqm"":796.52}","{""owner"":""Sneha Saxena"",""land_use"":""RESIDENTIAL"",""geometry_id"":""GEO-07-042-G1"",""state"":""AUTHORITATIVE""}",False,,2026-09-15 10:30:00,
IN-DL-110054-7-43,ACTIVE,CURRENT,,,MATCHED_WITH_MINOR_CONFLICT,MEDIUM,Slight spatial shift but identity remains strong.,5,OBS-002723;OBS-002724;OBS-002725;OBS-002726;OBS-002727,0.863,0.896,0.704,0.704,0.94,0.831,"{""owner"":""Deepak Malhotra"",""land_use"":""RESIDENTIAL"",""geometry_id"":""GEO-07-043-G1"",""area_sqm"":762.6}","{""owner"":""Deepak Malhotra"",""land_use"":""RESIDENTIAL"",""geometry_id"":""GEO-07-043-G1"",""state"":""AUTHORITATIVE""}",False,,2026-09-15 10:30:00,TC02_SLIGHT_GEOMETRY_SHIFT
IN-DL-110054-7-44,ACTIVE,CURRENT,,,AUTO_MATCHED,LOW,No material disagreement,4,OBS-002728;OBS-002729;OBS-002730;OBS-002731,0.853,0.776,0.702,0.702,0.94,0.797,"{""owner"":""Aarav Chawla"",""land_use"":""RESIDENTIAL"",""geometry_id"":""GEO-07-044-G1"",""area_sqm"":662.98}","{""owner"":""Aarav Chawla"",""land_use"":""RESIDENTIAL"",""geometry_id"":""GEO-07-044-G1"",""state"":""AUTHORITATIVE""}",False,,2026-09-15 10:30:00,
IN-DL-110054-7-45,ACTIVE,CURRENT,,,HUMAN_REVIEW_REQUIRED,CRITICAL,High-accuracy survey materially contradicts old cadastral geometry.; Sources represent different years.,4,OBS-002732;OBS-002733;OBS-002734;OBS-002735,0.706,0.741,0.665,0.68,0.94,0.734,"{""owner"":""Ishaan Jain"",""land_use"":""RESIDENTIAL"",""geometry_id"":""GEO-07-045-G2"",""area_sqm"":722.5}","{""owner"":""Ishaan Jain"",""land_use"":""RESIDENTIAL"",""geometry_id"":""GEO-07-045-G2"",""state"":""UNCHANGED_PENDING""}",True,CNF-00498,2026-09-15 10:30:00,TC15_GNSS_CONTRADICTS_OLD_CADASTRE
IN-DL-110054-7-46,ACTIVE,CURRENT,,,AUTO_MATCHED,LOW,No material disagreement,4,OBS-002736;OBS-002737;OBS-002738;OBS-002739,0.859,0.722,0.689,0.689,0.94,0.781,"{""owner"":""Sneha Verma"",""land_use"":""RESIDENTIAL"",""geometry_id"":""GEO-07-046-G1"",""area_sqm"":1087.93}","{""owner"":""Sneha Verma"",""land_use"":""RESIDENTIAL"",""geometry_id"":""GEO-07-046-G1"",""state"":""AUTHORITATIVE""}",False,,2026-09-15 10:30:00,
IN-DL-110054-7-47,ACTIVE,CURRENT,,,AUTO_MATCHED,LOW,No material disagreement,4,OBS-002740;OBS-002741;OBS-002742;OBS-002743,0.857,0.771,0.706,0.706,0.94,0.798,"{""owner"":""Deepak Mishra"",""land_use"":""RESIDENTIAL"",""geometry_id"":""GEO-07-047-G1"",""area_sqm"":725.53}","{""owner"":""Deepak Mishra"",""land_use"":""RESIDENTIAL"",""geometry_id"":""GEO-07-047-G1"",""state"":""AUTHORITATIVE""}",False,,2026-09-15 10:30:00,
IN-DL-110054-7-48,ACTIVE,CURRENT,,,MATCHED_WITH_MINOR_CONFLICT,MEDIUM,Moderate area-basis disagreement.,4,OBS-002744;OBS-002745;OBS-002746;OBS-002747,0.859,0.769,0.708,0.708,0.94,0.799,"{""owner"":""Aarav Khanna"",""land_use"":""RESIDENTIAL"",""geometry_id"":""GEO-07-048-G1"",""area_sqm"":662.22}","{""owner"":""Aarav Khanna"",""land_use"":""RESIDENTIAL"",""geometry_id"":""GEO-07-048-G1"",""state"":""AUTHORITATIVE""}",False,,2026-09-15 10:30:00,
IN-DL-110054-7-49,ACTIVE,CURRENT,,,AUTO_MATCHED,LOW,No material disagreement,3,OBS-002748;OBS-002749;OBS-002750,0.876,0.739,0.743,0.743,0.94,0.807,"{""owner"":""Ishaan Sethi"",""land_use"":""RESIDENTIAL"",""geometry_id"":""GEO-07-049-G1"",""area_sqm"":759.84}","{""owner"":""Ishaan Sethi"",""land_use"":""RESIDENTIAL"",""geometry_id"":""GEO-07-049-G1"",""state"":""AUTHORITATIVE""}",False,,2026-09-15 10:30:00,
IN-DL-110054-7-50,ACTIVE,CURRENT,,,MATCHED_WITH_MINOR_CONFLICT,LOW,Abbreviation / formatting variation only.,4,OBS-002751;OBS-002752;OBS-002753;OBS-002754,0.852,0.778,0.7,0.7,0.94,0.796,"{""owner"":""Sneha Aggarwal"",""land_use"":""RESIDENTIAL"",""geometry_id"":""GEO-07-050-G1"",""area_sqm"":797.99}","{""owner"":""Sneha Aggarwal"",""land_use"":""RESIDENTIAL"",""geometry_id"":""GEO-07-050-G1"",""state"":""AUTHORITATIVE""}",False,,2026-09-15 10:30:00,
IN-DL-110054-7-51,ACTIVE,CURRENT,,,AUTO_MATCHED,LOW,No material disagreement,3,OBS-002755;OBS-002756;OBS-002757,0.879,0.735,0.746,0.746,0.94,0.808,"{""owner"":""Deepak Gupta"",""land_use"":""RESIDENTIAL"",""geometry_id"":""GEO-07-051-G1"",""area_sqm"":920.66}","{""owner"":""Deepak Gupta"",""land_use"":""RESIDENTIAL"",""geometry_id"":""GEO-07-051-G1"",""state"":""AUTHORITATIVE""}",False,,2026-09-15 10:30:00,
IN-DL-110054-7-52,ACTIVE,CURRENT,,,AUTO_MATCHED,LOW,No material disagreement,3,OBS-002758;OBS-002759;OBS-002760,0.882,0.732,0.748,0.748,0.94,0.809,"{""owner"":""Aarav Tiwari"",""land_use"":""RESIDENTIAL"",""geometry_id"":""GEO-07-052-G1"",""area_sqm"":1065.63}","{""owner"":""Aarav Tiwari"",""land_use"":""RESIDENTIAL"",""geometry_id"":""GEO-07-052-G1"",""state"":""AUTHORITATIVE""}",False,,2026-09-15 10:30:00,
IN-DL-110054-7-53,ACTIVE,CURRENT,,,AUTO_MATCHED,LOW,No material disagreement,4,OBS-002761;OBS-002762;OBS-002763;OBS-002764,0.855,0.773,0.705,0.705,0.94,0.798,"{""owner"":""Ishaan Kapoor"",""land_use"":""RESIDENTIAL"",""geometry_id"":""GEO-07-053-G1"",""area_sqm"":1020.25}","{""owner"":""Ishaan Kapoor"",""land_use"":""RESIDENTIAL"",""geometry_id"":""GEO-07-053-G1"",""state"":""AUTHORITATIVE""}",False,,2026-09-15 10:30:00,
IN-DL-110054-7-54,ACTIVE,CURRENT,,,AUTO_MATCHED,LOW,No material disagreement,4,OBS-002765;OBS-002766;OBS-002767;OBS-002768,0.857,0.771,0.707,0.707,0.94,0.798,"{""owner"":""Sneha Bhatia"",""land_use"":""RESIDENTIAL"",""geometry_id"":""GEO-07-054-G1"",""area_sqm"":886.98}","{""owner"":""Sneha Bhatia"",""land_use"":""RESIDENTIAL"",""geometry_id"":""GEO-07-054-G1"",""state"":""AUTHORITATIVE""}",False,,2026-09-15 10:30:00,
IN-DL-110054-7-55,ACTIVE,CURRENT,,,AUTO_MATCHED,LOW,No material disagreement,4,OBS-002769;OBS-002770;OBS-002771;OBS-002772,0.858,0.769,0.708,0.708,0.94,0.798,"{""owner"":""Deepak Arora"",""land_use"":""RESIDENTIAL"",""geometry_id"":""GEO-07-055-G1"",""area_sqm"":966.7}","{""owner"":""Deepak Arora"",""land_use"":""RESIDENTIAL"",""geometry_id"":""GEO-07-055-G1"",""state"":""AUTHORITATIVE""}",False,,2026-09-15 10:30:00,
IN-DL-110054-7-56,ACTIVE,CURRENT,,,MATCHED_WITH_MINOR_CONFLICT,MEDIUM,Multiple municipal units occupy one legal parcel.,5,OBS-002773;OBS-002774;OBS-002775;OBS-002776;OBS-002777,0.896,0.74,0.72,0.72,0.94,0.807,"{""owner"":""Aarav Mehta"",""land_use"":""RESIDENTIAL"",""geometry_id"":""GEO-07-056-G1"",""area_sqm"":1455.5}","{""owner"":""Aarav Mehta"",""land_use"":""RESIDENTIAL"",""geometry_id"":""GEO-07-056-G1"",""state"":""AUTHORITATIVE""}",False,,2026-09-15 10:30:00,TC05_ONE_CADASTRAL_TO_SEVERAL_MUNICIPAL
IN-DL-110054-7-57,ACTIVE,CURRENT,,,AUTO_MATCHED,LOW,No material disagreement,3,OBS-002778;OBS-002779;OBS-002780,0.878,0.737,0.744,0.744,0.94,0.808,"{""owner"":""Ishaan Singh"",""land_use"":""RESIDENTIAL"",""geometry_id"":""GEO-07-057-G1"",""area_sqm"":970.66}","{""owner"":""Ishaan Singh"",""land_use"":""RESIDENTIAL"",""geometry_id"":""GEO-07-057-G1"",""state"":""AUTHORITATIVE""}",False,,2026-09-15 10:30:00,
IN-DL-110054-7-58,ACTIVE,CURRENT,,,MATCHED_WITH_MINOR_CONFLICT,MEDIUM,Slight spatial shift but identity remains strong.,3,OBS-002781;OBS-002782;OBS-002783,0.88,0.709,0.747,0.747,0.94,0.802,"{""owner"":""Sneha Bansal"",""land_use"":""RESIDENTIAL"",""geometry_id"":""GEO-07-058-G1"",""area_sqm"":885.96}","{""owner"":""Sneha Bansal"",""land_use"":""RESIDENTIAL"",""geometry_id"":""GEO-07-058-G1"",""state"":""AUTHORITATIVE""}",False,,2026-09-15 10:30:00,TC02_SLIGHT_GEOMETRY_SHIFT
IN-DL-110054-7-59,ACTIVE,CURRENT,,,AUTO_MATCHED,LOW,No material disagreement,4,OBS-002784;OBS-002785;OBS-002786;OBS-002787,0.854,0.775,0.703,0.703,0.94,0.797,"{""owner"":""Deepak Sharma"",""land_use"":""RESIDENTIAL"",""geometry_id"":""GEO-07-059-G1"",""area_sqm"":1016.56}","{""owner"":""Deepak Sharma"",""land_use"":""RESIDENTIAL"",""geometry_id"":""GEO-07-059-G1"",""state"":""AUTHORITATIVE""}",False,,2026-09-15 10:30:00,
IN-DL-110054-7-60,ACTIVE,CURRENT,,,MATCHED_WITH_MINOR_CONFLICT,MEDIUM,Abbreviation / formatting variation only.; Moderate area-basis disagreement.,4,OBS-002788;OBS-002789;OBS-002790;OBS-002791,0.856,0.772,0.705,0.705,0.94,0.798,"{""owner"":""Aarav Saxena"",""land_use"":""RESIDENTIAL"",""geometry_id"":""GEO-07-060-G1"",""area_sqm"":1067.6}","{""owner"":""Aarav Saxena"",""land_use"":""RESIDENTIAL"",""geometry_id"":""GEO-07-060-G1"",""state"":""AUTHORITATIVE""}",False,,2026-09-15 10:30:00,
IN-DL-110054-7-61,ACTIVE,CURRENT,,,AUTO_MATCHED,LOW,No material disagreement,4,OBS-002792;OBS-002793;OBS-002794;OBS-002795,0.857,0.771,0.706,0.706,0.94,0.798,"{""owner"":""Ishaan Malhotra"",""land_use"":""RESIDENTIAL"",""geometry_id"":""GEO-07-061-G1"",""area_sqm"":673.63}","{""owner"":""Ishaan Malhotra"",""land_use"":""RESIDENTIAL"",""geometry_id"":""GEO-07-061-G1"",""state"":""AUTHORITATIVE""}",False,,2026-09-15 10:30:00,
IN-DL-110054-7-62,ACTIVE,CURRENT,,,TENTATIVE,HIGH,Municipal owner/occupier differs from revenue owner.,4,OBS-002796;OBS-002797;OBS-002798;OBS-002799,0.713,0.692,0.331,0.583,0.94,0.645,"{""owner"":""Sneha Chawla"",""land_use"":""RESIDENTIAL"",""geometry_id"":""GEO-07-062-G1"",""area_sqm"":779.71}","{""owner"":""Sneha Chawla"",""land_use"":""RESIDENTIAL"",""geometry_id"":""GEO-07-062-G1"",""state"":""UNCHANGED_PENDING""}",True,CNF-00366,2026-09-15 10:30:00,TC10_OWNERSHIP_CONFLICT
IN-DL-110054-7-63,ACTIVE,CURRENT,,,AUTO_MATCHED,LOW,No material disagreement,3,OBS-002800;OBS-002801;OBS-002802,0.876,0.739,0.743,0.743,0.94,0.807,"{""owner"":""Deepak Jain"",""land_use"":""RESIDENTIAL"",""geometry_id"":""GEO-07-063-G1"",""area_sqm"":746.5}","{""owner"":""Deepak Jain"",""land_use"":""RESIDENTIAL"",""geometry_id"":""GEO-07-063-G1"",""state"":""AUTHORITATIVE""}",False,,2026-09-15 10:30:00,
IN-DL-110054-7-64,ACTIVE,CURRENT,,,TENTATIVE,HIGH,Local scale/rotation distortion affects boundaries.,3,OBS-002803;OBS-002804;OBS-002805,0.729,0.585,0.671,0.686,0.94,0.704,"{""owner"":""Aarav Verma"",""land_use"":""RESIDENTIAL"",""geometry_id"":""GEO-07-064-G2"",""area_sqm"":647.95}","{""owner"":""Aarav Verma"",""land_use"":""RESIDENTIAL"",""geometry_id"":""GEO-07-064-G2"",""state"":""UNCHANGED_PENDING""}",True,CNF-00307,2026-09-15 10:30:00,TC03_SIGNIFICANT_LOCAL_DISTORTION
IN-DL-110054-7-65,ACTIVE,CURRENT,,,MATCHED_WITH_MINOR_CONFLICT,MEDIUM,Slight spatial shift but identity remains strong.,4,OBS-002806;OBS-002807;OBS-002808;OBS-002809,0.853,0.759,0.701,0.701,0.94,0.792,"{""owner"":""Ishaan Mishra"",""land_use"":""RESIDENTIAL"",""geometry_id"":""GEO-07-065-G1"",""area_sqm"":707.32}","{""owner"":""Ishaan Mishra"",""land_use"":""RESIDENTIAL"",""geometry_id"":""GEO-07-065-G1"",""state"":""AUTHORITATIVE""}",False,,2026-09-15 10:30:00,TC02_SLIGHT_GEOMETRY_SHIFT
IN-DL-110054-7-66,ACTIVE,CURRENT,,,AUTO_MATCHED,LOW,No material disagreement,4,OBS-002810;OBS-002811;OBS-002812;OBS-002813,0.855,0.774,0.703,0.703,0.94,0.797,"{""owner"":""Sneha Khanna"",""land_use"":""RESIDENTIAL"",""geometry_id"":""GEO-07-066-G1"",""area_sqm"":1064.97}","{""owner"":""Sneha Khanna"",""land_use"":""RESIDENTIAL"",""geometry_id"":""GEO-07-066-G1"",""state"":""AUTHORITATIVE""}",False,,2026-09-15 10:30:00,
IN-DL-110054-7-67,ACTIVE,CURRENT,,,AUTO_MATCHED,LOW,No material disagreement,3,OBS-002814;OBS-002815;OBS-002816,0.883,0.741,0.728,0.728,0.94,0.805,"{""owner"":""Deepak Sethi"",""land_use"":""RESIDENTIAL"",""geometry_id"":""GEO-07-067-G1"",""area_sqm"":710.22}","{""owner"":""Deepak Sethi"",""land_use"":""RESIDENTIAL"",""geometry_id"":""GEO-07-067-G1"",""state"":""AUTHORITATIVE""}",False,,2026-09-15 10:30:00,
IN-DL-110054-7-68,ACTIVE,CURRENT,,,AUTO_MATCHED,LOW,No material disagreement,4,OBS-002817;OBS-002818;OBS-002819;OBS-002820,0.857,0.771,0.707,0.707,0.94,0.798,"{""owner"":""Aarav Aggarwal"",""land_use"":""RESIDENTIAL"",""geometry_id"":""GEO-07-068-G1"",""area_sqm"":648.24}","{""owner"":""Aarav Aggarwal"",""land_use"":""RESIDENTIAL"",""geometry_id"":""GEO-07-068-G1"",""state"":""AUTHORITATIVE""}",False,,2026-09-15 10:30:00,
IN-DL-110054-7-69,ACTIVE,CURRENT,,,AUTO_MATCHED,LOW,No material disagreement,4,OBS-002821;OBS-002822;OBS-002823;OBS-002824,0.858,0.769,0.708,0.708,0.94,0.798,"{""owner"":""Ishaan Gupta"",""land_use"":""RESIDENTIAL"",""geometry_id"":""GEO-07-069-G1"",""area_sqm"":743.8}","{""owner"":""Ishaan Gupta"",""land_use"":""RESIDENTIAL"",""geometry_id"":""GEO-07-069-G1"",""state"":""AUTHORITATIVE""}",False,,2026-09-15 10:30:00,
IN-DL-110054-7-70,ACTIVE,CURRENT,,,MATCHED_WITH_MINOR_CONFLICT,LOW,Abbreviation / formatting variation only.,4,OBS-002825;OBS-002826;OBS-002827;OBS-002828,0.85,0.78,0.698,0.698,0.94,0.796,"{""owner"":""Sneha Tiwari"",""land_use"":""RESIDENTIAL"",""geometry_id"":""GEO-07-070-G1"",""area_sqm"":781.15}","{""owner"":""Sneha Tiwari"",""land_use"":""RESIDENTIAL"",""geometry_id"":""GEO-07-070-G1"",""state"":""AUTHORITATIVE""}",False,,2026-09-15 10:30:00,
IN-DL-110054-7-71,ACTIVE,CURRENT,,,AUTO_MATCHED,LOW,No material disagreement,5,OBS-002829;OBS-002830;OBS-002831;OBS-002832;OBS-002833,0.902,0.784,0.746,0.746,0.94,0.827,"{""owner"":""Yamuna View Redevelopment Consortium"",""land_use"":""REDEVELOPMENT"",""geometry_id"":""GEO-07-071-G1"",""area_sqm"":755.2}","{""owner"":""Yamuna View Redevelopment Consortium"",""land_use"":""REDEVELOPMENT"",""geometry_id"":""GEO-07-071-G1"",""state"":""AUTHORITATIVE""}",False,,2026-09-15 10:30:00,
IN-DL-110054-7-72,ACTIVE,CURRENT,,,MATCHED_WITH_MINOR_CONFLICT,MEDIUM,Moderate area-basis disagreement.,6,OBS-002834;OBS-002835;OBS-002836;OBS-002837;OBS-002838;OBS-002839,0.883,0.902,0.739,0.739,0.94,0.849,"{""owner"":""Yamuna View Apartment Owners Association"",""land_use"":""RESIDENTIAL"",""geometry_id"":""GEO-07-072-G1"",""area_sqm"":874.12}","{""owner"":""Yamuna View Apartment Owners Association"",""land_use"":""RESIDENTIAL"",""geometry_id"":""GEO-07-072-G1"",""state"":""AUTHORITATIVE""}",False,,2026-09-15 10:30:00,
IN-DL-110054-7-73,ACTIVE,CURRENT,,,AUTO_MATCHED,LOW,No material disagreement,5,OBS-002840;OBS-002841;OBS-002842;OBS-002843;OBS-002844,0.903,0.78,0.746,0.746,0.94,0.827,"{""owner"":""Yamuna View Apartment Owners Association"",""land_use"":""RESIDENTIAL"",""geometry_id"":""GEO-07-073-G1"",""area_sqm"":836.9}","{""owner"":""Yamuna View Apartment Owners Association"",""land_use"":""RESIDENTIAL"",""geometry_id"":""GEO-07-073-G1"",""state"":""AUTHORITATIVE""}",False,,2026-09-15 10:30:00,
IN-DL-110054-7-74,ACTIVE,CURRENT,,,AUTO_MATCHED,LOW,No material disagreement,4,OBS-002845;OBS-002846;OBS-002847;OBS-002848,0.856,0.772,0.705,0.705,0.94,0.798,"{""owner"":""Yamuna View Apartment Owners Association"",""land_use"":""RESIDENTIAL"",""geometry_id"":""GEO-07-074-G1"",""area_sqm"":727.57}","{""owner"":""Yamuna View Apartment Owners Association"",""land_use"":""RESIDENTIAL"",""geometry_id"":""GEO-07-074-G1"",""state"":""AUTHORITATIVE""}",False,,2026-09-15 10:30:00,
IN-DL-110054-7-75,ACTIVE,CURRENT,,,MATCHED_WITH_MINOR_CONFLICT,MEDIUM,Sources represent different years.,6,OBS-002849;OBS-002850;OBS-002851;OBS-002852;OBS-002853;OBS-002854,0.892,0.761,0.722,0.722,0.94,0.811,"{""owner"":""Yamuna View Apartment Owners Association"",""land_use"":""RESIDENTIAL"",""geometry_id"":""GEO-07-075-G1"",""area_sqm"":792.97}","{""owner"":""Yamuna View Apartment Owners Association"",""land_use"":""RESIDENTIAL"",""geometry_id"":""GEO-07-075-G1"",""state"":""AUTHORITATIVE""}",False,,2026-09-15 10:30:00,
IN-DL-110054-7-76,ACTIVE,CURRENT,,,HUMAN_REVIEW_REQUIRED,CRITICAL,High-accuracy survey materially contradicts old cadastral geometry.,6,OBS-002855;OBS-002856;OBS-002857;OBS-002858;OBS-002859;OBS-002860,0.736,0.764,0.668,0.683,0.94,0.749,"{""owner"":""Yamuna View Redevelopment Consortium"",""land_use"":""REDEVELOPMENT"",""geometry_id"":""GEO-07-076-G2"",""area_sqm"":1193.81}","{""owner"":""Yamuna View Redevelopment Consortium"",""land_use"":""REDEVELOPMENT"",""geometry_id"":""GEO-07-076-G2"",""state"":""UNCHANGED_PENDING""}",True,CNF-00480,2026-09-15 10:30:00,TC15_GNSS_CONTRADICTS_OLD_CADASTRE
IN-DL-110054-7-77,ACTIVE,CURRENT,,,TENTATIVE,HIGH,Local scale/rotation distortion affects boundaries.,4,OBS-002861;OBS-002862;OBS-002863;OBS-002864,0.705,0.649,0.628,0.642,0.94,0.698,"{""owner"":""Ishaan Sharma"",""land_use"":""MIXED_USE"",""geometry_id"":""GEO-07-077-G2"",""area_sqm"":794.94}","{""owner"":""Ishaan Sharma"",""land_use"":""MIXED_USE"",""geometry_id"":""GEO-07-077-G2"",""state"":""UNCHANGED_PENDING""}",True,CNF-00295,2026-09-15 10:30:00,TC03_SIGNIFICANT_LOCAL_DISTORTION
IN-DL-110054-7-78,ACTIVE,CURRENT,,,TENTATIVE,HIGH,Physical occupation is inconsistent with legal state.,4,OBS-002865;OBS-002866;OBS-002867;OBS-002868,0.707,0.7,0.63,0.644,0.94,0.713,"{""owner"":""Sneha Saxena"",""land_use"":""MIXED_USE"",""geometry_id"":""GEO-07-078-G1"",""area_sqm"":726.73}","{""owner"":""Sneha Saxena"",""land_use"":""MIXED_USE"",""geometry_id"":""GEO-07-078-G1"",""state"":""UNCHANGED_PENDING""}",True,CNF-00454,2026-09-15 10:30:00,TC14_PHYSICAL_OCCUPATION_VS_LEGAL_GEOMETRY
IN-DL-110054-7-79,ACTIVE,CURRENT,,,TENTATIVE,HIGH,Physical occupation is inconsistent with legal state.,4,OBS-002869;OBS-002870;OBS-002871;OBS-002872,0.708,0.699,0.631,0.645,0.94,0.713,"{""owner"":""Deepak Malhotra"",""land_use"":""MIXED_USE"",""geometry_id"":""GEO-07-079-G1"",""area_sqm"":833.86}","{""owner"":""Deepak Malhotra"",""land_use"":""MIXED_USE"",""geometry_id"":""GEO-07-079-G1"",""state"":""UNCHANGED_PENDING""}",True,CNF-00456,2026-09-15 10:30:00,TC14_PHYSICAL_OCCUPATION_VS_LEGAL_GEOMETRY
IN-DL-110054-7-80,ACTIVE,CURRENT,,,MATCHED_WITH_MINOR_CONFLICT,LOW,Abbreviation / formatting variation only.,5,OBS-002873;OBS-002874;OBS-002875;OBS-002876;OBS-002877,0.866,0.904,0.707,0.707,0.94,0.835,"{""owner"":""Aarav Chawla"",""land_use"":""MIXED_USE"",""geometry_id"":""GEO-07-080-G1"",""area_sqm"":875.74}","{""owner"":""Aarav Chawla"",""land_use"":""MIXED_USE"",""geometry_id"":""GEO-07-080-G1"",""state"":""AUTHORITATIVE""}",False,,2026-09-15 10:30:00,
IN-DL-110054-7-81,ACTIVE,CURRENT,,,AUTO_MATCHED,LOW,No material disagreement,4,OBS-002878;OBS-002879;OBS-002880;OBS-002881,0.898,0.75,0.789,0.789,0.94,0.832,"{""owner"":""Yamuna View Redevelopment Consortium"",""land_use"":""REDEVELOPMENT"",""geometry_id"":""GEO-07-081-G1"",""area_sqm"":755.17}","{""owner"":""Yamuna View Redevelopment Consortium"",""land_use"":""REDEVELOPMENT"",""geometry_id"":""GEO-07-081-G1"",""state"":""AUTHORITATIVE""}",False,,2026-09-15 10:30:00,
IN-DL-110054-7-82,ACTIVE,CURRENT,,,AUTO_MATCHED,LOW,No material disagreement,5,OBS-002882;OBS-002883;OBS-002884;OBS-002885;OBS-002886,0.908,0.733,0.75,0.75,0.94,0.818,"{""owner"":""Yamuna View Apartment Owners Association"",""land_use"":""RESIDENTIAL"",""geometry_id"":""GEO-07-082-G1"",""area_sqm"":874.08}","{""owner"":""Yamuna View Apartment Owners Association"",""land_use"":""RESIDENTIAL"",""geometry_id"":""GEO-07-082-G1"",""state"":""AUTHORITATIVE""}",False,,2026-09-15 10:30:00,
IN-DL-110054-7-83,ACTIVE,CURRENT,,,HUMAN_REVIEW_REQUIRED,HIGH,Building footprint extends into neighboring parcel.,5,OBS-002887;OBS-002888;OBS-002889;OBS-002890;OBS-002891,0.752,0.68,0.675,0.69,0.94,0.736,"{""owner"":""Yamuna View Apartment Owners Association"",""land_use"":""RESIDENTIAL"",""geometry_id"":""GEO-07-083-G1"",""area_sqm"":836.86}","{""owner"":""Yamuna View Apartment Owners Association"",""land_use"":""RESIDENTIAL"",""geometry_id"":""GEO-07-083-G1"",""state"":""UNCHANGED_PENDING""}",True,CNF-00426,2026-09-15 10:30:00,TC13_BUILDING_CROSSES_BOUNDARY
IN-DL-110054-7-84,ACTIVE,CURRENT,,,REJECTED_MATCH,CRITICAL,Expected administrative source is absent.; Geometry/identifiers do not uniquely distinguish candidates.,5,OBS-002892;OBS-002893;OBS-002894;OBS-002895;OBS-004355,0.478,0.748,0.379,0.668,0.94,0.609,"{""owner"":""Yamuna View Apartment Owners Association"",""land_use"":""RESIDENTIAL"",""geometry_id"":""GEO-07-084-G1"",""area_sqm"":727.54,""state"":""REJECTED""}","{""owner"":""Yamuna View Apartment Owners Association"",""land_use"":""RESIDENTIAL"",""geometry_id"":""GEO-07-084-G1"",""state"":""AUTHORITATIVE""}",True,CNF-00516;CNF-00380,2026-09-15 10:30:00,TC10_OWNERSHIP_CONFLICT;TC17_MISSING_SOURCE_RECORD;TC18_AMBIGUOUS_CANDIDATE_MATCH
IN-DL-110054-7-85,ACTIVE,CURRENT,,,AUTO_MATCHED,LOW,No material disagreement,5,OBS-002896;OBS-002897;OBS-002898;OBS-002899;OBS-002900,0.901,0.783,0.744,0.744,0.94,0.826,"{""owner"":""Yamuna View Apartment Owners Association"",""land_use"":""RESIDENTIAL"",""geometry_id"":""GEO-07-085-G1"",""area_sqm"":792.93}","{""owner"":""Yamuna View Apartment Owners Association"",""land_use"":""RESIDENTIAL"",""geometry_id"":""GEO-07-085-G1"",""state"":""AUTHORITATIVE""}",False,,2026-09-15 10:30:00,
IN-DL-110054-7-86,ACTIVE,CURRENT,,,AUTO_MATCHED,LOW,No material disagreement,7,OBS-002901;OBS-002902;OBS-002903;OBS-002904;OBS-002905;OBS-002906;OBS-002907,0.875,0.881,0.718,0.718,0.94,0.835,"{""owner"":""Yamuna View Redevelopment Consortium"",""land_use"":""REDEVELOPMENT"",""geometry_id"":""GEO-07-086-G1"",""area_sqm"":1193.87}","{""owner"":""Yamuna View Redevelopment Consortium"",""land_use"":""REDEVELOPMENT"",""geometry_id"":""GEO-07-086-G1"",""state"":""AUTHORITATIVE""}",False,,2026-09-15 10:30:00,
IN-DL-110054-7-87,ACTIVE,CURRENT,,,HUMAN_REVIEW_REQUIRED,HIGH,Building footprint extends into neighboring parcel.,5,OBS-002908;OBS-002909;OBS-002910;OBS-002911;OBS-002912,0.719,0.796,0.636,0.65,0.94,0.742,"{""owner"":""Deepak Gupta"",""land_use"":""MIXED_USE"",""geometry_id"":""GEO-07-087-G1"",""area_sqm"":796.18}","{""owner"":""Deepak Gupta"",""land_use"":""MIXED_USE"",""geometry_id"":""GEO-07-087-G1"",""state"":""UNCHANGED_PENDING""}",True,CNF-00452,2026-09-15 10:30:00,TC13_BUILDING_CROSSES_BOUNDARY
IN-DL-110054-7-88,ACTIVE,CURRENT,,,MATCHED_WITH_MINOR_CONFLICT,MEDIUM,Slight spatial shift but identity remains strong.,3,OBS-002913;OBS-002914;OBS-002915,0.883,0.705,0.749,0.749,0.94,0.803,"{""owner"":""Aarav Tiwari"",""land_use"":""MIXED_USE"",""geometry_id"":""GEO-07-088-G1"",""area_sqm"":726.7}","{""owner"":""Aarav Tiwari"",""land_use"":""MIXED_USE"",""geometry_id"":""GEO-07-088-G1"",""state"":""AUTHORITATIVE""}",False,,2026-09-15 10:30:00,TC02_SLIGHT_GEOMETRY_SHIFT
IN-DL-110054-7-89,ACTIVE,CURRENT,,,AUTO_MATCHED,LOW,No material disagreement,4,OBS-002916;OBS-002917;OBS-002918;OBS-002919,0.857,0.771,0.706,0.706,0.94,0.798,"{""owner"":""Ishaan Kapoor"",""land_use"":""MIXED_USE"",""geometry_id"":""GEO-07-089-G1"",""area_sqm"":833.82}","{""owner"":""Ishaan Kapoor"",""land_use"":""MIXED_USE"",""geometry_id"":""GEO-07-089-G1"",""state"":""AUTHORITATIVE""}",False,,2026-09-15 10:30:00,
IN-DL-110054-7-90,ACTIVE,CURRENT,,,MATCHED_WITH_MINOR_CONFLICT,MEDIUM,Abbreviation / formatting variation only.; Sources represent different years.,4,OBS-002920;OBS-002921;OBS-002922;OBS-002923,0.859,0.769,0.708,0.708,0.94,0.799,"{""owner"":""Sneha Bhatia"",""land_use"":""MIXED_USE"",""geometry_id"":""GEO-07-090-G1"",""area_sqm"":875.7}","{""owner"":""Sneha Bhatia"",""land_use"":""MIXED_USE"",""geometry_id"":""GEO-07-090-G1"",""state"":""AUTHORITATIVE""}",False,,2026-09-15 10:30:00,
IN-DL-110054-7-91,ACTIVE,CURRENT,IN-DL-110054-7-101,,HUMAN_REVIEW_REQUIRED,CRITICAL,Recent imagery suggests occupation into public land.,5,OBS-002924;OBS-002925;OBS-002926;OBS-002927;OBS-002928,0.745,0.793,0.685,0.7,0.89,0.759,"{""owner"":""Municipal Corporation of Delhi"",""land_use"":""PUBLIC_OPEN_SPACE"",""geometry_id"":""GEO-07-091-G1"",""area_sqm"":673.58}","{""owner"":""Municipal Corporation of Delhi"",""land_use"":""PUBLIC_OPEN_SPACE"",""geometry_id"":""GEO-07-091-G1"",""state"":""UNCHANGED_PENDING""}",True,CNF-00554,2026-09-15 10:30:00,TC07_PARCEL_SPLIT;TC19_ENCROACHMENT_INTO_PUBLIC_LAND
IN-DL-110054-7-92,ACTIVE,CURRENT,IN-DL-110054-7-101,,HUMAN_REVIEW_REQUIRED,CRITICAL,Recent imagery suggests occupation into public land.,4,OBS-002929;OBS-002930;OBS-002931;OBS-002932,0.744,0.666,0.695,0.71,0.89,0.729,"{""owner"":""Yamuna View Apartment Owners Association"",""land_use"":""PUBLIC_OPEN_SPACE"",""geometry_id"":""GEO-07-092-G1"",""area_sqm"":779.64}","{""owner"":""Yamuna View Apartment Owners Association"",""land_use"":""PUBLIC_OPEN_SPACE"",""geometry_id"":""GEO-07-092-G1"",""state"":""UNCHANGED_PENDING""}",True,CNF-00563,2026-09-15 10:30:00,TC07_PARCEL_SPLIT;TC19_ENCROACHMENT_INTO_PUBLIC_LAND
IN-DL-110054-7-93,ACTIVE,CURRENT,IN-DL-110054-7-102;IN-DL-110054-7-103,,AUTO_MATCHED,LOW,No material disagreement,5,OBS-002933;OBS-002934;OBS-002935;OBS-002936;OBS-002937,0.906,0.742,0.735,0.735,0.89,0.808,"{""owner"":""Yamuna View Apartment Owners Association"",""land_use"":""TRANSPORT_ACCESS"",""geometry_id"":""GEO-07-093-G1"",""area_sqm"":746.44}","{""owner"":""Yamuna View Apartment Owners Association"",""land_use"":""TRANSPORT_ACCESS"",""geometry_id"":""GEO-07-093-G1"",""state"":""AUTHORITATIVE""}",False,,2026-09-15 10:30:00,TC06_SEVERAL_HISTORICAL_TO_ONE_CURRENT
IN-DL-110054-7-94,ACTIVE,CURRENT,IN-DL-110054-7-104;IN-DL-110054-7-105,,TENTATIVE,HIGH,Lineage has not propagated consistently.,4,OBS-002938;OBS-002939;OBS-002940;OBS-002941,0.712,0.644,0.633,0.647,0.58,0.654,"{""owner"":""BSES Yamuna Power Limited"",""land_use"":""UTILITY"",""geometry_id"":""GEO-07-094-G1"",""area_sqm"":648.93}","{""owner"":""BSES Yamuna Power Limited"",""land_use"":""UTILITY"",""geometry_id"":""GEO-07-094-G1"",""state"":""UNCHANGED_PENDING""}",True,CNF-00697,2026-09-15 10:30:00,
IN-DL-110054-7-95,ACTIVE,CURRENT,,,AUTO_MATCHED,LOW,No material disagreement,5,OBS-002942;OBS-002943;OBS-002944;OBS-002945;OBS-002946,0.871,0.752,0.678,0.678,0.94,0.788,"{""owner"":""BSES Yamuna Power Limited"",""land_use"":""UTILITY"",""geometry_id"":""GEO-07-095-G1"",""area_sqm"":707.26}","{""owner"":""BSES Yamuna Power Limited"",""land_use"":""UTILITY"",""geometry_id"":""GEO-07-095-G1"",""state"":""AUTHORITATIVE""}",False,,2026-09-15 10:30:00,
IN-DL-110054-7-96,ACTIVE,CURRENT,,,HUMAN_REVIEW_REQUIRED,CRITICAL,Duplicate source row can create duplicate legal identity.; Expected administrative source is absent.,5,OBS-002947;OBS-002948;OBS-002949;OBS-002950;OBS-002951,0.666,0.844,0.635,0.649,0.94,0.738,"{""owner"":""Aarav Saxena"",""land_use"":""COMMERCIAL"",""geometry_id"":""GEO-07-096-G1"",""area_sqm"":1064.88}","{""owner"":""Aarav Saxena"",""land_use"":""COMMERCIAL"",""geometry_id"":""GEO-07-096-G1"",""state"":""UNCHANGED_PENDING""}",True,CNF-00331;CNF-00520,2026-09-15 10:30:00,TC04_DUPLICATE_SOURCE_PARCEL;TC17_MISSING_SOURCE_RECORD
IN-DL-110054-7-97,ACTIVE,CURRENT,,,MATCHED_WITH_MINOR_CONFLICT,MEDIUM,Slight spatial shift but identity remains strong.,4,OBS-002952;OBS-002953;OBS-002954;OBS-002955,0.858,0.75,0.708,0.708,0.94,0.794,"{""owner"":""Ishaan Malhotra"",""land_use"":""COMMERCIAL"",""geometry_id"":""GEO-07-097-G1"",""area_sqm"":710.16}","{""owner"":""Ishaan Malhotra"",""land_use"":""COMMERCIAL"",""geometry_id"":""GEO-07-097-G1"",""state"":""AUTHORITATIVE""}",False,,2026-09-15 10:30:00,TC02_SLIGHT_GEOMETRY_SHIFT
IN-DL-110054-7-98,ACTIVE,CURRENT,,,TENTATIVE,HIGH,Building footprint extends into neighboring parcel.,4,OBS-002956;OBS-002957;OBS-002958;OBS-002959,0.706,0.677,0.628,0.642,0.94,0.706,"{""owner"":""Sneha Chawla"",""land_use"":""COMMERCIAL"",""geometry_id"":""GEO-07-098-G1"",""area_sqm"":648.18}","{""owner"":""Sneha Chawla"",""land_use"":""COMMERCIAL"",""geometry_id"":""GEO-07-098-G1"",""state"":""UNCHANGED_PENDING""}",True,CNF-00435,2026-09-15 10:30:00,TC13_BUILDING_CROSSES_BOUNDARY
IN-DL-110054-7-99,ACTIVE,CURRENT,,,AUTO_MATCHED,LOW,No material disagreement,5,OBS-002960;OBS-002961;OBS-002962;OBS-002963;OBS-002964,0.866,0.872,0.693,0.693,0.94,0.822,"{""owner"":""Deepak Jain"",""land_use"":""VACANT"",""geometry_id"":""GEO-07-099-G1"",""area_sqm"":743.73}","{""owner"":""Deepak Jain"",""land_use"":""VACANT"",""geometry_id"":""GEO-07-099-G1"",""state"":""AUTHORITATIVE""}",False,,2026-09-15 10:30:00,
IN-DL-110054-7-100,ACTIVE,CURRENT,IN-DL-110054-7-106,,TENTATIVE,HIGH,Abbreviation / formatting variation only.; Lineage has not propagated consistently.,3,OBS-002965;OBS-002966;OBS-002967,0.731,0.638,0.672,0.687,0.58,0.671,"{""owner"":""Pramaan Redevelopment LLP"",""land_use"":""REDEVELOPMENT"",""geometry_id"":""GEO-07-100-G1"",""area_sqm"":781.08}","{""owner"":""Pramaan Redevelopment LLP"",""land_use"":""REDEVELOPMENT"",""geometry_id"":""GEO-07-100-G1"",""state"":""UNCHANGED_PENDING""}",True,CNF-00715,2026-09-15 10:30:00,TC02_SLIGHT_GEOMETRY_SHIFT;TC09_CROSS_CELL_SPLIT;TC22_REDEVELOPMENT_CONSOLIDATION
IN-DL-110054-8-1,ACTIVE,CURRENT,IN-DL-110054-7-106,,AUTO_MATCHED,LOW,No material disagreement,5,OBS-002968;OBS-002969;OBS-002970;OBS-002971;OBS-002972,0.901,0.783,0.744,0.744,0.89,0.82,"{""owner"":""Directorate of Education, GNCTD"",""land_use"":""INSTITUTIONAL"",""geometry_id"":""GEO-08-001-G1"",""area_sqm"":764.33}","{""owner"":""Directorate of Education, GNCTD"",""land_use"":""INSTITUTIONAL"",""geometry_id"":""GEO-08-001-G1"",""state"":""AUTHORITATIVE""}",False,,2026-09-15 10:30:00,TC07_PARCEL_SPLIT;TC09_CROSS_CELL_SPLIT
IN-DL-110054-8-2,ACTIVE,CURRENT,,,AUTO_MATCHED,LOW,No material disagreement,4,OBS-002973;OBS-002974;OBS-002975;OBS-002976,0.856,0.716,0.701,0.701,0.94,0.782,"{""owner"":""Directorate of Education, GNCTD"",""land_use"":""INSTITUTIONAL"",""geometry_id"":""GEO-08-002-G1"",""area_sqm"":731.78}","{""owner"":""Directorate of Education, GNCTD"",""land_use"":""INSTITUTIONAL"",""geometry_id"":""GEO-08-002-G1"",""state"":""AUTHORITATIVE""}",False,,2026-09-15 10:30:00,
IN-DL-110054-8-3,ACTIVE,CURRENT,,,MATCHED_WITH_MINOR_CONFLICT,MEDIUM,Slight spatial shift but identity remains strong.,6,OBS-002977;OBS-002978;OBS-002979;OBS-002980;OBS-002981;OBS-002982,0.89,0.751,0.721,0.721,0.94,0.808,"{""owner"":""Directorate of Education, GNCTD"",""land_use"":""INSTITUTIONAL"",""geometry_id"":""GEO-08-003-G1"",""area_sqm"":636.19}","{""owner"":""Directorate of Education, GNCTD"",""land_use"":""INSTITUTIONAL"",""geometry_id"":""GEO-08-003-G1"",""state"":""AUTHORITATIVE""}",False,,2026-09-15 10:30:00,TC02_SLIGHT_GEOMETRY_SHIFT
IN-DL-110054-8-4,ACTIVE,CURRENT,,,REJECTED_MATCH,CRITICAL,Geometry/identifiers do not uniquely distinguish candidates.,5,OBS-002983;OBS-002984;OBS-002985;OBS-002986;OBS-002987,0.52,0.659,0.673,0.688,0.94,0.66,"{""owner"":""Directorate of Education, GNCTD"",""land_use"":""INSTITUTIONAL"",""geometry_id"":""GEO-08-004-G1"",""area_sqm"":693.37,""state"":""REJECTED""}","{""owner"":""Directorate of Education, GNCTD"",""land_use"":""INSTITUTIONAL"",""geometry_id"":""GEO-08-004-G1"",""state"":""AUTHORITATIVE""}",False,,2026-09-15 10:30:00,TC18_AMBIGUOUS_CANDIDATE_MATCH
IN-DL-110054-8-5,ACTIVE,CURRENT,,,TENTATIVE,HIGH,Municipal owner/occupier differs from revenue owner.,5,OBS-002988;OBS-002989;OBS-002990;OBS-002991;OBS-002992,0.751,0.699,0.36,0.635,0.94,0.67,"{""owner"":""Pramaan Skills College"",""land_use"":""INSTITUTIONAL"",""geometry_id"":""GEO-08-005-G1"",""area_sqm"":774.23}","{""owner"":""Pramaan Skills College"",""land_use"":""INSTITUTIONAL"",""geometry_id"":""GEO-08-005-G1"",""state"":""UNCHANGED_PENDING""}",True,CNF-00375,2026-09-15 10:30:00,TC10_OWNERSHIP_CONFLICT
IN-DL-110054-8-6,ACTIVE,CURRENT,,,AUTO_MATCHED,LOW,No material disagreement,4,OBS-002993;OBS-002994;OBS-002995;OBS-002996,0.9,0.754,0.777,0.777,0.94,0.829,"{""owner"":""Pramaan Skills College"",""land_use"":""INSTITUTIONAL"",""geometry_id"":""GEO-08-006-G1"",""area_sqm"":966.04}","{""owner"":""Pramaan Skills College"",""land_use"":""INSTITUTIONAL"",""geometry_id"":""GEO-08-006-G1"",""state"":""AUTHORITATIVE""}",False,,2026-09-15 10:30:00,
IN-DL-110054-8-7,ACTIVE,CURRENT,,,AUTO_MATCHED,LOW,No material disagreement,6,OBS-002997;OBS-002998;OBS-002999;OBS-003000;OBS-003001;OBS-003002,0.884,0.87,0.741,0.741,0.94,0.842,"{""owner"":""Pramaan Skills College"",""land_use"":""INSTITUTIONAL"",""geometry_id"":""GEO-08-007-G1"",""area_sqm"":635.46}","{""owner"":""Pramaan Skills College"",""land_use"":""INSTITUTIONAL"",""geometry_id"":""GEO-08-007-G1"",""state"":""AUTHORITATIVE""}",False,,2026-09-15 10:30:00,
IN-DL-110054-8-8,ACTIVE,CURRENT,,,AUTO_MATCHED,LOW,No material disagreement,4,OBS-003003;OBS-003004;OBS-003005;OBS-003006,0.852,0.778,0.7,0.7,0.94,0.796,"{""owner"":""Municipal Corporation of Delhi"",""land_use"":""GOVERNMENT"",""geometry_id"":""GEO-08-008-G1"",""area_sqm"":729.13}","{""owner"":""Municipal Corporation of Delhi"",""land_use"":""GOVERNMENT"",""geometry_id"":""GEO-08-008-G1"",""state"":""AUTHORITATIVE""}",False,,2026-09-15 10:30:00,
IN-DL-110054-8-9,ACTIVE,CURRENT,,,HUMAN_REVIEW_REQUIRED,CRITICAL,Government/public parcel appears private in municipal data.; Multiple municipal units occupy one legal parcel.,7,OBS-003007;OBS-003008;OBS-003009;OBS-003010;OBS-003011;OBS-003012;OBS-003013,0.763,0.651,0.312,0.55,0.94,0.642,"{""owner"":""Municipal Corporation of Delhi"",""land_use"":""GOVERNMENT"",""geometry_id"":""GEO-08-009-G1"",""area_sqm"":765.75}","{""owner"":""Municipal Corporation of Delhi"",""land_use"":""GOVERNMENT"",""geometry_id"":""GEO-08-009-G1"",""state"":""UNCHANGED_PENDING""}",True,CNF-00397,2026-09-15 10:30:00,TC05_ONE_CADASTRAL_TO_SEVERAL_MUNICIPAL;TC11_GOVERNMENT_PRIVATE_OWNERSHIP_CONFLICT
IN-DL-110054-8-10,ACTIVE,CURRENT,,,AUTO_MATCHED,LOW,No material disagreement,4,OBS-003014;OBS-003015;OBS-003016;OBS-003017,0.898,0.751,0.791,0.791,0.94,0.832,"{""owner"":""Municipal Corporation of Delhi"",""land_use"":""GOVERNMENT"",""geometry_id"":""GEO-08-010-G1"",""area_sqm"":662.64}","{""owner"":""Municipal Corporation of Delhi"",""land_use"":""GOVERNMENT"",""geometry_id"":""GEO-08-010-G1"",""state"":""AUTHORITATIVE""}",False,,2026-09-15 10:30:00,
IN-DL-110054-8-11,ACTIVE,CURRENT,,,AUTO_MATCHED,LOW,No material disagreement,4,OBS-003018;OBS-003019;OBS-003020;OBS-003021,0.855,0.773,0.705,0.705,0.94,0.798,"{""owner"":""Directorate of Education, GNCTD"",""land_use"":""INSTITUTIONAL"",""geometry_id"":""GEO-08-011-G1"",""area_sqm"":862.2}","{""owner"":""Directorate of Education, GNCTD"",""land_use"":""INSTITUTIONAL"",""geometry_id"":""GEO-08-011-G1"",""state"":""AUTHORITATIVE""}",False,,2026-09-15 10:30:00,
IN-DL-110054-8-12,ACTIVE,CURRENT,,,MATCHED_WITH_MINOR_CONFLICT,MEDIUM,Moderate area-basis disagreement.,4,OBS-003022;OBS-003023;OBS-003024;OBS-003025,0.857,0.771,0.707,0.707,0.94,0.798,"{""owner"":""Directorate of Education, GNCTD"",""land_use"":""INSTITUTIONAL"",""geometry_id"":""GEO-08-012-G1"",""area_sqm"":825.48}","{""owner"":""Directorate of Education, GNCTD"",""land_use"":""INSTITUTIONAL"",""geometry_id"":""GEO-08-012-G1"",""state"":""AUTHORITATIVE""}",False,,2026-09-15 10:30:00,
IN-DL-110054-8-13,ACTIVE,CURRENT,,,AUTO_MATCHED,LOW,No material disagreement,4,OBS-003026;OBS-003027;OBS-003028;OBS-003029,0.899,0.747,0.79,0.79,0.94,0.831,"{""owner"":""Directorate of Education, GNCTD"",""land_use"":""INSTITUTIONAL"",""geometry_id"":""GEO-08-013-G1"",""area_sqm"":717.65}","{""owner"":""Directorate of Education, GNCTD"",""land_use"":""INSTITUTIONAL"",""geometry_id"":""GEO-08-013-G1"",""state"":""AUTHORITATIVE""}",False,,2026-09-15 10:30:00,
IN-DL-110054-8-14,ACTIVE,CURRENT,,,NEEDS_ADDITIONAL_EVIDENCE,MEDIUM,Expected administrative source is absent.,4,OBS-003030;OBS-003031;OBS-003032;OBS-003033,0.857,0.831,0.729,0.729,0.94,0.82,"{""owner"":""Directorate of Education, GNCTD"",""land_use"":""INSTITUTIONAL"",""geometry_id"":""GEO-08-014-G1"",""area_sqm"":782.15}","{""owner"":""Directorate of Education, GNCTD"",""land_use"":""INSTITUTIONAL"",""geometry_id"":""GEO-08-014-G1"",""state"":""UNCHANGED_PENDING""}",False,CNF-00518,2026-09-15 10:30:00,TC17_MISSING_SOURCE_RECORD
IN-DL-110054-8-15,ACTIVE,CURRENT,,,MATCHED_WITH_MINOR_CONFLICT,MEDIUM,Sources represent different years.,5,OBS-003034;OBS-003035;OBS-003036;OBS-003037;OBS-003038,0.902,0.784,0.746,0.746,0.94,0.827,"{""owner"":""Pramaan Skills College"",""land_use"":""INSTITUTIONAL"",""geometry_id"":""GEO-08-015-G1"",""area_sqm"":873.36}","{""owner"":""Pramaan Skills College"",""land_use"":""INSTITUTIONAL"",""geometry_id"":""GEO-08-015-G1"",""state"":""AUTHORITATIVE""}",False,,2026-09-15 10:30:00,
IN-DL-110054-8-16,ACTIVE,CURRENT,,,TENTATIVE,HIGH,Building footprint extends into neighboring parcel.; Local scale/rotation distortion affects boundaries.,5,OBS-003039;OBS-003040;OBS-003041;OBS-003042;OBS-003043,0.718,0.754,0.341,0.601,0.94,0.667,"{""owner"":""Pramaan Skills College"",""land_use"":""INSTITUTIONAL"",""geometry_id"":""GEO-08-016-G2"",""area_sqm"":1087.99}","{""owner"":""Pramaan Skills College"",""land_use"":""INSTITUTIONAL"",""geometry_id"":""GEO-08-016-G2"",""state"":""UNCHANGED_PENDING""}",True,CNF-00301;CNF-00371;CNF-00438,2026-09-15 10:30:00,TC03_SIGNIFICANT_LOCAL_DISTORTION;TC10_OWNERSHIP_CONFLICT;TC13_BUILDING_CROSSES_BOUNDARY
IN-DL-110054-8-17,ACTIVE,CURRENT,,,AUTO_MATCHED,LOW,No material disagreement,5,OBS-003044;OBS-003045;OBS-003046;OBS-003047;OBS-003048,0.903,0.78,0.746,0.746,0.94,0.827,"{""owner"":""Pramaan Skills College"",""land_use"":""INSTITUTIONAL"",""geometry_id"":""GEO-08-017-G1"",""area_sqm"":716.82}","{""owner"":""Pramaan Skills College"",""land_use"":""INSTITUTIONAL"",""geometry_id"":""GEO-08-017-G1"",""state"":""AUTHORITATIVE""}",False,,2026-09-15 10:30:00,
IN-DL-110054-8-18,ACTIVE,CURRENT,,,TENTATIVE,HIGH,Municipal owner/occupier differs from revenue owner.; Physical occupation is inconsistent with legal state.,4,OBS-003049;OBS-003050;OBS-003051;OBS-004362,0.733,0.657,0.34,0.6,0.94,0.646,"{""owner"":""Municipal Corporation of Delhi"",""land_use"":""GOVERNMENT"",""geometry_id"":""GEO-08-018-G1"",""area_sqm"":822.49}","{""owner"":""Municipal Corporation of Delhi"",""land_use"":""GOVERNMENT"",""geometry_id"":""GEO-08-018-G1"",""state"":""UNCHANGED_PENDING""}",True,CNF-00384;CNF-00472,2026-09-15 10:30:00,TC10_OWNERSHIP_CONFLICT;TC14_PHYSICAL_OCCUPATION_VS_LEGAL_GEOMETRY
IN-DL-110054-8-19,ACTIVE,CURRENT,,,AUTO_MATCHED,LOW,No material disagreement,5,OBS-003052;OBS-003053;OBS-003054;OBS-003055;OBS-003056,0.905,0.778,0.749,0.749,0.94,0.828,"{""owner"":""Municipal Corporation of Delhi"",""land_use"":""GOVERNMENT"",""geometry_id"":""GEO-08-019-G1"",""area_sqm"":863.8}","{""owner"":""Municipal Corporation of Delhi"",""land_use"":""GOVERNMENT"",""geometry_id"":""GEO-08-019-G1"",""state"":""AUTHORITATIVE""}",False,,2026-09-15 10:30:00,
IN-DL-110054-8-20,ACTIVE,CURRENT,,,MATCHED_WITH_MINOR_CONFLICT,MEDIUM,Slight spatial shift but identity remains strong.,5,OBS-003057;OBS-003058;OBS-003059;OBS-003060;OBS-003061,0.905,0.76,0.748,0.748,0.94,0.823,"{""owner"":""Municipal Corporation of Delhi"",""land_use"":""GOVERNMENT"",""geometry_id"":""GEO-08-020-G1"",""area_sqm"":747.48}","{""owner"":""Municipal Corporation of Delhi"",""land_use"":""GOVERNMENT"",""geometry_id"":""GEO-08-020-G1"",""state"":""AUTHORITATIVE""}",False,,2026-09-15 10:30:00,TC02_SLIGHT_GEOMETRY_SHIFT
IN-DL-110054-8-21,ACTIVE,CURRENT,,,TENTATIVE,HIGH,Building footprint extends into neighboring parcel.,4,OBS-003062;OBS-003063;OBS-003064;OBS-003065,0.705,0.677,0.628,0.642,0.94,0.705,"{""owner"":""Directorate of Education, GNCTD"",""land_use"":""INSTITUTIONAL"",""geometry_id"":""GEO-08-021-G1"",""area_sqm"":883.24}","{""owner"":""Directorate of Education, GNCTD"",""land_use"":""INSTITUTIONAL"",""geometry_id"":""GEO-08-021-G1"",""state"":""UNCHANGED_PENDING""}",True,CNF-00430,2026-09-15 10:30:00,TC13_BUILDING_CROSSES_BOUNDARY
IN-DL-110054-8-22,ACTIVE,CURRENT,,,AUTO_MATCHED,LOW,No material disagreement,4,OBS-003066;OBS-003067;OBS-003068;OBS-003069,0.897,0.762,0.774,0.774,0.94,0.83,"{""owner"":""Directorate of Education, GNCTD"",""land_use"":""INSTITUTIONAL"",""geometry_id"":""GEO-08-022-G1"",""area_sqm"":845.63}","{""owner"":""Directorate of Education, GNCTD"",""land_use"":""INSTITUTIONAL"",""geometry_id"":""GEO-08-022-G1"",""state"":""AUTHORITATIVE""}",False,,2026-09-15 10:30:00,
IN-DL-110054-8-23,ACTIVE,CURRENT,,,AUTO_MATCHED,LOW,No material disagreement,4,OBS-003070;OBS-003071;OBS-003072;OBS-003073,0.898,0.761,0.776,0.776,0.94,0.83,"{""owner"":""Municipal Corporation of Delhi"",""land_use"":""PUBLIC_OPEN_SPACE"",""geometry_id"":""GEO-08-023-G1"",""area_sqm"":735.16}","{""owner"":""Municipal Corporation of Delhi"",""land_use"":""PUBLIC_OPEN_SPACE"",""geometry_id"":""GEO-08-023-G1"",""state"":""AUTHORITATIVE""}",False,,2026-09-15 10:30:00,
IN-DL-110054-8-24,ACTIVE,CURRENT,,,HUMAN_REVIEW_REQUIRED,CRITICAL,Moderate area-basis disagreement.; Multiple municipal units occupy one legal parcel.,5,OBS-003074;OBS-003075;OBS-003076;OBS-003077;OBS-003078,0.777,0.633,0.704,0.72,0.94,0.741,"{""owner"":""Municipal Corporation of Delhi"",""land_use"":""PUBLIC_OPEN_SPACE"",""geometry_id"":""GEO-08-024-G1"",""area_sqm"":801.24}","{""owner"":""Municipal Corporation of Delhi"",""land_use"":""PUBLIC_OPEN_SPACE"",""geometry_id"":""GEO-08-024-G1"",""state"":""UNCHANGED_PENDING""}",True,CNF-00560,2026-09-15 10:30:00,TC05_ONE_CADASTRAL_TO_SEVERAL_MUNICIPAL;TC19_ENCROACHMENT_INTO_PUBLIC_LAND
IN-DL-110054-8-25,ACTIVE,CURRENT,,,HUMAN_REVIEW_REQUIRED,CRITICAL,Recent imagery suggests occupation into public land.,5,OBS-003079;OBS-003080;OBS-003081;OBS-003082;OBS-003083,0.75,0.686,0.672,0.687,0.94,0.735,"{""owner"":""Municipal Corporation of Delhi"",""land_use"":""PUBLIC_OPEN_SPACE"",""geometry_id"":""GEO-08-025-G1"",""area_sqm"":894.68}","{""owner"":""Municipal Corporation of Delhi"",""land_use"":""PUBLIC_OPEN_SPACE"",""geometry_id"":""GEO-08-025-G1"",""state"":""UNCHANGED_PENDING""}",True,CNF-00564,2026-09-15 10:30:00,TC19_ENCROACHMENT_INTO_PUBLIC_LAND
IN-DL-110054-8-26,ACTIVE,CURRENT,,,AUTO_MATCHED,LOW,No material disagreement,3,OBS-003084;OBS-003085;OBS-003086,0.94,0.71,0.843,0.843,0.94,0.852,"{""owner"":""Municipal Corporation of Delhi"",""land_use"":""PUBLIC_OPEN_SPACE"",""geometry_id"":""GEO-08-026-G1"",""area_sqm"":1116.33}","{""owner"":""Municipal Corporation of Delhi"",""land_use"":""PUBLIC_OPEN_SPACE"",""geometry_id"":""GEO-08-026-G1"",""state"":""AUTHORITATIVE""}",False,,2026-09-15 10:30:00,
IN-DL-110054-8-27,ACTIVE,CURRENT,,,HUMAN_REVIEW_REQUIRED,CRITICAL,High-accuracy survey materially contradicts old cadastral geometry.,5,OBS-003087;OBS-003088;OBS-003089;OBS-003090;OBS-003091,0.749,0.749,0.688,0.703,0.94,0.756,"{""owner"":""Municipal Corporation of Delhi"",""land_use"":""PUBLIC_OPEN_SPACE"",""geometry_id"":""GEO-08-027-G2"",""area_sqm"":734.24}","{""owner"":""Municipal Corporation of Delhi"",""land_use"":""PUBLIC_OPEN_SPACE"",""geometry_id"":""GEO-08-027-G2"",""state"":""UNCHANGED_PENDING""}",True,CNF-00489,2026-09-15 10:30:00,TC15_GNSS_CONTRADICTS_OLD_CADASTRE
IN-DL-110054-8-28,ACTIVE,CURRENT,,,TENTATIVE,HIGH,Local scale/rotation distortion affects boundaries.; Multiple municipal units occupy one legal parcel.,3,OBS-003092;OBS-003093;OBS-003094,0.78,0.48,0.732,0.748,0.94,0.713,"{""owner"":""Municipal Corporation of Delhi"",""land_use"":""PUBLIC_OPEN_SPACE"",""geometry_id"":""GEO-08-028-G2"",""area_sqm"":841.22}","{""owner"":""Municipal Corporation of Delhi"",""land_use"":""PUBLIC_OPEN_SPACE"",""geometry_id"":""GEO-08-028-G2"",""state"":""UNCHANGED_PENDING""}",True,CNF-00298,2026-09-15 10:30:00,TC03_SIGNIFICANT_LOCAL_DISTORTION;TC05_ONE_CADASTRAL_TO_SEVERAL_MUNICIPAL
IN-DL-110054-8-29,ACTIVE,CURRENT,,,AUTO_MATCHED,LOW,No material disagreement,5,OBS-003095;OBS-003096;OBS-003097;OBS-003098;OBS-003099,0.901,0.783,0.744,0.744,0.94,0.826,"{""owner"":""Municipal Corporation of Delhi"",""land_use"":""GOVERNMENT"",""geometry_id"":""GEO-08-029-G1"",""area_sqm"":884.88}","{""owner"":""Municipal Corporation of Delhi"",""land_use"":""GOVERNMENT"",""geometry_id"":""GEO-08-029-G1"",""state"":""AUTHORITATIVE""}",False,,2026-09-15 10:30:00,
IN-DL-110054-8-30,ACTIVE,CURRENT,,,MATCHED_WITH_MINOR_CONFLICT,MEDIUM,Sources represent different years.,6,OBS-003100;OBS-003101;OBS-003102;OBS-003103;OBS-003104;OBS-003105,0.884,0.902,0.741,0.741,0.94,0.85,"{""owner"":""Municipal Corporation of Delhi"",""land_use"":""GOVERNMENT"",""geometry_id"":""GEO-08-030-G1"",""area_sqm"":765.73}","{""owner"":""Municipal Corporation of Delhi"",""land_use"":""GOVERNMENT"",""geometry_id"":""GEO-08-030-G1"",""state"":""AUTHORITATIVE""}",False,,2026-09-15 10:30:00,
IN-DL-110054-8-31,ACTIVE,CURRENT,,,NEEDS_ADDITIONAL_EVIDENCE,MEDIUM,Expected administrative source is absent.,4,OBS-003106;OBS-003107;OBS-003108;OBS-003109,0.814,0.918,0.688,0.688,0.94,0.816,"{""owner"":""Deepak Sharma"",""land_use"":""RESIDENTIAL"",""geometry_id"":""GEO-08-031-G1"",""area_sqm"":796.63}","{""owner"":""Deepak Sharma"",""land_use"":""RESIDENTIAL"",""geometry_id"":""GEO-08-031-G1"",""state"":""UNCHANGED_PENDING""}",False,CNF-00504,2026-09-15 10:30:00,TC17_MISSING_SOURCE_RECORD
IN-DL-110054-8-32,ACTIVE,CURRENT,,,AUTO_MATCHED,LOW,No material disagreement,5,OBS-003110;OBS-003111;OBS-003112;OBS-003113;OBS-003114,0.868,0.902,0.709,0.709,0.94,0.835,"{""owner"":""Aarav Saxena"",""land_use"":""RESIDENTIAL"",""geometry_id"":""GEO-08-032-G1"",""area_sqm"":762.71}","{""owner"":""Aarav Saxena"",""land_use"":""RESIDENTIAL"",""geometry_id"":""GEO-08-032-G1"",""state"":""AUTHORITATIVE""}",False,,2026-09-15 10:30:00,
IN-DL-110054-8-33,ACTIVE,CURRENT,,,HUMAN_REVIEW_REQUIRED,HIGH,Physical occupation is inconsistent with legal state.,5,OBS-003115;OBS-003116;OBS-003117;OBS-003118;OBS-003119,0.754,0.665,0.664,0.679,0.94,0.729,"{""owner"":""Municipal Corporation of Delhi"",""land_use"":""PUBLIC_OPEN_SPACE"",""geometry_id"":""GEO-08-033-G1"",""area_sqm"":663.07}","{""owner"":""Municipal Corporation of Delhi"",""land_use"":""PUBLIC_OPEN_SPACE"",""geometry_id"":""GEO-08-033-G1"",""state"":""UNCHANGED_PENDING""}",True,CNF-00470,2026-09-15 10:30:00,TC14_PHYSICAL_OCCUPATION_VS_LEGAL_GEOMETRY
IN-DL-110054-8-34,ACTIVE,CURRENT,,,AUTO_MATCHED,LOW,No material disagreement,3,OBS-003120;OBS-003121;OBS-003122,0.94,0.709,0.842,0.842,0.94,0.851,"{""owner"":""Municipal Corporation of Delhi"",""land_use"":""PUBLIC_OPEN_SPACE"",""geometry_id"":""GEO-08-034-G1"",""area_sqm"":722.67}","{""owner"":""Municipal Corporation of Delhi"",""land_use"":""PUBLIC_OPEN_SPACE"",""geometry_id"":""GEO-08-034-G1"",""state"":""AUTHORITATIVE""}",False,,2026-09-15 10:30:00,
IN-DL-110054-8-35,ACTIVE,CURRENT,,,HUMAN_REVIEW_REQUIRED,CRITICAL,Government/public parcel appears private in municipal data.,3,OBS-003123;OBS-003124;OBS-003125,0.78,0.646,0.377,0.665,0.94,0.673,"{""owner"":""Municipal Corporation of Delhi"",""land_use"":""PUBLIC_OPEN_SPACE"",""geometry_id"":""GEO-08-035-G1"",""area_sqm"":806.95}","{""owner"":""Municipal Corporation of Delhi"",""land_use"":""PUBLIC_OPEN_SPACE"",""geometry_id"":""GEO-08-035-G1"",""state"":""UNCHANGED_PENDING""}",True,CNF-00407,2026-09-15 10:30:00,TC11_GOVERNMENT_PRIVATE_OWNERSHIP_CONFLICT
IN-DL-110054-8-36,ACTIVE,CURRENT,,,HUMAN_REVIEW_REQUIRED,CRITICAL,High-accuracy survey materially contradicts old cadastral geometry.; Park boundary differs across evidence.,5,OBS-003126;OBS-003127;OBS-003128;OBS-003129;OBS-003130,0.745,0.72,0.683,0.698,0.94,0.746,"{""owner"":""Municipal Corporation of Delhi"",""land_use"":""PUBLIC_OPEN_SPACE"",""geometry_id"":""GEO-08-036-G2"",""area_sqm"":1006.76}","{""owner"":""Municipal Corporation of Delhi"",""land_use"":""PUBLIC_OPEN_SPACE"",""geometry_id"":""GEO-08-036-G2"",""state"":""UNCHANGED_PENDING""}",True,CNF-00495;CNF-00562;CNF-00577,2026-09-15 10:30:00,TC15_GNSS_CONTRADICTS_OLD_CADASTRE;TC19_ENCROACHMENT_INTO_PUBLIC_LAND;TC20_PARK_BOUNDARY_DISAGREEMENT
IN-DL-110054-8-37,ACTIVE,CURRENT,,,AUTO_MATCHED,LOW,No material disagreement,4,OBS-003131;OBS-003132;OBS-003133;OBS-003134,0.897,0.76,0.774,0.774,0.94,0.829,"{""owner"":""Municipal Corporation of Delhi"",""land_use"":""PUBLIC_OPEN_SPACE"",""geometry_id"":""GEO-08-037-G1"",""area_sqm"":662.31}","{""owner"":""Municipal Corporation of Delhi"",""land_use"":""PUBLIC_OPEN_SPACE"",""geometry_id"":""GEO-08-037-G1"",""state"":""AUTHORITATIVE""}",False,,2026-09-15 10:30:00,
IN-DL-110054-8-38,ACTIVE,CURRENT,,,HUMAN_REVIEW_REQUIRED,CRITICAL,Duplicate source row can create duplicate legal identity.,4,OBS-003135;OBS-003136;OBS-003137;OBS-003138,0.672,0.672,0.67,0.684,0.94,0.708,"{""owner"":""Municipal Corporation of Delhi"",""land_use"":""PUBLIC_OPEN_SPACE"",""geometry_id"":""GEO-08-038-G1"",""area_sqm"":759.94}","{""owner"":""Municipal Corporation of Delhi"",""land_use"":""PUBLIC_OPEN_SPACE"",""geometry_id"":""GEO-08-038-G1"",""state"":""UNCHANGED_PENDING""}",True,CNF-00316,2026-09-15 10:30:00,TC04_DUPLICATE_SOURCE_PARCEL
IN-DL-110054-8-39,ACTIVE,CURRENT,,,AUTO_MATCHED,LOW,No material disagreement,3,OBS-003139;OBS-003140;OBS-003141,0.882,0.732,0.748,0.748,0.94,0.809,"{""owner"":""Pramaan Community Health Trust"",""land_use"":""HEALTHCARE"",""geometry_id"":""GEO-08-039-G1"",""area_sqm"":798.11}","{""owner"":""Pramaan Community Health Trust"",""land_use"":""HEALTHCARE"",""geometry_id"":""GEO-08-039-G1"",""state"":""AUTHORITATIVE""}",False,,2026-09-15 10:30:00,
IN-DL-110054-8-40,ACTIVE,CURRENT,,,MATCHED_WITH_MINOR_CONFLICT,LOW,Abbreviation / formatting variation only.,4,OBS-003142;OBS-003143;OBS-003144;OBS-003145,0.857,0.771,0.707,0.707,0.94,0.798,"{""owner"":""Pramaan Community Health Trust"",""land_use"":""HEALTHCARE"",""geometry_id"":""GEO-08-040-G1"",""area_sqm"":690.64}","{""owner"":""Pramaan Community Health Trust"",""land_use"":""HEALTHCARE"",""geometry_id"":""GEO-08-040-G1"",""state"":""AUTHORITATIVE""}",False,,2026-09-15 10:30:00,
IN-DL-110054-8-41,ACTIVE,CURRENT,,,AUTO_MATCHED,LOW,No material disagreement,4,OBS-003146;OBS-003147;OBS-003148;OBS-003149,0.858,0.769,0.708,0.708,0.94,0.798,"{""owner"":""Ishaan Gupta"",""land_use"":""RESIDENTIAL"",""geometry_id"":""GEO-08-041-G1"",""area_sqm"":729.25}","{""owner"":""Ishaan Gupta"",""land_use"":""RESIDENTIAL"",""geometry_id"":""GEO-08-041-G1"",""state"":""AUTHORITATIVE""}",False,,2026-09-15 10:30:00,
IN-DL-110054-8-42,ACTIVE,CURRENT,,,AUTO_MATCHED,LOW,No material disagreement,4,OBS-003150;OBS-003151;OBS-003152;OBS-003153,0.85,0.78,0.698,0.698,0.94,0.796,"{""owner"":""Sneha Tiwari"",""land_use"":""RESIDENTIAL"",""geometry_id"":""GEO-08-042-G1"",""area_sqm"":698.2}","{""owner"":""Sneha Tiwari"",""land_use"":""RESIDENTIAL"",""geometry_id"":""GEO-08-042-G1"",""state"":""AUTHORITATIVE""}",False,,2026-09-15 10:30:00,
IN-DL-110054-8-43,ACTIVE,CURRENT,,,HUMAN_REVIEW_REQUIRED,CRITICAL,Recent imagery suggests occupation into public land.,3,OBS-003154;OBS-003155;OBS-003156,0.73,0.645,0.65,0.665,0.94,0.712,"{""owner"":""Municipal Corporation of Delhi"",""land_use"":""PUBLIC_OPEN_SPACE"",""geometry_id"":""GEO-08-043-G1"",""area_sqm"":606.99}","{""owner"":""Municipal Corporation of Delhi"",""land_use"":""PUBLIC_OPEN_SPACE"",""geometry_id"":""GEO-08-043-G1"",""state"":""UNCHANGED_PENDING""}",True,CNF-00565,2026-09-15 10:30:00,TC19_ENCROACHMENT_INTO_PUBLIC_LAND
IN-DL-110054-8-44,ACTIVE,CURRENT,,,HUMAN_REVIEW_REQUIRED,HIGH,Park boundary differs across evidence.,4,OBS-003157;OBS-003158;OBS-003159;OBS-003160,0.705,0.773,0.651,0.665,0.94,0.737,"{""owner"":""Municipal Corporation of Delhi"",""land_use"":""PUBLIC_OPEN_SPACE"",""geometry_id"":""GEO-08-044-G1"",""area_sqm"":661.55}","{""owner"":""Municipal Corporation of Delhi"",""land_use"":""PUBLIC_OPEN_SPACE"",""geometry_id"":""GEO-08-044-G1"",""state"":""UNCHANGED_PENDING""}",True,CNF-00574,2026-09-15 10:30:00,TC20_PARK_BOUNDARY_DISAGREEMENT
IN-DL-110054-8-45,ACTIVE,CURRENT,,,HUMAN_REVIEW_REQUIRED,CRITICAL,Government/public parcel appears private in municipal data.; Municipal owner/occupier differs from revenue owner.,4,OBS-003161;OBS-003162;OBS-003163;OBS-003164,0.745,0.683,0.316,0.558,0.94,0.647,"{""owner"":""Municipal Corporation of Delhi"",""land_use"":""PUBLIC_OPEN_SPACE"",""geometry_id"":""GEO-08-045-G1"",""area_sqm"":738.7}","{""owner"":""Municipal Corporation of Delhi"",""land_use"":""PUBLIC_OPEN_SPACE"",""geometry_id"":""GEO-08-045-G1"",""state"":""UNCHANGED_PENDING""}",True,CNF-00372;CNF-00403,2026-09-15 10:30:00,TC10_OWNERSHIP_CONFLICT;TC11_GOVERNMENT_PRIVATE_OWNERSHIP_CONFLICT
IN-DL-110054-8-46,ACTIVE,CURRENT,,,HUMAN_REVIEW_REQUIRED,CRITICAL,Recent imagery suggests occupation into public land.,3,OBS-003165;OBS-003166;OBS-003167,0.733,0.641,0.655,0.67,0.94,0.714,"{""owner"":""Municipal Corporation of Delhi"",""land_use"":""PUBLIC_OPEN_SPACE"",""geometry_id"":""GEO-08-046-G1"",""area_sqm"":921.71}","{""owner"":""Municipal Corporation of Delhi"",""land_use"":""PUBLIC_OPEN_SPACE"",""geometry_id"":""GEO-08-046-G1"",""state"":""UNCHANGED_PENDING""}",True,CNF-00556,2026-09-15 10:30:00,TC19_ENCROACHMENT_INTO_PUBLIC_LAND
IN-DL-110054-8-47,ACTIVE,CURRENT,,,AUTO_MATCHED,LOW,No material disagreement,4,OBS-003168;OBS-003169;OBS-003170;OBS-003171,0.9,0.756,0.777,0.777,0.94,0.83,"{""owner"":""Municipal Corporation of Delhi"",""land_use"":""PUBLIC_OPEN_SPACE"",""geometry_id"":""GEO-08-047-G1"",""area_sqm"":606.3}","{""owner"":""Municipal Corporation of Delhi"",""land_use"":""PUBLIC_OPEN_SPACE"",""geometry_id"":""GEO-08-047-G1"",""state"":""AUTHORITATIVE""}",False,,2026-09-15 10:30:00,
IN-DL-110054-8-48,ACTIVE,CURRENT,,,HUMAN_REVIEW_REQUIRED,CRITICAL,Moderate area-basis disagreement.; Recent imagery suggests occupation into public land.,5,OBS-003172;OBS-003173;OBS-003174;OBS-003175;OBS-004365,0.746,0.672,0.711,0.727,0.94,0.743,"{""owner"":""Municipal Corporation of Delhi"",""land_use"":""PUBLIC_OPEN_SPACE"",""geometry_id"":""GEO-08-048-G1"",""area_sqm"":695.67}","{""owner"":""Municipal Corporation of Delhi"",""land_use"":""PUBLIC_OPEN_SPACE"",""geometry_id"":""GEO-08-048-G1"",""state"":""UNCHANGED_PENDING""}",True,CNF-00566,2026-09-15 10:30:00,TC19_ENCROACHMENT_INTO_PUBLIC_LAND
IN-DL-110054-8-49,ACTIVE,CURRENT,,,MATCHED_WITH_MINOR_CONFLICT,MEDIUM,Slight spatial shift but identity remains strong.,4,OBS-003176;OBS-003177;OBS-003178;OBS-003179,0.85,0.764,0.697,0.697,0.94,0.791,"{""owner"":""Pramaan Community Trust"",""land_use"":""RELIGIOUS_COMMUNITY"",""geometry_id"":""GEO-08-049-G1"",""area_sqm"":730.6}","{""owner"":""Pramaan Community Trust"",""land_use"":""RELIGIOUS_COMMUNITY"",""geometry_id"":""GEO-08-049-G1"",""state"":""AUTHORITATIVE""}",False,,2026-09-15 10:30:00,TC02_SLIGHT_GEOMETRY_SHIFT
IN-DL-110054-8-50,ACTIVE,CURRENT,,,MATCHED_WITH_MINOR_CONFLICT,LOW,Abbreviation / formatting variation only.,4,OBS-003180;OBS-003181;OBS-003182;OBS-003183,0.852,0.778,0.7,0.7,0.94,0.796,"{""owner"":""Pramaan Community Trust"",""land_use"":""RELIGIOUS_COMMUNITY"",""geometry_id"":""GEO-08-050-G1"",""area_sqm"":632.23}","{""owner"":""Pramaan Community Trust"",""land_use"":""RELIGIOUS_COMMUNITY"",""geometry_id"":""GEO-08-050-G1"",""state"":""AUTHORITATIVE""}",False,,2026-09-15 10:30:00,
IN-DL-110054-8-51,ACTIVE,CURRENT,,,AUTO_MATCHED,LOW,No material disagreement,4,OBS-003184;OBS-003185;OBS-003186;OBS-003187,0.853,0.777,0.701,0.701,0.94,0.796,"{""owner"":""Deepak Malhotra"",""land_use"":""RESIDENTIAL"",""geometry_id"":""GEO-08-051-G1"",""area_sqm"":1116.19}","{""owner"":""Deepak Malhotra"",""land_use"":""RESIDENTIAL"",""geometry_id"":""GEO-08-051-G1"",""state"":""AUTHORITATIVE""}",False,,2026-09-15 10:30:00,
IN-DL-110054-8-52,ACTIVE,CURRENT,,,AUTO_MATCHED,LOW,No material disagreement,4,OBS-003188;OBS-003189;OBS-003190;OBS-003191,0.855,0.774,0.703,0.703,0.94,0.797,"{""owner"":""Aarav Chawla"",""land_use"":""RESIDENTIAL"",""geometry_id"":""GEO-08-052-G1"",""area_sqm"":1068.66}","{""owner"":""Aarav Chawla"",""land_use"":""RESIDENTIAL"",""geometry_id"":""GEO-08-052-G1"",""state"":""AUTHORITATIVE""}",False,,2026-09-15 10:30:00,
IN-DL-110054-8-53,ACTIVE,CURRENT,,,AUTO_MATCHED,LOW,No material disagreement,5,OBS-003192;OBS-003193;OBS-003194;OBS-003195;OBS-003196,0.907,0.739,0.735,0.735,0.94,0.814,"{""owner"":""Municipal Corporation of Delhi"",""land_use"":""PUBLIC_OPEN_SPACE"",""geometry_id"":""GEO-08-053-G1"",""area_sqm"":929.06}","{""owner"":""Municipal Corporation of Delhi"",""land_use"":""PUBLIC_OPEN_SPACE"",""geometry_id"":""GEO-08-053-G1"",""state"":""AUTHORITATIVE""}",False,,2026-09-15 10:30:00,
IN-DL-110054-8-54,ACTIVE,CURRENT,,,REJECTED_MATCH,CRITICAL,Geometry/identifiers do not uniquely distinguish candidates.; Slight spatial shift but identity remains strong.,4,OBS-003197;OBS-003198;OBS-003199;OBS-003200,0.514,0.663,0.699,0.714,0.94,0.668,"{""owner"":""Municipal Corporation of Delhi"",""land_use"":""PUBLIC_OPEN_SPACE"",""geometry_id"":""GEO-08-054-G1"",""area_sqm"":1012.56,""state"":""REJECTED""}","{""owner"":""Municipal Corporation of Delhi"",""land_use"":""PUBLIC_OPEN_SPACE"",""geometry_id"":""GEO-08-054-G1"",""state"":""AUTHORITATIVE""}",False,,2026-09-15 10:30:00,TC02_SLIGHT_GEOMETRY_SHIFT;TC18_AMBIGUOUS_CANDIDATE_MATCH
IN-DL-110054-8-55,ACTIVE,CURRENT,,,AUTO_MATCHED,LOW,No material disagreement,4,OBS-003201;OBS-003202;OBS-003203;OBS-003204,0.894,0.867,0.808,0.808,0.94,0.866,"{""owner"":""Municipal Corporation of Delhi"",""land_use"":""PUBLIC_OPEN_SPACE"",""geometry_id"":""GEO-08-055-G1"",""area_sqm"":1130.64}","{""owner"":""Municipal Corporation of Delhi"",""land_use"":""PUBLIC_OPEN_SPACE"",""geometry_id"":""GEO-08-055-G1"",""state"":""AUTHORITATIVE""}",False,,2026-09-15 10:30:00,
IN-DL-110054-8-56,ACTIVE,CURRENT,,,AUTO_MATCHED,LOW,No material disagreement,5,OBS-003205;OBS-003206;OBS-003207;OBS-003208;OBS-003209,0.903,0.743,0.73,0.73,0.94,0.812,"{""owner"":""Municipal Corporation of Delhi"",""land_use"":""PUBLIC_OPEN_SPACE"",""geometry_id"":""GEO-08-056-G1"",""area_sqm"":1410.75}","{""owner"":""Municipal Corporation of Delhi"",""land_use"":""PUBLIC_OPEN_SPACE"",""geometry_id"":""GEO-08-056-G1"",""state"":""AUTHORITATIVE""}",False,,2026-09-15 10:30:00,
IN-DL-110054-8-57,ACTIVE,CURRENT,,,HUMAN_REVIEW_REQUIRED,CRITICAL,Park boundary differs across evidence.; Recent imagery suggests occupation into public land.,5,OBS-003210;OBS-003211;OBS-003212;OBS-003213;OBS-003214,0.748,0.662,0.67,0.684,0.94,0.728,"{""owner"":""Municipal Corporation of Delhi"",""land_use"":""PUBLIC_OPEN_SPACE"",""geometry_id"":""GEO-08-057-G1"",""area_sqm"":927.99}","{""owner"":""Municipal Corporation of Delhi"",""land_use"":""PUBLIC_OPEN_SPACE"",""geometry_id"":""GEO-08-057-G1"",""state"":""UNCHANGED_PENDING""}",True,CNF-00569;CNF-00580,2026-09-15 10:30:00,TC19_ENCROACHMENT_INTO_PUBLIC_LAND;TC20_PARK_BOUNDARY_DISAGREEMENT
IN-DL-110054-8-58,ACTIVE,CURRENT,,,AUTO_MATCHED,LOW,No material disagreement,4,OBS-003215;OBS-003216;OBS-003217;OBS-003218,0.898,0.761,0.775,0.775,0.94,0.83,"{""owner"":""Municipal Corporation of Delhi"",""land_use"":""PUBLIC_OPEN_SPACE"",""geometry_id"":""GEO-08-058-G1"",""area_sqm"":1064.78}","{""owner"":""Municipal Corporation of Delhi"",""land_use"":""PUBLIC_OPEN_SPACE"",""geometry_id"":""GEO-08-058-G1"",""state"":""AUTHORITATIVE""}",False,,2026-09-15 10:30:00,
IN-DL-110054-8-59,ACTIVE,CURRENT,,,AUTO_MATCHED,LOW,No material disagreement,4,OBS-003219;OBS-003220;OBS-003221;OBS-003222,0.854,0.775,0.703,0.703,0.94,0.797,"{""owner"":""Pramaan Community Trust"",""land_use"":""RELIGIOUS_COMMUNITY"",""geometry_id"":""GEO-08-059-G1"",""area_sqm"":1118.26}","{""owner"":""Pramaan Community Trust"",""land_use"":""RELIGIOUS_COMMUNITY"",""geometry_id"":""GEO-08-059-G1"",""state"":""AUTHORITATIVE""}",False,,2026-09-15 10:30:00,
IN-DL-110054-8-60,ACTIVE,CURRENT,,,MATCHED_WITH_MINOR_CONFLICT,MEDIUM,Abbreviation / formatting variation only.; Moderate area-basis disagreement.,3,OBS-003223;OBS-003224;OBS-003225,0.883,0.741,0.728,0.728,0.94,0.805,"{""owner"":""Pramaan Community Trust"",""land_use"":""RELIGIOUS_COMMUNITY"",""geometry_id"":""GEO-08-060-G1"",""area_sqm"":967.68}","{""owner"":""Pramaan Community Trust"",""land_use"":""RELIGIOUS_COMMUNITY"",""geometry_id"":""GEO-08-060-G1"",""state"":""AUTHORITATIVE""}",False,,2026-09-15 10:30:00,
IN-DL-110054-8-61,ACTIVE,CURRENT,,,AUTO_MATCHED,LOW,No material disagreement,5,OBS-003226;OBS-003227;OBS-003228;OBS-003229;OBS-003230,0.869,0.9,0.71,0.71,0.94,0.835,"{""owner"":""Ishaan Kapoor"",""land_use"":""RESIDENTIAL"",""geometry_id"":""GEO-08-061-G1"",""area_sqm"":874.24}","{""owner"":""Ishaan Kapoor"",""land_use"":""RESIDENTIAL"",""geometry_id"":""GEO-08-061-G1"",""state"":""AUTHORITATIVE""}",False,,2026-09-15 10:30:00,
IN-DL-110054-8-62,ACTIVE,CURRENT,,,AUTO_MATCHED,LOW,No material disagreement,4,OBS-003231;OBS-003232;OBS-003233;OBS-003234,0.859,0.769,0.708,0.708,0.94,0.799,"{""owner"":""Sneha Bhatia"",""land_use"":""RESIDENTIAL"",""geometry_id"":""GEO-08-062-G1"",""area_sqm"":837.02}","{""owner"":""Sneha Bhatia"",""land_use"":""RESIDENTIAL"",""geometry_id"":""GEO-08-062-G1"",""state"":""AUTHORITATIVE""}",False,,2026-09-15 10:30:00,
IN-DL-110054-8-63,ACTIVE,CURRENT,,,AUTO_MATCHED,LOW,No material disagreement,4,OBS-003235;OBS-003236;OBS-003237;OBS-003238,0.896,0.764,0.775,0.775,0.94,0.83,"{""owner"":""Municipal Corporation of Delhi"",""land_use"":""PUBLIC_OPEN_SPACE"",""geometry_id"":""GEO-08-063-G1"",""area_sqm"":727.68}","{""owner"":""Municipal Corporation of Delhi"",""land_use"":""PUBLIC_OPEN_SPACE"",""geometry_id"":""GEO-08-063-G1"",""state"":""AUTHORITATIVE""}",False,,2026-09-15 10:30:00,
IN-DL-110054-8-64,ACTIVE,CURRENT,,,AUTO_MATCHED,LOW,No material disagreement,4,OBS-003239;OBS-003240;OBS-003241;OBS-003242,0.896,0.762,0.772,0.772,0.94,0.828,"{""owner"":""Municipal Corporation of Delhi"",""land_use"":""PUBLIC_OPEN_SPACE"",""geometry_id"":""GEO-08-064-G1"",""area_sqm"":793.08}","{""owner"":""Municipal Corporation of Delhi"",""land_use"":""PUBLIC_OPEN_SPACE"",""geometry_id"":""GEO-08-064-G1"",""state"":""AUTHORITATIVE""}",False,,2026-09-15 10:30:00,
IN-DL-110054-8-65,ACTIVE,CURRENT,,,AUTO_MATCHED,LOW,No material disagreement,3,OBS-003243;OBS-003244;OBS-003245,0.94,0.713,0.845,0.845,0.94,0.853,"{""owner"":""Municipal Corporation of Delhi"",""land_use"":""PUBLIC_OPEN_SPACE"",""geometry_id"":""GEO-08-065-G1"",""area_sqm"":885.57}","{""owner"":""Municipal Corporation of Delhi"",""land_use"":""PUBLIC_OPEN_SPACE"",""geometry_id"":""GEO-08-065-G1"",""state"":""AUTHORITATIVE""}",False,,2026-09-15 10:30:00,
IN-DL-110054-8-66,ACTIVE,CURRENT,,,TENTATIVE,HIGH,Local scale/rotation distortion affects boundaries.,5,OBS-003246;OBS-003247;OBS-003248;OBS-003249;OBS-003250,0.753,0.621,0.663,0.678,0.94,0.717,"{""owner"":""Municipal Corporation of Delhi"",""land_use"":""PUBLIC_OPEN_SPACE"",""geometry_id"":""GEO-08-066-G2"",""area_sqm"":1103.19}","{""owner"":""Municipal Corporation of Delhi"",""land_use"":""PUBLIC_OPEN_SPACE"",""geometry_id"":""GEO-08-066-G2"",""state"":""UNCHANGED_PENDING""}",True,CNF-00313,2026-09-15 10:30:00,TC03_SIGNIFICANT_LOCAL_DISTORTION
IN-DL-110054-8-67,ACTIVE,CURRENT,,,AUTO_MATCHED,LOW,No material disagreement,3,OBS-003251;OBS-003252;OBS-003253,0.94,0.712,0.844,0.844,0.94,0.852,"{""owner"":""Municipal Corporation of Delhi"",""land_use"":""PUBLIC_OPEN_SPACE"",""geometry_id"":""GEO-08-067-G1"",""area_sqm"":726.84}","{""owner"":""Municipal Corporation of Delhi"",""land_use"":""PUBLIC_OPEN_SPACE"",""geometry_id"":""GEO-08-067-G1"",""state"":""AUTHORITATIVE""}",False,,2026-09-15 10:30:00,
IN-DL-110054-8-68,ACTIVE,CURRENT,,,NEEDS_ADDITIONAL_EVIDENCE,MEDIUM,Expected administrative source is absent.,2,OBS-003254;OBS-003255,0.94,0.659,0.81,0.81,0.94,0.828,"{""owner"":""Municipal Corporation of Delhi"",""land_use"":""PUBLIC_OPEN_SPACE"",""geometry_id"":""GEO-08-068-G1"",""area_sqm"":833.98}","{""owner"":""Municipal Corporation of Delhi"",""land_use"":""PUBLIC_OPEN_SPACE"",""geometry_id"":""GEO-08-068-G1"",""state"":""UNCHANGED_PENDING""}",False,CNF-00509,2026-09-15 10:30:00,TC17_MISSING_SOURCE_RECORD
IN-DL-110054-8-69,ACTIVE,CURRENT,,,AUTO_MATCHED,LOW,No material disagreement,5,OBS-003256;OBS-003257;OBS-003258;OBS-003259;OBS-003260,0.87,0.899,0.711,0.711,0.94,0.835,"{""owner"":""Pramaan Community Health Trust"",""land_use"":""HEALTHCARE"",""geometry_id"":""GEO-08-069-G1"",""area_sqm"":875.86}","{""owner"":""Pramaan Community Health Trust"",""land_use"":""HEALTHCARE"",""geometry_id"":""GEO-08-069-G1"",""state"":""AUTHORITATIVE""}",False,,2026-09-15 10:30:00,
IN-DL-110054-8-70,ACTIVE,CURRENT,,,MATCHED_WITH_MINOR_CONFLICT,LOW,Abbreviation / formatting variation only.,4,OBS-003261;OBS-003262;OBS-003263;OBS-003264,0.85,0.78,0.698,0.698,0.94,0.796,"{""owner"":""Pramaan Community Health Trust"",""land_use"":""HEALTHCARE"",""geometry_id"":""GEO-08-070-G1"",""area_sqm"":757.93}","{""owner"":""Pramaan Community Health Trust"",""land_use"":""HEALTHCARE"",""geometry_id"":""GEO-08-070-G1"",""state"":""AUTHORITATIVE""}",False,,2026-09-15 10:30:00,
IN-DL-110054-8-71,ACTIVE,CURRENT,,,AUTO_MATCHED,LOW,No material disagreement,4,OBS-003265;OBS-003266;OBS-003267;OBS-003268,0.851,0.779,0.699,0.699,0.94,0.796,"{""owner"":""Deepak Jain"",""land_use"":""RESIDENTIAL"",""geometry_id"":""GEO-08-071-G1"",""area_sqm"":874.2}","{""owner"":""Deepak Jain"",""land_use"":""RESIDENTIAL"",""geometry_id"":""GEO-08-071-G1"",""state"":""AUTHORITATIVE""}",False,,2026-09-15 10:30:00,
IN-DL-110054-8-72,ACTIVE,CURRENT,,,MATCHED_WITH_MINOR_CONFLICT,MEDIUM,Moderate area-basis disagreement.,3,OBS-003269;OBS-003270;OBS-003271,0.88,0.745,0.725,0.725,0.94,0.804,"{""owner"":""Aarav Verma"",""land_use"":""RESIDENTIAL"",""geometry_id"":""GEO-08-072-G1"",""area_sqm"":836.97}","{""owner"":""Aarav Verma"",""land_use"":""RESIDENTIAL"",""geometry_id"":""GEO-08-072-G1"",""state"":""AUTHORITATIVE""}",False,,2026-09-15 10:30:00,
IN-DL-110054-8-73,ACTIVE,CURRENT,,,AUTO_MATCHED,LOW,No material disagreement,6,OBS-003272;OBS-003273;OBS-003274;OBS-003275;OBS-003276;OBS-003277,0.858,0.881,0.686,0.686,0.94,0.819,"{""owner"":""BSES Yamuna Power Limited"",""land_use"":""UTILITY"",""geometry_id"":""GEO-08-073-G1"",""area_sqm"":727.64}","{""owner"":""BSES Yamuna Power Limited"",""land_use"":""UTILITY"",""geometry_id"":""GEO-08-073-G1"",""state"":""AUTHORITATIVE""}",False,,2026-09-15 10:30:00,
IN-DL-110054-8-74,ACTIVE,CURRENT,,,HUMAN_REVIEW_REQUIRED,HIGH,Strong evidence exists but legal/human approval is pending.,5,OBS-003278;OBS-003279;OBS-003280;OBS-003281;OBS-003282,0.721,0.774,0.637,0.652,0.94,0.738,"{""owner"":""Delhi Jal Board"",""land_use"":""UTILITY"",""geometry_id"":""GEO-08-074-G2"",""area_sqm"":793.04}","{""owner"":""Delhi Jal Board"",""land_use"":""UTILITY"",""geometry_id"":""GEO-08-074-G1"",""state"":""UNCHANGED_PENDING""}",True,CNF-00633,2026-09-15 10:30:00,TC25_STRONG_EVIDENCE_PENDING_APPROVAL
IN-DL-110054-8-75,ACTIVE,CURRENT,,,MATCHED_WITH_MINOR_CONFLICT,MEDIUM,Sources represent different years.,6,OBS-003283;OBS-003284;OBS-003285;OBS-003286;OBS-003287;OBS-003288,0.86,0.878,0.689,0.689,0.94,0.82,"{""owner"":""BSES Yamuna Power Limited"",""land_use"":""UTILITY"",""geometry_id"":""GEO-08-075-G1"",""area_sqm"":885.52}","{""owner"":""BSES Yamuna Power Limited"",""land_use"":""UTILITY"",""geometry_id"":""GEO-08-075-G1"",""state"":""AUTHORITATIVE""}",False,,2026-09-15 10:30:00,
IN-DL-110054-8-76,ACTIVE,CURRENT,,,AUTO_MATCHED,LOW,No material disagreement,3,OBS-003289;OBS-003290;OBS-003291,0.885,0.738,0.732,0.732,0.94,0.806,"{""owner"":""Municipal Corporation of Delhi"",""land_use"":""GOVERNMENT"",""geometry_id"":""GEO-08-076-G1"",""area_sqm"":1104.9}","{""owner"":""Municipal Corporation of Delhi"",""land_use"":""GOVERNMENT"",""geometry_id"":""GEO-08-076-G1"",""state"":""AUTHORITATIVE""}",False,,2026-09-15 10:30:00,
IN-DL-110054-8-77,ACTIVE,CURRENT,,,TENTATIVE,HIGH,DDA sanctioned use conflicts with municipal use.,5,OBS-003292;OBS-003293;OBS-003294;OBS-003295;OBS-003296,0.747,0.707,0.635,0.467,0.94,0.706,"{""owner"":""Delhi Development Authority"",""land_use"":""GOVERNMENT"",""geometry_id"":""GEO-08-077-G1"",""area_sqm"":726.8}","{""owner"":""Delhi Development Authority"",""land_use"":""GOVERNMENT"",""geometry_id"":""GEO-08-077-G1"",""state"":""UNCHANGED_PENDING""}",True,CNF-00411,2026-09-15 10:30:00,TC12_DDA_VS_MUNICIPAL_DISAGREEMENT
IN-DL-110054-8-78,ACTIVE,CURRENT,,,HUMAN_REVIEW_REQUIRED,HIGH,Park boundary differs across evidence.,4,OBS-003297;OBS-003298;OBS-003299;OBS-003300,0.744,0.651,0.697,0.712,0.94,0.733,"{""owner"":""Municipal Corporation of Delhi"",""land_use"":""PUBLIC_OPEN_SPACE"",""geometry_id"":""GEO-08-078-G1"",""area_sqm"":833.94}","{""owner"":""Municipal Corporation of Delhi"",""land_use"":""PUBLIC_OPEN_SPACE"",""geometry_id"":""GEO-08-078-G1"",""state"":""UNCHANGED_PENDING""}",True,CNF-00575,2026-09-15 10:30:00,TC20_PARK_BOUNDARY_DISAGREEMENT
IN-DL-110054-8-79,ACTIVE,CURRENT,,,AUTO_MATCHED,LOW,No material disagreement,4,OBS-003301;OBS-003302;OBS-003303;OBS-003304,0.853,0.777,0.701,0.701,0.94,0.796,"{""owner"":""Pramaan Community Trust"",""land_use"":""RELIGIOUS_COMMUNITY"",""geometry_id"":""GEO-08-079-G1"",""area_sqm"":875.82}","{""owner"":""Pramaan Community Trust"",""land_use"":""RELIGIOUS_COMMUNITY"",""geometry_id"":""GEO-08-079-G1"",""state"":""AUTHORITATIVE""}",False,,2026-09-15 10:30:00,
IN-DL-110054-8-80,ACTIVE,CURRENT,,,MATCHED_WITH_MINOR_CONFLICT,LOW,Abbreviation / formatting variation only.,4,OBS-003305;OBS-003306;OBS-003307;OBS-003308,0.855,0.774,0.703,0.703,0.94,0.797,"{""owner"":""Pramaan Community Trust"",""land_use"":""RELIGIOUS_COMMUNITY"",""geometry_id"":""GEO-08-080-G1"",""area_sqm"":757.89}","{""owner"":""Pramaan Community Trust"",""land_use"":""RELIGIOUS_COMMUNITY"",""geometry_id"":""GEO-08-080-G1"",""state"":""AUTHORITATIVE""}",False,,2026-09-15 10:30:00,
IN-DL-110054-8-81,ACTIVE,CURRENT,,,AUTO_MATCHED,LOW,No material disagreement,4,OBS-003309;OBS-003310;OBS-003311;OBS-003312,0.855,0.773,0.705,0.705,0.94,0.798,"{""owner"":""Ishaan Arora"",""land_use"":""RESIDENTIAL"",""geometry_id"":""GEO-08-081-G1"",""area_sqm"":779.75}","{""owner"":""Ishaan Arora"",""land_use"":""RESIDENTIAL"",""geometry_id"":""GEO-08-081-G1"",""state"":""AUTHORITATIVE""}",False,,2026-09-15 10:30:00,
IN-DL-110054-8-82,ACTIVE,CURRENT,,,AUTO_MATCHED,LOW,No material disagreement,4,OBS-003313;OBS-003314;OBS-003315;OBS-003316,0.857,0.771,0.707,0.707,0.94,0.798,"{""owner"":""Sneha Mehta"",""land_use"":""RESIDENTIAL"",""geometry_id"":""GEO-08-082-G1"",""area_sqm"":746.55}","{""owner"":""Sneha Mehta"",""land_use"":""RESIDENTIAL"",""geometry_id"":""GEO-08-082-G1"",""state"":""AUTHORITATIVE""}",False,,2026-09-15 10:30:00,
IN-DL-110054-8-83,ACTIVE,CURRENT,,,AUTO_MATCHED,LOW,No material disagreement,5,OBS-003317;OBS-003318;OBS-003319;OBS-003320;OBS-003321,0.874,0.75,0.681,0.681,0.94,0.79,"{""owner"":""BSES Yamuna Power Limited"",""land_use"":""UTILITY"",""geometry_id"":""GEO-08-083-G1"",""area_sqm"":649.02}","{""owner"":""BSES Yamuna Power Limited"",""land_use"":""UTILITY"",""geometry_id"":""GEO-08-083-G1"",""state"":""AUTHORITATIVE""}",False,,2026-09-15 10:30:00,
IN-DL-110054-8-84,ACTIVE,CURRENT,,,HUMAN_REVIEW_REQUIRED,CRITICAL,Government/public parcel appears private in municipal data.; Moderate area-basis disagreement.,5,OBS-003322;OBS-003323;OBS-003324;OBS-003325;OBS-003326,0.72,0.682,0.311,0.548,0.94,0.637,"{""owner"":""Delhi Jal Board"",""land_use"":""UTILITY"",""geometry_id"":""GEO-08-084-G1"",""area_sqm"":707.36}","{""owner"":""Delhi Jal Board"",""land_use"":""UTILITY"",""geometry_id"":""GEO-08-084-G1"",""state"":""UNCHANGED_PENDING""}",True,CNF-00394,2026-09-15 10:30:00,TC11_GOVERNMENT_PRIVATE_OWNERSHIP_CONFLICT
IN-DL-110054-8-85,ACTIVE,CURRENT,,,AUTO_MATCHED,LOW,No material disagreement,5,OBS-003327;OBS-003328;OBS-003329;OBS-003330;OBS-003331,0.868,0.756,0.673,0.673,0.94,0.787,"{""owner"":""BSES Yamuna Power Limited"",""land_use"":""UTILITY"",""geometry_id"":""GEO-08-085-G1"",""area_sqm"":789.85}","{""owner"":""BSES Yamuna Power Limited"",""land_use"":""UTILITY"",""geometry_id"":""GEO-08-085-G1"",""state"":""AUTHORITATIVE""}",False,,2026-09-15 10:30:00,
IN-DL-110054-8-86,ACTIVE,CURRENT,,,AUTO_MATCHED,LOW,No material disagreement,4,OBS-003332;OBS-003333;OBS-003334;OBS-003335,0.897,0.753,0.791,0.791,0.94,0.833,"{""owner"":""Municipal Corporation of Delhi"",""land_use"":""GOVERNMENT"",""geometry_id"":""GEO-08-086-G1"",""area_sqm"":985.53}","{""owner"":""Municipal Corporation of Delhi"",""land_use"":""GOVERNMENT"",""geometry_id"":""GEO-08-086-G1"",""state"":""AUTHORITATIVE""}",False,,2026-09-15 10:30:00,
IN-DL-110054-8-87,ACTIVE,CURRENT,,,TENTATIVE,HIGH,DDA sanctioned use conflicts with municipal use.,4,OBS-003336;OBS-003337;OBS-003338;OBS-003339,0.745,0.677,0.667,0.491,0.94,0.707,"{""owner"":""Delhi Development Authority"",""land_use"":""GOVERNMENT"",""geometry_id"":""GEO-08-087-G1"",""area_sqm"":648.28}","{""owner"":""Delhi Development Authority"",""land_use"":""GOVERNMENT"",""geometry_id"":""GEO-08-087-G1"",""state"":""UNCHANGED_PENDING""}",True,CNF-00419,2026-09-15 10:30:00,TC12_DDA_VS_MUNICIPAL_DISAGREEMENT
IN-DL-110054-8-88,ACTIVE,CURRENT,,,TENTATIVE,HIGH,Park boundary differs across evidence.,3,OBS-003340;OBS-003341;OBS-003342,0.733,0.615,0.655,0.67,0.94,0.707,"{""owner"":""Municipal Corporation of Delhi"",""land_use"":""PUBLIC_OPEN_SPACE"",""geometry_id"":""GEO-08-088-G1"",""area_sqm"":743.84}","{""owner"":""Municipal Corporation of Delhi"",""land_use"":""PUBLIC_OPEN_SPACE"",""geometry_id"":""GEO-08-088-G1"",""state"":""UNCHANGED_PENDING""}",True,CNF-00576,2026-09-15 10:30:00,TC20_PARK_BOUNDARY_DISAGREEMENT
IN-DL-110054-8-89,ACTIVE,CURRENT,,,AUTO_MATCHED,LOW,No material disagreement,5,OBS-003343;OBS-003344;OBS-003345;OBS-003346;OBS-003347,0.87,0.864,0.698,0.698,0.94,0.823,"{""owner"":""Municipal Corporation of Delhi"",""land_use"":""TRANSPORT_ACCESS"",""geometry_id"":""GEO-08-089-G1"",""area_sqm"":781.19}","{""owner"":""Municipal Corporation of Delhi"",""land_use"":""TRANSPORT_ACCESS"",""geometry_id"":""GEO-08-089-G1"",""state"":""AUTHORITATIVE""}",False,,2026-09-15 10:30:00,
IN-DL-110054-8-90,ACTIVE,CURRENT,,,MATCHED_WITH_MINOR_CONFLICT,MEDIUM,Sources represent different years.,3,OBS-003348;OBS-003349;OBS-003350,0.892,0.659,0.735,0.735,0.94,0.79,"{""owner"":""Municipal Corporation of Delhi"",""land_use"":""TRANSPORT_ACCESS"",""geometry_id"":""GEO-08-090-G1"",""area_sqm"":676.0}","{""owner"":""Municipal Corporation of Delhi"",""land_use"":""TRANSPORT_ACCESS"",""geometry_id"":""GEO-08-090-G1"",""state"":""AUTHORITATIVE""}",False,,2026-09-15 10:30:00,
IN-DL-110054-8-91,ACTIVE,CURRENT,IN-DL-110054-8-101,,RECONCILED,HIGH,Road widening changed parcel edge.,5,OBS-003351;OBS-003352;OBS-003353;OBS-003354;OBS-003355,0.862,0.882,0.703,0.703,0.89,0.82,"{""owner"":""Deepak Mishra"",""land_use"":""RESIDENTIAL"",""geometry_id"":""GEO-08-091-G2"",""area_sqm"":685.51}","{""owner"":""Deepak Mishra"",""land_use"":""RESIDENTIAL"",""geometry_id"":""GEO-08-091-G2"",""state"":""AUTHORITATIVE""}",False,,2026-09-15 10:30:00,TC07_PARCEL_SPLIT;TC21_ROAD_WIDENING_BOUNDARY_CORRECTION
IN-DL-110054-8-92,ACTIVE,CURRENT,IN-DL-110054-8-101,,AUTO_MATCHED,LOW,No material disagreement,3,OBS-003356;OBS-003357;OBS-003358,0.884,0.659,0.723,0.723,0.89,0.777,"{""owner"":""Aarav Khanna"",""land_use"":""RESIDENTIAL"",""geometry_id"":""GEO-08-092-G1"",""area_sqm"":698.21}","{""owner"":""Aarav Khanna"",""land_use"":""RESIDENTIAL"",""geometry_id"":""GEO-08-092-G1"",""state"":""AUTHORITATIVE""}",False,,2026-09-15 10:30:00,TC07_PARCEL_SPLIT
IN-DL-110054-8-93,ACTIVE,CURRENT,IN-DL-110054-8-102;IN-DL-110054-8-103,,AUTO_MATCHED,LOW,No material disagreement,5,OBS-003359;OBS-003360;OBS-003361;OBS-003362;OBS-003363,0.869,0.755,0.675,0.675,0.89,0.782,"{""owner"":""BSES Yamuna Power Limited"",""land_use"":""UTILITY"",""geometry_id"":""GEO-08-093-G1"",""area_sqm"":607.0}","{""owner"":""BSES Yamuna Power Limited"",""land_use"":""UTILITY"",""geometry_id"":""GEO-08-093-G1"",""state"":""AUTHORITATIVE""}",False,,2026-09-15 10:30:00,TC06_SEVERAL_HISTORICAL_TO_ONE_CURRENT
IN-DL-110054-8-94,ACTIVE,CURRENT,IN-DL-110054-8-104;IN-DL-110054-8-105,,AUTO_MATCHED,LOW,No material disagreement,5,OBS-003364;OBS-003365;OBS-003366;OBS-003367;OBS-003368,0.871,0.753,0.677,0.677,0.89,0.782,"{""owner"":""Delhi Jal Board"",""land_use"":""UTILITY"",""geometry_id"":""GEO-08-094-G1"",""area_sqm"":661.56}","{""owner"":""Delhi Jal Board"",""land_use"":""UTILITY"",""geometry_id"":""GEO-08-094-G1"",""state"":""AUTHORITATIVE""}",False,,2026-09-15 10:30:00,TC06_SEVERAL_HISTORICAL_TO_ONE_CURRENT
IN-DL-110054-8-95,ACTIVE,CURRENT,,,AUTO_MATCHED,LOW,No material disagreement,6,OBS-003369;OBS-003370;OBS-003371;OBS-003372;OBS-003373;OBS-003374,0.859,0.879,0.686,0.686,0.94,0.819,"{""owner"":""BSES Yamuna Power Limited"",""land_use"":""UTILITY"",""geometry_id"":""GEO-08-095-G1"",""area_sqm"":738.71}","{""owner"":""BSES Yamuna Power Limited"",""land_use"":""UTILITY"",""geometry_id"":""GEO-08-095-G1"",""state"":""AUTHORITATIVE""}",False,,2026-09-15 10:30:00,
IN-DL-110054-8-96,ACTIVE,CURRENT,,,MATCHED_WITH_MINOR_CONFLICT,MEDIUM,Moderate area-basis disagreement.; Slight spatial shift but identity remains strong.,5,OBS-003375;OBS-003376;OBS-003377;OBS-003378;OBS-003379,0.904,0.761,0.747,0.747,0.94,0.823,"{""owner"":""Municipal Corporation of Delhi"",""land_use"":""GOVERNMENT"",""geometry_id"":""GEO-08-096-G1"",""area_sqm"":921.72}","{""owner"":""Municipal Corporation of Delhi"",""land_use"":""GOVERNMENT"",""geometry_id"":""GEO-08-096-G1"",""state"":""AUTHORITATIVE""}",False,,2026-09-15 10:30:00,TC02_SLIGHT_GEOMETRY_SHIFT
IN-DL-110054-8-97,ACTIVE,CURRENT,,,AUTO_MATCHED,LOW,No material disagreement,6,OBS-003380;OBS-003381;OBS-003382;OBS-003383;OBS-003384;OBS-003385,0.891,0.759,0.721,0.721,0.94,0.81,"{""owner"":""Delhi Development Authority"",""land_use"":""GOVERNMENT"",""geometry_id"":""GEO-08-097-G1"",""area_sqm"":606.3}","{""owner"":""Delhi Development Authority"",""land_use"":""GOVERNMENT"",""geometry_id"":""GEO-08-097-G1"",""state"":""AUTHORITATIVE""}",False,,2026-09-15 10:30:00,
IN-DL-110054-8-98,ACTIVE,CURRENT,,,AUTO_MATCHED,LOW,No material disagreement,4,OBS-003386;OBS-003387;OBS-003388;OBS-003389,0.896,0.764,0.774,0.774,0.94,0.83,"{""owner"":""Municipal Corporation of Delhi"",""land_use"":""PUBLIC_OPEN_SPACE"",""geometry_id"":""GEO-08-098-G1"",""area_sqm"":695.68}","{""owner"":""Municipal Corporation of Delhi"",""land_use"":""PUBLIC_OPEN_SPACE"",""geometry_id"":""GEO-08-098-G1"",""state"":""AUTHORITATIVE""}",False,,2026-09-15 10:30:00,
IN-DL-110054-8-99,ACTIVE,CURRENT,,,AUTO_MATCHED,LOW,No material disagreement,4,OBS-003390;OBS-003391;OBS-003392;OBS-003393,0.855,0.726,0.684,0.684,0.94,0.779,"{""owner"":""Municipal Corporation of Delhi"",""land_use"":""TRANSPORT_ACCESS"",""geometry_id"":""GEO-08-099-G1"",""area_sqm"":730.61}","{""owner"":""Municipal Corporation of Delhi"",""land_use"":""TRANSPORT_ACCESS"",""geometry_id"":""GEO-08-099-G1"",""state"":""AUTHORITATIVE""}",False,,2026-09-15 10:30:00,
IN-DL-110054-8-100,ACTIVE,CURRENT,,,MATCHED_WITH_MINOR_CONFLICT,MEDIUM,Slight spatial shift but identity remains strong.,4,OBS-003394;OBS-003395;OBS-003396;OBS-003397,0.856,0.706,0.685,0.685,0.94,0.775,"{""owner"":""Municipal Corporation of Delhi"",""land_use"":""TRANSPORT_ACCESS"",""geometry_id"":""GEO-08-100-G1"",""area_sqm"":632.23}","{""owner"":""Municipal Corporation of Delhi"",""land_use"":""TRANSPORT_ACCESS"",""geometry_id"":""GEO-08-100-G1"",""state"":""AUTHORITATIVE""}",False,,2026-09-15 10:30:00,TC02_SLIGHT_GEOMETRY_SHIFT
IN-DL-110054-9-1,ACTIVE,CURRENT,,,AUTO_MATCHED,LOW,No material disagreement,5,OBS-003398;OBS-003399;OBS-003400;OBS-003401;OBS-003402,0.868,0.756,0.673,0.673,0.94,0.787,"{""owner"":""Delhi Jal Board"",""land_use"":""UTILITY"",""geometry_id"":""GEO-09-001-G1"",""area_sqm"":835.35}","{""owner"":""Delhi Jal Board"",""land_use"":""UTILITY"",""geometry_id"":""GEO-09-001-G1"",""state"":""AUTHORITATIVE""}",False,,2026-09-15 10:30:00,
IN-DL-110054-9-2,ACTIVE,CURRENT,,,HUMAN_REVIEW_REQUIRED,CRITICAL,High-accuracy survey materially contradicts old cadastral geometry.; Multiple municipal units occupy one legal parcel.,6,OBS-003403;OBS-003404;OBS-003405;OBS-003406;OBS-003407;OBS-003408,0.731,0.741,0.651,0.665,0.94,0.737,"{""owner"":""Sneha Bansal"",""land_use"":""RESIDENTIAL"",""geometry_id"":""GEO-09-002-G2"",""area_sqm"":726.16}","{""owner"":""Sneha Bansal"",""land_use"":""RESIDENTIAL"",""geometry_id"":""GEO-09-002-G2"",""state"":""UNCHANGED_PENDING""}",True,CNF-00492,2026-09-15 10:30:00,TC05_ONE_CADASTRAL_TO_SEVERAL_MUNICIPAL;TC15_GNSS_CONTRADICTS_OLD_CADASTRE
IN-DL-110054-9-3,ACTIVE,CURRENT,,,AUTO_MATCHED,LOW,No material disagreement,4,OBS-003409;OBS-003410;OBS-003411;OBS-003412,0.854,0.775,0.703,0.703,0.94,0.797,"{""owner"":""Deepak Sharma"",""land_use"":""RESIDENTIAL"",""geometry_id"":""GEO-09-003-G1"",""area_sqm"":791.5}","{""owner"":""Deepak Sharma"",""land_use"":""RESIDENTIAL"",""geometry_id"":""GEO-09-003-G1"",""state"":""AUTHORITATIVE""}",False,,2026-09-15 10:30:00,
IN-DL-110054-9-4,ACTIVE,CURRENT,,,TENTATIVE,HIGH,Local scale/rotation distortion affects boundaries.,3,OBS-003413;OBS-003414;OBS-003415,0.733,0.587,0.655,0.67,0.94,0.7,"{""owner"":""Aarav Saxena"",""land_use"":""RESIDENTIAL"",""geometry_id"":""GEO-09-004-G2"",""area_sqm"":882.39}","{""owner"":""Aarav Saxena"",""land_use"":""RESIDENTIAL"",""geometry_id"":""GEO-09-004-G2"",""state"":""UNCHANGED_PENDING""}",True,CNF-00315,2026-09-15 10:30:00,TC03_SIGNIFICANT_LOCAL_DISTORTION
IN-DL-110054-9-5,ACTIVE,CURRENT,,,AUTO_MATCHED,LOW,No material disagreement,4,OBS-003416;OBS-003417;OBS-003418;OBS-003419,0.857,0.771,0.706,0.706,0.94,0.798,"{""owner"":""Ishaan Malhotra"",""land_use"":""RESIDENTIAL"",""geometry_id"":""GEO-09-005-G1"",""area_sqm"":794.75}","{""owner"":""Ishaan Malhotra"",""land_use"":""RESIDENTIAL"",""geometry_id"":""GEO-09-005-G1"",""state"":""AUTHORITATIVE""}",False,,2026-09-15 10:30:00,
IN-DL-110054-9-6,ACTIVE,CURRENT,,,AUTO_MATCHED,LOW,No material disagreement,3,OBS-003420;OBS-003421;OBS-003422,0.885,0.728,0.752,0.752,0.94,0.81,"{""owner"":""Sneha Chawla"",""land_use"":""RESIDENTIAL"",""geometry_id"":""GEO-09-006-G1"",""area_sqm"":1028.56}","{""owner"":""Sneha Chawla"",""land_use"":""RESIDENTIAL"",""geometry_id"":""GEO-09-006-G1"",""state"":""AUTHORITATIVE""}",False,,2026-09-15 10:30:00,
IN-DL-110054-9-7,ACTIVE,CURRENT,,,MATCHED_WITH_MINOR_CONFLICT,MEDIUM,Slight spatial shift but identity remains strong.,5,OBS-003423;OBS-003424;OBS-003425;OBS-003426;OBS-003427,0.862,0.898,0.703,0.703,0.94,0.83,"{""owner"":""Deepak Jain"",""land_use"":""RESIDENTIAL"",""geometry_id"":""GEO-09-007-G1"",""area_sqm"":832.33}","{""owner"":""Deepak Jain"",""land_use"":""RESIDENTIAL"",""geometry_id"":""GEO-09-007-G1"",""state"":""AUTHORITATIVE""}",False,,2026-09-15 10:30:00,TC02_SLIGHT_GEOMETRY_SHIFT
IN-DL-110054-9-8,ACTIVE,CURRENT,,,AUTO_MATCHED,LOW,No material disagreement,4,OBS-003428;OBS-003429;OBS-003430;OBS-003431,0.852,0.778,0.7,0.7,0.94,0.796,"{""owner"":""Aarav Verma"",""land_use"":""RESIDENTIAL"",""geometry_id"":""GEO-09-008-G1"",""area_sqm"":874.12}","{""owner"":""Aarav Verma"",""land_use"":""RESIDENTIAL"",""geometry_id"":""GEO-09-008-G1"",""state"":""AUTHORITATIVE""}",False,,2026-09-15 10:30:00,
IN-DL-110054-9-9,ACTIVE,CURRENT,,,AUTO_MATCHED,LOW,No material disagreement,4,OBS-003432;OBS-003433;OBS-003434;OBS-003435,0.853,0.843,0.725,0.725,0.94,0.821,"{""owner"":""Ishaan Mishra"",""land_use"":""MIXED_USE"",""geometry_id"":""GEO-09-009-G1"",""area_sqm"":756.42}","{""owner"":""Ishaan Mishra"",""land_use"":""MIXED_USE"",""geometry_id"":""GEO-09-009-G1"",""state"":""AUTHORITATIVE""}",False,,2026-09-15 10:30:00,
IN-DL-110054-9-10,ACTIVE,CURRENT,,,MATCHED_WITH_MINOR_CONFLICT,LOW,Abbreviation / formatting variation only.,4,OBS-003436;OBS-003437;OBS-003438;OBS-003439,0.855,0.774,0.703,0.703,0.94,0.797,"{""owner"":""Sneha Khanna"",""land_use"":""MIXED_USE"",""geometry_id"":""GEO-09-010-G1"",""area_sqm"":744.95}","{""owner"":""Sneha Khanna"",""land_use"":""MIXED_USE"",""geometry_id"":""GEO-09-010-G1"",""state"":""AUTHORITATIVE""}",False,,2026-09-15 10:30:00,
IN-DL-110054-9-11,ACTIVE,CURRENT,,,AUTO_MATCHED,LOW,No material disagreement,5,OBS-003440;OBS-003441;OBS-003442;OBS-003443;OBS-003444,0.871,0.752,0.678,0.678,0.94,0.788,"{""owner"":""Delhi Jal Board"",""land_use"":""UTILITY"",""geometry_id"":""GEO-09-011-G1"",""area_sqm"":855.74}","{""owner"":""Delhi Jal Board"",""land_use"":""UTILITY"",""geometry_id"":""GEO-09-011-G1"",""state"":""AUTHORITATIVE""}",False,,2026-09-15 10:30:00,
IN-DL-110054-9-12,ACTIVE,CURRENT,,,MATCHED_WITH_MINOR_CONFLICT,MEDIUM,Moderate area-basis disagreement.,3,OBS-003445;OBS-003446;OBS-003447,0.884,0.729,0.751,0.751,0.94,0.81,"{""owner"":""Aarav Aggarwal"",""land_use"":""RESIDENTIAL"",""geometry_id"":""GEO-09-012-G1"",""area_sqm"":743.95}","{""owner"":""Aarav Aggarwal"",""land_use"":""RESIDENTIAL"",""geometry_id"":""GEO-09-012-G1"",""state"":""AUTHORITATIVE""}",False,,2026-09-15 10:30:00,
IN-DL-110054-9-13,ACTIVE,CURRENT,,,AUTO_MATCHED,LOW,No material disagreement,3,OBS-003448;OBS-003449;OBS-003450,0.884,0.729,0.751,0.751,0.94,0.81,"{""owner"":""Ishaan Gupta"",""land_use"":""RESIDENTIAL"",""geometry_id"":""GEO-09-013-G1"",""area_sqm"":810.82}","{""owner"":""Ishaan Gupta"",""land_use"":""RESIDENTIAL"",""geometry_id"":""GEO-09-013-G1"",""state"":""AUTHORITATIVE""}",False,,2026-09-15 10:30:00,
IN-DL-110054-9-14,ACTIVE,CURRENT,,,AUTO_MATCHED,LOW,No material disagreement,4,OBS-003451;OBS-003452;OBS-003453;OBS-003454,0.85,0.78,0.698,0.698,0.94,0.796,"{""owner"":""Sneha Tiwari"",""land_use"":""RESIDENTIAL"",""geometry_id"":""GEO-09-014-G1"",""area_sqm"":905.38}","{""owner"":""Sneha Tiwari"",""land_use"":""RESIDENTIAL"",""geometry_id"":""GEO-09-014-G1"",""state"":""AUTHORITATIVE""}",False,,2026-09-15 10:30:00,
IN-DL-110054-9-15,ACTIVE,CURRENT,,,MATCHED_WITH_MINOR_CONFLICT,MEDIUM,Sources represent different years.,4,OBS-003455;OBS-003456;OBS-003457;OBS-003458,0.851,0.779,0.699,0.699,0.94,0.796,"{""owner"":""Deepak Kapoor"",""land_use"":""RESIDENTIAL"",""geometry_id"":""GEO-09-015-G1"",""area_sqm"":814.14}","{""owner"":""Deepak Kapoor"",""land_use"":""RESIDENTIAL"",""geometry_id"":""GEO-09-015-G1"",""state"":""AUTHORITATIVE""}",False,,2026-09-15 10:30:00,
IN-DL-110054-9-16,ACTIVE,CURRENT,,,MATCHED_WITH_MINOR_CONFLICT,MEDIUM,Slight spatial shift but identity remains strong.,4,OBS-003459;OBS-003460;OBS-003461;OBS-003462,0.853,0.758,0.702,0.702,0.94,0.792,"{""owner"":""Aarav Bhatia"",""land_use"":""RESIDENTIAL"",""geometry_id"":""GEO-09-016-G1"",""area_sqm"":1053.66}","{""owner"":""Aarav Bhatia"",""land_use"":""RESIDENTIAL"",""geometry_id"":""GEO-09-016-G1"",""state"":""AUTHORITATIVE""}",False,,2026-09-15 10:30:00,TC02_SLIGHT_GEOMETRY_SHIFT
IN-DL-110054-9-17,ACTIVE,CURRENT,,,HUMAN_REVIEW_REQUIRED,CRITICAL,Duplicate source row can create duplicate legal identity.,5,OBS-003463;OBS-003464;OBS-003465;OBS-003466;OBS-003467,0.691,0.695,0.649,0.663,0.94,0.713,"{""owner"":""Ishaan Arora"",""land_use"":""RESIDENTIAL"",""geometry_id"":""GEO-09-017-G1"",""area_sqm"":852.64}","{""owner"":""Ishaan Arora"",""land_use"":""RESIDENTIAL"",""geometry_id"":""GEO-09-017-G1"",""state"":""UNCHANGED_PENDING""}",True,CNF-00330,2026-09-15 10:30:00,TC04_DUPLICATE_SOURCE_PARCEL
IN-DL-110054-9-18,ACTIVE,CURRENT,,,AUTO_MATCHED,LOW,No material disagreement,6,OBS-003468;OBS-003469;OBS-003470;OBS-003471;OBS-003472;OBS-003473,0.86,0.879,0.688,0.688,0.94,0.82,"{""owner"":""Sneha Mehta"",""land_use"":""RESIDENTIAL"",""geometry_id"":""GEO-09-018-G1"",""area_sqm"":895.46}","{""owner"":""Sneha Mehta"",""land_use"":""RESIDENTIAL"",""geometry_id"":""GEO-09-018-G1"",""state"":""AUTHORITATIVE""}",False,,2026-09-15 10:30:00,
IN-DL-110054-9-19,ACTIVE,CURRENT,,,AUTO_MATCHED,LOW,No material disagreement,4,OBS-003474;OBS-003475;OBS-003476;OBS-003477,0.857,0.771,0.706,0.706,0.94,0.798,"{""owner"":""Deepak Singh"",""land_use"":""MIXED_USE"",""geometry_id"":""GEO-09-019-G1"",""area_sqm"":774.88}","{""owner"":""Deepak Singh"",""land_use"":""MIXED_USE"",""geometry_id"":""GEO-09-019-G1"",""state"":""AUTHORITATIVE""}",False,,2026-09-15 10:30:00,
IN-DL-110054-9-20,ACTIVE,CURRENT,,,HUMAN_REVIEW_REQUIRED,HIGH,Abbreviation / formatting variation only.; Strong evidence exists but legal/human approval is pending.,5,OBS-003478;OBS-003479;OBS-003480;OBS-003481;OBS-003482,0.722,0.808,0.64,0.654,0.94,0.747,"{""owner"":""Aarav Bansal"",""land_use"":""MIXED_USE"",""geometry_id"":""GEO-09-020-G2"",""area_sqm"":763.13}","{""owner"":""Aarav Bansal"",""land_use"":""MIXED_USE"",""geometry_id"":""GEO-09-020-G1"",""state"":""UNCHANGED_PENDING""}",True,CNF-00634,2026-09-15 10:30:00,TC25_STRONG_EVIDENCE_PENDING_APPROVAL
IN-DL-110054-9-21,ACTIVE,CURRENT,,,MATCHED_WITH_MINOR_CONFLICT,MEDIUM,Slight spatial shift but identity remains strong.,5,OBS-003483;OBS-003484;OBS-003485;OBS-003486;OBS-003487,0.867,0.744,0.672,0.672,0.94,0.783,"{""owner"":""Delhi Jal Board"",""land_use"":""UTILITY"",""geometry_id"":""GEO-09-021-G1"",""area_sqm"":771.83}","{""owner"":""Delhi Jal Board"",""land_use"":""UTILITY"",""geometry_id"":""GEO-09-021-G1"",""state"":""AUTHORITATIVE""}",False,,2026-09-15 10:30:00,TC02_SLIGHT_GEOMETRY_SHIFT
IN-DL-110054-9-22,ACTIVE,CURRENT,,,REJECTED_MATCH,CRITICAL,Geometry/identifiers do not uniquely distinguish candidates.,5,OBS-003488;OBS-003489;OBS-003490;OBS-003491;OBS-003492,0.488,0.68,0.606,0.619,0.94,0.634,"{""owner"":""Sneha Saxena"",""land_use"":""RESIDENTIAL"",""geometry_id"":""GEO-09-022-G1"",""area_sqm"":671.0,""state"":""REJECTED""}","{""owner"":""Sneha Saxena"",""land_use"":""RESIDENTIAL"",""geometry_id"":""GEO-09-022-G1"",""state"":""AUTHORITATIVE""}",False,,2026-09-15 10:30:00,TC18_AMBIGUOUS_CANDIDATE_MATCH
IN-DL-110054-9-23,ACTIVE,CURRENT,,,AUTO_MATCHED,LOW,No material disagreement,3,OBS-003493;OBS-003494;OBS-003495,0.879,0.735,0.746,0.746,0.94,0.808,"{""owner"":""Deepak Malhotra"",""land_use"":""RESIDENTIAL"",""geometry_id"":""GEO-09-023-G1"",""area_sqm"":731.31}","{""owner"":""Deepak Malhotra"",""land_use"":""RESIDENTIAL"",""geometry_id"":""GEO-09-023-G1"",""state"":""AUTHORITATIVE""}",False,,2026-09-15 10:30:00,
IN-DL-110054-9-24,ACTIVE,CURRENT,,,MATCHED_WITH_MINOR_CONFLICT,MEDIUM,Moderate area-basis disagreement.,4,OBS-003496;OBS-003497;OBS-003498;OBS-003499,0.855,0.774,0.703,0.703,0.94,0.797,"{""owner"":""Aarav Chawla"",""land_use"":""RESIDENTIAL"",""geometry_id"":""GEO-09-024-G1"",""area_sqm"":816.6}","{""owner"":""Aarav Chawla"",""land_use"":""RESIDENTIAL"",""geometry_id"":""GEO-09-024-G1"",""state"":""AUTHORITATIVE""}",False,,2026-09-15 10:30:00,
IN-DL-110054-9-25,ACTIVE,CURRENT,,,AUTO_MATCHED,LOW,No material disagreement,4,OBS-003500;OBS-003501;OBS-003502;OBS-003503,0.855,0.773,0.705,0.705,0.94,0.798,"{""owner"":""Ishaan Jain"",""land_use"":""RESIDENTIAL"",""geometry_id"":""GEO-09-025-G1"",""area_sqm"":734.31}","{""owner"":""Ishaan Jain"",""land_use"":""RESIDENTIAL"",""geometry_id"":""GEO-09-025-G1"",""state"":""AUTHORITATIVE""}",False,,2026-09-15 10:30:00,
IN-DL-110054-9-26,ACTIVE,CURRENT,,,AUTO_MATCHED,LOW,No material disagreement,3,OBS-003504;OBS-003505;OBS-003506,0.884,0.729,0.751,0.751,0.94,0.81,"{""owner"":""Sneha Verma"",""land_use"":""RESIDENTIAL"",""geometry_id"":""GEO-09-026-G1"",""area_sqm"":950.34}","{""owner"":""Sneha Verma"",""land_use"":""RESIDENTIAL"",""geometry_id"":""GEO-09-026-G1"",""state"":""AUTHORITATIVE""}",False,,2026-09-15 10:30:00,
IN-DL-110054-9-27,ACTIVE,CURRENT,,,AUTO_MATCHED,LOW,No material disagreement,3,OBS-003507;OBS-003508;OBS-003509,0.884,0.729,0.751,0.751,0.94,0.81,"{""owner"":""Deepak Mishra"",""land_use"":""RESIDENTIAL"",""geometry_id"":""GEO-09-027-G1"",""area_sqm"":769.03}","{""owner"":""Deepak Mishra"",""land_use"":""RESIDENTIAL"",""geometry_id"":""GEO-09-027-G1"",""state"":""AUTHORITATIVE""}",False,,2026-09-15 10:30:00,
IN-DL-110054-9-28,ACTIVE,CURRENT,,,AUTO_MATCHED,LOW,No material disagreement,4,OBS-003510;OBS-003511;OBS-003512;OBS-003513,0.85,0.78,0.698,0.698,0.94,0.796,"{""owner"":""Aarav Khanna"",""land_use"":""RESIDENTIAL"",""geometry_id"":""GEO-09-028-G1"",""area_sqm"":807.65}","{""owner"":""Aarav Khanna"",""land_use"":""RESIDENTIAL"",""geometry_id"":""GEO-09-028-G1"",""state"":""AUTHORITATIVE""}",False,,2026-09-15 10:30:00,
IN-DL-110054-9-29,ACTIVE,CURRENT,,,MATCHED_WITH_MINOR_CONFLICT,MEDIUM,Multiple municipal units occupy one legal parcel.,6,OBS-003514;OBS-003515;OBS-003516;OBS-003517;OBS-003518;OBS-003519,0.909,0.711,0.737,0.737,0.94,0.808,"{""owner"":""Ishaan Sethi"",""land_use"":""MIXED_USE"",""geometry_id"":""GEO-09-029-G1"",""area_sqm"":698.9}","{""owner"":""Ishaan Sethi"",""land_use"":""MIXED_USE"",""geometry_id"":""GEO-09-029-G1"",""state"":""AUTHORITATIVE""}",False,,2026-09-15 10:30:00,TC05_ONE_CADASTRAL_TO_SEVERAL_MUNICIPAL
IN-DL-110054-9-30,ACTIVE,CURRENT,,,HUMAN_REVIEW_REQUIRED,CRITICAL,Abbreviation / formatting variation only.; High-accuracy survey materially contradicts old cadastral geometry.,6,OBS-003520;OBS-003521;OBS-003522;OBS-003523;OBS-003524;OBS-003525,0.711,0.755,0.617,0.63,0.94,0.723,"{""owner"":""Sneha Aggarwal"",""land_use"":""MIXED_USE"",""geometry_id"":""GEO-09-030-G2"",""area_sqm"":688.23}","{""owner"":""Sneha Aggarwal"",""land_use"":""MIXED_USE"",""geometry_id"":""GEO-09-030-G2"",""state"":""UNCHANGED_PENDING""}",True,CNF-00493,2026-09-15 10:30:00,TC15_GNSS_CONTRADICTS_OLD_CADASTRE
IN-DL-110054-9-31,ACTIVE,CURRENT,,,AUTO_MATCHED,LOW,No material disagreement,5,OBS-003526;OBS-003527;OBS-003528;OBS-003529;OBS-003530,0.87,0.754,0.677,0.677,0.94,0.788,"{""owner"":""Delhi Jal Board"",""land_use"":""UTILITY"",""geometry_id"":""GEO-09-031-G1"",""area_sqm"":706.55}","{""owner"":""Delhi Jal Board"",""land_use"":""UTILITY"",""geometry_id"":""GEO-09-031-G1"",""state"":""AUTHORITATIVE""}",False,,2026-09-15 10:30:00,
IN-DL-110054-9-32,ACTIVE,CURRENT,,,AUTO_MATCHED,LOW,No material disagreement,4,OBS-003531;OBS-003532;OBS-003533;OBS-003534,0.856,0.772,0.705,0.705,0.94,0.798,"{""owner"":""Aarav Tiwari"",""land_use"":""RESIDENTIAL"",""geometry_id"":""GEO-09-032-G1"",""area_sqm"":614.25}","{""owner"":""Aarav Tiwari"",""land_use"":""RESIDENTIAL"",""geometry_id"":""GEO-09-032-G1"",""state"":""AUTHORITATIVE""}",False,,2026-09-15 10:30:00,
IN-DL-110054-9-33,ACTIVE,CURRENT,,,TENTATIVE,HIGH,Physical occupation is inconsistent with legal state.,4,OBS-003535;OBS-003536;OBS-003537;OBS-003538,0.711,0.694,0.636,0.65,0.94,0.714,"{""owner"":""Ishaan Kapoor"",""land_use"":""RESIDENTIAL"",""geometry_id"":""GEO-09-033-G1"",""area_sqm"":669.46}","{""owner"":""Ishaan Kapoor"",""land_use"":""RESIDENTIAL"",""geometry_id"":""GEO-09-033-G1"",""state"":""UNCHANGED_PENDING""}",True,CNF-00459,2026-09-15 10:30:00,TC14_PHYSICAL_OCCUPATION_VS_LEGAL_GEOMETRY
IN-DL-110054-9-34,ACTIVE,CURRENT,,,AUTO_MATCHED,LOW,No material disagreement,3,OBS-003539;OBS-003540;OBS-003541,0.885,0.728,0.752,0.752,0.94,0.81,"{""owner"":""Sneha Bhatia"",""land_use"":""RESIDENTIAL"",""geometry_id"":""GEO-09-034-G1"",""area_sqm"":747.53}","{""owner"":""Sneha Bhatia"",""land_use"":""RESIDENTIAL"",""geometry_id"":""GEO-09-034-G1"",""state"":""AUTHORITATIVE""}",False,,2026-09-15 10:30:00,
IN-DL-110054-9-35,ACTIVE,CURRENT,,,AUTO_MATCHED,LOW,No material disagreement,4,OBS-003542;OBS-003543;OBS-003544;OBS-003545,0.85,0.781,0.697,0.697,0.94,0.795,"{""owner"":""Deepak Arora"",""land_use"":""RESIDENTIAL"",""geometry_id"":""GEO-09-035-G1"",""area_sqm"":672.2}","{""owner"":""Deepak Arora"",""land_use"":""RESIDENTIAL"",""geometry_id"":""GEO-09-035-G1"",""state"":""AUTHORITATIVE""}",False,,2026-09-15 10:30:00,
IN-DL-110054-9-36,ACTIVE,CURRENT,,,MATCHED_WITH_MINOR_CONFLICT,MEDIUM,Moderate area-basis disagreement.,4,OBS-003546;OBS-003547;OBS-003548;OBS-003549,0.852,0.778,0.7,0.7,0.94,0.796,"{""owner"":""Aarav Mehta"",""land_use"":""RESIDENTIAL"",""geometry_id"":""GEO-09-036-G1"",""area_sqm"":869.96}","{""owner"":""Aarav Mehta"",""land_use"":""RESIDENTIAL"",""geometry_id"":""GEO-09-036-G1"",""state"":""AUTHORITATIVE""}",False,,2026-09-15 10:30:00,
IN-DL-110054-9-37,ACTIVE,CURRENT,,,AUTO_MATCHED,LOW,No material disagreement,3,OBS-003550;OBS-003551;OBS-003552,0.88,0.745,0.725,0.725,0.94,0.804,"{""owner"":""Ishaan Singh"",""land_use"":""RESIDENTIAL"",""geometry_id"":""GEO-09-037-G1"",""area_sqm"":703.99}","{""owner"":""Ishaan Singh"",""land_use"":""RESIDENTIAL"",""geometry_id"":""GEO-09-037-G1"",""state"":""AUTHORITATIVE""}",False,,2026-09-15 10:30:00,
IN-DL-110054-9-38,ACTIVE,CURRENT,,,AUTO_MATCHED,LOW,No material disagreement,5,OBS-003553;OBS-003554;OBS-003555;OBS-003556;OBS-003557,0.87,0.753,0.676,0.676,0.94,0.788,"{""owner"":""Sneha Bansal"",""land_use"":""RESIDENTIAL"",""geometry_id"":""GEO-09-038-G1"",""area_sqm"":739.34}","{""owner"":""Sneha Bansal"",""land_use"":""RESIDENTIAL"",""geometry_id"":""GEO-09-038-G1"",""state"":""AUTHORITATIVE""}",False,,2026-09-15 10:30:00,
IN-DL-110054-9-39,ACTIVE,CURRENT,,,AUTO_MATCHED,LOW,No material disagreement,5,OBS-003558;OBS-003559;OBS-003560;OBS-003561;OBS-003562,0.872,0.753,0.679,0.679,0.94,0.789,"{""owner"":""Deepak Sharma"",""land_use"":""RESIDENTIAL"",""geometry_id"":""GEO-09-039-G1"",""area_sqm"":639.79}","{""owner"":""Deepak Sharma"",""land_use"":""RESIDENTIAL"",""geometry_id"":""GEO-09-039-G1"",""state"":""AUTHORITATIVE""}",False,,2026-09-15 10:30:00,
IN-DL-110054-9-40,ACTIVE,CURRENT,,,MATCHED_WITH_MINOR_CONFLICT,LOW,Abbreviation / formatting variation only.,4,OBS-003563;OBS-003564;OBS-003565;OBS-003566,0.857,0.771,0.707,0.707,0.94,0.798,"{""owner"":""Aarav Saxena"",""land_use"":""RESIDENTIAL"",""geometry_id"":""GEO-09-040-G1"",""area_sqm"":630.09}","{""owner"":""Aarav Saxena"",""land_use"":""RESIDENTIAL"",""geometry_id"":""GEO-09-040-G1"",""state"":""AUTHORITATIVE""}",False,,2026-09-15 10:30:00,
IN-DL-110054-9-41,ACTIVE,CURRENT,,,HUMAN_REVIEW_REQUIRED,CRITICAL,High-accuracy survey materially contradicts old cadastral geometry.; Road widening changed parcel edge.,6,OBS-003567;OBS-003568;OBS-003569;OBS-003570;OBS-003571;OBS-003572,0.715,0.72,0.62,0.634,0.94,0.717,"{""owner"":""Delhi Jal Board"",""land_use"":""UTILITY"",""geometry_id"":""GEO-09-041-G2"",""area_sqm"":710.2}","{""owner"":""Delhi Jal Board"",""land_use"":""UTILITY"",""geometry_id"":""GEO-09-041-G2"",""state"":""UNCHANGED_PENDING""}",True,CNF-00481,2026-09-15 10:30:00,TC15_GNSS_CONTRADICTS_OLD_CADASTRE;TC21_ROAD_WIDENING_BOUNDARY_CORRECTION
IN-DL-110054-9-42,ACTIVE,CURRENT,,,AUTO_MATCHED,LOW,No material disagreement,4,OBS-003573;OBS-003574;OBS-003575;OBS-003576,0.85,0.78,0.698,0.698,0.94,0.796,"{""owner"":""Sneha Chawla"",""land_use"":""RESIDENTIAL"",""geometry_id"":""GEO-09-042-G1"",""area_sqm"":656.84}","{""owner"":""Sneha Chawla"",""land_use"":""RESIDENTIAL"",""geometry_id"":""GEO-09-042-G1"",""state"":""AUTHORITATIVE""}",False,,2026-09-15 10:30:00,
IN-DL-110054-9-43,ACTIVE,CURRENT,,,AUTO_MATCHED,LOW,No material disagreement,3,OBS-003577;OBS-003578;OBS-003579,0.878,0.737,0.744,0.744,0.94,0.808,"{""owner"":""Deepak Jain"",""land_use"":""RESIDENTIAL"",""geometry_id"":""GEO-09-043-G1"",""area_sqm"":715.88}","{""owner"":""Deepak Jain"",""land_use"":""RESIDENTIAL"",""geometry_id"":""GEO-09-043-G1"",""state"":""AUTHORITATIVE""}",False,,2026-09-15 10:30:00,
IN-DL-110054-9-44,ACTIVE,CURRENT,,,MATCHED_WITH_MINOR_CONFLICT,MEDIUM,Slight spatial shift but identity remains strong.,5,OBS-003580;OBS-003581;OBS-003582;OBS-003583;OBS-003584,0.869,0.739,0.674,0.674,0.94,0.784,"{""owner"":""Aarav Verma"",""land_use"":""RESIDENTIAL"",""geometry_id"":""GEO-09-044-G1"",""area_sqm"":799.36}","{""owner"":""Aarav Verma"",""land_use"":""RESIDENTIAL"",""geometry_id"":""GEO-09-044-G1"",""state"":""AUTHORITATIVE""}",False,,2026-09-15 10:30:00,TC02_SLIGHT_GEOMETRY_SHIFT
IN-DL-110054-9-45,ACTIVE,CURRENT,,,MATCHED_WITH_MINOR_CONFLICT,MEDIUM,Sources represent different years.,4,OBS-003585;OBS-003586;OBS-003587;OBS-003588,0.854,0.775,0.703,0.703,0.94,0.797,"{""owner"":""Ishaan Mishra"",""land_use"":""RESIDENTIAL"",""geometry_id"":""GEO-09-045-G1"",""area_sqm"":718.81}","{""owner"":""Ishaan Mishra"",""land_use"":""RESIDENTIAL"",""geometry_id"":""GEO-09-045-G1"",""state"":""AUTHORITATIVE""}",False,,2026-09-15 10:30:00,
IN-DL-110054-9-46,ACTIVE,CURRENT,,,AUTO_MATCHED,LOW,No material disagreement,4,OBS-003589;OBS-003590;OBS-003591;OBS-003592,0.859,0.722,0.689,0.689,0.94,0.781,"{""owner"":""Sneha Khanna"",""land_use"":""RESIDENTIAL"",""geometry_id"":""GEO-09-046-G1"",""area_sqm"":930.28}","{""owner"":""Sneha Khanna"",""land_use"":""RESIDENTIAL"",""geometry_id"":""GEO-09-046-G1"",""state"":""AUTHORITATIVE""}",False,,2026-09-15 10:30:00,
IN-DL-110054-9-47,ACTIVE,CURRENT,,,MATCHED_WITH_MINOR_CONFLICT,MEDIUM,Slight spatial shift but identity remains strong.,4,OBS-003593;OBS-003594;OBS-003595;OBS-003596,0.853,0.866,0.741,0.741,0.94,0.832,"{""owner"":""Deepak Sethi"",""land_use"":""RESIDENTIAL"",""geometry_id"":""GEO-09-047-G1"",""area_sqm"":752.8}","{""owner"":""Deepak Sethi"",""land_use"":""RESIDENTIAL"",""geometry_id"":""GEO-09-047-G1"",""state"":""AUTHORITATIVE""}",False,,2026-09-15 10:30:00,TC02_SLIGHT_GEOMETRY_SHIFT
IN-DL-110054-9-48,ACTIVE,CURRENT,,,MATCHED_WITH_MINOR_CONFLICT,MEDIUM,Moderate area-basis disagreement.,5,OBS-003597;OBS-003598;OBS-003599;OBS-003600;OBS-003601,0.87,0.898,0.711,0.711,0.94,0.835,"{""owner"":""Aarav Aggarwal"",""land_use"":""RESIDENTIAL"",""geometry_id"":""GEO-09-048-G1"",""area_sqm"":790.6}","{""owner"":""Aarav Aggarwal"",""land_use"":""RESIDENTIAL"",""geometry_id"":""GEO-09-048-G1"",""state"":""AUTHORITATIVE""}",False,,2026-09-15 10:30:00,
IN-DL-110054-9-49,ACTIVE,CURRENT,,,AUTO_MATCHED,LOW,No material disagreement,2,OBS-003602;OBS-003603,0.94,0.659,0.81,0.81,0.94,0.828,"{""owner"":""Ishaan Gupta"",""land_use"":""RESIDENTIAL"",""geometry_id"":""GEO-09-049-G1"",""area_sqm"":684.15}","{""owner"":""Ishaan Gupta"",""land_use"":""RESIDENTIAL"",""geometry_id"":""GEO-09-049-G1"",""state"":""AUTHORITATIVE""}",False,,2026-09-15 10:30:00,
IN-DL-110054-9-50,ACTIVE,CURRENT,,,MATCHED_WITH_MINOR_CONFLICT,LOW,Abbreviation / formatting variation only.,4,OBS-003604;OBS-003605;OBS-003606;OBS-003607,0.848,0.893,0.737,0.737,0.94,0.836,"{""owner"":""Sneha Tiwari"",""land_use"":""RESIDENTIAL"",""geometry_id"":""GEO-09-050-G1"",""area_sqm"":673.77}","{""owner"":""Sneha Tiwari"",""land_use"":""RESIDENTIAL"",""geometry_id"":""GEO-09-050-G1"",""state"":""AUTHORITATIVE""}",False,,2026-09-15 10:30:00,
IN-DL-110054-9-51,ACTIVE,CURRENT,,,AUTO_MATCHED,LOW,No material disagreement,5,OBS-003608;OBS-003609;OBS-003610;OBS-003611;OBS-003612,0.869,0.755,0.675,0.675,0.94,0.788,"{""owner"":""Delhi Jal Board"",""land_use"":""UTILITY"",""geometry_id"":""GEO-09-051-G1"",""area_sqm"":1174.23}","{""owner"":""Delhi Jal Board"",""land_use"":""UTILITY"",""geometry_id"":""GEO-09-051-G1"",""state"":""AUTHORITATIVE""}",False,,2026-09-15 10:30:00,
IN-DL-110054-9-52,ACTIVE,CURRENT,,,AUTO_MATCHED,LOW,No material disagreement,5,OBS-003613;OBS-003614;OBS-003615;OBS-003616;OBS-003617,0.871,0.753,0.677,0.677,0.94,0.788,"{""owner"":""Aarav Bhatia"",""land_use"":""RESIDENTIAL"",""geometry_id"":""GEO-09-052-G1"",""area_sqm"":1020.84}","{""owner"":""Aarav Bhatia"",""land_use"":""RESIDENTIAL"",""geometry_id"":""GEO-09-052-G1"",""state"":""AUTHORITATIVE""}",False,,2026-09-15 10:30:00,
IN-DL-110054-9-53,ACTIVE,CURRENT,,,NEEDS_ADDITIONAL_EVIDENCE,MEDIUM,Expected administrative source is absent.,4,OBS-003618;OBS-003619;OBS-003620;OBS-003621,0.815,0.916,0.689,0.689,0.94,0.816,"{""owner"":""Ishaan Arora"",""land_use"":""RESIDENTIAL"",""geometry_id"":""GEO-09-053-G1"",""area_sqm"":1112.59}","{""owner"":""Ishaan Arora"",""land_use"":""RESIDENTIAL"",""geometry_id"":""GEO-09-053-G1"",""state"":""UNCHANGED_PENDING""}",False,CNF-00527,2026-09-15 10:30:00,TC17_MISSING_SOURCE_RECORD
IN-DL-110054-9-54,ACTIVE,CURRENT,,,REJECTED_MATCH,CRITICAL,Geometry/identifiers do not uniquely distinguish candidates.,5,OBS-003622;OBS-003623;OBS-003624;OBS-003625;OBS-003626,0.489,0.81,0.639,0.653,0.94,0.678,"{""owner"":""Sneha Mehta"",""land_use"":""RESIDENTIAL"",""geometry_id"":""GEO-09-054-G1"",""area_sqm"":1242.34,""state"":""REJECTED""}","{""owner"":""Sneha Mehta"",""land_use"":""RESIDENTIAL"",""geometry_id"":""GEO-09-054-G1"",""state"":""AUTHORITATIVE""}",False,,2026-09-15 10:30:00,TC18_AMBIGUOUS_CANDIDATE_MATCH
IN-DL-110054-9-55,ACTIVE,CURRENT,,,AUTO_MATCHED,LOW,No material disagreement,3,OBS-003627;OBS-003628;OBS-003629,0.885,0.738,0.732,0.732,0.94,0.806,"{""owner"":""Deepak Singh"",""land_use"":""RESIDENTIAL"",""geometry_id"":""GEO-09-055-G1"",""area_sqm"":1117.15}","{""owner"":""Deepak Singh"",""land_use"":""RESIDENTIAL"",""geometry_id"":""GEO-09-055-G1"",""state"":""AUTHORITATIVE""}",False,,2026-09-15 10:30:00,
IN-DL-110054-9-56,ACTIVE,CURRENT,,,AUTO_MATCHED,LOW,No material disagreement,3,OBS-003630;OBS-003631;OBS-003632,0.877,0.737,0.744,0.744,0.94,0.808,"{""owner"":""Aarav Bansal"",""land_use"":""RESIDENTIAL"",""geometry_id"":""GEO-09-056-G1"",""area_sqm"":1445.81}","{""owner"":""Aarav Bansal"",""land_use"":""RESIDENTIAL"",""geometry_id"":""GEO-09-056-G1"",""state"":""AUTHORITATIVE""}",False,,2026-09-15 10:30:00,
IN-DL-110054-9-57,ACTIVE,CURRENT,,,TENTATIVE,HIGH,Municipal owner/occupier differs from revenue owner.,3,OBS-003633;OBS-003634;OBS-003635,0.73,0.672,0.328,0.578,0.94,0.644,"{""owner"":""Ishaan Sharma"",""land_use"":""RESIDENTIAL"",""geometry_id"":""GEO-09-057-G1"",""area_sqm"":1169.97}","{""owner"":""Ishaan Sharma"",""land_use"":""RESIDENTIAL"",""geometry_id"":""GEO-09-057-G1"",""state"":""UNCHANGED_PENDING""}",True,CNF-00362,2026-09-15 10:30:00,TC10_OWNERSHIP_CONFLICT
IN-DL-110054-9-58,ACTIVE,CURRENT,,,AUTO_MATCHED,LOW,No material disagreement,4,OBS-003636;OBS-003637;OBS-003638;OBS-003639,0.853,0.776,0.702,0.702,0.94,0.797,"{""owner"":""Sneha Saxena"",""land_use"":""RESIDENTIAL"",""geometry_id"":""GEO-09-058-G1"",""area_sqm"":1228.73}","{""owner"":""Sneha Saxena"",""land_use"":""RESIDENTIAL"",""geometry_id"":""GEO-09-058-G1"",""state"":""AUTHORITATIVE""}",False,,2026-09-15 10:30:00,
IN-DL-110054-9-59,ACTIVE,CURRENT,,,AUTO_MATCHED,LOW,No material disagreement,4,OBS-003640;OBS-003641;OBS-003642;OBS-003643,0.854,0.775,0.703,0.703,0.94,0.797,"{""owner"":""Deepak Malhotra"",""land_use"":""RESIDENTIAL"",""geometry_id"":""GEO-09-059-G1"",""area_sqm"":1063.28}","{""owner"":""Deepak Malhotra"",""land_use"":""RESIDENTIAL"",""geometry_id"":""GEO-09-059-G1"",""state"":""AUTHORITATIVE""}",False,,2026-09-15 10:30:00,
IN-DL-110054-9-60,ACTIVE,CURRENT,,,REJECTED_MATCH,CRITICAL,Abbreviation / formatting variation only.; Geometry/identifiers do not uniquely distinguish candidates.,4,OBS-003644;OBS-003645;OBS-003646;OBS-003647,0.478,0.695,0.635,0.649,0.94,0.644,"{""owner"":""Aarav Chawla"",""land_use"":""RESIDENTIAL"",""geometry_id"":""GEO-09-060-G1"",""area_sqm"":1047.16,""state"":""REJECTED""}","{""owner"":""Aarav Chawla"",""land_use"":""RESIDENTIAL"",""geometry_id"":""GEO-09-060-G1"",""state"":""AUTHORITATIVE""}",False,,2026-09-15 10:30:00,TC18_AMBIGUOUS_CANDIDATE_MATCH
IN-DL-110054-9-61,ACTIVE,CURRENT,,,HUMAN_REVIEW_REQUIRED,HIGH,Road widening changed parcel edge.; Strong evidence exists but legal/human approval is pending.,4,OBS-003648;OBS-003649;OBS-003650;OBS-003651,0.708,0.765,0.654,0.669,0.94,0.737,"{""owner"":""Ishaan Jain"",""land_use"":""VACANT"",""geometry_id"":""GEO-09-061-G2"",""area_sqm"":846.98}","{""owner"":""Ishaan Jain"",""land_use"":""VACANT"",""geometry_id"":""GEO-09-061-G1"",""state"":""UNCHANGED_PENDING""}",True,CNF-00594;CNF-00636,2026-09-15 10:30:00,TC21_ROAD_WIDENING_BOUNDARY_CORRECTION;TC25_STRONG_EVIDENCE_PENDING_APPROVAL
IN-DL-110054-9-62,ACTIVE,CURRENT,,,AUTO_MATCHED,LOW,No material disagreement,3,OBS-003652;OBS-003653;OBS-003654,0.878,0.862,0.775,0.775,0.94,0.849,"{""owner"":""Sneha Verma"",""land_use"":""VACANT"",""geometry_id"":""GEO-09-062-G1"",""area_sqm"":736.34}","{""owner"":""Sneha Verma"",""land_use"":""VACANT"",""geometry_id"":""GEO-09-062-G1"",""state"":""AUTHORITATIVE""}",False,,2026-09-15 10:30:00,
IN-DL-110054-9-63,ACTIVE,CURRENT,,,AUTO_MATCHED,LOW,No material disagreement,4,OBS-003655;OBS-003656;OBS-003657;OBS-003658,0.846,0.903,0.72,0.72,0.94,0.832,"{""owner"":""Deepak Mishra"",""land_use"":""VACANT"",""geometry_id"":""GEO-09-063-G1"",""area_sqm"":802.52}","{""owner"":""Deepak Mishra"",""land_use"":""VACANT"",""geometry_id"":""GEO-09-063-G1"",""state"":""AUTHORITATIVE""}",False,,2026-09-15 10:30:00,
IN-DL-110054-9-64,ACTIVE,CURRENT,,,AUTO_MATCHED,LOW,No material disagreement,5,OBS-003659;OBS-003660;OBS-003661;OBS-003662;OBS-003663,0.901,0.783,0.743,0.743,0.94,0.826,"{""owner"":""Pramaan Redevelopment LLP"",""land_use"":""REDEVELOPMENT"",""geometry_id"":""GEO-09-064-G1"",""area_sqm"":896.11}","{""owner"":""Pramaan Redevelopment LLP"",""land_use"":""REDEVELOPMENT"",""geometry_id"":""GEO-09-064-G1"",""state"":""AUTHORITATIVE""}",False,,2026-09-15 10:30:00,
IN-DL-110054-9-65,ACTIVE,CURRENT,,,TENTATIVE,HIGH,Physical occupation is inconsistent with legal state.,4,OBS-003664;OBS-003665;OBS-003666;OBS-004360,0.735,0.593,0.652,0.667,0.94,0.701,"{""owner"":""Pramaan Redevelopment LLP"",""land_use"":""REDEVELOPMENT"",""geometry_id"":""GEO-09-065-G1"",""area_sqm"":805.81}","{""owner"":""Pramaan Redevelopment LLP"",""land_use"":""REDEVELOPMENT"",""geometry_id"":""GEO-09-065-G1"",""state"":""UNCHANGED_PENDING""}",True,CNF-00458,2026-09-15 10:30:00,TC14_PHYSICAL_OCCUPATION_VS_LEGAL_GEOMETRY
IN-DL-110054-9-66,ACTIVE,CURRENT,,,AUTO_MATCHED,LOW,No material disagreement,5,OBS-003667;OBS-003668;OBS-003669;OBS-003670;OBS-003671,0.866,0.904,0.707,0.707,0.94,0.835,"{""owner"":""Sneha Aggarwal"",""land_use"":""RESIDENTIAL"",""geometry_id"":""GEO-09-066-G1"",""area_sqm"":1042.87}","{""owner"":""Sneha Aggarwal"",""land_use"":""RESIDENTIAL"",""geometry_id"":""GEO-09-066-G1"",""state"":""AUTHORITATIVE""}",False,,2026-09-15 10:30:00,
IN-DL-110054-9-67,ACTIVE,CURRENT,,,NEEDS_ADDITIONAL_EVIDENCE,MEDIUM,Expected administrative source is absent.,4,OBS-003672;OBS-003673;OBS-003674;OBS-003675,0.815,0.916,0.689,0.689,0.94,0.816,"{""owner"":""Deepak Gupta"",""land_use"":""RESIDENTIAL"",""geometry_id"":""GEO-09-067-G1"",""area_sqm"":843.91}","{""owner"":""Deepak Gupta"",""land_use"":""RESIDENTIAL"",""geometry_id"":""GEO-09-067-G1"",""state"":""UNCHANGED_PENDING""}",False,CNF-00514,2026-09-15 10:30:00,TC17_MISSING_SOURCE_RECORD
IN-DL-110054-9-68,ACTIVE,CURRENT,,,MATCHED_WITH_MINOR_CONFLICT,MEDIUM,Slight spatial shift but identity remains strong.,3,OBS-003676;OBS-003677;OBS-003678,0.884,0.703,0.751,0.751,0.94,0.803,"{""owner"":""Aarav Tiwari"",""land_use"":""RESIDENTIAL"",""geometry_id"":""GEO-09-068-G1"",""area_sqm"":886.29}","{""owner"":""Aarav Tiwari"",""land_use"":""RESIDENTIAL"",""geometry_id"":""GEO-09-068-G1"",""state"":""AUTHORITATIVE""}",False,,2026-09-15 10:30:00,TC02_SLIGHT_GEOMETRY_SHIFT
IN-DL-110054-9-69,ACTIVE,CURRENT,,,AUTO_MATCHED,LOW,No material disagreement,4,OBS-003679;OBS-003680;OBS-003681;OBS-003682,0.858,0.769,0.708,0.708,0.94,0.798,"{""owner"":""Ishaan Kapoor"",""land_use"":""RESIDENTIAL"",""geometry_id"":""GEO-09-069-G1"",""area_sqm"":766.95}","{""owner"":""Ishaan Kapoor"",""land_use"":""RESIDENTIAL"",""geometry_id"":""GEO-09-069-G1"",""state"":""AUTHORITATIVE""}",False,,2026-09-15 10:30:00,
IN-DL-110054-9-70,ACTIVE,CURRENT,,,MATCHED_WITH_MINOR_CONFLICT,LOW,Abbreviation / formatting variation only.,4,OBS-003683;OBS-003684;OBS-003685;OBS-003686,0.85,0.78,0.698,0.698,0.94,0.796,"{""owner"":""Sneha Bhatia"",""land_use"":""RESIDENTIAL"",""geometry_id"":""GEO-09-070-G1"",""area_sqm"":755.32}","{""owner"":""Sneha Bhatia"",""land_use"":""RESIDENTIAL"",""geometry_id"":""GEO-09-070-G1"",""state"":""AUTHORITATIVE""}",False,,2026-09-15 10:30:00,
IN-DL-110054-9-71,ACTIVE,CURRENT,,,TENTATIVE,HIGH,Municipal owner/occupier differs from revenue owner.,2,OBS-003687;OBS-003688,0.78,0.593,0.343,0.605,0.94,0.646,"{""owner"":""Deepak Arora"",""land_use"":""VACANT"",""geometry_id"":""GEO-09-071-G1"",""area_sqm"":755.47}","{""owner"":""Deepak Arora"",""land_use"":""VACANT"",""geometry_id"":""GEO-09-071-G1"",""state"":""UNCHANGED_PENDING""}",True,CNF-00359,2026-09-15 10:30:00,TC10_OWNERSHIP_CONFLICT
IN-DL-110054-9-72,ACTIVE,CURRENT,,,MATCHED_WITH_MINOR_CONFLICT,MEDIUM,Moderate area-basis disagreement.,4,OBS-003689;OBS-003690;OBS-003691;OBS-003692,0.849,0.898,0.723,0.723,0.94,0.833,"{""owner"":""Aarav Mehta"",""land_use"":""VACANT"",""geometry_id"":""GEO-09-072-G1"",""area_sqm"":656.78}","{""owner"":""Aarav Mehta"",""land_use"":""VACANT"",""geometry_id"":""GEO-09-072-G1"",""state"":""AUTHORITATIVE""}",False,,2026-09-15 10:30:00,
IN-DL-110054-9-73,ACTIVE,CURRENT,,,AUTO_MATCHED,LOW,No material disagreement,5,OBS-003693;OBS-003694;OBS-003695;OBS-003696;OBS-003697,0.868,0.868,0.695,0.695,0.94,0.822,"{""owner"":""Ishaan Singh"",""land_use"":""VACANT"",""geometry_id"":""GEO-09-073-G1"",""area_sqm"":715.82}","{""owner"":""Ishaan Singh"",""land_use"":""VACANT"",""geometry_id"":""GEO-09-073-G1"",""state"":""AUTHORITATIVE""}",False,,2026-09-15 10:30:00,
IN-DL-110054-9-74,ACTIVE,CURRENT,,,AUTO_MATCHED,LOW,No material disagreement,5,OBS-003698;OBS-003699;OBS-003700;OBS-003701;OBS-003702,0.904,0.778,0.748,0.748,0.94,0.828,"{""owner"":""Pramaan Redevelopment LLP"",""land_use"":""REDEVELOPMENT"",""geometry_id"":""GEO-09-074-G1"",""area_sqm"":799.29}","{""owner"":""Pramaan Redevelopment LLP"",""land_use"":""REDEVELOPMENT"",""geometry_id"":""GEO-09-074-G1"",""state"":""AUTHORITATIVE""}",False,,2026-09-15 10:30:00,
IN-DL-110054-9-75,ACTIVE,CURRENT,,,HUMAN_REVIEW_REQUIRED,CRITICAL,Duplicate source row can create duplicate legal identity.; Sources represent different years.,6,OBS-003703;OBS-003704;OBS-003705;OBS-003706;OBS-003707;OBS-003708,0.713,0.697,0.681,0.697,0.94,0.73,"{""owner"":""Pramaan Redevelopment LLP"",""land_use"":""REDEVELOPMENT"",""geometry_id"":""GEO-09-075-G1"",""area_sqm"":718.75}","{""owner"":""Pramaan Redevelopment LLP"",""land_use"":""REDEVELOPMENT"",""geometry_id"":""GEO-09-075-G1"",""state"":""UNCHANGED_PENDING""}",True,CNF-00320,2026-09-15 10:30:00,TC04_DUPLICATE_SOURCE_PARCEL
IN-DL-110054-9-76,ACTIVE,CURRENT,,,HUMAN_REVIEW_REQUIRED,HIGH,Physical occupation is inconsistent with legal state.,5,OBS-003709;OBS-003710;OBS-003711;OBS-003712;OBS-003713,0.722,0.808,0.64,0.654,0.94,0.747,"{""owner"":""Aarav Saxena"",""land_use"":""RESIDENTIAL"",""geometry_id"":""GEO-09-076-G1"",""area_sqm"":930.2}","{""owner"":""Aarav Saxena"",""land_use"":""RESIDENTIAL"",""geometry_id"":""GEO-09-076-G1"",""state"":""UNCHANGED_PENDING""}",True,CNF-00468,2026-09-15 10:30:00,TC14_PHYSICAL_OCCUPATION_VS_LEGAL_GEOMETRY
IN-DL-110054-9-77,ACTIVE,CURRENT,,,AUTO_MATCHED,LOW,No material disagreement,3,OBS-003714;OBS-003715;OBS-003716,0.878,0.749,0.72,0.72,0.94,0.803,"{""owner"":""Ishaan Malhotra"",""land_use"":""RESIDENTIAL"",""geometry_id"":""GEO-09-077-G1"",""area_sqm"":752.73}","{""owner"":""Ishaan Malhotra"",""land_use"":""RESIDENTIAL"",""geometry_id"":""GEO-09-077-G1"",""state"":""AUTHORITATIVE""}",False,,2026-09-15 10:30:00,
IN-DL-110054-9-78,ACTIVE,CURRENT,,,AUTO_MATCHED,LOW,No material disagreement,4,OBS-003717;OBS-003718;OBS-003719;OBS-003720,0.852,0.778,0.7,0.7,0.94,0.796,"{""owner"":""Sneha Chawla"",""land_use"":""RESIDENTIAL"",""geometry_id"":""GEO-09-078-G1"",""area_sqm"":790.53}","{""owner"":""Sneha Chawla"",""land_use"":""RESIDENTIAL"",""geometry_id"":""GEO-09-078-G1"",""state"":""AUTHORITATIVE""}",False,,2026-09-15 10:30:00,
IN-DL-110054-9-79,ACTIVE,CURRENT,,,HUMAN_REVIEW_REQUIRED,HIGH,Strong evidence exists but legal/human approval is pending.,6,OBS-003721;OBS-003722;OBS-003723;OBS-003724;OBS-003725;OBS-003726,0.711,0.794,0.616,0.63,0.94,0.733,"{""owner"":""Deepak Jain"",""land_use"":""RESIDENTIAL"",""geometry_id"":""GEO-09-079-G2"",""area_sqm"":684.09}","{""owner"":""Deepak Jain"",""land_use"":""RESIDENTIAL"",""geometry_id"":""GEO-09-079-G1"",""state"":""UNCHANGED_PENDING""}",True,CNF-00646,2026-09-15 10:30:00,TC25_STRONG_EVIDENCE_PENDING_APPROVAL
IN-DL-110054-9-80,ACTIVE,CURRENT,,,MATCHED_WITH_MINOR_CONFLICT,LOW,Abbreviation / formatting variation only.,4,OBS-003727;OBS-003728;OBS-003729;OBS-003730,0.851,0.888,0.74,0.74,0.94,0.836,"{""owner"":""Aarav Verma"",""land_use"":""RESIDENTIAL"",""geometry_id"":""GEO-09-080-G1"",""area_sqm"":673.72}","{""owner"":""Aarav Verma"",""land_use"":""RESIDENTIAL"",""geometry_id"":""GEO-09-080-G1"",""state"":""AUTHORITATIVE""}",False,,2026-09-15 10:30:00,
IN-DL-110054-9-81,ACTIVE,CURRENT,,,AUTO_MATCHED,LOW,No material disagreement,3,OBS-003731;OBS-003732;OBS-003733,0.89,0.659,0.732,0.732,0.94,0.788,"{""owner"":""Municipal Corporation of Delhi"",""land_use"":""TRANSPORT_ACCESS"",""geometry_id"":""GEO-09-081-G1"",""area_sqm"":706.56}","{""owner"":""Municipal Corporation of Delhi"",""land_use"":""TRANSPORT_ACCESS"",""geometry_id"":""GEO-09-081-G1"",""state"":""AUTHORITATIVE""}",False,,2026-09-15 10:30:00,
IN-DL-110054-9-82,ACTIVE,CURRENT,,,AUTO_MATCHED,LOW,No material disagreement,4,OBS-003734;OBS-003735;OBS-003736;OBS-003737,0.86,0.721,0.691,0.691,0.94,0.782,"{""owner"":""Municipal Corporation of Delhi"",""land_use"":""TRANSPORT_ACCESS"",""geometry_id"":""GEO-09-082-G1"",""area_sqm"":614.26}","{""owner"":""Municipal Corporation of Delhi"",""land_use"":""TRANSPORT_ACCESS"",""geometry_id"":""GEO-09-082-G1"",""state"":""AUTHORITATIVE""}",False,,2026-09-15 10:30:00,
IN-DL-110054-9-83,ACTIVE,CURRENT,,,AUTO_MATCHED,LOW,No material disagreement,4,OBS-003738;OBS-003739;OBS-003740;OBS-003741,0.861,0.72,0.692,0.692,0.94,0.782,"{""owner"":""BSES Yamuna Power Limited"",""land_use"":""UTILITY"",""geometry_id"":""GEO-09-083-G1"",""area_sqm"":669.47}","{""owner"":""BSES Yamuna Power Limited"",""land_use"":""UTILITY"",""geometry_id"":""GEO-09-083-G1"",""state"":""AUTHORITATIVE""}",False,,2026-09-15 10:30:00,
IN-DL-110054-9-84,ACTIVE,CURRENT,,,REJECTED_MATCH,CRITICAL,Expected administrative source is absent.; Geometry/identifiers do not uniquely distinguish candidates.,7,OBS-003742;OBS-003743;OBS-003744;OBS-003745;OBS-003746;OBS-004356;OBS-004357,0.461,0.822,0.344,0.607,0.94,0.608,"{""owner"":""BSES Yamuna Power Limited"",""land_use"":""UTILITY"",""geometry_id"":""GEO-09-084-G2"",""area_sqm"":747.54,""state"":""REJECTED""}","{""owner"":""BSES Yamuna Power Limited"",""land_use"":""UTILITY"",""geometry_id"":""GEO-09-084-G1"",""state"":""AUTHORITATIVE""}",True,CNF-00522;CNF-00399,2026-09-15 10:30:00,TC02_SLIGHT_GEOMETRY_SHIFT;TC11_GOVERNMENT_PRIVATE_OWNERSHIP_CONFLICT;TC17_MISSING_SOURCE_RECORD;TC18_AMBIGUOUS_CANDIDATE_MATCH
IN-DL-110054-9-85,ACTIVE,CURRENT,,,AUTO_MATCHED,LOW,No material disagreement,4,OBS-003747;OBS-003748;OBS-003749;OBS-003750,0.855,0.725,0.683,0.683,0.94,0.778,"{""owner"":""Municipal Corporation of Delhi"",""land_use"":""TRANSPORT_ACCESS"",""geometry_id"":""GEO-09-085-G1"",""area_sqm"":672.21}","{""owner"":""Municipal Corporation of Delhi"",""land_use"":""TRANSPORT_ACCESS"",""geometry_id"":""GEO-09-085-G1"",""state"":""AUTHORITATIVE""}",False,,2026-09-15 10:30:00,
IN-DL-110054-9-86,ACTIVE,CURRENT,,,AUTO_MATCHED,LOW,No material disagreement,5,OBS-003751;OBS-003752;OBS-003753;OBS-003754;OBS-003755,0.865,0.906,0.706,0.706,0.94,0.834,"{""owner"":""Sneha Tiwari"",""land_use"":""COMMERCIAL"",""geometry_id"":""GEO-09-086-G1"",""area_sqm"":869.97}","{""owner"":""Sneha Tiwari"",""land_use"":""COMMERCIAL"",""geometry_id"":""GEO-09-086-G1"",""state"":""AUTHORITATIVE""}",False,,2026-09-15 10:30:00,
IN-DL-110054-9-87,ACTIVE,CURRENT,,,HUMAN_REVIEW_REQUIRED,HIGH,Strong evidence exists but legal/human approval is pending.,5,OBS-003756;OBS-003757;OBS-003758;OBS-003759;OBS-003760,0.719,0.814,0.636,0.65,0.94,0.747,"{""owner"":""Deepak Kapoor"",""land_use"":""COMMERCIAL"",""geometry_id"":""GEO-09-087-G2"",""area_sqm"":704.0}","{""owner"":""Deepak Kapoor"",""land_use"":""COMMERCIAL"",""geometry_id"":""GEO-09-087-G1"",""state"":""UNCHANGED_PENDING""}",True,CNF-00640,2026-09-15 10:30:00,TC25_STRONG_EVIDENCE_PENDING_APPROVAL
IN-DL-110054-9-88,ACTIVE,CURRENT,,,HUMAN_REVIEW_REQUIRED,CRITICAL,Duplicate source row can create duplicate legal identity.,5,OBS-003761;OBS-003762;OBS-003763;OBS-003764;OBS-003765,0.72,0.682,0.701,0.716,0.94,0.735,"{""owner"":""Municipal Corporation of Delhi"",""land_use"":""PUBLIC_OPEN_SPACE"",""geometry_id"":""GEO-09-088-G1"",""area_sqm"":739.35}","{""owner"":""Municipal Corporation of Delhi"",""land_use"":""PUBLIC_OPEN_SPACE"",""geometry_id"":""GEO-09-088-G1"",""state"":""UNCHANGED_PENDING""}",True,CNF-00332,2026-09-15 10:30:00,TC04_DUPLICATE_SOURCE_PARCEL
IN-DL-110054-9-89,ACTIVE,CURRENT,,,AUTO_MATCHED,LOW,No material disagreement,4,OBS-003766;OBS-003767;OBS-003768;OBS-003769,0.899,0.755,0.775,0.775,0.94,0.829,"{""owner"":""Municipal Corporation of Delhi"",""land_use"":""PUBLIC_OPEN_SPACE"",""geometry_id"":""GEO-09-089-G1"",""area_sqm"":639.79}","{""owner"":""Municipal Corporation of Delhi"",""land_use"":""PUBLIC_OPEN_SPACE"",""geometry_id"":""GEO-09-089-G1"",""state"":""AUTHORITATIVE""}",False,,2026-09-15 10:30:00,
IN-DL-110054-9-90,ACTIVE,CURRENT,,,MATCHED_WITH_MINOR_CONFLICT,MEDIUM,Abbreviation / formatting variation only.; Sources represent different years.,3,OBS-003770;OBS-003771;OBS-003772,0.885,0.728,0.752,0.752,0.94,0.81,"{""owner"":""Pramaan Community Trust"",""land_use"":""RELIGIOUS_COMMUNITY"",""geometry_id"":""GEO-09-090-G1"",""area_sqm"":630.09}","{""owner"":""Pramaan Community Trust"",""land_use"":""RELIGIOUS_COMMUNITY"",""geometry_id"":""GEO-09-090-G1"",""state"":""AUTHORITATIVE""}",False,,2026-09-15 10:30:00,
IN-DL-110054-9-91,ACTIVE,CURRENT,IN-DL-110054-9-101,,RECONCILED,HIGH,Redevelopment consolidated old plots.,4,OBS-003773;OBS-003774;OBS-003775;OBS-003776,0.846,0.896,0.735,0.735,0.89,0.829,"{""owner"":""Pramaan Redevelopment LLP"",""land_use"":""REDEVELOPMENT"",""geometry_id"":""GEO-09-091-G1"",""area_sqm"":771.9}","{""owner"":""Pramaan Redevelopment LLP"",""land_use"":""REDEVELOPMENT"",""geometry_id"":""GEO-09-091-G1"",""state"":""AUTHORITATIVE""}",False,,2026-09-15 10:30:00,TC07_PARCEL_SPLIT;TC22_REDEVELOPMENT_CONSOLIDATION
IN-DL-110054-9-92,ACTIVE,CURRENT,IN-DL-110054-9-101,,AUTO_MATCHED,LOW,No material disagreement,4,OBS-003777;OBS-003778;OBS-003779;OBS-003780,0.852,0.778,0.7,0.7,0.89,0.79,"{""owner"":""Pramaan Redevelopment LLP"",""land_use"":""REDEVELOPMENT"",""geometry_id"":""GEO-09-092-G1"",""area_sqm"":671.06}","{""owner"":""Pramaan Redevelopment LLP"",""land_use"":""REDEVELOPMENT"",""geometry_id"":""GEO-09-092-G1"",""state"":""AUTHORITATIVE""}",False,,2026-09-15 10:30:00,TC07_PARCEL_SPLIT
IN-DL-110054-9-93,ACTIVE,CURRENT,IN-DL-110054-9-102;IN-DL-110054-9-103,,AUTO_MATCHED,LOW,No material disagreement,5,OBS-003781;OBS-003782;OBS-003783;OBS-003784;OBS-003785,0.902,0.782,0.745,0.745,0.89,0.82,"{""owner"":""Pramaan Redevelopment LLP"",""land_use"":""REDEVELOPMENT"",""geometry_id"":""GEO-09-093-G1"",""area_sqm"":731.38}","{""owner"":""Pramaan Redevelopment LLP"",""land_use"":""REDEVELOPMENT"",""geometry_id"":""GEO-09-093-G1"",""state"":""AUTHORITATIVE""}",False,,2026-09-15 10:30:00,TC06_SEVERAL_HISTORICAL_TO_ONE_CURRENT
IN-DL-110054-9-94,ACTIVE,CURRENT,IN-DL-110054-9-104;IN-DL-110054-9-105,,HUMAN_REVIEW_REQUIRED,HIGH,Lineage has not propagated consistently.,5,OBS-003786;OBS-003787;OBS-003788;OBS-003789;OBS-003790,0.747,0.803,0.686,0.701,0.58,0.721,"{""owner"":""Pramaan Redevelopment LLP"",""land_use"":""REDEVELOPMENT"",""geometry_id"":""GEO-09-094-G1"",""area_sqm"":816.67}","{""owner"":""Pramaan Redevelopment LLP"",""land_use"":""REDEVELOPMENT"",""geometry_id"":""GEO-09-094-G1"",""state"":""UNCHANGED_PENDING""}",True,CNF-00710,2026-09-15 10:30:00,TC06_SEVERAL_HISTORICAL_TO_ONE_CURRENT
IN-DL-110054-9-95,ACTIVE,CURRENT,,,AUTO_MATCHED,LOW,No material disagreement,5,OBS-003791;OBS-003792;OBS-003793;OBS-003794;OBS-003795,0.904,0.779,0.748,0.748,0.94,0.828,"{""owner"":""Pramaan Redevelopment LLP"",""land_use"":""REDEVELOPMENT"",""geometry_id"":""GEO-09-095-G1"",""area_sqm"":734.38}","{""owner"":""Pramaan Redevelopment LLP"",""land_use"":""REDEVELOPMENT"",""geometry_id"":""GEO-09-095-G1"",""state"":""AUTHORITATIVE""}",False,,2026-09-15 10:30:00,
IN-DL-110054-9-96,ACTIVE,CURRENT,,,RECONCILED,HIGH,Moderate area-basis disagreement.; Redevelopment consolidated old plots.,5,OBS-003796;OBS-003797;OBS-003798;OBS-003799;OBS-003800,0.908,0.738,0.737,0.737,0.94,0.815,"{""owner"":""Pramaan Redevelopment LLP"",""land_use"":""REDEVELOPMENT"",""geometry_id"":""GEO-09-096-G1"",""area_sqm"":950.42}","{""owner"":""Pramaan Redevelopment LLP"",""land_use"":""REDEVELOPMENT"",""geometry_id"":""GEO-09-096-G1"",""state"":""AUTHORITATIVE""}",False,,2026-09-15 10:30:00,TC22_REDEVELOPMENT_CONSOLIDATION
IN-DL-110054-9-97,ACTIVE,CURRENT,,,RECONCILED,HIGH,Redevelopment consolidated old plots.,6,OBS-003801;OBS-003802;OBS-003803;OBS-003804;OBS-003805;OBS-003806,0.887,0.895,0.743,0.743,0.94,0.85,"{""owner"":""Pramaan Redevelopment LLP"",""land_use"":""REDEVELOPMENT"",""geometry_id"":""GEO-09-097-G1"",""area_sqm"":769.1}","{""owner"":""Pramaan Redevelopment LLP"",""land_use"":""REDEVELOPMENT"",""geometry_id"":""GEO-09-097-G1"",""state"":""AUTHORITATIVE""}",False,,2026-09-15 10:30:00,TC22_REDEVELOPMENT_CONSOLIDATION
IN-DL-110054-9-98,ACTIVE,CURRENT,,,RECONCILED,HIGH,Redevelopment consolidated old plots.; Slight spatial shift but identity remains strong.,5,OBS-003807;OBS-003808;OBS-003809;OBS-003810;OBS-003811,0.899,0.84,0.761,0.761,0.94,0.846,"{""owner"":""Pramaan Redevelopment LLP"",""land_use"":""REDEVELOPMENT"",""geometry_id"":""GEO-09-098-G1"",""area_sqm"":807.72}","{""owner"":""Pramaan Redevelopment LLP"",""land_use"":""REDEVELOPMENT"",""geometry_id"":""GEO-09-098-G1"",""state"":""AUTHORITATIVE""}",False,,2026-09-15 10:30:00,TC02_SLIGHT_GEOMETRY_SHIFT;TC22_REDEVELOPMENT_CONSOLIDATION
IN-DL-110054-9-99,ACTIVE,CURRENT,,,AUTO_MATCHED,LOW,No material disagreement,5,OBS-003812;OBS-003813;OBS-003814;OBS-003815;OBS-003816,0.863,0.909,0.704,0.704,0.94,0.834,"{""owner"":""Pramaan Redevelopment LLP"",""land_use"":""REDEVELOPMENT"",""geometry_id"":""GEO-09-099-G1"",""area_sqm"":698.96}","{""owner"":""Pramaan Redevelopment LLP"",""land_use"":""REDEVELOPMENT"",""geometry_id"":""GEO-09-099-G1"",""state"":""AUTHORITATIVE""}",False,,2026-09-15 10:30:00,
IN-DL-110054-9-100,ACTIVE,CURRENT,IN-DL-110054-8-106;IN-DL-110054-9-106,,TENTATIVE,HIGH,Abbreviation / formatting variation only.; Lineage has not propagated consistently.,5,OBS-003817;OBS-003818;OBS-003819;OBS-003820;OBS-003821,0.749,0.703,0.67,0.685,0.58,0.692,"{""owner"":""Pramaan Redevelopment LLP"",""land_use"":""REDEVELOPMENT"",""geometry_id"":""GEO-09-100-G1"",""area_sqm"":688.36}","{""owner"":""Pramaan Redevelopment LLP"",""land_use"":""REDEVELOPMENT"",""geometry_id"":""GEO-09-100-G1"",""state"":""UNCHANGED_PENDING""}",True,CNF-00698,2026-09-15 10:30:00,TC06_SEVERAL_HISTORICAL_TO_ONE_CURRENT;TC08_CROSS_CELL_MERGE;TC22_REDEVELOPMENT_CONSOLIDATION
IN-DL-110054-10-1,ACTIVE,CURRENT,,,AUTO_MATCHED,LOW,No material disagreement,3,OBS-003822;OBS-003823;OBS-003824,0.94,0.714,0.845,0.845,0.94,0.853,"{""owner"":""Civitas Enclave Residents LLP"",""land_use"":""REDEVELOPMENT"",""geometry_id"":""GEO-10-001-G1"",""area_sqm"":739.22}","{""owner"":""Civitas Enclave Residents LLP"",""land_use"":""REDEVELOPMENT"",""geometry_id"":""GEO-10-001-G1"",""state"":""AUTHORITATIVE""}",False,,2026-09-15 10:30:00,
IN-DL-110054-10-2,ACTIVE,CURRENT,,,AUTO_MATCHED,LOW,No material disagreement,4,OBS-003825;OBS-003826;OBS-003827;OBS-003828,0.897,0.753,0.791,0.791,0.94,0.833,"{""owner"":""Civitas Enclave Residents LLP"",""land_use"":""REDEVELOPMENT"",""geometry_id"":""GEO-10-002-G1"",""area_sqm"":805.66}","{""owner"":""Civitas Enclave Residents LLP"",""land_use"":""REDEVELOPMENT"",""geometry_id"":""GEO-10-002-G1"",""state"":""AUTHORITATIVE""}",False,,2026-09-15 10:30:00,
IN-DL-110054-10-3,ACTIVE,CURRENT,,,AUTO_MATCHED,LOW,No material disagreement,4,OBS-003829;OBS-003830;OBS-003831;OBS-003832,0.899,0.759,0.776,0.776,0.94,0.83,"{""owner"":""Civitas Enclave Residents LLP"",""land_use"":""REDEVELOPMENT"",""geometry_id"":""GEO-10-003-G1"",""area_sqm"":899.61}","{""owner"":""Civitas Enclave Residents LLP"",""land_use"":""REDEVELOPMENT"",""geometry_id"":""GEO-10-003-G1"",""state"":""AUTHORITATIVE""}",False,,2026-09-15 10:30:00,
IN-DL-110054-10-4,ACTIVE,CURRENT,,,HUMAN_REVIEW_REQUIRED,CRITICAL,High-accuracy survey materially contradicts old cadastral geometry.,5,OBS-003833;OBS-003834;OBS-003835;OBS-003836;OBS-003837,0.72,0.764,0.638,0.652,0.94,0.735,"{""owner"":""Civitas Enclave Residents LLP"",""land_use"":""REDEVELOPMENT"",""geometry_id"":""GEO-10-004-G2"",""area_sqm"":808.88}","{""owner"":""Civitas Enclave Residents LLP"",""land_use"":""REDEVELOPMENT"",""geometry_id"":""GEO-10-004-G2"",""state"":""UNCHANGED_PENDING""}",True,CNF-00483,2026-09-15 10:30:00,TC15_GNSS_CONTRADICTS_OLD_CADASTRE
IN-DL-110054-10-5,ACTIVE,CURRENT,,,RECONCILED,HIGH,Redevelopment consolidated old plots.,5,OBS-003838;OBS-003839;OBS-003840;OBS-003841;OBS-003842,0.904,0.777,0.747,0.747,0.94,0.827,"{""owner"":""Civitas Enclave Residents LLP"",""land_use"":""REDEVELOPMENT"",""geometry_id"":""GEO-10-005-G1"",""area_sqm"":738.37}","{""owner"":""Civitas Enclave Residents LLP"",""land_use"":""REDEVELOPMENT"",""geometry_id"":""GEO-10-005-G1"",""state"":""AUTHORITATIVE""}",False,,2026-09-15 10:30:00,TC22_REDEVELOPMENT_CONSOLIDATION
IN-DL-110054-10-6,ACTIVE,CURRENT,,,MATCHED_WITH_MINOR_CONFLICT,MEDIUM,Multiple municipal units occupy one legal parcel.,6,OBS-003843;OBS-003844;OBS-003845;OBS-003846;OBS-003847;OBS-003848,0.917,0.74,0.761,0.761,0.94,0.826,"{""owner"":""Civitas Enclave Residents LLP"",""land_use"":""REDEVELOPMENT"",""geometry_id"":""GEO-10-006-G1"",""area_sqm"":1156.96}","{""owner"":""Civitas Enclave Residents LLP"",""land_use"":""REDEVELOPMENT"",""geometry_id"":""GEO-10-006-G1"",""state"":""AUTHORITATIVE""}",False,,2026-09-15 10:30:00,TC05_ONE_CADASTRAL_TO_SEVERAL_MUNICIPAL
IN-DL-110054-10-7,ACTIVE,CURRENT,,,NEEDS_ADDITIONAL_EVIDENCE,MEDIUM,Expected administrative source is absent.,3,OBS-003849;OBS-003850;OBS-003851,0.822,0.91,0.719,0.719,0.94,0.826,"{""owner"":""Civitas Enclave Residents LLP"",""land_use"":""REDEVELOPMENT"",""geometry_id"":""GEO-10-007-G1"",""area_sqm"":889.75}","{""owner"":""Civitas Enclave Residents LLP"",""land_use"":""REDEVELOPMENT"",""geometry_id"":""GEO-10-007-G1"",""state"":""UNCHANGED_PENDING""}",False,CNF-00508,2026-09-15 10:30:00,TC17_MISSING_SOURCE_RECORD
IN-DL-110054-10-8,ACTIVE,CURRENT,,,AUTO_MATCHED,LOW,No material disagreement,3,OBS-003852;OBS-003853;OBS-003854,0.879,0.747,0.723,0.723,0.94,0.804,"{""owner"":""Aarav Mehta"",""land_use"":""VACANT"",""geometry_id"":""GEO-10-008-G1"",""area_sqm"":769.95}","{""owner"":""Aarav Mehta"",""land_use"":""VACANT"",""geometry_id"":""GEO-10-008-G1"",""state"":""AUTHORITATIVE""}",False,,2026-09-15 10:30:00,
IN-DL-110054-10-9,ACTIVE,CURRENT,,,AUTO_MATCHED,LOW,No material disagreement,4,OBS-003855;OBS-003856;OBS-003857;OBS-003858,0.849,0.898,0.723,0.723,0.94,0.833,"{""owner"":""Ishaan Singh"",""land_use"":""VACANT"",""geometry_id"":""GEO-10-009-G1"",""area_sqm"":758.27}","{""owner"":""Ishaan Singh"",""land_use"":""VACANT"",""geometry_id"":""GEO-10-009-G1"",""state"":""AUTHORITATIVE""}",False,,2026-09-15 10:30:00,
IN-DL-110054-10-10,ACTIVE,CURRENT,,,RECONCILED,HIGH,Abbreviation / formatting variation only.; Road widening changed parcel edge.,4,OBS-003859;OBS-003860;OBS-003861;OBS-003862,0.851,0.856,0.724,0.724,0.94,0.823,"{""owner"":""Sneha Bansal"",""land_use"":""VACANT"",""geometry_id"":""GEO-10-010-G2"",""area_sqm"":828.22}","{""owner"":""Sneha Bansal"",""land_use"":""VACANT"",""geometry_id"":""GEO-10-010-G2"",""state"":""AUTHORITATIVE""}",False,,2026-09-15 10:30:00,TC21_ROAD_WIDENING_BOUNDARY_CORRECTION
IN-DL-110054-10-11,ACTIVE,CURRENT,,,RECONCILED,HIGH,Road widening changed parcel edge.,5,OBS-003863;OBS-003864;OBS-003865;OBS-003866;OBS-003867,0.901,0.859,0.763,0.763,0.94,0.852,"{""owner"":""Civitas Enclave Residents LLP"",""land_use"":""REDEVELOPMENT"",""geometry_id"":""GEO-10-011-G2"",""area_sqm"":626.73}","{""owner"":""Civitas Enclave Residents LLP"",""land_use"":""REDEVELOPMENT"",""geometry_id"":""GEO-10-011-G2"",""state"":""AUTHORITATIVE""}",False,,2026-09-15 10:30:00,TC21_ROAD_WIDENING_BOUNDARY_CORRECTION
IN-DL-110054-10-12,ACTIVE,CURRENT,,,RECONCILED,HIGH,Moderate area-basis disagreement.; Redevelopment consolidated old plots.,6,OBS-003868;OBS-003869;OBS-003870;OBS-003871;OBS-003872;OBS-003873,0.886,0.897,0.741,0.741,0.94,0.849,"{""owner"":""Civitas Enclave Residents LLP"",""land_use"":""REDEVELOPMENT"",""geometry_id"":""GEO-10-012-G1"",""area_sqm"":726.66}","{""owner"":""Civitas Enclave Residents LLP"",""land_use"":""REDEVELOPMENT"",""geometry_id"":""GEO-10-012-G1"",""state"":""AUTHORITATIVE""}",False,,2026-09-15 10:30:00,TC22_REDEVELOPMENT_CONSOLIDATION
IN-DL-110054-10-13,ACTIVE,CURRENT,,,AUTO_MATCHED,LOW,No material disagreement,4,OBS-003874;OBS-003875;OBS-003876;OBS-003877,0.9,0.754,0.776,0.776,0.94,0.829,"{""owner"":""Civitas Enclave Residents LLP"",""land_use"":""REDEVELOPMENT"",""geometry_id"":""GEO-10-013-G1"",""area_sqm"":811.4}","{""owner"":""Civitas Enclave Residents LLP"",""land_use"":""REDEVELOPMENT"",""geometry_id"":""GEO-10-013-G1"",""state"":""AUTHORITATIVE""}",False,,2026-09-15 10:30:00,
IN-DL-110054-10-14,ACTIVE,CURRENT,,,AUTO_MATCHED,LOW,No material disagreement,5,OBS-003878;OBS-003879;OBS-003880;OBS-003881;OBS-003882,0.901,0.785,0.745,0.745,0.94,0.827,"{""owner"":""Civitas Enclave Residents LLP"",""land_use"":""REDEVELOPMENT"",""geometry_id"":""GEO-10-014-G1"",""area_sqm"":729.63}","{""owner"":""Civitas Enclave Residents LLP"",""land_use"":""REDEVELOPMENT"",""geometry_id"":""GEO-10-014-G1"",""state"":""AUTHORITATIVE""}",False,,2026-09-15 10:30:00,
IN-DL-110054-10-15,ACTIVE,CURRENT,,,HUMAN_REVIEW_REQUIRED,HIGH,Building footprint extends into neighboring parcel.; Sources represent different years.,5,OBS-003883;OBS-003884;OBS-003885;OBS-003886;OBS-003887,0.749,0.686,0.671,0.686,0.94,0.735,"{""owner"":""Civitas Enclave Residents LLP"",""land_use"":""REDEVELOPMENT"",""geometry_id"":""GEO-10-015-G1"",""area_sqm"":665.96}","{""owner"":""Civitas Enclave Residents LLP"",""land_use"":""REDEVELOPMENT"",""geometry_id"":""GEO-10-015-G1"",""state"":""UNCHANGED_PENDING""}",True,CNF-00444,2026-09-15 10:30:00,TC13_BUILDING_CROSSES_BOUNDARY
IN-DL-110054-10-16,ACTIVE,CURRENT,,,HUMAN_REVIEW_REQUIRED,CRITICAL,High-accuracy survey materially contradicts old cadastral geometry.,6,OBS-003888;OBS-003889;OBS-003890;OBS-003891;OBS-003892;OBS-003893,0.733,0.774,0.665,0.68,0.94,0.75,"{""owner"":""Civitas Enclave Residents LLP"",""land_use"":""REDEVELOPMENT"",""geometry_id"":""GEO-10-016-G2"",""area_sqm"":1043.41}","{""owner"":""Civitas Enclave Residents LLP"",""land_use"":""REDEVELOPMENT"",""geometry_id"":""GEO-10-016-G2"",""state"":""UNCHANGED_PENDING""}",True,CNF-00487,2026-09-15 10:30:00,TC15_GNSS_CONTRADICTS_OLD_CADASTRE
IN-DL-110054-10-17,ACTIVE,CURRENT,,,NEEDS_ADDITIONAL_EVIDENCE,HIGH,Expected administrative source is absent.; Municipal owner/occupier differs from revenue owner.,3,OBS-003894;OBS-003895;OBS-003896,0.688,0.701,0.304,0.536,0.94,0.629,"{""owner"":""Civitas Enclave Residents LLP"",""land_use"":""REDEVELOPMENT"",""geometry_id"":""GEO-10-017-G1"",""area_sqm"":802.51}","{""owner"":""Civitas Enclave Residents LLP"",""land_use"":""REDEVELOPMENT"",""geometry_id"":""GEO-10-017-G1"",""state"":""UNCHANGED_PENDING""}",True,CNF-00369;CNF-00511,2026-09-15 10:30:00,TC10_OWNERSHIP_CONFLICT;TC17_MISSING_SOURCE_RECORD
IN-DL-110054-10-18,ACTIVE,CURRENT,,,MATCHED_WITH_MINOR_CONFLICT,MEDIUM,Slight spatial shift but identity remains strong.,4,OBS-003897;OBS-003898;OBS-003899;OBS-003900,0.852,0.875,0.726,0.726,0.94,0.829,"{""owner"":""Sneha Khanna"",""land_use"":""VACANT"",""geometry_id"":""GEO-10-018-G1"",""area_sqm"":694.45}","{""owner"":""Sneha Khanna"",""land_use"":""VACANT"",""geometry_id"":""GEO-10-018-G1"",""state"":""AUTHORITATIVE""}",False,,2026-09-15 10:30:00,TC02_SLIGHT_GEOMETRY_SHIFT
IN-DL-110054-10-19,ACTIVE,CURRENT,,,HUMAN_REVIEW_REQUIRED,CRITICAL,Duplicate source row can create duplicate legal identity.,4,OBS-003901;OBS-003902;OBS-003903;OBS-003904,0.672,0.67,0.672,0.687,0.94,0.708,"{""owner"":""Deepak Sethi"",""land_use"":""VACANT"",""geometry_id"":""GEO-10-019-G1"",""area_sqm"":683.92}","{""owner"":""Deepak Sethi"",""land_use"":""VACANT"",""geometry_id"":""GEO-10-019-G1"",""state"":""UNCHANGED_PENDING""}",True,CNF-00317,2026-09-15 10:30:00,TC04_DUPLICATE_SOURCE_PARCEL
IN-DL-110054-10-20,ACTIVE,CURRENT,,,MATCHED_WITH_MINOR_CONFLICT,LOW,Abbreviation / formatting variation only.,2,OBS-003905;OBS-003906,0.94,0.659,0.81,0.81,0.94,0.828,"{""owner"":""Aarav Aggarwal"",""land_use"":""VACANT"",""geometry_id"":""GEO-10-020-G1"",""area_sqm"":794.69}","{""owner"":""Aarav Aggarwal"",""land_use"":""VACANT"",""geometry_id"":""GEO-10-020-G1"",""state"":""AUTHORITATIVE""}",False,,2026-09-15 10:30:00,
IN-DL-110054-10-21,ACTIVE,CURRENT,,,RECONCILED,HIGH,Redevelopment consolidated old plots.,5,OBS-003907;OBS-003908;OBS-003909;OBS-003910;OBS-003911,0.9,0.785,0.743,0.743,0.94,0.826,"{""owner"":""Civitas Enclave Residents LLP"",""land_use"":""REDEVELOPMENT"",""geometry_id"":""GEO-10-021-G1"",""area_sqm"":610.34}","{""owner"":""Civitas Enclave Residents LLP"",""land_use"":""REDEVELOPMENT"",""geometry_id"":""GEO-10-021-G1"",""state"":""AUTHORITATIVE""}",False,,2026-09-15 10:30:00,TC22_REDEVELOPMENT_CONSOLIDATION
IN-DL-110054-10-22,ACTIVE,CURRENT,,,AUTO_MATCHED,LOW,No material disagreement,5,OBS-003912;OBS-003913;OBS-003914;OBS-003915;OBS-003916,0.905,0.737,0.747,0.747,0.94,0.817,"{""owner"":""Civitas Enclave Residents LLP"",""land_use"":""REDEVELOPMENT"",""geometry_id"":""GEO-10-022-G1"",""area_sqm"":665.2}","{""owner"":""Civitas Enclave Residents LLP"",""land_use"":""REDEVELOPMENT"",""geometry_id"":""GEO-10-022-G1"",""state"":""AUTHORITATIVE""}",False,,2026-09-15 10:30:00,
IN-DL-110054-10-23,ACTIVE,CURRENT,,,NEEDS_ADDITIONAL_EVIDENCE,MEDIUM,Expected administrative source is absent.,3,OBS-003917;OBS-003918;OBS-003919,0.885,0.752,0.788,0.788,0.94,0.828,"{""owner"":""Civitas Enclave Residents LLP"",""land_use"":""REDEVELOPMENT"",""geometry_id"":""GEO-10-023-G1"",""area_sqm"":742.77}","{""owner"":""Civitas Enclave Residents LLP"",""land_use"":""REDEVELOPMENT"",""geometry_id"":""GEO-10-023-G1"",""state"":""UNCHANGED_PENDING""}",False,CNF-00515,2026-09-15 10:30:00,TC17_MISSING_SOURCE_RECORD
IN-DL-110054-10-24,ACTIVE,CURRENT,,,MATCHED_WITH_MINOR_CONFLICT,MEDIUM,Moderate area-basis disagreement.,4,OBS-003920;OBS-003921;OBS-003922;OBS-003923,0.897,0.75,0.789,0.789,0.94,0.831,"{""owner"":""Civitas Enclave Residents LLP"",""land_use"":""REDEVELOPMENT"",""geometry_id"":""GEO-10-024-G1"",""area_sqm"":667.92}","{""owner"":""Civitas Enclave Residents LLP"",""land_use"":""REDEVELOPMENT"",""geometry_id"":""GEO-10-024-G1"",""state"":""AUTHORITATIVE""}",False,,2026-09-15 10:30:00,
IN-DL-110054-10-25,ACTIVE,CURRENT,,,RECONCILED,HIGH,Redevelopment consolidated old plots.,5,OBS-003924;OBS-003925;OBS-003926;OBS-003927;OBS-003928,0.904,0.779,0.746,0.746,0.94,0.827,"{""owner"":""Civitas Enclave Residents LLP"",""land_use"":""REDEVELOPMENT"",""geometry_id"":""GEO-10-025-G1"",""area_sqm"":609.64}","{""owner"":""Civitas Enclave Residents LLP"",""land_use"":""REDEVELOPMENT"",""geometry_id"":""GEO-10-025-G1"",""state"":""AUTHORITATIVE""}",False,,2026-09-15 10:30:00,TC22_REDEVELOPMENT_CONSOLIDATION
IN-DL-110054-10-26,ACTIVE,CURRENT,,,AUTO_MATCHED,LOW,No material disagreement,5,OBS-003929;OBS-003930;OBS-003931;OBS-003932;OBS-003933,0.905,0.777,0.749,0.749,0.94,0.828,"{""owner"":""Civitas Enclave Residents LLP"",""land_use"":""REDEVELOPMENT"",""geometry_id"":""GEO-10-026-G1"",""area_sqm"":955.26}","{""owner"":""Civitas Enclave Residents LLP"",""land_use"":""REDEVELOPMENT"",""geometry_id"":""GEO-10-026-G1"",""state"":""AUTHORITATIVE""}",False,,2026-09-15 10:30:00,
IN-DL-110054-10-27,ACTIVE,CURRENT,,,TENTATIVE,HIGH,Multiple municipal units occupy one legal parcel.; Municipal owner/occupier differs from revenue owner.,6,OBS-003934;OBS-003935;OBS-003936;OBS-003937;OBS-003938;OBS-003939,0.782,0.618,0.342,0.602,0.94,0.652,"{""owner"":""Civitas Enclave Residents LLP"",""land_use"":""REDEVELOPMENT"",""geometry_id"":""GEO-10-027-G1"",""area_sqm"":734.63}","{""owner"":""Civitas Enclave Residents LLP"",""land_use"":""REDEVELOPMENT"",""geometry_id"":""GEO-10-027-G1"",""state"":""UNCHANGED_PENDING""}",True,CNF-00361,2026-09-15 10:30:00,TC05_ONE_CADASTRAL_TO_SEVERAL_MUNICIPAL;TC10_OWNERSHIP_CONFLICT;TC22_REDEVELOPMENT_CONSOLIDATION
IN-DL-110054-10-28,ACTIVE,CURRENT,,,HUMAN_REVIEW_REQUIRED,CRITICAL,Duplicate source row can create duplicate legal identity.,4,OBS-003940;OBS-003941;OBS-003942;OBS-003943,0.671,0.676,0.665,0.68,0.94,0.707,"{""owner"":""Aarav Bansal"",""land_use"":""VACANT"",""geometry_id"":""GEO-10-028-G1"",""area_sqm"":635.71}","{""owner"":""Aarav Bansal"",""land_use"":""VACANT"",""geometry_id"":""GEO-10-028-G1"",""state"":""UNCHANGED_PENDING""}",True,CNF-00328,2026-09-15 10:30:00,TC04_DUPLICATE_SOURCE_PARCEL
IN-DL-110054-10-29,ACTIVE,CURRENT,,,HUMAN_REVIEW_REQUIRED,CRITICAL,High-accuracy survey materially contradicts old cadastral geometry.,4,OBS-003944;OBS-003945;OBS-003946;OBS-003947,0.704,0.754,0.65,0.664,0.94,0.731,"{""owner"":""Ishaan Sharma"",""land_use"":""VACANT"",""geometry_id"":""GEO-10-029-G2"",""area_sqm"":626.01}","{""owner"":""Ishaan Sharma"",""land_use"":""VACANT"",""geometry_id"":""GEO-10-029-G2"",""state"":""UNCHANGED_PENDING""}",True,CNF-00491,2026-09-15 10:30:00,TC15_GNSS_CONTRADICTS_OLD_CADASTRE
IN-DL-110054-10-30,ACTIVE,CURRENT,,,MATCHED_WITH_MINOR_CONFLICT,MEDIUM,Abbreviation / formatting variation only.; Sources represent different years.,3,OBS-003948;OBS-003949;OBS-003950,0.88,0.745,0.725,0.725,0.94,0.804,"{""owner"":""Sneha Saxena"",""land_use"":""VACANT"",""geometry_id"":""GEO-10-030-G1"",""area_sqm"":727.48}","{""owner"":""Sneha Saxena"",""land_use"":""VACANT"",""geometry_id"":""GEO-10-030-G1"",""state"":""AUTHORITATIVE""}",False,,2026-09-15 10:30:00,
IN-DL-110054-10-31,ACTIVE,CURRENT,,,AUTO_MATCHED,LOW,No material disagreement,4,OBS-003951;OBS-003952;OBS-003953;OBS-003954,0.854,0.775,0.703,0.703,0.94,0.797,"{""owner"":""Civitas Enclave Residents LLP"",""land_use"":""REDEVELOPMENT"",""geometry_id"":""GEO-10-031-G1"",""area_sqm"":652.66}","{""owner"":""Civitas Enclave Residents LLP"",""land_use"":""REDEVELOPMENT"",""geometry_id"":""GEO-10-031-G1"",""state"":""AUTHORITATIVE""}",False,,2026-09-15 10:30:00,
IN-DL-110054-10-32,ACTIVE,CURRENT,,,RECONCILED,HIGH,Redevelopment consolidated old plots.,5,OBS-003955;OBS-003956;OBS-003957;OBS-003958;OBS-003959,0.904,0.778,0.746,0.746,0.94,0.826,"{""owner"":""Civitas Enclave Residents LLP"",""land_use"":""REDEVELOPMENT"",""geometry_id"":""GEO-10-032-G1"",""area_sqm"":711.32}","{""owner"":""Civitas Enclave Residents LLP"",""land_use"":""REDEVELOPMENT"",""geometry_id"":""GEO-10-032-G1"",""state"":""AUTHORITATIVE""}",False,,2026-09-15 10:30:00,TC22_REDEVELOPMENT_CONSOLIDATION
IN-DL-110054-10-33,ACTIVE,CURRENT,,,RECONCILED,HIGH,Redevelopment consolidated old plots.,6,OBS-003960;OBS-003961;OBS-003962;OBS-003963;OBS-003964;OBS-003965,0.891,0.76,0.72,0.72,0.94,0.81,"{""owner"":""Civitas Enclave Residents LLP"",""land_use"":""REDEVELOPMENT"",""geometry_id"":""GEO-10-033-G1"",""area_sqm"":794.27}","{""owner"":""Civitas Enclave Residents LLP"",""land_use"":""REDEVELOPMENT"",""geometry_id"":""GEO-10-033-G1"",""state"":""AUTHORITATIVE""}",False,,2026-09-15 10:30:00,TC22_REDEVELOPMENT_CONSOLIDATION
IN-DL-110054-10-34,ACTIVE,CURRENT,,,RECONCILED,HIGH,Incorrect mutation was applied then reverted.; Redevelopment consolidated old plots.,5,OBS-003966;OBS-003967;OBS-003968;OBS-003969;OBS-003970,0.875,0.749,0.682,0.682,0.94,0.79,"{""owner"":""Civitas Enclave Residents LLP"",""land_use"":""REDEVELOPMENT"",""geometry_id"":""GEO-10-034-G1"",""area_sqm"":714.23}","{""owner"":""Civitas Enclave Residents LLP"",""land_use"":""REDEVELOPMENT"",""geometry_id"":""GEO-10-034-G1"",""state"":""AUTHORITATIVE""}",False,,2026-09-15 10:30:00,TC22_REDEVELOPMENT_CONSOLIDATION;TC23_INCORRECT_MUTATION_ROLLED_BACK
IN-DL-110054-10-35,ACTIVE,CURRENT,,,AUTO_MATCHED,LOW,No material disagreement,5,OBS-003971;OBS-003972;OBS-003973;OBS-003974;OBS-003975,0.901,0.785,0.745,0.745,0.94,0.827,"{""owner"":""Civitas Enclave Residents LLP"",""land_use"":""REDEVELOPMENT"",""geometry_id"":""GEO-10-035-G1"",""area_sqm"":651.91}","{""owner"":""Civitas Enclave Residents LLP"",""land_use"":""REDEVELOPMENT"",""geometry_id"":""GEO-10-035-G1"",""state"":""AUTHORITATIVE""}",False,,2026-09-15 10:30:00,
IN-DL-110054-10-36,ACTIVE,CURRENT,,,MATCHED_WITH_MINOR_CONFLICT,MEDIUM,Moderate area-basis disagreement.,5,OBS-003976;OBS-003977;OBS-003978;OBS-003979;OBS-003980,0.901,0.783,0.743,0.743,0.94,0.826,"{""owner"":""Civitas Enclave Residents LLP"",""land_use"":""REDEVELOPMENT"",""geometry_id"":""GEO-10-036-G1"",""area_sqm"":1021.49}","{""owner"":""Civitas Enclave Residents LLP"",""land_use"":""REDEVELOPMENT"",""geometry_id"":""GEO-10-036-G1"",""state"":""AUTHORITATIVE""}",False,,2026-09-15 10:30:00,
IN-DL-110054-10-37,ACTIVE,CURRENT,,,AUTO_MATCHED,LOW,No material disagreement,4,OBS-003981;OBS-003982;OBS-003983;OBS-003984,0.896,0.753,0.789,0.789,0.94,0.832,"{""owner"":""Civitas Enclave Residents LLP"",""land_use"":""REDEVELOPMENT"",""geometry_id"":""GEO-10-037-G1"",""area_sqm"":785.57}","{""owner"":""Civitas Enclave Residents LLP"",""land_use"":""REDEVELOPMENT"",""geometry_id"":""GEO-10-037-G1"",""state"":""AUTHORITATIVE""}",False,,2026-09-15 10:30:00,
IN-DL-110054-10-38,ACTIVE,CURRENT,,,AUTO_MATCHED,LOW,No material disagreement,3,OBS-003985;OBS-003986;OBS-003987,0.882,0.743,0.726,0.726,0.94,0.805,"{""owner"":""Sneha Aggarwal"",""land_use"":""VACANT"",""geometry_id"":""GEO-10-038-G1"",""area_sqm"":679.79}","{""owner"":""Sneha Aggarwal"",""land_use"":""VACANT"",""geometry_id"":""GEO-10-038-G1"",""state"":""AUTHORITATIVE""}",False,,2026-09-15 10:30:00,
IN-DL-110054-10-39,ACTIVE,CURRENT,,,AUTO_MATCHED,LOW,No material disagreement,3,OBS-003988;OBS-003989;OBS-003990,0.883,0.741,0.728,0.728,0.94,0.805,"{""owner"":""Deepak Gupta"",""land_use"":""VACANT"",""geometry_id"":""GEO-10-039-G1"",""area_sqm"":669.48}","{""owner"":""Deepak Gupta"",""land_use"":""VACANT"",""geometry_id"":""GEO-10-039-G1"",""state"":""AUTHORITATIVE""}",False,,2026-09-15 10:30:00,
IN-DL-110054-10-40,ACTIVE,CURRENT,,,MATCHED_WITH_MINOR_CONFLICT,LOW,Abbreviation / formatting variation only.,3,OBS-003991;OBS-003992;OBS-003993,0.884,0.739,0.73,0.73,0.94,0.806,"{""owner"":""Aarav Tiwari"",""land_use"":""VACANT"",""geometry_id"":""GEO-10-040-G1"",""area_sqm"":777.92}","{""owner"":""Aarav Tiwari"",""land_use"":""VACANT"",""geometry_id"":""GEO-10-040-G1"",""state"":""AUTHORITATIVE""}",False,,2026-09-15 10:30:00,
IN-DL-110054-10-41,ACTIVE,CURRENT,,,TENTATIVE,HIGH,Municipal owner/occupier differs from revenue owner.,4,OBS-003994;OBS-003995;OBS-003996;OBS-003997,0.746,0.673,0.374,0.659,0.94,0.668,"{""owner"":""Civitas Enclave Residents LLP"",""land_use"":""REDEVELOPMENT"",""geometry_id"":""GEO-10-041-G1"",""area_sqm"":731.69}","{""owner"":""Civitas Enclave Residents LLP"",""land_use"":""REDEVELOPMENT"",""geometry_id"":""GEO-10-041-G1"",""state"":""UNCHANGED_PENDING""}",True,CNF-00393,2026-09-15 10:30:00,TC10_OWNERSHIP_CONFLICT
IN-DL-110054-10-42,ACTIVE,CURRENT,,,RECONCILED,HIGH,Redevelopment consolidated old plots.,5,OBS-003998;OBS-003999;OBS-004000;OBS-004001;OBS-004002,0.901,0.785,0.745,0.745,0.94,0.827,"{""owner"":""Civitas Enclave Residents LLP"",""land_use"":""REDEVELOPMENT"",""geometry_id"":""GEO-10-042-G1"",""area_sqm"":797.45}","{""owner"":""Civitas Enclave Residents LLP"",""land_use"":""REDEVELOPMENT"",""geometry_id"":""GEO-10-042-G1"",""state"":""AUTHORITATIVE""}",False,,2026-09-15 10:30:00,TC22_REDEVELOPMENT_CONSOLIDATION
IN-DL-110054-10-43,ACTIVE,CURRENT,,,HUMAN_REVIEW_REQUIRED,CRITICAL,Duplicate source row can create duplicate legal identity.,7,OBS-004003;OBS-004004;OBS-004005;OBS-004006;OBS-004007;OBS-004008;OBS-004009,0.706,0.806,0.673,0.688,0.94,0.753,"{""owner"":""Civitas Enclave Residents LLP"",""land_use"":""REDEVELOPMENT"",""geometry_id"":""GEO-10-043-G1"",""area_sqm"":890.45}","{""owner"":""Civitas Enclave Residents LLP"",""land_use"":""REDEVELOPMENT"",""geometry_id"":""GEO-10-043-G1"",""state"":""UNCHANGED_PENDING""}",True,CNF-00333,2026-09-15 10:30:00,TC04_DUPLICATE_SOURCE_PARCEL
IN-DL-110054-10-44,ACTIVE,CURRENT,,,HUMAN_REVIEW_REQUIRED,HIGH,Physical occupation is inconsistent with legal state.,6,OBS-004010;OBS-004011;OBS-004012;OBS-004013;OBS-004014;OBS-004015,0.733,0.812,0.665,0.68,0.94,0.76,"{""owner"":""Civitas Enclave Residents LLP"",""land_use"":""REDEVELOPMENT"",""geometry_id"":""GEO-10-044-G1"",""area_sqm"":800.72}","{""owner"":""Civitas Enclave Residents LLP"",""land_use"":""REDEVELOPMENT"",""geometry_id"":""GEO-10-044-G1"",""state"":""UNCHANGED_PENDING""}",True,CNF-00465,2026-09-15 10:30:00,TC14_PHYSICAL_OCCUPATION_VS_LEGAL_GEOMETRY
IN-DL-110054-10-45,ACTIVE,CURRENT,,,MATCHED_WITH_MINOR_CONFLICT,MEDIUM,Sources represent different years.,6,OBS-004016;OBS-004017;OBS-004018;OBS-004019;OBS-004020;OBS-004021,0.884,0.9,0.74,0.74,0.94,0.849,"{""owner"":""Civitas Enclave Residents LLP"",""land_use"":""RESIDENTIAL"",""geometry_id"":""GEO-10-045-G1"",""area_sqm"":730.85}","{""owner"":""Civitas Enclave Residents LLP"",""land_use"":""RESIDENTIAL"",""geometry_id"":""GEO-10-045-G1"",""state"":""AUTHORITATIVE""}",False,,2026-09-15 10:30:00,
IN-DL-110054-10-46,ACTIVE,CURRENT,,,AUTO_MATCHED,LOW,No material disagreement,6,OBS-004022;OBS-004023;OBS-004024;OBS-004025;OBS-004026;OBS-004027,0.886,0.898,0.742,0.742,0.94,0.85,"{""owner"":""Civitas Enclave Residents LLP"",""land_use"":""RESIDENTIAL"",""geometry_id"":""GEO-10-046-G1"",""area_sqm"":1145.18}","{""owner"":""Civitas Enclave Residents LLP"",""land_use"":""RESIDENTIAL"",""geometry_id"":""GEO-10-046-G1"",""state"":""AUTHORITATIVE""}",False,,2026-09-15 10:30:00,
IN-DL-110054-10-47,ACTIVE,CURRENT,,,REJECTED_MATCH,CRITICAL,Geometry/identifiers do not uniquely distinguish candidates.; Slight spatial shift but identity remains strong.,3,OBS-004028;OBS-004029;OBS-004030,0.501,0.634,0.675,0.69,0.94,0.649,"{""owner"":""Deepak Sharma"",""land_use"":""RESIDENTIAL"",""geometry_id"":""GEO-10-047-G1"",""area_sqm"":880.69,""state"":""REJECTED""}","{""owner"":""Deepak Sharma"",""land_use"":""RESIDENTIAL"",""geometry_id"":""GEO-10-047-G1"",""state"":""AUTHORITATIVE""}",False,,2026-09-15 10:30:00,TC02_SLIGHT_GEOMETRY_SHIFT;TC18_AMBIGUOUS_CANDIDATE_MATCH
IN-DL-110054-10-48,ACTIVE,CURRENT,,,NEEDS_ADDITIONAL_EVIDENCE,MEDIUM,Expected administrative source is absent.; Moderate area-basis disagreement.,3,OBS-004031;OBS-004032;OBS-004033,0.832,0.838,0.671,0.671,0.94,0.796,"{""owner"":""Aarav Saxena"",""land_use"":""RESIDENTIAL"",""geometry_id"":""GEO-10-048-G1"",""area_sqm"":762.11}","{""owner"":""Aarav Saxena"",""land_use"":""RESIDENTIAL"",""geometry_id"":""GEO-10-048-G1"",""state"":""UNCHANGED_PENDING""}",False,CNF-00506,2026-09-15 10:30:00,TC17_MISSING_SOURCE_RECORD
IN-DL-110054-10-49,ACTIVE,CURRENT,,,AUTO_MATCHED,LOW,No material disagreement,4,OBS-004034;OBS-004035;OBS-004036;OBS-004037,0.85,0.781,0.697,0.697,0.94,0.795,"{""owner"":""Ishaan Malhotra"",""land_use"":""RESIDENTIAL"",""geometry_id"":""GEO-10-049-G1"",""area_sqm"":750.55}","{""owner"":""Ishaan Malhotra"",""land_use"":""RESIDENTIAL"",""geometry_id"":""GEO-10-049-G1"",""state"":""AUTHORITATIVE""}",False,,2026-09-15 10:30:00,
IN-DL-110054-10-50,ACTIVE,CURRENT,,,HUMAN_REVIEW_REQUIRED,HIGH,Abbreviation / formatting variation only.; Building footprint extends into neighboring parcel.,4,OBS-004038;OBS-004039;OBS-004040;OBS-004041,0.704,0.78,0.663,0.678,0.94,0.742,"{""owner"":""Sneha Chawla"",""land_use"":""RESIDENTIAL"",""geometry_id"":""GEO-10-050-G1"",""area_sqm"":872.12}","{""owner"":""Sneha Chawla"",""land_use"":""RESIDENTIAL"",""geometry_id"":""GEO-10-050-G1"",""state"":""UNCHANGED_PENDING""}",True,CNF-00453,2026-09-15 10:30:00,TC13_BUILDING_CROSSES_BOUNDARY
IN-DL-110054-10-51,ACTIVE,CURRENT,,,AUTO_MATCHED,LOW,No material disagreement,5,OBS-004042;OBS-004043;OBS-004044;OBS-004045;OBS-004046,0.865,0.907,0.706,0.706,0.94,0.834,"{""owner"":""Civitas Enclave Residents LLP"",""land_use"":""REDEVELOPMENT"",""geometry_id"":""GEO-10-051-G1"",""area_sqm"":1015.04}","{""owner"":""Civitas Enclave Residents LLP"",""land_use"":""REDEVELOPMENT"",""geometry_id"":""GEO-10-051-G1"",""state"":""AUTHORITATIVE""}",False,,2026-09-15 10:30:00,
IN-DL-110054-10-52,ACTIVE,CURRENT,,,AUTO_MATCHED,LOW,No material disagreement,5,OBS-004047;OBS-004048;OBS-004049;OBS-004050;OBS-004051,0.899,0.892,0.76,0.76,0.94,0.858,"{""owner"":""Civitas Enclave Residents LLP"",""land_use"":""REDEVELOPMENT"",""geometry_id"":""GEO-10-052-G1"",""area_sqm"":1106.27}","{""owner"":""Civitas Enclave Residents LLP"",""land_use"":""REDEVELOPMENT"",""geometry_id"":""GEO-10-052-G1"",""state"":""AUTHORITATIVE""}",False,,2026-09-15 10:30:00,
IN-DL-110054-10-53,ACTIVE,CURRENT,,,AUTO_MATCHED,LOW,No material disagreement,5,OBS-004052;OBS-004053;OBS-004054;OBS-004055;OBS-004056,0.904,0.779,0.746,0.746,0.94,0.827,"{""owner"":""Civitas Enclave Residents LLP"",""land_use"":""REDEVELOPMENT"",""geometry_id"":""GEO-10-053-G1"",""area_sqm"":1235.28}","{""owner"":""Civitas Enclave Residents LLP"",""land_use"":""REDEVELOPMENT"",""geometry_id"":""GEO-10-053-G1"",""state"":""AUTHORITATIVE""}",False,,2026-09-15 10:30:00,
IN-DL-110054-10-54,ACTIVE,CURRENT,,,TENTATIVE,HIGH,Local scale/rotation distortion affects boundaries.,4,OBS-004057;OBS-004058;OBS-004059;OBS-004060,0.712,0.633,0.636,0.65,0.94,0.699,"{""owner"":""Civitas Enclave Residents LLP"",""land_use"":""REDEVELOPMENT"",""geometry_id"":""GEO-10-054-G2"",""area_sqm"":1109.02}","{""owner"":""Civitas Enclave Residents LLP"",""land_use"":""REDEVELOPMENT"",""geometry_id"":""GEO-10-054-G2"",""state"":""UNCHANGED_PENDING""}",True,CNF-00297,2026-09-15 10:30:00,TC03_SIGNIFICANT_LOCAL_DISTORTION
IN-DL-110054-10-55,ACTIVE,CURRENT,,,AUTO_MATCHED,LOW,No material disagreement,4,OBS-004061;OBS-004062;OBS-004063;OBS-004064,0.854,0.882,0.742,0.742,0.94,0.836,"{""owner"":""Civitas Enclave Residents LLP"",""land_use"":""RESIDENTIAL"",""geometry_id"":""GEO-10-055-G1"",""area_sqm"":1013.87}","{""owner"":""Civitas Enclave Residents LLP"",""land_use"":""RESIDENTIAL"",""geometry_id"":""GEO-10-055-G1"",""state"":""AUTHORITATIVE""}",False,,2026-09-15 10:30:00,
IN-DL-110054-10-56,ACTIVE,CURRENT,,,TENTATIVE,HIGH,Municipal owner/occupier differs from revenue owner.,4,OBS-004065;OBS-004066;OBS-004067;OBS-004068,0.702,0.812,0.343,0.605,0.94,0.677,"{""owner"":""Civitas Enclave Residents LLP"",""land_use"":""RESIDENTIAL"",""geometry_id"":""GEO-10-056-G1"",""area_sqm"":1588.66}","{""owner"":""Civitas Enclave Residents LLP"",""land_use"":""RESIDENTIAL"",""geometry_id"":""GEO-10-056-G1"",""state"":""UNCHANGED_PENDING""}",True,CNF-00386,2026-09-15 10:30:00,TC10_OWNERSHIP_CONFLICT
IN-DL-110054-10-57,ACTIVE,CURRENT,,,AUTO_MATCHED,LOW,No material disagreement,4,OBS-004069;OBS-004070;OBS-004071;OBS-004072,0.851,0.779,0.699,0.699,0.94,0.796,"{""owner"":""Ishaan Gupta"",""land_use"":""RESIDENTIAL"",""geometry_id"":""GEO-10-057-G1"",""area_sqm"":1221.74}","{""owner"":""Ishaan Gupta"",""land_use"":""RESIDENTIAL"",""geometry_id"":""GEO-10-057-G1"",""state"":""AUTHORITATIVE""}",False,,2026-09-15 10:30:00,
IN-DL-110054-10-58,ACTIVE,CURRENT,,,AUTO_MATCHED,LOW,No material disagreement,4,OBS-004073;OBS-004074;OBS-004075;OBS-004076,0.853,0.776,0.702,0.702,0.94,0.797,"{""owner"":""Sneha Tiwari"",""land_use"":""RESIDENTIAL"",""geometry_id"":""GEO-10-058-G1"",""area_sqm"":1057.23}","{""owner"":""Sneha Tiwari"",""land_use"":""RESIDENTIAL"",""geometry_id"":""GEO-10-058-G1"",""state"":""AUTHORITATIVE""}",False,,2026-09-15 10:30:00,
IN-DL-110054-10-59,ACTIVE,CURRENT,,,MATCHED_WITH_MINOR_CONFLICT,MEDIUM,Slight spatial shift but identity remains strong.,4,OBS-004077;OBS-004078;OBS-004079;OBS-004080,0.857,0.704,0.686,0.686,0.94,0.775,"{""owner"":""Deepak Kapoor"",""land_use"":""RESIDENTIAL"",""geometry_id"":""GEO-10-059-G1"",""area_sqm"":1041.21}","{""owner"":""Deepak Kapoor"",""land_use"":""RESIDENTIAL"",""geometry_id"":""GEO-10-059-G1"",""state"":""AUTHORITATIVE""}",False,,2026-09-15 10:30:00,TC02_SLIGHT_GEOMETRY_SHIFT
IN-DL-110054-10-60,ACTIVE,CURRENT,,,HUMAN_REVIEW_REQUIRED,HIGH,Abbreviation / formatting variation only.; Moderate area-basis disagreement.,5,OBS-004081;OBS-004082;OBS-004083;OBS-004084;OBS-004085,0.72,0.812,0.638,0.652,0.94,0.747,"{""owner"":""Aarav Bhatia"",""land_use"":""RESIDENTIAL"",""geometry_id"":""GEO-10-060-G2"",""area_sqm"":1209.85}","{""owner"":""Aarav Bhatia"",""land_use"":""RESIDENTIAL"",""geometry_id"":""GEO-10-060-G1"",""state"":""UNCHANGED_PENDING""}",True,CNF-00642,2026-09-15 10:30:00,TC25_STRONG_EVIDENCE_PENDING_APPROVAL
IN-DL-110054-10-61,ACTIVE,CURRENT,,,REJECTED_MATCH,CRITICAL,Geometry/identifiers do not uniquely distinguish candidates.,5,OBS-004086;OBS-004087;OBS-004088;OBS-004089;OBS-004090,0.49,0.778,0.628,0.642,0.94,0.667,"{""owner"":""Civitas Enclave Residents LLP"",""land_use"":""TRANSPORT_ACCESS"",""geometry_id"":""GEO-10-061-G1"",""area_sqm"":652.6,""state"":""REJECTED""}","{""owner"":""Civitas Enclave Residents LLP"",""land_use"":""TRANSPORT_ACCESS"",""geometry_id"":""GEO-10-061-G1"",""state"":""AUTHORITATIVE""}",False,,2026-09-15 10:30:00,TC18_AMBIGUOUS_CANDIDATE_MATCH
IN-DL-110054-10-62,ACTIVE,CURRENT,,,AUTO_MATCHED,LOW,No material disagreement,4,OBS-004091;OBS-004092;OBS-004093;OBS-004094,0.904,0.698,0.779,0.779,0.94,0.817,"{""owner"":""Civitas Enclave Residents LLP"",""land_use"":""TRANSPORT_ACCESS"",""geometry_id"":""GEO-10-062-G1"",""area_sqm"":711.26}","{""owner"":""Civitas Enclave Residents LLP"",""land_use"":""TRANSPORT_ACCESS"",""geometry_id"":""GEO-10-062-G1"",""state"":""AUTHORITATIVE""}",False,,2026-09-15 10:30:00,
IN-DL-110054-10-63,ACTIVE,CURRENT,,,HUMAN_REVIEW_REQUIRED,CRITICAL,Recent imagery suggests occupation into public land.,4,OBS-004095;OBS-004096;OBS-004097;OBS-004364,0.727,0.665,0.668,0.683,0.94,0.722,"{""owner"":""Civitas Enclave Residents LLP"",""land_use"":""PUBLIC_OPEN_SPACE"",""geometry_id"":""GEO-10-063-G1"",""area_sqm"":794.2}","{""owner"":""Civitas Enclave Residents LLP"",""land_use"":""PUBLIC_OPEN_SPACE"",""geometry_id"":""GEO-10-063-G1"",""state"":""UNCHANGED_PENDING""}",True,CNF-00555,2026-09-15 10:30:00,TC19_ENCROACHMENT_INTO_PUBLIC_LAND
IN-DL-110054-10-64,ACTIVE,CURRENT,,,AUTO_MATCHED,LOW,No material disagreement,6,OBS-004098;OBS-004099;OBS-004100;OBS-004101;OBS-004102;OBS-004103,0.887,0.764,0.715,0.715,0.94,0.808,"{""owner"":""Civitas Enclave Residents LLP"",""land_use"":""UTILITY"",""geometry_id"":""GEO-10-064-G1"",""area_sqm"":714.17}","{""owner"":""Civitas Enclave Residents LLP"",""land_use"":""UTILITY"",""geometry_id"":""GEO-10-064-G1"",""state"":""AUTHORITATIVE""}",False,,2026-09-15 10:30:00,
IN-DL-110054-10-65,ACTIVE,CURRENT,,,AUTO_MATCHED,LOW,No material disagreement,5,OBS-004104;OBS-004105;OBS-004106;OBS-004107;OBS-004108,0.902,0.782,0.745,0.745,0.94,0.827,"{""owner"":""Civitas Enclave Residents LLP"",""land_use"":""RESIDENTIAL"",""geometry_id"":""GEO-10-065-G1"",""area_sqm"":651.85}","{""owner"":""Civitas Enclave Residents LLP"",""land_use"":""RESIDENTIAL"",""geometry_id"":""GEO-10-065-G1"",""state"":""AUTHORITATIVE""}",False,,2026-09-15 10:30:00,
IN-DL-110054-10-66,ACTIVE,CURRENT,,,HUMAN_REVIEW_REQUIRED,HIGH,Strong evidence exists but legal/human approval is pending.,6,OBS-004109;OBS-004110;OBS-004111;OBS-004112;OBS-004113;OBS-004114,0.734,0.81,0.668,0.682,0.94,0.76,"{""owner"":""Civitas Enclave Residents LLP"",""land_use"":""RESIDENTIAL"",""geometry_id"":""GEO-10-066-G2"",""area_sqm"":1021.4}","{""owner"":""Civitas Enclave Residents LLP"",""land_use"":""RESIDENTIAL"",""geometry_id"":""GEO-10-066-G1"",""state"":""UNCHANGED_PENDING""}",True,CNF-00643,2026-09-15 10:30:00,TC25_STRONG_EVIDENCE_PENDING_APPROVAL
IN-DL-110054-10-67,ACTIVE,CURRENT,,,AUTO_MATCHED,LOW,No material disagreement,6,OBS-004115;OBS-004116;OBS-004117;OBS-004118;OBS-004119;OBS-004120,0.859,0.879,0.687,0.687,0.94,0.82,"{""owner"":""Deepak Malhotra"",""land_use"":""RESIDENTIAL"",""geometry_id"":""GEO-10-067-G1"",""area_sqm"":785.5}","{""owner"":""Deepak Malhotra"",""land_use"":""RESIDENTIAL"",""geometry_id"":""GEO-10-067-G1"",""state"":""AUTHORITATIVE""}",False,,2026-09-15 10:30:00,
IN-DL-110054-10-68,ACTIVE,CURRENT,,,AUTO_MATCHED,LOW,No material disagreement,4,OBS-004121;OBS-004122;OBS-004123;OBS-004124,0.857,0.771,0.707,0.707,0.94,0.798,"{""owner"":""Aarav Chawla"",""land_use"":""RESIDENTIAL"",""geometry_id"":""GEO-10-068-G1"",""area_sqm"":679.73}","{""owner"":""Aarav Chawla"",""land_use"":""RESIDENTIAL"",""geometry_id"":""GEO-10-068-G1"",""state"":""AUTHORITATIVE""}",False,,2026-09-15 10:30:00,
IN-DL-110054-10-69,ACTIVE,CURRENT,,,AUTO_MATCHED,LOW,No material disagreement,4,OBS-004125;OBS-004126;OBS-004127;OBS-004128,0.858,0.769,0.708,0.708,0.94,0.798,"{""owner"":""Ishaan Jain"",""land_use"":""RESIDENTIAL"",""geometry_id"":""GEO-10-069-G1"",""area_sqm"":669.43}","{""owner"":""Ishaan Jain"",""land_use"":""RESIDENTIAL"",""geometry_id"":""GEO-10-069-G1"",""state"":""AUTHORITATIVE""}",False,,2026-09-15 10:30:00,
IN-DL-110054-10-70,ACTIVE,CURRENT,,,MATCHED_WITH_MINOR_CONFLICT,LOW,Abbreviation / formatting variation only.,3,OBS-004129;OBS-004130;OBS-004131,0.878,0.749,0.72,0.72,0.94,0.803,"{""owner"":""Sneha Verma"",""land_use"":""RESIDENTIAL"",""geometry_id"":""GEO-10-070-G1"",""area_sqm"":777.85}","{""owner"":""Sneha Verma"",""land_use"":""RESIDENTIAL"",""geometry_id"":""GEO-10-070-G1"",""state"":""AUTHORITATIVE""}",False,,2026-09-15 10:30:00,
IN-DL-110054-10-71,ACTIVE,CURRENT,,,RECONCILED,HIGH,Road widening changed parcel edge.,6,OBS-004132;OBS-004133;OBS-004134;OBS-004135;OBS-004136;OBS-004137,0.883,0.879,0.741,0.741,0.94,0.844,"{""owner"":""Civitas Enclave Residents LLP"",""land_use"":""RESIDENTIAL"",""geometry_id"":""GEO-10-071-G2"",""area_sqm"":573.73}","{""owner"":""Civitas Enclave Residents LLP"",""land_use"":""RESIDENTIAL"",""geometry_id"":""GEO-10-071-G2"",""state"":""AUTHORITATIVE""}",False,,2026-09-15 10:30:00,TC21_ROAD_WIDENING_BOUNDARY_CORRECTION
IN-DL-110054-10-72,ACTIVE,CURRENT,,,HUMAN_REVIEW_REQUIRED,HIGH,Moderate area-basis disagreement.; Municipal owner/occupier differs from revenue owner.,6,OBS-004138;OBS-004139;OBS-004140;OBS-004141;OBS-004142;OBS-004143,0.733,0.812,0.363,0.64,0.94,0.694,"{""owner"":""Civitas Enclave Residents LLP"",""land_use"":""RESIDENTIAL"",""geometry_id"":""GEO-10-072-G2"",""area_sqm"":665.2}","{""owner"":""Civitas Enclave Residents LLP"",""land_use"":""RESIDENTIAL"",""geometry_id"":""GEO-10-072-G1"",""state"":""UNCHANGED_PENDING""}",True,CNF-00381;CNF-00639,2026-09-15 10:30:00,TC10_OWNERSHIP_CONFLICT;TC25_STRONG_EVIDENCE_PENDING_APPROVAL
IN-DL-110054-10-73,ACTIVE,CURRENT,,,TENTATIVE,HIGH,Building footprint extends into neighboring parcel.,4,OBS-004144;OBS-004145;OBS-004146;OBS-004147,0.709,0.673,0.633,0.647,0.94,0.707,"{""owner"":""Civitas Enclave Residents LLP"",""land_use"":""RESIDENTIAL"",""geometry_id"":""GEO-10-073-G1"",""area_sqm"":742.78}","{""owner"":""Civitas Enclave Residents LLP"",""land_use"":""RESIDENTIAL"",""geometry_id"":""GEO-10-073-G1"",""state"":""UNCHANGED_PENDING""}",True,CNF-00437,2026-09-15 10:30:00,TC13_BUILDING_CROSSES_BOUNDARY
IN-DL-110054-10-74,ACTIVE,CURRENT,,,AUTO_MATCHED,LOW,No material disagreement,5,OBS-004148;OBS-004149;OBS-004150;OBS-004151;OBS-004152,0.904,0.778,0.748,0.748,0.94,0.828,"{""owner"":""Civitas Enclave Residents LLP"",""land_use"":""RESIDENTIAL"",""geometry_id"":""GEO-10-074-G1"",""area_sqm"":667.93}","{""owner"":""Civitas Enclave Residents LLP"",""land_use"":""RESIDENTIAL"",""geometry_id"":""GEO-10-074-G1"",""state"":""AUTHORITATIVE""}",False,,2026-09-15 10:30:00,
IN-DL-110054-10-75,ACTIVE,CURRENT,,,MATCHED_WITH_MINOR_CONFLICT,MEDIUM,Sources represent different years.,5,OBS-004153;OBS-004154;OBS-004155;OBS-004156;OBS-004157,0.905,0.778,0.749,0.749,0.94,0.828,"{""owner"":""Civitas Enclave Residents LLP"",""land_use"":""RESIDENTIAL"",""geometry_id"":""GEO-10-075-G1"",""area_sqm"":609.64}","{""owner"":""Civitas Enclave Residents LLP"",""land_use"":""RESIDENTIAL"",""geometry_id"":""GEO-10-075-G1"",""state"":""AUTHORITATIVE""}",False,,2026-09-15 10:30:00,
IN-DL-110054-10-76,ACTIVE,CURRENT,,,MATCHED_WITH_MINOR_CONFLICT,MEDIUM,Slight spatial shift but identity remains strong.,6,OBS-004158;OBS-004159;OBS-004160;OBS-004161;OBS-004162;OBS-004163,0.887,0.883,0.742,0.742,0.94,0.846,"{""owner"":""Civitas Enclave Residents LLP"",""land_use"":""RESIDENTIAL"",""geometry_id"":""GEO-10-076-G1"",""area_sqm"":955.27}","{""owner"":""Civitas Enclave Residents LLP"",""land_use"":""RESIDENTIAL"",""geometry_id"":""GEO-10-076-G1"",""state"":""AUTHORITATIVE""}",False,,2026-09-15 10:30:00,TC02_SLIGHT_GEOMETRY_SHIFT
IN-DL-110054-10-77,ACTIVE,CURRENT,,,AUTO_MATCHED,LOW,No material disagreement,3,OBS-004164;OBS-004165;OBS-004166,0.878,0.749,0.72,0.72,0.94,0.803,"{""owner"":""Ishaan Kapoor"",""land_use"":""RESIDENTIAL"",""geometry_id"":""GEO-10-077-G1"",""area_sqm"":734.64}","{""owner"":""Ishaan Kapoor"",""land_use"":""RESIDENTIAL"",""geometry_id"":""GEO-10-077-G1"",""state"":""AUTHORITATIVE""}",False,,2026-09-15 10:30:00,
IN-DL-110054-10-78,ACTIVE,CURRENT,,,AUTO_MATCHED,LOW,No material disagreement,4,OBS-004167;OBS-004168;OBS-004169;OBS-004170,0.852,0.778,0.7,0.7,0.94,0.796,"{""owner"":""Sneha Bhatia"",""land_use"":""RESIDENTIAL"",""geometry_id"":""GEO-10-078-G1"",""area_sqm"":635.72}","{""owner"":""Sneha Bhatia"",""land_use"":""RESIDENTIAL"",""geometry_id"":""GEO-10-078-G1"",""state"":""AUTHORITATIVE""}",False,,2026-09-15 10:30:00,
IN-DL-110054-10-79,ACTIVE,CURRENT,,,TENTATIVE,HIGH,Building footprint extends into neighboring parcel.,3,OBS-004171;OBS-004172;OBS-004173,0.73,0.627,0.671,0.686,0.94,0.715,"{""owner"":""Deepak Arora"",""land_use"":""RESIDENTIAL"",""geometry_id"":""GEO-10-079-G1"",""area_sqm"":626.08}","{""owner"":""Deepak Arora"",""land_use"":""RESIDENTIAL"",""geometry_id"":""GEO-10-079-G1"",""state"":""UNCHANGED_PENDING""}",True,CNF-00442,2026-09-15 10:30:00,TC13_BUILDING_CROSSES_BOUNDARY
IN-DL-110054-10-80,ACTIVE,CURRENT,,,MATCHED_WITH_MINOR_CONFLICT,LOW,Abbreviation / formatting variation only.,4,OBS-004174;OBS-004175;OBS-004176;OBS-004177,0.855,0.774,0.703,0.703,0.94,0.797,"{""owner"":""Aarav Mehta"",""land_use"":""RESIDENTIAL"",""geometry_id"":""GEO-10-080-G1"",""area_sqm"":727.49}","{""owner"":""Aarav Mehta"",""land_use"":""RESIDENTIAL"",""geometry_id"":""GEO-10-080-G1"",""state"":""AUTHORITATIVE""}",False,,2026-09-15 10:30:00,
IN-DL-110054-10-81,ACTIVE,CURRENT,,,AUTO_MATCHED,LOW,No material disagreement,4,OBS-004178;OBS-004179;OBS-004180;OBS-004181,0.855,0.773,0.705,0.705,0.94,0.798,"{""owner"":""Ishaan Singh"",""land_use"":""COMMERCIAL"",""geometry_id"":""GEO-10-081-G1"",""area_sqm"":666.79}","{""owner"":""Ishaan Singh"",""land_use"":""COMMERCIAL"",""geometry_id"":""GEO-10-081-G1"",""state"":""AUTHORITATIVE""}",False,,2026-09-15 10:30:00,
IN-DL-110054-10-82,ACTIVE,CURRENT,,,AUTO_MATCHED,LOW,No material disagreement,5,OBS-004182;OBS-004183;OBS-004184;OBS-004185;OBS-004186,0.869,0.9,0.71,0.71,0.94,0.835,"{""owner"":""Sneha Bansal"",""land_use"":""COMMERCIAL"",""geometry_id"":""GEO-10-082-G1"",""area_sqm"":726.72}","{""owner"":""Sneha Bansal"",""land_use"":""COMMERCIAL"",""geometry_id"":""GEO-10-082-G1"",""state"":""AUTHORITATIVE""}",False,,2026-09-15 10:30:00,
IN-DL-110054-10-83,ACTIVE,CURRENT,,,AUTO_MATCHED,LOW,No material disagreement,4,OBS-004187;OBS-004188;OBS-004189;OBS-004190,0.858,0.769,0.708,0.708,0.94,0.798,"{""owner"":""Deepak Sharma"",""land_use"":""MIXED_USE"",""geometry_id"":""GEO-10-083-G1"",""area_sqm"":811.47}","{""owner"":""Deepak Sharma"",""land_use"":""MIXED_USE"",""geometry_id"":""GEO-10-083-G1"",""state"":""AUTHORITATIVE""}",False,,2026-09-15 10:30:00,
IN-DL-110054-10-84,ACTIVE,CURRENT,,,MATCHED_WITH_MINOR_CONFLICT,MEDIUM,Moderate area-basis disagreement.,4,OBS-004191;OBS-004192;OBS-004193;OBS-004194,0.85,0.78,0.698,0.698,0.94,0.796,"{""owner"":""Aarav Saxena"",""land_use"":""MIXED_USE"",""geometry_id"":""GEO-10-084-G1"",""area_sqm"":729.7}","{""owner"":""Aarav Saxena"",""land_use"":""MIXED_USE"",""geometry_id"":""GEO-10-084-G1"",""state"":""AUTHORITATIVE""}",False,,2026-09-15 10:30:00,
IN-DL-110054-10-85,ACTIVE,CURRENT,,,AUTO_MATCHED,LOW,No material disagreement,6,OBS-004195;OBS-004196;OBS-004197;OBS-004198;OBS-004199;OBS-004200,0.887,0.764,0.716,0.716,0.94,0.808,"{""owner"":""Delhi Development Authority"",""land_use"":""GOVERNMENT"",""geometry_id"":""GEO-10-085-G1"",""area_sqm"":666.02}","{""owner"":""Delhi Development Authority"",""land_use"":""GOVERNMENT"",""geometry_id"":""GEO-10-085-G1"",""state"":""AUTHORITATIVE""}",False,,2026-09-15 10:30:00,
IN-DL-110054-10-86,ACTIVE,CURRENT,,,AUTO_MATCHED,LOW,No material disagreement,5,OBS-004201;OBS-004202;OBS-004203;OBS-004204;OBS-004205,0.903,0.781,0.746,0.746,0.94,0.827,"{""owner"":""Pramaan Education Society"",""land_use"":""INSTITUTIONAL"",""geometry_id"":""GEO-10-086-G1"",""area_sqm"":1043.61}","{""owner"":""Pramaan Education Society"",""land_use"":""INSTITUTIONAL"",""geometry_id"":""GEO-10-086-G1"",""state"":""AUTHORITATIVE""}",False,,2026-09-15 10:30:00,
IN-DL-110054-10-87,ACTIVE,CURRENT,,,HUMAN_REVIEW_REQUIRED,HIGH,Local scale/rotation distortion affects boundaries.,4,OBS-004206;OBS-004207;OBS-004208;OBS-004209,0.746,0.627,0.699,0.714,0.94,0.728,"{""owner"":""Municipal Corporation of Delhi"",""land_use"":""PUBLIC_OPEN_SPACE"",""geometry_id"":""GEO-10-087-G2"",""area_sqm"":801.29}","{""owner"":""Municipal Corporation of Delhi"",""land_use"":""PUBLIC_OPEN_SPACE"",""geometry_id"":""GEO-10-087-G2"",""state"":""UNCHANGED_PENDING""}",True,CNF-00293,2026-09-15 10:30:00,TC03_SIGNIFICANT_LOCAL_DISTORTION
IN-DL-110054-10-88,ACTIVE,CURRENT,,,HUMAN_REVIEW_REQUIRED,CRITICAL,Recent imagery suggests occupation into public land.,6,OBS-004210;OBS-004211;OBS-004212;OBS-004213;OBS-004214;OBS-004215,0.734,0.797,0.667,0.681,0.94,0.757,"{""owner"":""Municipal Corporation of Delhi"",""land_use"":""PUBLIC_OPEN_SPACE"",""geometry_id"":""GEO-10-088-G1"",""area_sqm"":694.51}","{""owner"":""Municipal Corporation of Delhi"",""land_use"":""PUBLIC_OPEN_SPACE"",""geometry_id"":""GEO-10-088-G1"",""state"":""UNCHANGED_PENDING""}",True,CNF-00559,2026-09-15 10:30:00,TC19_ENCROACHMENT_INTO_PUBLIC_LAND
IN-DL-110054-10-89,ACTIVE,CURRENT,,,AUTO_MATCHED,LOW,No material disagreement,6,OBS-004216;OBS-004217;OBS-004218;OBS-004219;OBS-004220;OBS-004221,0.86,0.877,0.688,0.688,0.94,0.819,"{""owner"":""Delhi Jal Board"",""land_use"":""UTILITY"",""geometry_id"":""GEO-10-089-G1"",""area_sqm"":683.98}","{""owner"":""Delhi Jal Board"",""land_use"":""UTILITY"",""geometry_id"":""GEO-10-089-G1"",""state"":""AUTHORITATIVE""}",False,,2026-09-15 10:30:00,
IN-DL-110054-10-90,ACTIVE,CURRENT,,,MATCHED_WITH_MINOR_CONFLICT,MEDIUM,Sources represent different years.,3,OBS-004222;OBS-004223;OBS-004224,0.892,0.659,0.735,0.735,0.94,0.79,"{""owner"":""Municipal Corporation of Delhi"",""land_use"":""TRANSPORT_ACCESS"",""geometry_id"":""GEO-10-090-G1"",""area_sqm"":794.76}","{""owner"":""Municipal Corporation of Delhi"",""land_use"":""TRANSPORT_ACCESS"",""geometry_id"":""GEO-10-090-G1"",""state"":""AUTHORITATIVE""}",False,,2026-09-15 10:30:00,
IN-DL-110054-10-91,ACTIVE,CURRENT,IN-DL-110054-10-101,,TENTATIVE,HIGH,Lineage has not propagated consistently.; Local scale/rotation distortion affects boundaries.,5,OBS-004225;OBS-004226;OBS-004227;OBS-004228;OBS-004229,0.717,0.744,0.622,0.636,0.58,0.677,"{""owner"":""Municipal Corporation of Delhi"",""land_use"":""TRANSPORT_ACCESS"",""geometry_id"":""GEO-10-091-G2"",""area_sqm"":738.06}","{""owner"":""Municipal Corporation of Delhi"",""land_use"":""TRANSPORT_ACCESS"",""geometry_id"":""GEO-10-091-G2"",""state"":""UNCHANGED_PENDING""}",True,CNF-00296;CNF-00700,2026-09-15 10:30:00,TC03_SIGNIFICANT_LOCAL_DISTORTION;TC07_PARCEL_SPLIT
IN-DL-110054-10-92,ACTIVE,CURRENT,IN-DL-110054-10-101,,AUTO_MATCHED,LOW,No material disagreement,5,OBS-004230;OBS-004231;OBS-004232;OBS-004233;OBS-004234,0.865,0.87,0.692,0.692,0.89,0.814,"{""owner"":""Municipal Corporation of Delhi"",""land_use"":""TRANSPORT_ACCESS"",""geometry_id"":""GEO-10-092-G1"",""area_sqm"":805.69}","{""owner"":""Municipal Corporation of Delhi"",""land_use"":""TRANSPORT_ACCESS"",""geometry_id"":""GEO-10-092-G1"",""state"":""AUTHORITATIVE""}",False,,2026-09-15 10:30:00,
IN-DL-110054-10-93,ACTIVE,CURRENT,IN-DL-110054-10-102;IN-DL-110054-10-103,,HUMAN_REVIEW_REQUIRED,CRITICAL,Government/public parcel appears private in municipal data.,5,OBS-004235;OBS-004236;OBS-004237;OBS-004238;OBS-004239,0.722,0.68,0.311,0.549,0.89,0.63,"{""owner"":""BSES Yamuna Power Limited"",""land_use"":""UTILITY"",""geometry_id"":""GEO-10-093-G1"",""area_sqm"":899.64}","{""owner"":""BSES Yamuna Power Limited"",""land_use"":""UTILITY"",""geometry_id"":""GEO-10-093-G1"",""state"":""UNCHANGED_PENDING""}",True,CNF-00404,2026-09-15 10:30:00,TC06_SEVERAL_HISTORICAL_TO_ONE_CURRENT;TC11_GOVERNMENT_PRIVATE_OWNERSHIP_CONFLICT
IN-DL-110054-10-94,ACTIVE,CURRENT,IN-DL-110054-10-104;IN-DL-110054-10-105;IN-DL-110054-10-106,,TENTATIVE,HIGH,Lineage has not propagated consistently.,5,OBS-004240;OBS-004241;OBS-004242;OBS-004243;OBS-004244,0.721,0.781,0.626,0.64,0.58,0.689,"{""owner"":""BSES Yamuna Power Limited"",""land_use"":""UTILITY"",""geometry_id"":""GEO-10-094-G1"",""area_sqm"":808.99}","{""owner"":""BSES Yamuna Power Limited"",""land_use"":""UTILITY"",""geometry_id"":""GEO-10-094-G1"",""state"":""UNCHANGED_PENDING""}",True,CNF-00706,2026-09-15 10:30:00,TC06_SEVERAL_HISTORICAL_TO_ONE_CURRENT
IN-DL-110054-10-95,ACTIVE,CURRENT,,,AUTO_MATCHED,LOW,No material disagreement,6,OBS-004245;OBS-004246;OBS-004247;OBS-004248;OBS-004249;OBS-004250,0.859,0.879,0.686,0.686,0.94,0.819,"{""owner"":""Delhi Jal Board"",""land_use"":""UTILITY"",""geometry_id"":""GEO-10-095-G1"",""area_sqm"":738.39}","{""owner"":""Delhi Jal Board"",""land_use"":""UTILITY"",""geometry_id"":""GEO-10-095-G1"",""state"":""AUTHORITATIVE""}",False,,2026-09-15 10:30:00,
IN-DL-110054-10-96,ACTIVE,CURRENT,,,MATCHED_WITH_MINOR_CONFLICT,MEDIUM,Moderate area-basis disagreement.,4,OBS-004251;OBS-004252;OBS-004253;OBS-004254,0.861,0.722,0.692,0.692,0.94,0.782,"{""owner"":""Municipal Corporation of Delhi"",""land_use"":""TRANSPORT_ACCESS"",""geometry_id"":""GEO-10-096-G1"",""area_sqm"":1157.0}","{""owner"":""Municipal Corporation of Delhi"",""land_use"":""TRANSPORT_ACCESS"",""geometry_id"":""GEO-10-096-G1"",""state"":""AUTHORITATIVE""}",False,,2026-09-15 10:30:00,
IN-DL-110054-10-97,ACTIVE,CURRENT,,,AUTO_MATCHED,LOW,No material disagreement,4,OBS-004255;OBS-004256;OBS-004257;OBS-004258,0.858,0.769,0.708,0.708,0.94,0.798,"{""owner"":""Ishaan Arora"",""land_use"":""COMMERCIAL"",""geometry_id"":""GEO-10-097-G1"",""area_sqm"":889.78}","{""owner"":""Ishaan Arora"",""land_use"":""COMMERCIAL"",""geometry_id"":""GEO-10-097-G1"",""state"":""AUTHORITATIVE""}",False,,2026-09-15 10:30:00,
IN-DL-110054-10-98,ACTIVE,CURRENT,,,AUTO_MATCHED,LOW,No material disagreement,5,OBS-004259;OBS-004260;OBS-004261;OBS-004262;OBS-004263,0.862,0.911,0.703,0.703,0.94,0.834,"{""owner"":""Sneha Mehta"",""land_use"":""COMMERCIAL"",""geometry_id"":""GEO-10-098-G1"",""area_sqm"":769.97}","{""owner"":""Sneha Mehta"",""land_use"":""COMMERCIAL"",""geometry_id"":""GEO-10-098-G1"",""state"":""AUTHORITATIVE""}",False,,2026-09-15 10:30:00,
IN-DL-110054-10-99,ACTIVE,CURRENT,,,HUMAN_REVIEW_REQUIRED,HIGH,Park boundary differs across evidence.,4,OBS-004264;OBS-004265;OBS-004266;OBS-004267,0.745,0.652,0.698,0.713,0.94,0.734,"{""owner"":""Municipal Corporation of Delhi"",""land_use"":""PUBLIC_OPEN_SPACE"",""geometry_id"":""GEO-10-099-G1"",""area_sqm"":758.3}","{""owner"":""Municipal Corporation of Delhi"",""land_use"":""PUBLIC_OPEN_SPACE"",""geometry_id"":""GEO-10-099-G1"",""state"":""UNCHANGED_PENDING""}",True,CNF-00570,2026-09-15 10:30:00,TC20_PARK_BOUNDARY_DISAGREEMENT
IN-DL-110054-10-100,ACTIVE,CURRENT,,,TENTATIVE,HIGH,Municipal owner/occupier differs from revenue owner.,3,OBS-004268;OBS-004269;OBS-004270,0.731,0.67,0.328,0.579,0.94,0.644,"{""owner"":""Aarav Bansal"",""land_use"":""VACANT"",""geometry_id"":""GEO-10-100-G1"",""area_sqm"":881.12}","{""owner"":""Aarav Bansal"",""land_use"":""VACANT"",""geometry_id"":""GEO-10-100-G1"",""state"":""UNCHANGED_PENDING""}",True,CNF-00373,2026-09-15 10:30:00,TC10_OWNERSHIP_CONFLICT
IN-DL-110054-1-101,HISTORICAL_RETIRED,RETIRED_SPLIT,,IN-DL-110054-1-91;IN-DL-110054-1-92,NEEDS_ADDITIONAL_EVIDENCE,HIGH,Historical identity retained for lineage; stale references may remain.,1,OBS-004271,0.78,0.72,0.74,0.68,0.75,0.7,"{""record_status"":""RETIRED"",""children"":[""IN-DL-110054-1-91"",""IN-DL-110054-1-92""]}","{""record_status"":""RETIRED"",""children"":[""IN-DL-110054-1-91"",""IN-DL-110054-1-92""],""state"":""AUTHORITATIVE""}",True,CNF-00648,2026-09-15 10:30:00,TC24_HISTORICAL_ID_STILL_REFERENCED
IN-DL-110054-1-102,HISTORICAL_RETIRED,RETIRED_MERGED,,IN-DL-110054-1-93,NEEDS_ADDITIONAL_EVIDENCE,HIGH,Historical identity retained for lineage; stale references may remain.,2,OBS-004272;OBS-004273,0.78,0.72,0.74,0.68,0.75,0.7,"{""record_status"":""RETIRED"",""children"":[""IN-DL-110054-1-93""]}","{""record_status"":""RETIRED"",""children"":[""IN-DL-110054-1-93""],""state"":""AUTHORITATIVE""}",True,CNF-00649,2026-09-15 10:30:00,TC16_OUTDATED_SOURCE_CONTAINS_RETIRED_PARCEL
IN-DL-110054-1-103,HISTORICAL_RETIRED,RETIRED_MERGED,,IN-DL-110054-1-93,NEEDS_ADDITIONAL_EVIDENCE,HIGH,Historical identity retained for lineage; stale references may remain.,1,OBS-004274,0.78,0.72,0.74,0.68,0.75,0.7,"{""record_status"":""RETIRED"",""children"":[""IN-DL-110054-1-93""]}","{""record_status"":""RETIRED"",""children"":[""IN-DL-110054-1-93""],""state"":""AUTHORITATIVE""}",True,CNF-00650,2026-09-15 10:30:00,TC24_HISTORICAL_ID_STILL_REFERENCED
IN-DL-110054-1-104,HISTORICAL_RETIRED,RETIRED_REDEVELOPMENT,,IN-DL-110054-1-94,NEEDS_ADDITIONAL_EVIDENCE,HIGH,Historical identity retained for lineage; stale references may remain.,2,OBS-004275;OBS-004276,0.78,0.72,0.74,0.68,0.75,0.7,"{""record_status"":""RETIRED"",""children"":[""IN-DL-110054-1-94""]}","{""record_status"":""RETIRED"",""children"":[""IN-DL-110054-1-94""],""state"":""AUTHORITATIVE""}",True,CNF-00651,2026-09-15 10:30:00,TC16_OUTDATED_SOURCE_CONTAINS_RETIRED_PARCEL
IN-DL-110054-1-105,HISTORICAL_RETIRED,RETIRED_REDEVELOPMENT,,IN-DL-110054-1-94,NEEDS_ADDITIONAL_EVIDENCE,HIGH,Historical identity retained for lineage; stale references may remain.,2,OBS-004277;OBS-004278,0.78,0.72,0.74,0.68,0.75,0.7,"{""record_status"":""RETIRED"",""children"":[""IN-DL-110054-1-94""]}","{""record_status"":""RETIRED"",""children"":[""IN-DL-110054-1-94""],""state"":""AUTHORITATIVE""}",True,CNF-00652,2026-09-15 10:30:00,TC16_OUTDATED_SOURCE_CONTAINS_RETIRED_PARCEL
IN-DL-110054-1-106,HISTORICAL_RETIRED,RETIRED_SPLIT,,IN-DL-110054-1-95;IN-DL-110054-1-96,NEEDS_ADDITIONAL_EVIDENCE,HIGH,Historical identity retained for lineage; stale references may remain.,1,OBS-004279,0.78,0.72,0.74,0.68,0.75,0.7,"{""record_status"":""RETIRED"",""children"":[""IN-DL-110054-1-95"",""IN-DL-110054-1-96""]}","{""record_status"":""RETIRED"",""children"":[""IN-DL-110054-1-95"",""IN-DL-110054-1-96""],""state"":""AUTHORITATIVE""}",True,CNF-00653,2026-09-15 10:30:00,TC24_HISTORICAL_ID_STILL_REFERENCED
IN-DL-110054-2-101,HISTORICAL_RETIRED,RETIRED_SPLIT,,IN-DL-110054-2-91;IN-DL-110054-2-92,RECONCILED,MEDIUM,Historical lineage preserved.,1,OBS-004280,0.78,0.72,0.74,0.68,0.95,0.79,"{""record_status"":""RETIRED"",""children"":[""IN-DL-110054-2-91"",""IN-DL-110054-2-92""]}","{""record_status"":""RETIRED"",""children"":[""IN-DL-110054-2-91"",""IN-DL-110054-2-92""],""state"":""AUTHORITATIVE""}",False,,2026-09-15 10:30:00,
IN-DL-110054-2-102,HISTORICAL_RETIRED,RETIRED_MERGED,,IN-DL-110054-2-93,NEEDS_ADDITIONAL_EVIDENCE,HIGH,Historical identity retained for lineage; stale references may remain.,2,OBS-004281;OBS-004282,0.78,0.72,0.74,0.68,0.75,0.7,"{""record_status"":""RETIRED"",""children"":[""IN-DL-110054-2-93""]}","{""record_status"":""RETIRED"",""children"":[""IN-DL-110054-2-93""],""state"":""AUTHORITATIVE""}",True,CNF-00654,2026-09-15 10:30:00,TC16_OUTDATED_SOURCE_CONTAINS_RETIRED_PARCEL
IN-DL-110054-2-103,HISTORICAL_RETIRED,RETIRED_MERGED,,IN-DL-110054-2-93,RECONCILED,MEDIUM,Historical lineage preserved.,1,OBS-004283,0.78,0.72,0.74,0.68,0.95,0.79,"{""record_status"":""RETIRED"",""children"":[""IN-DL-110054-2-93""]}","{""record_status"":""RETIRED"",""children"":[""IN-DL-110054-2-93""],""state"":""AUTHORITATIVE""}",False,,2026-09-15 10:30:00,
IN-DL-110054-2-104,HISTORICAL_RETIRED,RETIRED_REDEVELOPMENT,,IN-DL-110054-2-94,NEEDS_ADDITIONAL_EVIDENCE,HIGH,Historical identity retained for lineage; stale references may remain.,2,OBS-004284;OBS-004285,0.78,0.72,0.74,0.68,0.75,0.7,"{""record_status"":""RETIRED"",""children"":[""IN-DL-110054-2-94""]}","{""record_status"":""RETIRED"",""children"":[""IN-DL-110054-2-94""],""state"":""AUTHORITATIVE""}",True,CNF-00655,2026-09-15 10:30:00,TC16_OUTDATED_SOURCE_CONTAINS_RETIRED_PARCEL
IN-DL-110054-2-105,HISTORICAL_RETIRED,RETIRED_REDEVELOPMENT,,IN-DL-110054-2-94,NEEDS_ADDITIONAL_EVIDENCE,HIGH,Historical identity retained for lineage; stale references may remain.,1,OBS-004286,0.78,0.72,0.74,0.68,0.75,0.7,"{""record_status"":""RETIRED"",""children"":[""IN-DL-110054-2-94""]}","{""record_status"":""RETIRED"",""children"":[""IN-DL-110054-2-94""],""state"":""AUTHORITATIVE""}",True,CNF-00656,2026-09-15 10:30:00,TC24_HISTORICAL_ID_STILL_REFERENCED
IN-DL-110054-2-106,HISTORICAL_RETIRED,RETIRED_SPLIT,,IN-DL-110054-2-100;IN-DL-110054-3-1,NEEDS_ADDITIONAL_EVIDENCE,HIGH,Historical identity retained for lineage; stale references may remain.,2,OBS-004287;OBS-004288,0.78,0.72,0.74,0.68,0.75,0.7,"{""record_status"":""RETIRED"",""children"":[""IN-DL-110054-2-100"",""IN-DL-110054-3-1""]}","{""record_status"":""RETIRED"",""children"":[""IN-DL-110054-2-100"",""IN-DL-110054-3-1""],""state"":""AUTHORITATIVE""}",True,CNF-00657,2026-09-15 10:30:00,TC16_OUTDATED_SOURCE_CONTAINS_RETIRED_PARCEL
IN-DL-110054-3-101,HISTORICAL_RETIRED,RETIRED_SPLIT,,IN-DL-110054-3-91;IN-DL-110054-3-92,NEEDS_ADDITIONAL_EVIDENCE,HIGH,Historical identity retained for lineage; stale references may remain.,2,OBS-004289;OBS-004290,0.78,0.72,0.74,0.68,0.75,0.7,"{""record_status"":""RETIRED"",""children"":[""IN-DL-110054-3-91"",""IN-DL-110054-3-92""]}","{""record_status"":""RETIRED"",""children"":[""IN-DL-110054-3-91"",""IN-DL-110054-3-92""],""state"":""AUTHORITATIVE""}",True,CNF-00658,2026-09-15 10:30:00,TC16_OUTDATED_SOURCE_CONTAINS_RETIRED_PARCEL
IN-DL-110054-3-102,HISTORICAL_RETIRED,RETIRED_MERGED,,IN-DL-110054-3-93,RECONCILED,MEDIUM,Historical lineage preserved.,1,OBS-004291,0.78,0.72,0.74,0.68,0.95,0.79,"{""record_status"":""RETIRED"",""children"":[""IN-DL-110054-3-93""]}","{""record_status"":""RETIRED"",""children"":[""IN-DL-110054-3-93""],""state"":""AUTHORITATIVE""}",False,,2026-09-15 10:30:00,
IN-DL-110054-3-103,HISTORICAL_RETIRED,RETIRED_MERGED,,IN-DL-110054-3-93,RECONCILED,MEDIUM,Historical lineage preserved.,1,OBS-004292,0.78,0.72,0.74,0.68,0.95,0.79,"{""record_status"":""RETIRED"",""children"":[""IN-DL-110054-3-93""]}","{""record_status"":""RETIRED"",""children"":[""IN-DL-110054-3-93""],""state"":""AUTHORITATIVE""}",False,,2026-09-15 10:30:00,
IN-DL-110054-3-104,HISTORICAL_RETIRED,RETIRED_REDEVELOPMENT,,IN-DL-110054-3-94,NEEDS_ADDITIONAL_EVIDENCE,HIGH,Historical identity retained for lineage; stale references may remain.,1,OBS-004293,0.78,0.72,0.74,0.68,0.75,0.7,"{""record_status"":""RETIRED"",""children"":[""IN-DL-110054-3-94""]}","{""record_status"":""RETIRED"",""children"":[""IN-DL-110054-3-94""],""state"":""AUTHORITATIVE""}",True,CNF-00659,2026-09-15 10:30:00,TC24_HISTORICAL_ID_STILL_REFERENCED
IN-DL-110054-3-105,HISTORICAL_RETIRED,RETIRED_REDEVELOPMENT,,IN-DL-110054-3-94,NEEDS_ADDITIONAL_EVIDENCE,HIGH,Historical identity retained for lineage; stale references may remain.,2,OBS-004294;OBS-004295,0.78,0.72,0.74,0.68,0.75,0.7,"{""record_status"":""RETIRED"",""children"":[""IN-DL-110054-3-94""]}","{""record_status"":""RETIRED"",""children"":[""IN-DL-110054-3-94""],""state"":""AUTHORITATIVE""}",True,CNF-00660,2026-09-15 10:30:00,TC16_OUTDATED_SOURCE_CONTAINS_RETIRED_PARCEL
IN-DL-110054-3-106,HISTORICAL_RETIRED,RETIRED_SPLIT,,IN-DL-110054-3-95;IN-DL-110054-3-96,RECONCILED,MEDIUM,Historical lineage preserved.,1,OBS-004296,0.78,0.72,0.74,0.68,0.95,0.79,"{""record_status"":""RETIRED"",""children"":[""IN-DL-110054-3-95"",""IN-DL-110054-3-96""]}","{""record_status"":""RETIRED"",""children"":[""IN-DL-110054-3-95"",""IN-DL-110054-3-96""],""state"":""AUTHORITATIVE""}",False,,2026-09-15 10:30:00,
IN-DL-110054-4-101,HISTORICAL_RETIRED,RETIRED_SPLIT,,IN-DL-110054-4-91;IN-DL-110054-4-92,NEEDS_ADDITIONAL_EVIDENCE,HIGH,Historical identity retained for lineage; stale references may remain.,1,OBS-004297,0.78,0.72,0.74,0.68,0.75,0.7,"{""record_status"":""RETIRED"",""children"":[""IN-DL-110054-4-91"",""IN-DL-110054-4-92""]}","{""record_status"":""RETIRED"",""children"":[""IN-DL-110054-4-91"",""IN-DL-110054-4-92""],""state"":""AUTHORITATIVE""}",True,CNF-00661,2026-09-15 10:30:00,TC24_HISTORICAL_ID_STILL_REFERENCED
IN-DL-110054-4-102,HISTORICAL_RETIRED,RETIRED_MERGED,,IN-DL-110054-4-93,NEEDS_ADDITIONAL_EVIDENCE,HIGH,Historical identity retained for lineage; stale references may remain.,1,OBS-004298,0.78,0.72,0.74,0.68,0.75,0.7,"{""record_status"":""RETIRED"",""children"":[""IN-DL-110054-4-93""]}","{""record_status"":""RETIRED"",""children"":[""IN-DL-110054-4-93""],""state"":""AUTHORITATIVE""}",True,CNF-00662,2026-09-15 10:30:00,TC24_HISTORICAL_ID_STILL_REFERENCED
IN-DL-110054-4-103,HISTORICAL_RETIRED,RETIRED_MERGED,,IN-DL-110054-4-93,NEEDS_ADDITIONAL_EVIDENCE,HIGH,Historical identity retained for lineage; stale references may remain.,2,OBS-004299;OBS-004300,0.78,0.72,0.74,0.68,0.75,0.7,"{""record_status"":""RETIRED"",""children"":[""IN-DL-110054-4-93""]}","{""record_status"":""RETIRED"",""children"":[""IN-DL-110054-4-93""],""state"":""AUTHORITATIVE""}",True,CNF-00663,2026-09-15 10:30:00,TC16_OUTDATED_SOURCE_CONTAINS_RETIRED_PARCEL
IN-DL-110054-4-104,HISTORICAL_RETIRED,RETIRED_REDEVELOPMENT,,IN-DL-110054-4-94,NEEDS_ADDITIONAL_EVIDENCE,HIGH,Historical identity retained for lineage; stale references may remain.,2,OBS-004301;OBS-004302,0.78,0.72,0.74,0.68,0.75,0.7,"{""record_status"":""RETIRED"",""children"":[""IN-DL-110054-4-94""]}","{""record_status"":""RETIRED"",""children"":[""IN-DL-110054-4-94""],""state"":""AUTHORITATIVE""}",True,CNF-00664,2026-09-15 10:30:00,TC16_OUTDATED_SOURCE_CONTAINS_RETIRED_PARCEL
IN-DL-110054-4-105,HISTORICAL_RETIRED,RETIRED_REDEVELOPMENT,,IN-DL-110054-4-94,NEEDS_ADDITIONAL_EVIDENCE,HIGH,Historical identity retained for lineage; stale references may remain.,1,OBS-004303,0.78,0.72,0.74,0.68,0.75,0.7,"{""record_status"":""RETIRED"",""children"":[""IN-DL-110054-4-94""]}","{""record_status"":""RETIRED"",""children"":[""IN-DL-110054-4-94""],""state"":""AUTHORITATIVE""}",True,CNF-00665,2026-09-15 10:30:00,TC24_HISTORICAL_ID_STILL_REFERENCED
IN-DL-110054-4-106,HISTORICAL_RETIRED,RETIRED_MERGED,,IN-DL-110054-5-100,RECONCILED,MEDIUM,Historical lineage preserved.,1,OBS-004304,0.78,0.72,0.74,0.68,0.95,0.79,"{""record_status"":""RETIRED"",""children"":[""IN-DL-110054-5-100""]}","{""record_status"":""RETIRED"",""children"":[""IN-DL-110054-5-100""],""state"":""AUTHORITATIVE""}",False,,2026-09-15 10:30:00,
IN-DL-110054-5-101,HISTORICAL_RETIRED,RETIRED_SPLIT,,IN-DL-110054-5-91;IN-DL-110054-5-92,NEEDS_ADDITIONAL_EVIDENCE,HIGH,Historical identity retained for lineage; stale references may remain.,2,OBS-004305;OBS-004306,0.78,0.72,0.74,0.68,0.75,0.7,"{""record_status"":""RETIRED"",""children"":[""IN-DL-110054-5-91"",""IN-DL-110054-5-92""]}","{""record_status"":""RETIRED"",""children"":[""IN-DL-110054-5-91"",""IN-DL-110054-5-92""],""state"":""AUTHORITATIVE""}",True,CNF-00666;CNF-00667,2026-09-15 10:30:00,TC16_OUTDATED_SOURCE_CONTAINS_RETIRED_PARCEL;TC24_HISTORICAL_ID_STILL_REFERENCED
IN-DL-110054-5-102,HISTORICAL_RETIRED,RETIRED_MERGED,,IN-DL-110054-5-93,NEEDS_ADDITIONAL_EVIDENCE,HIGH,Historical identity retained for lineage; stale references may remain.,2,OBS-004307;OBS-004308,0.78,0.72,0.74,0.68,0.75,0.7,"{""record_status"":""RETIRED"",""children"":[""IN-DL-110054-5-93""]}","{""record_status"":""RETIRED"",""children"":[""IN-DL-110054-5-93""],""state"":""AUTHORITATIVE""}",True,CNF-00668;CNF-00669,2026-09-15 10:30:00,TC16_OUTDATED_SOURCE_CONTAINS_RETIRED_PARCEL;TC24_HISTORICAL_ID_STILL_REFERENCED
IN-DL-110054-5-103,HISTORICAL_RETIRED,RETIRED_MERGED,,IN-DL-110054-5-93,RECONCILED,MEDIUM,Historical lineage preserved.,1,OBS-004309,0.78,0.72,0.74,0.68,0.95,0.79,"{""record_status"":""RETIRED"",""children"":[""IN-DL-110054-5-93""]}","{""record_status"":""RETIRED"",""children"":[""IN-DL-110054-5-93""],""state"":""AUTHORITATIVE""}",False,,2026-09-15 10:30:00,
IN-DL-110054-5-104,HISTORICAL_RETIRED,RETIRED_REDEVELOPMENT,,IN-DL-110054-5-94,NEEDS_ADDITIONAL_EVIDENCE,HIGH,Historical identity retained for lineage; stale references may remain.,2,OBS-004310;OBS-004311,0.78,0.72,0.74,0.68,0.75,0.7,"{""record_status"":""RETIRED"",""children"":[""IN-DL-110054-5-94""]}","{""record_status"":""RETIRED"",""children"":[""IN-DL-110054-5-94""],""state"":""AUTHORITATIVE""}",True,CNF-00670;CNF-00671,2026-09-15 10:30:00,TC16_OUTDATED_SOURCE_CONTAINS_RETIRED_PARCEL;TC24_HISTORICAL_ID_STILL_REFERENCED
IN-DL-110054-5-105,HISTORICAL_RETIRED,RETIRED_REDEVELOPMENT,,IN-DL-110054-5-94,NEEDS_ADDITIONAL_EVIDENCE,HIGH,Historical identity retained for lineage; stale references may remain.,2,OBS-004312;OBS-004313,0.78,0.72,0.74,0.68,0.75,0.7,"{""record_status"":""RETIRED"",""children"":[""IN-DL-110054-5-94""]}","{""record_status"":""RETIRED"",""children"":[""IN-DL-110054-5-94""],""state"":""AUTHORITATIVE""}",True,CNF-00672,2026-09-15 10:30:00,TC16_OUTDATED_SOURCE_CONTAINS_RETIRED_PARCEL
IN-DL-110054-5-106,HISTORICAL_RETIRED,RETIRED_MERGED,,IN-DL-110054-5-100,RECONCILED,MEDIUM,Historical lineage preserved.,1,OBS-004314,0.78,0.72,0.74,0.68,0.95,0.79,"{""record_status"":""RETIRED"",""children"":[""IN-DL-110054-5-100""]}","{""record_status"":""RETIRED"",""children"":[""IN-DL-110054-5-100""],""state"":""AUTHORITATIVE""}",False,,2026-09-15 10:30:00,
IN-DL-110054-6-101,HISTORICAL_RETIRED,RETIRED_SPLIT,,IN-DL-110054-6-91;IN-DL-110054-6-92,RECONCILED,MEDIUM,Historical lineage preserved.,1,OBS-004315,0.78,0.72,0.74,0.68,0.95,0.79,"{""record_status"":""RETIRED"",""children"":[""IN-DL-110054-6-91"",""IN-DL-110054-6-92""]}","{""record_status"":""RETIRED"",""children"":[""IN-DL-110054-6-91"",""IN-DL-110054-6-92""],""state"":""AUTHORITATIVE""}",False,,2026-09-15 10:30:00,
IN-DL-110054-6-102,HISTORICAL_RETIRED,RETIRED_MERGED,,IN-DL-110054-6-93,RECONCILED,MEDIUM,Historical lineage preserved.,1,OBS-004316,0.78,0.72,0.74,0.68,0.95,0.79,"{""record_status"":""RETIRED"",""children"":[""IN-DL-110054-6-93""]}","{""record_status"":""RETIRED"",""children"":[""IN-DL-110054-6-93""],""state"":""AUTHORITATIVE""}",False,,2026-09-15 10:30:00,
IN-DL-110054-6-103,HISTORICAL_RETIRED,RETIRED_MERGED,,IN-DL-110054-6-93,RECONCILED,MEDIUM,Historical lineage preserved.,1,OBS-004317,0.78,0.72,0.74,0.68,0.95,0.79,"{""record_status"":""RETIRED"",""children"":[""IN-DL-110054-6-93""]}","{""record_status"":""RETIRED"",""children"":[""IN-DL-110054-6-93""],""state"":""AUTHORITATIVE""}",False,,2026-09-15 10:30:00,
IN-DL-110054-6-104,HISTORICAL_RETIRED,RETIRED_REDEVELOPMENT,,IN-DL-110054-6-94,NEEDS_ADDITIONAL_EVIDENCE,HIGH,Historical identity retained for lineage; stale references may remain.,2,OBS-004318;OBS-004319,0.78,0.72,0.74,0.68,0.75,0.7,"{""record_status"":""RETIRED"",""children"":[""IN-DL-110054-6-94""]}","{""record_status"":""RETIRED"",""children"":[""IN-DL-110054-6-94""],""state"":""AUTHORITATIVE""}",True,CNF-00673;CNF-00674,2026-09-15 10:30:00,TC16_OUTDATED_SOURCE_CONTAINS_RETIRED_PARCEL;TC24_HISTORICAL_ID_STILL_REFERENCED
IN-DL-110054-6-105,HISTORICAL_RETIRED,RETIRED_REDEVELOPMENT,,IN-DL-110054-6-94,NEEDS_ADDITIONAL_EVIDENCE,HIGH,Historical identity retained for lineage; stale references may remain.,2,OBS-004320;OBS-004321,0.78,0.72,0.74,0.68,0.75,0.7,"{""record_status"":""RETIRED"",""children"":[""IN-DL-110054-6-94""]}","{""record_status"":""RETIRED"",""children"":[""IN-DL-110054-6-94""],""state"":""AUTHORITATIVE""}",True,CNF-00675,2026-09-15 10:30:00,TC16_OUTDATED_SOURCE_CONTAINS_RETIRED_PARCEL
IN-DL-110054-6-106,HISTORICAL_RETIRED,RETIRED_REDEVELOPMENT,,IN-DL-110054-6-94,NEEDS_ADDITIONAL_EVIDENCE,HIGH,Historical identity retained for lineage; stale references may remain.,2,OBS-004322;OBS-004323,0.78,0.72,0.74,0.68,0.75,0.7,"{""record_status"":""RETIRED"",""children"":[""IN-DL-110054-6-94""]}","{""record_status"":""RETIRED"",""children"":[""IN-DL-110054-6-94""],""state"":""AUTHORITATIVE""}",True,CNF-00676,2026-09-15 10:30:00,TC16_OUTDATED_SOURCE_CONTAINS_RETIRED_PARCEL
IN-DL-110054-7-101,HISTORICAL_RETIRED,RETIRED_SPLIT,,IN-DL-110054-7-91;IN-DL-110054-7-92,NEEDS_ADDITIONAL_EVIDENCE,HIGH,Historical identity retained for lineage; stale references may remain.,1,OBS-004324,0.78,0.72,0.74,0.68,0.75,0.7,"{""record_status"":""RETIRED"",""children"":[""IN-DL-110054-7-91"",""IN-DL-110054-7-92""]}","{""record_status"":""RETIRED"",""children"":[""IN-DL-110054-7-91"",""IN-DL-110054-7-92""],""state"":""AUTHORITATIVE""}",True,CNF-00677,2026-09-15 10:30:00,TC24_HISTORICAL_ID_STILL_REFERENCED
IN-DL-110054-7-102,HISTORICAL_RETIRED,RETIRED_MERGED,,IN-DL-110054-7-93,NEEDS_ADDITIONAL_EVIDENCE,HIGH,Historical identity retained for lineage; stale references may remain.,1,OBS-004325,0.78,0.72,0.74,0.68,0.75,0.7,"{""record_status"":""RETIRED"",""children"":[""IN-DL-110054-7-93""]}","{""record_status"":""RETIRED"",""children"":[""IN-DL-110054-7-93""],""state"":""AUTHORITATIVE""}",True,CNF-00678,2026-09-15 10:30:00,TC24_HISTORICAL_ID_STILL_REFERENCED
IN-DL-110054-7-103,HISTORICAL_RETIRED,RETIRED_MERGED,,IN-DL-110054-7-93,RECONCILED,MEDIUM,Historical lineage preserved.,1,OBS-004326,0.78,0.72,0.74,0.68,0.95,0.79,"{""record_status"":""RETIRED"",""children"":[""IN-DL-110054-7-93""]}","{""record_status"":""RETIRED"",""children"":[""IN-DL-110054-7-93""],""state"":""AUTHORITATIVE""}",False,,2026-09-15 10:30:00,
IN-DL-110054-7-104,HISTORICAL_RETIRED,RETIRED_REDEVELOPMENT,,IN-DL-110054-7-94,NEEDS_ADDITIONAL_EVIDENCE,HIGH,Historical identity retained for lineage; stale references may remain.,1,OBS-004327,0.78,0.72,0.74,0.68,0.75,0.7,"{""record_status"":""RETIRED"",""children"":[""IN-DL-110054-7-94""]}","{""record_status"":""RETIRED"",""children"":[""IN-DL-110054-7-94""],""state"":""AUTHORITATIVE""}",True,CNF-00679,2026-09-15 10:30:00,TC24_HISTORICAL_ID_STILL_REFERENCED
IN-DL-110054-7-105,HISTORICAL_RETIRED,RETIRED_REDEVELOPMENT,,IN-DL-110054-7-94,NEEDS_ADDITIONAL_EVIDENCE,HIGH,Historical identity retained for lineage; stale references may remain.,1,OBS-004328,0.78,0.72,0.74,0.68,0.75,0.7,"{""record_status"":""RETIRED"",""children"":[""IN-DL-110054-7-94""]}","{""record_status"":""RETIRED"",""children"":[""IN-DL-110054-7-94""],""state"":""AUTHORITATIVE""}",True,CNF-00680,2026-09-15 10:30:00,TC24_HISTORICAL_ID_STILL_REFERENCED
IN-DL-110054-7-106,HISTORICAL_RETIRED,RETIRED_SPLIT,,IN-DL-110054-7-100;IN-DL-110054-8-1,NEEDS_ADDITIONAL_EVIDENCE,HIGH,Historical identity retained for lineage; stale references may remain.,2,OBS-004329;OBS-004330,0.78,0.72,0.74,0.68,0.75,0.7,"{""record_status"":""RETIRED"",""children"":[""IN-DL-110054-7-100"",""IN-DL-110054-8-1""]}","{""record_status"":""RETIRED"",""children"":[""IN-DL-110054-7-100"",""IN-DL-110054-8-1""],""state"":""AUTHORITATIVE""}",True,CNF-00681,2026-09-15 10:30:00,TC16_OUTDATED_SOURCE_CONTAINS_RETIRED_PARCEL
IN-DL-110054-8-101,HISTORICAL_RETIRED,RETIRED_SPLIT,,IN-DL-110054-8-91;IN-DL-110054-8-92,NEEDS_ADDITIONAL_EVIDENCE,HIGH,Historical identity retained for lineage; stale references may remain.,2,OBS-004331;OBS-004332,0.78,0.72,0.74,0.68,0.75,0.7,"{""record_status"":""RETIRED"",""children"":[""IN-DL-110054-8-91"",""IN-DL-110054-8-92""]}","{""record_status"":""RETIRED"",""children"":[""IN-DL-110054-8-91"",""IN-DL-110054-8-92""],""state"":""AUTHORITATIVE""}",True,CNF-00682,2026-09-15 10:30:00,TC16_OUTDATED_SOURCE_CONTAINS_RETIRED_PARCEL
IN-DL-110054-8-102,HISTORICAL_RETIRED,RETIRED_MERGED,,IN-DL-110054-8-93,NEEDS_ADDITIONAL_EVIDENCE,HIGH,Historical identity retained for lineage; stale references may remain.,2,OBS-004333;OBS-004334,0.78,0.72,0.74,0.68,0.75,0.7,"{""record_status"":""RETIRED"",""children"":[""IN-DL-110054-8-93""]}","{""record_status"":""RETIRED"",""children"":[""IN-DL-110054-8-93""],""state"":""AUTHORITATIVE""}",True,CNF-00683,2026-09-15 10:30:00,TC16_OUTDATED_SOURCE_CONTAINS_RETIRED_PARCEL
IN-DL-110054-8-103,HISTORICAL_RETIRED,RETIRED_MERGED,,IN-DL-110054-8-93,NEEDS_ADDITIONAL_EVIDENCE,HIGH,Historical identity retained for lineage; stale references may remain.,2,OBS-004335;OBS-004336,0.78,0.72,0.74,0.68,0.75,0.7,"{""record_status"":""RETIRED"",""children"":[""IN-DL-110054-8-93""]}","{""record_status"":""RETIRED"",""children"":[""IN-DL-110054-8-93""],""state"":""AUTHORITATIVE""}",True,CNF-00684;CNF-00685,2026-09-15 10:30:00,TC16_OUTDATED_SOURCE_CONTAINS_RETIRED_PARCEL;TC24_HISTORICAL_ID_STILL_REFERENCED
IN-DL-110054-8-104,HISTORICAL_RETIRED,RETIRED_REDEVELOPMENT,,IN-DL-110054-8-94,RECONCILED,MEDIUM,Historical lineage preserved.,1,OBS-004337,0.78,0.72,0.74,0.68,0.95,0.79,"{""record_status"":""RETIRED"",""children"":[""IN-DL-110054-8-94""]}","{""record_status"":""RETIRED"",""children"":[""IN-DL-110054-8-94""],""state"":""AUTHORITATIVE""}",False,,2026-09-15 10:30:00,
IN-DL-110054-8-105,HISTORICAL_RETIRED,RETIRED_REDEVELOPMENT,,IN-DL-110054-8-94,NEEDS_ADDITIONAL_EVIDENCE,HIGH,Historical identity retained for lineage; stale references may remain.,2,OBS-004338;OBS-004339,0.78,0.72,0.74,0.68,0.75,0.7,"{""record_status"":""RETIRED"",""children"":[""IN-DL-110054-8-94""]}","{""record_status"":""RETIRED"",""children"":[""IN-DL-110054-8-94""],""state"":""AUTHORITATIVE""}",True,CNF-00686,2026-09-15 10:30:00,TC16_OUTDATED_SOURCE_CONTAINS_RETIRED_PARCEL
IN-DL-110054-8-106,HISTORICAL_RETIRED,RETIRED_MERGED,,IN-DL-110054-9-100,RECONCILED,MEDIUM,Historical lineage preserved.,1,OBS-004340,0.78,0.72,0.74,0.68,0.95,0.79,"{""record_status"":""RETIRED"",""children"":[""IN-DL-110054-9-100""]}","{""record_status"":""RETIRED"",""children"":[""IN-DL-110054-9-100""],""state"":""AUTHORITATIVE""}",False,,2026-09-15 10:30:00,
IN-DL-110054-9-101,HISTORICAL_RETIRED,RETIRED_SPLIT,,IN-DL-110054-9-91;IN-DL-110054-9-92,RECONCILED,MEDIUM,Historical lineage preserved.,1,OBS-004341,0.78,0.72,0.74,0.68,0.95,0.79,"{""record_status"":""RETIRED"",""children"":[""IN-DL-110054-9-91"",""IN-DL-110054-9-92""]}","{""record_status"":""RETIRED"",""children"":[""IN-DL-110054-9-91"",""IN-DL-110054-9-92""],""state"":""AUTHORITATIVE""}",False,,2026-09-15 10:30:00,
IN-DL-110054-9-102,HISTORICAL_RETIRED,RETIRED_MERGED,,IN-DL-110054-9-93,RECONCILED,MEDIUM,Historical lineage preserved.,1,OBS-004342,0.78,0.72,0.74,0.68,0.95,0.79,"{""record_status"":""RETIRED"",""children"":[""IN-DL-110054-9-93""]}","{""record_status"":""RETIRED"",""children"":[""IN-DL-110054-9-93""],""state"":""AUTHORITATIVE""}",False,,2026-09-15 10:30:00,
IN-DL-110054-9-103,HISTORICAL_RETIRED,RETIRED_MERGED,,IN-DL-110054-9-93,RECONCILED,MEDIUM,Historical lineage preserved.,1,OBS-004343,0.78,0.72,0.74,0.68,0.95,0.79,"{""record_status"":""RETIRED"",""children"":[""IN-DL-110054-9-93""]}","{""record_status"":""RETIRED"",""children"":[""IN-DL-110054-9-93""],""state"":""AUTHORITATIVE""}",False,,2026-09-15 10:30:00,
IN-DL-110054-9-104,HISTORICAL_RETIRED,RETIRED_REDEVELOPMENT,,IN-DL-110054-9-94,NEEDS_ADDITIONAL_EVIDENCE,HIGH,Historical identity retained for lineage; stale references may remain.,2,OBS-004344;OBS-004345,0.78,0.72,0.74,0.68,0.75,0.7,"{""record_status"":""RETIRED"",""children"":[""IN-DL-110054-9-94""]}","{""record_status"":""RETIRED"",""children"":[""IN-DL-110054-9-94""],""state"":""AUTHORITATIVE""}",True,CNF-00687;CNF-00688,2026-09-15 10:30:00,TC16_OUTDATED_SOURCE_CONTAINS_RETIRED_PARCEL;TC24_HISTORICAL_ID_STILL_REFERENCED
IN-DL-110054-9-105,HISTORICAL_RETIRED,RETIRED_REDEVELOPMENT,,IN-DL-110054-9-94,NEEDS_ADDITIONAL_EVIDENCE,HIGH,Historical identity retained for lineage; stale references may remain.,1,OBS-004346,0.78,0.72,0.74,0.68,0.75,0.7,"{""record_status"":""RETIRED"",""children"":[""IN-DL-110054-9-94""]}","{""record_status"":""RETIRED"",""children"":[""IN-DL-110054-9-94""],""state"":""AUTHORITATIVE""}",True,CNF-00689,2026-09-15 10:30:00,TC24_HISTORICAL_ID_STILL_REFERENCED
IN-DL-110054-9-106,HISTORICAL_RETIRED,RETIRED_MERGED,,IN-DL-110054-9-100,RECONCILED,MEDIUM,Historical lineage preserved.,1,OBS-004347,0.78,0.72,0.74,0.68,0.95,0.79,"{""record_status"":""RETIRED"",""children"":[""IN-DL-110054-9-100""]}","{""record_status"":""RETIRED"",""children"":[""IN-DL-110054-9-100""],""state"":""AUTHORITATIVE""}",False,,2026-09-15 10:30:00,
IN-DL-110054-10-101,HISTORICAL_RETIRED,RETIRED_SPLIT,,IN-DL-110054-10-91;IN-DL-110054-10-92,NEEDS_ADDITIONAL_EVIDENCE,HIGH,Historical identity retained for lineage; stale references may remain.,1,OBS-004348,0.78,0.72,0.74,0.68,0.75,0.7,"{""record_status"":""RETIRED"",""children"":[""IN-DL-110054-10-91"",""IN-DL-110054-10-92""]}","{""record_status"":""RETIRED"",""children"":[""IN-DL-110054-10-91"",""IN-DL-110054-10-92""],""state"":""AUTHORITATIVE""}",True,CNF-00690,2026-09-15 10:30:00,TC24_HISTORICAL_ID_STILL_REFERENCED
IN-DL-110054-10-102,HISTORICAL_RETIRED,RETIRED_MERGED,,IN-DL-110054-10-93,NEEDS_ADDITIONAL_EVIDENCE,HIGH,Historical identity retained for lineage; stale references may remain.,2,OBS-004349;OBS-004350,0.78,0.72,0.74,0.68,0.75,0.7,"{""record_status"":""RETIRED"",""children"":[""IN-DL-110054-10-93""]}","{""record_status"":""RETIRED"",""children"":[""IN-DL-110054-10-93""],""state"":""AUTHORITATIVE""}",True,CNF-00691,2026-09-15 10:30:00,TC16_OUTDATED_SOURCE_CONTAINS_RETIRED_PARCEL
IN-DL-110054-10-103,HISTORICAL_RETIRED,RETIRED_MERGED,,IN-DL-110054-10-93,RECONCILED,MEDIUM,Historical lineage preserved.,1,OBS-004351,0.78,0.72,0.74,0.68,0.95,0.79,"{""record_status"":""RETIRED"",""children"":[""IN-DL-110054-10-93""]}","{""record_status"":""RETIRED"",""children"":[""IN-DL-110054-10-93""],""state"":""AUTHORITATIVE""}",False,,2026-09-15 10:30:00,
IN-DL-110054-10-104,HISTORICAL_RETIRED,RETIRED_REDEVELOPMENT,,IN-DL-110054-10-94,RECONCILED,MEDIUM,Historical lineage preserved.,1,OBS-004352,0.78,0.72,0.74,0.68,0.95,0.79,"{""record_status"":""RETIRED"",""children"":[""IN-DL-110054-10-94""]}","{""record_status"":""RETIRED"",""children"":[""IN-DL-110054-10-94""],""state"":""AUTHORITATIVE""}",False,,2026-09-15 10:30:00,
IN-DL-110054-10-105,HISTORICAL_RETIRED,RETIRED_REDEVELOPMENT,,IN-DL-110054-10-94,RECONCILED,MEDIUM,Historical lineage preserved.,1,OBS-004353,0.78,0.72,0.74,0.68,0.95,0.79,"{""record_status"":""RETIRED"",""children"":[""IN-DL-110054-10-94""]}","{""record_status"":""RETIRED"",""children"":[""IN-DL-110054-10-94""],""state"":""AUTHORITATIVE""}",False,,2026-09-15 10:30:00,
IN-DL-110054-10-106,HISTORICAL_RETIRED,RETIRED_REDEVELOPMENT,,IN-DL-110054-10-94,RECONCILED,MEDIUM,Historical lineage preserved.,1,OBS-004354,0.78,0.72,0.74,0.68,0.95,0.79,"{""record_status"":""RETIRED"",""children"":[""IN-DL-110054-10-94""]}","{""record_status"":""RETIRED"",""children"":[""IN-DL-110054-10-94""],""state"":""AUTHORITATIVE""}",False,,2026-09-15 10:30:00,
