geometry_id,canonical_parcel_id,version_label,effective_date,geometry_status,source_type,area_sqm,change_reason,accepted_status,supersedes_geometry_id,geometry_wkt,crs
GEO-01-001-G1,IN-DL-110054-1-1,G1,2000-01-01,AUTHORITATIVE,CANONICAL_BASELINE,842.41,Initial canonical geometry,ACCEPTED,,"POLYGON((77.2235000 28.6840000,77.2238174 28.6840000,77.2238174 28.6837541,77.2235000 28.6837541,77.2235000 28.6840000))",EPSG:4326
GEO-01-002-G1,IN-DL-110054-1-2,G1,2000-01-01,AUTHORITATIVE,CANONICAL_BASELINE,746.83,Initial canonical geometry,ACCEPTED,,"POLYGON((77.2238174 28.6840000,77.2240988 28.6840000,77.2240988 28.6837541,77.2238174 28.6837541,77.2238174 28.6840000))",EPSG:4326
GEO-01-003-G1,IN-DL-110054-1-3,G1,2000-01-01,AUTHORITATIVE,CANONICAL_BASELINE,695.46,Initial canonical geometry,ACCEPTED,,"POLYGON((77.2240988 28.6840000,77.2243608 28.6840000,77.2243608 28.6837541,77.2240988 28.6837541,77.2240988 28.6840000))",EPSG:4326
GEO-01-004-G1,IN-DL-110054-1-4,G1,2000-01-01,AUTHORITATIVE,CANONICAL_BASELINE,804.28,Initial canonical geometry,ACCEPTED,,"POLYGON((77.2243608 28.6840000,77.2246639 28.6840000,77.2246639 28.6837541,77.2243608 28.6837541,77.2243608 28.6840000))",EPSG:4326
GEO-01-005-G1,IN-DL-110054-1-5,G1,2000-01-01,AUTHORITATIVE,CANONICAL_BASELINE,827.61,Initial canonical geometry,ACCEPTED,,"POLYGON((77.2246639 28.6840000,77.2249757 28.6840000,77.2249757 28.6837541,77.2246639 28.6837541,77.2246639 28.6840000))",EPSG:4326
GEO-01-006-G1,IN-DL-110054-1-6,G1,2000-01-01,AUTHORITATIVE,CANONICAL_BASELINE,1004.72,Initial canonical geometry,ACCEPTED,,"POLYGON((77.2249757 28.6840000,77.2253543 28.6840000,77.2253543 28.6837541,77.2249757 28.6837541,77.2249757 28.6840000))",EPSG:4326
GEO-01-007-G1,IN-DL-110054-1-7,G1,2000-01-01,AUTHORITATIVE,CANONICAL_BASELINE,719.04,Initial canonical geometry,ACCEPTED,,"POLYGON((77.2253543 28.6840000,77.2256252 28.6840000,77.2256252 28.6837541,77.2253543 28.6837541,77.2253543 28.6840000))",EPSG:4326
GEO-01-008-G1,IN-DL-110054-1-8,G1,2000-01-01,AUTHORITATIVE,CANONICAL_BASELINE,832.26,Initial canonical geometry,ACCEPTED,,"POLYGON((77.2256252 28.6840000,77.2259388 28.6840000,77.2259388 28.6837541,77.2256252 28.6837541,77.2256252 28.6840000))",EPSG:4326
GEO-01-009-G1,IN-DL-110054-1-9,G1,2000-01-01,AUTHORITATIVE,CANONICAL_BASELINE,796.82,Initial canonical geometry,ACCEPTED,,"POLYGON((77.2259388 28.6840000,77.2262390 28.6840000,77.2262390 28.6837541,77.2259388 28.6837541,77.2259388 28.6840000))",EPSG:4326
GEO-01-010-G1,IN-DL-110054-1-10,G1,2000-01-01,AUTHORITATIVE,CANONICAL_BASELINE,692.73,Initial canonical geometry,ACCEPTED,,"POLYGON((77.2262390 28.6840000,77.2265000 28.6840000,77.2265000 28.6837541,77.2262390 28.6837541,77.2262390 28.6840000))",EPSG:4326
GEO-01-011-G1,IN-DL-110054-1-11,G1,2000-01-01,AUTHORITATIVE,CANONICAL_BASELINE,750.16,Initial canonical geometry,ACCEPTED,,"POLYGON((77.2235000 28.6837541,77.2238174 28.6837541,77.2238174 28.6835352,77.2235000 28.6835352,77.2235000 28.6837541))",EPSG:4326
GEO-01-012-G1,IN-DL-110054-1-12,G1,2000-01-01,AUTHORITATIVE,CANONICAL_BASELINE,665.04,Initial canonical geometry,ACCEPTED,,"POLYGON((77.2238174 28.6837541,77.2240988 28.6837541,77.2240988 28.6835352,77.2238174 28.6835352,77.2238174 28.6837541))",EPSG:4326
GEO-01-013-G1,IN-DL-110054-1-13,G1,2000-01-01,AUTHORITATIVE,CANONICAL_BASELINE,619.3,Initial canonical geometry,ACCEPTED,,"POLYGON((77.2240988 28.6837541,77.2243608 28.6837541,77.2243608 28.6835352,77.2240988 28.6835352,77.2240988 28.6837541))",EPSG:4326
GEO-01-014-G1,IN-DL-110054-1-14,G1,2000-01-01,AUTHORITATIVE,CANONICAL_BASELINE,716.2,Initial canonical geometry,ACCEPTED,,"POLYGON((77.2243608 28.6837541,77.2246639 28.6837541,77.2246639 28.6835352,77.2243608 28.6835352,77.2243608 28.6837541))",EPSG:4326
GEO-01-015-G1,IN-DL-110054-1-15,G1,2000-01-01,AUTHORITATIVE,CANONICAL_BASELINE,736.98,Initial canonical geometry,ACCEPTED,,"POLYGON((77.2246639 28.6837541,77.2249757 28.6837541,77.2249757 28.6835352,77.2246639 28.6835352,77.2246639 28.6837541))",EPSG:4326
GEO-01-016-G1,IN-DL-110054-1-16,G1,2000-01-01,AUTHORITATIVE,CANONICAL_BASELINE,894.69,Initial canonical geometry,ACCEPTED,,"POLYGON((77.2249757 28.6837541,77.2253543 28.6837541,77.2253543 28.6835352,77.2249757 28.6835352,77.2249757 28.6837541))",EPSG:4326
GEO-01-017-G1,IN-DL-110054-1-17,G1,2000-01-01,AUTHORITATIVE,CANONICAL_BASELINE,640.3,Initial canonical geometry,ACCEPTED,,"POLYGON((77.2253543 28.6837541,77.2256252 28.6837541,77.2256252 28.6835352,77.2253543 28.6835352,77.2253543 28.6837541))",EPSG:4326
GEO-01-018-G1,IN-DL-110054-1-18,G1,2000-01-01,AUTHORITATIVE,CANONICAL_BASELINE,741.12,Initial canonical geometry,ACCEPTED,,"POLYGON((77.2256252 28.6837541,77.2259388 28.6837541,77.2259388 28.6835352,77.2256252 28.6835352,77.2256252 28.6837541))",EPSG:4326
GEO-01-019-G1,IN-DL-110054-1-19,G1,2000-01-01,AUTHORITATIVE,CANONICAL_BASELINE,709.56,Initial canonical geometry,ACCEPTED,,"POLYGON((77.2259388 28.6837541,77.2262390 28.6837541,77.2262390 28.6835352,77.2259388 28.6835352,77.2259388 28.6837541))",EPSG:4326
GEO-01-020-G1,IN-DL-110054-1-20,G1,2000-01-01,AUTHORITATIVE,CANONICAL_BASELINE,616.87,Initial canonical geometry,ACCEPTED,,"POLYGON((77.2262390 28.6837541,77.2265000 28.6837541,77.2265000 28.6835352,77.2262390 28.6835352,77.2262390 28.6837541))",EPSG:4326
GEO-01-021-G1,IN-DL-110054-1-21,G1,2000-01-01,AUTHORITATIVE,CANONICAL_BASELINE,760.91,Initial canonical geometry,ACCEPTED,,"POLYGON((77.2235000 28.6835352,77.2238174 28.6835352,77.2238174 28.6833131,77.2235000 28.6833131,77.2235000 28.6835352))",EPSG:4326
GEO-01-022-G1,IN-DL-110054-1-22,G1,2000-01-01,AUTHORITATIVE,CANONICAL_BASELINE,674.57,Initial canonical geometry,ACCEPTED,,"POLYGON((77.2238174 28.6835352,77.2240988 28.6835352,77.2240988 28.6833131,77.2238174 28.6833131,77.2238174 28.6835352))",EPSG:4326
GEO-01-023-G1,IN-DL-110054-1-23,G1,2000-01-01,AUTHORITATIVE,CANONICAL_BASELINE,628.17,Initial canonical geometry,ACCEPTED,,"POLYGON((77.2240988 28.6835352,77.2243608 28.6835352,77.2243608 28.6833131,77.2240988 28.6833131,77.2240988 28.6835352))",EPSG:4326
GEO-01-023-G2,IN-DL-110054-1-23,G2,2026-05-15,PROPOSED,GNSS_RESURVEY,628.1,GNSS/CORS resurvey,PENDING_HUMAN_APPROVAL,GEO-01-023-G1,"POLYGON((77.2241030 28.6835299,77.2243676 28.6835311,77.2243689 28.6833113,77.2241043 28.6833100,77.2241030 28.6835299))",EPSG:4326
GEO-01-024-G1,IN-DL-110054-1-24,G1,2000-01-01,AUTHORITATIVE,CANONICAL_BASELINE,726.46,Initial canonical geometry,ACCEPTED,,"POLYGON((77.2243608 28.6835352,77.2246639 28.6835352,77.2246639 28.6833131,77.2243608 28.6833131,77.2243608 28.6835352))",EPSG:4326
GEO-01-025-G1,IN-DL-110054-1-25,G1,2000-01-01,AUTHORITATIVE,CANONICAL_BASELINE,747.53,Initial canonical geometry,ACCEPTED,,"POLYGON((77.2246639 28.6835352,77.2249757 28.6835352,77.2249757 28.6833131,77.2246639 28.6833131,77.2246639 28.6835352))",EPSG:4326
GEO-01-026-G1,IN-DL-110054-1-26,G1,2000-01-01,SUPERSEDED,CANONICAL_BASELINE,907.51,Initial canonical geometry,SUPERSEDED,,"POLYGON((77.2249757 28.6835352,77.2253543 28.6835352,77.2253543 28.6833131,77.2249757 28.6833131,77.2249757 28.6835352))",EPSG:4326
GEO-01-026-G2,IN-DL-110054-1-26,G2,2026-05-15,AUTHORITATIVE,GNSS_RESURVEY,906.05,Local distortion corrected by resurvey,ACCEPTED,GEO-01-026-G1,"POLYGON((77.2249466 28.6835352,77.2253402 28.6835443,77.2253465 28.6833312,77.2249529 28.6833221,77.2249466 28.6835352))",EPSG:4326
GEO-01-027-G1,IN-DL-110054-1-27,G1,2000-01-01,AUTHORITATIVE,CANONICAL_BASELINE,649.47,Initial canonical geometry,ACCEPTED,,"POLYGON((77.2253543 28.6835352,77.2256252 28.6835352,77.2256252 28.6833131,77.2253543 28.6833131,77.2253543 28.6835352))",EPSG:4326
GEO-01-028-G1,IN-DL-110054-1-28,G1,2000-01-01,AUTHORITATIVE,CANONICAL_BASELINE,751.73,Initial canonical geometry,ACCEPTED,,"POLYGON((77.2256252 28.6835352,77.2259388 28.6835352,77.2259388 28.6833131,77.2256252 28.6833131,77.2256252 28.6835352))",EPSG:4326
GEO-01-029-G1,IN-DL-110054-1-29,G1,2000-01-01,AUTHORITATIVE,CANONICAL_BASELINE,719.72,Initial canonical geometry,ACCEPTED,,"POLYGON((77.2259388 28.6835352,77.2262390 28.6835352,77.2262390 28.6833131,77.2259388 28.6833131,77.2259388 28.6835352))",EPSG:4326
GEO-01-030-G1,IN-DL-110054-1-30,G1,2000-01-01,AUTHORITATIVE,CANONICAL_BASELINE,625.7,Initial canonical geometry,ACCEPTED,,"POLYGON((77.2262390 28.6835352,77.2265000 28.6835352,77.2265000 28.6833131,77.2262390 28.6833131,77.2262390 28.6835352))",EPSG:4326
GEO-01-031-G1,IN-DL-110054-1-31,G1,2000-01-01,AUTHORITATIVE,CANONICAL_BASELINE,858.91,Initial canonical geometry,ACCEPTED,,"POLYGON((77.2235000 28.6833131,77.2238174 28.6833131,77.2238174 28.6830625,77.2235000 28.6830625,77.2235000 28.6833131))",EPSG:4326
GEO-01-032-G1,IN-DL-110054-1-32,G1,2000-01-01,AUTHORITATIVE,CANONICAL_BASELINE,761.45,Initial canonical geometry,ACCEPTED,,"POLYGON((77.2238174 28.6833131,77.2240988 28.6833131,77.2240988 28.6830625,77.2238174 28.6830625,77.2238174 28.6833131))",EPSG:4326
GEO-01-033-G1,IN-DL-110054-1-33,G1,2000-01-01,AUTHORITATIVE,CANONICAL_BASELINE,709.07,Initial canonical geometry,ACCEPTED,,"POLYGON((77.2240988 28.6833131,77.2243608 28.6833131,77.2243608 28.6830625,77.2240988 28.6830625,77.2240988 28.6833131))",EPSG:4326
GEO-01-034-G1,IN-DL-110054-1-34,G1,2000-01-01,AUTHORITATIVE,CANONICAL_BASELINE,820.03,Initial canonical geometry,ACCEPTED,,"POLYGON((77.2243608 28.6833131,77.2246639 28.6833131,77.2246639 28.6830625,77.2243608 28.6830625,77.2243608 28.6833131))",EPSG:4326
GEO-01-035-G1,IN-DL-110054-1-35,G1,2000-01-01,AUTHORITATIVE,CANONICAL_BASELINE,843.81,Initial canonical geometry,ACCEPTED,,"POLYGON((77.2246639 28.6833131,77.2249757 28.6833131,77.2249757 28.6830625,77.2246639 28.6830625,77.2246639 28.6833131))",EPSG:4326
GEO-01-036-G1,IN-DL-110054-1-36,G1,2000-01-01,AUTHORITATIVE,CANONICAL_BASELINE,1024.39,Initial canonical geometry,ACCEPTED,,"POLYGON((77.2249757 28.6833131,77.2253543 28.6833131,77.2253543 28.6830625,77.2249757 28.6830625,77.2249757 28.6833131))",EPSG:4326
GEO-01-037-G1,IN-DL-110054-1-37,G1,2000-01-01,AUTHORITATIVE,CANONICAL_BASELINE,733.11,Initial canonical geometry,ACCEPTED,,"POLYGON((77.2253543 28.6833131,77.2256252 28.6833131,77.2256252 28.6830625,77.2253543 28.6830625,77.2253543 28.6833131))",EPSG:4326
GEO-01-038-G1,IN-DL-110054-1-38,G1,2000-01-01,AUTHORITATIVE,CANONICAL_BASELINE,848.55,Initial canonical geometry,ACCEPTED,,"POLYGON((77.2256252 28.6833131,77.2259388 28.6833131,77.2259388 28.6830625,77.2256252 28.6830625,77.2256252 28.6833131))",EPSG:4326
GEO-01-039-G1,IN-DL-110054-1-39,G1,2000-01-01,AUTHORITATIVE,CANONICAL_BASELINE,812.42,Initial canonical geometry,ACCEPTED,,"POLYGON((77.2259388 28.6833131,77.2262390 28.6833131,77.2262390 28.6830625,77.2259388 28.6830625,77.2259388 28.6833131))",EPSG:4326
GEO-01-040-G1,IN-DL-110054-1-40,G1,2000-01-01,AUTHORITATIVE,CANONICAL_BASELINE,706.29,Initial canonical geometry,ACCEPTED,,"POLYGON((77.2262390 28.6833131,77.2265000 28.6833131,77.2265000 28.6830625,77.2262390 28.6830625,77.2262390 28.6833131))",EPSG:4326
GEO-01-041-G1,IN-DL-110054-1-41,G1,2000-01-01,AUTHORITATIVE,CANONICAL_BASELINE,900.59,Initial canonical geometry,ACCEPTED,,"POLYGON((77.2235000 28.6830625,77.2238174 28.6830625,77.2238174 28.6827996,77.2235000 28.6827996,77.2235000 28.6830625))",EPSG:4326
GEO-01-042-G1,IN-DL-110054-1-42,G1,2000-01-01,AUTHORITATIVE,CANONICAL_BASELINE,798.4,Initial canonical geometry,ACCEPTED,,"POLYGON((77.2238174 28.6830625,77.2240988 28.6830625,77.2240988 28.6827996,77.2238174 28.6827996,77.2238174 28.6830625))",EPSG:4326
GEO-01-043-G1,IN-DL-110054-1-43,G1,2000-01-01,AUTHORITATIVE,CANONICAL_BASELINE,743.49,Initial canonical geometry,ACCEPTED,,"POLYGON((77.2240988 28.6830625,77.2243608 28.6830625,77.2243608 28.6827996,77.2240988 28.6827996,77.2240988 28.6830625))",EPSG:4326
GEO-01-044-G1,IN-DL-110054-1-44,G1,2000-01-01,AUTHORITATIVE,CANONICAL_BASELINE,859.83,Initial canonical geometry,ACCEPTED,,"POLYGON((77.2243608 28.6830625,77.2246639 28.6830625,77.2246639 28.6827996,77.2243608 28.6827996,77.2243608 28.6830625))",EPSG:4326
GEO-01-045-G1,IN-DL-110054-1-45,G1,2000-01-01,AUTHORITATIVE,CANONICAL_BASELINE,884.76,Initial canonical geometry,ACCEPTED,,"POLYGON((77.2246639 28.6830625,77.2249757 28.6830625,77.2249757 28.6827996,77.2246639 28.6827996,77.2246639 28.6830625))",EPSG:4326
GEO-01-046-G1,IN-DL-110054-1-46,G1,2000-01-01,AUTHORITATIVE,CANONICAL_BASELINE,1074.1,Initial canonical geometry,ACCEPTED,,"POLYGON((77.2249757 28.6830625,77.2253543 28.6830625,77.2253543 28.6827996,77.2249757 28.6827996,77.2249757 28.6830625))",EPSG:4326
GEO-01-047-G1,IN-DL-110054-1-47,G1,2000-01-01,AUTHORITATIVE,CANONICAL_BASELINE,768.69,Initial canonical geometry,ACCEPTED,,"POLYGON((77.2253543 28.6830625,77.2256252 28.6830625,77.2256252 28.6827996,77.2253543 28.6827996,77.2253543 28.6830625))",EPSG:4326
GEO-01-048-G1,IN-DL-110054-1-48,G1,2000-01-01,AUTHORITATIVE,CANONICAL_BASELINE,889.74,Initial canonical geometry,ACCEPTED,,"POLYGON((77.2256252 28.6830625,77.2259388 28.6830625,77.2259388 28.6827996,77.2256252 28.6827996,77.2256252 28.6830625))",EPSG:4326
GEO-01-049-G1,IN-DL-110054-1-49,G1,2000-01-01,AUTHORITATIVE,CANONICAL_BASELINE,851.85,Initial canonical geometry,ACCEPTED,,"POLYGON((77.2259388 28.6830625,77.2262390 28.6830625,77.2262390 28.6827996,77.2259388 28.6827996,77.2259388 28.6830625))",EPSG:4326
GEO-01-050-G1,IN-DL-110054-1-50,G1,2000-01-01,AUTHORITATIVE,CANONICAL_BASELINE,740.57,Initial canonical geometry,ACCEPTED,,"POLYGON((77.2262390 28.6830625,77.2265000 28.6830625,77.2265000 28.6827996,77.2262390 28.6827996,77.2262390 28.6830625))",EPSG:4326
GEO-01-051-G1,IN-DL-110054-1-51,G1,2000-01-01,AUTHORITATIVE,CANONICAL_BASELINE,1167.54,Initial canonical geometry,ACCEPTED,,"POLYGON((77.2235000 28.6827996,77.2238174 28.6827996,77.2238174 28.6824589,77.2235000 28.6824589,77.2235000 28.6827996))",EPSG:4326
GEO-01-052-G1,IN-DL-110054-1-52,G1,2000-01-01,AUTHORITATIVE,CANONICAL_BASELINE,1035.06,Initial canonical geometry,ACCEPTED,,"POLYGON((77.2238174 28.6827996,77.2240988 28.6827996,77.2240988 28.6824589,77.2238174 28.6824589,77.2238174 28.6827996))",EPSG:4326
GEO-01-053-G1,IN-DL-110054-1-53,G1,2000-01-01,AUTHORITATIVE,CANONICAL_BASELINE,963.87,Initial canonical geometry,ACCEPTED,,"POLYGON((77.2240988 28.6827996,77.2243608 28.6827996,77.2243608 28.6824589,77.2240988 28.6824589,77.2240988 28.6827996))",EPSG:4326
GEO-01-054-G1,IN-DL-110054-1-54,G1,2000-01-01,AUTHORITATIVE,CANONICAL_BASELINE,1114.69,Initial canonical geometry,ACCEPTED,,"POLYGON((77.2243608 28.6827996,77.2246639 28.6827996,77.2246639 28.6824589,77.2243608 28.6824589,77.2243608 28.6827996))",EPSG:4326
GEO-01-055-G1,IN-DL-110054-1-55,G1,2000-01-01,AUTHORITATIVE,CANONICAL_BASELINE,1147.02,Initial canonical geometry,ACCEPTED,,"POLYGON((77.2246639 28.6827996,77.2249757 28.6827996,77.2249757 28.6824589,77.2246639 28.6824589,77.2246639 28.6827996))",EPSG:4326
GEO-01-056-G1,IN-DL-110054-1-56,G1,2000-01-01,SUPERSEDED,CANONICAL_BASELINE,1392.49,Initial canonical geometry,SUPERSEDED,,"POLYGON((77.2249757 28.6827996,77.2253543 28.6827996,77.2253543 28.6824589,77.2249757 28.6824589,77.2249757 28.6827996))",EPSG:4326
GEO-01-056-G2,IN-DL-110054-1-56,G2,2026-05-15,AUTHORITATIVE,GNSS_RESURVEY,1390.26,Local distortion corrected by resurvey,ACCEPTED,GEO-01-056-G1,"POLYGON((77.2249449 28.6827973,77.2253385 28.6828064,77.2253482 28.6824794,77.2249546 28.6824703,77.2249449 28.6827973))",EPSG:4326
GEO-01-057-G1,IN-DL-110054-1-57,G1,2000-01-01,AUTHORITATIVE,CANONICAL_BASELINE,996.55,Initial canonical geometry,ACCEPTED,,"POLYGON((77.2253543 28.6827996,77.2256252 28.6827996,77.2256252 28.6824589,77.2253543 28.6824589,77.2253543 28.6827996))",EPSG:4326
GEO-01-058-G1,IN-DL-110054-1-58,G1,2000-01-01,AUTHORITATIVE,CANONICAL_BASELINE,1153.47,Initial canonical geometry,ACCEPTED,,"POLYGON((77.2256252 28.6827996,77.2259388 28.6827996,77.2259388 28.6824589,77.2256252 28.6824589,77.2256252 28.6827996))",EPSG:4326
GEO-01-059-G1,IN-DL-110054-1-59,G1,2000-01-01,AUTHORITATIVE,CANONICAL_BASELINE,1104.35,Initial canonical geometry,ACCEPTED,,"POLYGON((77.2259388 28.6827996,77.2262390 28.6827996,77.2262390 28.6824589,77.2259388 28.6824589,77.2259388 28.6827996))",EPSG:4326
GEO-01-060-G1,IN-DL-110054-1-60,G1,2000-01-01,AUTHORITATIVE,CANONICAL_BASELINE,960.09,Initial canonical geometry,ACCEPTED,,"POLYGON((77.2262390 28.6827996,77.2265000 28.6827996,77.2265000 28.6824589,77.2262390 28.6824589,77.2262390 28.6827996))",EPSG:4326
GEO-01-061-G1,IN-DL-110054-1-61,G1,2000-01-01,AUTHORITATIVE,CANONICAL_BASELINE,742.71,Initial canonical geometry,ACCEPTED,,"POLYGON((77.2235000 28.6824589,77.2238174 28.6824589,77.2238174 28.6822421,77.2235000 28.6822421,77.2235000 28.6824589))",EPSG:4326
GEO-01-062-G1,IN-DL-110054-1-62,G1,2000-01-01,AUTHORITATIVE,CANONICAL_BASELINE,658.44,Initial canonical geometry,ACCEPTED,,"POLYGON((77.2238174 28.6824589,77.2240988 28.6824589,77.2240988 28.6822421,77.2238174 28.6822421,77.2238174 28.6824589))",EPSG:4326
GEO-01-063-G1,IN-DL-110054-1-63,G1,2000-01-01,AUTHORITATIVE,CANONICAL_BASELINE,613.14,Initial canonical geometry,ACCEPTED,,"POLYGON((77.2240988 28.6824589,77.2243608 28.6824589,77.2243608 28.6822421,77.2240988 28.6822421,77.2240988 28.6824589))",EPSG:4326
GEO-01-064-G1,IN-DL-110054-1-64,G1,2000-01-01,AUTHORITATIVE,CANONICAL_BASELINE,709.09,Initial canonical geometry,ACCEPTED,,"POLYGON((77.2243608 28.6824589,77.2246639 28.6824589,77.2246639 28.6822421,77.2243608 28.6822421,77.2243608 28.6824589))",EPSG:4326
GEO-01-065-G1,IN-DL-110054-1-65,G1,2000-01-01,AUTHORITATIVE,CANONICAL_BASELINE,729.66,Initial canonical geometry,ACCEPTED,,"POLYGON((77.2246639 28.6824589,77.2249757 28.6824589,77.2249757 28.6822421,77.2246639 28.6822421,77.2246639 28.6824589))",EPSG:4326
GEO-01-066-G1,IN-DL-110054-1-66,G1,2000-01-01,AUTHORITATIVE,CANONICAL_BASELINE,885.8,Initial canonical geometry,ACCEPTED,,"POLYGON((77.2249757 28.6824589,77.2253543 28.6824589,77.2253543 28.6822421,77.2249757 28.6822421,77.2249757 28.6824589))",EPSG:4326
GEO-01-067-G1,IN-DL-110054-1-67,G1,2000-01-01,AUTHORITATIVE,CANONICAL_BASELINE,633.93,Initial canonical geometry,ACCEPTED,,"POLYGON((77.2253543 28.6824589,77.2256252 28.6824589,77.2256252 28.6822421,77.2253543 28.6822421,77.2253543 28.6824589))",EPSG:4326
GEO-01-068-G1,IN-DL-110054-1-68,G1,2000-01-01,SUPERSEDED,CANONICAL_BASELINE,733.76,Initial canonical geometry,SUPERSEDED,,"POLYGON((77.2256252 28.6824589,77.2259388 28.6824589,77.2259388 28.6822421,77.2256252 28.6822421,77.2256252 28.6824589))",EPSG:4326
GEO-01-068-G2,IN-DL-110054-1-68,G2,2026-05-15,AUTHORITATIVE,GNSS_RESURVEY,732.58,Local distortion corrected by resurvey,ACCEPTED,GEO-01-068-G1,"POLYGON((77.2255975 28.6824598,77.2259235 28.6824674,77.2259296 28.6822593,77.2256036 28.6822518,77.2255975 28.6824598))",EPSG:4326
GEO-01-069-G1,IN-DL-110054-1-69,G1,2000-01-01,AUTHORITATIVE,CANONICAL_BASELINE,702.51,Initial canonical geometry,ACCEPTED,,"POLYGON((77.2259388 28.6824589,77.2262390 28.6824589,77.2262390 28.6822421,77.2259388 28.6822421,77.2259388 28.6824589))",EPSG:4326
GEO-01-070-G1,IN-DL-110054-1-70,G1,2000-01-01,AUTHORITATIVE,CANONICAL_BASELINE,610.74,Initial canonical geometry,ACCEPTED,,"POLYGON((77.2262390 28.6824589,77.2265000 28.6824589,77.2265000 28.6822421,77.2262390 28.6822421,77.2262390 28.6824589))",EPSG:4326
GEO-01-071-G1,IN-DL-110054-1-71,G1,2000-01-01,AUTHORITATIVE,CANONICAL_BASELINE,774.44,Initial canonical geometry,ACCEPTED,,"POLYGON((77.2235000 28.6822421,77.2238174 28.6822421,77.2238174 28.6820161,77.2235000 28.6820161,77.2235000 28.6822421))",EPSG:4326
GEO-01-072-G1,IN-DL-110054-1-72,G1,2000-01-01,AUTHORITATIVE,CANONICAL_BASELINE,686.57,Initial canonical geometry,ACCEPTED,,"POLYGON((77.2238174 28.6822421,77.2240988 28.6822421,77.2240988 28.6820161,77.2238174 28.6820161,77.2238174 28.6822421))",EPSG:4326
GEO-01-073-G1,IN-DL-110054-1-73,G1,2000-01-01,AUTHORITATIVE,CANONICAL_BASELINE,639.34,Initial canonical geometry,ACCEPTED,,"POLYGON((77.2240988 28.6822421,77.2243608 28.6822421,77.2243608 28.6820161,77.2240988 28.6820161,77.2240988 28.6822421))",EPSG:4326
GEO-01-074-G1,IN-DL-110054-1-74,G1,2000-01-01,AUTHORITATIVE,CANONICAL_BASELINE,739.38,Initial canonical geometry,ACCEPTED,,"POLYGON((77.2243608 28.6822421,77.2246639 28.6822421,77.2246639 28.6820161,77.2243608 28.6820161,77.2243608 28.6822421))",EPSG:4326
GEO-01-075-G1,IN-DL-110054-1-75,G1,2000-01-01,AUTHORITATIVE,CANONICAL_BASELINE,760.83,Initial canonical geometry,ACCEPTED,,"POLYGON((77.2246639 28.6822421,77.2249757 28.6822421,77.2249757 28.6820161,77.2246639 28.6820161,77.2246639 28.6822421))",EPSG:4326
GEO-01-076-G1,IN-DL-110054-1-76,G1,2000-01-01,AUTHORITATIVE,CANONICAL_BASELINE,923.65,Initial canonical geometry,ACCEPTED,,"POLYGON((77.2249757 28.6822421,77.2253543 28.6822421,77.2253543 28.6820161,77.2249757 28.6820161,77.2249757 28.6822421))",EPSG:4326
GEO-01-077-G1,IN-DL-110054-1-77,G1,2000-01-01,AUTHORITATIVE,CANONICAL_BASELINE,661.02,Initial canonical geometry,ACCEPTED,,"POLYGON((77.2253543 28.6822421,77.2256252 28.6822421,77.2256252 28.6820161,77.2253543 28.6820161,77.2253543 28.6822421))",EPSG:4326
GEO-01-078-G1,IN-DL-110054-1-78,G1,2000-01-01,AUTHORITATIVE,CANONICAL_BASELINE,765.1,Initial canonical geometry,ACCEPTED,,"POLYGON((77.2256252 28.6822421,77.2259388 28.6822421,77.2259388 28.6820161,77.2256252 28.6820161,77.2256252 28.6822421))",EPSG:4326
GEO-01-079-G1,IN-DL-110054-1-79,G1,2000-01-01,AUTHORITATIVE,CANONICAL_BASELINE,732.52,Initial canonical geometry,ACCEPTED,,"POLYGON((77.2259388 28.6822421,77.2262390 28.6822421,77.2262390 28.6820161,77.2259388 28.6820161,77.2259388 28.6822421))",EPSG:4326
GEO-01-080-G1,IN-DL-110054-1-80,G1,2000-01-01,AUTHORITATIVE,CANONICAL_BASELINE,636.83,Initial canonical geometry,ACCEPTED,,"POLYGON((77.2262390 28.6822421,77.2265000 28.6822421,77.2265000 28.6820161,77.2262390 28.6820161,77.2262390 28.6822421))",EPSG:4326
GEO-01-081-G1,IN-DL-110054-1-81,G1,2000-01-01,AUTHORITATIVE,CANONICAL_BASELINE,873.6,Initial canonical geometry,ACCEPTED,,"POLYGON((77.2235000 28.6820161,77.2238174 28.6820161,77.2238174 28.6817612,77.2235000 28.6817612,77.2235000 28.6820161))",EPSG:4326
GEO-01-082-G1,IN-DL-110054-1-82,G1,2000-01-01,AUTHORITATIVE,CANONICAL_BASELINE,774.47,Initial canonical geometry,ACCEPTED,,"POLYGON((77.2238174 28.6820161,77.2240988 28.6820161,77.2240988 28.6817612,77.2238174 28.6817612,77.2238174 28.6820161))",EPSG:4326
GEO-01-083-G1,IN-DL-110054-1-83,G1,2000-01-01,AUTHORITATIVE,CANONICAL_BASELINE,721.2,Initial canonical geometry,ACCEPTED,,"POLYGON((77.2240988 28.6820161,77.2243608 28.6820161,77.2243608 28.6817612,77.2240988 28.6817612,77.2240988 28.6820161))",EPSG:4326
GEO-01-084-G1,IN-DL-110054-1-84,G1,2000-01-01,AUTHORITATIVE,CANONICAL_BASELINE,834.05,Initial canonical geometry,ACCEPTED,,"POLYGON((77.2243608 28.6820161,77.2246639 28.6820161,77.2246639 28.6817612,77.2243608 28.6817612,77.2243608 28.6820161))",EPSG:4326
GEO-01-085-G1,IN-DL-110054-1-85,G1,2000-01-01,AUTHORITATIVE,CANONICAL_BASELINE,858.25,Initial canonical geometry,ACCEPTED,,"POLYGON((77.2246639 28.6820161,77.2249757 28.6820161,77.2249757 28.6817612,77.2246639 28.6817612,77.2246639 28.6820161))",EPSG:4326
GEO-01-086-G1,IN-DL-110054-1-86,G1,2000-01-01,AUTHORITATIVE,CANONICAL_BASELINE,1041.91,Initial canonical geometry,ACCEPTED,,"POLYGON((77.2249757 28.6820161,77.2253543 28.6820161,77.2253543 28.6817612,77.2249757 28.6817612,77.2249757 28.6820161))",EPSG:4326
GEO-01-087-G1,IN-DL-110054-1-87,G1,2000-01-01,AUTHORITATIVE,CANONICAL_BASELINE,745.66,Initial canonical geometry,ACCEPTED,,"POLYGON((77.2253543 28.6820161,77.2256252 28.6820161,77.2256252 28.6817612,77.2253543 28.6817612,77.2253543 28.6820161))",EPSG:4326
GEO-01-088-G1,IN-DL-110054-1-88,G1,2000-01-01,AUTHORITATIVE,CANONICAL_BASELINE,863.07,Initial canonical geometry,ACCEPTED,,"POLYGON((77.2256252 28.6820161,77.2259388 28.6820161,77.2259388 28.6817612,77.2256252 28.6817612,77.2256252 28.6820161))",EPSG:4326
GEO-01-089-G1,IN-DL-110054-1-89,G1,2000-01-01,AUTHORITATIVE,CANONICAL_BASELINE,826.32,Initial canonical geometry,ACCEPTED,,"POLYGON((77.2259388 28.6820161,77.2262390 28.6820161,77.2262390 28.6817612,77.2259388 28.6817612,77.2259388 28.6820161))",EPSG:4326
GEO-01-090-G1,IN-DL-110054-1-90,G1,2000-01-01,SUPERSEDED,CANONICAL_BASELINE,718.37,Initial canonical geometry,SUPERSEDED,,"POLYGON((77.2262390 28.6820161,77.2265000 28.6820161,77.2265000 28.6817612,77.2262390 28.6817612,77.2262390 28.6820161))",EPSG:4326
GEO-01-090-G2,IN-DL-110054-1-90,G2,2026-05-15,AUTHORITATIVE,GNSS_RESURVEY,675.27,Road widening / boundary correction,ACCEPTED,GEO-01-090-G1,"POLYGON((77.2262591 28.6820179,77.2265045 28.6820179,77.2265045 28.6817630,77.2262591 28.6817630,77.2262591 28.6820179))",EPSG:4326
GEO-01-091-G1,IN-DL-110054-1-91,G1,2000-01-01,AUTHORITATIVE,CANONICAL_BASELINE,894.92,Initial canonical geometry,ACCEPTED,,"POLYGON((77.2235000 28.6817612,77.2238174 28.6817612,77.2238174 28.6815000,77.2235000 28.6815000,77.2235000 28.6817612))",EPSG:4326
GEO-01-092-G1,IN-DL-110054-1-92,G1,2000-01-01,AUTHORITATIVE,CANONICAL_BASELINE,793.37,Initial canonical geometry,ACCEPTED,,"POLYGON((77.2238174 28.6817612,77.2240988 28.6817612,77.2240988 28.6815000,77.2238174 28.6815000,77.2238174 28.6817612))",EPSG:4326
GEO-01-093-G1,IN-DL-110054-1-93,G1,2000-01-01,AUTHORITATIVE,CANONICAL_BASELINE,738.8,Initial canonical geometry,ACCEPTED,,"POLYGON((77.2240988 28.6817612,77.2243608 28.6817612,77.2243608 28.6815000,77.2240988 28.6815000,77.2240988 28.6817612))",EPSG:4326
GEO-01-094-G1,IN-DL-110054-1-94,G1,2000-01-01,AUTHORITATIVE,CANONICAL_BASELINE,854.41,Initial canonical geometry,ACCEPTED,,"POLYGON((77.2243608 28.6817612,77.2246639 28.6817612,77.2246639 28.6815000,77.2243608 28.6815000,77.2243608 28.6817612))",EPSG:4326
GEO-01-095-G1,IN-DL-110054-1-95,G1,2000-01-01,AUTHORITATIVE,CANONICAL_BASELINE,879.19,Initial canonical geometry,ACCEPTED,,"POLYGON((77.2246639 28.6817612,77.2249757 28.6817612,77.2249757 28.6815000,77.2246639 28.6815000,77.2246639 28.6817612))",EPSG:4326
GEO-01-096-G1,IN-DL-110054-1-96,G1,2000-01-01,AUTHORITATIVE,CANONICAL_BASELINE,1067.34,Initial canonical geometry,ACCEPTED,,"POLYGON((77.2249757 28.6817612,77.2253543 28.6817612,77.2253543 28.6815000,77.2249757 28.6815000,77.2249757 28.6817612))",EPSG:4326
GEO-01-097-G1,IN-DL-110054-1-97,G1,2000-01-01,AUTHORITATIVE,CANONICAL_BASELINE,763.85,Initial canonical geometry,ACCEPTED,,"POLYGON((77.2253543 28.6817612,77.2256252 28.6817612,77.2256252 28.6815000,77.2253543 28.6815000,77.2253543 28.6817612))",EPSG:4326
GEO-01-098-G1,IN-DL-110054-1-98,G1,2000-01-01,AUTHORITATIVE,CANONICAL_BASELINE,884.13,Initial canonical geometry,ACCEPTED,,"POLYGON((77.2256252 28.6817612,77.2259388 28.6817612,77.2259388 28.6815000,77.2256252 28.6815000,77.2256252 28.6817612))",EPSG:4326
GEO-01-099-G1,IN-DL-110054-1-99,G1,2000-01-01,AUTHORITATIVE,CANONICAL_BASELINE,846.48,Initial canonical geometry,ACCEPTED,,"POLYGON((77.2259388 28.6817612,77.2262390 28.6817612,77.2262390 28.6815000,77.2259388 28.6815000,77.2259388 28.6817612))",EPSG:4326
GEO-01-100-G1,IN-DL-110054-1-100,G1,2000-01-01,AUTHORITATIVE,CANONICAL_BASELINE,735.9,Initial canonical geometry,ACCEPTED,,"POLYGON((77.2262390 28.6817612,77.2265000 28.6817612,77.2265000 28.6815000,77.2262390 28.6815000,77.2262390 28.6817612))",EPSG:4326
GEO-02-001-G1,IN-DL-110054-2-1,G1,2000-01-01,AUTHORITATIVE,CANONICAL_BASELINE,675.61,Initial canonical geometry,ACCEPTED,,"POLYGON((77.2267800 28.6840000,77.2270646 28.6840000,77.2270646 28.6837801,77.2267800 28.6837801,77.2267800 28.6840000))",EPSG:4326
GEO-02-002-G1,IN-DL-110054-2-2,G1,2000-01-01,AUTHORITATIVE,CANONICAL_BASELINE,629.13,Initial canonical geometry,ACCEPTED,,"POLYGON((77.2270646 28.6840000,77.2273297 28.6840000,77.2273297 28.6837801,77.2270646 28.6837801,77.2270646 28.6840000))",EPSG:4326
GEO-02-003-G1,IN-DL-110054-2-3,G1,2000-01-01,AUTHORITATIVE,CANONICAL_BASELINE,727.58,Initial canonical geometry,ACCEPTED,,"POLYGON((77.2273297 28.6840000,77.2276362 28.6840000,77.2276362 28.6837801,77.2273297 28.6837801,77.2273297 28.6840000))",EPSG:4326
GEO-02-004-G1,IN-DL-110054-2-4,G1,2000-01-01,AUTHORITATIVE,CANONICAL_BASELINE,748.68,Initial canonical geometry,ACCEPTED,,"POLYGON((77.2276362 28.6840000,77.2279516 28.6840000,77.2279516 28.6837801,77.2276362 28.6837801,77.2276362 28.6840000))",EPSG:4326
GEO-02-005-G1,IN-DL-110054-2-5,G1,2000-01-01,AUTHORITATIVE,CANONICAL_BASELINE,644.8,Initial canonical geometry,ACCEPTED,,"POLYGON((77.2279516 28.6840000,77.2282233 28.6840000,77.2282233 28.6837801,77.2279516 28.6837801,77.2279516 28.6840000))",EPSG:4326
GEO-02-006-G1,IN-DL-110054-2-6,G1,2000-01-01,AUTHORITATIVE,CANONICAL_BASELINE,911.56,Initial canonical geometry,ACCEPTED,,"POLYGON((77.2282233 28.6840000,77.2286074 28.6840000,77.2286074 28.6837801,77.2282233 28.6837801,77.2282233 28.6840000))",EPSG:4326
GEO-02-007-G1,IN-DL-110054-2-7,G1,2000-01-01,AUTHORITATIVE,CANONICAL_BASELINE,752.89,Initial canonical geometry,ACCEPTED,,"POLYGON((77.2286074 28.6840000,77.2289245 28.6840000,77.2289245 28.6837801,77.2286074 28.6837801,77.2286074 28.6840000))",EPSG:4326
GEO-02-008-G1,IN-DL-110054-2-8,G1,2000-01-01,AUTHORITATIVE,CANONICAL_BASELINE,720.83,Initial canonical geometry,ACCEPTED,,"POLYGON((77.2289245 28.6840000,77.2292282 28.6840000,77.2292282 28.6837801,77.2289245 28.6837801,77.2289245 28.6840000))",EPSG:4326
GEO-02-009-G1,IN-DL-110054-2-9,G1,2000-01-01,AUTHORITATIVE,CANONICAL_BASELINE,626.67,Initial canonical geometry,ACCEPTED,,"POLYGON((77.2292282 28.6840000,77.2294923 28.6840000,77.2294923 28.6837801,77.2292282 28.6837801,77.2292282 28.6840000))",EPSG:4326
GEO-02-010-G1,IN-DL-110054-2-10,G1,2000-01-01,AUTHORITATIVE,CANONICAL_BASELINE,682.99,Initial canonical geometry,ACCEPTED,,"POLYGON((77.2294923 28.6840000,77.2297800 28.6840000,77.2297800 28.6837801,77.2294923 28.6837801,77.2294923 28.6840000))",EPSG:4326
GEO-02-011-G1,IN-DL-110054-2-11,G1,2000-01-01,AUTHORITATIVE,CANONICAL_BASELINE,685.28,Initial canonical geometry,ACCEPTED,,"POLYGON((77.2267800 28.6837801,77.2270646 28.6837801,77.2270646 28.6835571,77.2267800 28.6835571,77.2267800 28.6837801))",EPSG:4326
GEO-02-012-G1,IN-DL-110054-2-12,G1,2000-01-01,AUTHORITATIVE,CANONICAL_BASELINE,638.14,Initial canonical geometry,ACCEPTED,,"POLYGON((77.2270646 28.6837801,77.2273297 28.6837801,77.2273297 28.6835571,77.2270646 28.6835571,77.2270646 28.6837801))",EPSG:4326
GEO-02-013-G1,IN-DL-110054-2-13,G1,2000-01-01,AUTHORITATIVE,CANONICAL_BASELINE,738.0,Initial canonical geometry,ACCEPTED,,"POLYGON((77.2273297 28.6837801,77.2276362 28.6837801,77.2276362 28.6835571,77.2273297 28.6835571,77.2273297 28.6837801))",EPSG:4326
GEO-02-014-G1,IN-DL-110054-2-14,G1,2000-01-01,SUPERSEDED,CANONICAL_BASELINE,759.41,Initial canonical geometry,SUPERSEDED,,"POLYGON((77.2276362 28.6837801,77.2279516 28.6837801,77.2279516 28.6835571,77.2276362 28.6835571,77.2276362 28.6837801))",EPSG:4326
GEO-02-014-G2,IN-DL-110054-2-14,G2,2026-05-15,AUTHORITATIVE,GNSS_RESURVEY,759.33,GNSS/CORS resurvey,ACCEPTED,GEO-02-014-G1,"POLYGON((77.2276401 28.6837747,77.2279587 28.6837761,77.2279600 28.6835553,77.2276414 28.6835539,77.2276401 28.6837747))",EPSG:4326
GEO-02-015-G1,IN-DL-110054-2-15,G1,2000-01-01,AUTHORITATIVE,CANONICAL_BASELINE,654.03,Initial canonical geometry,ACCEPTED,,"POLYGON((77.2279516 28.6837801,77.2282233 28.6837801,77.2282233 28.6835571,77.2279516 28.6835571,77.2279516 28.6837801))",EPSG:4326
GEO-02-016-G1,IN-DL-110054-2-16,G1,2000-01-01,AUTHORITATIVE,CANONICAL_BASELINE,924.62,Initial canonical geometry,ACCEPTED,,"POLYGON((77.2282233 28.6837801,77.2286074 28.6837801,77.2286074 28.6835571,77.2282233 28.6835571,77.2282233 28.6837801))",EPSG:4326
GEO-02-017-G1,IN-DL-110054-2-17,G1,2000-01-01,AUTHORITATIVE,CANONICAL_BASELINE,763.67,Initial canonical geometry,ACCEPTED,,"POLYGON((77.2286074 28.6837801,77.2289245 28.6837801,77.2289245 28.6835571,77.2286074 28.6835571,77.2286074 28.6837801))",EPSG:4326
GEO-02-018-G1,IN-DL-110054-2-18,G1,2000-01-01,AUTHORITATIVE,CANONICAL_BASELINE,731.15,Initial canonical geometry,ACCEPTED,,"POLYGON((77.2289245 28.6837801,77.2292282 28.6837801,77.2292282 28.6835571,77.2289245 28.6835571,77.2289245 28.6837801))",EPSG:4326
GEO-02-019-G1,IN-DL-110054-2-19,G1,2000-01-01,AUTHORITATIVE,CANONICAL_BASELINE,635.64,Initial canonical geometry,ACCEPTED,,"POLYGON((77.2292282 28.6837801,77.2294923 28.6837801,77.2294923 28.6835571,77.2292282 28.6835571,77.2292282 28.6837801))",EPSG:4326
GEO-02-020-G1,IN-DL-110054-2-20,G1,2000-01-01,AUTHORITATIVE,CANONICAL_BASELINE,692.77,Initial canonical geometry,ACCEPTED,,"POLYGON((77.2294923 28.6837801,77.2297800 28.6837801,77.2297800 28.6835571,77.2294923 28.6835571,77.2294923 28.6837801))",EPSG:4326
GEO-02-021-G1,IN-DL-110054-2-21,G1,2000-01-01,AUTHORITATIVE,CANONICAL_BASELINE,773.54,Initial canonical geometry,ACCEPTED,,"POLYGON((77.2267800 28.6835571,77.2270646 28.6835571,77.2270646 28.6833054,77.2267800 28.6833054,77.2267800 28.6835571))",EPSG:4326
GEO-02-022-G1,IN-DL-110054-2-22,G1,2000-01-01,AUTHORITATIVE,CANONICAL_BASELINE,720.33,Initial canonical geometry,ACCEPTED,,"POLYGON((77.2270646 28.6835571,77.2273297 28.6835571,77.2273297 28.6833054,77.2270646 28.6833054,77.2270646 28.6835571))",EPSG:4326
GEO-02-023-G1,IN-DL-110054-2-23,G1,2000-01-01,AUTHORITATIVE,CANONICAL_BASELINE,833.05,Initial canonical geometry,ACCEPTED,,"POLYGON((77.2273297 28.6835571,77.2276362 28.6835571,77.2276362 28.6833054,77.2273297 28.6833054,77.2273297 28.6835571))",EPSG:4326
GEO-02-024-G1,IN-DL-110054-2-24,G1,2000-01-01,AUTHORITATIVE,CANONICAL_BASELINE,857.21,Initial canonical geometry,ACCEPTED,,"POLYGON((77.2276362 28.6835571,77.2279516 28.6835571,77.2279516 28.6833054,77.2276362 28.6833054,77.2276362 28.6835571))",EPSG:4326
GEO-02-025-G1,IN-DL-110054-2-25,G1,2000-01-01,AUTHORITATIVE,CANONICAL_BASELINE,738.27,Initial canonical geometry,ACCEPTED,,"POLYGON((77.2279516 28.6835571,77.2282233 28.6835571,77.2282233 28.6833054,77.2279516 28.6833054,77.2279516 28.6835571))",EPSG:4326
GEO-02-026-G1,IN-DL-110054-2-26,G1,2000-01-01,AUTHORITATIVE,CANONICAL_BASELINE,1043.7,Initial canonical geometry,ACCEPTED,,"POLYGON((77.2282233 28.6835571,77.2286074 28.6835571,77.2286074 28.6833054,77.2282233 28.6833054,77.2282233 28.6835571))",EPSG:4326
GEO-02-027-G1,IN-DL-110054-2-27,G1,2000-01-01,AUTHORITATIVE,CANONICAL_BASELINE,862.03,Initial canonical geometry,ACCEPTED,,"POLYGON((77.2286074 28.6835571,77.2289245 28.6835571,77.2289245 28.6833054,77.2286074 28.6833054,77.2286074 28.6835571))",EPSG:4326
GEO-02-028-G1,IN-DL-110054-2-28,G1,2000-01-01,AUTHORITATIVE,CANONICAL_BASELINE,825.32,Initial canonical geometry,ACCEPTED,,"POLYGON((77.2289245 28.6835571,77.2292282 28.6835571,77.2292282 28.6833054,77.2289245 28.6833054,77.2289245 28.6835571))",EPSG:4326
GEO-02-029-G1,IN-DL-110054-2-29,G1,2000-01-01,AUTHORITATIVE,CANONICAL_BASELINE,717.51,Initial canonical geometry,ACCEPTED,,"POLYGON((77.2292282 28.6835571,77.2294923 28.6835571,77.2294923 28.6833054,77.2292282 28.6833054,77.2292282 28.6835571))",EPSG:4326
GEO-02-030-G1,IN-DL-110054-2-30,G1,2000-01-01,AUTHORITATIVE,CANONICAL_BASELINE,782.0,Initial canonical geometry,ACCEPTED,,"POLYGON((77.2294923 28.6835571,77.2297800 28.6835571,77.2297800 28.6833054,77.2294923 28.6833054,77.2294923 28.6835571))",EPSG:4326
GEO-02-031-G1,IN-DL-110054-2-31,G1,2000-01-01,AUTHORITATIVE,CANONICAL_BASELINE,811.08,Initial canonical geometry,ACCEPTED,,"POLYGON((77.2267800 28.6833054,77.2270646 28.6833054,77.2270646 28.6830414,77.2267800 28.6830414,77.2267800 28.6833054))",EPSG:4326
GEO-02-032-G1,IN-DL-110054-2-32,G1,2000-01-01,AUTHORITATIVE,CANONICAL_BASELINE,755.29,Initial canonical geometry,ACCEPTED,,"POLYGON((77.2270646 28.6833054,77.2273297 28.6833054,77.2273297 28.6830414,77.2270646 28.6830414,77.2270646 28.6833054))",EPSG:4326
GEO-02-033-G1,IN-DL-110054-2-33,G1,2000-01-01,AUTHORITATIVE,CANONICAL_BASELINE,873.48,Initial canonical geometry,ACCEPTED,,"POLYGON((77.2273297 28.6833054,77.2276362 28.6833054,77.2276362 28.6830414,77.2273297 28.6830414,77.2273297 28.6833054))",EPSG:4326
GEO-02-034-G1,IN-DL-110054-2-34,G1,2000-01-01,AUTHORITATIVE,CANONICAL_BASELINE,898.82,Initial canonical geometry,ACCEPTED,,"POLYGON((77.2276362 28.6833054,77.2279516 28.6833054,77.2279516 28.6830414,77.2276362 28.6830414,77.2276362 28.6833054))",EPSG:4326
GEO-02-035-G1,IN-DL-110054-2-35,G1,2000-01-01,AUTHORITATIVE,CANONICAL_BASELINE,774.1,Initial canonical geometry,ACCEPTED,,"POLYGON((77.2279516 28.6833054,77.2282233 28.6833054,77.2282233 28.6830414,77.2279516 28.6830414,77.2279516 28.6833054))",EPSG:4326
GEO-02-036-G1,IN-DL-110054-2-36,G1,2000-01-01,AUTHORITATIVE,CANONICAL_BASELINE,1094.35,Initial canonical geometry,ACCEPTED,,"POLYGON((77.2282233 28.6833054,77.2286074 28.6833054,77.2286074 28.6830414,77.2282233 28.6830414,77.2282233 28.6833054))",EPSG:4326
GEO-02-037-G1,IN-DL-110054-2-37,G1,2000-01-01,AUTHORITATIVE,CANONICAL_BASELINE,903.87,Initial canonical geometry,ACCEPTED,,"POLYGON((77.2286074 28.6833054,77.2289245 28.6833054,77.2289245 28.6830414,77.2286074 28.6830414,77.2286074 28.6833054))",EPSG:4326
GEO-02-038-G1,IN-DL-110054-2-38,G1,2000-01-01,AUTHORITATIVE,CANONICAL_BASELINE,865.38,Initial canonical geometry,ACCEPTED,,"POLYGON((77.2289245 28.6833054,77.2292282 28.6833054,77.2292282 28.6830414,77.2289245 28.6830414,77.2289245 28.6833054))",EPSG:4326
GEO-02-039-G1,IN-DL-110054-2-39,G1,2000-01-01,AUTHORITATIVE,CANONICAL_BASELINE,752.33,Initial canonical geometry,ACCEPTED,,"POLYGON((77.2292282 28.6833054,77.2294923 28.6833054,77.2294923 28.6830414,77.2292282 28.6830414,77.2292282 28.6833054))",EPSG:4326
GEO-02-040-G1,IN-DL-110054-2-40,G1,2000-01-01,AUTHORITATIVE,CANONICAL_BASELINE,819.95,Initial canonical geometry,ACCEPTED,,"POLYGON((77.2294923 28.6833054,77.2297800 28.6833054,77.2297800 28.6830414,77.2294923 28.6830414,77.2294923 28.6833054))",EPSG:4326
GEO-02-041-G1,IN-DL-110054-2-41,G1,2000-01-01,AUTHORITATIVE,CANONICAL_BASELINE,742.91,Initial canonical geometry,ACCEPTED,,"POLYGON((77.2267800 28.6830414,77.2270646 28.6830414,77.2270646 28.6827996,77.2267800 28.6827996,77.2267800 28.6830414))",EPSG:4326
GEO-02-042-G1,IN-DL-110054-2-42,G1,2000-01-01,AUTHORITATIVE,CANONICAL_BASELINE,691.81,Initial canonical geometry,ACCEPTED,,"POLYGON((77.2270646 28.6830414,77.2273297 28.6830414,77.2273297 28.6827996,77.2270646 28.6827996,77.2270646 28.6830414))",EPSG:4326
GEO-02-043-G1,IN-DL-110054-2-43,G1,2000-01-01,AUTHORITATIVE,CANONICAL_BASELINE,800.06,Initial canonical geometry,ACCEPTED,,"POLYGON((77.2273297 28.6830414,77.2276362 28.6830414,77.2276362 28.6827996,77.2273297 28.6827996,77.2273297 28.6830414))",EPSG:4326
GEO-02-044-G1,IN-DL-110054-2-44,G1,2000-01-01,AUTHORITATIVE,CANONICAL_BASELINE,823.27,Initial canonical geometry,ACCEPTED,,"POLYGON((77.2276362 28.6830414,77.2279516 28.6830414,77.2279516 28.6827996,77.2276362 28.6827996,77.2276362 28.6830414))",EPSG:4326
GEO-02-045-G1,IN-DL-110054-2-45,G1,2000-01-01,AUTHORITATIVE,CANONICAL_BASELINE,709.03,Initial canonical geometry,ACCEPTED,,"POLYGON((77.2279516 28.6830414,77.2282233 28.6830414,77.2282233 28.6827996,77.2279516 28.6827996,77.2279516 28.6830414))",EPSG:4326
GEO-02-046-G1,IN-DL-110054-2-46,G1,2000-01-01,AUTHORITATIVE,CANONICAL_BASELINE,1002.37,Initial canonical geometry,ACCEPTED,,"POLYGON((77.2282233 28.6830414,77.2286074 28.6830414,77.2286074 28.6827996,77.2282233 28.6827996,77.2282233 28.6830414))",EPSG:4326
GEO-02-047-G1,IN-DL-110054-2-47,G1,2000-01-01,AUTHORITATIVE,CANONICAL_BASELINE,827.89,Initial canonical geometry,ACCEPTED,,"POLYGON((77.2286074 28.6830414,77.2289245 28.6830414,77.2289245 28.6827996,77.2286074 28.6827996,77.2286074 28.6830414))",EPSG:4326
GEO-02-048-G1,IN-DL-110054-2-48,G1,2000-01-01,AUTHORITATIVE,CANONICAL_BASELINE,792.64,Initial canonical geometry,ACCEPTED,,"POLYGON((77.2289245 28.6830414,77.2292282 28.6830414,77.2292282 28.6827996,77.2289245 28.6827996,77.2289245 28.6830414))",EPSG:4326
GEO-02-049-G1,IN-DL-110054-2-49,G1,2000-01-01,AUTHORITATIVE,CANONICAL_BASELINE,689.1,Initial canonical geometry,ACCEPTED,,"POLYGON((77.2292282 28.6830414,77.2294923 28.6830414,77.2294923 28.6827996,77.2292282 28.6827996,77.2292282 28.6830414))",EPSG:4326
GEO-02-050-G1,IN-DL-110054-2-50,G1,2000-01-01,AUTHORITATIVE,CANONICAL_BASELINE,751.03,Initial canonical geometry,ACCEPTED,,"POLYGON((77.2294923 28.6830414,77.2297800 28.6830414,77.2297800 28.6827996,77.2294923 28.6827996,77.2294923 28.6830414))",EPSG:4326
GEO-02-051-G1,IN-DL-110054-2-51,G1,2000-01-01,AUTHORITATIVE,CANONICAL_BASELINE,976.16,Initial canonical geometry,ACCEPTED,,"POLYGON((77.2267800 28.6827996,77.2270646 28.6827996,77.2270646 28.6824819,77.2267800 28.6824819,77.2267800 28.6827996))",EPSG:4326
GEO-02-052-G1,IN-DL-110054-2-52,G1,2000-01-01,AUTHORITATIVE,CANONICAL_BASELINE,909.02,Initial canonical geometry,ACCEPTED,,"POLYGON((77.2270646 28.6827996,77.2273297 28.6827996,77.2273297 28.6824819,77.2270646 28.6824819,77.2270646 28.6827996))",EPSG:4326
GEO-02-053-G1,IN-DL-110054-2-53,G1,2000-01-01,AUTHORITATIVE,CANONICAL_BASELINE,1051.26,Initial canonical geometry,ACCEPTED,,"POLYGON((77.2273297 28.6827996,77.2276362 28.6827996,77.2276362 28.6824819,77.2273297 28.6824819,77.2273297 28.6827996))",EPSG:4326
GEO-02-054-G1,IN-DL-110054-2-54,G1,2000-01-01,AUTHORITATIVE,CANONICAL_BASELINE,1081.75,Initial canonical geometry,ACCEPTED,,"POLYGON((77.2276362 28.6827996,77.2279516 28.6827996,77.2279516 28.6824819,77.2276362 28.6824819,77.2276362 28.6827996))",EPSG:4326
GEO-02-055-G1,IN-DL-110054-2-55,G1,2000-01-01,AUTHORITATIVE,CANONICAL_BASELINE,931.65,Initial canonical geometry,ACCEPTED,,"POLYGON((77.2279516 28.6827996,77.2282233 28.6827996,77.2282233 28.6824819,77.2279516 28.6824819,77.2279516 28.6827996))",EPSG:4326
GEO-02-056-G1,IN-DL-110054-2-56,G1,2000-01-01,AUTHORITATIVE,CANONICAL_BASELINE,1317.09,Initial canonical geometry,ACCEPTED,,"POLYGON((77.2282233 28.6827996,77.2286074 28.6827996,77.2286074 28.6824819,77.2282233 28.6824819,77.2282233 28.6827996))",EPSG:4326
GEO-02-057-G1,IN-DL-110054-2-57,G1,2000-01-01,AUTHORITATIVE,CANONICAL_BASELINE,1087.83,Initial canonical geometry,ACCEPTED,,"POLYGON((77.2286074 28.6827996,77.2289245 28.6827996,77.2289245 28.6824819,77.2286074 28.6824819,77.2286074 28.6827996))",EPSG:4326
GEO-02-058-G1,IN-DL-110054-2-58,G1,2000-01-01,AUTHORITATIVE,CANONICAL_BASELINE,1041.51,Initial canonical geometry,ACCEPTED,,"POLYGON((77.2289245 28.6827996,77.2292282 28.6827996,77.2292282 28.6824819,77.2289245 28.6824819,77.2289245 28.6827996))",EPSG:4326
GEO-02-059-G1,IN-DL-110054-2-59,G1,2000-01-01,AUTHORITATIVE,CANONICAL_BASELINE,905.45,Initial canonical geometry,ACCEPTED,,"POLYGON((77.2292282 28.6827996,77.2294923 28.6827996,77.2294923 28.6824819,77.2292282 28.6824819,77.2292282 28.6827996))",EPSG:4326
GEO-02-060-G1,IN-DL-110054-2-60,G1,2000-01-01,SUPERSEDED,CANONICAL_BASELINE,986.84,Initial canonical geometry,SUPERSEDED,,"POLYGON((77.2294923 28.6827996,77.2297800 28.6827996,77.2297800 28.6824819,77.2294923 28.6824819,77.2294923 28.6827996))",EPSG:4326
GEO-02-060-G2,IN-DL-110054-2-60,G2,2026-05-15,AUTHORITATIVE,GNSS_RESURVEY,985.26,Local distortion corrected by resurvey,ACCEPTED,GEO-02-060-G1,"POLYGON((77.2294636 28.6827988,77.2297628 28.6828057,77.2297718 28.6825008,77.2294726 28.6824939,77.2294636 28.6827988))",EPSG:4326
GEO-02-061-G1,IN-DL-110054-2-61,G1,2000-01-01,SUPERSEDED,CANONICAL_BASELINE,697.47,Initial canonical geometry,SUPERSEDED,,"POLYGON((77.2267800 28.6824819,77.2270646 28.6824819,77.2270646 28.6822549,77.2267800 28.6822549,77.2267800 28.6824819))",EPSG:4326
GEO-02-061-G2,IN-DL-110054-2-61,G2,2026-05-15,AUTHORITATIVE,GNSS_RESURVEY,655.62,Road widening / boundary correction,ACCEPTED,GEO-02-061-G1,"POLYGON((77.2268008 28.6824837,77.2270684 28.6824837,77.2270684 28.6822567,77.2268008 28.6822567,77.2268008 28.6824837))",EPSG:4326
GEO-02-062-G1,IN-DL-110054-2-62,G1,2000-01-01,AUTHORITATIVE,CANONICAL_BASELINE,649.49,Initial canonical geometry,ACCEPTED,,"POLYGON((77.2270646 28.6824819,77.2273297 28.6824819,77.2273297 28.6822549,77.2270646 28.6822549,77.2270646 28.6824819))",EPSG:4326
GEO-02-063-G1,IN-DL-110054-2-63,G1,2000-01-01,AUTHORITATIVE,CANONICAL_BASELINE,751.13,Initial canonical geometry,ACCEPTED,,"POLYGON((77.2273297 28.6824819,77.2276362 28.6824819,77.2276362 28.6822549,77.2273297 28.6822549,77.2273297 28.6824819))",EPSG:4326
GEO-02-064-G1,IN-DL-110054-2-64,G1,2000-01-01,AUTHORITATIVE,CANONICAL_BASELINE,772.91,Initial canonical geometry,ACCEPTED,,"POLYGON((77.2276362 28.6824819,77.2279516 28.6824819,77.2279516 28.6822549,77.2276362 28.6822549,77.2276362 28.6824819))",EPSG:4326
GEO-02-065-G1,IN-DL-110054-2-65,G1,2000-01-01,AUTHORITATIVE,CANONICAL_BASELINE,665.67,Initial canonical geometry,ACCEPTED,,"POLYGON((77.2279516 28.6824819,77.2282233 28.6824819,77.2282233 28.6822549,77.2279516 28.6822549,77.2279516 28.6824819))",EPSG:4326
GEO-02-066-G1,IN-DL-110054-2-66,G1,2000-01-01,AUTHORITATIVE,CANONICAL_BASELINE,941.06,Initial canonical geometry,ACCEPTED,,"POLYGON((77.2282233 28.6824819,77.2286074 28.6824819,77.2286074 28.6822549,77.2282233 28.6822549,77.2282233 28.6824819))",EPSG:4326
GEO-02-067-G1,IN-DL-110054-2-67,G1,2000-01-01,AUTHORITATIVE,CANONICAL_BASELINE,777.26,Initial canonical geometry,ACCEPTED,,"POLYGON((77.2286074 28.6824819,77.2289245 28.6824819,77.2289245 28.6822549,77.2286074 28.6822549,77.2286074 28.6824819))",EPSG:4326
GEO-02-068-G1,IN-DL-110054-2-68,G1,2000-01-01,SUPERSEDED,CANONICAL_BASELINE,744.16,Initial canonical geometry,SUPERSEDED,,"POLYGON((77.2289245 28.6824819,77.2292282 28.6824819,77.2292282 28.6822549,77.2289245 28.6822549,77.2289245 28.6824819))",EPSG:4326
GEO-02-068-G2,IN-DL-110054-2-68,G2,2026-05-15,AUTHORITATIVE,GNSS_RESURVEY,744.08,GNSS/CORS resurvey,ACCEPTED,GEO-02-068-G1,"POLYGON((77.2289285 28.6824765,77.2292352 28.6824779,77.2292366 28.6822532,77.2289298 28.6822517,77.2289285 28.6824765))",EPSG:4326
GEO-02-069-G1,IN-DL-110054-2-69,G1,2000-01-01,AUTHORITATIVE,CANONICAL_BASELINE,646.95,Initial canonical geometry,ACCEPTED,,"POLYGON((77.2292282 28.6824819,77.2294923 28.6824819,77.2294923 28.6822549,77.2292282 28.6822549,77.2292282 28.6824819))",EPSG:4326
GEO-02-070-G1,IN-DL-110054-2-70,G1,2000-01-01,AUTHORITATIVE,CANONICAL_BASELINE,705.1,Initial canonical geometry,ACCEPTED,,"POLYGON((77.2294923 28.6824819,77.2297800 28.6824819,77.2297800 28.6822549,77.2294923 28.6822549,77.2294923 28.6824819))",EPSG:4326
GEO-02-071-G1,IN-DL-110054-2-71,G1,2000-01-01,AUTHORITATIVE,CANONICAL_BASELINE,786.77,Initial canonical geometry,ACCEPTED,,"POLYGON((77.2267800 28.6822549,77.2270646 28.6822549,77.2270646 28.6819989,77.2267800 28.6819989,77.2267800 28.6822549))",EPSG:4326
GEO-02-072-G1,IN-DL-110054-2-72,G1,2000-01-01,AUTHORITATIVE,CANONICAL_BASELINE,732.66,Initial canonical geometry,ACCEPTED,,"POLYGON((77.2270646 28.6822549,77.2273297 28.6822549,77.2273297 28.6819989,77.2270646 28.6819989,77.2270646 28.6822549))",EPSG:4326
GEO-02-073-G1,IN-DL-110054-2-73,G1,2000-01-01,AUTHORITATIVE,CANONICAL_BASELINE,847.3,Initial canonical geometry,ACCEPTED,,"POLYGON((77.2273297 28.6822549,77.2276362 28.6822549,77.2276362 28.6819989,77.2273297 28.6819989,77.2273297 28.6822549))",EPSG:4326
GEO-02-074-G1,IN-DL-110054-2-74,G1,2000-01-01,AUTHORITATIVE,CANONICAL_BASELINE,871.88,Initial canonical geometry,ACCEPTED,,"POLYGON((77.2276362 28.6822549,77.2279516 28.6822549,77.2279516 28.6819989,77.2276362 28.6819989,77.2276362 28.6822549))",EPSG:4326
GEO-02-075-G1,IN-DL-110054-2-75,G1,2000-01-01,AUTHORITATIVE,CANONICAL_BASELINE,750.9,Initial canonical geometry,ACCEPTED,,"POLYGON((77.2279516 28.6822549,77.2282233 28.6822549,77.2282233 28.6819989,77.2279516 28.6819989,77.2279516 28.6822549))",EPSG:4326
GEO-02-076-G1,IN-DL-110054-2-76,G1,2000-01-01,AUTHORITATIVE,CANONICAL_BASELINE,1061.55,Initial canonical geometry,ACCEPTED,,"POLYGON((77.2282233 28.6822549,77.2286074 28.6822549,77.2286074 28.6819989,77.2282233 28.6819989,77.2282233 28.6822549))",EPSG:4326
GEO-02-077-G1,IN-DL-110054-2-77,G1,2000-01-01,AUTHORITATIVE,CANONICAL_BASELINE,876.78,Initial canonical geometry,ACCEPTED,,"POLYGON((77.2286074 28.6822549,77.2289245 28.6822549,77.2289245 28.6819989,77.2286074 28.6819989,77.2286074 28.6822549))",EPSG:4326
GEO-02-078-G1,IN-DL-110054-2-78,G1,2000-01-01,AUTHORITATIVE,CANONICAL_BASELINE,839.44,Initial canonical geometry,ACCEPTED,,"POLYGON((77.2289245 28.6822549,77.2292282 28.6822549,77.2292282 28.6819989,77.2289245 28.6819989,77.2289245 28.6822549))",EPSG:4326
GEO-02-079-G1,IN-DL-110054-2-79,G1,2000-01-01,AUTHORITATIVE,CANONICAL_BASELINE,729.78,Initial canonical geometry,ACCEPTED,,"POLYGON((77.2292282 28.6822549,77.2294923 28.6822549,77.2294923 28.6819989,77.2292282 28.6819989,77.2292282 28.6822549))",EPSG:4326
GEO-02-080-G1,IN-DL-110054-2-80,G1,2000-01-01,AUTHORITATIVE,CANONICAL_BASELINE,795.38,Initial canonical geometry,ACCEPTED,,"POLYGON((77.2294923 28.6822549,77.2297800 28.6822549,77.2297800 28.6819989,77.2294923 28.6819989,77.2294923 28.6822549))",EPSG:4326
GEO-02-081-G1,IN-DL-110054-2-81,G1,2000-01-01,AUTHORITATIVE,CANONICAL_BASELINE,805.98,Initial canonical geometry,ACCEPTED,,"POLYGON((77.2267800 28.6819989,77.2270646 28.6819989,77.2270646 28.6817366,77.2267800 28.6817366,77.2267800 28.6819989))",EPSG:4326
GEO-02-082-G1,IN-DL-110054-2-82,G1,2000-01-01,AUTHORITATIVE,CANONICAL_BASELINE,750.54,Initial canonical geometry,ACCEPTED,,"POLYGON((77.2270646 28.6819989,77.2273297 28.6819989,77.2273297 28.6817366,77.2270646 28.6817366,77.2270646 28.6819989))",EPSG:4326
GEO-02-083-G1,IN-DL-110054-2-83,G1,2000-01-01,AUTHORITATIVE,CANONICAL_BASELINE,867.98,Initial canonical geometry,ACCEPTED,,"POLYGON((77.2273297 28.6819989,77.2276362 28.6819989,77.2276362 28.6817366,77.2273297 28.6817366,77.2273297 28.6819989))",EPSG:4326
GEO-02-084-G1,IN-DL-110054-2-84,G1,2000-01-01,AUTHORITATIVE,CANONICAL_BASELINE,893.16,Initial canonical geometry,ACCEPTED,,"POLYGON((77.2276362 28.6819989,77.2279516 28.6819989,77.2279516 28.6817366,77.2276362 28.6817366,77.2276362 28.6819989))",EPSG:4326
GEO-02-085-G1,IN-DL-110054-2-85,G1,2000-01-01,AUTHORITATIVE,CANONICAL_BASELINE,769.22,Initial canonical geometry,ACCEPTED,,"POLYGON((77.2279516 28.6819989,77.2282233 28.6819989,77.2282233 28.6817366,77.2279516 28.6817366,77.2279516 28.6819989))",EPSG:4326
GEO-02-086-G1,IN-DL-110054-2-86,G1,2000-01-01,AUTHORITATIVE,CANONICAL_BASELINE,1087.46,Initial canonical geometry,ACCEPTED,,"POLYGON((77.2282233 28.6819989,77.2286074 28.6819989,77.2286074 28.6817366,77.2282233 28.6817366,77.2282233 28.6819989))",EPSG:4326
GEO-02-087-G1,IN-DL-110054-2-87,G1,2000-01-01,AUTHORITATIVE,CANONICAL_BASELINE,898.17,Initial canonical geometry,ACCEPTED,,"POLYGON((77.2286074 28.6819989,77.2289245 28.6819989,77.2289245 28.6817366,77.2286074 28.6817366,77.2286074 28.6819989))",EPSG:4326
GEO-02-088-G1,IN-DL-110054-2-88,G1,2000-01-01,AUTHORITATIVE,CANONICAL_BASELINE,859.93,Initial canonical geometry,ACCEPTED,,"POLYGON((77.2289245 28.6819989,77.2292282 28.6819989,77.2292282 28.6817366,77.2289245 28.6817366,77.2289245 28.6819989))",EPSG:4326
GEO-02-089-G1,IN-DL-110054-2-89,G1,2000-01-01,AUTHORITATIVE,CANONICAL_BASELINE,747.59,Initial canonical geometry,ACCEPTED,,"POLYGON((77.2292282 28.6819989,77.2294923 28.6819989,77.2294923 28.6817366,77.2292282 28.6817366,77.2292282 28.6819989))",EPSG:4326
GEO-02-090-G1,IN-DL-110054-2-90,G1,2000-01-01,AUTHORITATIVE,CANONICAL_BASELINE,814.79,Initial canonical geometry,ACCEPTED,,"POLYGON((77.2294923 28.6819989,77.2297800 28.6819989,77.2297800 28.6817366,77.2294923 28.6817366,77.2294923 28.6819989))",EPSG:4326
GEO-02-091-G1,IN-DL-110054-2-91,G1,2000-01-01,SUPERSEDED,CANONICAL_BASELINE,726.94,Initial canonical geometry,SUPERSEDED,,"POLYGON((77.2267800 28.6817366,77.2270646 28.6817366,77.2270646 28.6815000,77.2267800 28.6815000,77.2267800 28.6817366))",EPSG:4326
GEO-02-091-G2,IN-DL-110054-2-91,G2,2026-05-15,AUTHORITATIVE,GNSS_RESURVEY,683.33,Road widening / boundary correction,ACCEPTED,GEO-02-091-G1,"POLYGON((77.2268008 28.6817384,77.2270684 28.6817384,77.2270684 28.6815018,77.2268008 28.6815018,77.2268008 28.6817384))",EPSG:4326
GEO-02-092-G1,IN-DL-110054-2-92,G1,2000-01-01,AUTHORITATIVE,CANONICAL_BASELINE,676.94,Initial canonical geometry,ACCEPTED,,"POLYGON((77.2270646 28.6817366,77.2273297 28.6817366,77.2273297 28.6815000,77.2270646 28.6815000,77.2270646 28.6817366))",EPSG:4326
GEO-02-093-G1,IN-DL-110054-2-93,G1,2000-01-01,AUTHORITATIVE,CANONICAL_BASELINE,782.87,Initial canonical geometry,ACCEPTED,,"POLYGON((77.2273297 28.6817366,77.2276362 28.6817366,77.2276362 28.6815000,77.2273297 28.6815000,77.2273297 28.6817366))",EPSG:4326
GEO-02-093-G2,IN-DL-110054-2-93,G2,2026-05-15,PROPOSED,GNSS_RESURVEY,781.62,Local distortion corrected by resurvey,PENDING_HUMAN_APPROVAL,GEO-02-093-G1,"POLYGON((77.2273018 28.6817372,77.2276205 28.6817445,77.2276272 28.6815175,77.2273085 28.6815101,77.2273018 28.6817372))",EPSG:4326
GEO-02-094-G1,IN-DL-110054-2-94,G1,2000-01-01,AUTHORITATIVE,CANONICAL_BASELINE,805.57,Initial canonical geometry,ACCEPTED,,"POLYGON((77.2276362 28.6817366,77.2279516 28.6817366,77.2279516 28.6815000,77.2276362 28.6815000,77.2276362 28.6817366))",EPSG:4326
GEO-02-095-G1,IN-DL-110054-2-95,G1,2000-01-01,AUTHORITATIVE,CANONICAL_BASELINE,693.8,Initial canonical geometry,ACCEPTED,,"POLYGON((77.2279516 28.6817366,77.2282233 28.6817366,77.2282233 28.6815000,77.2279516 28.6815000,77.2279516 28.6817366))",EPSG:4326
GEO-02-096-G1,IN-DL-110054-2-96,G1,2000-01-01,AUTHORITATIVE,CANONICAL_BASELINE,980.83,Initial canonical geometry,ACCEPTED,,"POLYGON((77.2282233 28.6817366,77.2286074 28.6817366,77.2286074 28.6815000,77.2282233 28.6815000,77.2282233 28.6817366))",EPSG:4326
GEO-02-097-G1,IN-DL-110054-2-97,G1,2000-01-01,AUTHORITATIVE,CANONICAL_BASELINE,810.1,Initial canonical geometry,ACCEPTED,,"POLYGON((77.2286074 28.6817366,77.2289245 28.6817366,77.2289245 28.6815000,77.2286074 28.6815000,77.2286074 28.6817366))",EPSG:4326
GEO-02-098-G1,IN-DL-110054-2-98,G1,2000-01-01,AUTHORITATIVE,CANONICAL_BASELINE,775.6,Initial canonical geometry,ACCEPTED,,"POLYGON((77.2289245 28.6817366,77.2292282 28.6817366,77.2292282 28.6815000,77.2289245 28.6815000,77.2289245 28.6817366))",EPSG:4326
GEO-02-099-G1,IN-DL-110054-2-99,G1,2000-01-01,AUTHORITATIVE,CANONICAL_BASELINE,674.29,Initial canonical geometry,ACCEPTED,,"POLYGON((77.2292282 28.6817366,77.2294923 28.6817366,77.2294923 28.6815000,77.2292282 28.6815000,77.2292282 28.6817366))",EPSG:4326
GEO-02-100-G1,IN-DL-110054-2-100,G1,2000-01-01,AUTHORITATIVE,CANONICAL_BASELINE,734.89,Initial canonical geometry,ACCEPTED,,"POLYGON((77.2294923 28.6817366,77.2297800 28.6817366,77.2297800 28.6815000,77.2294923 28.6815000,77.2294923 28.6817366))",EPSG:4326
GEO-03-001-G1,IN-DL-110054-3-1,G1,2000-01-01,AUTHORITATIVE,CANONICAL_BASELINE,631.02,Initial canonical geometry,ACCEPTED,,"POLYGON((77.2300600 28.6840000,77.2303217 28.6840000,77.2303217 28.6837767,77.2300600 28.6837767,77.2300600 28.6840000))",EPSG:4326
GEO-03-002-G1,IN-DL-110054-3-2,G1,2000-01-01,AUTHORITATIVE,CANONICAL_BASELINE,729.76,Initial canonical geometry,ACCEPTED,,"POLYGON((77.2303217 28.6840000,77.2306244 28.6840000,77.2306244 28.6837767,77.2303217 28.6837767,77.2303217 28.6840000))",EPSG:4326
GEO-03-003-G1,IN-DL-110054-3-3,G1,2000-01-01,AUTHORITATIVE,CANONICAL_BASELINE,750.92,Initial canonical geometry,ACCEPTED,,"POLYGON((77.2306244 28.6840000,77.2309359 28.6840000,77.2309359 28.6837767,77.2306244 28.6837767,77.2306244 28.6840000))",EPSG:4326
GEO-03-004-G1,IN-DL-110054-3-4,G1,2000-01-01,AUTHORITATIVE,CANONICAL_BASELINE,646.73,Initial canonical geometry,ACCEPTED,,"POLYGON((77.2309359 28.6840000,77.2312042 28.6840000,77.2312042 28.6837767,77.2309359 28.6837767,77.2309359 28.6840000))",EPSG:4326
GEO-03-005-G1,IN-DL-110054-3-5,G1,2000-01-01,AUTHORITATIVE,CANONICAL_BASELINE,652.41,Initial canonical geometry,ACCEPTED,,"POLYGON((77.2312042 28.6840000,77.2314748 28.6840000,77.2314748 28.6837767,77.2312042 28.6837767,77.2312042 28.6840000))",EPSG:4326
GEO-03-006-G1,IN-DL-110054-3-6,G1,2000-01-01,AUTHORITATIVE,CANONICAL_BASELINE,1020.34,Initial canonical geometry,ACCEPTED,,"POLYGON((77.2314748 28.6840000,77.2318980 28.6840000,77.2318980 28.6837767,77.2314748 28.6837767,77.2314748 28.6840000))",EPSG:4326
GEO-03-007-G1,IN-DL-110054-3-7,G1,2000-01-01,AUTHORITATIVE,CANONICAL_BASELINE,722.99,Initial canonical geometry,ACCEPTED,,"POLYGON((77.2318980 28.6840000,77.2321979 28.6840000,77.2321979 28.6837767,77.2318980 28.6837767,77.2318980 28.6840000))",EPSG:4326
GEO-03-008-G1,IN-DL-110054-3-8,G1,2000-01-01,AUTHORITATIVE,CANONICAL_BASELINE,628.54,Initial canonical geometry,ACCEPTED,,"POLYGON((77.2321979 28.6840000,77.2324586 28.6840000,77.2324586 28.6837767,77.2321979 28.6837767,77.2321979 28.6840000))",EPSG:4326
GEO-03-009-G1,IN-DL-110054-3-9,G1,2000-01-01,AUTHORITATIVE,CANONICAL_BASELINE,685.04,Initial canonical geometry,ACCEPTED,,"POLYGON((77.2324586 28.6840000,77.2327427 28.6840000,77.2327427 28.6837767,77.2324586 28.6837767,77.2324586 28.6840000))",EPSG:4326
GEO-03-010-G1,IN-DL-110054-3-10,G1,2000-01-01,AUTHORITATIVE,CANONICAL_BASELINE,764.92,Initial canonical geometry,ACCEPTED,,"POLYGON((77.2327427 28.6840000,77.2330600 28.6840000,77.2330600 28.6837767,77.2327427 28.6837767,77.2327427 28.6840000))",EPSG:4326
GEO-03-011-G1,IN-DL-110054-3-11,G1,2000-01-01,AUTHORITATIVE,CANONICAL_BASELINE,712.29,Initial canonical geometry,ACCEPTED,,"POLYGON((77.2300600 28.6837767,77.2303217 28.6837767,77.2303217 28.6835246,77.2300600 28.6835246,77.2300600 28.6837767))",EPSG:4326
GEO-03-012-G1,IN-DL-110054-3-12,G1,2000-01-01,AUTHORITATIVE,CANONICAL_BASELINE,823.75,Initial canonical geometry,ACCEPTED,,"POLYGON((77.2303217 28.6837767,77.2306244 28.6837767,77.2306244 28.6835246,77.2303217 28.6835246,77.2303217 28.6837767))",EPSG:4326
GEO-03-013-G1,IN-DL-110054-3-13,G1,2000-01-01,AUTHORITATIVE,CANONICAL_BASELINE,847.64,Initial canonical geometry,ACCEPTED,,"POLYGON((77.2306244 28.6837767,77.2309359 28.6837767,77.2309359 28.6835246,77.2306244 28.6835246,77.2306244 28.6837767))",EPSG:4326
GEO-03-014-G1,IN-DL-110054-3-14,G1,2000-01-01,AUTHORITATIVE,CANONICAL_BASELINE,730.02,Initial canonical geometry,ACCEPTED,,"POLYGON((77.2309359 28.6837767,77.2312042 28.6837767,77.2312042 28.6835246,77.2309359 28.6835246,77.2309359 28.6837767))",EPSG:4326
GEO-03-015-G1,IN-DL-110054-3-15,G1,2000-01-01,AUTHORITATIVE,CANONICAL_BASELINE,736.44,Initial canonical geometry,ACCEPTED,,"POLYGON((77.2312042 28.6837767,77.2314748 28.6837767,77.2314748 28.6835246,77.2312042 28.6835246,77.2312042 28.6837767))",EPSG:4326
GEO-03-016-G1,IN-DL-110054-3-16,G1,2000-01-01,AUTHORITATIVE,CANONICAL_BASELINE,1151.76,Initial canonical geometry,ACCEPTED,,"POLYGON((77.2314748 28.6837767,77.2318980 28.6837767,77.2318980 28.6835246,77.2314748 28.6835246,77.2314748 28.6837767))",EPSG:4326
GEO-03-017-G1,IN-DL-110054-3-17,G1,2000-01-01,AUTHORITATIVE,CANONICAL_BASELINE,816.1,Initial canonical geometry,ACCEPTED,,"POLYGON((77.2318980 28.6837767,77.2321979 28.6837767,77.2321979 28.6835246,77.2318980 28.6835246,77.2318980 28.6837767))",EPSG:4326
GEO-03-018-G1,IN-DL-110054-3-18,G1,2000-01-01,AUTHORITATIVE,CANONICAL_BASELINE,709.5,Initial canonical geometry,ACCEPTED,,"POLYGON((77.2321979 28.6837767,77.2324586 28.6837767,77.2324586 28.6835246,77.2321979 28.6835246,77.2321979 28.6837767))",EPSG:4326
GEO-03-019-G1,IN-DL-110054-3-19,G1,2000-01-01,AUTHORITATIVE,CANONICAL_BASELINE,773.27,Initial canonical geometry,ACCEPTED,,"POLYGON((77.2324586 28.6837767,77.2327427 28.6837767,77.2327427 28.6835246,77.2324586 28.6835246,77.2324586 28.6837767))",EPSG:4326
GEO-03-020-G1,IN-DL-110054-3-20,G1,2000-01-01,AUTHORITATIVE,CANONICAL_BASELINE,863.44,Initial canonical geometry,ACCEPTED,,"POLYGON((77.2327427 28.6837767,77.2330600 28.6837767,77.2330600 28.6835246,77.2327427 28.6835246,77.2327427 28.6837767))",EPSG:4326
GEO-03-021-G1,IN-DL-110054-3-21,G1,2000-01-01,SUPERSEDED,CANONICAL_BASELINE,746.86,Initial canonical geometry,SUPERSEDED,,"POLYGON((77.2300600 28.6835246,77.2303217 28.6835246,77.2303217 28.6832602,77.2300600 28.6832602,77.2300600 28.6835246))",EPSG:4326
GEO-03-021-G2,IN-DL-110054-3-21,G2,2026-05-15,AUTHORITATIVE,GNSS_RESURVEY,702.05,Road widening / boundary correction,ACCEPTED,GEO-03-021-G1,"POLYGON((77.2300801 28.6835264,77.2303262 28.6835264,77.2303262 28.6832621,77.2300801 28.6832621,77.2300801 28.6835264))",EPSG:4326
GEO-03-022-G1,IN-DL-110054-3-22,G1,2000-01-01,AUTHORITATIVE,CANONICAL_BASELINE,863.73,Initial canonical geometry,ACCEPTED,,"POLYGON((77.2303217 28.6835246,77.2306244 28.6835246,77.2306244 28.6832602,77.2303217 28.6832602,77.2303217 28.6835246))",EPSG:4326
GEO-03-023-G1,IN-DL-110054-3-23,G1,2000-01-01,AUTHORITATIVE,CANONICAL_BASELINE,888.78,Initial canonical geometry,ACCEPTED,,"POLYGON((77.2306244 28.6835246,77.2309359 28.6835246,77.2309359 28.6832602,77.2306244 28.6832602,77.2306244 28.6835246))",EPSG:4326
GEO-03-024-G1,IN-DL-110054-3-24,G1,2000-01-01,AUTHORITATIVE,CANONICAL_BASELINE,765.45,Initial canonical geometry,ACCEPTED,,"POLYGON((77.2309359 28.6835246,77.2312042 28.6835246,77.2312042 28.6832602,77.2309359 28.6832602,77.2309359 28.6835246))",EPSG:4326
GEO-03-025-G1,IN-DL-110054-3-25,G1,2000-01-01,AUTHORITATIVE,CANONICAL_BASELINE,772.18,Initial canonical geometry,ACCEPTED,,"POLYGON((77.2312042 28.6835246,77.2314748 28.6835246,77.2314748 28.6832602,77.2312042 28.6832602,77.2312042 28.6835246))",EPSG:4326
GEO-03-026-G1,IN-DL-110054-3-26,G1,2000-01-01,AUTHORITATIVE,CANONICAL_BASELINE,1207.66,Initial canonical geometry,ACCEPTED,,"POLYGON((77.2314748 28.6835246,77.2318980 28.6835246,77.2318980 28.6832602,77.2314748 28.6832602,77.2314748 28.6835246))",EPSG:4326
GEO-03-027-G1,IN-DL-110054-3-27,G1,2000-01-01,AUTHORITATIVE,CANONICAL_BASELINE,855.71,Initial canonical geometry,ACCEPTED,,"POLYGON((77.2318980 28.6835246,77.2321979 28.6835246,77.2321979 28.6832602,77.2318980 28.6832602,77.2318980 28.6835246))",EPSG:4326
GEO-03-028-G1,IN-DL-110054-3-28,G1,2000-01-01,AUTHORITATIVE,CANONICAL_BASELINE,743.93,Initial canonical geometry,ACCEPTED,,"POLYGON((77.2321979 28.6835246,77.2324586 28.6835246,77.2324586 28.6832602,77.2321979 28.6832602,77.2321979 28.6835246))",EPSG:4326
GEO-03-029-G1,IN-DL-110054-3-29,G1,2000-01-01,AUTHORITATIVE,CANONICAL_BASELINE,810.79,Initial canonical geometry,ACCEPTED,,"POLYGON((77.2324586 28.6835246,77.2327427 28.6835246,77.2327427 28.6832602,77.2324586 28.6832602,77.2324586 28.6835246))",EPSG:4326
GEO-03-030-G1,IN-DL-110054-3-30,G1,2000-01-01,AUTHORITATIVE,CANONICAL_BASELINE,905.35,Initial canonical geometry,ACCEPTED,,"POLYGON((77.2327427 28.6835246,77.2330600 28.6835246,77.2330600 28.6832602,77.2327427 28.6832602,77.2327427 28.6835246))",EPSG:4326
GEO-03-031-G1,IN-DL-110054-3-31,G1,2000-01-01,AUTHORITATIVE,CANONICAL_BASELINE,684.08,Initial canonical geometry,ACCEPTED,,"POLYGON((77.2300600 28.6832602,77.2303217 28.6832602,77.2303217 28.6830181,77.2300600 28.6830181,77.2300600 28.6832602))",EPSG:4326
GEO-03-032-G1,IN-DL-110054-3-32,G1,2000-01-01,AUTHORITATIVE,CANONICAL_BASELINE,791.13,Initial canonical geometry,ACCEPTED,,"POLYGON((77.2303217 28.6832602,77.2306244 28.6832602,77.2306244 28.6830181,77.2303217 28.6830181,77.2303217 28.6832602))",EPSG:4326
GEO-03-033-G1,IN-DL-110054-3-33,G1,2000-01-01,AUTHORITATIVE,CANONICAL_BASELINE,814.07,Initial canonical geometry,ACCEPTED,,"POLYGON((77.2306244 28.6832602,77.2309359 28.6832602,77.2309359 28.6830181,77.2306244 28.6830181,77.2306244 28.6832602))",EPSG:4326
GEO-03-034-G1,IN-DL-110054-3-34,G1,2000-01-01,AUTHORITATIVE,CANONICAL_BASELINE,701.11,Initial canonical geometry,ACCEPTED,,"POLYGON((77.2309359 28.6832602,77.2312042 28.6832602,77.2312042 28.6830181,77.2309359 28.6830181,77.2309359 28.6832602))",EPSG:4326
GEO-03-035-G1,IN-DL-110054-3-35,G1,2000-01-01,AUTHORITATIVE,CANONICAL_BASELINE,707.28,Initial canonical geometry,ACCEPTED,,"POLYGON((77.2312042 28.6832602,77.2314748 28.6832602,77.2314748 28.6830181,77.2312042 28.6830181,77.2312042 28.6832602))",EPSG:4326
GEO-03-036-G1,IN-DL-110054-3-36,G1,2000-01-01,AUTHORITATIVE,CANONICAL_BASELINE,1106.15,Initial canonical geometry,ACCEPTED,,"POLYGON((77.2314748 28.6832602,77.2318980 28.6832602,77.2318980 28.6830181,77.2314748 28.6830181,77.2314748 28.6832602))",EPSG:4326
GEO-03-037-G1,IN-DL-110054-3-37,G1,2000-01-01,AUTHORITATIVE,CANONICAL_BASELINE,783.79,Initial canonical geometry,ACCEPTED,,"POLYGON((77.2318980 28.6832602,77.2321979 28.6832602,77.2321979 28.6830181,77.2318980 28.6830181,77.2318980 28.6832602))",EPSG:4326
GEO-03-038-G1,IN-DL-110054-3-38,G1,2000-01-01,AUTHORITATIVE,CANONICAL_BASELINE,681.4,Initial canonical geometry,ACCEPTED,,"POLYGON((77.2321979 28.6832602,77.2324586 28.6832602,77.2324586 28.6830181,77.2321979 28.6830181,77.2321979 28.6832602))",EPSG:4326
GEO-03-039-G1,IN-DL-110054-3-39,G1,2000-01-01,AUTHORITATIVE,CANONICAL_BASELINE,742.64,Initial canonical geometry,ACCEPTED,,"POLYGON((77.2324586 28.6832602,77.2327427 28.6832602,77.2327427 28.6830181,77.2324586 28.6830181,77.2324586 28.6832602))",EPSG:4326
GEO-03-040-G1,IN-DL-110054-3-40,G1,2000-01-01,AUTHORITATIVE,CANONICAL_BASELINE,829.25,Initial canonical geometry,ACCEPTED,,"POLYGON((77.2327427 28.6832602,77.2330600 28.6832602,77.2330600 28.6830181,77.2327427 28.6830181,77.2327427 28.6832602))",EPSG:4326
GEO-03-041-G1,IN-DL-110054-3-41,G1,2000-01-01,AUTHORITATIVE,CANONICAL_BASELINE,615.93,Initial canonical geometry,ACCEPTED,,"POLYGON((77.2300600 28.6830181,77.2303217 28.6830181,77.2303217 28.6828001,77.2300600 28.6828001,77.2300600 28.6830181))",EPSG:4326
GEO-03-042-G1,IN-DL-110054-3-42,G1,2000-01-01,AUTHORITATIVE,CANONICAL_BASELINE,712.31,Initial canonical geometry,ACCEPTED,,"POLYGON((77.2303217 28.6830181,77.2306244 28.6830181,77.2306244 28.6828001,77.2303217 28.6828001,77.2303217 28.6830181))",EPSG:4326
GEO-03-043-G1,IN-DL-110054-3-43,G1,2000-01-01,AUTHORITATIVE,CANONICAL_BASELINE,732.97,Initial canonical geometry,ACCEPTED,,"POLYGON((77.2306244 28.6830181,77.2309359 28.6830181,77.2309359 28.6828001,77.2306244 28.6828001,77.2306244 28.6830181))",EPSG:4326
GEO-03-043-G2,IN-DL-110054-3-43,G2,2026-05-15,PROPOSED,GNSS_RESURVEY,732.89,GNSS/CORS resurvey,PENDING_HUMAN_APPROVAL,GEO-03-043-G1,"POLYGON((77.2306284 28.6830127,77.2309430 28.6830142,77.2309442 28.6827983,77.2306297 28.6827969,77.2306284 28.6830127))",EPSG:4326
GEO-03-044-G1,IN-DL-110054-3-44,G1,2000-01-01,AUTHORITATIVE,CANONICAL_BASELINE,631.26,Initial canonical geometry,ACCEPTED,,"POLYGON((77.2309359 28.6830181,77.2312042 28.6830181,77.2312042 28.6828001,77.2309359 28.6828001,77.2309359 28.6830181))",EPSG:4326
GEO-03-045-G1,IN-DL-110054-3-45,G1,2000-01-01,AUTHORITATIVE,CANONICAL_BASELINE,636.81,Initial canonical geometry,ACCEPTED,,"POLYGON((77.2312042 28.6830181,77.2314748 28.6830181,77.2314748 28.6828001,77.2312042 28.6828001,77.2312042 28.6830181))",EPSG:4326
GEO-03-046-G1,IN-DL-110054-3-46,G1,2000-01-01,AUTHORITATIVE,CANONICAL_BASELINE,995.94,Initial canonical geometry,ACCEPTED,,"POLYGON((77.2314748 28.6830181,77.2318980 28.6830181,77.2318980 28.6828001,77.2314748 28.6828001,77.2314748 28.6830181))",EPSG:4326
GEO-03-047-G1,IN-DL-110054-3-47,G1,2000-01-01,AUTHORITATIVE,CANONICAL_BASELINE,705.7,Initial canonical geometry,ACCEPTED,,"POLYGON((77.2318980 28.6830181,77.2321979 28.6830181,77.2321979 28.6828001,77.2318980 28.6828001,77.2318980 28.6830181))",EPSG:4326
GEO-03-048-G1,IN-DL-110054-3-48,G1,2000-01-01,AUTHORITATIVE,CANONICAL_BASELINE,613.51,Initial canonical geometry,ACCEPTED,,"POLYGON((77.2321979 28.6830181,77.2324586 28.6830181,77.2324586 28.6828001,77.2321979 28.6828001,77.2321979 28.6830181))",EPSG:4326
GEO-03-049-G1,IN-DL-110054-3-49,G1,2000-01-01,AUTHORITATIVE,CANONICAL_BASELINE,668.65,Initial canonical geometry,ACCEPTED,,"POLYGON((77.2324586 28.6830181,77.2327427 28.6830181,77.2327427 28.6828001,77.2324586 28.6828001,77.2324586 28.6830181))",EPSG:4326
GEO-03-050-G1,IN-DL-110054-3-50,G1,2000-01-01,AUTHORITATIVE,CANONICAL_BASELINE,746.63,Initial canonical geometry,ACCEPTED,,"POLYGON((77.2327427 28.6830181,77.2330600 28.6830181,77.2330600 28.6828001,77.2327427 28.6828001,77.2327427 28.6830181))",EPSG:4326
GEO-03-051-G1,IN-DL-110054-3-51,G1,2000-01-01,AUTHORITATIVE,CANONICAL_BASELINE,924.79,Initial canonical geometry,ACCEPTED,,"POLYGON((77.2300600 28.6828001,77.2303217 28.6828001,77.2303217 28.6824728,77.2300600 28.6824728,77.2300600 28.6828001))",EPSG:4326
GEO-03-052-G1,IN-DL-110054-3-52,G1,2000-01-01,AUTHORITATIVE,CANONICAL_BASELINE,1069.5,Initial canonical geometry,ACCEPTED,,"POLYGON((77.2303217 28.6828001,77.2306244 28.6828001,77.2306244 28.6824728,77.2303217 28.6824728,77.2303217 28.6828001))",EPSG:4326
GEO-03-053-G1,IN-DL-110054-3-53,G1,2000-01-01,AUTHORITATIVE,CANONICAL_BASELINE,1100.52,Initial canonical geometry,ACCEPTED,,"POLYGON((77.2306244 28.6828001,77.2309359 28.6828001,77.2309359 28.6824728,77.2306244 28.6824728,77.2306244 28.6828001))",EPSG:4326
GEO-03-054-G1,IN-DL-110054-3-54,G1,2000-01-01,AUTHORITATIVE,CANONICAL_BASELINE,947.82,Initial canonical geometry,ACCEPTED,,"POLYGON((77.2309359 28.6828001,77.2312042 28.6828001,77.2312042 28.6824728,77.2309359 28.6824728,77.2309359 28.6828001))",EPSG:4326
GEO-03-055-G1,IN-DL-110054-3-55,G1,2000-01-01,AUTHORITATIVE,CANONICAL_BASELINE,956.15,Initial canonical geometry,ACCEPTED,,"POLYGON((77.2312042 28.6828001,77.2314748 28.6828001,77.2314748 28.6824728,77.2312042 28.6824728,77.2312042 28.6828001))",EPSG:4326
GEO-03-056-G1,IN-DL-110054-3-56,G1,2000-01-01,AUTHORITATIVE,CANONICAL_BASELINE,1495.37,Initial canonical geometry,ACCEPTED,,"POLYGON((77.2314748 28.6828001,77.2318980 28.6828001,77.2318980 28.6824728,77.2314748 28.6824728,77.2314748 28.6828001))",EPSG:4326
GEO-03-057-G1,IN-DL-110054-3-57,G1,2000-01-01,AUTHORITATIVE,CANONICAL_BASELINE,1059.58,Initial canonical geometry,ACCEPTED,,"POLYGON((77.2318980 28.6828001,77.2321979 28.6828001,77.2321979 28.6824728,77.2318980 28.6824728,77.2318980 28.6828001))",EPSG:4326
GEO-03-058-G1,IN-DL-110054-3-58,G1,2000-01-01,AUTHORITATIVE,CANONICAL_BASELINE,921.16,Initial canonical geometry,ACCEPTED,,"POLYGON((77.2321979 28.6828001,77.2324586 28.6828001,77.2324586 28.6824728,77.2321979 28.6824728,77.2321979 28.6828001))",EPSG:4326
GEO-03-059-G1,IN-DL-110054-3-59,G1,2000-01-01,AUTHORITATIVE,CANONICAL_BASELINE,1003.96,Initial canonical geometry,ACCEPTED,,"POLYGON((77.2324586 28.6828001,77.2327427 28.6828001,77.2327427 28.6824728,77.2324586 28.6824728,77.2324586 28.6828001))",EPSG:4326
GEO-03-060-G1,IN-DL-110054-3-60,G1,2000-01-01,AUTHORITATIVE,CANONICAL_BASELINE,1121.04,Initial canonical geometry,ACCEPTED,,"POLYGON((77.2327427 28.6828001,77.2330600 28.6828001,77.2330600 28.6824728,77.2327427 28.6824728,77.2327427 28.6828001))",EPSG:4326
GEO-03-061-G1,IN-DL-110054-3-61,G1,2000-01-01,AUTHORITATIVE,CANONICAL_BASELINE,724.47,Initial canonical geometry,ACCEPTED,,"POLYGON((77.2300600 28.6824728,77.2303217 28.6824728,77.2303217 28.6822164,77.2300600 28.6822164,77.2300600 28.6824728))",EPSG:4326
GEO-03-062-G1,IN-DL-110054-3-62,G1,2000-01-01,AUTHORITATIVE,CANONICAL_BASELINE,837.84,Initial canonical geometry,ACCEPTED,,"POLYGON((77.2303217 28.6824728,77.2306244 28.6824728,77.2306244 28.6822164,77.2303217 28.6822164,77.2303217 28.6824728))",EPSG:4326
GEO-03-063-G1,IN-DL-110054-3-63,G1,2000-01-01,AUTHORITATIVE,CANONICAL_BASELINE,862.14,Initial canonical geometry,ACCEPTED,,"POLYGON((77.2306244 28.6824728,77.2309359 28.6824728,77.2309359 28.6822164,77.2306244 28.6822164,77.2306244 28.6824728))",EPSG:4326
GEO-03-064-G1,IN-DL-110054-3-64,G1,2000-01-01,AUTHORITATIVE,CANONICAL_BASELINE,742.51,Initial canonical geometry,ACCEPTED,,"POLYGON((77.2309359 28.6824728,77.2312042 28.6824728,77.2312042 28.6822164,77.2309359 28.6822164,77.2309359 28.6824728))",EPSG:4326
GEO-03-065-G1,IN-DL-110054-3-65,G1,2000-01-01,AUTHORITATIVE,CANONICAL_BASELINE,749.04,Initial canonical geometry,ACCEPTED,,"POLYGON((77.2312042 28.6824728,77.2314748 28.6824728,77.2314748 28.6822164,77.2312042 28.6822164,77.2312042 28.6824728))",EPSG:4326
GEO-03-066-G1,IN-DL-110054-3-66,G1,2000-01-01,AUTHORITATIVE,CANONICAL_BASELINE,1171.46,Initial canonical geometry,ACCEPTED,,"POLYGON((77.2314748 28.6824728,77.2318980 28.6824728,77.2318980 28.6822164,77.2314748 28.6822164,77.2314748 28.6824728))",EPSG:4326
GEO-03-067-G1,IN-DL-110054-3-67,G1,2000-01-01,AUTHORITATIVE,CANONICAL_BASELINE,830.07,Initial canonical geometry,ACCEPTED,,"POLYGON((77.2318980 28.6824728,77.2321979 28.6824728,77.2321979 28.6822164,77.2318980 28.6822164,77.2318980 28.6824728))",EPSG:4326
GEO-03-068-G1,IN-DL-110054-3-68,G1,2000-01-01,AUTHORITATIVE,CANONICAL_BASELINE,721.63,Initial canonical geometry,ACCEPTED,,"POLYGON((77.2321979 28.6824728,77.2324586 28.6824728,77.2324586 28.6822164,77.2321979 28.6822164,77.2321979 28.6824728))",EPSG:4326
GEO-03-069-G1,IN-DL-110054-3-69,G1,2000-01-01,SUPERSEDED,CANONICAL_BASELINE,786.49,Initial canonical geometry,SUPERSEDED,,"POLYGON((77.2324586 28.6824728,77.2327427 28.6824728,77.2327427 28.6822164,77.2324586 28.6822164,77.2324586 28.6824728))",EPSG:4326
GEO-03-069-G2,IN-DL-110054-3-69,G2,2026-05-15,AUTHORITATIVE,GNSS_RESURVEY,785.24,Local distortion corrected by resurvey,ACCEPTED,GEO-03-069-G1,"POLYGON((77.2324309 28.6824733,77.2327263 28.6824801,77.2327336 28.6822341,77.2324382 28.6822272,77.2324309 28.6824733))",EPSG:4326
GEO-03-070-G1,IN-DL-110054-3-70,G1,2000-01-01,AUTHORITATIVE,CANONICAL_BASELINE,878.21,Initial canonical geometry,ACCEPTED,,"POLYGON((77.2327427 28.6824728,77.2330600 28.6824728,77.2330600 28.6822164,77.2327427 28.6822164,77.2327427 28.6824728))",EPSG:4326
GEO-03-071-G1,IN-DL-110054-3-71,G1,2000-01-01,SUPERSEDED,CANONICAL_BASELINE,742.15,Initial canonical geometry,SUPERSEDED,,"POLYGON((77.2300600 28.6822164,77.2303217 28.6822164,77.2303217 28.6819538,77.2300600 28.6819538,77.2300600 28.6822164))",EPSG:4326
GEO-03-071-G2,IN-DL-110054-3-71,G2,2026-05-15,AUTHORITATIVE,GNSS_RESURVEY,697.62,Road widening / boundary correction,ACCEPTED,GEO-03-071-G1,"POLYGON((77.2300801 28.6822183,77.2303262 28.6822183,77.2303262 28.6819556,77.2300801 28.6819556,77.2300801 28.6822183))",EPSG:4326
GEO-03-072-G1,IN-DL-110054-3-72,G1,2000-01-01,AUTHORITATIVE,CANONICAL_BASELINE,858.29,Initial canonical geometry,ACCEPTED,,"POLYGON((77.2303217 28.6822164,77.2306244 28.6822164,77.2306244 28.6819538,77.2303217 28.6819538,77.2303217 28.6822164))",EPSG:4326
GEO-03-073-G1,IN-DL-110054-3-73,G1,2000-01-01,AUTHORITATIVE,CANONICAL_BASELINE,883.18,Initial canonical geometry,ACCEPTED,,"POLYGON((77.2306244 28.6822164,77.2309359 28.6822164,77.2309359 28.6819538,77.2306244 28.6819538,77.2306244 28.6822164))",EPSG:4326
GEO-03-074-G1,IN-DL-110054-3-74,G1,2000-01-01,SUPERSEDED,CANONICAL_BASELINE,760.63,Initial canonical geometry,SUPERSEDED,,"POLYGON((77.2309359 28.6822164,77.2312042 28.6822164,77.2312042 28.6819538,77.2309359 28.6819538,77.2309359 28.6822164))",EPSG:4326
GEO-03-074-G2,IN-DL-110054-3-74,G2,2026-05-15,AUTHORITATIVE,GNSS_RESURVEY,760.56,GNSS/CORS resurvey,ACCEPTED,GEO-03-074-G1,"POLYGON((77.2309399 28.6822109,77.2312109 28.6822121,77.2312124 28.6819521,77.2309415 28.6819508,77.2309399 28.6822109))",EPSG:4326
GEO-03-075-G1,IN-DL-110054-3-75,G1,2000-01-01,AUTHORITATIVE,CANONICAL_BASELINE,767.32,Initial canonical geometry,ACCEPTED,,"POLYGON((77.2312042 28.6822164,77.2314748 28.6822164,77.2314748 28.6819538,77.2312042 28.6819538,77.2312042 28.6822164))",EPSG:4326
GEO-03-076-G1,IN-DL-110054-3-76,G1,2000-01-01,AUTHORITATIVE,CANONICAL_BASELINE,1200.05,Initial canonical geometry,ACCEPTED,,"POLYGON((77.2314748 28.6822164,77.2318980 28.6822164,77.2318980 28.6819538,77.2314748 28.6819538,77.2314748 28.6822164))",EPSG:4326
GEO-03-077-G1,IN-DL-110054-3-77,G1,2000-01-01,AUTHORITATIVE,CANONICAL_BASELINE,850.32,Initial canonical geometry,ACCEPTED,,"POLYGON((77.2318980 28.6822164,77.2321979 28.6822164,77.2321979 28.6819538,77.2318980 28.6819538,77.2318980 28.6822164))",EPSG:4326
GEO-03-078-G1,IN-DL-110054-3-78,G1,2000-01-01,AUTHORITATIVE,CANONICAL_BASELINE,739.24,Initial canonical geometry,ACCEPTED,,"POLYGON((77.2321979 28.6822164,77.2324586 28.6822164,77.2324586 28.6819538,77.2321979 28.6819538,77.2321979 28.6822164))",EPSG:4326
GEO-03-079-G1,IN-DL-110054-3-79,G1,2000-01-01,AUTHORITATIVE,CANONICAL_BASELINE,805.69,Initial canonical geometry,ACCEPTED,,"POLYGON((77.2324586 28.6822164,77.2327427 28.6822164,77.2327427 28.6819538,77.2324586 28.6819538,77.2324586 28.6822164))",EPSG:4326
GEO-03-080-G1,IN-DL-110054-3-80,G1,2000-01-01,AUTHORITATIVE,CANONICAL_BASELINE,899.64,Initial canonical geometry,ACCEPTED,,"POLYGON((77.2327427 28.6822164,77.2330600 28.6822164,77.2330600 28.6819538,77.2327427 28.6819538,77.2327427 28.6822164))",EPSG:4326
GEO-03-081-G1,IN-DL-110054-3-81,G1,2000-01-01,AUTHORITATIVE,CANONICAL_BASELINE,669.38,Initial canonical geometry,ACCEPTED,,"POLYGON((77.2300600 28.6819538,77.2303217 28.6819538,77.2303217 28.6817169,77.2300600 28.6817169,77.2300600 28.6819538))",EPSG:4326
GEO-03-082-G1,IN-DL-110054-3-82,G1,2000-01-01,AUTHORITATIVE,CANONICAL_BASELINE,774.12,Initial canonical geometry,ACCEPTED,,"POLYGON((77.2303217 28.6819538,77.2306244 28.6819538,77.2306244 28.6817169,77.2303217 28.6817169,77.2303217 28.6819538))",EPSG:4326
GEO-03-083-G1,IN-DL-110054-3-83,G1,2000-01-01,AUTHORITATIVE,CANONICAL_BASELINE,796.58,Initial canonical geometry,ACCEPTED,,"POLYGON((77.2306244 28.6819538,77.2309359 28.6819538,77.2309359 28.6817169,77.2306244 28.6817169,77.2306244 28.6819538))",EPSG:4326
GEO-03-084-G1,IN-DL-110054-3-84,G1,2000-01-01,AUTHORITATIVE,CANONICAL_BASELINE,686.05,Initial canonical geometry,ACCEPTED,,"POLYGON((77.2309359 28.6819538,77.2312042 28.6819538,77.2312042 28.6817169,77.2309359 28.6817169,77.2309359 28.6819538))",EPSG:4326
GEO-03-085-G1,IN-DL-110054-3-85,G1,2000-01-01,AUTHORITATIVE,CANONICAL_BASELINE,692.08,Initial canonical geometry,ACCEPTED,,"POLYGON((77.2312042 28.6819538,77.2314748 28.6819538,77.2314748 28.6817169,77.2312042 28.6817169,77.2312042 28.6819538))",EPSG:4326
GEO-03-086-G1,IN-DL-110054-3-86,G1,2000-01-01,AUTHORITATIVE,CANONICAL_BASELINE,1082.37,Initial canonical geometry,ACCEPTED,,"POLYGON((77.2314748 28.6819538,77.2318980 28.6819538,77.2318980 28.6817169,77.2314748 28.6817169,77.2314748 28.6819538))",EPSG:4326
GEO-03-087-G1,IN-DL-110054-3-87,G1,2000-01-01,AUTHORITATIVE,CANONICAL_BASELINE,766.94,Initial canonical geometry,ACCEPTED,,"POLYGON((77.2318980 28.6819538,77.2321979 28.6819538,77.2321979 28.6817169,77.2318980 28.6817169,77.2318980 28.6819538))",EPSG:4326
GEO-03-088-G1,IN-DL-110054-3-88,G1,2000-01-01,AUTHORITATIVE,CANONICAL_BASELINE,666.76,Initial canonical geometry,ACCEPTED,,"POLYGON((77.2321979 28.6819538,77.2324586 28.6819538,77.2324586 28.6817169,77.2321979 28.6817169,77.2321979 28.6819538))",EPSG:4326
GEO-03-089-G1,IN-DL-110054-3-89,G1,2000-01-01,AUTHORITATIVE,CANONICAL_BASELINE,726.68,Initial canonical geometry,ACCEPTED,,"POLYGON((77.2324586 28.6819538,77.2327427 28.6819538,77.2327427 28.6817169,77.2324586 28.6817169,77.2324586 28.6819538))",EPSG:4326
GEO-03-090-G1,IN-DL-110054-3-90,G1,2000-01-01,AUTHORITATIVE,CANONICAL_BASELINE,811.43,Initial canonical geometry,ACCEPTED,,"POLYGON((77.2327427 28.6819538,77.2330600 28.6819538,77.2330600 28.6817169,77.2327427 28.6817169,77.2327427 28.6819538))",EPSG:4326
GEO-03-091-G1,IN-DL-110054-3-91,G1,2000-01-01,AUTHORITATIVE,CANONICAL_BASELINE,612.77,Initial canonical geometry,ACCEPTED,,"POLYGON((77.2300600 28.6817169,77.2303217 28.6817169,77.2303217 28.6815000,77.2300600 28.6815000,77.2300600 28.6817169))",EPSG:4326
GEO-03-092-G1,IN-DL-110054-3-92,G1,2000-01-01,AUTHORITATIVE,CANONICAL_BASELINE,708.65,Initial canonical geometry,ACCEPTED,,"POLYGON((77.2303217 28.6817169,77.2306244 28.6817169,77.2306244 28.6815000,77.2303217 28.6815000,77.2303217 28.6817169))",EPSG:4326
GEO-03-093-G1,IN-DL-110054-3-93,G1,2000-01-01,AUTHORITATIVE,CANONICAL_BASELINE,729.21,Initial canonical geometry,ACCEPTED,,"POLYGON((77.2306244 28.6817169,77.2309359 28.6817169,77.2309359 28.6815000,77.2306244 28.6815000,77.2306244 28.6817169))",EPSG:4326
GEO-03-094-G1,IN-DL-110054-3-94,G1,2000-01-01,AUTHORITATIVE,CANONICAL_BASELINE,628.02,Initial canonical geometry,ACCEPTED,,"POLYGON((77.2309359 28.6817169,77.2312042 28.6817169,77.2312042 28.6815000,77.2309359 28.6815000,77.2309359 28.6817169))",EPSG:4326
GEO-03-095-G1,IN-DL-110054-3-95,G1,2000-01-01,AUTHORITATIVE,CANONICAL_BASELINE,633.54,Initial canonical geometry,ACCEPTED,,"POLYGON((77.2312042 28.6817169,77.2314748 28.6817169,77.2314748 28.6815000,77.2312042 28.6815000,77.2312042 28.6817169))",EPSG:4326
GEO-03-096-G1,IN-DL-110054-3-96,G1,2000-01-01,AUTHORITATIVE,CANONICAL_BASELINE,990.83,Initial canonical geometry,ACCEPTED,,"POLYGON((77.2314748 28.6817169,77.2318980 28.6817169,77.2318980 28.6815000,77.2314748 28.6815000,77.2314748 28.6817169))",EPSG:4326
GEO-03-097-G1,IN-DL-110054-3-97,G1,2000-01-01,AUTHORITATIVE,CANONICAL_BASELINE,702.08,Initial canonical geometry,ACCEPTED,,"POLYGON((77.2318980 28.6817169,77.2321979 28.6817169,77.2321979 28.6815000,77.2318980 28.6815000,77.2318980 28.6817169))",EPSG:4326
GEO-03-098-G1,IN-DL-110054-3-98,G1,2000-01-01,SUPERSEDED,CANONICAL_BASELINE,610.36,Initial canonical geometry,SUPERSEDED,,"POLYGON((77.2321979 28.6817169,77.2324586 28.6817169,77.2324586 28.6815000,77.2321979 28.6815000,77.2321979 28.6817169))",EPSG:4326
GEO-03-098-G2,IN-DL-110054-3-98,G2,2026-05-15,AUTHORITATIVE,GNSS_RESURVEY,609.39,Local distortion corrected by resurvey,ACCEPTED,GEO-03-098-G1,"POLYGON((77.2321712 28.6817184,77.2324422 28.6817247,77.2324484 28.6815166,77.2321774 28.6815103,77.2321712 28.6817184))",EPSG:4326
GEO-03-099-G1,IN-DL-110054-3-99,G1,2000-01-01,SUPERSEDED,CANONICAL_BASELINE,665.22,Initial canonical geometry,SUPERSEDED,,"POLYGON((77.2324586 28.6817169,77.2327427 28.6817169,77.2327427 28.6815000,77.2324586 28.6815000,77.2324586 28.6817169))",EPSG:4326
GEO-03-099-G2,IN-DL-110054-3-99,G2,2026-05-15,AUTHORITATIVE,GNSS_RESURVEY,664.16,Local distortion corrected by resurvey,ACCEPTED,GEO-03-099-G1,"POLYGON((77.2324314 28.6817181,77.2327268 28.6817250,77.2327330 28.6815168,77.2324376 28.6815100,77.2324314 28.6817181))",EPSG:4326
GEO-03-100-G1,IN-DL-110054-3-100,G1,2000-01-01,AUTHORITATIVE,CANONICAL_BASELINE,742.8,Initial canonical geometry,ACCEPTED,,"POLYGON((77.2327427 28.6817169,77.2330600 28.6817169,77.2330600 28.6815000,77.2327427 28.6815000,77.2327427 28.6817169))",EPSG:4326
GEO-04-001-G1,IN-DL-110054-4-1,G1,2000-01-01,AUTHORITATIVE,CANONICAL_BASELINE,814.17,Initial canonical geometry,ACCEPTED,,"POLYGON((77.2333400 28.6840000,77.2336402 28.6840000,77.2336402 28.6837488,77.2333400 28.6837488,77.2333400 28.6840000))",EPSG:4326
GEO-04-002-G1,IN-DL-110054-4-2,G1,2000-01-01,AUTHORITATIVE,CANONICAL_BASELINE,837.79,Initial canonical geometry,ACCEPTED,,"POLYGON((77.2336402 28.6840000,77.2339492 28.6840000,77.2339492 28.6837488,77.2336402 28.6837488,77.2336402 28.6840000))",EPSG:4326
GEO-04-003-G1,IN-DL-110054-4-3,G1,2000-01-01,AUTHORITATIVE,CANONICAL_BASELINE,721.54,Initial canonical geometry,ACCEPTED,,"POLYGON((77.2339492 28.6840000,77.2342153 28.6840000,77.2342153 28.6837488,77.2339492 28.6837488,77.2339492 28.6840000))",EPSG:4326
GEO-04-004-G1,IN-DL-110054-4-4,G1,2000-01-01,SUPERSEDED,CANONICAL_BASELINE,727.88,Initial canonical geometry,SUPERSEDED,,"POLYGON((77.2342153 28.6840000,77.2344837 28.6840000,77.2344837 28.6837488,77.2342153 28.6837488,77.2342153 28.6840000))",EPSG:4326
GEO-04-004-G2,IN-DL-110054-4-4,G2,2026-05-15,AUTHORITATIVE,GNSS_RESURVEY,726.72,Local distortion corrected by resurvey,ACCEPTED,GEO-04-004-G1,"POLYGON((77.2341880 28.6840008,77.2344670 28.6840072,77.2344742 28.6837661,77.2341951 28.6837597,77.2341880 28.6840008))",EPSG:4326
GEO-04-005-G1,IN-DL-110054-4-5,G1,2000-01-01,AUTHORITATIVE,CANONICAL_BASELINE,842.5,Initial canonical geometry,ACCEPTED,,"POLYGON((77.2344837 28.6840000,77.2347944 28.6840000,77.2347944 28.6837488,77.2344837 28.6837488,77.2344837 28.6840000))",EPSG:4326
GEO-04-006-G1,IN-DL-110054-4-6,G1,2000-01-01,AUTHORITATIVE,CANONICAL_BASELINE,1104.91,Initial canonical geometry,ACCEPTED,,"POLYGON((77.2347944 28.6840000,77.2352018 28.6840000,77.2352018 28.6837488,77.2347944 28.6837488,77.2347944 28.6840000))",EPSG:4326
GEO-04-007-G1,IN-DL-110054-4-7,G1,2000-01-01,AUTHORITATIVE,CANONICAL_BASELINE,701.25,Initial canonical geometry,ACCEPTED,,"POLYGON((77.2352018 28.6840000,77.2354604 28.6840000,77.2354604 28.6837488,77.2352018 28.6837488,77.2352018 28.6840000))",EPSG:4326
GEO-04-008-G1,IN-DL-110054-4-8,G1,2000-01-01,AUTHORITATIVE,CANONICAL_BASELINE,764.28,Initial canonical geometry,ACCEPTED,,"POLYGON((77.2354604 28.6840000,77.2357423 28.6840000,77.2357423 28.6837488,77.2354604 28.6837488,77.2354604 28.6840000))",EPSG:4326
GEO-04-009-G1,IN-DL-110054-4-9,G1,2000-01-01,AUTHORITATIVE,CANONICAL_BASELINE,853.41,Initial canonical geometry,ACCEPTED,,"POLYGON((77.2357423 28.6840000,77.2360570 28.6840000,77.2360570 28.6837488,77.2357423 28.6837488,77.2357423 28.6840000))",EPSG:4326
GEO-04-010-G1,IN-DL-110054-4-10,G1,2000-01-01,AUTHORITATIVE,CANONICAL_BASELINE,767.41,Initial canonical geometry,ACCEPTED,,"POLYGON((77.2360570 28.6840000,77.2363400 28.6840000,77.2363400 28.6837488,77.2360570 28.6837488,77.2360570 28.6840000))",EPSG:4326
GEO-04-011-G1,IN-DL-110054-4-11,G1,2000-01-01,AUTHORITATIVE,CANONICAL_BASELINE,853.69,Initial canonical geometry,ACCEPTED,,"POLYGON((77.2333400 28.6837488,77.2336402 28.6837488,77.2336402 28.6834854,77.2333400 28.6834854,77.2333400 28.6837488))",EPSG:4326
GEO-04-012-G1,IN-DL-110054-4-12,G1,2000-01-01,AUTHORITATIVE,CANONICAL_BASELINE,878.45,Initial canonical geometry,ACCEPTED,,"POLYGON((77.2336402 28.6837488,77.2339492 28.6837488,77.2339492 28.6834854,77.2336402 28.6834854,77.2336402 28.6837488))",EPSG:4326
GEO-04-013-G1,IN-DL-110054-4-13,G1,2000-01-01,AUTHORITATIVE,CANONICAL_BASELINE,756.56,Initial canonical geometry,ACCEPTED,,"POLYGON((77.2339492 28.6837488,77.2342153 28.6837488,77.2342153 28.6834854,77.2339492 28.6834854,77.2339492 28.6837488))",EPSG:4326
GEO-04-014-G1,IN-DL-110054-4-14,G1,2000-01-01,AUTHORITATIVE,CANONICAL_BASELINE,763.21,Initial canonical geometry,ACCEPTED,,"POLYGON((77.2342153 28.6837488,77.2344837 28.6837488,77.2344837 28.6834854,77.2342153 28.6834854,77.2342153 28.6837488))",EPSG:4326
GEO-04-015-G1,IN-DL-110054-4-15,G1,2000-01-01,AUTHORITATIVE,CANONICAL_BASELINE,883.39,Initial canonical geometry,ACCEPTED,,"POLYGON((77.2344837 28.6837488,77.2347944 28.6837488,77.2347944 28.6834854,77.2344837 28.6834854,77.2344837 28.6837488))",EPSG:4326
GEO-04-016-G1,IN-DL-110054-4-16,G1,2000-01-01,AUTHORITATIVE,CANONICAL_BASELINE,1158.53,Initial canonical geometry,ACCEPTED,,"POLYGON((77.2347944 28.6837488,77.2352018 28.6837488,77.2352018 28.6834854,77.2347944 28.6834854,77.2347944 28.6837488))",EPSG:4326
GEO-04-017-G1,IN-DL-110054-4-17,G1,2000-01-01,AUTHORITATIVE,CANONICAL_BASELINE,735.28,Initial canonical geometry,ACCEPTED,,"POLYGON((77.2352018 28.6837488,77.2354604 28.6837488,77.2354604 28.6834854,77.2352018 28.6834854,77.2352018 28.6837488))",EPSG:4326
GEO-04-018-G1,IN-DL-110054-4-18,G1,2000-01-01,AUTHORITATIVE,CANONICAL_BASELINE,801.37,Initial canonical geometry,ACCEPTED,,"POLYGON((77.2354604 28.6837488,77.2357423 28.6837488,77.2357423 28.6834854,77.2354604 28.6834854,77.2354604 28.6837488))",EPSG:4326
GEO-04-019-G1,IN-DL-110054-4-19,G1,2000-01-01,AUTHORITATIVE,CANONICAL_BASELINE,894.83,Initial canonical geometry,ACCEPTED,,"POLYGON((77.2357423 28.6837488,77.2360570 28.6837488,77.2360570 28.6834854,77.2357423 28.6834854,77.2357423 28.6837488))",EPSG:4326
GEO-04-020-G1,IN-DL-110054-4-20,G1,2000-01-01,AUTHORITATIVE,CANONICAL_BASELINE,804.66,Initial canonical geometry,ACCEPTED,,"POLYGON((77.2360570 28.6837488,77.2363400 28.6837488,77.2363400 28.6834854,77.2360570 28.6834854,77.2360570 28.6837488))",EPSG:4326
GEO-04-021-G1,IN-DL-110054-4-21,G1,2000-01-01,AUTHORITATIVE,CANONICAL_BASELINE,781.93,Initial canonical geometry,ACCEPTED,,"POLYGON((77.2333400 28.6834854,77.2336402 28.6834854,77.2336402 28.6832442,77.2333400 28.6832442,77.2333400 28.6834854))",EPSG:4326
GEO-04-022-G1,IN-DL-110054-4-22,G1,2000-01-01,AUTHORITATIVE,CANONICAL_BASELINE,804.61,Initial canonical geometry,ACCEPTED,,"POLYGON((77.2336402 28.6834854,77.2339492 28.6834854,77.2339492 28.6832442,77.2336402 28.6832442,77.2336402 28.6834854))",EPSG:4326
GEO-04-023-G1,IN-DL-110054-4-23,G1,2000-01-01,AUTHORITATIVE,CANONICAL_BASELINE,692.97,Initial canonical geometry,ACCEPTED,,"POLYGON((77.2339492 28.6834854,77.2342153 28.6834854,77.2342153 28.6832442,77.2339492 28.6832442,77.2339492 28.6834854))",EPSG:4326
GEO-04-024-G1,IN-DL-110054-4-24,G1,2000-01-01,AUTHORITATIVE,CANONICAL_BASELINE,699.06,Initial canonical geometry,ACCEPTED,,"POLYGON((77.2342153 28.6834854,77.2344837 28.6834854,77.2344837 28.6832442,77.2342153 28.6832442,77.2342153 28.6834854))",EPSG:4326
GEO-04-025-G1,IN-DL-110054-4-25,G1,2000-01-01,AUTHORITATIVE,CANONICAL_BASELINE,809.13,Initial canonical geometry,ACCEPTED,,"POLYGON((77.2344837 28.6834854,77.2347944 28.6834854,77.2347944 28.6832442,77.2344837 28.6832442,77.2344837 28.6834854))",EPSG:4326
GEO-04-025-G2,IN-DL-110054-4-25,G2,2026-05-15,PROPOSED,GNSS_RESURVEY,809.05,GNSS/CORS resurvey,PENDING_HUMAN_APPROVAL,GEO-04-025-G1,"POLYGON((77.2344876 28.6834799,77.2348014 28.6834813,77.2348028 28.6832425,77.2344890 28.6832410,77.2344876 28.6834799))",EPSG:4326
GEO-04-026-G1,IN-DL-110054-4-26,G1,2000-01-01,AUTHORITATIVE,CANONICAL_BASELINE,1061.15,Initial canonical geometry,ACCEPTED,,"POLYGON((77.2347944 28.6834854,77.2352018 28.6834854,77.2352018 28.6832442,77.2347944 28.6832442,77.2347944 28.6834854))",EPSG:4326
GEO-04-027-G1,IN-DL-110054-4-27,G1,2000-01-01,AUTHORITATIVE,CANONICAL_BASELINE,673.48,Initial canonical geometry,ACCEPTED,,"POLYGON((77.2352018 28.6834854,77.2354604 28.6834854,77.2354604 28.6832442,77.2352018 28.6832442,77.2352018 28.6834854))",EPSG:4326
GEO-04-028-G1,IN-DL-110054-4-28,G1,2000-01-01,AUTHORITATIVE,CANONICAL_BASELINE,734.01,Initial canonical geometry,ACCEPTED,,"POLYGON((77.2354604 28.6834854,77.2357423 28.6834854,77.2357423 28.6832442,77.2354604 28.6832442,77.2354604 28.6834854))",EPSG:4326
GEO-04-029-G1,IN-DL-110054-4-29,G1,2000-01-01,AUTHORITATIVE,CANONICAL_BASELINE,819.61,Initial canonical geometry,ACCEPTED,,"POLYGON((77.2357423 28.6834854,77.2360570 28.6834854,77.2360570 28.6832442,77.2357423 28.6832442,77.2357423 28.6834854))",EPSG:4326
GEO-04-030-G1,IN-DL-110054-4-30,G1,2000-01-01,AUTHORITATIVE,CANONICAL_BASELINE,737.02,Initial canonical geometry,ACCEPTED,,"POLYGON((77.2360570 28.6834854,77.2363400 28.6834854,77.2363400 28.6832442,77.2360570 28.6832442,77.2360570 28.6834854))",EPSG:4326
GEO-04-031-G1,IN-DL-110054-4-31,G1,2000-01-01,AUTHORITATIVE,CANONICAL_BASELINE,704.03,Initial canonical geometry,ACCEPTED,,"POLYGON((77.2333400 28.6832442,77.2336402 28.6832442,77.2336402 28.6830270,77.2333400 28.6830270,77.2333400 28.6832442))",EPSG:4326
GEO-04-032-G1,IN-DL-110054-4-32,G1,2000-01-01,AUTHORITATIVE,CANONICAL_BASELINE,724.45,Initial canonical geometry,ACCEPTED,,"POLYGON((77.2336402 28.6832442,77.2339492 28.6832442,77.2339492 28.6830270,77.2336402 28.6830270,77.2336402 28.6832442))",EPSG:4326
GEO-04-033-G1,IN-DL-110054-4-33,G1,2000-01-01,AUTHORITATIVE,CANONICAL_BASELINE,623.93,Initial canonical geometry,ACCEPTED,,"POLYGON((77.2339492 28.6832442,77.2342153 28.6832442,77.2342153 28.6830270,77.2339492 28.6830270,77.2339492 28.6832442))",EPSG:4326
GEO-04-034-G1,IN-DL-110054-4-34,G1,2000-01-01,AUTHORITATIVE,CANONICAL_BASELINE,629.41,Initial canonical geometry,ACCEPTED,,"POLYGON((77.2342153 28.6832442,77.2344837 28.6832442,77.2344837 28.6830270,77.2342153 28.6830270,77.2342153 28.6832442))",EPSG:4326
GEO-04-034-G2,IN-DL-110054-4-34,G2,2026-05-15,PROPOSED,GNSS_RESURVEY,629.35,GNSS/CORS resurvey,PENDING_HUMAN_APPROVAL,GEO-04-034-G1,"POLYGON((77.2342194 28.6832388,77.2344905 28.6832401,77.2344918 28.6830251,77.2342207 28.6830238,77.2342194 28.6832388))",EPSG:4326
GEO-04-035-G1,IN-DL-110054-4-35,G1,2000-01-01,AUTHORITATIVE,CANONICAL_BASELINE,728.52,Initial canonical geometry,ACCEPTED,,"POLYGON((77.2344837 28.6832442,77.2347944 28.6832442,77.2347944 28.6830270,77.2344837 28.6830270,77.2344837 28.6832442))",EPSG:4326
GEO-04-036-G1,IN-DL-110054-4-36,G1,2000-01-01,AUTHORITATIVE,CANONICAL_BASELINE,955.43,Initial canonical geometry,ACCEPTED,,"POLYGON((77.2347944 28.6832442,77.2352018 28.6832442,77.2352018 28.6830270,77.2347944 28.6830270,77.2347944 28.6832442))",EPSG:4326
GEO-04-037-G1,IN-DL-110054-4-37,G1,2000-01-01,AUTHORITATIVE,CANONICAL_BASELINE,606.38,Initial canonical geometry,ACCEPTED,,"POLYGON((77.2352018 28.6832442,77.2354604 28.6832442,77.2354604 28.6830270,77.2352018 28.6830270,77.2352018 28.6832442))",EPSG:4326
GEO-04-038-G1,IN-DL-110054-4-38,G1,2000-01-01,AUTHORITATIVE,CANONICAL_BASELINE,660.88,Initial canonical geometry,ACCEPTED,,"POLYGON((77.2354604 28.6832442,77.2357423 28.6832442,77.2357423 28.6830270,77.2354604 28.6830270,77.2354604 28.6832442))",EPSG:4326
GEO-04-039-G1,IN-DL-110054-4-39,G1,2000-01-01,AUTHORITATIVE,CANONICAL_BASELINE,737.95,Initial canonical geometry,ACCEPTED,,"POLYGON((77.2357423 28.6832442,77.2360570 28.6832442,77.2360570 28.6830270,77.2357423 28.6830270,77.2357423 28.6832442))",EPSG:4326
GEO-04-040-G1,IN-DL-110054-4-40,G1,2000-01-01,AUTHORITATIVE,CANONICAL_BASELINE,663.59,Initial canonical geometry,ACCEPTED,,"POLYGON((77.2360570 28.6832442,77.2363400 28.6832442,77.2363400 28.6830270,77.2360570 28.6830270,77.2360570 28.6832442))",EPSG:4326
GEO-04-041-G1,IN-DL-110054-4-41,G1,2000-01-01,AUTHORITATIVE,CANONICAL_BASELINE,734.11,Initial canonical geometry,ACCEPTED,,"POLYGON((77.2333400 28.6830270,77.2336402 28.6830270,77.2336402 28.6828005,77.2333400 28.6828005,77.2333400 28.6830270))",EPSG:4326
GEO-04-042-G1,IN-DL-110054-4-42,G1,2000-01-01,AUTHORITATIVE,CANONICAL_BASELINE,755.4,Initial canonical geometry,ACCEPTED,,"POLYGON((77.2336402 28.6830270,77.2339492 28.6830270,77.2339492 28.6828005,77.2336402 28.6828005,77.2336402 28.6830270))",EPSG:4326
GEO-04-043-G1,IN-DL-110054-4-43,G1,2000-01-01,AUTHORITATIVE,CANONICAL_BASELINE,650.58,Initial canonical geometry,ACCEPTED,,"POLYGON((77.2339492 28.6830270,77.2342153 28.6830270,77.2342153 28.6828005,77.2339492 28.6828005,77.2339492 28.6830270))",EPSG:4326
GEO-04-044-G1,IN-DL-110054-4-44,G1,2000-01-01,AUTHORITATIVE,CANONICAL_BASELINE,656.3,Initial canonical geometry,ACCEPTED,,"POLYGON((77.2342153 28.6830270,77.2344837 28.6830270,77.2344837 28.6828005,77.2342153 28.6828005,77.2342153 28.6830270))",EPSG:4326
GEO-04-045-G1,IN-DL-110054-4-45,G1,2000-01-01,SUPERSEDED,CANONICAL_BASELINE,759.64,Initial canonical geometry,SUPERSEDED,,"POLYGON((77.2344837 28.6830270,77.2347944 28.6830270,77.2347944 28.6828005,77.2344837 28.6828005,77.2344837 28.6830270))",EPSG:4326
GEO-04-045-G2,IN-DL-110054-4-45,G2,2026-05-15,AUTHORITATIVE,GNSS_RESURVEY,759.57,GNSS/CORS resurvey,ACCEPTED,GEO-04-045-G1,"POLYGON((77.2344876 28.6830215,77.2348014 28.6830229,77.2348027 28.6827987,77.2344890 28.6827973,77.2344876 28.6830215))",EPSG:4326
GEO-04-046-G1,IN-DL-110054-4-46,G1,2000-01-01,AUTHORITATIVE,CANONICAL_BASELINE,996.25,Initial canonical geometry,ACCEPTED,,"POLYGON((77.2347944 28.6830270,77.2352018 28.6830270,77.2352018 28.6828005,77.2347944 28.6828005,77.2347944 28.6830270))",EPSG:4326
GEO-04-047-G1,IN-DL-110054-4-47,G1,2000-01-01,AUTHORITATIVE,CANONICAL_BASELINE,632.29,Initial canonical geometry,ACCEPTED,,"POLYGON((77.2352018 28.6830270,77.2354604 28.6830270,77.2354604 28.6828005,77.2352018 28.6828005,77.2352018 28.6830270))",EPSG:4326
GEO-04-048-G1,IN-DL-110054-4-48,G1,2000-01-01,AUTHORITATIVE,CANONICAL_BASELINE,689.12,Initial canonical geometry,ACCEPTED,,"POLYGON((77.2354604 28.6830270,77.2357423 28.6830270,77.2357423 28.6828005,77.2354604 28.6828005,77.2354604 28.6830270))",EPSG:4326
GEO-04-049-G1,IN-DL-110054-4-49,G1,2000-01-01,AUTHORITATIVE,CANONICAL_BASELINE,769.48,Initial canonical geometry,ACCEPTED,,"POLYGON((77.2357423 28.6830270,77.2360570 28.6830270,77.2360570 28.6828005,77.2357423 28.6828005,77.2357423 28.6830270))",EPSG:4326
GEO-04-049-G2,IN-DL-110054-4-49,G2,2026-05-15,PROPOSED,GNSS_RESURVEY,769.4,GNSS/CORS resurvey,PENDING_HUMAN_APPROVAL,GEO-04-049-G1,"POLYGON((77.2357462 28.6830215,77.2360641 28.6830229,77.2360654 28.6827987,77.2357475 28.6827972,77.2357462 28.6830215))",EPSG:4326
GEO-04-050-G1,IN-DL-110054-4-50,G1,2000-01-01,AUTHORITATIVE,CANONICAL_BASELINE,691.94,Initial canonical geometry,ACCEPTED,,"POLYGON((77.2360570 28.6830270,77.2363400 28.6830270,77.2363400 28.6828005,77.2360570 28.6828005,77.2360570 28.6830270))",EPSG:4326
GEO-04-051-G1,IN-DL-110054-4-51,G1,2000-01-01,AUTHORITATIVE,CANONICAL_BASELINE,1152.22,Initial canonical geometry,ACCEPTED,,"POLYGON((77.2333400 28.6828005,77.2336402 28.6828005,77.2336402 28.6824450,77.2333400 28.6824450,77.2333400 28.6828005))",EPSG:4326
GEO-04-052-G1,IN-DL-110054-4-52,G1,2000-01-01,AUTHORITATIVE,CANONICAL_BASELINE,1185.64,Initial canonical geometry,ACCEPTED,,"POLYGON((77.2336402 28.6828005,77.2339492 28.6828005,77.2339492 28.6824450,77.2336402 28.6824450,77.2336402 28.6828005))",EPSG:4326
GEO-04-053-G1,IN-DL-110054-4-53,G1,2000-01-01,AUTHORITATIVE,CANONICAL_BASELINE,1021.12,Initial canonical geometry,ACCEPTED,,"POLYGON((77.2339492 28.6828005,77.2342153 28.6828005,77.2342153 28.6824450,77.2339492 28.6824450,77.2339492 28.6828005))",EPSG:4326
GEO-04-054-G1,IN-DL-110054-4-54,G1,2000-01-01,SUPERSEDED,CANONICAL_BASELINE,1030.1,Initial canonical geometry,SUPERSEDED,,"POLYGON((77.2342153 28.6828005,77.2344837 28.6828005,77.2344837 28.6824450,77.2342153 28.6824450,77.2342153 28.6828005))",EPSG:4326
GEO-04-054-G2,IN-DL-110054-4-54,G2,2026-05-15,AUTHORITATIVE,GNSS_RESURVEY,1028.45,Local distortion corrected by resurvey,ACCEPTED,GEO-04-054-G1,"POLYGON((77.2341865 28.6827991,77.2344655 28.6828056,77.2344756 28.6824644,77.2341966 28.6824580,77.2341865 28.6827991))",EPSG:4326
GEO-04-055-G1,IN-DL-110054-4-55,G1,2000-01-01,AUTHORITATIVE,CANONICAL_BASELINE,1192.3,Initial canonical geometry,ACCEPTED,,"POLYGON((77.2344837 28.6828005,77.2347944 28.6828005,77.2347944 28.6824450,77.2344837 28.6824450,77.2344837 28.6828005))",EPSG:4326
GEO-04-056-G1,IN-DL-110054-4-56,G1,2000-01-01,AUTHORITATIVE,CANONICAL_BASELINE,1563.67,Initial canonical geometry,ACCEPTED,,"POLYGON((77.2347944 28.6828005,77.2352018 28.6828005,77.2352018 28.6824450,77.2347944 28.6824450,77.2347944 28.6828005))",EPSG:4326
GEO-04-057-G1,IN-DL-110054-4-57,G1,2000-01-01,AUTHORITATIVE,CANONICAL_BASELINE,992.41,Initial canonical geometry,ACCEPTED,,"POLYGON((77.2352018 28.6828005,77.2354604 28.6828005,77.2354604 28.6824450,77.2352018 28.6824450,77.2352018 28.6828005))",EPSG:4326
GEO-04-058-G1,IN-DL-110054-4-58,G1,2000-01-01,AUTHORITATIVE,CANONICAL_BASELINE,1081.61,Initial canonical geometry,ACCEPTED,,"POLYGON((77.2354604 28.6828005,77.2357423 28.6828005,77.2357423 28.6824450,77.2354604 28.6824450,77.2354604 28.6828005))",EPSG:4326
GEO-04-059-G1,IN-DL-110054-4-59,G1,2000-01-01,AUTHORITATIVE,CANONICAL_BASELINE,1207.74,Initial canonical geometry,ACCEPTED,,"POLYGON((77.2357423 28.6828005,77.2360570 28.6828005,77.2360570 28.6824450,77.2357423 28.6824450,77.2357423 28.6828005))",EPSG:4326
GEO-04-060-G1,IN-DL-110054-4-60,G1,2000-01-01,AUTHORITATIVE,CANONICAL_BASELINE,1086.04,Initial canonical geometry,ACCEPTED,,"POLYGON((77.2360570 28.6828005,77.2363400 28.6828005,77.2363400 28.6824450,77.2360570 28.6824450,77.2360570 28.6828005))",EPSG:4326
GEO-04-061-G1,IN-DL-110054-4-61,G1,2000-01-01,AUTHORITATIVE,CANONICAL_BASELINE,848.31,Initial canonical geometry,ACCEPTED,,"POLYGON((77.2333400 28.6824450,77.2336402 28.6824450,77.2336402 28.6821832,77.2333400 28.6821832,77.2333400 28.6824450))",EPSG:4326
GEO-04-062-G1,IN-DL-110054-4-62,G1,2000-01-01,AUTHORITATIVE,CANONICAL_BASELINE,872.92,Initial canonical geometry,ACCEPTED,,"POLYGON((77.2336402 28.6824450,77.2339492 28.6824450,77.2339492 28.6821832,77.2336402 28.6821832,77.2336402 28.6824450))",EPSG:4326
GEO-04-063-G1,IN-DL-110054-4-63,G1,2000-01-01,AUTHORITATIVE,CANONICAL_BASELINE,751.79,Initial canonical geometry,ACCEPTED,,"POLYGON((77.2339492 28.6824450,77.2342153 28.6824450,77.2342153 28.6821832,77.2339492 28.6821832,77.2339492 28.6824450))",EPSG:4326
GEO-04-064-G1,IN-DL-110054-4-64,G1,2000-01-01,AUTHORITATIVE,CANONICAL_BASELINE,758.4,Initial canonical geometry,ACCEPTED,,"POLYGON((77.2342153 28.6824450,77.2344837 28.6824450,77.2344837 28.6821832,77.2342153 28.6821832,77.2342153 28.6824450))",EPSG:4326
GEO-04-065-G1,IN-DL-110054-4-65,G1,2000-01-01,AUTHORITATIVE,CANONICAL_BASELINE,877.82,Initial canonical geometry,ACCEPTED,,"POLYGON((77.2344837 28.6824450,77.2347944 28.6824450,77.2347944 28.6821832,77.2344837 28.6821832,77.2344837 28.6824450))",EPSG:4326
GEO-04-066-G1,IN-DL-110054-4-66,G1,2000-01-01,AUTHORITATIVE,CANONICAL_BASELINE,1151.23,Initial canonical geometry,ACCEPTED,,"POLYGON((77.2347944 28.6824450,77.2352018 28.6824450,77.2352018 28.6821832,77.2347944 28.6821832,77.2347944 28.6824450))",EPSG:4326
GEO-04-067-G1,IN-DL-110054-4-67,G1,2000-01-01,AUTHORITATIVE,CANONICAL_BASELINE,730.65,Initial canonical geometry,ACCEPTED,,"POLYGON((77.2352018 28.6824450,77.2354604 28.6824450,77.2354604 28.6821832,77.2352018 28.6821832,77.2352018 28.6824450))",EPSG:4326
GEO-04-068-G1,IN-DL-110054-4-68,G1,2000-01-01,AUTHORITATIVE,CANONICAL_BASELINE,796.32,Initial canonical geometry,ACCEPTED,,"POLYGON((77.2354604 28.6824450,77.2357423 28.6824450,77.2357423 28.6821832,77.2354604 28.6821832,77.2354604 28.6824450))",EPSG:4326
GEO-04-069-G1,IN-DL-110054-4-69,G1,2000-01-01,AUTHORITATIVE,CANONICAL_BASELINE,889.19,Initial canonical geometry,ACCEPTED,,"POLYGON((77.2357423 28.6824450,77.2360570 28.6824450,77.2360570 28.6821832,77.2357423 28.6821832,77.2357423 28.6824450))",EPSG:4326
GEO-04-070-G1,IN-DL-110054-4-70,G1,2000-01-01,SUPERSEDED,CANONICAL_BASELINE,799.59,Initial canonical geometry,SUPERSEDED,,"POLYGON((77.2360570 28.6824450,77.2363400 28.6824450,77.2363400 28.6821832,77.2360570 28.6821832,77.2360570 28.6824450))",EPSG:4326
GEO-04-070-G2,IN-DL-110054-4-70,G2,2026-05-15,AUTHORITATIVE,GNSS_RESURVEY,799.51,GNSS/CORS resurvey,ACCEPTED,GEO-04-070-G1,"POLYGON((77.2360610 28.6824394,77.2363468 28.6824407,77.2363483 28.6821816,77.2360625 28.6821803,77.2360610 28.6824394))",EPSG:4326
GEO-04-071-G1,IN-DL-110054-4-71,G1,2000-01-01,AUTHORITATIVE,CANONICAL_BASELINE,765.13,Initial canonical geometry,ACCEPTED,,"POLYGON((77.2333400 28.6821832,77.2336402 28.6821832,77.2336402 28.6819472,77.2333400 28.6819472,77.2333400 28.6821832))",EPSG:4326
GEO-04-072-G1,IN-DL-110054-4-72,G1,2000-01-01,AUTHORITATIVE,CANONICAL_BASELINE,787.32,Initial canonical geometry,ACCEPTED,,"POLYGON((77.2336402 28.6821832,77.2339492 28.6821832,77.2339492 28.6819472,77.2336402 28.6819472,77.2336402 28.6821832))",EPSG:4326
GEO-04-073-G1,IN-DL-110054-4-73,G1,2000-01-01,AUTHORITATIVE,CANONICAL_BASELINE,678.07,Initial canonical geometry,ACCEPTED,,"POLYGON((77.2339492 28.6821832,77.2342153 28.6821832,77.2342153 28.6819472,77.2339492 28.6819472,77.2339492 28.6821832))",EPSG:4326
GEO-04-074-G1,IN-DL-110054-4-74,G1,2000-01-01,AUTHORITATIVE,CANONICAL_BASELINE,684.03,Initial canonical geometry,ACCEPTED,,"POLYGON((77.2342153 28.6821832,77.2344837 28.6821832,77.2344837 28.6819472,77.2342153 28.6819472,77.2342153 28.6821832))",EPSG:4326
GEO-04-075-G1,IN-DL-110054-4-75,G1,2000-01-01,AUTHORITATIVE,CANONICAL_BASELINE,791.74,Initial canonical geometry,ACCEPTED,,"POLYGON((77.2344837 28.6821832,77.2347944 28.6821832,77.2347944 28.6819472,77.2344837 28.6819472,77.2344837 28.6821832))",EPSG:4326
GEO-04-076-G1,IN-DL-110054-4-76,G1,2000-01-01,AUTHORITATIVE,CANONICAL_BASELINE,1038.35,Initial canonical geometry,ACCEPTED,,"POLYGON((77.2347944 28.6821832,77.2352018 28.6821832,77.2352018 28.6819472,77.2347944 28.6819472,77.2347944 28.6821832))",EPSG:4326
GEO-04-077-G1,IN-DL-110054-4-77,G1,2000-01-01,AUTHORITATIVE,CANONICAL_BASELINE,659.01,Initial canonical geometry,ACCEPTED,,"POLYGON((77.2352018 28.6821832,77.2354604 28.6821832,77.2354604 28.6819472,77.2352018 28.6819472,77.2352018 28.6821832))",EPSG:4326
GEO-04-078-G1,IN-DL-110054-4-78,G1,2000-01-01,AUTHORITATIVE,CANONICAL_BASELINE,718.24,Initial canonical geometry,ACCEPTED,,"POLYGON((77.2354604 28.6821832,77.2357423 28.6821832,77.2357423 28.6819472,77.2354604 28.6819472,77.2354604 28.6821832))",EPSG:4326
GEO-04-079-G1,IN-DL-110054-4-79,G1,2000-01-01,AUTHORITATIVE,CANONICAL_BASELINE,802.0,Initial canonical geometry,ACCEPTED,,"POLYGON((77.2357423 28.6821832,77.2360570 28.6821832,77.2360570 28.6819472,77.2357423 28.6819472,77.2357423 28.6821832))",EPSG:4326
GEO-04-080-G1,IN-DL-110054-4-80,G1,2000-01-01,AUTHORITATIVE,CANONICAL_BASELINE,721.18,Initial canonical geometry,ACCEPTED,,"POLYGON((77.2360570 28.6821832,77.2363400 28.6821832,77.2363400 28.6819472,77.2360570 28.6819472,77.2360570 28.6821832))",EPSG:4326
GEO-04-081-G1,IN-DL-110054-4-81,G1,2000-01-01,AUTHORITATIVE,CANONICAL_BASELINE,700.42,Initial canonical geometry,ACCEPTED,,"POLYGON((77.2333400 28.6819472,77.2336402 28.6819472,77.2336402 28.6817311,77.2333400 28.6817311,77.2333400 28.6819472))",EPSG:4326
GEO-04-082-G1,IN-DL-110054-4-82,G1,2000-01-01,AUTHORITATIVE,CANONICAL_BASELINE,720.73,Initial canonical geometry,ACCEPTED,,"POLYGON((77.2336402 28.6819472,77.2339492 28.6819472,77.2339492 28.6817311,77.2336402 28.6817311,77.2336402 28.6819472))",EPSG:4326
GEO-04-083-G1,IN-DL-110054-4-83,G1,2000-01-01,SUPERSEDED,CANONICAL_BASELINE,620.72,Initial canonical geometry,SUPERSEDED,,"POLYGON((77.2339492 28.6819472,77.2342153 28.6819472,77.2342153 28.6817311,77.2339492 28.6817311,77.2339492 28.6819472))",EPSG:4326
GEO-04-083-G2,IN-DL-110054-4-83,G2,2026-05-15,AUTHORITATIVE,GNSS_RESURVEY,620.66,GNSS/CORS resurvey,ACCEPTED,GEO-04-083-G1,"POLYGON((77.2339534 28.6819419,77.2342221 28.6819431,77.2342234 28.6817292,77.2339546 28.6817279,77.2339534 28.6819419))",EPSG:4326
GEO-04-084-G1,IN-DL-110054-4-84,G1,2000-01-01,AUTHORITATIVE,CANONICAL_BASELINE,626.18,Initial canonical geometry,ACCEPTED,,"POLYGON((77.2342153 28.6819472,77.2344837 28.6819472,77.2344837 28.6817311,77.2342153 28.6817311,77.2342153 28.6819472))",EPSG:4326
GEO-04-085-G1,IN-DL-110054-4-85,G1,2000-01-01,AUTHORITATIVE,CANONICAL_BASELINE,724.78,Initial canonical geometry,ACCEPTED,,"POLYGON((77.2344837 28.6819472,77.2347944 28.6819472,77.2347944 28.6817311,77.2344837 28.6817311,77.2344837 28.6819472))",EPSG:4326
GEO-04-086-G1,IN-DL-110054-4-86,G1,2000-01-01,AUTHORITATIVE,CANONICAL_BASELINE,950.53,Initial canonical geometry,ACCEPTED,,"POLYGON((77.2347944 28.6819472,77.2352018 28.6819472,77.2352018 28.6817311,77.2347944 28.6817311,77.2347944 28.6819472))",EPSG:4326
GEO-04-087-G1,IN-DL-110054-4-87,G1,2000-01-01,AUTHORITATIVE,CANONICAL_BASELINE,603.27,Initial canonical geometry,ACCEPTED,,"POLYGON((77.2352018 28.6819472,77.2354604 28.6819472,77.2354604 28.6817311,77.2352018 28.6817311,77.2352018 28.6819472))",EPSG:4326
GEO-04-088-G1,IN-DL-110054-4-88,G1,2000-01-01,AUTHORITATIVE,CANONICAL_BASELINE,657.49,Initial canonical geometry,ACCEPTED,,"POLYGON((77.2354604 28.6819472,77.2357423 28.6819472,77.2357423 28.6817311,77.2354604 28.6817311,77.2354604 28.6819472))",EPSG:4326
GEO-04-089-G1,IN-DL-110054-4-89,G1,2000-01-01,AUTHORITATIVE,CANONICAL_BASELINE,734.17,Initial canonical geometry,ACCEPTED,,"POLYGON((77.2357423 28.6819472,77.2360570 28.6819472,77.2360570 28.6817311,77.2357423 28.6817311,77.2357423 28.6819472))",EPSG:4326
GEO-04-090-G1,IN-DL-110054-4-90,G1,2000-01-01,SUPERSEDED,CANONICAL_BASELINE,660.19,Initial canonical geometry,SUPERSEDED,,"POLYGON((77.2360570 28.6819472,77.2363400 28.6819472,77.2363400 28.6817311,77.2360570 28.6817311,77.2360570 28.6819472))",EPSG:4326
GEO-04-090-G2,IN-DL-110054-4-90,G2,2026-05-15,AUTHORITATIVE,GNSS_RESURVEY,620.57,Road widening / boundary correction,ACCEPTED,GEO-04-090-G1,"POLYGON((77.2360778 28.6819490,77.2363438 28.6819490,77.2363438 28.6817329,77.2360778 28.6817329,77.2360778 28.6819490))",EPSG:4326
GEO-04-091-G1,IN-DL-110054-4-91,G1,2000-01-01,SUPERSEDED,CANONICAL_BASELINE,748.98,Initial canonical geometry,SUPERSEDED,,"POLYGON((77.2333400 28.6817311,77.2336402 28.6817311,77.2336402 28.6815000,77.2333400 28.6815000,77.2333400 28.6817311))",EPSG:4326
GEO-04-091-G2,IN-DL-110054-4-91,G2,2026-05-15,AUTHORITATIVE,GNSS_RESURVEY,748.9,GNSS/CORS resurvey,ACCEPTED,GEO-04-091-G1,"POLYGON((77.2333440 28.6817256,77.2336472 28.6817270,77.2336486 28.6814982,77.2333453 28.6814968,77.2333440 28.6817256))",EPSG:4326
GEO-04-092-G1,IN-DL-110054-4-92,G1,2000-01-01,AUTHORITATIVE,CANONICAL_BASELINE,770.7,Initial canonical geometry,ACCEPTED,,"POLYGON((77.2336402 28.6817311,77.2339492 28.6817311,77.2339492 28.6815000,77.2336402 28.6815000,77.2336402 28.6817311))",EPSG:4326
GEO-04-093-G1,IN-DL-110054-4-93,G1,2000-01-01,AUTHORITATIVE,CANONICAL_BASELINE,663.76,Initial canonical geometry,ACCEPTED,,"POLYGON((77.2339492 28.6817311,77.2342153 28.6817311,77.2342153 28.6815000,77.2339492 28.6815000,77.2339492 28.6817311))",EPSG:4326
GEO-04-094-G1,IN-DL-110054-4-94,G1,2000-01-01,AUTHORITATIVE,CANONICAL_BASELINE,669.59,Initial canonical geometry,ACCEPTED,,"POLYGON((77.2342153 28.6817311,77.2344837 28.6817311,77.2344837 28.6815000,77.2342153 28.6815000,77.2342153 28.6817311))",EPSG:4326
GEO-04-095-G1,IN-DL-110054-4-95,G1,2000-01-01,AUTHORITATIVE,CANONICAL_BASELINE,775.03,Initial canonical geometry,ACCEPTED,,"POLYGON((77.2344837 28.6817311,77.2347944 28.6817311,77.2347944 28.6815000,77.2344837 28.6815000,77.2344837 28.6817311))",EPSG:4326
GEO-04-096-G1,IN-DL-110054-4-96,G1,2000-01-01,AUTHORITATIVE,CANONICAL_BASELINE,1016.43,Initial canonical geometry,ACCEPTED,,"POLYGON((77.2347944 28.6817311,77.2352018 28.6817311,77.2352018 28.6815000,77.2347944 28.6815000,77.2347944 28.6817311))",EPSG:4326
GEO-04-097-G1,IN-DL-110054-4-97,G1,2000-01-01,AUTHORITATIVE,CANONICAL_BASELINE,645.1,Initial canonical geometry,ACCEPTED,,"POLYGON((77.2352018 28.6817311,77.2354604 28.6817311,77.2354604 28.6815000,77.2352018 28.6815000,77.2352018 28.6817311))",EPSG:4326
GEO-04-098-G1,IN-DL-110054-4-98,G1,2000-01-01,AUTHORITATIVE,CANONICAL_BASELINE,703.08,Initial canonical geometry,ACCEPTED,,"POLYGON((77.2354604 28.6817311,77.2357423 28.6817311,77.2357423 28.6815000,77.2354604 28.6815000,77.2354604 28.6817311))",EPSG:4326
GEO-04-099-G1,IN-DL-110054-4-99,G1,2000-01-01,AUTHORITATIVE,CANONICAL_BASELINE,785.07,Initial canonical geometry,ACCEPTED,,"POLYGON((77.2357423 28.6817311,77.2360570 28.6817311,77.2360570 28.6815000,77.2357423 28.6815000,77.2357423 28.6817311))",EPSG:4326
GEO-04-100-G1,IN-DL-110054-4-100,G1,2000-01-01,AUTHORITATIVE,CANONICAL_BASELINE,705.96,Initial canonical geometry,ACCEPTED,,"POLYGON((77.2360570 28.6817311,77.2363400 28.6817311,77.2363400 28.6815000,77.2360570 28.6815000,77.2360570 28.6817311))",EPSG:4326
GEO-05-001-G1,IN-DL-110054-5-1,G1,2000-01-01,AUTHORITATIVE,CANONICAL_BASELINE,888.47,Initial canonical geometry,ACCEPTED,,"POLYGON((77.2366200 28.6840000,77.2369335 28.6840000,77.2369335 28.6837375,77.2366200 28.6837375,77.2366200 28.6840000))",EPSG:4326
GEO-05-002-G1,IN-DL-110054-5-2,G1,2000-01-01,AUTHORITATIVE,CANONICAL_BASELINE,765.19,Initial canonical geometry,ACCEPTED,,"POLYGON((77.2369335 28.6840000,77.2372035 28.6840000,77.2372035 28.6837375,77.2369335 28.6837375,77.2369335 28.6840000))",EPSG:4326
GEO-05-003-G1,IN-DL-110054-5-3,G1,2000-01-01,AUTHORITATIVE,CANONICAL_BASELINE,771.92,Initial canonical geometry,ACCEPTED,,"POLYGON((77.2372035 28.6840000,77.2374759 28.6840000,77.2374759 28.6837375,77.2372035 28.6837375,77.2372035 28.6840000))",EPSG:4326
GEO-05-004-G1,IN-DL-110054-5-4,G1,2000-01-01,AUTHORITATIVE,CANONICAL_BASELINE,893.47,Initial canonical geometry,ACCEPTED,,"POLYGON((77.2374759 28.6840000,77.2377911 28.6840000,77.2377911 28.6837375,77.2374759 28.6837375,77.2374759 28.6840000))",EPSG:4326
GEO-05-005-G1,IN-DL-110054-5-5,G1,2000-01-01,AUTHORITATIVE,CANONICAL_BASELINE,855.42,Initial canonical geometry,ACCEPTED,,"POLYGON((77.2377911 28.6840000,77.2380930 28.6840000,77.2380930 28.6837375,77.2377911 28.6837375,77.2377911 28.6840000))",EPSG:4326
GEO-05-006-G1,IN-DL-110054-5-6,G1,2000-01-01,SUPERSEDED,CANONICAL_BASELINE,1055.42,Initial canonical geometry,SUPERSEDED,,"POLYGON((77.2380930 28.6840000,77.2384654 28.6840000,77.2384654 28.6837375,77.2380930 28.6837375,77.2380930 28.6840000))",EPSG:4326
GEO-05-006-G2,IN-DL-110054-5-6,G2,2026-05-15,AUTHORITATIVE,GNSS_RESURVEY,1053.73,Local distortion corrected by resurvey,ACCEPTED,GEO-05-006-G1,"POLYGON((77.2380634 28.6839993,77.2384506 28.6840082,77.2384581 28.6837563,77.2380709 28.6837473,77.2380634 28.6839993))",EPSG:4326
GEO-05-007-G1,IN-DL-110054-5-7,G1,2000-01-01,AUTHORITATIVE,CANONICAL_BASELINE,810.52,Initial canonical geometry,ACCEPTED,,"POLYGON((77.2384654 28.6840000,77.2387514 28.6840000,77.2387514 28.6837375,77.2384654 28.6837375,77.2384654 28.6840000))",EPSG:4326
GEO-05-008-G1,IN-DL-110054-5-8,G1,2000-01-01,AUTHORITATIVE,CANONICAL_BASELINE,905.04,Initial canonical geometry,ACCEPTED,,"POLYGON((77.2387514 28.6840000,77.2390707 28.6840000,77.2390707 28.6837375,77.2387514 28.6837375,77.2387514 28.6840000))",EPSG:4326
GEO-05-009-G1,IN-DL-110054-5-9,G1,2000-01-01,AUTHORITATIVE,CANONICAL_BASELINE,813.84,Initial canonical geometry,ACCEPTED,,"POLYGON((77.2390707 28.6840000,77.2393579 28.6840000,77.2393579 28.6837375,77.2390707 28.6837375,77.2390707 28.6840000))",EPSG:4326
GEO-05-010-G1,IN-DL-110054-5-10,G1,2000-01-01,AUTHORITATIVE,CANONICAL_BASELINE,742.82,Initial canonical geometry,ACCEPTED,,"POLYGON((77.2393579 28.6840000,77.2396200 28.6840000,77.2396200 28.6837375,77.2393579 28.6837375,77.2393579 28.6840000))",EPSG:4326
GEO-05-011-G1,IN-DL-110054-5-11,G1,2000-01-01,AUTHORITATIVE,CANONICAL_BASELINE,813.79,Initial canonical geometry,ACCEPTED,,"POLYGON((77.2366200 28.6837375,77.2369335 28.6837375,77.2369335 28.6834970,77.2366200 28.6834970,77.2366200 28.6837375))",EPSG:4326
GEO-05-012-G1,IN-DL-110054-5-12,G1,2000-01-01,AUTHORITATIVE,CANONICAL_BASELINE,700.87,Initial canonical geometry,ACCEPTED,,"POLYGON((77.2369335 28.6837375,77.2372035 28.6837375,77.2372035 28.6834970,77.2369335 28.6834970,77.2369335 28.6837375))",EPSG:4326
GEO-05-013-G1,IN-DL-110054-5-13,G1,2000-01-01,AUTHORITATIVE,CANONICAL_BASELINE,707.03,Initial canonical geometry,ACCEPTED,,"POLYGON((77.2372035 28.6837375,77.2374759 28.6837375,77.2374759 28.6834970,77.2372035 28.6834970,77.2372035 28.6837375))",EPSG:4326
GEO-05-014-G1,IN-DL-110054-5-14,G1,2000-01-01,AUTHORITATIVE,CANONICAL_BASELINE,818.37,Initial canonical geometry,ACCEPTED,,"POLYGON((77.2374759 28.6837375,77.2377911 28.6837375,77.2377911 28.6834970,77.2374759 28.6834970,77.2374759 28.6837375))",EPSG:4326
GEO-05-015-G1,IN-DL-110054-5-15,G1,2000-01-01,AUTHORITATIVE,CANONICAL_BASELINE,783.52,Initial canonical geometry,ACCEPTED,,"POLYGON((77.2377911 28.6837375,77.2380930 28.6837375,77.2380930 28.6834970,77.2377911 28.6834970,77.2377911 28.6837375))",EPSG:4326
GEO-05-016-G1,IN-DL-110054-5-16,G1,2000-01-01,AUTHORITATIVE,CANONICAL_BASELINE,966.7,Initial canonical geometry,ACCEPTED,,"POLYGON((77.2380930 28.6837375,77.2384654 28.6837375,77.2384654 28.6834970,77.2380930 28.6834970,77.2380930 28.6837375))",EPSG:4326
GEO-05-017-G1,IN-DL-110054-5-17,G1,2000-01-01,AUTHORITATIVE,CANONICAL_BASELINE,742.39,Initial canonical geometry,ACCEPTED,,"POLYGON((77.2384654 28.6837375,77.2387514 28.6837375,77.2387514 28.6834970,77.2384654 28.6834970,77.2384654 28.6837375))",EPSG:4326
GEO-05-018-G1,IN-DL-110054-5-18,G1,2000-01-01,AUTHORITATIVE,CANONICAL_BASELINE,828.96,Initial canonical geometry,ACCEPTED,,"POLYGON((77.2387514 28.6837375,77.2390707 28.6837375,77.2390707 28.6834970,77.2387514 28.6834970,77.2387514 28.6837375))",EPSG:4326
GEO-05-019-G1,IN-DL-110054-5-19,G1,2000-01-01,AUTHORITATIVE,CANONICAL_BASELINE,745.43,Initial canonical geometry,ACCEPTED,,"POLYGON((77.2390707 28.6837375,77.2393579 28.6837375,77.2393579 28.6834970,77.2390707 28.6834970,77.2390707 28.6837375))",EPSG:4326
GEO-05-020-G1,IN-DL-110054-5-20,G1,2000-01-01,SUPERSEDED,CANONICAL_BASELINE,680.38,Initial canonical geometry,SUPERSEDED,,"POLYGON((77.2393579 28.6837375,77.2396200 28.6837375,77.2396200 28.6834970,77.2393579 28.6834970,77.2393579 28.6837375))",EPSG:4326
GEO-05-020-G2,IN-DL-110054-5-20,G2,2026-05-15,AUTHORITATIVE,GNSS_RESURVEY,639.56,Road widening / boundary correction,ACCEPTED,GEO-05-020-G1,"POLYGON((77.2393780 28.6837393,77.2396244 28.6837393,77.2396244 28.6834988,77.2393780 28.6834988,77.2393780 28.6837393))",EPSG:4326
GEO-05-021-G1,IN-DL-110054-5-21,G1,2000-01-01,AUTHORITATIVE,CANONICAL_BASELINE,732.71,Initial canonical geometry,ACCEPTED,,"POLYGON((77.2366200 28.6834970,77.2369335 28.6834970,77.2369335 28.6832805,77.2366200 28.6832805,77.2366200 28.6834970))",EPSG:4326
GEO-05-022-G1,IN-DL-110054-5-22,G1,2000-01-01,AUTHORITATIVE,CANONICAL_BASELINE,631.05,Initial canonical geometry,ACCEPTED,,"POLYGON((77.2369335 28.6834970,77.2372035 28.6834970,77.2372035 28.6832805,77.2369335 28.6832805,77.2369335 28.6834970))",EPSG:4326
GEO-05-023-G1,IN-DL-110054-5-23,G1,2000-01-01,AUTHORITATIVE,CANONICAL_BASELINE,636.59,Initial canonical geometry,ACCEPTED,,"POLYGON((77.2372035 28.6834970,77.2374759 28.6834970,77.2374759 28.6832805,77.2372035 28.6832805,77.2372035 28.6834970))",EPSG:4326
GEO-05-024-G1,IN-DL-110054-5-24,G1,2000-01-01,AUTHORITATIVE,CANONICAL_BASELINE,736.83,Initial canonical geometry,ACCEPTED,,"POLYGON((77.2374759 28.6834970,77.2377911 28.6834970,77.2377911 28.6832805,77.2374759 28.6832805,77.2374759 28.6834970))",EPSG:4326
GEO-05-025-G1,IN-DL-110054-5-25,G1,2000-01-01,AUTHORITATIVE,CANONICAL_BASELINE,705.45,Initial canonical geometry,ACCEPTED,,"POLYGON((77.2377911 28.6834970,77.2380930 28.6834970,77.2380930 28.6832805,77.2377911 28.6832805,77.2377911 28.6834970))",EPSG:4326
GEO-05-026-G1,IN-DL-110054-5-26,G1,2000-01-01,AUTHORITATIVE,CANONICAL_BASELINE,870.39,Initial canonical geometry,ACCEPTED,,"POLYGON((77.2380930 28.6834970,77.2384654 28.6834970,77.2384654 28.6832805,77.2380930 28.6832805,77.2380930 28.6834970))",EPSG:4326
GEO-05-027-G1,IN-DL-110054-5-27,G1,2000-01-01,AUTHORITATIVE,CANONICAL_BASELINE,668.42,Initial canonical geometry,ACCEPTED,,"POLYGON((77.2384654 28.6834970,77.2387514 28.6834970,77.2387514 28.6832805,77.2384654 28.6832805,77.2384654 28.6834970))",EPSG:4326
GEO-05-028-G1,IN-DL-110054-5-28,G1,2000-01-01,AUTHORITATIVE,CANONICAL_BASELINE,746.37,Initial canonical geometry,ACCEPTED,,"POLYGON((77.2387514 28.6834970,77.2390707 28.6834970,77.2390707 28.6832805,77.2387514 28.6832805,77.2387514 28.6834970))",EPSG:4326
GEO-05-029-G1,IN-DL-110054-5-29,G1,2000-01-01,AUTHORITATIVE,CANONICAL_BASELINE,671.16,Initial canonical geometry,ACCEPTED,,"POLYGON((77.2390707 28.6834970,77.2393579 28.6834970,77.2393579 28.6832805,77.2390707 28.6832805,77.2390707 28.6834970))",EPSG:4326
GEO-05-030-G1,IN-DL-110054-5-30,G1,2000-01-01,AUTHORITATIVE,CANONICAL_BASELINE,612.59,Initial canonical geometry,ACCEPTED,,"POLYGON((77.2393579 28.6834970,77.2396200 28.6834970,77.2396200 28.6832805,77.2393579 28.6832805,77.2393579 28.6834970))",EPSG:4326
GEO-05-031-G1,IN-DL-110054-5-31,G1,2000-01-01,AUTHORITATIVE,CANONICAL_BASELINE,764.02,Initial canonical geometry,ACCEPTED,,"POLYGON((77.2366200 28.6832805,77.2369335 28.6832805,77.2369335 28.6830548,77.2366200 28.6830548,77.2366200 28.6832805))",EPSG:4326
GEO-05-032-G1,IN-DL-110054-5-32,G1,2000-01-01,AUTHORITATIVE,CANONICAL_BASELINE,658.01,Initial canonical geometry,ACCEPTED,,"POLYGON((77.2369335 28.6832805,77.2372035 28.6832805,77.2372035 28.6830548,77.2369335 28.6830548,77.2369335 28.6832805))",EPSG:4326
GEO-05-033-G1,IN-DL-110054-5-33,G1,2000-01-01,AUTHORITATIVE,CANONICAL_BASELINE,663.79,Initial canonical geometry,ACCEPTED,,"POLYGON((77.2372035 28.6832805,77.2374759 28.6832805,77.2374759 28.6830548,77.2372035 28.6830548,77.2372035 28.6832805))",EPSG:4326
GEO-05-034-G1,IN-DL-110054-5-34,G1,2000-01-01,AUTHORITATIVE,CANONICAL_BASELINE,768.31,Initial canonical geometry,ACCEPTED,,"POLYGON((77.2374759 28.6832805,77.2377911 28.6832805,77.2377911 28.6830548,77.2374759 28.6830548,77.2374759 28.6832805))",EPSG:4326
GEO-05-035-G1,IN-DL-110054-5-35,G1,2000-01-01,AUTHORITATIVE,CANONICAL_BASELINE,735.59,Initial canonical geometry,ACCEPTED,,"POLYGON((77.2377911 28.6832805,77.2380930 28.6832805,77.2380930 28.6830548,77.2377911 28.6830548,77.2377911 28.6832805))",EPSG:4326
GEO-05-036-G1,IN-DL-110054-5-36,G1,2000-01-01,AUTHORITATIVE,CANONICAL_BASELINE,907.58,Initial canonical geometry,ACCEPTED,,"POLYGON((77.2380930 28.6832805,77.2384654 28.6832805,77.2384654 28.6830548,77.2380930 28.6830548,77.2380930 28.6832805))",EPSG:4326
GEO-05-037-G1,IN-DL-110054-5-37,G1,2000-01-01,AUTHORITATIVE,CANONICAL_BASELINE,696.98,Initial canonical geometry,ACCEPTED,,"POLYGON((77.2384654 28.6832805,77.2387514 28.6832805,77.2387514 28.6830548,77.2384654 28.6830548,77.2384654 28.6832805))",EPSG:4326
GEO-05-037-G2,IN-DL-110054-5-37,G2,2026-05-15,PROPOSED,GNSS_RESURVEY,696.91,GNSS/CORS resurvey,PENDING_HUMAN_APPROVAL,GEO-05-037-G1,"POLYGON((77.2384694 28.6832751,77.2387583 28.6832764,77.2387596 28.6830529,77.2384708 28.6830516,77.2384694 28.6832751))",EPSG:4326
GEO-05-038-G1,IN-DL-110054-5-38,G1,2000-01-01,AUTHORITATIVE,CANONICAL_BASELINE,778.26,Initial canonical geometry,ACCEPTED,,"POLYGON((77.2387514 28.6832805,77.2390707 28.6832805,77.2390707 28.6830548,77.2387514 28.6830548,77.2387514 28.6832805))",EPSG:4326
GEO-05-039-G1,IN-DL-110054-5-39,G1,2000-01-01,AUTHORITATIVE,CANONICAL_BASELINE,699.84,Initial canonical geometry,ACCEPTED,,"POLYGON((77.2390707 28.6832805,77.2393579 28.6832805,77.2393579 28.6830548,77.2390707 28.6830548,77.2390707 28.6832805))",EPSG:4326
GEO-05-040-G1,IN-DL-110054-5-40,G1,2000-01-01,AUTHORITATIVE,CANONICAL_BASELINE,638.77,Initial canonical geometry,ACCEPTED,,"POLYGON((77.2393579 28.6832805,77.2396200 28.6832805,77.2396200 28.6830548,77.2393579 28.6830548,77.2393579 28.6832805))",EPSG:4326
GEO-05-041-G1,IN-DL-110054-5-41,G1,2000-01-01,AUTHORITATIVE,CANONICAL_BASELINE,861.84,Initial canonical geometry,ACCEPTED,,"POLYGON((77.2366200 28.6830548,77.2369335 28.6830548,77.2369335 28.6828001,77.2366200 28.6828001,77.2366200 28.6830548))",EPSG:4326
GEO-05-042-G1,IN-DL-110054-5-42,G1,2000-01-01,AUTHORITATIVE,CANONICAL_BASELINE,742.26,Initial canonical geometry,ACCEPTED,,"POLYGON((77.2369335 28.6830548,77.2372035 28.6830548,77.2372035 28.6828001,77.2369335 28.6828001,77.2369335 28.6830548))",EPSG:4326
GEO-05-043-G1,IN-DL-110054-5-43,G1,2000-01-01,AUTHORITATIVE,CANONICAL_BASELINE,748.78,Initial canonical geometry,ACCEPTED,,"POLYGON((77.2372035 28.6830548,77.2374759 28.6830548,77.2374759 28.6828001,77.2372035 28.6828001,77.2372035 28.6830548))",EPSG:4326
GEO-05-044-G1,IN-DL-110054-5-44,G1,2000-01-01,AUTHORITATIVE,CANONICAL_BASELINE,866.69,Initial canonical geometry,ACCEPTED,,"POLYGON((77.2374759 28.6830548,77.2377911 28.6830548,77.2377911 28.6828001,77.2374759 28.6828001,77.2374759 28.6830548))",EPSG:4326
GEO-05-045-G1,IN-DL-110054-5-45,G1,2000-01-01,AUTHORITATIVE,CANONICAL_BASELINE,829.78,Initial canonical geometry,ACCEPTED,,"POLYGON((77.2377911 28.6830548,77.2380930 28.6830548,77.2380930 28.6828001,77.2377911 28.6828001,77.2377911 28.6830548))",EPSG:4326
GEO-05-046-G1,IN-DL-110054-5-46,G1,2000-01-01,AUTHORITATIVE,CANONICAL_BASELINE,1023.78,Initial canonical geometry,ACCEPTED,,"POLYGON((77.2380930 28.6830548,77.2384654 28.6830548,77.2384654 28.6828001,77.2380930 28.6828001,77.2380930 28.6830548))",EPSG:4326
GEO-05-047-G1,IN-DL-110054-5-47,G1,2000-01-01,AUTHORITATIVE,CANONICAL_BASELINE,786.22,Initial canonical geometry,ACCEPTED,,"POLYGON((77.2384654 28.6830548,77.2387514 28.6830548,77.2387514 28.6828001,77.2384654 28.6828001,77.2384654 28.6830548))",EPSG:4326
GEO-05-048-G1,IN-DL-110054-5-48,G1,2000-01-01,AUTHORITATIVE,CANONICAL_BASELINE,877.91,Initial canonical geometry,ACCEPTED,,"POLYGON((77.2387514 28.6830548,77.2390707 28.6830548,77.2390707 28.6828001,77.2387514 28.6828001,77.2387514 28.6830548))",EPSG:4326
GEO-05-049-G1,IN-DL-110054-5-49,G1,2000-01-01,AUTHORITATIVE,CANONICAL_BASELINE,789.44,Initial canonical geometry,ACCEPTED,,"POLYGON((77.2390707 28.6830548,77.2393579 28.6830548,77.2393579 28.6828001,77.2390707 28.6828001,77.2390707 28.6830548))",EPSG:4326
GEO-05-049-G2,IN-DL-110054-5-49,G2,2026-05-15,PROPOSED,GNSS_RESURVEY,789.37,GNSS/CORS resurvey,PENDING_HUMAN_APPROVAL,GEO-05-049-G1,"POLYGON((77.2390747 28.6830492,77.2393647 28.6830505,77.2393662 28.6827984,77.2390762 28.6827971,77.2390747 28.6830492))",EPSG:4326
GEO-05-050-G1,IN-DL-110054-5-50,G1,2000-01-01,SUPERSEDED,CANONICAL_BASELINE,720.55,Initial canonical geometry,SUPERSEDED,,"POLYGON((77.2393579 28.6830548,77.2396200 28.6830548,77.2396200 28.6828001,77.2393579 28.6828001,77.2393579 28.6830548))",EPSG:4326
GEO-05-050-G2,IN-DL-110054-5-50,G2,2026-05-15,AUTHORITATIVE,GNSS_RESURVEY,677.32,Road widening / boundary correction,ACCEPTED,GEO-05-050-G1,"POLYGON((77.2393780 28.6830566,77.2396244 28.6830566,77.2396244 28.6828019,77.2393780 28.6828019,77.2393780 28.6830566))",EPSG:4326
GEO-05-051-G1,IN-DL-110054-5-51,G1,2000-01-01,AUTHORITATIVE,CANONICAL_BASELINE,1221.31,Initial canonical geometry,ACCEPTED,,"POLYGON((77.2366200 28.6828001,77.2369335 28.6828001,77.2369335 28.6824392,77.2366200 28.6824392,77.2366200 28.6828001))",EPSG:4326
GEO-05-052-G1,IN-DL-110054-5-52,G1,2000-01-01,AUTHORITATIVE,CANONICAL_BASELINE,1051.84,Initial canonical geometry,ACCEPTED,,"POLYGON((77.2369335 28.6828001,77.2372035 28.6828001,77.2372035 28.6824392,77.2369335 28.6824392,77.2369335 28.6828001))",EPSG:4326
GEO-05-053-G1,IN-DL-110054-5-53,G1,2000-01-01,AUTHORITATIVE,CANONICAL_BASELINE,1061.09,Initial canonical geometry,ACCEPTED,,"POLYGON((77.2372035 28.6828001,77.2374759 28.6828001,77.2374759 28.6824392,77.2372035 28.6824392,77.2372035 28.6828001))",EPSG:4326
GEO-05-054-G1,IN-DL-110054-5-54,G1,2000-01-01,AUTHORITATIVE,CANONICAL_BASELINE,1228.17,Initial canonical geometry,ACCEPTED,,"POLYGON((77.2374759 28.6828001,77.2377911 28.6828001,77.2377911 28.6824392,77.2374759 28.6824392,77.2374759 28.6828001))",EPSG:4326
GEO-05-055-G1,IN-DL-110054-5-55,G1,2000-01-01,AUTHORITATIVE,CANONICAL_BASELINE,1175.87,Initial canonical geometry,ACCEPTED,,"POLYGON((77.2377911 28.6828001,77.2380930 28.6828001,77.2380930 28.6824392,77.2377911 28.6824392,77.2377911 28.6828001))",EPSG:4326
GEO-05-056-G1,IN-DL-110054-5-56,G1,2000-01-01,AUTHORITATIVE,CANONICAL_BASELINE,1450.79,Initial canonical geometry,ACCEPTED,,"POLYGON((77.2380930 28.6828001,77.2384654 28.6828001,77.2384654 28.6824392,77.2380930 28.6824392,77.2380930 28.6828001))",EPSG:4326
GEO-05-057-G1,IN-DL-110054-5-57,G1,2000-01-01,AUTHORITATIVE,CANONICAL_BASELINE,1114.15,Initial canonical geometry,ACCEPTED,,"POLYGON((77.2384654 28.6828001,77.2387514 28.6828001,77.2387514 28.6824392,77.2384654 28.6824392,77.2384654 28.6828001))",EPSG:4326
GEO-05-058-G1,IN-DL-110054-5-58,G1,2000-01-01,AUTHORITATIVE,CANONICAL_BASELINE,1244.08,Initial canonical geometry,ACCEPTED,,"POLYGON((77.2387514 28.6828001,77.2390707 28.6828001,77.2390707 28.6824392,77.2387514 28.6824392,77.2387514 28.6828001))",EPSG:4326
GEO-05-059-G1,IN-DL-110054-5-59,G1,2000-01-01,AUTHORITATIVE,CANONICAL_BASELINE,1118.71,Initial canonical geometry,ACCEPTED,,"POLYGON((77.2390707 28.6828001,77.2393579 28.6828001,77.2393579 28.6824392,77.2390707 28.6824392,77.2390707 28.6828001))",EPSG:4326
GEO-05-060-G1,IN-DL-110054-5-60,G1,2000-01-01,AUTHORITATIVE,CANONICAL_BASELINE,1021.09,Initial canonical geometry,ACCEPTED,,"POLYGON((77.2393579 28.6828001,77.2396200 28.6828001,77.2396200 28.6824392,77.2393579 28.6824392,77.2393579 28.6828001))",EPSG:4326
GEO-05-061-G1,IN-DL-110054-5-61,G1,2000-01-01,AUTHORITATIVE,CANONICAL_BASELINE,796.3,Initial canonical geometry,ACCEPTED,,"POLYGON((77.2366200 28.6824392,77.2369335 28.6824392,77.2369335 28.6822039,77.2366200 28.6822039,77.2366200 28.6824392))",EPSG:4326
GEO-05-062-G1,IN-DL-110054-5-62,G1,2000-01-01,AUTHORITATIVE,CANONICAL_BASELINE,685.81,Initial canonical geometry,ACCEPTED,,"POLYGON((77.2369335 28.6824392,77.2372035 28.6824392,77.2372035 28.6822039,77.2369335 28.6822039,77.2369335 28.6824392))",EPSG:4326
GEO-05-063-G1,IN-DL-110054-5-63,G1,2000-01-01,AUTHORITATIVE,CANONICAL_BASELINE,691.84,Initial canonical geometry,ACCEPTED,,"POLYGON((77.2372035 28.6824392,77.2374759 28.6824392,77.2374759 28.6822039,77.2372035 28.6822039,77.2372035 28.6824392))",EPSG:4326
GEO-05-064-G1,IN-DL-110054-5-64,G1,2000-01-01,AUTHORITATIVE,CANONICAL_BASELINE,800.78,Initial canonical geometry,ACCEPTED,,"POLYGON((77.2374759 28.6824392,77.2377911 28.6824392,77.2377911 28.6822039,77.2374759 28.6822039,77.2374759 28.6824392))",EPSG:4326
GEO-05-065-G1,IN-DL-110054-5-65,G1,2000-01-01,AUTHORITATIVE,CANONICAL_BASELINE,766.68,Initial canonical geometry,ACCEPTED,,"POLYGON((77.2377911 28.6824392,77.2380930 28.6824392,77.2380930 28.6822039,77.2377911 28.6822039,77.2377911 28.6824392))",EPSG:4326
GEO-05-066-G1,IN-DL-110054-5-66,G1,2000-01-01,AUTHORITATIVE,CANONICAL_BASELINE,945.93,Initial canonical geometry,ACCEPTED,,"POLYGON((77.2380930 28.6824392,77.2384654 28.6824392,77.2384654 28.6822039,77.2380930 28.6822039,77.2380930 28.6824392))",EPSG:4326
GEO-05-067-G1,IN-DL-110054-5-67,G1,2000-01-01,AUTHORITATIVE,CANONICAL_BASELINE,726.43,Initial canonical geometry,ACCEPTED,,"POLYGON((77.2384654 28.6824392,77.2387514 28.6824392,77.2387514 28.6822039,77.2384654 28.6822039,77.2384654 28.6824392))",EPSG:4326
GEO-05-068-G1,IN-DL-110054-5-68,G1,2000-01-01,AUTHORITATIVE,CANONICAL_BASELINE,811.15,Initial canonical geometry,ACCEPTED,,"POLYGON((77.2387514 28.6824392,77.2390707 28.6824392,77.2390707 28.6822039,77.2387514 28.6822039,77.2387514 28.6824392))",EPSG:4326
GEO-05-069-G1,IN-DL-110054-5-69,G1,2000-01-01,AUTHORITATIVE,CANONICAL_BASELINE,729.41,Initial canonical geometry,ACCEPTED,,"POLYGON((77.2390707 28.6824392,77.2393579 28.6824392,77.2393579 28.6822039,77.2390707 28.6822039,77.2390707 28.6824392))",EPSG:4326
GEO-05-070-G1,IN-DL-110054-5-70,G1,2000-01-01,AUTHORITATIVE,CANONICAL_BASELINE,665.76,Initial canonical geometry,ACCEPTED,,"POLYGON((77.2393579 28.6824392,77.2396200 28.6824392,77.2396200 28.6822039,77.2393579 28.6822039,77.2393579 28.6824392))",EPSG:4326
GEO-05-071-G1,IN-DL-110054-5-71,G1,2000-01-01,AUTHORITATIVE,CANONICAL_BASELINE,728.95,Initial canonical geometry,ACCEPTED,,"POLYGON((77.2366200 28.6822039,77.2369335 28.6822039,77.2369335 28.6819885,77.2366200 28.6819885,77.2366200 28.6822039))",EPSG:4326
GEO-05-072-G1,IN-DL-110054-5-72,G1,2000-01-01,SUPERSEDED,CANONICAL_BASELINE,627.81,Initial canonical geometry,SUPERSEDED,,"POLYGON((77.2369335 28.6822039,77.2372035 28.6822039,77.2372035 28.6819885,77.2369335 28.6819885,77.2369335 28.6822039))",EPSG:4326
GEO-05-072-G2,IN-DL-110054-5-72,G2,2026-05-15,AUTHORITATIVE,GNSS_RESURVEY,627.74,GNSS/CORS resurvey,ACCEPTED,GEO-05-072-G1,"POLYGON((77.2369377 28.6821986,77.2372104 28.6821999,77.2372116 28.6819866,77.2369389 28.6819854,77.2369377 28.6821986))",EPSG:4326
GEO-05-073-G1,IN-DL-110054-5-73,G1,2000-01-01,AUTHORITATIVE,CANONICAL_BASELINE,633.32,Initial canonical geometry,ACCEPTED,,"POLYGON((77.2372035 28.6822039,77.2374759 28.6822039,77.2374759 28.6819885,77.2372035 28.6819885,77.2372035 28.6822039))",EPSG:4326
GEO-05-074-G1,IN-DL-110054-5-74,G1,2000-01-01,AUTHORITATIVE,CANONICAL_BASELINE,733.05,Initial canonical geometry,ACCEPTED,,"POLYGON((77.2374759 28.6822039,77.2377911 28.6822039,77.2377911 28.6819885,77.2374759 28.6819885,77.2374759 28.6822039))",EPSG:4326
GEO-05-075-G1,IN-DL-110054-5-75,G1,2000-01-01,AUTHORITATIVE,CANONICAL_BASELINE,701.83,Initial canonical geometry,ACCEPTED,,"POLYGON((77.2377911 28.6822039,77.2380930 28.6822039,77.2380930 28.6819885,77.2377911 28.6819885,77.2377911 28.6822039))",EPSG:4326
GEO-05-076-G1,IN-DL-110054-5-76,G1,2000-01-01,AUTHORITATIVE,CANONICAL_BASELINE,865.93,Initial canonical geometry,ACCEPTED,,"POLYGON((77.2380930 28.6822039,77.2384654 28.6822039,77.2384654 28.6819885,77.2380930 28.6819885,77.2380930 28.6822039))",EPSG:4326
GEO-05-077-G1,IN-DL-110054-5-77,G1,2000-01-01,AUTHORITATIVE,CANONICAL_BASELINE,664.99,Initial canonical geometry,ACCEPTED,,"POLYGON((77.2384654 28.6822039,77.2387514 28.6822039,77.2387514 28.6819885,77.2384654 28.6819885,77.2384654 28.6822039))",EPSG:4326
GEO-05-078-G1,IN-DL-110054-5-78,G1,2000-01-01,AUTHORITATIVE,CANONICAL_BASELINE,742.54,Initial canonical geometry,ACCEPTED,,"POLYGON((77.2387514 28.6822039,77.2390707 28.6822039,77.2390707 28.6819885,77.2387514 28.6819885,77.2387514 28.6822039))",EPSG:4326
GEO-05-079-G1,IN-DL-110054-5-79,G1,2000-01-01,AUTHORITATIVE,CANONICAL_BASELINE,667.72,Initial canonical geometry,ACCEPTED,,"POLYGON((77.2390707 28.6822039,77.2393579 28.6822039,77.2393579 28.6819885,77.2390707 28.6819885,77.2390707 28.6822039))",EPSG:4326
GEO-05-080-G1,IN-DL-110054-5-80,G1,2000-01-01,AUTHORITATIVE,CANONICAL_BASELINE,609.45,Initial canonical geometry,ACCEPTED,,"POLYGON((77.2393579 28.6822039,77.2396200 28.6822039,77.2396200 28.6819885,77.2393579 28.6819885,77.2393579 28.6822039))",EPSG:4326
GEO-05-081-G1,IN-DL-110054-5-81,G1,2000-01-01,AUTHORITATIVE,CANONICAL_BASELINE,779.5,Initial canonical geometry,ACCEPTED,,"POLYGON((77.2366200 28.6819885,77.2369335 28.6819885,77.2369335 28.6817582,77.2366200 28.6817582,77.2366200 28.6819885))",EPSG:4326
GEO-05-082-G1,IN-DL-110054-5-82,G1,2000-01-01,AUTHORITATIVE,CANONICAL_BASELINE,671.34,Initial canonical geometry,ACCEPTED,,"POLYGON((77.2369335 28.6819885,77.2372035 28.6819885,77.2372035 28.6817582,77.2369335 28.6817582,77.2369335 28.6819885))",EPSG:4326
GEO-05-083-G1,IN-DL-110054-5-83,G1,2000-01-01,AUTHORITATIVE,CANONICAL_BASELINE,677.24,Initial canonical geometry,ACCEPTED,,"POLYGON((77.2372035 28.6819885,77.2374759 28.6819885,77.2374759 28.6817582,77.2372035 28.6817582,77.2372035 28.6819885))",EPSG:4326
GEO-05-084-G1,IN-DL-110054-5-84,G1,2000-01-01,AUTHORITATIVE,CANONICAL_BASELINE,783.88,Initial canonical geometry,ACCEPTED,,"POLYGON((77.2374759 28.6819885,77.2377911 28.6819885,77.2377911 28.6817582,77.2374759 28.6817582,77.2374759 28.6819885))",EPSG:4326
GEO-05-085-G1,IN-DL-110054-5-85,G1,2000-01-01,AUTHORITATIVE,CANONICAL_BASELINE,750.5,Initial canonical geometry,ACCEPTED,,"POLYGON((77.2377911 28.6819885,77.2380930 28.6819885,77.2380930 28.6817582,77.2377911 28.6817582,77.2377911 28.6819885))",EPSG:4326
GEO-05-086-G1,IN-DL-110054-5-86,G1,2000-01-01,AUTHORITATIVE,CANONICAL_BASELINE,925.96,Initial canonical geometry,ACCEPTED,,"POLYGON((77.2380930 28.6819885,77.2384654 28.6819885,77.2384654 28.6817582,77.2380930 28.6817582,77.2380930 28.6819885))",EPSG:4326
GEO-05-087-G1,IN-DL-110054-5-87,G1,2000-01-01,AUTHORITATIVE,CANONICAL_BASELINE,711.1,Initial canonical geometry,ACCEPTED,,"POLYGON((77.2384654 28.6819885,77.2387514 28.6819885,77.2387514 28.6817582,77.2384654 28.6817582,77.2384654 28.6819885))",EPSG:4326
GEO-05-088-G1,IN-DL-110054-5-88,G1,2000-01-01,AUTHORITATIVE,CANONICAL_BASELINE,794.03,Initial canonical geometry,ACCEPTED,,"POLYGON((77.2387514 28.6819885,77.2390707 28.6819885,77.2390707 28.6817582,77.2387514 28.6817582,77.2387514 28.6819885))",EPSG:4326
GEO-05-088-G2,IN-DL-110054-5-88,G2,2026-05-15,REJECTED,GNSS_RESURVEY,793.95,GNSS/CORS resurvey,REJECTED,GEO-05-088-G1,"POLYGON((77.2387553 28.6819830,77.2390778 28.6819845,77.2390791 28.6817565,77.2387566 28.6817550,77.2387553 28.6819830))",EPSG:4326
GEO-05-089-G1,IN-DL-110054-5-89,G1,2000-01-01,AUTHORITATIVE,CANONICAL_BASELINE,714.01,Initial canonical geometry,ACCEPTED,,"POLYGON((77.2390707 28.6819885,77.2393579 28.6819885,77.2393579 28.6817582,77.2390707 28.6817582,77.2390707 28.6819885))",EPSG:4326
GEO-05-090-G1,IN-DL-110054-5-90,G1,2000-01-01,AUTHORITATIVE,CANONICAL_BASELINE,651.71,Initial canonical geometry,ACCEPTED,,"POLYGON((77.2393579 28.6819885,77.2396200 28.6819885,77.2396200 28.6817582,77.2393579 28.6817582,77.2393579 28.6819885))",EPSG:4326
GEO-05-091-G1,IN-DL-110054-5-91,G1,2000-01-01,AUTHORITATIVE,CANONICAL_BASELINE,873.88,Initial canonical geometry,ACCEPTED,,"POLYGON((77.2366200 28.6817582,77.2369335 28.6817582,77.2369335 28.6815000,77.2366200 28.6815000,77.2366200 28.6817582))",EPSG:4326
GEO-05-092-G1,IN-DL-110054-5-92,G1,2000-01-01,AUTHORITATIVE,CANONICAL_BASELINE,752.63,Initial canonical geometry,ACCEPTED,,"POLYGON((77.2369335 28.6817582,77.2372035 28.6817582,77.2372035 28.6815000,77.2369335 28.6815000,77.2369335 28.6817582))",EPSG:4326
GEO-05-093-G1,IN-DL-110054-5-93,G1,2000-01-01,AUTHORITATIVE,CANONICAL_BASELINE,759.24,Initial canonical geometry,ACCEPTED,,"POLYGON((77.2372035 28.6817582,77.2374759 28.6817582,77.2374759 28.6815000,77.2372035 28.6815000,77.2372035 28.6817582))",EPSG:4326
GEO-05-094-G1,IN-DL-110054-5-94,G1,2000-01-01,AUTHORITATIVE,CANONICAL_BASELINE,878.79,Initial canonical geometry,ACCEPTED,,"POLYGON((77.2374759 28.6817582,77.2377911 28.6817582,77.2377911 28.6815000,77.2374759 28.6815000,77.2374759 28.6817582))",EPSG:4326
GEO-05-095-G1,IN-DL-110054-5-95,G1,2000-01-01,AUTHORITATIVE,CANONICAL_BASELINE,841.37,Initial canonical geometry,ACCEPTED,,"POLYGON((77.2377911 28.6817582,77.2380930 28.6817582,77.2380930 28.6815000,77.2377911 28.6815000,77.2377911 28.6817582))",EPSG:4326
GEO-05-096-G1,IN-DL-110054-5-96,G1,2000-01-01,AUTHORITATIVE,CANONICAL_BASELINE,1038.09,Initial canonical geometry,ACCEPTED,,"POLYGON((77.2380930 28.6817582,77.2384654 28.6817582,77.2384654 28.6815000,77.2380930 28.6815000,77.2380930 28.6817582))",EPSG:4326
GEO-05-097-G1,IN-DL-110054-5-97,G1,2000-01-01,AUTHORITATIVE,CANONICAL_BASELINE,797.21,Initial canonical geometry,ACCEPTED,,"POLYGON((77.2384654 28.6817582,77.2387514 28.6817582,77.2387514 28.6815000,77.2384654 28.6815000,77.2384654 28.6817582))",EPSG:4326
GEO-05-098-G1,IN-DL-110054-5-98,G1,2000-01-01,AUTHORITATIVE,CANONICAL_BASELINE,890.18,Initial canonical geometry,ACCEPTED,,"POLYGON((77.2387514 28.6817582,77.2390707 28.6817582,77.2390707 28.6815000,77.2387514 28.6815000,77.2387514 28.6817582))",EPSG:4326
GEO-05-098-G2,IN-DL-110054-5-98,G2,2026-05-15,PROPOSED,GNSS_RESURVEY,890.09,GNSS/CORS resurvey,PENDING_HUMAN_APPROVAL,GEO-05-098-G1,"POLYGON((77.2387552 28.6817526,77.2390777 28.6817541,77.2390792 28.6814984,77.2387567 28.6814969,77.2387552 28.6817526))",EPSG:4326
GEO-05-099-G1,IN-DL-110054-5-99,G1,2000-01-01,AUTHORITATIVE,CANONICAL_BASELINE,800.47,Initial canonical geometry,ACCEPTED,,"POLYGON((77.2390707 28.6817582,77.2393579 28.6817582,77.2393579 28.6815000,77.2390707 28.6815000,77.2390707 28.6817582))",EPSG:4326
GEO-05-100-G1,IN-DL-110054-5-100,G1,2000-01-01,AUTHORITATIVE,CANONICAL_BASELINE,730.62,Initial canonical geometry,ACCEPTED,,"POLYGON((77.2393579 28.6817582,77.2396200 28.6817582,77.2396200 28.6815000,77.2393579 28.6815000,77.2393579 28.6817582))",EPSG:4326
GEO-06-001-G1,IN-DL-110054-6-1,G1,2000-01-01,AUTHORITATIVE,CANONICAL_BASELINE,705.25,Initial canonical geometry,ACCEPTED,,"POLYGON((77.2235000 28.6812000,77.2237712 28.6812000,77.2237712 28.6809591,77.2235000 28.6809591,77.2235000 28.6812000))",EPSG:4326
GEO-06-002-G1,IN-DL-110054-6-2,G1,2000-01-01,AUTHORITATIVE,CANONICAL_BASELINE,711.45,Initial canonical geometry,ACCEPTED,,"POLYGON((77.2237712 28.6812000,77.2240448 28.6812000,77.2240448 28.6809591,77.2237712 28.6809591,77.2237712 28.6812000))",EPSG:4326
GEO-06-003-G1,IN-DL-110054-6-3,G1,2000-01-01,AUTHORITATIVE,CANONICAL_BASELINE,823.48,Initial canonical geometry,ACCEPTED,,"POLYGON((77.2240448 28.6812000,77.2243614 28.6812000,77.2243614 28.6809591,77.2240448 28.6809591,77.2240448 28.6812000))",EPSG:4326
GEO-06-004-G1,IN-DL-110054-6-4,G1,2000-01-01,AUTHORITATIVE,CANONICAL_BASELINE,788.41,Initial canonical geometry,ACCEPTED,,"POLYGON((77.2243614 28.6812000,77.2246646 28.6812000,77.2246646 28.6809591,77.2243614 28.6809591,77.2243614 28.6812000))",EPSG:4326
GEO-06-005-G1,IN-DL-110054-6-5,G1,2000-01-01,AUTHORITATIVE,CANONICAL_BASELINE,685.42,Initial canonical geometry,ACCEPTED,,"POLYGON((77.2246646 28.6812000,77.2249282 28.6812000,77.2249282 28.6809591,77.2246646 28.6809591,77.2246646 28.6812000))",EPSG:4326
GEO-06-006-G1,IN-DL-110054-6-6,G1,2000-01-01,AUTHORITATIVE,CANONICAL_BASELINE,1033.08,Initial canonical geometry,ACCEPTED,,"POLYGON((77.2249282 28.6812000,77.2253255 28.6812000,77.2253255 28.6809591,77.2249282 28.6809591,77.2249282 28.6812000))",EPSG:4326
GEO-06-007-G1,IN-DL-110054-6-7,G1,2000-01-01,AUTHORITATIVE,CANONICAL_BASELINE,834.14,Initial canonical geometry,ACCEPTED,,"POLYGON((77.2253255 28.6812000,77.2256462 28.6812000,77.2256462 28.6809591,77.2253255 28.6809591,77.2253255 28.6812000))",EPSG:4326
GEO-06-008-G1,IN-DL-110054-6-8,G1,2000-01-01,AUTHORITATIVE,CANONICAL_BASELINE,750.09,Initial canonical geometry,ACCEPTED,,"POLYGON((77.2256462 28.6812000,77.2259347 28.6812000,77.2259347 28.6809591,77.2256462 28.6809591,77.2256462 28.6812000))",EPSG:4326
GEO-06-009-G1,IN-DL-110054-6-9,G1,2000-01-01,AUTHORITATIVE,CANONICAL_BASELINE,684.63,Initial canonical geometry,ACCEPTED,,"POLYGON((77.2259347 28.6812000,77.2261979 28.6812000,77.2261979 28.6809591,77.2259347 28.6809591,77.2259347 28.6812000))",EPSG:4326
GEO-06-010-G1,IN-DL-110054-6-10,G1,2000-01-01,AUTHORITATIVE,CANONICAL_BASELINE,785.55,Initial canonical geometry,ACCEPTED,,"POLYGON((77.2261979 28.6812000,77.2265000 28.6812000,77.2265000 28.6809591,77.2261979 28.6809591,77.2261979 28.6812000))",EPSG:4326
GEO-06-011-G1,IN-DL-110054-6-11,G1,2000-01-01,SUPERSEDED,CANONICAL_BASELINE,634.99,Initial canonical geometry,SUPERSEDED,,"POLYGON((77.2235000 28.6809591,77.2237712 28.6809591,77.2237712 28.6807422,77.2235000 28.6807422,77.2235000 28.6809591))",EPSG:4326
GEO-06-011-G2,IN-DL-110054-6-11,G2,2026-05-15,AUTHORITATIVE,GNSS_RESURVEY,633.97,Local distortion corrected by resurvey,ACCEPTED,GEO-06-011-G1,"POLYGON((77.2234731 28.6809605,77.2237551 28.6809670,77.2237612 28.6807589,77.2234793 28.6807524,77.2234731 28.6809605))",EPSG:4326
GEO-06-012-G1,IN-DL-110054-6-12,G1,2000-01-01,AUTHORITATIVE,CANONICAL_BASELINE,640.57,Initial canonical geometry,ACCEPTED,,"POLYGON((77.2237712 28.6809591,77.2240448 28.6809591,77.2240448 28.6807422,77.2237712 28.6807422,77.2237712 28.6809591))",EPSG:4326
GEO-06-013-G1,IN-DL-110054-6-13,G1,2000-01-01,AUTHORITATIVE,CANONICAL_BASELINE,741.43,Initial canonical geometry,ACCEPTED,,"POLYGON((77.2240448 28.6809591,77.2243614 28.6809591,77.2243614 28.6807422,77.2240448 28.6807422,77.2240448 28.6809591))",EPSG:4326
GEO-06-014-G1,IN-DL-110054-6-14,G1,2000-01-01,AUTHORITATIVE,CANONICAL_BASELINE,709.86,Initial canonical geometry,ACCEPTED,,"POLYGON((77.2243614 28.6809591,77.2246646 28.6809591,77.2246646 28.6807422,77.2243614 28.6807422,77.2243614 28.6809591))",EPSG:4326
GEO-06-015-G1,IN-DL-110054-6-15,G1,2000-01-01,AUTHORITATIVE,CANONICAL_BASELINE,617.13,Initial canonical geometry,ACCEPTED,,"POLYGON((77.2246646 28.6809591,77.2249282 28.6809591,77.2249282 28.6807422,77.2246646 28.6807422,77.2246646 28.6809591))",EPSG:4326
GEO-06-016-G1,IN-DL-110054-6-16,G1,2000-01-01,AUTHORITATIVE,CANONICAL_BASELINE,930.16,Initial canonical geometry,ACCEPTED,,"POLYGON((77.2249282 28.6809591,77.2253255 28.6809591,77.2253255 28.6807422,77.2249282 28.6807422,77.2249282 28.6809591))",EPSG:4326
GEO-06-017-G1,IN-DL-110054-6-17,G1,2000-01-01,AUTHORITATIVE,CANONICAL_BASELINE,751.04,Initial canonical geometry,ACCEPTED,,"POLYGON((77.2253255 28.6809591,77.2256462 28.6809591,77.2256462 28.6807422,77.2253255 28.6807422,77.2253255 28.6809591))",EPSG:4326
GEO-06-018-G1,IN-DL-110054-6-18,G1,2000-01-01,AUTHORITATIVE,CANONICAL_BASELINE,675.36,Initial canonical geometry,ACCEPTED,,"POLYGON((77.2256462 28.6809591,77.2259347 28.6809591,77.2259347 28.6807422,77.2256462 28.6807422,77.2256462 28.6809591))",EPSG:4326
GEO-06-019-G1,IN-DL-110054-6-19,G1,2000-01-01,AUTHORITATIVE,CANONICAL_BASELINE,616.42,Initial canonical geometry,ACCEPTED,,"POLYGON((77.2259347 28.6809591,77.2261979 28.6809591,77.2261979 28.6807422,77.2259347 28.6807422,77.2259347 28.6809591))",EPSG:4326
GEO-06-020-G1,IN-DL-110054-6-20,G1,2000-01-01,AUTHORITATIVE,CANONICAL_BASELINE,707.29,Initial canonical geometry,ACCEPTED,,"POLYGON((77.2261979 28.6809591,77.2265000 28.6809591,77.2265000 28.6807422,77.2261979 28.6807422,77.2261979 28.6809591))",EPSG:4326
GEO-06-021-G1,IN-DL-110054-6-21,G1,2000-01-01,AUTHORITATIVE,CANONICAL_BASELINE,662.12,Initial canonical geometry,ACCEPTED,,"POLYGON((77.2235000 28.6807422,77.2237712 28.6807422,77.2237712 28.6805161,77.2235000 28.6805161,77.2235000 28.6807422))",EPSG:4326
GEO-06-022-G1,IN-DL-110054-6-22,G1,2000-01-01,AUTHORITATIVE,CANONICAL_BASELINE,667.94,Initial canonical geometry,ACCEPTED,,"POLYGON((77.2237712 28.6807422,77.2240448 28.6807422,77.2240448 28.6805161,77.2237712 28.6805161,77.2237712 28.6807422))",EPSG:4326
GEO-06-023-G1,IN-DL-110054-6-23,G1,2000-01-01,AUTHORITATIVE,CANONICAL_BASELINE,773.11,Initial canonical geometry,ACCEPTED,,"POLYGON((77.2240448 28.6807422,77.2243614 28.6807422,77.2243614 28.6805161,77.2240448 28.6805161,77.2240448 28.6807422))",EPSG:4326
GEO-06-024-G1,IN-DL-110054-6-24,G1,2000-01-01,AUTHORITATIVE,CANONICAL_BASELINE,740.19,Initial canonical geometry,ACCEPTED,,"POLYGON((77.2243614 28.6807422,77.2246646 28.6807422,77.2246646 28.6805161,77.2243614 28.6805161,77.2243614 28.6807422))",EPSG:4326
GEO-06-025-G1,IN-DL-110054-6-25,G1,2000-01-01,AUTHORITATIVE,CANONICAL_BASELINE,643.5,Initial canonical geometry,ACCEPTED,,"POLYGON((77.2246646 28.6807422,77.2249282 28.6807422,77.2249282 28.6805161,77.2246646 28.6805161,77.2246646 28.6807422))",EPSG:4326
GEO-06-026-G1,IN-DL-110054-6-26,G1,2000-01-01,AUTHORITATIVE,CANONICAL_BASELINE,969.89,Initial canonical geometry,ACCEPTED,,"POLYGON((77.2249282 28.6807422,77.2253255 28.6807422,77.2253255 28.6805161,77.2249282 28.6805161,77.2249282 28.6807422))",EPSG:4326
GEO-06-027-G1,IN-DL-110054-6-27,G1,2000-01-01,AUTHORITATIVE,CANONICAL_BASELINE,783.12,Initial canonical geometry,ACCEPTED,,"POLYGON((77.2253255 28.6807422,77.2256462 28.6807422,77.2256462 28.6805161,77.2253255 28.6805161,77.2253255 28.6807422))",EPSG:4326
GEO-06-028-G1,IN-DL-110054-6-28,G1,2000-01-01,AUTHORITATIVE,CANONICAL_BASELINE,704.21,Initial canonical geometry,ACCEPTED,,"POLYGON((77.2256462 28.6807422,77.2259347 28.6807422,77.2259347 28.6805161,77.2256462 28.6805161,77.2256462 28.6807422))",EPSG:4326
GEO-06-029-G1,IN-DL-110054-6-29,G1,2000-01-01,AUTHORITATIVE,CANONICAL_BASELINE,642.76,Initial canonical geometry,ACCEPTED,,"POLYGON((77.2259347 28.6807422,77.2261979 28.6807422,77.2261979 28.6805161,77.2259347 28.6805161,77.2259347 28.6807422))",EPSG:4326
GEO-06-030-G1,IN-DL-110054-6-30,G1,2000-01-01,AUTHORITATIVE,CANONICAL_BASELINE,737.51,Initial canonical geometry,ACCEPTED,,"POLYGON((77.2261979 28.6807422,77.2265000 28.6807422,77.2265000 28.6805161,77.2261979 28.6805161,77.2261979 28.6807422))",EPSG:4326
GEO-06-031-G1,IN-DL-110054-6-31,G1,2000-01-01,AUTHORITATIVE,CANONICAL_BASELINE,746.89,Initial canonical geometry,ACCEPTED,,"POLYGON((77.2235000 28.6805161,77.2237712 28.6805161,77.2237712 28.6802609,77.2235000 28.6802609,77.2235000 28.6805161))",EPSG:4326
GEO-06-032-G1,IN-DL-110054-6-32,G1,2000-01-01,AUTHORITATIVE,CANONICAL_BASELINE,753.46,Initial canonical geometry,ACCEPTED,,"POLYGON((77.2237712 28.6805161,77.2240448 28.6805161,77.2240448 28.6802609,77.2237712 28.6802609,77.2237712 28.6805161))",EPSG:4326
GEO-06-033-G1,IN-DL-110054-6-33,G1,2000-01-01,AUTHORITATIVE,CANONICAL_BASELINE,872.1,Initial canonical geometry,ACCEPTED,,"POLYGON((77.2240448 28.6805161,77.2243614 28.6805161,77.2243614 28.6802609,77.2240448 28.6802609,77.2240448 28.6805161))",EPSG:4326
GEO-06-034-G1,IN-DL-110054-6-34,G1,2000-01-01,AUTHORITATIVE,CANONICAL_BASELINE,834.96,Initial canonical geometry,ACCEPTED,,"POLYGON((77.2243614 28.6805161,77.2246646 28.6805161,77.2246646 28.6802609,77.2243614 28.6802609,77.2243614 28.6805161))",EPSG:4326
GEO-06-035-G1,IN-DL-110054-6-35,G1,2000-01-01,AUTHORITATIVE,CANONICAL_BASELINE,725.89,Initial canonical geometry,ACCEPTED,,"POLYGON((77.2246646 28.6805161,77.2249282 28.6805161,77.2249282 28.6802609,77.2246646 28.6802609,77.2246646 28.6805161))",EPSG:4326
GEO-06-036-G1,IN-DL-110054-6-36,G1,2000-01-01,AUTHORITATIVE,CANONICAL_BASELINE,1094.08,Initial canonical geometry,ACCEPTED,,"POLYGON((77.2249282 28.6805161,77.2253255 28.6805161,77.2253255 28.6802609,77.2249282 28.6802609,77.2249282 28.6805161))",EPSG:4326
GEO-06-037-G1,IN-DL-110054-6-37,G1,2000-01-01,SUPERSEDED,CANONICAL_BASELINE,883.39,Initial canonical geometry,SUPERSEDED,,"POLYGON((77.2253255 28.6805161,77.2256462 28.6805161,77.2256462 28.6802609,77.2253255 28.6802609,77.2253255 28.6805161))",EPSG:4326
GEO-06-037-G2,IN-DL-110054-6-37,G2,2026-05-15,AUTHORITATIVE,GNSS_RESURVEY,883.31,GNSS/CORS resurvey,ACCEPTED,GEO-06-037-G1,"POLYGON((77.2253292 28.6805104,77.2256532 28.6805119,77.2256547 28.6802593,77.2253307 28.6802578,77.2253292 28.6805104))",EPSG:4326
GEO-06-038-G1,IN-DL-110054-6-38,G1,2000-01-01,AUTHORITATIVE,CANONICAL_BASELINE,794.38,Initial canonical geometry,ACCEPTED,,"POLYGON((77.2256462 28.6805161,77.2259347 28.6805161,77.2259347 28.6802609,77.2256462 28.6802609,77.2256462 28.6805161))",EPSG:4326
GEO-06-039-G1,IN-DL-110054-6-39,G1,2000-01-01,AUTHORITATIVE,CANONICAL_BASELINE,725.06,Initial canonical geometry,ACCEPTED,,"POLYGON((77.2259347 28.6805161,77.2261979 28.6805161,77.2261979 28.6802609,77.2259347 28.6802609,77.2259347 28.6805161))",EPSG:4326
GEO-06-040-G1,IN-DL-110054-6-40,G1,2000-01-01,AUTHORITATIVE,CANONICAL_BASELINE,831.94,Initial canonical geometry,ACCEPTED,,"POLYGON((77.2261979 28.6805161,77.2265000 28.6805161,77.2265000 28.6802609,77.2261979 28.6802609,77.2261979 28.6805161))",EPSG:4326
GEO-06-041-G1,IN-DL-110054-6-41,G1,2000-01-01,AUTHORITATIVE,CANONICAL_BASELINE,765.12,Initial canonical geometry,ACCEPTED,,"POLYGON((77.2235000 28.6802609,77.2237712 28.6802609,77.2237712 28.6799996,77.2235000 28.6799996,77.2235000 28.6802609))",EPSG:4326
GEO-06-042-G1,IN-DL-110054-6-42,G1,2000-01-01,AUTHORITATIVE,CANONICAL_BASELINE,771.85,Initial canonical geometry,ACCEPTED,,"POLYGON((77.2237712 28.6802609,77.2240448 28.6802609,77.2240448 28.6799996,77.2237712 28.6799996,77.2237712 28.6802609))",EPSG:4326
GEO-06-043-G1,IN-DL-110054-6-43,G1,2000-01-01,AUTHORITATIVE,CANONICAL_BASELINE,893.38,Initial canonical geometry,ACCEPTED,,"POLYGON((77.2240448 28.6802609,77.2243614 28.6802609,77.2243614 28.6799996,77.2240448 28.6799996,77.2240448 28.6802609))",EPSG:4326
GEO-06-044-G1,IN-DL-110054-6-44,G1,2000-01-01,AUTHORITATIVE,CANONICAL_BASELINE,855.34,Initial canonical geometry,ACCEPTED,,"POLYGON((77.2243614 28.6802609,77.2246646 28.6802609,77.2246646 28.6799996,77.2243614 28.6799996,77.2243614 28.6802609))",EPSG:4326
GEO-06-045-G1,IN-DL-110054-6-45,G1,2000-01-01,AUTHORITATIVE,CANONICAL_BASELINE,743.61,Initial canonical geometry,ACCEPTED,,"POLYGON((77.2246646 28.6802609,77.2249282 28.6802609,77.2249282 28.6799996,77.2246646 28.6799996,77.2246646 28.6802609))",EPSG:4326
GEO-06-046-G1,IN-DL-110054-6-46,G1,2000-01-01,AUTHORITATIVE,CANONICAL_BASELINE,1120.78,Initial canonical geometry,ACCEPTED,,"POLYGON((77.2249282 28.6802609,77.2253255 28.6802609,77.2253255 28.6799996,77.2249282 28.6799996,77.2249282 28.6802609))",EPSG:4326
GEO-06-046-G2,IN-DL-110054-6-46,G2,2026-05-15,PROPOSED,GNSS_RESURVEY,1120.67,GNSS/CORS resurvey,PENDING_HUMAN_APPROVAL,GEO-06-046-G1,"POLYGON((77.2249316 28.6802551,77.2253328 28.6802569,77.2253343 28.6799982,77.2249331 28.6799964,77.2249316 28.6802551))",EPSG:4326
GEO-06-047-G1,IN-DL-110054-6-47,G1,2000-01-01,AUTHORITATIVE,CANONICAL_BASELINE,904.95,Initial canonical geometry,ACCEPTED,,"POLYGON((77.2253255 28.6802609,77.2256462 28.6802609,77.2256462 28.6799996,77.2253255 28.6799996,77.2253255 28.6802609))",EPSG:4326
GEO-06-048-G1,IN-DL-110054-6-48,G1,2000-01-01,AUTHORITATIVE,CANONICAL_BASELINE,813.76,Initial canonical geometry,ACCEPTED,,"POLYGON((77.2256462 28.6802609,77.2259347 28.6802609,77.2259347 28.6799996,77.2256462 28.6799996,77.2256462 28.6802609))",EPSG:4326
GEO-06-049-G1,IN-DL-110054-6-49,G1,2000-01-01,AUTHORITATIVE,CANONICAL_BASELINE,742.75,Initial canonical geometry,ACCEPTED,,"POLYGON((77.2259347 28.6802609,77.2261979 28.6802609,77.2261979 28.6799996,77.2259347 28.6799996,77.2259347 28.6802609))",EPSG:4326
GEO-06-050-G1,IN-DL-110054-6-50,G1,2000-01-01,AUTHORITATIVE,CANONICAL_BASELINE,852.24,Initial canonical geometry,ACCEPTED,,"POLYGON((77.2261979 28.6802609,77.2265000 28.6802609,77.2265000 28.6799996,77.2261979 28.6799996,77.2261979 28.6802609))",EPSG:4326
GEO-06-051-G1,IN-DL-110054-6-51,G1,2000-01-01,AUTHORITATIVE,CANONICAL_BASELINE,982.86,Initial canonical geometry,ACCEPTED,,"POLYGON((77.2235000 28.6799996,77.2237712 28.6799996,77.2237712 28.6796639,77.2235000 28.6796639,77.2235000 28.6799996))",EPSG:4326
GEO-06-052-G1,IN-DL-110054-6-52,G1,2000-01-01,AUTHORITATIVE,CANONICAL_BASELINE,991.5,Initial canonical geometry,ACCEPTED,,"POLYGON((77.2237712 28.6799996,77.2240448 28.6799996,77.2240448 28.6796639,77.2237712 28.6796639,77.2237712 28.6799996))",EPSG:4326
GEO-06-053-G1,IN-DL-110054-6-53,G1,2000-01-01,AUTHORITATIVE,CANONICAL_BASELINE,1147.62,Initial canonical geometry,ACCEPTED,,"POLYGON((77.2240448 28.6799996,77.2243614 28.6799996,77.2243614 28.6796639,77.2240448 28.6796639,77.2240448 28.6799996))",EPSG:4326
GEO-06-054-G1,IN-DL-110054-6-54,G1,2000-01-01,AUTHORITATIVE,CANONICAL_BASELINE,1098.75,Initial canonical geometry,ACCEPTED,,"POLYGON((77.2243614 28.6799996,77.2246646 28.6799996,77.2246646 28.6796639,77.2243614 28.6796639,77.2243614 28.6799996))",EPSG:4326
GEO-06-055-G1,IN-DL-110054-6-55,G1,2000-01-01,AUTHORITATIVE,CANONICAL_BASELINE,955.22,Initial canonical geometry,ACCEPTED,,"POLYGON((77.2246646 28.6799996,77.2249282 28.6799996,77.2249282 28.6796639,77.2246646 28.6796639,77.2246646 28.6799996))",EPSG:4326
GEO-06-056-G1,IN-DL-110054-6-56,G1,2000-01-01,AUTHORITATIVE,CANONICAL_BASELINE,1439.73,Initial canonical geometry,ACCEPTED,,"POLYGON((77.2249282 28.6799996,77.2253255 28.6799996,77.2253255 28.6796639,77.2249282 28.6796639,77.2249282 28.6799996))",EPSG:4326
GEO-06-057-G1,IN-DL-110054-6-57,G1,2000-01-01,AUTHORITATIVE,CANONICAL_BASELINE,1162.48,Initial canonical geometry,ACCEPTED,,"POLYGON((77.2253255 28.6799996,77.2256462 28.6799996,77.2256462 28.6796639,77.2253255 28.6796639,77.2253255 28.6799996))",EPSG:4326
GEO-06-058-G1,IN-DL-110054-6-58,G1,2000-01-01,SUPERSEDED,CANONICAL_BASELINE,1045.34,Initial canonical geometry,SUPERSEDED,,"POLYGON((77.2256462 28.6799996,77.2259347 28.6799996,77.2259347 28.6796639,77.2256462 28.6796639,77.2256462 28.6799996))",EPSG:4326
GEO-06-058-G2,IN-DL-110054-6-58,G2,2026-05-15,AUTHORITATIVE,GNSS_RESURVEY,1043.67,Local distortion corrected by resurvey,ACCEPTED,GEO-06-058-G1,"POLYGON((77.2256173 28.6799984,77.2259172 28.6800053,77.2259267 28.6796832,77.2256268 28.6796762,77.2256173 28.6799984))",EPSG:4326
GEO-06-059-G1,IN-DL-110054-6-59,G1,2000-01-01,AUTHORITATIVE,CANONICAL_BASELINE,954.12,Initial canonical geometry,ACCEPTED,,"POLYGON((77.2259347 28.6799996,77.2261979 28.6799996,77.2261979 28.6796639,77.2259347 28.6796639,77.2259347 28.6799996))",EPSG:4326
GEO-06-060-G1,IN-DL-110054-6-60,G1,2000-01-01,SUPERSEDED,CANONICAL_BASELINE,1094.77,Initial canonical geometry,SUPERSEDED,,"POLYGON((77.2261979 28.6799996,77.2265000 28.6799996,77.2265000 28.6796639,77.2261979 28.6796639,77.2261979 28.6799996))",EPSG:4326
GEO-06-060-G2,IN-DL-110054-6-60,G2,2026-05-15,AUTHORITATIVE,GNSS_RESURVEY,1029.08,Road widening / boundary correction,ACCEPTED,GEO-06-060-G1,"POLYGON((77.2262193 28.6800014,77.2265032 28.6800014,77.2265032 28.6796657,77.2262193 28.6796657,77.2262193 28.6800014))",EPSG:4326
GEO-06-061-G1,IN-DL-110054-6-61,G1,2000-01-01,SUPERSEDED,CANONICAL_BASELINE,631.73,Initial canonical geometry,SUPERSEDED,,"POLYGON((77.2235000 28.6796639,77.2237712 28.6796639,77.2237712 28.6794481,77.2235000 28.6794481,77.2235000 28.6796639))",EPSG:4326
GEO-06-061-G2,IN-DL-110054-6-61,G2,2026-05-15,AUTHORITATIVE,GNSS_RESURVEY,593.83,Road widening / boundary correction,ACCEPTED,GEO-06-061-G1,"POLYGON((77.2235204 28.6796657,77.2237754 28.6796657,77.2237754 28.6794499,77.2235204 28.6794499,77.2235204 28.6796657))",EPSG:4326
GEO-06-062-G1,IN-DL-110054-6-62,G1,2000-01-01,AUTHORITATIVE,CANONICAL_BASELINE,637.28,Initial canonical geometry,ACCEPTED,,"POLYGON((77.2237712 28.6796639,77.2240448 28.6796639,77.2240448 28.6794481,77.2237712 28.6794481,77.2237712 28.6796639))",EPSG:4326
GEO-06-063-G1,IN-DL-110054-6-63,G1,2000-01-01,AUTHORITATIVE,CANONICAL_BASELINE,737.63,Initial canonical geometry,ACCEPTED,,"POLYGON((77.2240448 28.6796639,77.2243614 28.6796639,77.2243614 28.6794481,77.2240448 28.6794481,77.2240448 28.6796639))",EPSG:4326
GEO-06-064-G1,IN-DL-110054-6-64,G1,2000-01-01,AUTHORITATIVE,CANONICAL_BASELINE,706.22,Initial canonical geometry,ACCEPTED,,"POLYGON((77.2243614 28.6796639,77.2246646 28.6796639,77.2246646 28.6794481,77.2243614 28.6794481,77.2243614 28.6796639))",EPSG:4326
GEO-06-065-G1,IN-DL-110054-6-65,G1,2000-01-01,AUTHORITATIVE,CANONICAL_BASELINE,613.96,Initial canonical geometry,ACCEPTED,,"POLYGON((77.2246646 28.6796639,77.2249282 28.6796639,77.2249282 28.6794481,77.2246646 28.6794481,77.2246646 28.6796639))",EPSG:4326
GEO-06-066-G1,IN-DL-110054-6-66,G1,2000-01-01,AUTHORITATIVE,CANONICAL_BASELINE,925.38,Initial canonical geometry,ACCEPTED,,"POLYGON((77.2249282 28.6796639,77.2253255 28.6796639,77.2253255 28.6794481,77.2249282 28.6794481,77.2249282 28.6796639))",EPSG:4326
GEO-06-067-G1,IN-DL-110054-6-67,G1,2000-01-01,AUTHORITATIVE,CANONICAL_BASELINE,747.18,Initial canonical geometry,ACCEPTED,,"POLYGON((77.2253255 28.6796639,77.2256462 28.6796639,77.2256462 28.6794481,77.2253255 28.6794481,77.2253255 28.6796639))",EPSG:4326
GEO-06-068-G1,IN-DL-110054-6-68,G1,2000-01-01,AUTHORITATIVE,CANONICAL_BASELINE,671.89,Initial canonical geometry,ACCEPTED,,"POLYGON((77.2256462 28.6796639,77.2259347 28.6796639,77.2259347 28.6794481,77.2256462 28.6794481,77.2256462 28.6796639))",EPSG:4326
GEO-06-069-G1,IN-DL-110054-6-69,G1,2000-01-01,SUPERSEDED,CANONICAL_BASELINE,613.26,Initial canonical geometry,SUPERSEDED,,"POLYGON((77.2259347 28.6796639,77.2261979 28.6796639,77.2261979 28.6794481,77.2259347 28.6794481,77.2259347 28.6796639))",EPSG:4326
GEO-06-069-G2,IN-DL-110054-6-69,G2,2026-05-15,AUTHORITATIVE,GNSS_RESURVEY,613.2,GNSS/CORS resurvey,ACCEPTED,GEO-06-069-G1,"POLYGON((77.2259388 28.6796586,77.2262047 28.6796598,77.2262060 28.6794462,77.2259401 28.6794449,77.2259388 28.6796586))",EPSG:4326
GEO-06-070-G1,IN-DL-110054-6-70,G1,2000-01-01,AUTHORITATIVE,CANONICAL_BASELINE,703.66,Initial canonical geometry,ACCEPTED,,"POLYGON((77.2261979 28.6796639,77.2265000 28.6796639,77.2265000 28.6794481,77.2261979 28.6794481,77.2261979 28.6796639))",EPSG:4326
GEO-06-071-G1,IN-DL-110054-6-71,G1,2000-01-01,AUTHORITATIVE,CANONICAL_BASELINE,675.53,Initial canonical geometry,ACCEPTED,,"POLYGON((77.2235000 28.6794481,77.2237712 28.6794481,77.2237712 28.6792174,77.2235000 28.6792174,77.2235000 28.6794481))",EPSG:4326
GEO-06-072-G1,IN-DL-110054-6-72,G1,2000-01-01,AUTHORITATIVE,CANONICAL_BASELINE,681.47,Initial canonical geometry,ACCEPTED,,"POLYGON((77.2237712 28.6794481,77.2240448 28.6794481,77.2240448 28.6792174,77.2237712 28.6792174,77.2237712 28.6794481))",EPSG:4326
GEO-06-073-G1,IN-DL-110054-6-73,G1,2000-01-01,AUTHORITATIVE,CANONICAL_BASELINE,788.77,Initial canonical geometry,ACCEPTED,,"POLYGON((77.2240448 28.6794481,77.2243614 28.6794481,77.2243614 28.6792174,77.2240448 28.6792174,77.2240448 28.6794481))",EPSG:4326
GEO-06-074-G1,IN-DL-110054-6-74,G1,2000-01-01,AUTHORITATIVE,CANONICAL_BASELINE,755.18,Initial canonical geometry,ACCEPTED,,"POLYGON((77.2243614 28.6794481,77.2246646 28.6794481,77.2246646 28.6792174,77.2243614 28.6792174,77.2243614 28.6794481))",EPSG:4326
GEO-06-075-G1,IN-DL-110054-6-75,G1,2000-01-01,AUTHORITATIVE,CANONICAL_BASELINE,656.53,Initial canonical geometry,ACCEPTED,,"POLYGON((77.2246646 28.6794481,77.2249282 28.6794481,77.2249282 28.6792174,77.2246646 28.6792174,77.2246646 28.6794481))",EPSG:4326
GEO-06-076-G1,IN-DL-110054-6-76,G1,2000-01-01,AUTHORITATIVE,CANONICAL_BASELINE,989.54,Initial canonical geometry,ACCEPTED,,"POLYGON((77.2249282 28.6794481,77.2253255 28.6794481,77.2253255 28.6792174,77.2249282 28.6792174,77.2249282 28.6794481))",EPSG:4326
GEO-06-077-G1,IN-DL-110054-6-77,G1,2000-01-01,AUTHORITATIVE,CANONICAL_BASELINE,798.99,Initial canonical geometry,ACCEPTED,,"POLYGON((77.2253255 28.6794481,77.2256462 28.6794481,77.2256462 28.6792174,77.2253255 28.6792174,77.2253255 28.6794481))",EPSG:4326
GEO-06-078-G1,IN-DL-110054-6-78,G1,2000-01-01,AUTHORITATIVE,CANONICAL_BASELINE,718.47,Initial canonical geometry,ACCEPTED,,"POLYGON((77.2256462 28.6794481,77.2259347 28.6794481,77.2259347 28.6792174,77.2256462 28.6792174,77.2256462 28.6794481))",EPSG:4326
GEO-06-079-G1,IN-DL-110054-6-79,G1,2000-01-01,AUTHORITATIVE,CANONICAL_BASELINE,655.78,Initial canonical geometry,ACCEPTED,,"POLYGON((77.2259347 28.6794481,77.2261979 28.6794481,77.2261979 28.6792174,77.2259347 28.6792174,77.2259347 28.6794481))",EPSG:4326
GEO-06-080-G1,IN-DL-110054-6-80,G1,2000-01-01,AUTHORITATIVE,CANONICAL_BASELINE,752.45,Initial canonical geometry,ACCEPTED,,"POLYGON((77.2261979 28.6794481,77.2265000 28.6794481,77.2265000 28.6792174,77.2261979 28.6792174,77.2261979 28.6794481))",EPSG:4326
GEO-06-081-G1,IN-DL-110054-6-81,G1,2000-01-01,AUTHORITATIVE,CANONICAL_BASELINE,757.33,Initial canonical geometry,ACCEPTED,,"POLYGON((77.2235000 28.6792174,77.2237712 28.6792174,77.2237712 28.6789587,77.2235000 28.6789587,77.2235000 28.6792174))",EPSG:4326
GEO-06-082-G1,IN-DL-110054-6-82,G1,2000-01-01,AUTHORITATIVE,CANONICAL_BASELINE,763.98,Initial canonical geometry,ACCEPTED,,"POLYGON((77.2237712 28.6792174,77.2240448 28.6792174,77.2240448 28.6789587,77.2237712 28.6789587,77.2237712 28.6792174))",EPSG:4326
GEO-06-083-G1,IN-DL-110054-6-83,G1,2000-01-01,AUTHORITATIVE,CANONICAL_BASELINE,884.28,Initial canonical geometry,ACCEPTED,,"POLYGON((77.2240448 28.6792174,77.2243614 28.6792174,77.2243614 28.6789587,77.2240448 28.6789587,77.2240448 28.6792174))",EPSG:4326
GEO-06-084-G1,IN-DL-110054-6-84,G1,2000-01-01,AUTHORITATIVE,CANONICAL_BASELINE,846.63,Initial canonical geometry,ACCEPTED,,"POLYGON((77.2243614 28.6792174,77.2246646 28.6792174,77.2246646 28.6789587,77.2243614 28.6789587,77.2243614 28.6792174))",EPSG:4326
GEO-06-085-G1,IN-DL-110054-6-85,G1,2000-01-01,AUTHORITATIVE,CANONICAL_BASELINE,736.03,Initial canonical geometry,ACCEPTED,,"POLYGON((77.2246646 28.6792174,77.2249282 28.6792174,77.2249282 28.6789587,77.2246646 28.6789587,77.2246646 28.6792174))",EPSG:4326
GEO-06-086-G1,IN-DL-110054-6-86,G1,2000-01-01,AUTHORITATIVE,CANONICAL_BASELINE,1109.37,Initial canonical geometry,ACCEPTED,,"POLYGON((77.2249282 28.6792174,77.2253255 28.6792174,77.2253255 28.6789587,77.2249282 28.6789587,77.2249282 28.6792174))",EPSG:4326
GEO-06-087-G1,IN-DL-110054-6-87,G1,2000-01-01,AUTHORITATIVE,CANONICAL_BASELINE,895.74,Initial canonical geometry,ACCEPTED,,"POLYGON((77.2253255 28.6792174,77.2256462 28.6792174,77.2256462 28.6789587,77.2253255 28.6789587,77.2253255 28.6792174))",EPSG:4326
GEO-06-088-G1,IN-DL-110054-6-88,G1,2000-01-01,AUTHORITATIVE,CANONICAL_BASELINE,805.47,Initial canonical geometry,ACCEPTED,,"POLYGON((77.2256462 28.6792174,77.2259347 28.6792174,77.2259347 28.6789587,77.2256462 28.6789587,77.2256462 28.6792174))",EPSG:4326
GEO-06-089-G1,IN-DL-110054-6-89,G1,2000-01-01,AUTHORITATIVE,CANONICAL_BASELINE,735.19,Initial canonical geometry,ACCEPTED,,"POLYGON((77.2259347 28.6792174,77.2261979 28.6792174,77.2261979 28.6789587,77.2259347 28.6789587,77.2259347 28.6792174))",EPSG:4326
GEO-06-089-G2,IN-DL-110054-6-89,G2,2026-05-15,PROPOSED,GNSS_RESURVEY,735.11,GNSS/CORS resurvey,PENDING_HUMAN_APPROVAL,GEO-06-089-G1,"POLYGON((77.2259387 28.6792118,77.2262046 28.6792131,77.2262061 28.6789570,77.2259402 28.6789557,77.2259387 28.6792118))",EPSG:4326
GEO-06-090-G1,IN-DL-110054-6-90,G1,2000-01-01,AUTHORITATIVE,CANONICAL_BASELINE,843.56,Initial canonical geometry,ACCEPTED,,"POLYGON((77.2261979 28.6792174,77.2265000 28.6792174,77.2265000 28.6789587,77.2261979 28.6789587,77.2261979 28.6792174))",EPSG:4326
GEO-06-091-G1,IN-DL-110054-6-91,G1,2000-01-01,AUTHORITATIVE,CANONICAL_BASELINE,757.29,Initial canonical geometry,ACCEPTED,,"POLYGON((77.2235000 28.6789587,77.2237712 28.6789587,77.2237712 28.6787000,77.2235000 28.6787000,77.2235000 28.6789587))",EPSG:4326
GEO-06-092-G1,IN-DL-110054-6-92,G1,2000-01-01,AUTHORITATIVE,CANONICAL_BASELINE,763.95,Initial canonical geometry,ACCEPTED,,"POLYGON((77.2237712 28.6789587,77.2240448 28.6789587,77.2240448 28.6787000,77.2237712 28.6787000,77.2237712 28.6789587))",EPSG:4326
GEO-06-093-G1,IN-DL-110054-6-93,G1,2000-01-01,AUTHORITATIVE,CANONICAL_BASELINE,884.24,Initial canonical geometry,ACCEPTED,,"POLYGON((77.2240448 28.6789587,77.2243614 28.6789587,77.2243614 28.6787000,77.2240448 28.6787000,77.2240448 28.6789587))",EPSG:4326
GEO-06-094-G1,IN-DL-110054-6-94,G1,2000-01-01,AUTHORITATIVE,CANONICAL_BASELINE,846.59,Initial canonical geometry,ACCEPTED,,"POLYGON((77.2243614 28.6789587,77.2246646 28.6789587,77.2246646 28.6787000,77.2243614 28.6787000,77.2243614 28.6789587))",EPSG:4326
GEO-06-095-G1,IN-DL-110054-6-95,G1,2000-01-01,AUTHORITATIVE,CANONICAL_BASELINE,736.0,Initial canonical geometry,ACCEPTED,,"POLYGON((77.2246646 28.6789587,77.2249282 28.6789587,77.2249282 28.6787000,77.2246646 28.6787000,77.2246646 28.6789587))",EPSG:4326
GEO-06-096-G1,IN-DL-110054-6-96,G1,2000-01-01,AUTHORITATIVE,CANONICAL_BASELINE,1109.31,Initial canonical geometry,ACCEPTED,,"POLYGON((77.2249282 28.6789587,77.2253255 28.6789587,77.2253255 28.6787000,77.2249282 28.6787000,77.2249282 28.6789587))",EPSG:4326
GEO-06-097-G1,IN-DL-110054-6-97,G1,2000-01-01,AUTHORITATIVE,CANONICAL_BASELINE,895.69,Initial canonical geometry,ACCEPTED,,"POLYGON((77.2253255 28.6789587,77.2256462 28.6789587,77.2256462 28.6787000,77.2253255 28.6787000,77.2253255 28.6789587))",EPSG:4326
GEO-06-098-G1,IN-DL-110054-6-98,G1,2000-01-01,AUTHORITATIVE,CANONICAL_BASELINE,805.43,Initial canonical geometry,ACCEPTED,,"POLYGON((77.2256462 28.6789587,77.2259347 28.6789587,77.2259347 28.6787000,77.2256462 28.6787000,77.2256462 28.6789587))",EPSG:4326
GEO-06-099-G1,IN-DL-110054-6-99,G1,2000-01-01,AUTHORITATIVE,CANONICAL_BASELINE,735.15,Initial canonical geometry,ACCEPTED,,"POLYGON((77.2259347 28.6789587,77.2261979 28.6789587,77.2261979 28.6787000,77.2259347 28.6787000,77.2259347 28.6789587))",EPSG:4326
GEO-06-100-G1,IN-DL-110054-6-100,G1,2000-01-01,AUTHORITATIVE,CANONICAL_BASELINE,843.52,Initial canonical geometry,ACCEPTED,,"POLYGON((77.2261979 28.6789587,77.2265000 28.6789587,77.2265000 28.6787000,77.2261979 28.6787000,77.2261979 28.6789587))",EPSG:4326
GEO-07-001-G1,IN-DL-110054-7-1,G1,2000-01-01,SUPERSEDED,CANONICAL_BASELINE,633.21,Initial canonical geometry,SUPERSEDED,,"POLYGON((77.2267800 28.6812000,77.2270493 28.6812000,77.2270493 28.6809822,77.2267800 28.6809822,77.2267800 28.6812000))",EPSG:4326
GEO-07-001-G2,IN-DL-110054-7-1,G2,2026-05-15,AUTHORITATIVE,GNSS_RESURVEY,632.19,Local distortion corrected by resurvey,ACCEPTED,GEO-07-001-G1,"POLYGON((77.2267531 28.6812014,77.2270331 28.6812079,77.2270393 28.6809989,77.2267593 28.6809924,77.2267531 28.6812014))",EPSG:4326
GEO-07-002-G1,IN-DL-110054-7-2,G1,2000-01-01,AUTHORITATIVE,CANONICAL_BASELINE,732.91,Initial canonical geometry,ACCEPTED,,"POLYGON((77.2270493 28.6812000,77.2273610 28.6812000,77.2273610 28.6809822,77.2270493 28.6809822,77.2270493 28.6812000))",EPSG:4326
GEO-07-003-G1,IN-DL-110054-7-3,G1,2000-01-01,AUTHORITATIVE,CANONICAL_BASELINE,701.7,Initial canonical geometry,ACCEPTED,,"POLYGON((77.2273610 28.6812000,77.2276594 28.6812000,77.2276594 28.6809822,77.2273610 28.6809822,77.2273610 28.6812000))",EPSG:4326
GEO-07-004-G1,IN-DL-110054-7-4,G1,2000-01-01,SUPERSEDED,CANONICAL_BASELINE,610.04,Initial canonical geometry,SUPERSEDED,,"POLYGON((77.2276594 28.6812000,77.2279188 28.6812000,77.2279188 28.6809822,77.2276594 28.6809822,77.2276594 28.6812000))",EPSG:4326
GEO-07-004-G2,IN-DL-110054-7-4,G2,2026-05-15,AUTHORITATIVE,GNSS_RESURVEY,609.06,Local distortion corrected by resurvey,ACCEPTED,GEO-07-004-G1,"POLYGON((77.2276327 28.6812015,77.2279025 28.6812078,77.2279087 28.6809987,77.2276389 28.6809925,77.2276327 28.6812015))",EPSG:4326
GEO-07-005-G1,IN-DL-110054-7-5,G1,2000-01-01,AUTHORITATIVE,CANONICAL_BASELINE,664.87,Initial canonical geometry,ACCEPTED,,"POLYGON((77.2279188 28.6812000,77.2282016 28.6812000,77.2282016 28.6809822,77.2279188 28.6809822,77.2279188 28.6812000))",EPSG:4326
GEO-07-006-G1,IN-DL-110054-7-6,G1,2000-01-01,AUTHORITATIVE,CANONICAL_BASELINE,1001.06,Initial canonical geometry,ACCEPTED,,"POLYGON((77.2282016 28.6812000,77.2286273 28.6812000,77.2286273 28.6809822,77.2282016 28.6809822,77.2282016 28.6812000))",EPSG:4326
GEO-07-007-G1,IN-DL-110054-7-7,G1,2000-01-01,AUTHORITATIVE,CANONICAL_BASELINE,667.59,Initial canonical geometry,ACCEPTED,,"POLYGON((77.2286273 28.6812000,77.2289112 28.6812000,77.2289112 28.6809822,77.2286273 28.6809822,77.2286273 28.6812000))",EPSG:4326
GEO-07-008-G1,IN-DL-110054-7-8,G1,2000-01-01,AUTHORITATIVE,CANONICAL_BASELINE,609.34,Initial canonical geometry,ACCEPTED,,"POLYGON((77.2289112 28.6812000,77.2291704 28.6812000,77.2291704 28.6809822,77.2289112 28.6809822,77.2289112 28.6812000))",EPSG:4326
GEO-07-009-G1,IN-DL-110054-7-9,G1,2000-01-01,AUTHORITATIVE,CANONICAL_BASELINE,699.16,Initial canonical geometry,ACCEPTED,,"POLYGON((77.2291704 28.6812000,77.2294677 28.6812000,77.2294677 28.6809822,77.2291704 28.6809822,77.2291704 28.6812000))",EPSG:4326
GEO-07-010-G1,IN-DL-110054-7-10,G1,2000-01-01,AUTHORITATIVE,CANONICAL_BASELINE,734.27,Initial canonical geometry,ACCEPTED,,"POLYGON((77.2294677 28.6812000,77.2297800 28.6812000,77.2297800 28.6809822,77.2294677 28.6809822,77.2294677 28.6812000))",EPSG:4326
GEO-07-011-G1,IN-DL-110054-7-11,G1,2000-01-01,AUTHORITATIVE,CANONICAL_BASELINE,660.26,Initial canonical geometry,ACCEPTED,,"POLYGON((77.2267800 28.6809822,77.2270493 28.6809822,77.2270493 28.6807551,77.2267800 28.6807551,77.2267800 28.6809822))",EPSG:4326
GEO-07-012-G1,IN-DL-110054-7-12,G1,2000-01-01,AUTHORITATIVE,CANONICAL_BASELINE,764.22,Initial canonical geometry,ACCEPTED,,"POLYGON((77.2270493 28.6809822,77.2273610 28.6809822,77.2273610 28.6807551,77.2270493 28.6807551,77.2270493 28.6809822))",EPSG:4326
GEO-07-013-G1,IN-DL-110054-7-13,G1,2000-01-01,AUTHORITATIVE,CANONICAL_BASELINE,731.68,Initial canonical geometry,ACCEPTED,,"POLYGON((77.2273610 28.6809822,77.2276594 28.6809822,77.2276594 28.6807551,77.2273610 28.6807551,77.2273610 28.6809822))",EPSG:4326
GEO-07-014-G1,IN-DL-110054-7-14,G1,2000-01-01,AUTHORITATIVE,CANONICAL_BASELINE,636.1,Initial canonical geometry,ACCEPTED,,"POLYGON((77.2276594 28.6809822,77.2279188 28.6809822,77.2279188 28.6807551,77.2276594 28.6807551,77.2276594 28.6809822))",EPSG:4326
GEO-07-015-G1,IN-DL-110054-7-15,G1,2000-01-01,AUTHORITATIVE,CANONICAL_BASELINE,693.27,Initial canonical geometry,ACCEPTED,,"POLYGON((77.2279188 28.6809822,77.2282016 28.6809822,77.2282016 28.6807551,77.2279188 28.6807551,77.2279188 28.6809822))",EPSG:4326
GEO-07-016-G1,IN-DL-110054-7-16,G1,2000-01-01,AUTHORITATIVE,CANONICAL_BASELINE,1043.82,Initial canonical geometry,ACCEPTED,,"POLYGON((77.2282016 28.6809822,77.2286273 28.6809822,77.2286273 28.6807551,77.2282016 28.6807551,77.2282016 28.6809822))",EPSG:4326
GEO-07-017-G1,IN-DL-110054-7-17,G1,2000-01-01,AUTHORITATIVE,CANONICAL_BASELINE,696.11,Initial canonical geometry,ACCEPTED,,"POLYGON((77.2286273 28.6809822,77.2289112 28.6809822,77.2289112 28.6807551,77.2286273 28.6807551,77.2286273 28.6809822))",EPSG:4326
GEO-07-018-G1,IN-DL-110054-7-18,G1,2000-01-01,AUTHORITATIVE,CANONICAL_BASELINE,635.37,Initial canonical geometry,ACCEPTED,,"POLYGON((77.2289112 28.6809822,77.2291704 28.6809822,77.2291704 28.6807551,77.2289112 28.6807551,77.2289112 28.6809822))",EPSG:4326
GEO-07-019-G1,IN-DL-110054-7-19,G1,2000-01-01,AUTHORITATIVE,CANONICAL_BASELINE,729.03,Initial canonical geometry,ACCEPTED,,"POLYGON((77.2291704 28.6809822,77.2294677 28.6809822,77.2294677 28.6807551,77.2291704 28.6807551,77.2291704 28.6809822))",EPSG:4326
GEO-07-020-G1,IN-DL-110054-7-20,G1,2000-01-01,SUPERSEDED,CANONICAL_BASELINE,765.64,Initial canonical geometry,SUPERSEDED,,"POLYGON((77.2294677 28.6809822,77.2297800 28.6809822,77.2297800 28.6807551,77.2294677 28.6807551,77.2294677 28.6809822))",EPSG:4326
GEO-07-020-G2,IN-DL-110054-7-20,G2,2026-05-15,AUTHORITATIVE,GNSS_RESURVEY,719.7,Road widening / boundary correction,ACCEPTED,GEO-07-020-G1,"POLYGON((77.2294894 28.6809840,77.2297829 28.6809840,77.2297829 28.6807569,77.2294894 28.6807569,77.2294894 28.6809840))",EPSG:4326
GEO-07-021-G1,IN-DL-110054-7-21,G1,2000-01-01,SUPERSEDED,CANONICAL_BASELINE,744.8,Initial canonical geometry,SUPERSEDED,,"POLYGON((77.2267800 28.6807551,77.2270493 28.6807551,77.2270493 28.6804989,77.2267800 28.6804989,77.2267800 28.6807551))",EPSG:4326
GEO-07-021-G2,IN-DL-110054-7-21,G2,2026-05-15,AUTHORITATIVE,GNSS_RESURVEY,744.72,GNSS/CORS resurvey,ACCEPTED,GEO-07-021-G1,"POLYGON((77.2267840 28.6807495,77.2270560 28.6807508,77.2270575 28.6804971,77.2267856 28.6804959,77.2267840 28.6807495))",EPSG:4326
GEO-07-022-G1,IN-DL-110054-7-22,G1,2000-01-01,AUTHORITATIVE,CANONICAL_BASELINE,862.08,Initial canonical geometry,ACCEPTED,,"POLYGON((77.2270493 28.6807551,77.2273610 28.6807551,77.2273610 28.6804989,77.2270493 28.6804989,77.2270493 28.6807551))",EPSG:4326
GEO-07-023-G1,IN-DL-110054-7-23,G1,2000-01-01,AUTHORITATIVE,CANONICAL_BASELINE,825.37,Initial canonical geometry,ACCEPTED,,"POLYGON((77.2273610 28.6807551,77.2276594 28.6807551,77.2276594 28.6804989,77.2273610 28.6804989,77.2273610 28.6807551))",EPSG:4326
GEO-07-024-G1,IN-DL-110054-7-24,G1,2000-01-01,AUTHORITATIVE,CANONICAL_BASELINE,717.55,Initial canonical geometry,ACCEPTED,,"POLYGON((77.2276594 28.6807551,77.2279188 28.6807551,77.2279188 28.6804989,77.2276594 28.6804989,77.2276594 28.6807551))",EPSG:4326
GEO-07-025-G1,IN-DL-110054-7-25,G1,2000-01-01,AUTHORITATIVE,CANONICAL_BASELINE,782.04,Initial canonical geometry,ACCEPTED,,"POLYGON((77.2279188 28.6807551,77.2282016 28.6807551,77.2282016 28.6804989,77.2279188 28.6804989,77.2279188 28.6807551))",EPSG:4326
GEO-07-026-G1,IN-DL-110054-7-26,G1,2000-01-01,SUPERSEDED,CANONICAL_BASELINE,1177.48,Initial canonical geometry,SUPERSEDED,,"POLYGON((77.2282016 28.6807551,77.2286273 28.6807551,77.2286273 28.6804989,77.2282016 28.6804989,77.2282016 28.6807551))",EPSG:4326
GEO-07-026-G2,IN-DL-110054-7-26,G2,2026-05-15,AUTHORITATIVE,GNSS_RESURVEY,1177.36,GNSS/CORS resurvey,ACCEPTED,GEO-07-026-G1,"POLYGON((77.2282049 28.6807492,77.2286349 28.6807512,77.2286364 28.6804975,77.2282064 28.6804955,77.2282049 28.6807492))",EPSG:4326
GEO-07-027-G1,IN-DL-110054-7-27,G1,2000-01-01,AUTHORITATIVE,CANONICAL_BASELINE,785.25,Initial canonical geometry,ACCEPTED,,"POLYGON((77.2286273 28.6807551,77.2289112 28.6807551,77.2289112 28.6804989,77.2286273 28.6804989,77.2286273 28.6807551))",EPSG:4326
GEO-07-028-G1,IN-DL-110054-7-28,G1,2000-01-01,AUTHORITATIVE,CANONICAL_BASELINE,716.72,Initial canonical geometry,ACCEPTED,,"POLYGON((77.2289112 28.6807551,77.2291704 28.6807551,77.2291704 28.6804989,77.2289112 28.6804989,77.2289112 28.6807551))",EPSG:4326
GEO-07-029-G1,IN-DL-110054-7-29,G1,2000-01-01,AUTHORITATIVE,CANONICAL_BASELINE,822.37,Initial canonical geometry,ACCEPTED,,"POLYGON((77.2291704 28.6807551,77.2294677 28.6807551,77.2294677 28.6804989,77.2291704 28.6804989,77.2291704 28.6807551))",EPSG:4326
GEO-07-030-G1,IN-DL-110054-7-30,G1,2000-01-01,SUPERSEDED,CANONICAL_BASELINE,863.67,Initial canonical geometry,SUPERSEDED,,"POLYGON((77.2294677 28.6807551,77.2297800 28.6807551,77.2297800 28.6804989,77.2294677 28.6804989,77.2294677 28.6807551))",EPSG:4326
GEO-07-030-G2,IN-DL-110054-7-30,G2,2026-05-15,AUTHORITATIVE,GNSS_RESURVEY,811.85,Road widening / boundary correction,ACCEPTED,GEO-07-030-G1,"POLYGON((77.2294894 28.6807569,77.2297829 28.6807569,77.2297829 28.6805007,77.2294894 28.6805007,77.2294894 28.6807569))",EPSG:4326
GEO-07-031-G1,IN-DL-110054-7-31,G1,2000-01-01,AUTHORITATIVE,CANONICAL_BASELINE,762.97,Initial canonical geometry,ACCEPTED,,"POLYGON((77.2267800 28.6804989,77.2270493 28.6804989,77.2270493 28.6802364,77.2267800 28.6802364,77.2267800 28.6804989))",EPSG:4326
GEO-07-032-G1,IN-DL-110054-7-32,G1,2000-01-01,AUTHORITATIVE,CANONICAL_BASELINE,883.11,Initial canonical geometry,ACCEPTED,,"POLYGON((77.2270493 28.6804989,77.2273610 28.6804989,77.2273610 28.6802364,77.2270493 28.6802364,77.2270493 28.6804989))",EPSG:4326
GEO-07-033-G1,IN-DL-110054-7-33,G1,2000-01-01,AUTHORITATIVE,CANONICAL_BASELINE,845.51,Initial canonical geometry,ACCEPTED,,"POLYGON((77.2273610 28.6804989,77.2276594 28.6804989,77.2276594 28.6802364,77.2273610 28.6802364,77.2273610 28.6804989))",EPSG:4326
GEO-07-033-G2,IN-DL-110054-7-33,G2,2026-05-15,PROPOSED,GNSS_RESURVEY,845.42,GNSS/CORS resurvey,PENDING_HUMAN_APPROVAL,GEO-07-033-G1,"POLYGON((77.2273649 28.6804932,77.2276663 28.6804946,77.2276678 28.6802348,77.2273664 28.6802334,77.2273649 28.6804932))",EPSG:4326
GEO-07-034-G1,IN-DL-110054-7-34,G1,2000-01-01,AUTHORITATIVE,CANONICAL_BASELINE,735.06,Initial canonical geometry,ACCEPTED,,"POLYGON((77.2276594 28.6804989,77.2279188 28.6804989,77.2279188 28.6802364,77.2276594 28.6802364,77.2276594 28.6804989))",EPSG:4326
GEO-07-035-G1,IN-DL-110054-7-35,G1,2000-01-01,AUTHORITATIVE,CANONICAL_BASELINE,801.13,Initial canonical geometry,ACCEPTED,,"POLYGON((77.2279188 28.6804989,77.2282016 28.6804989,77.2282016 28.6802364,77.2279188 28.6802364,77.2279188 28.6804989))",EPSG:4326
GEO-07-036-G1,IN-DL-110054-7-36,G1,2000-01-01,AUTHORITATIVE,CANONICAL_BASELINE,1206.21,Initial canonical geometry,ACCEPTED,,"POLYGON((77.2282016 28.6804989,77.2286273 28.6804989,77.2286273 28.6802364,77.2282016 28.6802364,77.2282016 28.6804989))",EPSG:4326
GEO-07-037-G1,IN-DL-110054-7-37,G1,2000-01-01,AUTHORITATIVE,CANONICAL_BASELINE,804.41,Initial canonical geometry,ACCEPTED,,"POLYGON((77.2286273 28.6804989,77.2289112 28.6804989,77.2289112 28.6802364,77.2286273 28.6802364,77.2286273 28.6804989))",EPSG:4326
GEO-07-038-G1,IN-DL-110054-7-38,G1,2000-01-01,AUTHORITATIVE,CANONICAL_BASELINE,734.21,Initial canonical geometry,ACCEPTED,,"POLYGON((77.2289112 28.6804989,77.2291704 28.6804989,77.2291704 28.6802364,77.2289112 28.6802364,77.2289112 28.6804989))",EPSG:4326
GEO-07-039-G1,IN-DL-110054-7-39,G1,2000-01-01,AUTHORITATIVE,CANONICAL_BASELINE,842.44,Initial canonical geometry,ACCEPTED,,"POLYGON((77.2291704 28.6804989,77.2294677 28.6804989,77.2294677 28.6802364,77.2291704 28.6802364,77.2291704 28.6804989))",EPSG:4326
GEO-07-040-G1,IN-DL-110054-7-40,G1,2000-01-01,AUTHORITATIVE,CANONICAL_BASELINE,884.75,Initial canonical geometry,ACCEPTED,,"POLYGON((77.2294677 28.6804989,77.2297800 28.6804989,77.2297800 28.6802364,77.2294677 28.6802364,77.2294677 28.6804989))",EPSG:4326
GEO-07-041-G1,IN-DL-110054-7-41,G1,2000-01-01,AUTHORITATIVE,CANONICAL_BASELINE,688.16,Initial canonical geometry,ACCEPTED,,"POLYGON((77.2267800 28.6802364,77.2270493 28.6802364,77.2270493 28.6799997,77.2267800 28.6799997,77.2267800 28.6802364))",EPSG:4326
GEO-07-042-G1,IN-DL-110054-7-42,G1,2000-01-01,AUTHORITATIVE,CANONICAL_BASELINE,796.52,Initial canonical geometry,ACCEPTED,,"POLYGON((77.2270493 28.6802364,77.2273610 28.6802364,77.2273610 28.6799997,77.2270493 28.6799997,77.2270493 28.6802364))",EPSG:4326
GEO-07-043-G1,IN-DL-110054-7-43,G1,2000-01-01,AUTHORITATIVE,CANONICAL_BASELINE,762.6,Initial canonical geometry,ACCEPTED,,"POLYGON((77.2273610 28.6802364,77.2276594 28.6802364,77.2276594 28.6799997,77.2273610 28.6799997,77.2273610 28.6802364))",EPSG:4326
GEO-07-044-G1,IN-DL-110054-7-44,G1,2000-01-01,AUTHORITATIVE,CANONICAL_BASELINE,662.98,Initial canonical geometry,ACCEPTED,,"POLYGON((77.2276594 28.6802364,77.2279188 28.6802364,77.2279188 28.6799997,77.2276594 28.6799997,77.2276594 28.6802364))",EPSG:4326
GEO-07-045-G1,IN-DL-110054-7-45,G1,2000-01-01,SUPERSEDED,CANONICAL_BASELINE,722.57,Initial canonical geometry,SUPERSEDED,,"POLYGON((77.2279188 28.6802364,77.2282016 28.6802364,77.2282016 28.6799997,77.2279188 28.6799997,77.2279188 28.6802364))",EPSG:4326
GEO-07-045-G2,IN-DL-110054-7-45,G2,2026-05-15,AUTHORITATIVE,GNSS_RESURVEY,722.5,GNSS/CORS resurvey,ACCEPTED,GEO-07-045-G1,"POLYGON((77.2279229 28.6802309,77.2282085 28.6802323,77.2282099 28.6799979,77.2279243 28.6799966,77.2279229 28.6802309))",EPSG:4326
GEO-07-046-G1,IN-DL-110054-7-46,G1,2000-01-01,AUTHORITATIVE,CANONICAL_BASELINE,1087.93,Initial canonical geometry,ACCEPTED,,"POLYGON((77.2282016 28.6802364,77.2286273 28.6802364,77.2286273 28.6799997,77.2282016 28.6799997,77.2282016 28.6802364))",EPSG:4326
GEO-07-047-G1,IN-DL-110054-7-47,G1,2000-01-01,AUTHORITATIVE,CANONICAL_BASELINE,725.53,Initial canonical geometry,ACCEPTED,,"POLYGON((77.2286273 28.6802364,77.2289112 28.6802364,77.2289112 28.6799997,77.2286273 28.6799997,77.2286273 28.6802364))",EPSG:4326
GEO-07-048-G1,IN-DL-110054-7-48,G1,2000-01-01,AUTHORITATIVE,CANONICAL_BASELINE,662.22,Initial canonical geometry,ACCEPTED,,"POLYGON((77.2289112 28.6802364,77.2291704 28.6802364,77.2291704 28.6799997,77.2289112 28.6799997,77.2289112 28.6802364))",EPSG:4326
GEO-07-049-G1,IN-DL-110054-7-49,G1,2000-01-01,AUTHORITATIVE,CANONICAL_BASELINE,759.84,Initial canonical geometry,ACCEPTED,,"POLYGON((77.2291704 28.6802364,77.2294677 28.6802364,77.2294677 28.6799997,77.2291704 28.6799997,77.2291704 28.6802364))",EPSG:4326
GEO-07-050-G1,IN-DL-110054-7-50,G1,2000-01-01,AUTHORITATIVE,CANONICAL_BASELINE,797.99,Initial canonical geometry,ACCEPTED,,"POLYGON((77.2294677 28.6802364,77.2297800 28.6802364,77.2297800 28.6799997,77.2294677 28.6799997,77.2294677 28.6802364))",EPSG:4326
GEO-07-051-G1,IN-DL-110054-7-51,G1,2000-01-01,AUTHORITATIVE,CANONICAL_BASELINE,920.66,Initial canonical geometry,ACCEPTED,,"POLYGON((77.2267800 28.6799997,77.2270493 28.6799997,77.2270493 28.6796830,77.2267800 28.6796830,77.2267800 28.6799997))",EPSG:4326
GEO-07-052-G1,IN-DL-110054-7-52,G1,2000-01-01,AUTHORITATIVE,CANONICAL_BASELINE,1065.63,Initial canonical geometry,ACCEPTED,,"POLYGON((77.2270493 28.6799997,77.2273610 28.6799997,77.2273610 28.6796830,77.2270493 28.6796830,77.2270493 28.6799997))",EPSG:4326
GEO-07-053-G1,IN-DL-110054-7-53,G1,2000-01-01,AUTHORITATIVE,CANONICAL_BASELINE,1020.25,Initial canonical geometry,ACCEPTED,,"POLYGON((77.2273610 28.6799997,77.2276594 28.6799997,77.2276594 28.6796830,77.2273610 28.6796830,77.2273610 28.6799997))",EPSG:4326
GEO-07-054-G1,IN-DL-110054-7-54,G1,2000-01-01,AUTHORITATIVE,CANONICAL_BASELINE,886.98,Initial canonical geometry,ACCEPTED,,"POLYGON((77.2276594 28.6799997,77.2279188 28.6799997,77.2279188 28.6796830,77.2276594 28.6796830,77.2276594 28.6799997))",EPSG:4326
GEO-07-055-G1,IN-DL-110054-7-55,G1,2000-01-01,AUTHORITATIVE,CANONICAL_BASELINE,966.7,Initial canonical geometry,ACCEPTED,,"POLYGON((77.2279188 28.6799997,77.2282016 28.6799997,77.2282016 28.6796830,77.2279188 28.6796830,77.2279188 28.6799997))",EPSG:4326
GEO-07-056-G1,IN-DL-110054-7-56,G1,2000-01-01,AUTHORITATIVE,CANONICAL_BASELINE,1455.5,Initial canonical geometry,ACCEPTED,,"POLYGON((77.2282016 28.6799997,77.2286273 28.6799997,77.2286273 28.6796830,77.2282016 28.6796830,77.2282016 28.6799997))",EPSG:4326
GEO-07-057-G1,IN-DL-110054-7-57,G1,2000-01-01,AUTHORITATIVE,CANONICAL_BASELINE,970.66,Initial canonical geometry,ACCEPTED,,"POLYGON((77.2286273 28.6799997,77.2289112 28.6799997,77.2289112 28.6796830,77.2286273 28.6796830,77.2286273 28.6799997))",EPSG:4326
GEO-07-058-G1,IN-DL-110054-7-58,G1,2000-01-01,AUTHORITATIVE,CANONICAL_BASELINE,885.96,Initial canonical geometry,ACCEPTED,,"POLYGON((77.2289112 28.6799997,77.2291704 28.6799997,77.2291704 28.6796830,77.2289112 28.6796830,77.2289112 28.6799997))",EPSG:4326
GEO-07-059-G1,IN-DL-110054-7-59,G1,2000-01-01,AUTHORITATIVE,CANONICAL_BASELINE,1016.56,Initial canonical geometry,ACCEPTED,,"POLYGON((77.2291704 28.6799997,77.2294677 28.6799997,77.2294677 28.6796830,77.2291704 28.6796830,77.2291704 28.6799997))",EPSG:4326
GEO-07-060-G1,IN-DL-110054-7-60,G1,2000-01-01,AUTHORITATIVE,CANONICAL_BASELINE,1067.6,Initial canonical geometry,ACCEPTED,,"POLYGON((77.2294677 28.6799997,77.2297800 28.6799997,77.2297800 28.6796830,77.2294677 28.6796830,77.2294677 28.6799997))",EPSG:4326
GEO-07-061-G1,IN-DL-110054-7-61,G1,2000-01-01,AUTHORITATIVE,CANONICAL_BASELINE,673.63,Initial canonical geometry,ACCEPTED,,"POLYGON((77.2267800 28.6796830,77.2270493 28.6796830,77.2270493 28.6794513,77.2267800 28.6794513,77.2267800 28.6796830))",EPSG:4326
GEO-07-062-G1,IN-DL-110054-7-62,G1,2000-01-01,AUTHORITATIVE,CANONICAL_BASELINE,779.71,Initial canonical geometry,ACCEPTED,,"POLYGON((77.2270493 28.6796830,77.2273610 28.6796830,77.2273610 28.6794513,77.2270493 28.6794513,77.2270493 28.6796830))",EPSG:4326
GEO-07-063-G1,IN-DL-110054-7-63,G1,2000-01-01,AUTHORITATIVE,CANONICAL_BASELINE,746.5,Initial canonical geometry,ACCEPTED,,"POLYGON((77.2273610 28.6796830,77.2276594 28.6796830,77.2276594 28.6794513,77.2273610 28.6794513,77.2273610 28.6796830))",EPSG:4326
GEO-07-064-G1,IN-DL-110054-7-64,G1,2000-01-01,SUPERSEDED,CANONICAL_BASELINE,648.99,Initial canonical geometry,SUPERSEDED,,"POLYGON((77.2276594 28.6796830,77.2279188 28.6796830,77.2279188 28.6794513,77.2276594 28.6794513,77.2276594 28.6796830))",EPSG:4326
GEO-07-064-G2,IN-DL-110054-7-64,G2,2026-05-15,AUTHORITATIVE,GNSS_RESURVEY,647.95,Local distortion corrected by resurvey,ACCEPTED,GEO-07-064-G1,"POLYGON((77.2276325 28.6796842,77.2279023 28.6796905,77.2279089 28.6794681,77.2276391 28.6794619,77.2276325 28.6796842))",EPSG:4326
GEO-07-065-G1,IN-DL-110054-7-65,G1,2000-01-01,AUTHORITATIVE,CANONICAL_BASELINE,707.32,Initial canonical geometry,ACCEPTED,,"POLYGON((77.2279188 28.6796830,77.2282016 28.6796830,77.2282016 28.6794513,77.2279188 28.6794513,77.2279188 28.6796830))",EPSG:4326
GEO-07-066-G1,IN-DL-110054-7-66,G1,2000-01-01,AUTHORITATIVE,CANONICAL_BASELINE,1064.97,Initial canonical geometry,ACCEPTED,,"POLYGON((77.2282016 28.6796830,77.2286273 28.6796830,77.2286273 28.6794513,77.2282016 28.6794513,77.2282016 28.6796830))",EPSG:4326
GEO-07-067-G1,IN-DL-110054-7-67,G1,2000-01-01,AUTHORITATIVE,CANONICAL_BASELINE,710.22,Initial canonical geometry,ACCEPTED,,"POLYGON((77.2286273 28.6796830,77.2289112 28.6796830,77.2289112 28.6794513,77.2286273 28.6794513,77.2286273 28.6796830))",EPSG:4326
GEO-07-068-G1,IN-DL-110054-7-68,G1,2000-01-01,AUTHORITATIVE,CANONICAL_BASELINE,648.24,Initial canonical geometry,ACCEPTED,,"POLYGON((77.2289112 28.6796830,77.2291704 28.6796830,77.2291704 28.6794513,77.2289112 28.6794513,77.2289112 28.6796830))",EPSG:4326
GEO-07-069-G1,IN-DL-110054-7-69,G1,2000-01-01,AUTHORITATIVE,CANONICAL_BASELINE,743.8,Initial canonical geometry,ACCEPTED,,"POLYGON((77.2291704 28.6796830,77.2294677 28.6796830,77.2294677 28.6794513,77.2291704 28.6794513,77.2291704 28.6796830))",EPSG:4326
GEO-07-070-G1,IN-DL-110054-7-70,G1,2000-01-01,AUTHORITATIVE,CANONICAL_BASELINE,781.15,Initial canonical geometry,ACCEPTED,,"POLYGON((77.2294677 28.6796830,77.2297800 28.6796830,77.2297800 28.6794513,77.2294677 28.6794513,77.2294677 28.6796830))",EPSG:4326
GEO-07-071-G1,IN-DL-110054-7-71,G1,2000-01-01,AUTHORITATIVE,CANONICAL_BASELINE,755.2,Initial canonical geometry,ACCEPTED,,"POLYGON((77.2267800 28.6794513,77.2270493 28.6794513,77.2270493 28.6791915,77.2267800 28.6791915,77.2267800 28.6794513))",EPSG:4326
GEO-07-072-G1,IN-DL-110054-7-72,G1,2000-01-01,AUTHORITATIVE,CANONICAL_BASELINE,874.12,Initial canonical geometry,ACCEPTED,,"POLYGON((77.2270493 28.6794513,77.2273610 28.6794513,77.2273610 28.6791915,77.2270493 28.6791915,77.2270493 28.6794513))",EPSG:4326
GEO-07-073-G1,IN-DL-110054-7-73,G1,2000-01-01,AUTHORITATIVE,CANONICAL_BASELINE,836.9,Initial canonical geometry,ACCEPTED,,"POLYGON((77.2273610 28.6794513,77.2276594 28.6794513,77.2276594 28.6791915,77.2273610 28.6791915,77.2273610 28.6794513))",EPSG:4326
GEO-07-074-G1,IN-DL-110054-7-74,G1,2000-01-01,AUTHORITATIVE,CANONICAL_BASELINE,727.57,Initial canonical geometry,ACCEPTED,,"POLYGON((77.2276594 28.6794513,77.2279188 28.6794513,77.2279188 28.6791915,77.2276594 28.6791915,77.2276594 28.6794513))",EPSG:4326
GEO-07-075-G1,IN-DL-110054-7-75,G1,2000-01-01,AUTHORITATIVE,CANONICAL_BASELINE,792.97,Initial canonical geometry,ACCEPTED,,"POLYGON((77.2279188 28.6794513,77.2282016 28.6794513,77.2282016 28.6791915,77.2279188 28.6791915,77.2279188 28.6794513))",EPSG:4326
GEO-07-076-G1,IN-DL-110054-7-76,G1,2000-01-01,SUPERSEDED,CANONICAL_BASELINE,1193.93,Initial canonical geometry,SUPERSEDED,,"POLYGON((77.2282016 28.6794513,77.2286273 28.6794513,77.2286273 28.6791915,77.2282016 28.6791915,77.2282016 28.6794513))",EPSG:4326
GEO-07-076-G2,IN-DL-110054-7-76,G2,2026-05-15,AUTHORITATIVE,GNSS_RESURVEY,1193.81,GNSS/CORS resurvey,ACCEPTED,GEO-07-076-G1,"POLYGON((77.2282049 28.6794453,77.2286348 28.6794473,77.2286364 28.6791902,77.2282064 28.6791882,77.2282049 28.6794453))",EPSG:4326
GEO-07-077-G1,IN-DL-110054-7-77,G1,2000-01-01,SUPERSEDED,CANONICAL_BASELINE,796.22,Initial canonical geometry,SUPERSEDED,,"POLYGON((77.2286273 28.6794513,77.2289112 28.6794513,77.2289112 28.6791915,77.2286273 28.6791915,77.2286273 28.6794513))",EPSG:4326
GEO-07-077-G2,IN-DL-110054-7-77,G2,2026-05-15,AUTHORITATIVE,GNSS_RESURVEY,794.94,Local distortion corrected by resurvey,ACCEPTED,GEO-07-077-G1,"POLYGON((77.2285996 28.6794517,77.2288948 28.6794585,77.2289021 28.6792092,77.2286070 28.6792023,77.2285996 28.6794517))",EPSG:4326
GEO-07-078-G1,IN-DL-110054-7-78,G1,2000-01-01,AUTHORITATIVE,CANONICAL_BASELINE,726.73,Initial canonical geometry,ACCEPTED,,"POLYGON((77.2289112 28.6794513,77.2291704 28.6794513,77.2291704 28.6791915,77.2289112 28.6791915,77.2289112 28.6794513))",EPSG:4326
GEO-07-079-G1,IN-DL-110054-7-79,G1,2000-01-01,AUTHORITATIVE,CANONICAL_BASELINE,833.86,Initial canonical geometry,ACCEPTED,,"POLYGON((77.2291704 28.6794513,77.2294677 28.6794513,77.2294677 28.6791915,77.2291704 28.6791915,77.2291704 28.6794513))",EPSG:4326
GEO-07-080-G1,IN-DL-110054-7-80,G1,2000-01-01,AUTHORITATIVE,CANONICAL_BASELINE,875.74,Initial canonical geometry,ACCEPTED,,"POLYGON((77.2294677 28.6794513,77.2297800 28.6794513,77.2297800 28.6791915,77.2294677 28.6791915,77.2294677 28.6794513))",EPSG:4326
GEO-07-081-G1,IN-DL-110054-7-81,G1,2000-01-01,AUTHORITATIVE,CANONICAL_BASELINE,755.17,Initial canonical geometry,ACCEPTED,,"POLYGON((77.2267800 28.6791915,77.2270493 28.6791915,77.2270493 28.6789317,77.2267800 28.6789317,77.2267800 28.6791915))",EPSG:4326
GEO-07-082-G1,IN-DL-110054-7-82,G1,2000-01-01,AUTHORITATIVE,CANONICAL_BASELINE,874.08,Initial canonical geometry,ACCEPTED,,"POLYGON((77.2270493 28.6791915,77.2273610 28.6791915,77.2273610 28.6789317,77.2270493 28.6789317,77.2270493 28.6791915))",EPSG:4326
GEO-07-083-G1,IN-DL-110054-7-83,G1,2000-01-01,AUTHORITATIVE,CANONICAL_BASELINE,836.86,Initial canonical geometry,ACCEPTED,,"POLYGON((77.2273610 28.6791915,77.2276594 28.6791915,77.2276594 28.6789317,77.2273610 28.6789317,77.2273610 28.6791915))",EPSG:4326
GEO-07-084-G1,IN-DL-110054-7-84,G1,2000-01-01,AUTHORITATIVE,CANONICAL_BASELINE,727.54,Initial canonical geometry,ACCEPTED,,"POLYGON((77.2276594 28.6791915,77.2279188 28.6791915,77.2279188 28.6789317,77.2276594 28.6789317,77.2276594 28.6791915))",EPSG:4326
GEO-07-085-G1,IN-DL-110054-7-85,G1,2000-01-01,AUTHORITATIVE,CANONICAL_BASELINE,792.93,Initial canonical geometry,ACCEPTED,,"POLYGON((77.2279188 28.6791915,77.2282016 28.6791915,77.2282016 28.6789317,77.2279188 28.6789317,77.2279188 28.6791915))",EPSG:4326
GEO-07-086-G1,IN-DL-110054-7-86,G1,2000-01-01,AUTHORITATIVE,CANONICAL_BASELINE,1193.87,Initial canonical geometry,ACCEPTED,,"POLYGON((77.2282016 28.6791915,77.2286273 28.6791915,77.2286273 28.6789317,77.2282016 28.6789317,77.2282016 28.6791915))",EPSG:4326
GEO-07-087-G1,IN-DL-110054-7-87,G1,2000-01-01,AUTHORITATIVE,CANONICAL_BASELINE,796.18,Initial canonical geometry,ACCEPTED,,"POLYGON((77.2286273 28.6791915,77.2289112 28.6791915,77.2289112 28.6789317,77.2286273 28.6789317,77.2286273 28.6791915))",EPSG:4326
GEO-07-088-G1,IN-DL-110054-7-88,G1,2000-01-01,AUTHORITATIVE,CANONICAL_BASELINE,726.7,Initial canonical geometry,ACCEPTED,,"POLYGON((77.2289112 28.6791915,77.2291704 28.6791915,77.2291704 28.6789317,77.2289112 28.6789317,77.2289112 28.6791915))",EPSG:4326
GEO-07-089-G1,IN-DL-110054-7-89,G1,2000-01-01,AUTHORITATIVE,CANONICAL_BASELINE,833.82,Initial canonical geometry,ACCEPTED,,"POLYGON((77.2291704 28.6791915,77.2294677 28.6791915,77.2294677 28.6789317,77.2291704 28.6789317,77.2291704 28.6791915))",EPSG:4326
GEO-07-090-G1,IN-DL-110054-7-90,G1,2000-01-01,AUTHORITATIVE,CANONICAL_BASELINE,875.7,Initial canonical geometry,ACCEPTED,,"POLYGON((77.2294677 28.6791915,77.2297800 28.6791915,77.2297800 28.6789317,77.2294677 28.6789317,77.2294677 28.6791915))",EPSG:4326
GEO-07-091-G1,IN-DL-110054-7-91,G1,2000-01-01,AUTHORITATIVE,CANONICAL_BASELINE,673.58,Initial canonical geometry,ACCEPTED,,"POLYGON((77.2267800 28.6789317,77.2270493 28.6789317,77.2270493 28.6787000,77.2267800 28.6787000,77.2267800 28.6789317))",EPSG:4326
GEO-07-092-G1,IN-DL-110054-7-92,G1,2000-01-01,AUTHORITATIVE,CANONICAL_BASELINE,779.64,Initial canonical geometry,ACCEPTED,,"POLYGON((77.2270493 28.6789317,77.2273610 28.6789317,77.2273610 28.6787000,77.2270493 28.6787000,77.2270493 28.6789317))",EPSG:4326
GEO-07-093-G1,IN-DL-110054-7-93,G1,2000-01-01,AUTHORITATIVE,CANONICAL_BASELINE,746.44,Initial canonical geometry,ACCEPTED,,"POLYGON((77.2273610 28.6789317,77.2276594 28.6789317,77.2276594 28.6787000,77.2273610 28.6787000,77.2273610 28.6789317))",EPSG:4326
GEO-07-094-G1,IN-DL-110054-7-94,G1,2000-01-01,AUTHORITATIVE,CANONICAL_BASELINE,648.93,Initial canonical geometry,ACCEPTED,,"POLYGON((77.2276594 28.6789317,77.2279188 28.6789317,77.2279188 28.6787000,77.2276594 28.6787000,77.2276594 28.6789317))",EPSG:4326
GEO-07-095-G1,IN-DL-110054-7-95,G1,2000-01-01,AUTHORITATIVE,CANONICAL_BASELINE,707.26,Initial canonical geometry,ACCEPTED,,"POLYGON((77.2279188 28.6789317,77.2282016 28.6789317,77.2282016 28.6787000,77.2279188 28.6787000,77.2279188 28.6789317))",EPSG:4326
GEO-07-096-G1,IN-DL-110054-7-96,G1,2000-01-01,AUTHORITATIVE,CANONICAL_BASELINE,1064.88,Initial canonical geometry,ACCEPTED,,"POLYGON((77.2282016 28.6789317,77.2286273 28.6789317,77.2286273 28.6787000,77.2282016 28.6787000,77.2282016 28.6789317))",EPSG:4326
GEO-07-097-G1,IN-DL-110054-7-97,G1,2000-01-01,AUTHORITATIVE,CANONICAL_BASELINE,710.16,Initial canonical geometry,ACCEPTED,,"POLYGON((77.2286273 28.6789317,77.2289112 28.6789317,77.2289112 28.6787000,77.2286273 28.6787000,77.2286273 28.6789317))",EPSG:4326
GEO-07-098-G1,IN-DL-110054-7-98,G1,2000-01-01,AUTHORITATIVE,CANONICAL_BASELINE,648.18,Initial canonical geometry,ACCEPTED,,"POLYGON((77.2289112 28.6789317,77.2291704 28.6789317,77.2291704 28.6787000,77.2289112 28.6787000,77.2289112 28.6789317))",EPSG:4326
GEO-07-099-G1,IN-DL-110054-7-99,G1,2000-01-01,AUTHORITATIVE,CANONICAL_BASELINE,743.73,Initial canonical geometry,ACCEPTED,,"POLYGON((77.2291704 28.6789317,77.2294677 28.6789317,77.2294677 28.6787000,77.2291704 28.6787000,77.2291704 28.6789317))",EPSG:4326
GEO-07-100-G1,IN-DL-110054-7-100,G1,2000-01-01,AUTHORITATIVE,CANONICAL_BASELINE,781.08,Initial canonical geometry,ACCEPTED,,"POLYGON((77.2294677 28.6789317,77.2297800 28.6789317,77.2297800 28.6787000,77.2294677 28.6787000,77.2294677 28.6789317))",EPSG:4326
GEO-08-001-G1,IN-DL-110054-8-1,G1,2000-01-01,AUTHORITATIVE,CANONICAL_BASELINE,764.33,Initial canonical geometry,ACCEPTED,,"POLYGON((77.2300600 28.6812000,77.2303716 28.6812000,77.2303716 28.6809728,77.2300600 28.6809728,77.2300600 28.6812000))",EPSG:4326
GEO-08-002-G1,IN-DL-110054-8-2,G1,2000-01-01,AUTHORITATIVE,CANONICAL_BASELINE,731.78,Initial canonical geometry,ACCEPTED,,"POLYGON((77.2303716 28.6812000,77.2306699 28.6812000,77.2306699 28.6809728,77.2303716 28.6809728,77.2303716 28.6812000))",EPSG:4326
GEO-08-003-G1,IN-DL-110054-8-3,G1,2000-01-01,AUTHORITATIVE,CANONICAL_BASELINE,636.19,Initial canonical geometry,ACCEPTED,,"POLYGON((77.2306699 28.6812000,77.2309293 28.6812000,77.2309293 28.6809728,77.2306699 28.6809728,77.2306699 28.6812000))",EPSG:4326
GEO-08-004-G1,IN-DL-110054-8-4,G1,2000-01-01,AUTHORITATIVE,CANONICAL_BASELINE,693.37,Initial canonical geometry,ACCEPTED,,"POLYGON((77.2309293 28.6812000,77.2312119 28.6812000,77.2312119 28.6809728,77.2309293 28.6809728,77.2309293 28.6812000))",EPSG:4326
GEO-08-005-G1,IN-DL-110054-8-5,G1,2000-01-01,AUTHORITATIVE,CANONICAL_BASELINE,774.23,Initial canonical geometry,ACCEPTED,,"POLYGON((77.2312119 28.6812000,77.2315276 28.6812000,77.2315276 28.6809728,77.2312119 28.6809728,77.2312119 28.6812000))",EPSG:4326
GEO-08-006-G1,IN-DL-110054-8-6,G1,2000-01-01,AUTHORITATIVE,CANONICAL_BASELINE,966.04,Initial canonical geometry,ACCEPTED,,"POLYGON((77.2315276 28.6812000,77.2319214 28.6812000,77.2319214 28.6809728,77.2315276 28.6809728,77.2315276 28.6812000))",EPSG:4326
GEO-08-007-G1,IN-DL-110054-8-7,G1,2000-01-01,AUTHORITATIVE,CANONICAL_BASELINE,635.46,Initial canonical geometry,ACCEPTED,,"POLYGON((77.2319214 28.6812000,77.2321804 28.6812000,77.2321804 28.6809728,77.2319214 28.6809728,77.2319214 28.6812000))",EPSG:4326
GEO-08-008-G1,IN-DL-110054-8-8,G1,2000-01-01,AUTHORITATIVE,CANONICAL_BASELINE,729.13,Initial canonical geometry,ACCEPTED,,"POLYGON((77.2321804 28.6812000,77.2324777 28.6812000,77.2324777 28.6809728,77.2321804 28.6809728,77.2321804 28.6812000))",EPSG:4326
GEO-08-009-G1,IN-DL-110054-8-9,G1,2000-01-01,AUTHORITATIVE,CANONICAL_BASELINE,765.75,Initial canonical geometry,ACCEPTED,,"POLYGON((77.2324777 28.6812000,77.2327899 28.6812000,77.2327899 28.6809728,77.2324777 28.6809728,77.2324777 28.6812000))",EPSG:4326
GEO-08-010-G1,IN-DL-110054-8-10,G1,2000-01-01,AUTHORITATIVE,CANONICAL_BASELINE,662.64,Initial canonical geometry,ACCEPTED,,"POLYGON((77.2327899 28.6812000,77.2330600 28.6812000,77.2330600 28.6809728,77.2327899 28.6809728,77.2327899 28.6812000))",EPSG:4326
GEO-08-011-G1,IN-DL-110054-8-11,G1,2000-01-01,AUTHORITATIVE,CANONICAL_BASELINE,862.2,Initial canonical geometry,ACCEPTED,,"POLYGON((77.2300600 28.6809728,77.2303716 28.6809728,77.2303716 28.6807164,77.2300600 28.6807164,77.2300600 28.6809728))",EPSG:4326
GEO-08-012-G1,IN-DL-110054-8-12,G1,2000-01-01,AUTHORITATIVE,CANONICAL_BASELINE,825.48,Initial canonical geometry,ACCEPTED,,"POLYGON((77.2303716 28.6809728,77.2306699 28.6809728,77.2306699 28.6807164,77.2303716 28.6807164,77.2303716 28.6809728))",EPSG:4326
GEO-08-013-G1,IN-DL-110054-8-13,G1,2000-01-01,AUTHORITATIVE,CANONICAL_BASELINE,717.65,Initial canonical geometry,ACCEPTED,,"POLYGON((77.2306699 28.6809728,77.2309293 28.6809728,77.2309293 28.6807164,77.2306699 28.6807164,77.2306699 28.6809728))",EPSG:4326
GEO-08-014-G1,IN-DL-110054-8-14,G1,2000-01-01,AUTHORITATIVE,CANONICAL_BASELINE,782.15,Initial canonical geometry,ACCEPTED,,"POLYGON((77.2309293 28.6809728,77.2312119 28.6809728,77.2312119 28.6807164,77.2309293 28.6807164,77.2309293 28.6809728))",EPSG:4326
GEO-08-015-G1,IN-DL-110054-8-15,G1,2000-01-01,AUTHORITATIVE,CANONICAL_BASELINE,873.36,Initial canonical geometry,ACCEPTED,,"POLYGON((77.2312119 28.6809728,77.2315276 28.6809728,77.2315276 28.6807164,77.2312119 28.6807164,77.2312119 28.6809728))",EPSG:4326
GEO-08-016-G1,IN-DL-110054-8-16,G1,2000-01-01,SUPERSEDED,CANONICAL_BASELINE,1089.73,Initial canonical geometry,SUPERSEDED,,"POLYGON((77.2315276 28.6809728,77.2319214 28.6809728,77.2319214 28.6807164,77.2315276 28.6807164,77.2315276 28.6809728))",EPSG:4326
GEO-08-016-G2,IN-DL-110054-8-16,G2,2026-05-15,AUTHORITATIVE,GNSS_RESURVEY,1087.99,Local distortion corrected by resurvey,ACCEPTED,GEO-08-016-G1,"POLYGON((77.2314977 28.6809719,77.2319071 28.6809814,77.2319144 28.6807354,77.2315050 28.6807259,77.2314977 28.6809719))",EPSG:4326
GEO-08-017-G1,IN-DL-110054-8-17,G1,2000-01-01,AUTHORITATIVE,CANONICAL_BASELINE,716.82,Initial canonical geometry,ACCEPTED,,"POLYGON((77.2319214 28.6809728,77.2321804 28.6809728,77.2321804 28.6807164,77.2319214 28.6807164,77.2319214 28.6809728))",EPSG:4326
GEO-08-018-G1,IN-DL-110054-8-18,G1,2000-01-01,AUTHORITATIVE,CANONICAL_BASELINE,822.49,Initial canonical geometry,ACCEPTED,,"POLYGON((77.2321804 28.6809728,77.2324777 28.6809728,77.2324777 28.6807164,77.2321804 28.6807164,77.2321804 28.6809728))",EPSG:4326
GEO-08-019-G1,IN-DL-110054-8-19,G1,2000-01-01,AUTHORITATIVE,CANONICAL_BASELINE,863.8,Initial canonical geometry,ACCEPTED,,"POLYGON((77.2324777 28.6809728,77.2327899 28.6809728,77.2327899 28.6807164,77.2324777 28.6807164,77.2324777 28.6809728))",EPSG:4326
GEO-08-020-G1,IN-DL-110054-8-20,G1,2000-01-01,AUTHORITATIVE,CANONICAL_BASELINE,747.48,Initial canonical geometry,ACCEPTED,,"POLYGON((77.2327899 28.6809728,77.2330600 28.6809728,77.2330600 28.6807164,77.2327899 28.6807164,77.2327899 28.6809728))",EPSG:4326
GEO-08-021-G1,IN-DL-110054-8-21,G1,2000-01-01,AUTHORITATIVE,CANONICAL_BASELINE,883.24,Initial canonical geometry,ACCEPTED,,"POLYGON((77.2300600 28.6807164,77.2303716 28.6807164,77.2303716 28.6804539,77.2300600 28.6804539,77.2300600 28.6807164))",EPSG:4326
GEO-08-022-G1,IN-DL-110054-8-22,G1,2000-01-01,AUTHORITATIVE,CANONICAL_BASELINE,845.63,Initial canonical geometry,ACCEPTED,,"POLYGON((77.2303716 28.6807164,77.2306699 28.6807164,77.2306699 28.6804539,77.2303716 28.6804539,77.2303716 28.6807164))",EPSG:4326
GEO-08-023-G1,IN-DL-110054-8-23,G1,2000-01-01,AUTHORITATIVE,CANONICAL_BASELINE,735.16,Initial canonical geometry,ACCEPTED,,"POLYGON((77.2306699 28.6807164,77.2309293 28.6807164,77.2309293 28.6804539,77.2306699 28.6804539,77.2306699 28.6807164))",EPSG:4326
GEO-08-024-G1,IN-DL-110054-8-24,G1,2000-01-01,AUTHORITATIVE,CANONICAL_BASELINE,801.24,Initial canonical geometry,ACCEPTED,,"POLYGON((77.2309293 28.6807164,77.2312119 28.6807164,77.2312119 28.6804539,77.2309293 28.6804539,77.2309293 28.6807164))",EPSG:4326
GEO-08-025-G1,IN-DL-110054-8-25,G1,2000-01-01,AUTHORITATIVE,CANONICAL_BASELINE,894.68,Initial canonical geometry,ACCEPTED,,"POLYGON((77.2312119 28.6807164,77.2315276 28.6807164,77.2315276 28.6804539,77.2312119 28.6804539,77.2312119 28.6807164))",EPSG:4326
GEO-08-026-G1,IN-DL-110054-8-26,G1,2000-01-01,AUTHORITATIVE,CANONICAL_BASELINE,1116.33,Initial canonical geometry,ACCEPTED,,"POLYGON((77.2315276 28.6807164,77.2319214 28.6807164,77.2319214 28.6804539,77.2315276 28.6804539,77.2315276 28.6807164))",EPSG:4326
GEO-08-027-G1,IN-DL-110054-8-27,G1,2000-01-01,SUPERSEDED,CANONICAL_BASELINE,734.32,Initial canonical geometry,SUPERSEDED,,"POLYGON((77.2319214 28.6807164,77.2321804 28.6807164,77.2321804 28.6804539,77.2319214 28.6804539,77.2319214 28.6807164))",EPSG:4326
GEO-08-027-G2,IN-DL-110054-8-27,G2,2026-05-15,AUTHORITATIVE,GNSS_RESURVEY,734.24,GNSS/CORS resurvey,ACCEPTED,GEO-08-027-G1,"POLYGON((77.2319255 28.6807109,77.2321871 28.6807121,77.2321887 28.6804522,77.2319270 28.6804510,77.2319255 28.6807109))",EPSG:4326
GEO-08-028-G1,IN-DL-110054-8-28,G1,2000-01-01,SUPERSEDED,CANONICAL_BASELINE,842.56,Initial canonical geometry,SUPERSEDED,,"POLYGON((77.2321804 28.6807164,77.2324777 28.6807164,77.2324777 28.6804539,77.2321804 28.6804539,77.2321804 28.6807164))",EPSG:4326
GEO-08-028-G2,IN-DL-110054-8-28,G2,2026-05-15,AUTHORITATIVE,GNSS_RESURVEY,841.22,Local distortion corrected by resurvey,ACCEPTED,GEO-08-028-G1,"POLYGON((77.2321524 28.6807166,77.2324614 28.6807238,77.2324689 28.6804718,77.2321599 28.6804646,77.2321524 28.6807166))",EPSG:4326
GEO-08-029-G1,IN-DL-110054-8-29,G1,2000-01-01,AUTHORITATIVE,CANONICAL_BASELINE,884.88,Initial canonical geometry,ACCEPTED,,"POLYGON((77.2324777 28.6807164,77.2327899 28.6807164,77.2327899 28.6804539,77.2324777 28.6804539,77.2324777 28.6807164))",EPSG:4326
GEO-08-030-G1,IN-DL-110054-8-30,G1,2000-01-01,AUTHORITATIVE,CANONICAL_BASELINE,765.73,Initial canonical geometry,ACCEPTED,,"POLYGON((77.2327899 28.6807164,77.2330600 28.6807164,77.2330600 28.6804539,77.2327899 28.6804539,77.2327899 28.6807164))",EPSG:4326
GEO-08-031-G1,IN-DL-110054-8-31,G1,2000-01-01,AUTHORITATIVE,CANONICAL_BASELINE,796.63,Initial canonical geometry,ACCEPTED,,"POLYGON((77.2300600 28.6804539,77.2303716 28.6804539,77.2303716 28.6802170,77.2300600 28.6802170,77.2300600 28.6804539))",EPSG:4326
GEO-08-032-G1,IN-DL-110054-8-32,G1,2000-01-01,AUTHORITATIVE,CANONICAL_BASELINE,762.71,Initial canonical geometry,ACCEPTED,,"POLYGON((77.2303716 28.6804539,77.2306699 28.6804539,77.2306699 28.6802170,77.2303716 28.6802170,77.2303716 28.6804539))",EPSG:4326
GEO-08-033-G1,IN-DL-110054-8-33,G1,2000-01-01,AUTHORITATIVE,CANONICAL_BASELINE,663.07,Initial canonical geometry,ACCEPTED,,"POLYGON((77.2306699 28.6804539,77.2309293 28.6804539,77.2309293 28.6802170,77.2306699 28.6802170,77.2306699 28.6804539))",EPSG:4326
GEO-08-034-G1,IN-DL-110054-8-34,G1,2000-01-01,AUTHORITATIVE,CANONICAL_BASELINE,722.67,Initial canonical geometry,ACCEPTED,,"POLYGON((77.2309293 28.6804539,77.2312119 28.6804539,77.2312119 28.6802170,77.2309293 28.6802170,77.2309293 28.6804539))",EPSG:4326
GEO-08-035-G1,IN-DL-110054-8-35,G1,2000-01-01,AUTHORITATIVE,CANONICAL_BASELINE,806.95,Initial canonical geometry,ACCEPTED,,"POLYGON((77.2312119 28.6804539,77.2315276 28.6804539,77.2315276 28.6802170,77.2312119 28.6802170,77.2312119 28.6804539))",EPSG:4326
GEO-08-036-G1,IN-DL-110054-8-36,G1,2000-01-01,SUPERSEDED,CANONICAL_BASELINE,1006.86,Initial canonical geometry,SUPERSEDED,,"POLYGON((77.2315276 28.6804539,77.2319214 28.6804539,77.2319214 28.6802170,77.2315276 28.6802170,77.2315276 28.6804539))",EPSG:4326
GEO-08-036-G2,IN-DL-110054-8-36,G2,2026-05-15,AUTHORITATIVE,GNSS_RESURVEY,1006.76,GNSS/CORS resurvey,ACCEPTED,GEO-08-036-G1,"POLYGON((77.2315311 28.6804481,77.2319288 28.6804500,77.2319302 28.6802155,77.2315324 28.6802137,77.2315311 28.6804481))",EPSG:4326
GEO-08-037-G1,IN-DL-110054-8-37,G1,2000-01-01,AUTHORITATIVE,CANONICAL_BASELINE,662.31,Initial canonical geometry,ACCEPTED,,"POLYGON((77.2319214 28.6804539,77.2321804 28.6804539,77.2321804 28.6802170,77.2319214 28.6802170,77.2319214 28.6804539))",EPSG:4326
GEO-08-038-G1,IN-DL-110054-8-38,G1,2000-01-01,AUTHORITATIVE,CANONICAL_BASELINE,759.94,Initial canonical geometry,ACCEPTED,,"POLYGON((77.2321804 28.6804539,77.2324777 28.6804539,77.2324777 28.6802170,77.2321804 28.6802170,77.2321804 28.6804539))",EPSG:4326
GEO-08-039-G1,IN-DL-110054-8-39,G1,2000-01-01,AUTHORITATIVE,CANONICAL_BASELINE,798.11,Initial canonical geometry,ACCEPTED,,"POLYGON((77.2324777 28.6804539,77.2327899 28.6804539,77.2327899 28.6802170,77.2324777 28.6802170,77.2324777 28.6804539))",EPSG:4326
GEO-08-040-G1,IN-DL-110054-8-40,G1,2000-01-01,AUTHORITATIVE,CANONICAL_BASELINE,690.64,Initial canonical geometry,ACCEPTED,,"POLYGON((77.2327899 28.6804539,77.2330600 28.6804539,77.2330600 28.6802170,77.2327899 28.6802170,77.2327899 28.6804539))",EPSG:4326
GEO-08-041-G1,IN-DL-110054-8-41,G1,2000-01-01,AUTHORITATIVE,CANONICAL_BASELINE,729.25,Initial canonical geometry,ACCEPTED,,"POLYGON((77.2300600 28.6802170,77.2303716 28.6802170,77.2303716 28.6800002,77.2300600 28.6800002,77.2300600 28.6802170))",EPSG:4326
GEO-08-042-G1,IN-DL-110054-8-42,G1,2000-01-01,AUTHORITATIVE,CANONICAL_BASELINE,698.2,Initial canonical geometry,ACCEPTED,,"POLYGON((77.2303716 28.6802170,77.2306699 28.6802170,77.2306699 28.6800002,77.2303716 28.6800002,77.2303716 28.6802170))",EPSG:4326
GEO-08-043-G1,IN-DL-110054-8-43,G1,2000-01-01,AUTHORITATIVE,CANONICAL_BASELINE,606.99,Initial canonical geometry,ACCEPTED,,"POLYGON((77.2306699 28.6802170,77.2309293 28.6802170,77.2309293 28.6800002,77.2306699 28.6800002,77.2306699 28.6802170))",EPSG:4326
GEO-08-044-G1,IN-DL-110054-8-44,G1,2000-01-01,AUTHORITATIVE,CANONICAL_BASELINE,661.55,Initial canonical geometry,ACCEPTED,,"POLYGON((77.2309293 28.6802170,77.2312119 28.6802170,77.2312119 28.6800002,77.2309293 28.6800002,77.2309293 28.6802170))",EPSG:4326
GEO-08-045-G1,IN-DL-110054-8-45,G1,2000-01-01,AUTHORITATIVE,CANONICAL_BASELINE,738.7,Initial canonical geometry,ACCEPTED,,"POLYGON((77.2312119 28.6802170,77.2315276 28.6802170,77.2315276 28.6800002,77.2312119 28.6800002,77.2312119 28.6802170))",EPSG:4326
GEO-08-046-G1,IN-DL-110054-8-46,G1,2000-01-01,AUTHORITATIVE,CANONICAL_BASELINE,921.71,Initial canonical geometry,ACCEPTED,,"POLYGON((77.2315276 28.6802170,77.2319214 28.6802170,77.2319214 28.6800002,77.2315276 28.6800002,77.2315276 28.6802170))",EPSG:4326
GEO-08-047-G1,IN-DL-110054-8-47,G1,2000-01-01,AUTHORITATIVE,CANONICAL_BASELINE,606.3,Initial canonical geometry,ACCEPTED,,"POLYGON((77.2319214 28.6802170,77.2321804 28.6802170,77.2321804 28.6800002,77.2319214 28.6800002,77.2319214 28.6802170))",EPSG:4326
GEO-08-048-G1,IN-DL-110054-8-48,G1,2000-01-01,AUTHORITATIVE,CANONICAL_BASELINE,695.67,Initial canonical geometry,ACCEPTED,,"POLYGON((77.2321804 28.6802170,77.2324777 28.6802170,77.2324777 28.6800002,77.2321804 28.6800002,77.2321804 28.6802170))",EPSG:4326
GEO-08-049-G1,IN-DL-110054-8-49,G1,2000-01-01,AUTHORITATIVE,CANONICAL_BASELINE,730.6,Initial canonical geometry,ACCEPTED,,"POLYGON((77.2324777 28.6802170,77.2327899 28.6802170,77.2327899 28.6800002,77.2324777 28.6800002,77.2324777 28.6802170))",EPSG:4326
GEO-08-050-G1,IN-DL-110054-8-50,G1,2000-01-01,AUTHORITATIVE,CANONICAL_BASELINE,632.23,Initial canonical geometry,ACCEPTED,,"POLYGON((77.2327899 28.6802170,77.2330600 28.6802170,77.2330600 28.6800002,77.2327899 28.6800002,77.2327899 28.6802170))",EPSG:4326
GEO-08-051-G1,IN-DL-110054-8-51,G1,2000-01-01,AUTHORITATIVE,CANONICAL_BASELINE,1116.19,Initial canonical geometry,ACCEPTED,,"POLYGON((77.2300600 28.6800002,77.2303716 28.6800002,77.2303716 28.6796684,77.2300600 28.6796684,77.2300600 28.6800002))",EPSG:4326
GEO-08-052-G1,IN-DL-110054-8-52,G1,2000-01-01,AUTHORITATIVE,CANONICAL_BASELINE,1068.66,Initial canonical geometry,ACCEPTED,,"POLYGON((77.2303716 28.6800002,77.2306699 28.6800002,77.2306699 28.6796684,77.2303716 28.6796684,77.2303716 28.6800002))",EPSG:4326
GEO-08-053-G1,IN-DL-110054-8-53,G1,2000-01-01,AUTHORITATIVE,CANONICAL_BASELINE,929.06,Initial canonical geometry,ACCEPTED,,"POLYGON((77.2306699 28.6800002,77.2309293 28.6800002,77.2309293 28.6796684,77.2306699 28.6796684,77.2306699 28.6800002))",EPSG:4326
GEO-08-054-G1,IN-DL-110054-8-54,G1,2000-01-01,AUTHORITATIVE,CANONICAL_BASELINE,1012.56,Initial canonical geometry,ACCEPTED,,"POLYGON((77.2309293 28.6800002,77.2312119 28.6800002,77.2312119 28.6796684,77.2309293 28.6796684,77.2309293 28.6800002))",EPSG:4326
GEO-08-055-G1,IN-DL-110054-8-55,G1,2000-01-01,AUTHORITATIVE,CANONICAL_BASELINE,1130.64,Initial canonical geometry,ACCEPTED,,"POLYGON((77.2312119 28.6800002,77.2315276 28.6800002,77.2315276 28.6796684,77.2312119 28.6796684,77.2312119 28.6800002))",EPSG:4326
GEO-08-056-G1,IN-DL-110054-8-56,G1,2000-01-01,AUTHORITATIVE,CANONICAL_BASELINE,1410.75,Initial canonical geometry,ACCEPTED,,"POLYGON((77.2315276 28.6800002,77.2319214 28.6800002,77.2319214 28.6796684,77.2315276 28.6796684,77.2315276 28.6800002))",EPSG:4326
GEO-08-057-G1,IN-DL-110054-8-57,G1,2000-01-01,AUTHORITATIVE,CANONICAL_BASELINE,927.99,Initial canonical geometry,ACCEPTED,,"POLYGON((77.2319214 28.6800002,77.2321804 28.6800002,77.2321804 28.6796684,77.2319214 28.6796684,77.2319214 28.6800002))",EPSG:4326
GEO-08-058-G1,IN-DL-110054-8-58,G1,2000-01-01,AUTHORITATIVE,CANONICAL_BASELINE,1064.78,Initial canonical geometry,ACCEPTED,,"POLYGON((77.2321804 28.6800002,77.2324777 28.6800002,77.2324777 28.6796684,77.2321804 28.6796684,77.2321804 28.6800002))",EPSG:4326
GEO-08-059-G1,IN-DL-110054-8-59,G1,2000-01-01,AUTHORITATIVE,CANONICAL_BASELINE,1118.26,Initial canonical geometry,ACCEPTED,,"POLYGON((77.2324777 28.6800002,77.2327899 28.6800002,77.2327899 28.6796684,77.2324777 28.6796684,77.2324777 28.6800002))",EPSG:4326
GEO-08-060-G1,IN-DL-110054-8-60,G1,2000-01-01,AUTHORITATIVE,CANONICAL_BASELINE,967.68,Initial canonical geometry,ACCEPTED,,"POLYGON((77.2327899 28.6800002,77.2330600 28.6800002,77.2330600 28.6796684,77.2327899 28.6796684,77.2327899 28.6800002))",EPSG:4326
GEO-08-061-G1,IN-DL-110054-8-61,G1,2000-01-01,AUTHORITATIVE,CANONICAL_BASELINE,874.24,Initial canonical geometry,ACCEPTED,,"POLYGON((77.2300600 28.6796684,77.2303716 28.6796684,77.2303716 28.6794085,77.2300600 28.6794085,77.2300600 28.6796684))",EPSG:4326
GEO-08-062-G1,IN-DL-110054-8-62,G1,2000-01-01,AUTHORITATIVE,CANONICAL_BASELINE,837.02,Initial canonical geometry,ACCEPTED,,"POLYGON((77.2303716 28.6796684,77.2306699 28.6796684,77.2306699 28.6794085,77.2303716 28.6794085,77.2303716 28.6796684))",EPSG:4326
GEO-08-063-G1,IN-DL-110054-8-63,G1,2000-01-01,AUTHORITATIVE,CANONICAL_BASELINE,727.68,Initial canonical geometry,ACCEPTED,,"POLYGON((77.2306699 28.6796684,77.2309293 28.6796684,77.2309293 28.6794085,77.2306699 28.6794085,77.2306699 28.6796684))",EPSG:4326
GEO-08-064-G1,IN-DL-110054-8-64,G1,2000-01-01,AUTHORITATIVE,CANONICAL_BASELINE,793.08,Initial canonical geometry,ACCEPTED,,"POLYGON((77.2309293 28.6796684,77.2312119 28.6796684,77.2312119 28.6794085,77.2309293 28.6794085,77.2309293 28.6796684))",EPSG:4326
GEO-08-065-G1,IN-DL-110054-8-65,G1,2000-01-01,AUTHORITATIVE,CANONICAL_BASELINE,885.57,Initial canonical geometry,ACCEPTED,,"POLYGON((77.2312119 28.6796684,77.2315276 28.6796684,77.2315276 28.6794085,77.2312119 28.6794085,77.2312119 28.6796684))",EPSG:4326
GEO-08-066-G1,IN-DL-110054-8-66,G1,2000-01-01,SUPERSEDED,CANONICAL_BASELINE,1104.96,Initial canonical geometry,SUPERSEDED,,"POLYGON((77.2315276 28.6796684,77.2319214 28.6796684,77.2319214 28.6794085,77.2315276 28.6794085,77.2315276 28.6796684))",EPSG:4326
GEO-08-066-G2,IN-DL-110054-8-66,G2,2026-05-15,AUTHORITATIVE,GNSS_RESURVEY,1103.19,Local distortion corrected by resurvey,ACCEPTED,GEO-08-066-G1,"POLYGON((77.2314976 28.6796675,77.2319071 28.6796770,77.2319145 28.6794275,77.2315050 28.6794181,77.2314976 28.6796675))",EPSG:4326
GEO-08-067-G1,IN-DL-110054-8-67,G1,2000-01-01,AUTHORITATIVE,CANONICAL_BASELINE,726.84,Initial canonical geometry,ACCEPTED,,"POLYGON((77.2319214 28.6796684,77.2321804 28.6796684,77.2321804 28.6794085,77.2319214 28.6794085,77.2319214 28.6796684))",EPSG:4326
GEO-08-068-G1,IN-DL-110054-8-68,G1,2000-01-01,AUTHORITATIVE,CANONICAL_BASELINE,833.98,Initial canonical geometry,ACCEPTED,,"POLYGON((77.2321804 28.6796684,77.2324777 28.6796684,77.2324777 28.6794085,77.2321804 28.6794085,77.2321804 28.6796684))",EPSG:4326
GEO-08-069-G1,IN-DL-110054-8-69,G1,2000-01-01,AUTHORITATIVE,CANONICAL_BASELINE,875.86,Initial canonical geometry,ACCEPTED,,"POLYGON((77.2324777 28.6796684,77.2327899 28.6796684,77.2327899 28.6794085,77.2324777 28.6794085,77.2324777 28.6796684))",EPSG:4326
GEO-08-070-G1,IN-DL-110054-8-70,G1,2000-01-01,AUTHORITATIVE,CANONICAL_BASELINE,757.93,Initial canonical geometry,ACCEPTED,,"POLYGON((77.2327899 28.6796684,77.2330600 28.6796684,77.2330600 28.6794085,77.2327899 28.6794085,77.2327899 28.6796684))",EPSG:4326
GEO-08-071-G1,IN-DL-110054-8-71,G1,2000-01-01,AUTHORITATIVE,CANONICAL_BASELINE,874.2,Initial canonical geometry,ACCEPTED,,"POLYGON((77.2300600 28.6794085,77.2303716 28.6794085,77.2303716 28.6791486,77.2300600 28.6791486,77.2300600 28.6794085))",EPSG:4326
GEO-08-072-G1,IN-DL-110054-8-72,G1,2000-01-01,AUTHORITATIVE,CANONICAL_BASELINE,836.97,Initial canonical geometry,ACCEPTED,,"POLYGON((77.2303716 28.6794085,77.2306699 28.6794085,77.2306699 28.6791486,77.2303716 28.6791486,77.2303716 28.6794085))",EPSG:4326
GEO-08-073-G1,IN-DL-110054-8-73,G1,2000-01-01,AUTHORITATIVE,CANONICAL_BASELINE,727.64,Initial canonical geometry,ACCEPTED,,"POLYGON((77.2306699 28.6794085,77.2309293 28.6794085,77.2309293 28.6791486,77.2306699 28.6791486,77.2306699 28.6794085))",EPSG:4326
GEO-08-074-G1,IN-DL-110054-8-74,G1,2000-01-01,AUTHORITATIVE,CANONICAL_BASELINE,793.04,Initial canonical geometry,ACCEPTED,,"POLYGON((77.2309293 28.6794085,77.2312119 28.6794085,77.2312119 28.6791486,77.2309293 28.6791486,77.2309293 28.6794085))",EPSG:4326
GEO-08-074-G2,IN-DL-110054-8-74,G2,2026-05-15,PROPOSED,GNSS_RESURVEY,792.96,GNSS/CORS resurvey,PENDING_HUMAN_APPROVAL,GEO-08-074-G1,"POLYGON((77.2309332 28.6794029,77.2312187 28.6794042,77.2312203 28.6791470,77.2309348 28.6791456,77.2309332 28.6794029))",EPSG:4326
GEO-08-075-G1,IN-DL-110054-8-75,G1,2000-01-01,AUTHORITATIVE,CANONICAL_BASELINE,885.52,Initial canonical geometry,ACCEPTED,,"POLYGON((77.2312119 28.6794085,77.2315276 28.6794085,77.2315276 28.6791486,77.2312119 28.6791486,77.2312119 28.6794085))",EPSG:4326
GEO-08-076-G1,IN-DL-110054-8-76,G1,2000-01-01,AUTHORITATIVE,CANONICAL_BASELINE,1104.9,Initial canonical geometry,ACCEPTED,,"POLYGON((77.2315276 28.6794085,77.2319214 28.6794085,77.2319214 28.6791486,77.2315276 28.6791486,77.2315276 28.6794085))",EPSG:4326
GEO-08-077-G1,IN-DL-110054-8-77,G1,2000-01-01,AUTHORITATIVE,CANONICAL_BASELINE,726.8,Initial canonical geometry,ACCEPTED,,"POLYGON((77.2319214 28.6794085,77.2321804 28.6794085,77.2321804 28.6791486,77.2319214 28.6791486,77.2319214 28.6794085))",EPSG:4326
GEO-08-078-G1,IN-DL-110054-8-78,G1,2000-01-01,AUTHORITATIVE,CANONICAL_BASELINE,833.94,Initial canonical geometry,ACCEPTED,,"POLYGON((77.2321804 28.6794085,77.2324777 28.6794085,77.2324777 28.6791486,77.2321804 28.6791486,77.2321804 28.6794085))",EPSG:4326
GEO-08-079-G1,IN-DL-110054-8-79,G1,2000-01-01,AUTHORITATIVE,CANONICAL_BASELINE,875.82,Initial canonical geometry,ACCEPTED,,"POLYGON((77.2324777 28.6794085,77.2327899 28.6794085,77.2327899 28.6791486,77.2324777 28.6791486,77.2324777 28.6794085))",EPSG:4326
GEO-08-080-G1,IN-DL-110054-8-80,G1,2000-01-01,AUTHORITATIVE,CANONICAL_BASELINE,757.89,Initial canonical geometry,ACCEPTED,,"POLYGON((77.2327899 28.6794085,77.2330600 28.6794085,77.2330600 28.6791486,77.2327899 28.6791486,77.2327899 28.6794085))",EPSG:4326
GEO-08-081-G1,IN-DL-110054-8-81,G1,2000-01-01,AUTHORITATIVE,CANONICAL_BASELINE,779.75,Initial canonical geometry,ACCEPTED,,"POLYGON((77.2300600 28.6791486,77.2303716 28.6791486,77.2303716 28.6789168,77.2300600 28.6789168,77.2300600 28.6791486))",EPSG:4326
GEO-08-082-G1,IN-DL-110054-8-82,G1,2000-01-01,AUTHORITATIVE,CANONICAL_BASELINE,746.55,Initial canonical geometry,ACCEPTED,,"POLYGON((77.2303716 28.6791486,77.2306699 28.6791486,77.2306699 28.6789168,77.2303716 28.6789168,77.2303716 28.6791486))",EPSG:4326
GEO-08-083-G1,IN-DL-110054-8-83,G1,2000-01-01,AUTHORITATIVE,CANONICAL_BASELINE,649.02,Initial canonical geometry,ACCEPTED,,"POLYGON((77.2306699 28.6791486,77.2309293 28.6791486,77.2309293 28.6789168,77.2306699 28.6789168,77.2306699 28.6791486))",EPSG:4326
GEO-08-084-G1,IN-DL-110054-8-84,G1,2000-01-01,AUTHORITATIVE,CANONICAL_BASELINE,707.36,Initial canonical geometry,ACCEPTED,,"POLYGON((77.2309293 28.6791486,77.2312119 28.6791486,77.2312119 28.6789168,77.2309293 28.6789168,77.2309293 28.6791486))",EPSG:4326
GEO-08-085-G1,IN-DL-110054-8-85,G1,2000-01-01,AUTHORITATIVE,CANONICAL_BASELINE,789.85,Initial canonical geometry,ACCEPTED,,"POLYGON((77.2312119 28.6791486,77.2315276 28.6791486,77.2315276 28.6789168,77.2312119 28.6789168,77.2312119 28.6791486))",EPSG:4326
GEO-08-086-G1,IN-DL-110054-8-86,G1,2000-01-01,AUTHORITATIVE,CANONICAL_BASELINE,985.53,Initial canonical geometry,ACCEPTED,,"POLYGON((77.2315276 28.6791486,77.2319214 28.6791486,77.2319214 28.6789168,77.2315276 28.6789168,77.2315276 28.6791486))",EPSG:4326
GEO-08-087-G1,IN-DL-110054-8-87,G1,2000-01-01,AUTHORITATIVE,CANONICAL_BASELINE,648.28,Initial canonical geometry,ACCEPTED,,"POLYGON((77.2319214 28.6791486,77.2321804 28.6791486,77.2321804 28.6789168,77.2319214 28.6789168,77.2319214 28.6791486))",EPSG:4326
GEO-08-088-G1,IN-DL-110054-8-88,G1,2000-01-01,AUTHORITATIVE,CANONICAL_BASELINE,743.84,Initial canonical geometry,ACCEPTED,,"POLYGON((77.2321804 28.6791486,77.2324777 28.6791486,77.2324777 28.6789168,77.2321804 28.6789168,77.2321804 28.6791486))",EPSG:4326
GEO-08-089-G1,IN-DL-110054-8-89,G1,2000-01-01,AUTHORITATIVE,CANONICAL_BASELINE,781.19,Initial canonical geometry,ACCEPTED,,"POLYGON((77.2324777 28.6791486,77.2327899 28.6791486,77.2327899 28.6789168,77.2324777 28.6789168,77.2324777 28.6791486))",EPSG:4326
GEO-08-090-G1,IN-DL-110054-8-90,G1,2000-01-01,AUTHORITATIVE,CANONICAL_BASELINE,676.0,Initial canonical geometry,ACCEPTED,,"POLYGON((77.2327899 28.6791486,77.2330600 28.6791486,77.2330600 28.6789168,77.2327899 28.6789168,77.2327899 28.6791486))",EPSG:4326
GEO-08-091-G1,IN-DL-110054-8-91,G1,2000-01-01,SUPERSEDED,CANONICAL_BASELINE,729.26,Initial canonical geometry,SUPERSEDED,,"POLYGON((77.2300600 28.6789168,77.2303716 28.6789168,77.2303716 28.6787000,77.2300600 28.6787000,77.2300600 28.6789168))",EPSG:4326
GEO-08-091-G2,IN-DL-110054-8-91,G2,2026-05-15,AUTHORITATIVE,GNSS_RESURVEY,685.51,Road widening / boundary correction,ACCEPTED,GEO-08-091-G1,"POLYGON((77.2300816 28.6789186,77.2303745 28.6789186,77.2303745 28.6787018,77.2300816 28.6787018,77.2300816 28.6789186))",EPSG:4326
GEO-08-092-G1,IN-DL-110054-8-92,G1,2000-01-01,AUTHORITATIVE,CANONICAL_BASELINE,698.21,Initial canonical geometry,ACCEPTED,,"POLYGON((77.2303716 28.6789168,77.2306699 28.6789168,77.2306699 28.6787000,77.2303716 28.6787000,77.2303716 28.6789168))",EPSG:4326
GEO-08-093-G1,IN-DL-110054-8-93,G1,2000-01-01,AUTHORITATIVE,CANONICAL_BASELINE,607.0,Initial canonical geometry,ACCEPTED,,"POLYGON((77.2306699 28.6789168,77.2309293 28.6789168,77.2309293 28.6787000,77.2306699 28.6787000,77.2306699 28.6789168))",EPSG:4326
GEO-08-094-G1,IN-DL-110054-8-94,G1,2000-01-01,AUTHORITATIVE,CANONICAL_BASELINE,661.56,Initial canonical geometry,ACCEPTED,,"POLYGON((77.2309293 28.6789168,77.2312119 28.6789168,77.2312119 28.6787000,77.2309293 28.6787000,77.2309293 28.6789168))",EPSG:4326
GEO-08-095-G1,IN-DL-110054-8-95,G1,2000-01-01,AUTHORITATIVE,CANONICAL_BASELINE,738.71,Initial canonical geometry,ACCEPTED,,"POLYGON((77.2312119 28.6789168,77.2315276 28.6789168,77.2315276 28.6787000,77.2312119 28.6787000,77.2312119 28.6789168))",EPSG:4326
GEO-08-096-G1,IN-DL-110054-8-96,G1,2000-01-01,AUTHORITATIVE,CANONICAL_BASELINE,921.72,Initial canonical geometry,ACCEPTED,,"POLYGON((77.2315276 28.6789168,77.2319214 28.6789168,77.2319214 28.6787000,77.2315276 28.6787000,77.2315276 28.6789168))",EPSG:4326
GEO-08-097-G1,IN-DL-110054-8-97,G1,2000-01-01,AUTHORITATIVE,CANONICAL_BASELINE,606.3,Initial canonical geometry,ACCEPTED,,"POLYGON((77.2319214 28.6789168,77.2321804 28.6789168,77.2321804 28.6787000,77.2319214 28.6787000,77.2319214 28.6789168))",EPSG:4326
GEO-08-098-G1,IN-DL-110054-8-98,G1,2000-01-01,AUTHORITATIVE,CANONICAL_BASELINE,695.68,Initial canonical geometry,ACCEPTED,,"POLYGON((77.2321804 28.6789168,77.2324777 28.6789168,77.2324777 28.6787000,77.2321804 28.6787000,77.2321804 28.6789168))",EPSG:4326
GEO-08-099-G1,IN-DL-110054-8-99,G1,2000-01-01,AUTHORITATIVE,CANONICAL_BASELINE,730.61,Initial canonical geometry,ACCEPTED,,"POLYGON((77.2324777 28.6789168,77.2327899 28.6789168,77.2327899 28.6787000,77.2324777 28.6787000,77.2324777 28.6789168))",EPSG:4326
GEO-08-100-G1,IN-DL-110054-8-100,G1,2000-01-01,AUTHORITATIVE,CANONICAL_BASELINE,632.23,Initial canonical geometry,ACCEPTED,,"POLYGON((77.2327899 28.6789168,77.2330600 28.6789168,77.2330600 28.6787000,77.2327899 28.6787000,77.2327899 28.6789168))",EPSG:4326
GEO-09-001-G1,IN-DL-110054-9-1,G1,2000-01-01,AUTHORITATIVE,CANONICAL_BASELINE,835.35,Initial canonical geometry,ACCEPTED,,"POLYGON((77.2333400 28.6812000,77.2336431 28.6812000,77.2336431 28.6809447,77.2333400 28.6809447,77.2333400 28.6812000))",EPSG:4326
GEO-09-002-G1,IN-DL-110054-9-2,G1,2000-01-01,SUPERSEDED,CANONICAL_BASELINE,726.23,Initial canonical geometry,SUPERSEDED,,"POLYGON((77.2336431 28.6812000,77.2339066 28.6812000,77.2339066 28.6809447,77.2336431 28.6809447,77.2336431 28.6812000))",EPSG:4326
GEO-09-002-G2,IN-DL-110054-9-2,G2,2026-05-15,AUTHORITATIVE,GNSS_RESURVEY,726.16,GNSS/CORS resurvey,ACCEPTED,GEO-09-002-G1,"POLYGON((77.2336472 28.6811945,77.2339133 28.6811957,77.2339148 28.6809430,77.2336487 28.6809417,77.2336472 28.6811945))",EPSG:4326
GEO-09-003-G1,IN-DL-110054-9-3,G1,2000-01-01,AUTHORITATIVE,CANONICAL_BASELINE,791.5,Initial canonical geometry,ACCEPTED,,"POLYGON((77.2339066 28.6812000,77.2341938 28.6812000,77.2341938 28.6809447,77.2339066 28.6809447,77.2339066 28.6812000))",EPSG:4326
GEO-09-004-G1,IN-DL-110054-9-4,G1,2000-01-01,SUPERSEDED,CANONICAL_BASELINE,883.81,Initial canonical geometry,SUPERSEDED,,"POLYGON((77.2341938 28.6812000,77.2345145 28.6812000,77.2345145 28.6809447,77.2341938 28.6809447,77.2341938 28.6812000))",EPSG:4326
GEO-09-004-G2,IN-DL-110054-9-4,G2,2026-05-15,AUTHORITATIVE,GNSS_RESURVEY,882.39,Local distortion corrected by resurvey,ACCEPTED,GEO-09-004-G1,"POLYGON((77.2341654 28.6812000,77.2344988 28.6812078,77.2345060 28.6809628,77.2341726 28.6809550,77.2341654 28.6812000))",EPSG:4326
GEO-09-005-G1,IN-DL-110054-9-5,G1,2000-01-01,AUTHORITATIVE,CANONICAL_BASELINE,794.75,Initial canonical geometry,ACCEPTED,,"POLYGON((77.2345145 28.6812000,77.2348029 28.6812000,77.2348029 28.6809447,77.2345145 28.6809447,77.2345145 28.6812000))",EPSG:4326
GEO-09-006-G1,IN-DL-110054-9-6,G1,2000-01-01,AUTHORITATIVE,CANONICAL_BASELINE,1028.56,Initial canonical geometry,ACCEPTED,,"POLYGON((77.2348029 28.6812000,77.2351761 28.6812000,77.2351761 28.6809447,77.2348029 28.6809447,77.2348029 28.6812000))",EPSG:4326
GEO-09-007-G1,IN-DL-110054-9-7,G1,2000-01-01,AUTHORITATIVE,CANONICAL_BASELINE,832.33,Initial canonical geometry,ACCEPTED,,"POLYGON((77.2351761 28.6812000,77.2354781 28.6812000,77.2354781 28.6809447,77.2351761 28.6809447,77.2351761 28.6812000))",EPSG:4326
GEO-09-008-G1,IN-DL-110054-9-8,G1,2000-01-01,AUTHORITATIVE,CANONICAL_BASELINE,874.12,Initial canonical geometry,ACCEPTED,,"POLYGON((77.2354781 28.6812000,77.2357952 28.6812000,77.2357952 28.6809447,77.2354781 28.6809447,77.2354781 28.6812000))",EPSG:4326
GEO-09-009-G1,IN-DL-110054-9-9,G1,2000-01-01,AUTHORITATIVE,CANONICAL_BASELINE,756.42,Initial canonical geometry,ACCEPTED,,"POLYGON((77.2357952 28.6812000,77.2360697 28.6812000,77.2360697 28.6809447,77.2357952 28.6809447,77.2357952 28.6812000))",EPSG:4326
GEO-09-010-G1,IN-DL-110054-9-10,G1,2000-01-01,AUTHORITATIVE,CANONICAL_BASELINE,744.95,Initial canonical geometry,ACCEPTED,,"POLYGON((77.2360697 28.6812000,77.2363400 28.6812000,77.2363400 28.6809447,77.2360697 28.6809447,77.2360697 28.6812000))",EPSG:4326
GEO-09-011-G1,IN-DL-110054-9-11,G1,2000-01-01,AUTHORITATIVE,CANONICAL_BASELINE,855.74,Initial canonical geometry,ACCEPTED,,"POLYGON((77.2333400 28.6809447,77.2336431 28.6809447,77.2336431 28.6806832,77.2333400 28.6806832,77.2333400 28.6809447))",EPSG:4326
GEO-09-012-G1,IN-DL-110054-9-12,G1,2000-01-01,AUTHORITATIVE,CANONICAL_BASELINE,743.95,Initial canonical geometry,ACCEPTED,,"POLYGON((77.2336431 28.6809447,77.2339066 28.6809447,77.2339066 28.6806832,77.2336431 28.6806832,77.2336431 28.6809447))",EPSG:4326
GEO-09-013-G1,IN-DL-110054-9-13,G1,2000-01-01,AUTHORITATIVE,CANONICAL_BASELINE,810.82,Initial canonical geometry,ACCEPTED,,"POLYGON((77.2339066 28.6809447,77.2341938 28.6809447,77.2341938 28.6806832,77.2339066 28.6806832,77.2339066 28.6809447))",EPSG:4326
GEO-09-014-G1,IN-DL-110054-9-14,G1,2000-01-01,AUTHORITATIVE,CANONICAL_BASELINE,905.38,Initial canonical geometry,ACCEPTED,,"POLYGON((77.2341938 28.6809447,77.2345145 28.6809447,77.2345145 28.6806832,77.2341938 28.6806832,77.2341938 28.6809447))",EPSG:4326
GEO-09-015-G1,IN-DL-110054-9-15,G1,2000-01-01,AUTHORITATIVE,CANONICAL_BASELINE,814.14,Initial canonical geometry,ACCEPTED,,"POLYGON((77.2345145 28.6809447,77.2348029 28.6809447,77.2348029 28.6806832,77.2345145 28.6806832,77.2345145 28.6809447))",EPSG:4326
GEO-09-016-G1,IN-DL-110054-9-16,G1,2000-01-01,AUTHORITATIVE,CANONICAL_BASELINE,1053.66,Initial canonical geometry,ACCEPTED,,"POLYGON((77.2348029 28.6809447,77.2351761 28.6809447,77.2351761 28.6806832,77.2348029 28.6806832,77.2348029 28.6809447))",EPSG:4326
GEO-09-017-G1,IN-DL-110054-9-17,G1,2000-01-01,AUTHORITATIVE,CANONICAL_BASELINE,852.64,Initial canonical geometry,ACCEPTED,,"POLYGON((77.2351761 28.6809447,77.2354781 28.6809447,77.2354781 28.6806832,77.2351761 28.6806832,77.2351761 28.6809447))",EPSG:4326
GEO-09-018-G1,IN-DL-110054-9-18,G1,2000-01-01,AUTHORITATIVE,CANONICAL_BASELINE,895.46,Initial canonical geometry,ACCEPTED,,"POLYGON((77.2354781 28.6809447,77.2357952 28.6809447,77.2357952 28.6806832,77.2354781 28.6806832,77.2354781 28.6809447))",EPSG:4326
GEO-09-019-G1,IN-DL-110054-9-19,G1,2000-01-01,AUTHORITATIVE,CANONICAL_BASELINE,774.88,Initial canonical geometry,ACCEPTED,,"POLYGON((77.2357952 28.6809447,77.2360697 28.6809447,77.2360697 28.6806832,77.2357952 28.6806832,77.2357952 28.6809447))",EPSG:4326
GEO-09-020-G1,IN-DL-110054-9-20,G1,2000-01-01,AUTHORITATIVE,CANONICAL_BASELINE,763.13,Initial canonical geometry,ACCEPTED,,"POLYGON((77.2360697 28.6809447,77.2363400 28.6809447,77.2363400 28.6806832,77.2360697 28.6806832,77.2360697 28.6809447))",EPSG:4326
GEO-09-020-G2,IN-DL-110054-9-20,G2,2026-05-15,PROPOSED,GNSS_RESURVEY,763.06,GNSS/CORS resurvey,PENDING_HUMAN_APPROVAL,GEO-09-020-G1,"POLYGON((77.2360737 28.6809391,77.2363467 28.6809404,77.2363483 28.6806815,77.2360753 28.6806802,77.2360737 28.6809391))",EPSG:4326
GEO-09-021-G1,IN-DL-110054-9-21,G1,2000-01-01,AUTHORITATIVE,CANONICAL_BASELINE,771.83,Initial canonical geometry,ACCEPTED,,"POLYGON((77.2333400 28.6806832,77.2336431 28.6806832,77.2336431 28.6804473,77.2333400 28.6804473,77.2333400 28.6806832))",EPSG:4326
GEO-09-022-G1,IN-DL-110054-9-22,G1,2000-01-01,AUTHORITATIVE,CANONICAL_BASELINE,671.0,Initial canonical geometry,ACCEPTED,,"POLYGON((77.2336431 28.6806832,77.2339066 28.6806832,77.2339066 28.6804473,77.2336431 28.6804473,77.2336431 28.6806832))",EPSG:4326
GEO-09-023-G1,IN-DL-110054-9-23,G1,2000-01-01,AUTHORITATIVE,CANONICAL_BASELINE,731.31,Initial canonical geometry,ACCEPTED,,"POLYGON((77.2339066 28.6806832,77.2341938 28.6806832,77.2341938 28.6804473,77.2339066 28.6804473,77.2339066 28.6806832))",EPSG:4326
GEO-09-024-G1,IN-DL-110054-9-24,G1,2000-01-01,AUTHORITATIVE,CANONICAL_BASELINE,816.6,Initial canonical geometry,ACCEPTED,,"POLYGON((77.2341938 28.6806832,77.2345145 28.6806832,77.2345145 28.6804473,77.2341938 28.6804473,77.2341938 28.6806832))",EPSG:4326
GEO-09-025-G1,IN-DL-110054-9-25,G1,2000-01-01,AUTHORITATIVE,CANONICAL_BASELINE,734.31,Initial canonical geometry,ACCEPTED,,"POLYGON((77.2345145 28.6806832,77.2348029 28.6806832,77.2348029 28.6804473,77.2345145 28.6804473,77.2345145 28.6806832))",EPSG:4326
GEO-09-026-G1,IN-DL-110054-9-26,G1,2000-01-01,AUTHORITATIVE,CANONICAL_BASELINE,950.34,Initial canonical geometry,ACCEPTED,,"POLYGON((77.2348029 28.6806832,77.2351761 28.6806832,77.2351761 28.6804473,77.2348029 28.6804473,77.2348029 28.6806832))",EPSG:4326
GEO-09-027-G1,IN-DL-110054-9-27,G1,2000-01-01,AUTHORITATIVE,CANONICAL_BASELINE,769.03,Initial canonical geometry,ACCEPTED,,"POLYGON((77.2351761 28.6806832,77.2354781 28.6806832,77.2354781 28.6804473,77.2351761 28.6804473,77.2351761 28.6806832))",EPSG:4326
GEO-09-028-G1,IN-DL-110054-9-28,G1,2000-01-01,AUTHORITATIVE,CANONICAL_BASELINE,807.65,Initial canonical geometry,ACCEPTED,,"POLYGON((77.2354781 28.6806832,77.2357952 28.6806832,77.2357952 28.6804473,77.2354781 28.6804473,77.2354781 28.6806832))",EPSG:4326
GEO-09-029-G1,IN-DL-110054-9-29,G1,2000-01-01,AUTHORITATIVE,CANONICAL_BASELINE,698.9,Initial canonical geometry,ACCEPTED,,"POLYGON((77.2357952 28.6806832,77.2360697 28.6806832,77.2360697 28.6804473,77.2357952 28.6804473,77.2357952 28.6806832))",EPSG:4326
GEO-09-030-G1,IN-DL-110054-9-30,G1,2000-01-01,SUPERSEDED,CANONICAL_BASELINE,688.3,Initial canonical geometry,SUPERSEDED,,"POLYGON((77.2360697 28.6806832,77.2363400 28.6806832,77.2363400 28.6804473,77.2360697 28.6804473,77.2360697 28.6806832))",EPSG:4326
GEO-09-030-G2,IN-DL-110054-9-30,G2,2026-05-15,AUTHORITATIVE,GNSS_RESURVEY,688.23,GNSS/CORS resurvey,ACCEPTED,GEO-09-030-G1,"POLYGON((77.2360738 28.6806777,77.2363468 28.6806790,77.2363482 28.6804455,77.2360752 28.6804442,77.2360738 28.6806777))",EPSG:4326
GEO-09-031-G1,IN-DL-110054-9-31,G1,2000-01-01,AUTHORITATIVE,CANONICAL_BASELINE,706.55,Initial canonical geometry,ACCEPTED,,"POLYGON((77.2333400 28.6804473,77.2336431 28.6804473,77.2336431 28.6802314,77.2333400 28.6802314,77.2333400 28.6804473))",EPSG:4326
GEO-09-032-G1,IN-DL-110054-9-32,G1,2000-01-01,AUTHORITATIVE,CANONICAL_BASELINE,614.25,Initial canonical geometry,ACCEPTED,,"POLYGON((77.2336431 28.6804473,77.2339066 28.6804473,77.2339066 28.6802314,77.2336431 28.6802314,77.2336431 28.6804473))",EPSG:4326
GEO-09-033-G1,IN-DL-110054-9-33,G1,2000-01-01,AUTHORITATIVE,CANONICAL_BASELINE,669.46,Initial canonical geometry,ACCEPTED,,"POLYGON((77.2339066 28.6804473,77.2341938 28.6804473,77.2341938 28.6802314,77.2339066 28.6802314,77.2339066 28.6804473))",EPSG:4326
GEO-09-034-G1,IN-DL-110054-9-34,G1,2000-01-01,AUTHORITATIVE,CANONICAL_BASELINE,747.53,Initial canonical geometry,ACCEPTED,,"POLYGON((77.2341938 28.6804473,77.2345145 28.6804473,77.2345145 28.6802314,77.2341938 28.6802314,77.2341938 28.6804473))",EPSG:4326
GEO-09-035-G1,IN-DL-110054-9-35,G1,2000-01-01,AUTHORITATIVE,CANONICAL_BASELINE,672.2,Initial canonical geometry,ACCEPTED,,"POLYGON((77.2345145 28.6804473,77.2348029 28.6804473,77.2348029 28.6802314,77.2345145 28.6802314,77.2345145 28.6804473))",EPSG:4326
GEO-09-036-G1,IN-DL-110054-9-36,G1,2000-01-01,AUTHORITATIVE,CANONICAL_BASELINE,869.96,Initial canonical geometry,ACCEPTED,,"POLYGON((77.2348029 28.6804473,77.2351761 28.6804473,77.2351761 28.6802314,77.2348029 28.6802314,77.2348029 28.6804473))",EPSG:4326
GEO-09-037-G1,IN-DL-110054-9-37,G1,2000-01-01,AUTHORITATIVE,CANONICAL_BASELINE,703.99,Initial canonical geometry,ACCEPTED,,"POLYGON((77.2351761 28.6804473,77.2354781 28.6804473,77.2354781 28.6802314,77.2351761 28.6802314,77.2351761 28.6804473))",EPSG:4326
GEO-09-038-G1,IN-DL-110054-9-38,G1,2000-01-01,AUTHORITATIVE,CANONICAL_BASELINE,739.34,Initial canonical geometry,ACCEPTED,,"POLYGON((77.2354781 28.6804473,77.2357952 28.6804473,77.2357952 28.6802314,77.2354781 28.6802314,77.2354781 28.6804473))",EPSG:4326
GEO-09-039-G1,IN-DL-110054-9-39,G1,2000-01-01,AUTHORITATIVE,CANONICAL_BASELINE,639.79,Initial canonical geometry,ACCEPTED,,"POLYGON((77.2357952 28.6804473,77.2360697 28.6804473,77.2360697 28.6802314,77.2357952 28.6802314,77.2357952 28.6804473))",EPSG:4326
GEO-09-040-G1,IN-DL-110054-9-40,G1,2000-01-01,AUTHORITATIVE,CANONICAL_BASELINE,630.09,Initial canonical geometry,ACCEPTED,,"POLYGON((77.2360697 28.6804473,77.2363400 28.6804473,77.2363400 28.6802314,77.2360697 28.6802314,77.2360697 28.6804473))",EPSG:4326
GEO-09-041-G1,IN-DL-110054-9-41,G1,2000-01-01,SUPERSEDED,CANONICAL_BASELINE,755.54,Initial canonical geometry,SUPERSEDED,,"POLYGON((77.2333400 28.6802314,77.2336431 28.6802314,77.2336431 28.6800004,77.2333400 28.6800004,77.2333400 28.6802314))",EPSG:4326
GEO-09-041-G2,IN-DL-110054-9-41,G2,2026-05-15,AUTHORITATIVE,GNSS_RESURVEY,710.2,Road widening / boundary correction,ACCEPTED,GEO-09-041-G1,"POLYGON((77.2333614 28.6802332,77.2336463 28.6802332,77.2336463 28.6800023,77.2333614 28.6800023,77.2333614 28.6802332))",EPSG:4326
GEO-09-042-G1,IN-DL-110054-9-42,G1,2000-01-01,AUTHORITATIVE,CANONICAL_BASELINE,656.84,Initial canonical geometry,ACCEPTED,,"POLYGON((77.2336431 28.6802314,77.2339066 28.6802314,77.2339066 28.6800004,77.2336431 28.6800004,77.2336431 28.6802314))",EPSG:4326
GEO-09-043-G1,IN-DL-110054-9-43,G1,2000-01-01,AUTHORITATIVE,CANONICAL_BASELINE,715.88,Initial canonical geometry,ACCEPTED,,"POLYGON((77.2339066 28.6802314,77.2341938 28.6802314,77.2341938 28.6800004,77.2339066 28.6800004,77.2339066 28.6802314))",EPSG:4326
GEO-09-044-G1,IN-DL-110054-9-44,G1,2000-01-01,AUTHORITATIVE,CANONICAL_BASELINE,799.36,Initial canonical geometry,ACCEPTED,,"POLYGON((77.2341938 28.6802314,77.2345145 28.6802314,77.2345145 28.6800004,77.2341938 28.6800004,77.2341938 28.6802314))",EPSG:4326
GEO-09-045-G1,IN-DL-110054-9-45,G1,2000-01-01,AUTHORITATIVE,CANONICAL_BASELINE,718.81,Initial canonical geometry,ACCEPTED,,"POLYGON((77.2345145 28.6802314,77.2348029 28.6802314,77.2348029 28.6800004,77.2345145 28.6800004,77.2345145 28.6802314))",EPSG:4326
GEO-09-046-G1,IN-DL-110054-9-46,G1,2000-01-01,AUTHORITATIVE,CANONICAL_BASELINE,930.28,Initial canonical geometry,ACCEPTED,,"POLYGON((77.2348029 28.6802314,77.2351761 28.6802314,77.2351761 28.6800004,77.2348029 28.6800004,77.2348029 28.6802314))",EPSG:4326
GEO-09-047-G1,IN-DL-110054-9-47,G1,2000-01-01,AUTHORITATIVE,CANONICAL_BASELINE,752.8,Initial canonical geometry,ACCEPTED,,"POLYGON((77.2351761 28.6802314,77.2354781 28.6802314,77.2354781 28.6800004,77.2351761 28.6800004,77.2351761 28.6802314))",EPSG:4326
GEO-09-048-G1,IN-DL-110054-9-48,G1,2000-01-01,AUTHORITATIVE,CANONICAL_BASELINE,790.6,Initial canonical geometry,ACCEPTED,,"POLYGON((77.2354781 28.6802314,77.2357952 28.6802314,77.2357952 28.6800004,77.2354781 28.6800004,77.2354781 28.6802314))",EPSG:4326
GEO-09-049-G1,IN-DL-110054-9-49,G1,2000-01-01,AUTHORITATIVE,CANONICAL_BASELINE,684.15,Initial canonical geometry,ACCEPTED,,"POLYGON((77.2357952 28.6802314,77.2360697 28.6802314,77.2360697 28.6800004,77.2357952 28.6800004,77.2357952 28.6802314))",EPSG:4326
GEO-09-050-G1,IN-DL-110054-9-50,G1,2000-01-01,AUTHORITATIVE,CANONICAL_BASELINE,673.77,Initial canonical geometry,ACCEPTED,,"POLYGON((77.2360697 28.6802314,77.2363400 28.6802314,77.2363400 28.6800004,77.2360697 28.6800004,77.2360697 28.6802314))",EPSG:4326
GEO-09-051-G1,IN-DL-110054-9-51,G1,2000-01-01,AUTHORITATIVE,CANONICAL_BASELINE,1174.23,Initial canonical geometry,ACCEPTED,,"POLYGON((77.2333400 28.6800004,77.2336431 28.6800004,77.2336431 28.6796416,77.2333400 28.6796416,77.2333400 28.6800004))",EPSG:4326
GEO-09-052-G1,IN-DL-110054-9-52,G1,2000-01-01,AUTHORITATIVE,CANONICAL_BASELINE,1020.84,Initial canonical geometry,ACCEPTED,,"POLYGON((77.2336431 28.6800004,77.2339066 28.6800004,77.2339066 28.6796416,77.2336431 28.6796416,77.2336431 28.6800004))",EPSG:4326
GEO-09-053-G1,IN-DL-110054-9-53,G1,2000-01-01,AUTHORITATIVE,CANONICAL_BASELINE,1112.59,Initial canonical geometry,ACCEPTED,,"POLYGON((77.2339066 28.6800004,77.2341938 28.6800004,77.2341938 28.6796416,77.2339066 28.6796416,77.2339066 28.6800004))",EPSG:4326
GEO-09-054-G1,IN-DL-110054-9-54,G1,2000-01-01,AUTHORITATIVE,CANONICAL_BASELINE,1242.34,Initial canonical geometry,ACCEPTED,,"POLYGON((77.2341938 28.6800004,77.2345145 28.6800004,77.2345145 28.6796416,77.2341938 28.6796416,77.2341938 28.6800004))",EPSG:4326
GEO-09-055-G1,IN-DL-110054-9-55,G1,2000-01-01,AUTHORITATIVE,CANONICAL_BASELINE,1117.15,Initial canonical geometry,ACCEPTED,,"POLYGON((77.2345145 28.6800004,77.2348029 28.6800004,77.2348029 28.6796416,77.2345145 28.6796416,77.2345145 28.6800004))",EPSG:4326
GEO-09-056-G1,IN-DL-110054-9-56,G1,2000-01-01,AUTHORITATIVE,CANONICAL_BASELINE,1445.81,Initial canonical geometry,ACCEPTED,,"POLYGON((77.2348029 28.6800004,77.2351761 28.6800004,77.2351761 28.6796416,77.2348029 28.6796416,77.2348029 28.6800004))",EPSG:4326
GEO-09-057-G1,IN-DL-110054-9-57,G1,2000-01-01,AUTHORITATIVE,CANONICAL_BASELINE,1169.97,Initial canonical geometry,ACCEPTED,,"POLYGON((77.2351761 28.6800004,77.2354781 28.6800004,77.2354781 28.6796416,77.2351761 28.6796416,77.2351761 28.6800004))",EPSG:4326
GEO-09-058-G1,IN-DL-110054-9-58,G1,2000-01-01,AUTHORITATIVE,CANONICAL_BASELINE,1228.73,Initial canonical geometry,ACCEPTED,,"POLYGON((77.2354781 28.6800004,77.2357952 28.6800004,77.2357952 28.6796416,77.2354781 28.6796416,77.2354781 28.6800004))",EPSG:4326
GEO-09-059-G1,IN-DL-110054-9-59,G1,2000-01-01,AUTHORITATIVE,CANONICAL_BASELINE,1063.28,Initial canonical geometry,ACCEPTED,,"POLYGON((77.2357952 28.6800004,77.2360697 28.6800004,77.2360697 28.6796416,77.2357952 28.6796416,77.2357952 28.6800004))",EPSG:4326
GEO-09-060-G1,IN-DL-110054-9-60,G1,2000-01-01,AUTHORITATIVE,CANONICAL_BASELINE,1047.16,Initial canonical geometry,ACCEPTED,,"POLYGON((77.2360697 28.6800004,77.2363400 28.6800004,77.2363400 28.6796416,77.2360697 28.6796416,77.2360697 28.6800004))",EPSG:4326
GEO-09-061-G1,IN-DL-110054-9-61,G1,2000-01-01,AUTHORITATIVE,CANONICAL_BASELINE,846.98,Initial canonical geometry,ACCEPTED,,"POLYGON((77.2333400 28.6796416,77.2336431 28.6796416,77.2336431 28.6793827,77.2333400 28.6793827,77.2333400 28.6796416))",EPSG:4326
GEO-09-061-G2,IN-DL-110054-9-61,G2,2026-05-15,PROPOSED,GNSS_RESURVEY,796.16,Road widening / boundary correction,PENDING_HUMAN_APPROVAL,GEO-09-061-G1,"POLYGON((77.2333614 28.6796434,77.2336463 28.6796434,77.2336463 28.6793845,77.2333614 28.6793845,77.2333614 28.6796434))",EPSG:4326
GEO-09-062-G1,IN-DL-110054-9-62,G1,2000-01-01,AUTHORITATIVE,CANONICAL_BASELINE,736.34,Initial canonical geometry,ACCEPTED,,"POLYGON((77.2336431 28.6796416,77.2339066 28.6796416,77.2339066 28.6793827,77.2336431 28.6793827,77.2336431 28.6796416))",EPSG:4326
GEO-09-063-G1,IN-DL-110054-9-63,G1,2000-01-01,AUTHORITATIVE,CANONICAL_BASELINE,802.52,Initial canonical geometry,ACCEPTED,,"POLYGON((77.2339066 28.6796416,77.2341938 28.6796416,77.2341938 28.6793827,77.2339066 28.6793827,77.2339066 28.6796416))",EPSG:4326
GEO-09-064-G1,IN-DL-110054-9-64,G1,2000-01-01,AUTHORITATIVE,CANONICAL_BASELINE,896.11,Initial canonical geometry,ACCEPTED,,"POLYGON((77.2341938 28.6796416,77.2345145 28.6796416,77.2345145 28.6793827,77.2341938 28.6793827,77.2341938 28.6796416))",EPSG:4326
GEO-09-065-G1,IN-DL-110054-9-65,G1,2000-01-01,AUTHORITATIVE,CANONICAL_BASELINE,805.81,Initial canonical geometry,ACCEPTED,,"POLYGON((77.2345145 28.6796416,77.2348029 28.6796416,77.2348029 28.6793827,77.2345145 28.6793827,77.2345145 28.6796416))",EPSG:4326
GEO-09-066-G1,IN-DL-110054-9-66,G1,2000-01-01,AUTHORITATIVE,CANONICAL_BASELINE,1042.87,Initial canonical geometry,ACCEPTED,,"POLYGON((77.2348029 28.6796416,77.2351761 28.6796416,77.2351761 28.6793827,77.2348029 28.6793827,77.2348029 28.6796416))",EPSG:4326
GEO-09-067-G1,IN-DL-110054-9-67,G1,2000-01-01,AUTHORITATIVE,CANONICAL_BASELINE,843.91,Initial canonical geometry,ACCEPTED,,"POLYGON((77.2351761 28.6796416,77.2354781 28.6796416,77.2354781 28.6793827,77.2351761 28.6793827,77.2351761 28.6796416))",EPSG:4326
GEO-09-068-G1,IN-DL-110054-9-68,G1,2000-01-01,AUTHORITATIVE,CANONICAL_BASELINE,886.29,Initial canonical geometry,ACCEPTED,,"POLYGON((77.2354781 28.6796416,77.2357952 28.6796416,77.2357952 28.6793827,77.2354781 28.6793827,77.2354781 28.6796416))",EPSG:4326
GEO-09-069-G1,IN-DL-110054-9-69,G1,2000-01-01,AUTHORITATIVE,CANONICAL_BASELINE,766.95,Initial canonical geometry,ACCEPTED,,"POLYGON((77.2357952 28.6796416,77.2360697 28.6796416,77.2360697 28.6793827,77.2357952 28.6793827,77.2357952 28.6796416))",EPSG:4326
GEO-09-070-G1,IN-DL-110054-9-70,G1,2000-01-01,AUTHORITATIVE,CANONICAL_BASELINE,755.32,Initial canonical geometry,ACCEPTED,,"POLYGON((77.2360697 28.6796416,77.2363400 28.6796416,77.2363400 28.6793827,77.2360697 28.6793827,77.2360697 28.6796416))",EPSG:4326
GEO-09-071-G1,IN-DL-110054-9-71,G1,2000-01-01,AUTHORITATIVE,CANONICAL_BASELINE,755.47,Initial canonical geometry,ACCEPTED,,"POLYGON((77.2333400 28.6793827,77.2336431 28.6793827,77.2336431 28.6791518,77.2333400 28.6791518,77.2333400 28.6793827))",EPSG:4326
GEO-09-072-G1,IN-DL-110054-9-72,G1,2000-01-01,AUTHORITATIVE,CANONICAL_BASELINE,656.78,Initial canonical geometry,ACCEPTED,,"POLYGON((77.2336431 28.6793827,77.2339066 28.6793827,77.2339066 28.6791518,77.2336431 28.6791518,77.2336431 28.6793827))",EPSG:4326
GEO-09-073-G1,IN-DL-110054-9-73,G1,2000-01-01,AUTHORITATIVE,CANONICAL_BASELINE,715.82,Initial canonical geometry,ACCEPTED,,"POLYGON((77.2339066 28.6793827,77.2341938 28.6793827,77.2341938 28.6791518,77.2339066 28.6791518,77.2339066 28.6793827))",EPSG:4326
GEO-09-074-G1,IN-DL-110054-9-74,G1,2000-01-01,AUTHORITATIVE,CANONICAL_BASELINE,799.29,Initial canonical geometry,ACCEPTED,,"POLYGON((77.2341938 28.6793827,77.2345145 28.6793827,77.2345145 28.6791518,77.2341938 28.6791518,77.2341938 28.6793827))",EPSG:4326
GEO-09-075-G1,IN-DL-110054-9-75,G1,2000-01-01,AUTHORITATIVE,CANONICAL_BASELINE,718.75,Initial canonical geometry,ACCEPTED,,"POLYGON((77.2345145 28.6793827,77.2348029 28.6793827,77.2348029 28.6791518,77.2345145 28.6791518,77.2345145 28.6793827))",EPSG:4326
GEO-09-076-G1,IN-DL-110054-9-76,G1,2000-01-01,AUTHORITATIVE,CANONICAL_BASELINE,930.2,Initial canonical geometry,ACCEPTED,,"POLYGON((77.2348029 28.6793827,77.2351761 28.6793827,77.2351761 28.6791518,77.2348029 28.6791518,77.2348029 28.6793827))",EPSG:4326
GEO-09-077-G1,IN-DL-110054-9-77,G1,2000-01-01,AUTHORITATIVE,CANONICAL_BASELINE,752.73,Initial canonical geometry,ACCEPTED,,"POLYGON((77.2351761 28.6793827,77.2354781 28.6793827,77.2354781 28.6791518,77.2351761 28.6791518,77.2351761 28.6793827))",EPSG:4326
GEO-09-078-G1,IN-DL-110054-9-78,G1,2000-01-01,AUTHORITATIVE,CANONICAL_BASELINE,790.53,Initial canonical geometry,ACCEPTED,,"POLYGON((77.2354781 28.6793827,77.2357952 28.6793827,77.2357952 28.6791518,77.2354781 28.6791518,77.2354781 28.6793827))",EPSG:4326
GEO-09-079-G1,IN-DL-110054-9-79,G1,2000-01-01,AUTHORITATIVE,CANONICAL_BASELINE,684.09,Initial canonical geometry,ACCEPTED,,"POLYGON((77.2357952 28.6793827,77.2360697 28.6793827,77.2360697 28.6791518,77.2357952 28.6791518,77.2357952 28.6793827))",EPSG:4326
GEO-09-079-G2,IN-DL-110054-9-79,G2,2026-05-15,PROPOSED,GNSS_RESURVEY,684.02,GNSS/CORS resurvey,PENDING_HUMAN_APPROVAL,GEO-09-079-G1,"POLYGON((77.2357993 28.6793773,77.2360765 28.6793786,77.2360779 28.6791500,77.2358007 28.6791487,77.2357993 28.6793773))",EPSG:4326
GEO-09-080-G1,IN-DL-110054-9-80,G1,2000-01-01,AUTHORITATIVE,CANONICAL_BASELINE,673.72,Initial canonical geometry,ACCEPTED,,"POLYGON((77.2360697 28.6793827,77.2363400 28.6793827,77.2363400 28.6791518,77.2360697 28.6791518,77.2360697 28.6793827))",EPSG:4326
GEO-09-081-G1,IN-DL-110054-9-81,G1,2000-01-01,AUTHORITATIVE,CANONICAL_BASELINE,706.56,Initial canonical geometry,ACCEPTED,,"POLYGON((77.2333400 28.6791518,77.2336431 28.6791518,77.2336431 28.6789359,77.2333400 28.6789359,77.2333400 28.6791518))",EPSG:4326
GEO-09-082-G1,IN-DL-110054-9-82,G1,2000-01-01,AUTHORITATIVE,CANONICAL_BASELINE,614.26,Initial canonical geometry,ACCEPTED,,"POLYGON((77.2336431 28.6791518,77.2339066 28.6791518,77.2339066 28.6789359,77.2336431 28.6789359,77.2336431 28.6791518))",EPSG:4326
GEO-09-083-G1,IN-DL-110054-9-83,G1,2000-01-01,AUTHORITATIVE,CANONICAL_BASELINE,669.47,Initial canonical geometry,ACCEPTED,,"POLYGON((77.2339066 28.6791518,77.2341938 28.6791518,77.2341938 28.6789359,77.2339066 28.6789359,77.2339066 28.6791518))",EPSG:4326
GEO-09-084-G1,IN-DL-110054-9-84,G1,2000-01-01,AUTHORITATIVE,CANONICAL_BASELINE,747.54,Initial canonical geometry,ACCEPTED,,"POLYGON((77.2341938 28.6791518,77.2345145 28.6791518,77.2345145 28.6789359,77.2341938 28.6789359,77.2341938 28.6791518))",EPSG:4326
GEO-09-084-G2,IN-DL-110054-9-84,G2,2026-05-15,REJECTED,GNSS_RESURVEY,747.46,GNSS/CORS resurvey,REJECTED,GEO-09-084-G1,"POLYGON((77.2341977 28.6791464,77.2345216 28.6791479,77.2345229 28.6789341,77.2341990 28.6789326,77.2341977 28.6791464))",EPSG:4326
GEO-09-085-G1,IN-DL-110054-9-85,G1,2000-01-01,AUTHORITATIVE,CANONICAL_BASELINE,672.21,Initial canonical geometry,ACCEPTED,,"POLYGON((77.2345145 28.6791518,77.2348029 28.6791518,77.2348029 28.6789359,77.2345145 28.6789359,77.2345145 28.6791518))",EPSG:4326
GEO-09-086-G1,IN-DL-110054-9-86,G1,2000-01-01,AUTHORITATIVE,CANONICAL_BASELINE,869.97,Initial canonical geometry,ACCEPTED,,"POLYGON((77.2348029 28.6791518,77.2351761 28.6791518,77.2351761 28.6789359,77.2348029 28.6789359,77.2348029 28.6791518))",EPSG:4326
GEO-09-087-G1,IN-DL-110054-9-87,G1,2000-01-01,AUTHORITATIVE,CANONICAL_BASELINE,704.0,Initial canonical geometry,ACCEPTED,,"POLYGON((77.2351761 28.6791518,77.2354781 28.6791518,77.2354781 28.6789359,77.2351761 28.6789359,77.2351761 28.6791518))",EPSG:4326
GEO-09-087-G2,IN-DL-110054-9-87,G2,2026-05-15,PROPOSED,GNSS_RESURVEY,703.92,GNSS/CORS resurvey,PENDING_HUMAN_APPROVAL,GEO-09-087-G1,"POLYGON((77.2351801 28.6791464,77.2354851 28.6791478,77.2354864 28.6789341,77.2351813 28.6789327,77.2351801 28.6791464))",EPSG:4326
GEO-09-088-G1,IN-DL-110054-9-88,G1,2000-01-01,AUTHORITATIVE,CANONICAL_BASELINE,739.35,Initial canonical geometry,ACCEPTED,,"POLYGON((77.2354781 28.6791518,77.2357952 28.6791518,77.2357952 28.6789359,77.2354781 28.6789359,77.2354781 28.6791518))",EPSG:4326
GEO-09-089-G1,IN-DL-110054-9-89,G1,2000-01-01,AUTHORITATIVE,CANONICAL_BASELINE,639.79,Initial canonical geometry,ACCEPTED,,"POLYGON((77.2357952 28.6791518,77.2360697 28.6791518,77.2360697 28.6789359,77.2357952 28.6789359,77.2357952 28.6791518))",EPSG:4326
GEO-09-090-G1,IN-DL-110054-9-90,G1,2000-01-01,AUTHORITATIVE,CANONICAL_BASELINE,630.09,Initial canonical geometry,ACCEPTED,,"POLYGON((77.2360697 28.6791518,77.2363400 28.6791518,77.2363400 28.6789359,77.2360697 28.6789359,77.2360697 28.6791518))",EPSG:4326
GEO-09-091-G1,IN-DL-110054-9-91,G1,2000-01-01,AUTHORITATIVE,CANONICAL_BASELINE,771.9,Initial canonical geometry,ACCEPTED,,"POLYGON((77.2333400 28.6789359,77.2336431 28.6789359,77.2336431 28.6787000,77.2333400 28.6787000,77.2333400 28.6789359))",EPSG:4326
GEO-09-092-G1,IN-DL-110054-9-92,G1,2000-01-01,AUTHORITATIVE,CANONICAL_BASELINE,671.06,Initial canonical geometry,ACCEPTED,,"POLYGON((77.2336431 28.6789359,77.2339066 28.6789359,77.2339066 28.6787000,77.2336431 28.6787000,77.2336431 28.6789359))",EPSG:4326
GEO-09-093-G1,IN-DL-110054-9-93,G1,2000-01-01,AUTHORITATIVE,CANONICAL_BASELINE,731.38,Initial canonical geometry,ACCEPTED,,"POLYGON((77.2339066 28.6789359,77.2341938 28.6789359,77.2341938 28.6787000,77.2339066 28.6787000,77.2339066 28.6789359))",EPSG:4326
GEO-09-094-G1,IN-DL-110054-9-94,G1,2000-01-01,AUTHORITATIVE,CANONICAL_BASELINE,816.67,Initial canonical geometry,ACCEPTED,,"POLYGON((77.2341938 28.6789359,77.2345145 28.6789359,77.2345145 28.6787000,77.2341938 28.6787000,77.2341938 28.6789359))",EPSG:4326
GEO-09-095-G1,IN-DL-110054-9-95,G1,2000-01-01,AUTHORITATIVE,CANONICAL_BASELINE,734.38,Initial canonical geometry,ACCEPTED,,"POLYGON((77.2345145 28.6789359,77.2348029 28.6789359,77.2348029 28.6787000,77.2345145 28.6787000,77.2345145 28.6789359))",EPSG:4326
GEO-09-096-G1,IN-DL-110054-9-96,G1,2000-01-01,AUTHORITATIVE,CANONICAL_BASELINE,950.42,Initial canonical geometry,ACCEPTED,,"POLYGON((77.2348029 28.6789359,77.2351761 28.6789359,77.2351761 28.6787000,77.2348029 28.6787000,77.2348029 28.6789359))",EPSG:4326
GEO-09-097-G1,IN-DL-110054-9-97,G1,2000-01-01,AUTHORITATIVE,CANONICAL_BASELINE,769.1,Initial canonical geometry,ACCEPTED,,"POLYGON((77.2351761 28.6789359,77.2354781 28.6789359,77.2354781 28.6787000,77.2351761 28.6787000,77.2351761 28.6789359))",EPSG:4326
GEO-09-098-G1,IN-DL-110054-9-98,G1,2000-01-01,AUTHORITATIVE,CANONICAL_BASELINE,807.72,Initial canonical geometry,ACCEPTED,,"POLYGON((77.2354781 28.6789359,77.2357952 28.6789359,77.2357952 28.6787000,77.2354781 28.6787000,77.2354781 28.6789359))",EPSG:4326
GEO-09-099-G1,IN-DL-110054-9-99,G1,2000-01-01,AUTHORITATIVE,CANONICAL_BASELINE,698.96,Initial canonical geometry,ACCEPTED,,"POLYGON((77.2357952 28.6789359,77.2360697 28.6789359,77.2360697 28.6787000,77.2357952 28.6787000,77.2357952 28.6789359))",EPSG:4326
GEO-09-100-G1,IN-DL-110054-9-100,G1,2000-01-01,AUTHORITATIVE,CANONICAL_BASELINE,688.36,Initial canonical geometry,ACCEPTED,,"POLYGON((77.2360697 28.6789359,77.2363400 28.6789359,77.2363400 28.6787000,77.2360697 28.6787000,77.2360697 28.6789359))",EPSG:4326
GEO-10-001-G1,IN-DL-110054-10-1,G1,2000-01-01,AUTHORITATIVE,CANONICAL_BASELINE,739.22,Initial canonical geometry,ACCEPTED,,"POLYGON((77.2366200 28.6812000,77.2368825 28.6812000,77.2368825 28.6809391,77.2366200 28.6809391,77.2366200 28.6812000))",EPSG:4326
GEO-10-002-G1,IN-DL-110054-10-2,G1,2000-01-01,AUTHORITATIVE,CANONICAL_BASELINE,805.66,Initial canonical geometry,ACCEPTED,,"POLYGON((77.2368825 28.6812000,77.2371686 28.6812000,77.2371686 28.6809391,77.2368825 28.6809391,77.2368825 28.6812000))",EPSG:4326
GEO-10-003-G1,IN-DL-110054-10-3,G1,2000-01-01,AUTHORITATIVE,CANONICAL_BASELINE,899.61,Initial canonical geometry,ACCEPTED,,"POLYGON((77.2371686 28.6812000,77.2374881 28.6812000,77.2374881 28.6809391,77.2371686 28.6809391,77.2371686 28.6812000))",EPSG:4326
GEO-10-004-G1,IN-DL-110054-10-4,G1,2000-01-01,SUPERSEDED,CANONICAL_BASELINE,808.96,Initial canonical geometry,SUPERSEDED,,"POLYGON((77.2374881 28.6812000,77.2377754 28.6812000,77.2377754 28.6809391,77.2374881 28.6809391,77.2374881 28.6812000))",EPSG:4326
GEO-10-004-G2,IN-DL-110054-10-4,G2,2026-05-15,AUTHORITATIVE,GNSS_RESURVEY,808.88,GNSS/CORS resurvey,ACCEPTED,GEO-10-004-G1,"POLYGON((77.2374920 28.6811944,77.2377822 28.6811957,77.2377837 28.6809375,77.2374936 28.6809362,77.2374920 28.6811944))",EPSG:4326
GEO-10-005-G1,IN-DL-110054-10-5,G1,2000-01-01,AUTHORITATIVE,CANONICAL_BASELINE,738.37,Initial canonical geometry,ACCEPTED,,"POLYGON((77.2377754 28.6812000,77.2380376 28.6812000,77.2380376 28.6809391,77.2377754 28.6809391,77.2377754 28.6812000))",EPSG:4326
GEO-10-006-G1,IN-DL-110054-10-6,G1,2000-01-01,AUTHORITATIVE,CANONICAL_BASELINE,1156.96,Initial canonical geometry,ACCEPTED,,"POLYGON((77.2380376 28.6812000,77.2384484 28.6812000,77.2384484 28.6809391,77.2380376 28.6809391,77.2380376 28.6812000))",EPSG:4326
GEO-10-007-G1,IN-DL-110054-10-7,G1,2000-01-01,AUTHORITATIVE,CANONICAL_BASELINE,889.75,Initial canonical geometry,ACCEPTED,,"POLYGON((77.2384484 28.6812000,77.2387644 28.6812000,77.2387644 28.6809391,77.2384484 28.6809391,77.2384484 28.6812000))",EPSG:4326
GEO-10-008-G1,IN-DL-110054-10-8,G1,2000-01-01,AUTHORITATIVE,CANONICAL_BASELINE,769.95,Initial canonical geometry,ACCEPTED,,"POLYGON((77.2387644 28.6812000,77.2390378 28.6812000,77.2390378 28.6809391,77.2387644 28.6809391,77.2387644 28.6812000))",EPSG:4326
GEO-10-009-G1,IN-DL-110054-10-9,G1,2000-01-01,AUTHORITATIVE,CANONICAL_BASELINE,758.27,Initial canonical geometry,ACCEPTED,,"POLYGON((77.2390378 28.6812000,77.2393071 28.6812000,77.2393071 28.6809391,77.2390378 28.6809391,77.2390378 28.6812000))",EPSG:4326
GEO-10-010-G1,IN-DL-110054-10-10,G1,2000-01-01,SUPERSEDED,CANONICAL_BASELINE,881.09,Initial canonical geometry,SUPERSEDED,,"POLYGON((77.2393071 28.6812000,77.2396200 28.6812000,77.2396200 28.6809391,77.2393071 28.6809391,77.2393071 28.6812000))",EPSG:4326
GEO-10-010-G2,IN-DL-110054-10-10,G2,2026-05-15,AUTHORITATIVE,GNSS_RESURVEY,828.22,Road widening / boundary correction,ACCEPTED,GEO-10-010-G1,"POLYGON((77.2393288 28.6812018,77.2396229 28.6812018,77.2396229 28.6809410,77.2393288 28.6809410,77.2393288 28.6812018))",EPSG:4326
GEO-10-011-G1,IN-DL-110054-10-11,G1,2000-01-01,SUPERSEDED,CANONICAL_BASELINE,666.73,Initial canonical geometry,SUPERSEDED,,"POLYGON((77.2366200 28.6809391,77.2368825 28.6809391,77.2368825 28.6807039,77.2366200 28.6807039,77.2366200 28.6809391))",EPSG:4326
GEO-10-011-G2,IN-DL-110054-10-11,G2,2026-05-15,AUTHORITATIVE,GNSS_RESURVEY,626.73,Road widening / boundary correction,ACCEPTED,GEO-10-011-G1,"POLYGON((77.2366402 28.6809410,77.2368869 28.6809410,77.2368869 28.6807057,77.2366402 28.6807057,77.2366402 28.6809410))",EPSG:4326
GEO-10-012-G1,IN-DL-110054-10-12,G1,2000-01-01,AUTHORITATIVE,CANONICAL_BASELINE,726.66,Initial canonical geometry,ACCEPTED,,"POLYGON((77.2368825 28.6809391,77.2371686 28.6809391,77.2371686 28.6807039,77.2368825 28.6807039,77.2368825 28.6809391))",EPSG:4326
GEO-10-013-G1,IN-DL-110054-10-13,G1,2000-01-01,AUTHORITATIVE,CANONICAL_BASELINE,811.4,Initial canonical geometry,ACCEPTED,,"POLYGON((77.2371686 28.6809391,77.2374881 28.6809391,77.2374881 28.6807039,77.2371686 28.6807039,77.2371686 28.6809391))",EPSG:4326
GEO-10-014-G1,IN-DL-110054-10-14,G1,2000-01-01,AUTHORITATIVE,CANONICAL_BASELINE,729.63,Initial canonical geometry,ACCEPTED,,"POLYGON((77.2374881 28.6809391,77.2377754 28.6809391,77.2377754 28.6807039,77.2374881 28.6807039,77.2374881 28.6809391))",EPSG:4326
GEO-10-015-G1,IN-DL-110054-10-15,G1,2000-01-01,AUTHORITATIVE,CANONICAL_BASELINE,665.96,Initial canonical geometry,ACCEPTED,,"POLYGON((77.2377754 28.6809391,77.2380376 28.6809391,77.2380376 28.6807039,77.2377754 28.6807039,77.2377754 28.6809391))",EPSG:4326
GEO-10-016-G1,IN-DL-110054-10-16,G1,2000-01-01,SUPERSEDED,CANONICAL_BASELINE,1043.51,Initial canonical geometry,SUPERSEDED,,"POLYGON((77.2380376 28.6809391,77.2384484 28.6809391,77.2384484 28.6807039,77.2380376 28.6807039,77.2380376 28.6809391))",EPSG:4326
GEO-10-016-G2,IN-DL-110054-10-16,G2,2026-05-15,AUTHORITATIVE,GNSS_RESURVEY,1043.41,GNSS/CORS resurvey,ACCEPTED,GEO-10-016-G1,"POLYGON((77.2380410 28.6809334,77.2384559 28.6809353,77.2384573 28.6807024,77.2380424 28.6807005,77.2380410 28.6809334))",EPSG:4326
GEO-10-017-G1,IN-DL-110054-10-17,G1,2000-01-01,AUTHORITATIVE,CANONICAL_BASELINE,802.51,Initial canonical geometry,ACCEPTED,,"POLYGON((77.2384484 28.6809391,77.2387644 28.6809391,77.2387644 28.6807039,77.2384484 28.6807039,77.2384484 28.6809391))",EPSG:4326
GEO-10-018-G1,IN-DL-110054-10-18,G1,2000-01-01,AUTHORITATIVE,CANONICAL_BASELINE,694.45,Initial canonical geometry,ACCEPTED,,"POLYGON((77.2387644 28.6809391,77.2390378 28.6809391,77.2390378 28.6807039,77.2387644 28.6807039,77.2387644 28.6809391))",EPSG:4326
GEO-10-019-G1,IN-DL-110054-10-19,G1,2000-01-01,AUTHORITATIVE,CANONICAL_BASELINE,683.92,Initial canonical geometry,ACCEPTED,,"POLYGON((77.2390378 28.6809391,77.2393071 28.6809391,77.2393071 28.6807039,77.2390378 28.6807039,77.2390378 28.6809391))",EPSG:4326
GEO-10-020-G1,IN-DL-110054-10-20,G1,2000-01-01,AUTHORITATIVE,CANONICAL_BASELINE,794.69,Initial canonical geometry,ACCEPTED,,"POLYGON((77.2393071 28.6809391,77.2396200 28.6809391,77.2396200 28.6807039,77.2393071 28.6807039,77.2393071 28.6809391))",EPSG:4326
GEO-10-021-G1,IN-DL-110054-10-21,G1,2000-01-01,AUTHORITATIVE,CANONICAL_BASELINE,610.34,Initial canonical geometry,ACCEPTED,,"POLYGON((77.2366200 28.6807039,77.2368825 28.6807039,77.2368825 28.6804885,77.2366200 28.6804885,77.2366200 28.6807039))",EPSG:4326
GEO-10-022-G1,IN-DL-110054-10-22,G1,2000-01-01,AUTHORITATIVE,CANONICAL_BASELINE,665.2,Initial canonical geometry,ACCEPTED,,"POLYGON((77.2368825 28.6807039,77.2371686 28.6807039,77.2371686 28.6804885,77.2368825 28.6804885,77.2368825 28.6807039))",EPSG:4326
GEO-10-023-G1,IN-DL-110054-10-23,G1,2000-01-01,AUTHORITATIVE,CANONICAL_BASELINE,742.77,Initial canonical geometry,ACCEPTED,,"POLYGON((77.2371686 28.6807039,77.2374881 28.6807039,77.2374881 28.6804885,77.2371686 28.6804885,77.2371686 28.6807039))",EPSG:4326
GEO-10-024-G1,IN-DL-110054-10-24,G1,2000-01-01,AUTHORITATIVE,CANONICAL_BASELINE,667.92,Initial canonical geometry,ACCEPTED,,"POLYGON((77.2374881 28.6807039,77.2377754 28.6807039,77.2377754 28.6804885,77.2374881 28.6804885,77.2374881 28.6807039))",EPSG:4326
GEO-10-025-G1,IN-DL-110054-10-25,G1,2000-01-01,AUTHORITATIVE,CANONICAL_BASELINE,609.64,Initial canonical geometry,ACCEPTED,,"POLYGON((77.2377754 28.6807039,77.2380376 28.6807039,77.2380376 28.6804885,77.2377754 28.6804885,77.2377754 28.6807039))",EPSG:4326
GEO-10-026-G1,IN-DL-110054-10-26,G1,2000-01-01,AUTHORITATIVE,CANONICAL_BASELINE,955.26,Initial canonical geometry,ACCEPTED,,"POLYGON((77.2380376 28.6807039,77.2384484 28.6807039,77.2384484 28.6804885,77.2380376 28.6804885,77.2380376 28.6807039))",EPSG:4326
GEO-10-027-G1,IN-DL-110054-10-27,G1,2000-01-01,AUTHORITATIVE,CANONICAL_BASELINE,734.63,Initial canonical geometry,ACCEPTED,,"POLYGON((77.2384484 28.6807039,77.2387644 28.6807039,77.2387644 28.6804885,77.2384484 28.6804885,77.2384484 28.6807039))",EPSG:4326
GEO-10-028-G1,IN-DL-110054-10-28,G1,2000-01-01,AUTHORITATIVE,CANONICAL_BASELINE,635.71,Initial canonical geometry,ACCEPTED,,"POLYGON((77.2387644 28.6807039,77.2390378 28.6807039,77.2390378 28.6804885,77.2387644 28.6804885,77.2387644 28.6807039))",EPSG:4326
GEO-10-029-G1,IN-DL-110054-10-29,G1,2000-01-01,SUPERSEDED,CANONICAL_BASELINE,626.08,Initial canonical geometry,SUPERSEDED,,"POLYGON((77.2390378 28.6807039,77.2393071 28.6807039,77.2393071 28.6804885,77.2390378 28.6804885,77.2390378 28.6807039))",EPSG:4326
GEO-10-029-G2,IN-DL-110054-10-29,G2,2026-05-15,AUTHORITATIVE,GNSS_RESURVEY,626.01,GNSS/CORS resurvey,ACCEPTED,GEO-10-029-G1,"POLYGON((77.2390420 28.6806985,77.2393140 28.6806998,77.2393152 28.6804866,77.2390433 28.6804853,77.2390420 28.6806985))",EPSG:4326
GEO-10-030-G1,IN-DL-110054-10-30,G1,2000-01-01,AUTHORITATIVE,CANONICAL_BASELINE,727.48,Initial canonical geometry,ACCEPTED,,"POLYGON((77.2393071 28.6807039,77.2396200 28.6807039,77.2396200 28.6804885,77.2393071 28.6804885,77.2393071 28.6807039))",EPSG:4326
GEO-10-031-G1,IN-DL-110054-10-31,G1,2000-01-01,AUTHORITATIVE,CANONICAL_BASELINE,652.66,Initial canonical geometry,ACCEPTED,,"POLYGON((77.2366200 28.6804885,77.2368825 28.6804885,77.2368825 28.6802582,77.2366200 28.6802582,77.2366200 28.6804885))",EPSG:4326
GEO-10-032-G1,IN-DL-110054-10-32,G1,2000-01-01,AUTHORITATIVE,CANONICAL_BASELINE,711.32,Initial canonical geometry,ACCEPTED,,"POLYGON((77.2368825 28.6804885,77.2371686 28.6804885,77.2371686 28.6802582,77.2368825 28.6802582,77.2368825 28.6804885))",EPSG:4326
GEO-10-033-G1,IN-DL-110054-10-33,G1,2000-01-01,AUTHORITATIVE,CANONICAL_BASELINE,794.27,Initial canonical geometry,ACCEPTED,,"POLYGON((77.2371686 28.6804885,77.2374881 28.6804885,77.2374881 28.6802582,77.2371686 28.6802582,77.2371686 28.6804885))",EPSG:4326
GEO-10-034-G1,IN-DL-110054-10-34,G1,2000-01-01,AUTHORITATIVE,CANONICAL_BASELINE,714.23,Initial canonical geometry,ACCEPTED,,"POLYGON((77.2374881 28.6804885,77.2377754 28.6804885,77.2377754 28.6802582,77.2374881 28.6802582,77.2374881 28.6804885))",EPSG:4326
GEO-10-035-G1,IN-DL-110054-10-35,G1,2000-01-01,AUTHORITATIVE,CANONICAL_BASELINE,651.91,Initial canonical geometry,ACCEPTED,,"POLYGON((77.2377754 28.6804885,77.2380376 28.6804885,77.2380376 28.6802582,77.2377754 28.6802582,77.2377754 28.6804885))",EPSG:4326
GEO-10-036-G1,IN-DL-110054-10-36,G1,2000-01-01,AUTHORITATIVE,CANONICAL_BASELINE,1021.49,Initial canonical geometry,ACCEPTED,,"POLYGON((77.2380376 28.6804885,77.2384484 28.6804885,77.2384484 28.6802582,77.2380376 28.6802582,77.2380376 28.6804885))",EPSG:4326
GEO-10-037-G1,IN-DL-110054-10-37,G1,2000-01-01,AUTHORITATIVE,CANONICAL_BASELINE,785.57,Initial canonical geometry,ACCEPTED,,"POLYGON((77.2384484 28.6804885,77.2387644 28.6804885,77.2387644 28.6802582,77.2384484 28.6802582,77.2384484 28.6804885))",EPSG:4326
GEO-10-038-G1,IN-DL-110054-10-38,G1,2000-01-01,AUTHORITATIVE,CANONICAL_BASELINE,679.79,Initial canonical geometry,ACCEPTED,,"POLYGON((77.2387644 28.6804885,77.2390378 28.6804885,77.2390378 28.6802582,77.2387644 28.6802582,77.2387644 28.6804885))",EPSG:4326
GEO-10-039-G1,IN-DL-110054-10-39,G1,2000-01-01,AUTHORITATIVE,CANONICAL_BASELINE,669.48,Initial canonical geometry,ACCEPTED,,"POLYGON((77.2390378 28.6804885,77.2393071 28.6804885,77.2393071 28.6802582,77.2390378 28.6802582,77.2390378 28.6804885))",EPSG:4326
GEO-10-040-G1,IN-DL-110054-10-40,G1,2000-01-01,AUTHORITATIVE,CANONICAL_BASELINE,777.92,Initial canonical geometry,ACCEPTED,,"POLYGON((77.2393071 28.6804885,77.2396200 28.6804885,77.2396200 28.6802582,77.2393071 28.6802582,77.2393071 28.6804885))",EPSG:4326
GEO-10-041-G1,IN-DL-110054-10-41,G1,2000-01-01,AUTHORITATIVE,CANONICAL_BASELINE,731.69,Initial canonical geometry,ACCEPTED,,"POLYGON((77.2366200 28.6802582,77.2368825 28.6802582,77.2368825 28.6800000,77.2366200 28.6800000,77.2366200 28.6802582))",EPSG:4326
GEO-10-042-G1,IN-DL-110054-10-42,G1,2000-01-01,AUTHORITATIVE,CANONICAL_BASELINE,797.45,Initial canonical geometry,ACCEPTED,,"POLYGON((77.2368825 28.6802582,77.2371686 28.6802582,77.2371686 28.6800000,77.2368825 28.6800000,77.2368825 28.6802582))",EPSG:4326
GEO-10-043-G1,IN-DL-110054-10-43,G1,2000-01-01,AUTHORITATIVE,CANONICAL_BASELINE,890.45,Initial canonical geometry,ACCEPTED,,"POLYGON((77.2371686 28.6802582,77.2374881 28.6802582,77.2374881 28.6800000,77.2371686 28.6800000,77.2371686 28.6802582))",EPSG:4326
GEO-10-044-G1,IN-DL-110054-10-44,G1,2000-01-01,AUTHORITATIVE,CANONICAL_BASELINE,800.72,Initial canonical geometry,ACCEPTED,,"POLYGON((77.2374881 28.6802582,77.2377754 28.6802582,77.2377754 28.6800000,77.2374881 28.6800000,77.2374881 28.6802582))",EPSG:4326
GEO-10-045-G1,IN-DL-110054-10-45,G1,2000-01-01,AUTHORITATIVE,CANONICAL_BASELINE,730.85,Initial canonical geometry,ACCEPTED,,"POLYGON((77.2377754 28.6802582,77.2380376 28.6802582,77.2380376 28.6800000,77.2377754 28.6800000,77.2377754 28.6802582))",EPSG:4326
GEO-10-046-G1,IN-DL-110054-10-46,G1,2000-01-01,AUTHORITATIVE,CANONICAL_BASELINE,1145.18,Initial canonical geometry,ACCEPTED,,"POLYGON((77.2380376 28.6802582,77.2384484 28.6802582,77.2384484 28.6800000,77.2380376 28.6800000,77.2380376 28.6802582))",EPSG:4326
GEO-10-047-G1,IN-DL-110054-10-47,G1,2000-01-01,AUTHORITATIVE,CANONICAL_BASELINE,880.69,Initial canonical geometry,ACCEPTED,,"POLYGON((77.2384484 28.6802582,77.2387644 28.6802582,77.2387644 28.6800000,77.2384484 28.6800000,77.2384484 28.6802582))",EPSG:4326
GEO-10-048-G1,IN-DL-110054-10-48,G1,2000-01-01,AUTHORITATIVE,CANONICAL_BASELINE,762.11,Initial canonical geometry,ACCEPTED,,"POLYGON((77.2387644 28.6802582,77.2390378 28.6802582,77.2390378 28.6800000,77.2387644 28.6800000,77.2387644 28.6802582))",EPSG:4326
GEO-10-049-G1,IN-DL-110054-10-49,G1,2000-01-01,AUTHORITATIVE,CANONICAL_BASELINE,750.55,Initial canonical geometry,ACCEPTED,,"POLYGON((77.2390378 28.6802582,77.2393071 28.6802582,77.2393071 28.6800000,77.2390378 28.6800000,77.2390378 28.6802582))",EPSG:4326
GEO-10-050-G1,IN-DL-110054-10-50,G1,2000-01-01,AUTHORITATIVE,CANONICAL_BASELINE,872.12,Initial canonical geometry,ACCEPTED,,"POLYGON((77.2393071 28.6802582,77.2396200 28.6802582,77.2396200 28.6800000,77.2393071 28.6800000,77.2393071 28.6802582))",EPSG:4326
GEO-10-051-G1,IN-DL-110054-10-51,G1,2000-01-01,AUTHORITATIVE,CANONICAL_BASELINE,1015.04,Initial canonical geometry,ACCEPTED,,"POLYGON((77.2366200 28.6800000,77.2368825 28.6800000,77.2368825 28.6796418,77.2366200 28.6796418,77.2366200 28.6800000))",EPSG:4326
GEO-10-052-G1,IN-DL-110054-10-52,G1,2000-01-01,AUTHORITATIVE,CANONICAL_BASELINE,1106.27,Initial canonical geometry,ACCEPTED,,"POLYGON((77.2368825 28.6800000,77.2371686 28.6800000,77.2371686 28.6796418,77.2368825 28.6796418,77.2368825 28.6800000))",EPSG:4326
GEO-10-053-G1,IN-DL-110054-10-53,G1,2000-01-01,AUTHORITATIVE,CANONICAL_BASELINE,1235.28,Initial canonical geometry,ACCEPTED,,"POLYGON((77.2371686 28.6800000,77.2374881 28.6800000,77.2374881 28.6796418,77.2371686 28.6796418,77.2371686 28.6800000))",EPSG:4326
GEO-10-054-G1,IN-DL-110054-10-54,G1,2000-01-01,SUPERSEDED,CANONICAL_BASELINE,1110.8,Initial canonical geometry,SUPERSEDED,,"POLYGON((77.2374881 28.6800000,77.2377754 28.6800000,77.2377754 28.6796418,77.2374881 28.6796418,77.2374881 28.6800000))",EPSG:4326
GEO-10-054-G2,IN-DL-110054-10-54,G2,2026-05-15,AUTHORITATIVE,GNSS_RESURVEY,1109.02,Local distortion corrected by resurvey,ACCEPTED,GEO-10-054-G1,"POLYGON((77.2374589 28.6799984,77.2377575 28.6800053,77.2377677 28.6796615,77.2374691 28.6796546,77.2374589 28.6799984))",EPSG:4326
GEO-10-055-G1,IN-DL-110054-10-55,G1,2000-01-01,AUTHORITATIVE,CANONICAL_BASELINE,1013.87,Initial canonical geometry,ACCEPTED,,"POLYGON((77.2377754 28.6800000,77.2380376 28.6800000,77.2380376 28.6796418,77.2377754 28.6796418,77.2377754 28.6800000))",EPSG:4326
GEO-10-056-G1,IN-DL-110054-10-56,G1,2000-01-01,AUTHORITATIVE,CANONICAL_BASELINE,1588.66,Initial canonical geometry,ACCEPTED,,"POLYGON((77.2380376 28.6800000,77.2384484 28.6800000,77.2384484 28.6796418,77.2380376 28.6796418,77.2380376 28.6800000))",EPSG:4326
GEO-10-057-G1,IN-DL-110054-10-57,G1,2000-01-01,AUTHORITATIVE,CANONICAL_BASELINE,1221.74,Initial canonical geometry,ACCEPTED,,"POLYGON((77.2384484 28.6800000,77.2387644 28.6800000,77.2387644 28.6796418,77.2384484 28.6796418,77.2384484 28.6800000))",EPSG:4326
GEO-10-058-G1,IN-DL-110054-10-58,G1,2000-01-01,AUTHORITATIVE,CANONICAL_BASELINE,1057.23,Initial canonical geometry,ACCEPTED,,"POLYGON((77.2387644 28.6800000,77.2390378 28.6800000,77.2390378 28.6796418,77.2387644 28.6796418,77.2387644 28.6800000))",EPSG:4326
GEO-10-059-G1,IN-DL-110054-10-59,G1,2000-01-01,AUTHORITATIVE,CANONICAL_BASELINE,1041.21,Initial canonical geometry,ACCEPTED,,"POLYGON((77.2390378 28.6800000,77.2393071 28.6800000,77.2393071 28.6796418,77.2390378 28.6796418,77.2390378 28.6800000))",EPSG:4326
GEO-10-060-G1,IN-DL-110054-10-60,G1,2000-01-01,AUTHORITATIVE,CANONICAL_BASELINE,1209.85,Initial canonical geometry,ACCEPTED,,"POLYGON((77.2393071 28.6800000,77.2396200 28.6800000,77.2396200 28.6796418,77.2393071 28.6796418,77.2393071 28.6800000))",EPSG:4326
GEO-10-060-G2,IN-DL-110054-10-60,G2,2026-05-15,PROPOSED,GNSS_RESURVEY,1209.73,GNSS/CORS resurvey,PENDING_HUMAN_APPROVAL,GEO-10-060-G1,"POLYGON((77.2393106 28.6799939,77.2396267 28.6799953,77.2396288 28.6796407,77.2393127 28.6796393,77.2393106 28.6799939))",EPSG:4326
GEO-10-061-G1,IN-DL-110054-10-61,G1,2000-01-01,AUTHORITATIVE,CANONICAL_BASELINE,652.6,Initial canonical geometry,ACCEPTED,,"POLYGON((77.2366200 28.6796418,77.2368825 28.6796418,77.2368825 28.6794115,77.2366200 28.6794115,77.2366200 28.6796418))",EPSG:4326
GEO-10-062-G1,IN-DL-110054-10-62,G1,2000-01-01,AUTHORITATIVE,CANONICAL_BASELINE,711.26,Initial canonical geometry,ACCEPTED,,"POLYGON((77.2368825 28.6796418,77.2371686 28.6796418,77.2371686 28.6794115,77.2368825 28.6794115,77.2368825 28.6796418))",EPSG:4326
GEO-10-063-G1,IN-DL-110054-10-63,G1,2000-01-01,AUTHORITATIVE,CANONICAL_BASELINE,794.2,Initial canonical geometry,ACCEPTED,,"POLYGON((77.2371686 28.6796418,77.2374881 28.6796418,77.2374881 28.6794115,77.2371686 28.6794115,77.2371686 28.6796418))",EPSG:4326
GEO-10-064-G1,IN-DL-110054-10-64,G1,2000-01-01,AUTHORITATIVE,CANONICAL_BASELINE,714.17,Initial canonical geometry,ACCEPTED,,"POLYGON((77.2374881 28.6796418,77.2377754 28.6796418,77.2377754 28.6794115,77.2374881 28.6794115,77.2374881 28.6796418))",EPSG:4326
GEO-10-065-G1,IN-DL-110054-10-65,G1,2000-01-01,AUTHORITATIVE,CANONICAL_BASELINE,651.85,Initial canonical geometry,ACCEPTED,,"POLYGON((77.2377754 28.6796418,77.2380376 28.6796418,77.2380376 28.6794115,77.2377754 28.6794115,77.2377754 28.6796418))",EPSG:4326
GEO-10-066-G1,IN-DL-110054-10-66,G1,2000-01-01,AUTHORITATIVE,CANONICAL_BASELINE,1021.4,Initial canonical geometry,ACCEPTED,,"POLYGON((77.2380376 28.6796418,77.2384484 28.6796418,77.2384484 28.6794115,77.2380376 28.6794115,77.2380376 28.6796418))",EPSG:4326
GEO-10-066-G2,IN-DL-110054-10-66,G2,2026-05-15,PROPOSED,GNSS_RESURVEY,1021.3,GNSS/CORS resurvey,PENDING_HUMAN_APPROVAL,GEO-10-066-G1,"POLYGON((77.2380410 28.6796361,77.2384560 28.6796380,77.2384573 28.6794100,77.2380423 28.6794081,77.2380410 28.6796361))",EPSG:4326
GEO-10-067-G1,IN-DL-110054-10-67,G1,2000-01-01,AUTHORITATIVE,CANONICAL_BASELINE,785.5,Initial canonical geometry,ACCEPTED,,"POLYGON((77.2384484 28.6796418,77.2387644 28.6796418,77.2387644 28.6794115,77.2384484 28.6794115,77.2384484 28.6796418))",EPSG:4326
GEO-10-068-G1,IN-DL-110054-10-68,G1,2000-01-01,AUTHORITATIVE,CANONICAL_BASELINE,679.73,Initial canonical geometry,ACCEPTED,,"POLYGON((77.2387644 28.6796418,77.2390378 28.6796418,77.2390378 28.6794115,77.2387644 28.6794115,77.2387644 28.6796418))",EPSG:4326
GEO-10-069-G1,IN-DL-110054-10-69,G1,2000-01-01,AUTHORITATIVE,CANONICAL_BASELINE,669.43,Initial canonical geometry,ACCEPTED,,"POLYGON((77.2390378 28.6796418,77.2393071 28.6796418,77.2393071 28.6794115,77.2390378 28.6794115,77.2390378 28.6796418))",EPSG:4326
GEO-10-070-G1,IN-DL-110054-10-70,G1,2000-01-01,AUTHORITATIVE,CANONICAL_BASELINE,777.85,Initial canonical geometry,ACCEPTED,,"POLYGON((77.2393071 28.6796418,77.2396200 28.6796418,77.2396200 28.6794115,77.2393071 28.6794115,77.2393071 28.6796418))",EPSG:4326
GEO-10-071-G1,IN-DL-110054-10-71,G1,2000-01-01,SUPERSEDED,CANONICAL_BASELINE,610.35,Initial canonical geometry,SUPERSEDED,,"POLYGON((77.2366200 28.6794115,77.2368825 28.6794115,77.2368825 28.6791962,77.2366200 28.6791962,77.2366200 28.6794115))",EPSG:4326
GEO-10-071-G2,IN-DL-110054-10-71,G2,2026-05-15,AUTHORITATIVE,GNSS_RESURVEY,573.73,Road widening / boundary correction,ACCEPTED,GEO-10-071-G1,"POLYGON((77.2366402 28.6794133,77.2368869 28.6794133,77.2368869 28.6791980,77.2366402 28.6791980,77.2366402 28.6794133))",EPSG:4326
GEO-10-072-G1,IN-DL-110054-10-72,G1,2000-01-01,AUTHORITATIVE,CANONICAL_BASELINE,665.2,Initial canonical geometry,ACCEPTED,,"POLYGON((77.2368825 28.6794115,77.2371686 28.6794115,77.2371686 28.6791962,77.2368825 28.6791962,77.2368825 28.6794115))",EPSG:4326
GEO-10-072-G2,IN-DL-110054-10-72,G2,2026-05-15,PROPOSED,GNSS_RESURVEY,665.14,GNSS/CORS resurvey,PENDING_HUMAN_APPROVAL,GEO-10-072-G1,"POLYGON((77.2368866 28.6794062,77.2371756 28.6794075,77.2371768 28.6791943,77.2368879 28.6791929,77.2368866 28.6794062))",EPSG:4326
GEO-10-073-G1,IN-DL-110054-10-73,G1,2000-01-01,AUTHORITATIVE,CANONICAL_BASELINE,742.78,Initial canonical geometry,ACCEPTED,,"POLYGON((77.2371686 28.6794115,77.2374881 28.6794115,77.2374881 28.6791962,77.2371686 28.6791962,77.2371686 28.6794115))",EPSG:4326
GEO-10-074-G1,IN-DL-110054-10-74,G1,2000-01-01,AUTHORITATIVE,CANONICAL_BASELINE,667.93,Initial canonical geometry,ACCEPTED,,"POLYGON((77.2374881 28.6794115,77.2377754 28.6794115,77.2377754 28.6791962,77.2374881 28.6791962,77.2374881 28.6794115))",EPSG:4326
GEO-10-075-G1,IN-DL-110054-10-75,G1,2000-01-01,AUTHORITATIVE,CANONICAL_BASELINE,609.64,Initial canonical geometry,ACCEPTED,,"POLYGON((77.2377754 28.6794115,77.2380376 28.6794115,77.2380376 28.6791962,77.2377754 28.6791962,77.2377754 28.6794115))",EPSG:4326
GEO-10-076-G1,IN-DL-110054-10-76,G1,2000-01-01,AUTHORITATIVE,CANONICAL_BASELINE,955.27,Initial canonical geometry,ACCEPTED,,"POLYGON((77.2380376 28.6794115,77.2384484 28.6794115,77.2384484 28.6791962,77.2380376 28.6791962,77.2380376 28.6794115))",EPSG:4326
GEO-10-077-G1,IN-DL-110054-10-77,G1,2000-01-01,AUTHORITATIVE,CANONICAL_BASELINE,734.64,Initial canonical geometry,ACCEPTED,,"POLYGON((77.2384484 28.6794115,77.2387644 28.6794115,77.2387644 28.6791962,77.2384484 28.6791962,77.2384484 28.6794115))",EPSG:4326
GEO-10-078-G1,IN-DL-110054-10-78,G1,2000-01-01,AUTHORITATIVE,CANONICAL_BASELINE,635.72,Initial canonical geometry,ACCEPTED,,"POLYGON((77.2387644 28.6794115,77.2390378 28.6794115,77.2390378 28.6791962,77.2387644 28.6791962,77.2387644 28.6794115))",EPSG:4326
GEO-10-079-G1,IN-DL-110054-10-79,G1,2000-01-01,AUTHORITATIVE,CANONICAL_BASELINE,626.08,Initial canonical geometry,ACCEPTED,,"POLYGON((77.2390378 28.6794115,77.2393071 28.6794115,77.2393071 28.6791962,77.2390378 28.6791962,77.2390378 28.6794115))",EPSG:4326
GEO-10-080-G1,IN-DL-110054-10-80,G1,2000-01-01,AUTHORITATIVE,CANONICAL_BASELINE,727.49,Initial canonical geometry,ACCEPTED,,"POLYGON((77.2393071 28.6794115,77.2396200 28.6794115,77.2396200 28.6791962,77.2393071 28.6791962,77.2393071 28.6794115))",EPSG:4326
GEO-10-081-G1,IN-DL-110054-10-81,G1,2000-01-01,AUTHORITATIVE,CANONICAL_BASELINE,666.79,Initial canonical geometry,ACCEPTED,,"POLYGON((77.2366200 28.6791962,77.2368825 28.6791962,77.2368825 28.6789609,77.2366200 28.6789609,77.2366200 28.6791962))",EPSG:4326
GEO-10-082-G1,IN-DL-110054-10-82,G1,2000-01-01,AUTHORITATIVE,CANONICAL_BASELINE,726.72,Initial canonical geometry,ACCEPTED,,"POLYGON((77.2368825 28.6791962,77.2371686 28.6791962,77.2371686 28.6789609,77.2368825 28.6789609,77.2368825 28.6791962))",EPSG:4326
GEO-10-083-G1,IN-DL-110054-10-83,G1,2000-01-01,AUTHORITATIVE,CANONICAL_BASELINE,811.47,Initial canonical geometry,ACCEPTED,,"POLYGON((77.2371686 28.6791962,77.2374881 28.6791962,77.2374881 28.6789609,77.2371686 28.6789609,77.2371686 28.6791962))",EPSG:4326
GEO-10-084-G1,IN-DL-110054-10-84,G1,2000-01-01,AUTHORITATIVE,CANONICAL_BASELINE,729.7,Initial canonical geometry,ACCEPTED,,"POLYGON((77.2374881 28.6791962,77.2377754 28.6791962,77.2377754 28.6789609,77.2374881 28.6789609,77.2374881 28.6791962))",EPSG:4326
GEO-10-085-G1,IN-DL-110054-10-85,G1,2000-01-01,AUTHORITATIVE,CANONICAL_BASELINE,666.02,Initial canonical geometry,ACCEPTED,,"POLYGON((77.2377754 28.6791962,77.2380376 28.6791962,77.2380376 28.6789609,77.2377754 28.6789609,77.2377754 28.6791962))",EPSG:4326
GEO-10-086-G1,IN-DL-110054-10-86,G1,2000-01-01,AUTHORITATIVE,CANONICAL_BASELINE,1043.61,Initial canonical geometry,ACCEPTED,,"POLYGON((77.2380376 28.6791962,77.2384484 28.6791962,77.2384484 28.6789609,77.2380376 28.6789609,77.2380376 28.6791962))",EPSG:4326
GEO-10-087-G1,IN-DL-110054-10-87,G1,2000-01-01,SUPERSEDED,CANONICAL_BASELINE,802.58,Initial canonical geometry,SUPERSEDED,,"POLYGON((77.2384484 28.6791962,77.2387644 28.6791962,77.2387644 28.6789609,77.2384484 28.6789609,77.2384484 28.6791962))",EPSG:4326
GEO-10-087-G2,IN-DL-110054-10-87,G2,2026-05-15,AUTHORITATIVE,GNSS_RESURVEY,801.29,Local distortion corrected by resurvey,ACCEPTED,GEO-10-087-G1,"POLYGON((77.2384204 28.6791967,77.2387489 28.6792043,77.2387556 28.6789785,77.2384271 28.6789709,77.2384204 28.6791967))",EPSG:4326
GEO-10-088-G1,IN-DL-110054-10-88,G1,2000-01-01,AUTHORITATIVE,CANONICAL_BASELINE,694.51,Initial canonical geometry,ACCEPTED,,"POLYGON((77.2387644 28.6791962,77.2390378 28.6791962,77.2390378 28.6789609,77.2387644 28.6789609,77.2387644 28.6791962))",EPSG:4326
GEO-10-089-G1,IN-DL-110054-10-89,G1,2000-01-01,AUTHORITATIVE,CANONICAL_BASELINE,683.98,Initial canonical geometry,ACCEPTED,,"POLYGON((77.2390378 28.6791962,77.2393071 28.6791962,77.2393071 28.6789609,77.2390378 28.6789609,77.2390378 28.6791962))",EPSG:4326
GEO-10-090-G1,IN-DL-110054-10-90,G1,2000-01-01,AUTHORITATIVE,CANONICAL_BASELINE,794.76,Initial canonical geometry,ACCEPTED,,"POLYGON((77.2393071 28.6791962,77.2396200 28.6791962,77.2396200 28.6789609,77.2393071 28.6789609,77.2393071 28.6791962))",EPSG:4326
GEO-10-091-G1,IN-DL-110054-10-91,G1,2000-01-01,SUPERSEDED,CANONICAL_BASELINE,739.24,Initial canonical geometry,SUPERSEDED,,"POLYGON((77.2366200 28.6789609,77.2368825 28.6789609,77.2368825 28.6787000,77.2366200 28.6787000,77.2366200 28.6789609))",EPSG:4326
GEO-10-091-G2,IN-DL-110054-10-91,G2,2026-05-15,AUTHORITATIVE,GNSS_RESURVEY,738.06,Local distortion corrected by resurvey,ACCEPTED,GEO-10-091-G1,"POLYGON((77.2365927 28.6789615,77.2368656 28.6789678,77.2368730 28.6787175,77.2366001 28.6787111,77.2365927 28.6789615))",EPSG:4326
GEO-10-092-G1,IN-DL-110054-10-92,G1,2000-01-01,AUTHORITATIVE,CANONICAL_BASELINE,805.69,Initial canonical geometry,ACCEPTED,,"POLYGON((77.2368825 28.6789609,77.2371686 28.6789609,77.2371686 28.6787000,77.2368825 28.6787000,77.2368825 28.6789609))",EPSG:4326
GEO-10-093-G1,IN-DL-110054-10-93,G1,2000-01-01,AUTHORITATIVE,CANONICAL_BASELINE,899.64,Initial canonical geometry,ACCEPTED,,"POLYGON((77.2371686 28.6789609,77.2374881 28.6789609,77.2374881 28.6787000,77.2371686 28.6787000,77.2371686 28.6789609))",EPSG:4326
GEO-10-094-G1,IN-DL-110054-10-94,G1,2000-01-01,AUTHORITATIVE,CANONICAL_BASELINE,808.99,Initial canonical geometry,ACCEPTED,,"POLYGON((77.2374881 28.6789609,77.2377754 28.6789609,77.2377754 28.6787000,77.2374881 28.6787000,77.2374881 28.6789609))",EPSG:4326
GEO-10-095-G1,IN-DL-110054-10-95,G1,2000-01-01,AUTHORITATIVE,CANONICAL_BASELINE,738.39,Initial canonical geometry,ACCEPTED,,"POLYGON((77.2377754 28.6789609,77.2380376 28.6789609,77.2380376 28.6787000,77.2377754 28.6787000,77.2377754 28.6789609))",EPSG:4326
GEO-10-096-G1,IN-DL-110054-10-96,G1,2000-01-01,AUTHORITATIVE,CANONICAL_BASELINE,1157.0,Initial canonical geometry,ACCEPTED,,"POLYGON((77.2380376 28.6789609,77.2384484 28.6789609,77.2384484 28.6787000,77.2380376 28.6787000,77.2380376 28.6789609))",EPSG:4326
GEO-10-097-G1,IN-DL-110054-10-97,G1,2000-01-01,AUTHORITATIVE,CANONICAL_BASELINE,889.78,Initial canonical geometry,ACCEPTED,,"POLYGON((77.2384484 28.6789609,77.2387644 28.6789609,77.2387644 28.6787000,77.2384484 28.6787000,77.2384484 28.6789609))",EPSG:4326
GEO-10-098-G1,IN-DL-110054-10-98,G1,2000-01-01,AUTHORITATIVE,CANONICAL_BASELINE,769.97,Initial canonical geometry,ACCEPTED,,"POLYGON((77.2387644 28.6789609,77.2390378 28.6789609,77.2390378 28.6787000,77.2387644 28.6787000,77.2387644 28.6789609))",EPSG:4326
GEO-10-099-G1,IN-DL-110054-10-99,G1,2000-01-01,AUTHORITATIVE,CANONICAL_BASELINE,758.3,Initial canonical geometry,ACCEPTED,,"POLYGON((77.2390378 28.6789609,77.2393071 28.6789609,77.2393071 28.6787000,77.2390378 28.6787000,77.2390378 28.6789609))",EPSG:4326
GEO-10-100-G1,IN-DL-110054-10-100,G1,2000-01-01,AUTHORITATIVE,CANONICAL_BASELINE,881.12,Initial canonical geometry,ACCEPTED,,"POLYGON((77.2393071 28.6789609,77.2396200 28.6789609,77.2396200 28.6787000,77.2393071 28.6787000,77.2393071 28.6789609))",EPSG:4326
HIST-IN-DL-110054-1-101,IN-DL-110054-1-101,H1,1989-01-01,HISTORICAL,RECONSTRUCTED_LINEAGE,1688.29,SPLIT reconstructed as union of child G1 geometries: IN-DL-110054-1-91;IN-DL-110054-1-92. Retired 2009-03-15: Subdivision mutation in CELL-01,ACCEPTED,,"POLYGON ((77.2238174 28.6817612, 77.2240988 28.6817612, 77.2240988 28.6815, 77.2238174 28.6815, 77.2235 28.6815, 77.2235 28.6817612, 77.2238174 28.6817612))",EPSG:4326
HIST-IN-DL-110054-1-102,IN-DL-110054-1-102,H1,1991-01-01,HISTORICAL,RECONSTRUCTED_LINEAGE,369.4,RETIRED_MERGED reconstructed as y-axis proportional partition of successor IN-DL-110054-1-93 G1 using historical source area. Retired 2011-07-10: Plot consolidation in CELL-01,ACCEPTED,,"POLYGON ((77.2243608 28.6815, 77.2240988 28.6815, 77.2240988 28.6816306, 77.2243608 28.6816306, 77.2243608 28.6815))",EPSG:4326
HIST-IN-DL-110054-1-103,IN-DL-110054-1-103,H1,1991-01-01,HISTORICAL,RECONSTRUCTED_LINEAGE,369.4,RETIRED_MERGED reconstructed as y-axis proportional partition of successor IN-DL-110054-1-93 G1 using historical source area. Retired 2011-07-10: Plot consolidation in CELL-01,ACCEPTED,,"POLYGON ((77.2243608 28.6817612, 77.2243608 28.6816306, 77.2240988 28.6816306, 77.2240988 28.6817612, 77.2243608 28.6817612))",EPSG:4326
HIST-IN-DL-110054-1-104,IN-DL-110054-1-104,H1,1997-01-01,HISTORICAL,RECONSTRUCTED_LINEAGE,427.2,RETIRED_REDEVELOPMENT reconstructed as x-axis proportional partition of successor IN-DL-110054-1-94 G1 using historical source area. Retired 2017-11-05: Redevelopment consolidation in CELL-01,ACCEPTED,,"POLYGON ((77.2245124 28.6817612, 77.2245124 28.6815, 77.2243608 28.6815, 77.2243608 28.6817612, 77.2245124 28.6817612))",EPSG:4326
HIST-IN-DL-110054-1-105,IN-DL-110054-1-105,H1,1997-01-01,HISTORICAL,RECONSTRUCTED_LINEAGE,427.2,RETIRED_REDEVELOPMENT reconstructed as x-axis proportional partition of successor IN-DL-110054-1-94 G1 using historical source area. Retired 2017-11-05: Redevelopment consolidation in CELL-01,ACCEPTED,,"POLYGON ((77.2246639 28.6817612, 77.2246639 28.6815, 77.2245124 28.6815, 77.2245124 28.6817612, 77.2246639 28.6817612))",EPSG:4326
HIST-IN-DL-110054-1-106,IN-DL-110054-1-106,H1,1999-01-01,HISTORICAL,RECONSTRUCTED_LINEAGE,1946.53,SPLIT reconstructed as union of child G1 geometries: IN-DL-110054-1-95;IN-DL-110054-1-96. Retired 2019-04-12: Late corner-plot subdivision,ACCEPTED,,"POLYGON ((77.2249757 28.6817612, 77.2253543 28.6817612, 77.2253543 28.6815, 77.2249757 28.6815, 77.2246639 28.6815, 77.2246639 28.6817612, 77.2249757 28.6817612))",EPSG:4326
HIST-IN-DL-110054-2-101,IN-DL-110054-2-101,H1,1990-01-01,HISTORICAL,RECONSTRUCTED_LINEAGE,1403.88,SPLIT reconstructed as union of child G1 geometries: IN-DL-110054-2-91;IN-DL-110054-2-92. Retired 2010-03-15: Subdivision mutation in CELL-02,ACCEPTED,,"POLYGON ((77.2270646 28.6817366, 77.2273297 28.6817366, 77.2273297 28.6815, 77.2270646 28.6815, 77.22678 28.6815, 77.22678 28.6817366, 77.2270646 28.6817366))",EPSG:4326
HIST-IN-DL-110054-2-102,IN-DL-110054-2-102,H1,1992-01-01,HISTORICAL,RECONSTRUCTED_LINEAGE,391.43,RETIRED_MERGED reconstructed as x-axis proportional partition of successor IN-DL-110054-2-93 G1 using historical source area. Retired 2012-07-10: Plot consolidation in CELL-02,ACCEPTED,,"POLYGON ((77.227483 28.6817366, 77.227483 28.6815, 77.2273297 28.6815, 77.2273297 28.6817366, 77.227483 28.6817366))",EPSG:4326
HIST-IN-DL-110054-2-103,IN-DL-110054-2-103,H1,1992-01-01,HISTORICAL,RECONSTRUCTED_LINEAGE,391.43,RETIRED_MERGED reconstructed as x-axis proportional partition of successor IN-DL-110054-2-93 G1 using historical source area. Retired 2012-07-10: Plot consolidation in CELL-02,ACCEPTED,,"POLYGON ((77.2276362 28.6817366, 77.2276362 28.6815, 77.227483 28.6815, 77.227483 28.6817366, 77.2276362 28.6817366))",EPSG:4326
HIST-IN-DL-110054-2-104,IN-DL-110054-2-104,H1,1998-01-01,HISTORICAL,RECONSTRUCTED_LINEAGE,402.79,RETIRED_REDEVELOPMENT reconstructed as x-axis proportional partition of successor IN-DL-110054-2-94 G1 using historical source area. Retired 2018-11-05: Redevelopment consolidation in CELL-02,ACCEPTED,,"POLYGON ((77.2277939 28.6817366, 77.2277939 28.6815, 77.2276362 28.6815, 77.2276362 28.6817366, 77.2277939 28.6817366))",EPSG:4326
HIST-IN-DL-110054-2-105,IN-DL-110054-2-105,H1,1998-01-01,HISTORICAL,RECONSTRUCTED_LINEAGE,402.79,RETIRED_REDEVELOPMENT reconstructed as x-axis proportional partition of successor IN-DL-110054-2-94 G1 using historical source area. Retired 2018-11-05: Redevelopment consolidation in CELL-02,ACCEPTED,,"POLYGON ((77.2279516 28.6817366, 77.2279516 28.6815, 77.2277939 28.6815, 77.2277939 28.6817366, 77.2279516 28.6817366))",EPSG:4326
HIST-IN-DL-110054-2-106,IN-DL-110054-2-106,H1,2001-01-01,HISTORICAL,RECONSTRUCTED_LINEAGE,22386.12,CROSS_CELL_SPLIT reconstructed as envelope spanning child G1 geometries: IN-DL-110054-2-100;IN-DL-110054-3-1. Retired 2021-02-18: Cell-boundary reindexing after subdivision,ACCEPTED,,"POLYGON ((77.2294923 28.6815, 77.2303217 28.6815, 77.2303217 28.684, 77.2294923 28.684, 77.2294923 28.6815))",EPSG:4326
HIST-IN-DL-110054-3-101,IN-DL-110054-3-101,H1,1991-01-01,HISTORICAL,RECONSTRUCTED_LINEAGE,1321.42,SPLIT reconstructed as union of child G1 geometries: IN-DL-110054-3-91;IN-DL-110054-3-92. Retired 2011-03-15: Subdivision mutation in CELL-03,ACCEPTED,,"POLYGON ((77.2303217 28.6817169, 77.2306244 28.6817169, 77.2306244 28.6815, 77.2303217 28.6815, 77.23006 28.6815, 77.23006 28.6817169, 77.2303217 28.6817169))",EPSG:4326
HIST-IN-DL-110054-3-102,IN-DL-110054-3-102,H1,1993-01-01,HISTORICAL,RECONSTRUCTED_LINEAGE,364.6,RETIRED_MERGED reconstructed as x-axis proportional partition of successor IN-DL-110054-3-93 G1 using historical source area. Retired 2013-07-10: Plot consolidation in CELL-03,ACCEPTED,,"POLYGON ((77.2307802 28.6817169, 77.2307802 28.6815, 77.2306244 28.6815, 77.2306244 28.6817169, 77.2307802 28.6817169))",EPSG:4326
HIST-IN-DL-110054-3-103,IN-DL-110054-3-103,H1,1993-01-01,HISTORICAL,RECONSTRUCTED_LINEAGE,364.6,RETIRED_MERGED reconstructed as x-axis proportional partition of successor IN-DL-110054-3-93 G1 using historical source area. Retired 2013-07-10: Plot consolidation in CELL-03,ACCEPTED,,"POLYGON ((77.2309359 28.6817169, 77.2309359 28.6815, 77.2307802 28.6815, 77.2307802 28.6817169, 77.2309359 28.6817169))",EPSG:4326
HIST-IN-DL-110054-3-104,IN-DL-110054-3-104,H1,1999-01-01,HISTORICAL,RECONSTRUCTED_LINEAGE,314.01,RETIRED_REDEVELOPMENT reconstructed as x-axis proportional partition of successor IN-DL-110054-3-94 G1 using historical source area. Retired 2019-11-05: Redevelopment consolidation in CELL-03,ACCEPTED,,"POLYGON ((77.23107 28.6817169, 77.23107 28.6815, 77.2309359 28.6815, 77.2309359 28.6817169, 77.23107 28.6817169))",EPSG:4326
HIST-IN-DL-110054-3-105,IN-DL-110054-3-105,H1,1999-01-01,HISTORICAL,RECONSTRUCTED_LINEAGE,314.01,RETIRED_REDEVELOPMENT reconstructed as x-axis proportional partition of successor IN-DL-110054-3-94 G1 using historical source area. Retired 2019-11-05: Redevelopment consolidation in CELL-03,ACCEPTED,,"POLYGON ((77.2312042 28.6817169, 77.2312042 28.6815, 77.23107 28.6815, 77.23107 28.6817169, 77.2312042 28.6817169))",EPSG:4326
HIST-IN-DL-110054-3-106,IN-DL-110054-3-106,H1,2000-01-01,HISTORICAL,RECONSTRUCTED_LINEAGE,1624.37,SPLIT reconstructed as union of child G1 geometries: IN-DL-110054-3-95;IN-DL-110054-3-96. Retired 2020-09-03: Builder-floor subdivision,ACCEPTED,,"POLYGON ((77.2314748 28.6817169, 77.231898 28.6817169, 77.231898 28.6815, 77.2314748 28.6815, 77.2312042 28.6815, 77.2312042 28.6817169, 77.2314748 28.6817169))",EPSG:4326
HIST-IN-DL-110054-4-101,IN-DL-110054-4-101,H1,1992-01-01,HISTORICAL,RECONSTRUCTED_LINEAGE,1519.68,SPLIT reconstructed as union of child G1 geometries: IN-DL-110054-4-91;IN-DL-110054-4-92. Retired 2012-03-15: Subdivision mutation in CELL-04,ACCEPTED,,"POLYGON ((77.2336402 28.6817311, 77.2339492 28.6817311, 77.2339492 28.6815, 77.2336402 28.6815, 77.23334 28.6815, 77.23334 28.6817311, 77.2336402 28.6817311))",EPSG:4326
HIST-IN-DL-110054-4-102,IN-DL-110054-4-102,H1,1994-01-01,HISTORICAL,RECONSTRUCTED_LINEAGE,331.88,RETIRED_MERGED reconstructed as x-axis proportional partition of successor IN-DL-110054-4-93 G1 using historical source area. Retired 2014-07-10: Plot consolidation in CELL-04,ACCEPTED,,"POLYGON ((77.2340822 28.6817311, 77.2340822 28.6815, 77.2339492 28.6815, 77.2339492 28.6817311, 77.2340822 28.6817311))",EPSG:4326
HIST-IN-DL-110054-4-103,IN-DL-110054-4-103,H1,1994-01-01,HISTORICAL,RECONSTRUCTED_LINEAGE,331.88,RETIRED_MERGED reconstructed as x-axis proportional partition of successor IN-DL-110054-4-93 G1 using historical source area. Retired 2014-07-10: Plot consolidation in CELL-04,ACCEPTED,,"POLYGON ((77.2342153 28.6817311, 77.2342153 28.6815, 77.2340822 28.6815, 77.2340822 28.6817311, 77.2342153 28.6817311))",EPSG:4326
HIST-IN-DL-110054-4-104,IN-DL-110054-4-104,H1,2000-01-01,HISTORICAL,RECONSTRUCTED_LINEAGE,334.8,RETIRED_REDEVELOPMENT reconstructed as x-axis proportional partition of successor IN-DL-110054-4-94 G1 using historical source area. Retired 2020-11-05: Redevelopment consolidation in CELL-04,ACCEPTED,,"POLYGON ((77.2343495 28.6817311, 77.2343495 28.6815, 77.2342153 28.6815, 77.2342153 28.6817311, 77.2343495 28.6817311))",EPSG:4326
HIST-IN-DL-110054-4-105,IN-DL-110054-4-105,H1,2000-01-01,HISTORICAL,RECONSTRUCTED_LINEAGE,334.8,RETIRED_REDEVELOPMENT reconstructed as x-axis proportional partition of successor IN-DL-110054-4-94 G1 using historical source area. Retired 2020-11-05: Redevelopment consolidation in CELL-04,ACCEPTED,,"POLYGON ((77.2344837 28.6817311, 77.2344837 28.6815, 77.2343495 28.6815, 77.2343495 28.6817311, 77.2344837 28.6817311))",EPSG:4326
HIST-IN-DL-110054-4-106,IN-DL-110054-4-106,H1,2002-01-01,HISTORICAL,RECONSTRUCTED_LINEAGE,365.31,RETIRED_MERGED reconstructed as x-axis proportional partition of successor IN-DL-110054-5-100 G1 using historical source area. Retired 2022-06-27: Cross-cell consolidation after grid correction,ACCEPTED,,"POLYGON ((77.239489 28.6817582, 77.239489 28.6815, 77.2393579 28.6815, 77.2393579 28.6817582, 77.239489 28.6817582))",EPSG:4326
HIST-IN-DL-110054-5-101,IN-DL-110054-5-101,H1,1993-01-01,HISTORICAL,RECONSTRUCTED_LINEAGE,1626.51,SPLIT reconstructed as union of child G1 geometries: IN-DL-110054-5-91;IN-DL-110054-5-92. Retired 2013-03-15: Subdivision mutation in CELL-05,ACCEPTED,,"POLYGON ((77.2369335 28.6817582, 77.2372035 28.6817582, 77.2372035 28.6815, 77.2369335 28.6815, 77.23662 28.6815, 77.23662 28.6817582, 77.2369335 28.6817582))",EPSG:4326
HIST-IN-DL-110054-5-102,IN-DL-110054-5-102,H1,1995-01-01,HISTORICAL,RECONSTRUCTED_LINEAGE,379.62,RETIRED_MERGED reconstructed as y-axis proportional partition of successor IN-DL-110054-5-93 G1 using historical source area. Retired 2015-07-10: Plot consolidation in CELL-05,ACCEPTED,,"POLYGON ((77.2374759 28.6815, 77.2372035 28.6815, 77.2372035 28.6816291, 77.2374759 28.6816291, 77.2374759 28.6815))",EPSG:4326
HIST-IN-DL-110054-5-103,IN-DL-110054-5-103,H1,1995-01-01,HISTORICAL,RECONSTRUCTED_LINEAGE,379.62,RETIRED_MERGED reconstructed as y-axis proportional partition of successor IN-DL-110054-5-93 G1 using historical source area. Retired 2015-07-10: Plot consolidation in CELL-05,ACCEPTED,,"POLYGON ((77.2374759 28.6817582, 77.2374759 28.6816291, 77.2372035 28.6816291, 77.2372035 28.6817582, 77.2374759 28.6817582))",EPSG:4326
HIST-IN-DL-110054-5-104,IN-DL-110054-5-104,H1,1996-01-01,HISTORICAL,RECONSTRUCTED_LINEAGE,439.4,RETIRED_REDEVELOPMENT reconstructed as x-axis proportional partition of successor IN-DL-110054-5-94 G1 using historical source area. Retired 2016-11-05: Redevelopment consolidation in CELL-05,ACCEPTED,,"POLYGON ((77.2376335 28.6817582, 77.2376335 28.6815, 77.2374759 28.6815, 77.2374759 28.6817582, 77.2376335 28.6817582))",EPSG:4326
HIST-IN-DL-110054-5-105,IN-DL-110054-5-105,H1,1996-01-01,HISTORICAL,RECONSTRUCTED_LINEAGE,439.4,RETIRED_REDEVELOPMENT reconstructed as x-axis proportional partition of successor IN-DL-110054-5-94 G1 using historical source area. Retired 2016-11-05: Redevelopment consolidation in CELL-05,ACCEPTED,,"POLYGON ((77.2377911 28.6817582, 77.2377911 28.6815, 77.2376335 28.6815, 77.2376335 28.6817582, 77.2377911 28.6817582))",EPSG:4326
HIST-IN-DL-110054-5-106,IN-DL-110054-5-106,H1,2002-01-01,HISTORICAL,RECONSTRUCTED_LINEAGE,365.31,RETIRED_MERGED reconstructed as x-axis proportional partition of successor IN-DL-110054-5-100 G1 using historical source area. Retired 2022-06-27: Cross-cell consolidation after grid correction,ACCEPTED,,"POLYGON ((77.23962 28.6817582, 77.23962 28.6815, 77.239489 28.6815, 77.239489 28.6817582, 77.23962 28.6817582))",EPSG:4326
HIST-IN-DL-110054-6-101,IN-DL-110054-6-101,H1,1994-01-01,HISTORICAL,RECONSTRUCTED_LINEAGE,1521.24,SPLIT reconstructed as union of child G1 geometries: IN-DL-110054-6-91;IN-DL-110054-6-92. Retired 2014-03-15: Subdivision mutation in CELL-06,ACCEPTED,,"POLYGON ((77.2237712 28.6789587, 77.2240448 28.6789587, 77.2240448 28.6787, 77.2237712 28.6787, 77.2235 28.6787, 77.2235 28.6789587, 77.2237712 28.6789587))",EPSG:4326
HIST-IN-DL-110054-6-102,IN-DL-110054-6-102,H1,1996-01-01,HISTORICAL,RECONSTRUCTED_LINEAGE,442.12,RETIRED_MERGED reconstructed as x-axis proportional partition of successor IN-DL-110054-6-93 G1 using historical source area. Retired 2016-07-10: Plot consolidation in CELL-06,ACCEPTED,,"POLYGON ((77.2242031 28.6789587, 77.2242031 28.6787, 77.2240448 28.6787, 77.2240448 28.6789587, 77.2242031 28.6789587))",EPSG:4326
HIST-IN-DL-110054-6-103,IN-DL-110054-6-103,H1,1996-01-01,HISTORICAL,RECONSTRUCTED_LINEAGE,442.12,RETIRED_MERGED reconstructed as x-axis proportional partition of successor IN-DL-110054-6-93 G1 using historical source area. Retired 2016-07-10: Plot consolidation in CELL-06,ACCEPTED,,"POLYGON ((77.2243614 28.6789587, 77.2243614 28.6787, 77.2242031 28.6787, 77.2242031 28.6789587, 77.2243614 28.6789587))",EPSG:4326
HIST-IN-DL-110054-6-104,IN-DL-110054-6-104,H1,1997-01-01,HISTORICAL,RECONSTRUCTED_LINEAGE,282.2,RETIRED_REDEVELOPMENT reconstructed as x-axis proportional partition of successor IN-DL-110054-6-94 G1 using historical source area. Retired 2017-11-05: Redevelopment consolidation in CELL-06,ACCEPTED,,"POLYGON ((77.2244625 28.6789587, 77.2244625 28.6787, 77.2243614 28.6787, 77.2243614 28.6789587, 77.2244625 28.6789587))",EPSG:4326
HIST-IN-DL-110054-6-105,IN-DL-110054-6-105,H1,1997-01-01,HISTORICAL,RECONSTRUCTED_LINEAGE,282.2,RETIRED_REDEVELOPMENT reconstructed as x-axis proportional partition of successor IN-DL-110054-6-94 G1 using historical source area. Retired 2017-11-05: Redevelopment consolidation in CELL-06,ACCEPTED,,"POLYGON ((77.2245635 28.6789587, 77.2245635 28.6787, 77.2244625 28.6787, 77.2244625 28.6789587, 77.2245635 28.6789587))",EPSG:4326
HIST-IN-DL-110054-6-106,IN-DL-110054-6-106,H1,1997-01-01,HISTORICAL,RECONSTRUCTED_LINEAGE,282.2,RETIRED_REDEVELOPMENT reconstructed as x-axis proportional partition of successor IN-DL-110054-6-94 G1 using historical source area. Retired 2017-11-05: Redevelopment consolidation in CELL-06,ACCEPTED,,"POLYGON ((77.2246646 28.6789587, 77.2246646 28.6787, 77.2245635 28.6787, 77.2245635 28.6789587, 77.2246646 28.6789587))",EPSG:4326
HIST-IN-DL-110054-7-101,IN-DL-110054-7-101,H1,1995-01-01,HISTORICAL,RECONSTRUCTED_LINEAGE,1453.21,SPLIT reconstructed as union of child G1 geometries: IN-DL-110054-7-91;IN-DL-110054-7-92. Retired 2015-03-15: Subdivision mutation in CELL-07,ACCEPTED,,"POLYGON ((77.2270493 28.6789317, 77.227361 28.6789317, 77.227361 28.6787, 77.2270493 28.6787, 77.22678 28.6787, 77.22678 28.6789317, 77.2270493 28.6789317))",EPSG:4326
HIST-IN-DL-110054-7-102,IN-DL-110054-7-102,H1,1990-01-01,HISTORICAL,RECONSTRUCTED_LINEAGE,373.22,RETIRED_MERGED reconstructed as x-axis proportional partition of successor IN-DL-110054-7-93 G1 using historical source area. Retired 2010-07-10: Plot consolidation in CELL-07,ACCEPTED,,"POLYGON ((77.2275102 28.6789317, 77.2275102 28.6787, 77.227361 28.6787, 77.227361 28.6789317, 77.2275102 28.6789317))",EPSG:4326
HIST-IN-DL-110054-7-103,IN-DL-110054-7-103,H1,1990-01-01,HISTORICAL,RECONSTRUCTED_LINEAGE,373.22,RETIRED_MERGED reconstructed as x-axis proportional partition of successor IN-DL-110054-7-93 G1 using historical source area. Retired 2010-07-10: Plot consolidation in CELL-07,ACCEPTED,,"POLYGON ((77.2276594 28.6789317, 77.2276594 28.6787, 77.2275102 28.6787, 77.2275102 28.6789317, 77.2276594 28.6789317))",EPSG:4326
HIST-IN-DL-110054-7-104,IN-DL-110054-7-104,H1,1998-01-01,HISTORICAL,RECONSTRUCTED_LINEAGE,324.47,RETIRED_REDEVELOPMENT reconstructed as y-axis proportional partition of successor IN-DL-110054-7-94 G1 using historical source area. Retired 2018-11-05: Redevelopment consolidation in CELL-07,ACCEPTED,,"POLYGON ((77.2279188 28.6787, 77.2276594 28.6787, 77.2276594 28.6788158, 77.2279188 28.6788158, 77.2279188 28.6787))",EPSG:4326
HIST-IN-DL-110054-7-105,IN-DL-110054-7-105,H1,1998-01-01,HISTORICAL,RECONSTRUCTED_LINEAGE,324.47,RETIRED_REDEVELOPMENT reconstructed as y-axis proportional partition of successor IN-DL-110054-7-94 G1 using historical source area. Retired 2018-11-05: Redevelopment consolidation in CELL-07,ACCEPTED,,"POLYGON ((77.2279188 28.6789317, 77.2279188 28.6788158, 77.2276594 28.6788158, 77.2276594 28.6789317, 77.2279188 28.6789317))",EPSG:4326
HIST-IN-DL-110054-7-106,IN-DL-110054-7-106,H1,2003-01-01,HISTORICAL,RECONSTRUCTED_LINEAGE,24393.54,CROSS_CELL_SPLIT reconstructed as envelope spanning child G1 geometries: IN-DL-110054-7-100;IN-DL-110054-8-1. Retired 2023-01-16: Cross-cell split after revised cell boundary,ACCEPTED,,"POLYGON ((77.2294677 28.6787, 77.2303716 28.6787, 77.2303716 28.6812, 77.2294677 28.6812, 77.2294677 28.6787))",EPSG:4326
HIST-IN-DL-110054-8-101,IN-DL-110054-8-101,H1,1988-01-01,HISTORICAL,RECONSTRUCTED_LINEAGE,1427.47,SPLIT reconstructed as union of child G1 geometries: IN-DL-110054-8-91;IN-DL-110054-8-92. Retired 2008-03-15: Subdivision mutation in CELL-08,ACCEPTED,,"POLYGON ((77.2303716 28.6789168, 77.2306699 28.6789168, 77.2306699 28.6787, 77.2303716 28.6787, 77.23006 28.6787, 77.23006 28.6789168, 77.2303716 28.6789168))",EPSG:4326
HIST-IN-DL-110054-8-102,IN-DL-110054-8-102,H1,1991-01-01,HISTORICAL,RECONSTRUCTED_LINEAGE,303.5,RETIRED_MERGED reconstructed as x-axis proportional partition of successor IN-DL-110054-8-93 G1 using historical source area. Retired 2011-07-10: Plot consolidation in CELL-08,ACCEPTED,,"POLYGON ((77.2307996 28.6789168, 77.2307996 28.6787, 77.2306699 28.6787, 77.2306699 28.6789168, 77.2307996 28.6789168))",EPSG:4326
HIST-IN-DL-110054-8-103,IN-DL-110054-8-103,H1,1991-01-01,HISTORICAL,RECONSTRUCTED_LINEAGE,303.5,RETIRED_MERGED reconstructed as x-axis proportional partition of successor IN-DL-110054-8-93 G1 using historical source area. Retired 2011-07-10: Plot consolidation in CELL-08,ACCEPTED,,"POLYGON ((77.2309293 28.6789168, 77.2309293 28.6787, 77.2307996 28.6787, 77.2307996 28.6789168, 77.2309293 28.6789168))",EPSG:4326
HIST-IN-DL-110054-8-104,IN-DL-110054-8-104,H1,1999-01-01,HISTORICAL,RECONSTRUCTED_LINEAGE,330.78,RETIRED_REDEVELOPMENT reconstructed as x-axis proportional partition of successor IN-DL-110054-8-94 G1 using historical source area. Retired 2019-11-05: Redevelopment consolidation in CELL-08,ACCEPTED,,"POLYGON ((77.2310706 28.6789168, 77.2310706 28.6787, 77.2309293 28.6787, 77.2309293 28.6789168, 77.2310706 28.6789168))",EPSG:4326
HIST-IN-DL-110054-8-105,IN-DL-110054-8-105,H1,1999-01-01,HISTORICAL,RECONSTRUCTED_LINEAGE,330.78,RETIRED_REDEVELOPMENT reconstructed as x-axis proportional partition of successor IN-DL-110054-8-94 G1 using historical source area. Retired 2019-11-05: Redevelopment consolidation in CELL-08,ACCEPTED,,"POLYGON ((77.2312119 28.6789168, 77.2312119 28.6787, 77.2310706 28.6787, 77.2310706 28.6789168, 77.2312119 28.6789168))",EPSG:4326
HIST-IN-DL-110054-8-106,IN-DL-110054-8-106,H1,2002-01-01,HISTORICAL,RECONSTRUCTED_LINEAGE,344.18,RETIRED_MERGED reconstructed as x-axis proportional partition of successor IN-DL-110054-9-100 G1 using historical source area. Retired 2022-12-08: Cross-cell merge for access regularisation,ACCEPTED,,"POLYGON ((77.2362049 28.6789359, 77.2362049 28.6787, 77.2360697 28.6787, 77.2360697 28.6789359, 77.2362049 28.6789359))",EPSG:4326
HIST-IN-DL-110054-9-101,IN-DL-110054-9-101,H1,1989-01-01,HISTORICAL,RECONSTRUCTED_LINEAGE,1442.96,SPLIT reconstructed as union of child G1 geometries: IN-DL-110054-9-91;IN-DL-110054-9-92. Retired 2009-03-15: Subdivision mutation in CELL-09,ACCEPTED,,"POLYGON ((77.2336431 28.6789359, 77.2339066 28.6789359, 77.2339066 28.6787, 77.2336431 28.6787, 77.23334 28.6787, 77.23334 28.6789359, 77.2336431 28.6789359))",EPSG:4326
HIST-IN-DL-110054-9-102,IN-DL-110054-9-102,H1,1992-01-01,HISTORICAL,RECONSTRUCTED_LINEAGE,365.69,RETIRED_MERGED reconstructed as x-axis proportional partition of successor IN-DL-110054-9-93 G1 using historical source area. Retired 2012-07-10: Plot consolidation in CELL-09,ACCEPTED,,"POLYGON ((77.2340502 28.6789359, 77.2340502 28.6787, 77.2339066 28.6787, 77.2339066 28.6789359, 77.2340502 28.6789359))",EPSG:4326
HIST-IN-DL-110054-9-103,IN-DL-110054-9-103,H1,1992-01-01,HISTORICAL,RECONSTRUCTED_LINEAGE,365.69,RETIRED_MERGED reconstructed as x-axis proportional partition of successor IN-DL-110054-9-93 G1 using historical source area. Retired 2012-07-10: Plot consolidation in CELL-09,ACCEPTED,,"POLYGON ((77.2341938 28.6789359, 77.2341938 28.6787, 77.2340502 28.6787, 77.2340502 28.6789359, 77.2341938 28.6789359))",EPSG:4326
HIST-IN-DL-110054-9-104,IN-DL-110054-9-104,H1,2000-01-01,HISTORICAL,RECONSTRUCTED_LINEAGE,408.33,RETIRED_REDEVELOPMENT reconstructed as x-axis proportional partition of successor IN-DL-110054-9-94 G1 using historical source area. Retired 2020-11-05: Redevelopment consolidation in CELL-09,ACCEPTED,,"POLYGON ((77.2343542 28.6789359, 77.2343542 28.6787, 77.2341938 28.6787, 77.2341938 28.6789359, 77.2343542 28.6789359))",EPSG:4326
HIST-IN-DL-110054-9-105,IN-DL-110054-9-105,H1,2000-01-01,HISTORICAL,RECONSTRUCTED_LINEAGE,408.33,RETIRED_REDEVELOPMENT reconstructed as x-axis proportional partition of successor IN-DL-110054-9-94 G1 using historical source area. Retired 2020-11-05: Redevelopment consolidation in CELL-09,ACCEPTED,,"POLYGON ((77.2345145 28.6789359, 77.2345145 28.6787, 77.2343542 28.6787, 77.2343542 28.6789359, 77.2345145 28.6789359))",EPSG:4326
HIST-IN-DL-110054-9-106,IN-DL-110054-9-106,H1,2002-01-01,HISTORICAL,RECONSTRUCTED_LINEAGE,344.18,RETIRED_MERGED reconstructed as x-axis proportional partition of successor IN-DL-110054-9-100 G1 using historical source area. Retired 2022-12-08: Cross-cell merge for access regularisation,ACCEPTED,,"POLYGON ((77.23634 28.6789359, 77.23634 28.6787, 77.2362049 28.6787, 77.2362049 28.6789359, 77.23634 28.6789359))",EPSG:4326
HIST-IN-DL-110054-10-101,IN-DL-110054-10-101,H1,1990-01-01,HISTORICAL,RECONSTRUCTED_LINEAGE,1544.93,SPLIT reconstructed as union of child G1 geometries: IN-DL-110054-10-91;IN-DL-110054-10-92. Retired 2010-03-15: Subdivision mutation in CELL-10,ACCEPTED,,"POLYGON ((77.2368825 28.6789609, 77.2371686 28.6789609, 77.2371686 28.6787, 77.2368825 28.6787, 77.23662 28.6787, 77.23662 28.6789609, 77.2368825 28.6789609))",EPSG:4326
HIST-IN-DL-110054-10-102,IN-DL-110054-10-102,H1,1993-01-01,HISTORICAL,RECONSTRUCTED_LINEAGE,449.82,RETIRED_MERGED reconstructed as x-axis proportional partition of successor IN-DL-110054-10-93 G1 using historical source area. Retired 2013-07-10: Plot consolidation in CELL-10,ACCEPTED,,"POLYGON ((77.2373284 28.6789609, 77.2373284 28.6787, 77.2371686 28.6787, 77.2371686 28.6789609, 77.2373284 28.6789609))",EPSG:4326
HIST-IN-DL-110054-10-103,IN-DL-110054-10-103,H1,1993-01-01,HISTORICAL,RECONSTRUCTED_LINEAGE,449.82,RETIRED_MERGED reconstructed as x-axis proportional partition of successor IN-DL-110054-10-93 G1 using historical source area. Retired 2013-07-10: Plot consolidation in CELL-10,ACCEPTED,,"POLYGON ((77.2374881 28.6789609, 77.2374881 28.6787, 77.2373284 28.6787, 77.2373284 28.6789609, 77.2374881 28.6789609))",EPSG:4326
HIST-IN-DL-110054-10-104,IN-DL-110054-10-104,H1,1996-01-01,HISTORICAL,RECONSTRUCTED_LINEAGE,269.66,RETIRED_REDEVELOPMENT reconstructed as y-axis proportional partition of successor IN-DL-110054-10-94 G1 using historical source area. Retired 2016-11-05: Redevelopment consolidation in CELL-10,ACCEPTED,,"POLYGON ((77.2377754 28.6787, 77.2374881 28.6787, 77.2374881 28.678787, 77.2377754 28.678787, 77.2377754 28.6787))",EPSG:4326
HIST-IN-DL-110054-10-105,IN-DL-110054-10-105,H1,1996-01-01,HISTORICAL,RECONSTRUCTED_LINEAGE,269.66,RETIRED_REDEVELOPMENT reconstructed as y-axis proportional partition of successor IN-DL-110054-10-94 G1 using historical source area. Retired 2016-11-05: Redevelopment consolidation in CELL-10,ACCEPTED,,"POLYGON ((77.2377754 28.678787, 77.2374881 28.678787, 77.2374881 28.6788739, 77.2377754 28.6788739, 77.2377754 28.678787))",EPSG:4326
HIST-IN-DL-110054-10-106,IN-DL-110054-10-106,H1,1996-01-01,HISTORICAL,RECONSTRUCTED_LINEAGE,269.66,RETIRED_REDEVELOPMENT reconstructed as y-axis proportional partition of successor IN-DL-110054-10-94 G1 using historical source area. Retired 2016-11-05: Redevelopment consolidation in CELL-10,ACCEPTED,,"POLYGON ((77.2377754 28.6789609, 77.2377754 28.6788739, 77.2374881 28.6788739, 77.2374881 28.6789609, 77.2377754 28.6789609))",EPSG:4326
